trade_id,symbol,side,entry_time,entry_index,entry_price,volume,sl_price,tp_price,r_price,entry_reason,signal_strength,remaining_volume,be_trigger_price,partial_fraction,partial_volume,partial_price,partial_pl,partial_index,partial_time,be_moved,exit_time,exit_index,exit_price,exit_reason,gross_pl,commission,swap,net_pl,pnl_r,mae_price,mfe_price,mae_r,mfe_r,bars_held,duration_s,spread_at_entry,atr_at_entry,band_at_entry,session,day_of_week,hour_utc,is_open
1,BTCUSDm,short,2025-09-24 04:35:00+00:00,1068,112185.44,0.1,112885.44,111185.44,700.0,close_above_upper,0.06955682517203743,0.1,111685.44,0.5,0.0,0.0,0.0,,,False,2025-09-24 06:45:00+00:00,1094,112617.69,signal,-43.225,0.0,0.0,-43.225,-0.6175,-627.6699999999983,107.02000000000407,-0.8966714285714261,0.15288571428572012,26,7800.0,18.0,248.97142857143004,372.02411641994,asian,Wed,4,False
2,BTCUSDm,short,2025-09-24 14:50:00+00:00,1191,113548.35,0.1,114248.35,112548.35,700.0,close_above_upper,0.08039020219302306,0.1,113048.35,0.5,0.0,0.0,0.0,,,False,2025-09-24 15:50:00+00:00,1203,113613.6,signal,-6.525,0.0,0.0,-6.525,-0.09321428571428572,-400.59999999999127,42.25,-0.5722857142857019,0.06035714285714286,12,3600.0,18.0,158.9871428571444,334.000823680764,overlap,Wed,14,False
3,BTCUSDm,long,2025-09-25 01:40:00+00:00,1321,112807.8,0.1,112107.8,113807.8,700.0,close_below_lower,0.08012558718108802,0.1,113307.8,0.5,0.0,0.0,0.0,,,False,2025-09-25 02:35:00+00:00,1332,113126.38,signal,31.858000000000175,0.0,0.0,31.858000000000175,0.4551142857142882,-342.0500000000029,404.95999999999185,-0.4886428571428613,0.5785142857142741,11,3300.0,18.0,195.6385714285716,314.82761396190295,asian,Thu,1,False
4,BTCUSDm,long,2025-09-25 03:30:00+00:00,1343,112402.0,0.1,111702.0,113402.0,700.0,close_below_lower,0.09105705963571212,0.1,112902.0,0.5,0.0,0.0,0.0,,,False,2025-09-25 04:10:00+00:00,1351,112575.09,signal,17.308999999999653,0.0,0.0,17.308999999999653,0.24727142857142362,-172.13000000000466,237.63000000000466,-0.24590000000000664,0.3394714285714352,8,2400.0,18.0,184.73285714285572,330.2227968050803,asian,Thu,3,False
5,BTCUSDm,long,2025-09-25 04:20:00+00:00,1353,111945.33,0.1,111245.33,112945.33,700.0,close_below_lower,0.5810402654896171,0.1,112445.33,0.5,0.0,0.0,0.0,,,False,2025-09-25 05:20:00+00:00,1365,111962.53,signal,1.719999999999709,0.0,0.0,1.719999999999709,0.024571428571424414,-353.00999999999476,57.99000000000524,-0.5042999999999925,0.08284285714286463,12,3600.0,18.0,206.12357142857218,336.0272321059763,asian,Thu,4,False
6,BTCUSDm,long,2025-09-25 13:05:00+00:00,1458,110908.73,0.1,110908.73,111908.73,700.0,close_below_lower,0.3370581494933761,0.05,111408.73,0.5,0.05,111408.73,25.0,1460.0,2025-09-25 13:15:00+00:00,True,2025-09-25 13:20:00+00:00,1461,111524.66,signal,55.79650000000038,0.0,0.0,55.79650000000038,0.7970928571428626,-41.61000000000058,722.2200000000012,-0.05944285714285798,1.0317428571428588,3,900.0,18.0,242.4350000000008,341.6641289651795,overlap,Thu,13,False
7,BTCUSDm,long,2025-09-25 13:45:00+00:00,1466,110751.25,0.1,110751.25,111751.25,700.0,close_below_lower,0.6300520052053239,0.05,111251.25,0.5,0.05,111251.25,25.0,1470.0,2025-09-25 14:05:00+00:00,True,2025-09-25 14:10:00+00:00,1471,111209.56,signal,47.91549999999988,0.0,0.0,47.91549999999988,0.6845071428571412,-80.91999999999825,514.4100000000035,-0.11559999999999751,0.7348714285714336,5,1500.0,18.0,307.06714285714196,347.9946107997358,overlap,Thu,13,False
8,BTCUSDm,short,2025-09-25 14:20:00+00:00,1473,111687.51,0.1,112387.51,110687.51,700.0,close_above_upper,0.30169836948412415,0.1,111187.51,0.5,0.0,0.0,0.0,,,False,2025-09-25 15:10:00+00:00,1483,111342.8,signal,34.47099999999919,0.0,0.0,34.47099999999919,0.4924428571428455,-84.80000000000291,371.25,-0.1211428571428613,0.5303571428571429,10,3000.0,18.0,306.58714285714086,352.8153977670325,overlap,Thu,14,False
9,BTCUSDm,long,2025-09-25 15:25:00+00:00,1486,111003.48,0.1,110303.48,112003.48,700.0,close_below_lower,0.18030967659799735,0.1,111503.48,0.5,0.0,0.0,0.0,,,False,2025-09-25 15:45:00+00:00,1490,111365.11,signal,36.163000000000466,0.0,0.0,36.163000000000466,0.5166142857142924,-98.41999999999825,469.59000000001106,-0.1405999999999975,0.670842857142873,4,1200.0,18.0,223.210714285712,356.4292168424646,overlap,Thu,15,False
10,BTCUSDm,long,2025-09-25 17:10:00+00:00,1507,110744.11,0.1,110044.11,111744.11,700.0,close_below_lower,0.1118330950393826,0.1,111244.11,0.5,0.0,0.0,0.0,,,False,2025-09-25 17:20:00+00:00,1509,110044.11,sl,-70.0,0.0,0.0,-70.0,-1.0,-583.2200000000012,15.25,-0.8331714285714302,0.021785714285714287,2,600.0,18.0,185.17285714285597,372.47262977394723,newyork,Thu,17,False
11,BTCUSDm,long,2025-09-25 17:25:00+00:00,1510,110009.78,0.1,109309.78,111009.78,700.0,close_below_lower,1.145631159230891,0.1,110509.78,0.5,0.0,0.0,0.0,,,False,2025-09-25 17:45:00+00:00,1514,109309.78,sl,-70.0,0.0,0.0,-70.0,-1.0,-603.1999999999971,144.3000000000029,-0.8617142857142815,0.2061428571428613,4,1200.0,18.0,234.58928571428675,386.4311773443711,newyork,Thu,17,False
12,BTCUSDm,long,2025-09-25 17:50:00+00:00,1515,109195.11,0.1,108495.11,110195.11,700.0,close_below_lower,1.4280662685449637,0.1,109695.11,0.5,0.0,0.0,0.0,,,False,2025-09-25 18:25:00+00:00,1522,109640.11,signal,44.5,0.0,0.0,44.5,0.6357142857142857,-550.4799999999959,493.5,-0.7863999999999942,0.705,7,2100.0,18.0,274.39642857142877,410.4339601561867,newyork,Thu,17,False
13,BTCUSDm,long,2025-09-26 14:35:00+00:00,1764,108922.11,0.1,108222.11,109922.11,700.0,close_below_lower,0.021653533101867375,0.1,109422.11,0.5,0.0,0.0,0.0,,,False,2025-09-26 15:20:00+00:00,1773,109197.88,signal,27.57700000000041,0.0,0.0,27.57700000000041,0.3939571428571487,-128.88999999999942,328.1900000000023,-0.1841285714285706,0.46884285714286045,9,2700.0,18.0,277.72285714286096,475.7162946861714,overlap,Fri,14,False
14,BTCUSDm,long,2025-09-26 19:35:00+00:00,1824,109104.51,0.1,108404.51,110104.51,700.0,close_below_lower,0.1824592033579014,0.1,109604.51,0.5,0.0,0.0,0.0,,,False,2025-09-26 20:15:00+00:00,1832,109363.99,signal,25.94800000000105,0.0,0.0,25.94800000000105,0.3706857142857293,-32.26999999998952,273.4600000000064,-0.046099999999985035,0.39065714285715203,8,2400.0,18.0,187.3564285714279,508.8712104779095,newyork,Fri,19,False
15,BTCUSDm,short,2025-09-28 13:40:00+00:00,2329,109606.32,0.1,110306.32,108606.32,700.0,close_above_upper,0.04767953132403188,0.1,109106.32,0.5,0.0,0.0,0.0,,,False,2025-09-28 16:05:00+00:00,2358,110324.32,sl,-71.8,0.0,0.0,-71.8,-1.0257142857142856,-613.2199999999866,66.22000000000116,-0.8760285714285523,0.09460000000000167,29,8700.0,18.0,82.89571428571278,139.8722813482538,overlap,Sun,13,False
16,BTCUSDm,short,2025-09-28 16:10:00+00:00,2359,110230.17,0.1,110930.17,109230.17,700.0,close_above_upper,0.7661538831041308,0.1,109730.17,0.5,0.0,0.0,0.0,,,False,2025-09-28 16:40:00+00:00,2365,110083.06,signal,14.711000000000059,0.0,0.0,14.711000000000059,0.2101571428571437,-81.58000000000175,210.8000000000029,-0.11654285714285964,0.3011428571428613,6,1800.0,18.0,107.70071428571204,145.6341661064627,newyork,Sun,16,False
17,BTCUSDm,short,2025-09-28 20:25:00+00:00,2410,110637.41,0.1,111337.41,109637.41,700.0,close_above_upper,0.5843079474210804,0.1,110137.41,0.5,0.0,0.0,0.0,,,False,2025-09-28 21:20:00+00:00,2421,110804.42,signal,-16.70099999999948,0.0,0.0,-16.70099999999948,-0.23858571428570682,-341.4400000000023,28.90000000000873,-0.4877714285714319,0.041285714285726756,11,3300.0,18.0,83.08642857142799,150.76606544792588,newyork,Sun,20,False
18,BTCUSDm,short,2025-09-28 22:10:00+00:00,2431,111470.5,0.1,112170.5,110470.5,700.0,close_above_upper,2.689371602623282,0.1,110970.5,0.5,0.0,0.0,0.0,,,False,2025-09-28 23:00:00+00:00,2441,112188.5,sl,-71.8,0.0,0.0,-71.8,-1.0257142857142856,-595.4900000000052,97.16999999999825,-0.8507000000000075,0.13881428571428323,10,3000.0,18.0,109.89428571428809,165.04993546579263,rollover,Sun,22,False
19,BTCUSDm,short,2025-09-28 23:05:00+00:00,2442,112161.18,0.1,112861.18,111161.18,700.0,close_above_upper,1.3009240717121704,0.1,111661.18,0.5,0.0,0.0,0.0,,,False,2025-09-29 00:15:00+00:00,2456,112162.77,signal,-0.15900000000110595,0.0,0.0,-0.15900000000110595,-0.002271428571444371,-228.57000000000698,166.41999999999825,-0.3265285714285814,0.23774285714285465,14,4200.0,18.0,204.81071428571678,197.22417460228812,rollover,Sun,23,False
20,BTCUSDm,long,2025-09-29 01:50:00+00:00,2475,111909.38,0.1,111209.38,112909.38,700.0,close_below_lower,0.27357633278832155,0.1,112409.38,0.5,0.0,0.0,0.0,,,False,2025-09-29 02:25:00+00:00,2482,111984.47,signal,7.508999999999651,0.0,0.0,7.508999999999651,0.10727142857142359,-165.2100000000064,109.34999999999127,-0.23601428571429486,0.15621428571427323,7,2100.0,18.0,132.71142857143008,210.51595226689778,asian,Mon,1,False
21,BTCUSDm,short,2025-09-29 08:05:00+00:00,2550,112032.6,0.1,112732.6,111032.6,700.0,close_above_upper,0.15918470583742853,0.1,111532.6,0.5,0.0,0.0,0.0,,,False,2025-09-29 09:15:00+00:00,2564,112078.27,signal,-4.566999999999825,0.0,0.0,-4.566999999999825,-0.06524285714285465,-438.4399999999878,63.80000000000291,-0.6263428571428397,0.0911428571428613,14,4200.0,18.0,99.86928571428454,225.05761800455068,london,Mon,8,False
22,BTCUSDm,short,2025-09-29 12:30:00+00:00,2603,112411.06,0.1,113111.06,111411.06,700.0,close_above_upper,0.00502084134003851,0.1,111911.06,0.5,0.0,0.0,0.0,,,False,2025-09-29 12:40:00+00:00,2605,112216.71,signal,19.43499999999913,0.0,0.0,19.43499999999913,0.2776428571428447,-171.32000000000698,241.1600000000035,-0.24474285714286712,0.3445142857142907,2,600.0,18.0,101.5535714285704,241.2842384317604,overlap,Mon,12,False
23,BTCUSDm,short,2025-09-29 13:40:00+00:00,2617,112448.1,0.1,113148.1,111448.1,700.0,close_above_upper,0.040859967535086666,0.1,111948.1,0.5,0.0,0.0,0.0,,,False,2025-09-29 13:45:00+00:00,2618,113321.42,sl,-87.33199999999925,0.0,0.0,-87.33199999999925,-1.2475999999999894,-891.9499999999971,55.38000000000466,-1.2742142857142815,0.07911428571429237,1,300.0,18.0,183.34214285714344,247.67459358772572,overlap,Mon,13,False
24,BTCUSDm,short,2025-09-29 13:50:00+00:00,2619,113378.52,0.1,114078.52,112378.52,700.0,close_above_upper,2.7144154022850016,0.1,112878.52,0.5,0.0,0.0,0.0,,,False,2025-09-29 14:40:00+00:00,2629,114096.52,sl,-71.8,0.0,0.0,-71.8,-1.0257142857142856,-622.3399999999965,263.58000000000175,-0.8890571428571379,0.3765428571428596,10,3000.0,18.0,239.22785714285732,259.3359527831978,overlap,Mon,13,False
25,BTCUSDm,short,2025-09-29 14:45:00+00:00,2630,114145.51,0.1,114845.51,113145.51,700.0,close_above_upper,0.9046102355404962,0.1,113645.51,0.5,0.0,0.0,0.0,,,False,2025-09-29 15:25:00+00:00,2638,113946.79,signal,19.872000000000117,0.0,0.0,19.872000000000117,0.28388571428571596,-171.68000000000757,252.33000000000175,-0.24525714285715366,0.36047142857143105,8,2400.0,18.0,341.6864285714286,301.62951099910214,overlap,Mon,14,False
26,BTCUSDm,short,2025-09-30 00:55:00+00:00,2752,114732.3,0.1,115432.3,113732.3,700.0,close_above_upper,0.01378942505834178,0.1,114232.3,0.5,0.0,0.0,0.0,,,False,2025-09-30 01:35:00+00:00,2760,114587.08,signal,14.522000000000117,0.0,0.0,14.522000000000117,0.20745714285714453,-134.47000000000116,330.29000000000815,-0.19210000000000166,0.4718428571428688,8,2400.0,18.0,155.5550000000003,338.43958349540094,asian,Tue,0,False
27,BTCUSDm,short,2025-09-30 19:05:00+00:00,2970,113900.63,0.1,114600.63,112900.63,700.0,close_above_upper,0.09177961700641177,0.1,113400.63,0.5,0.0,0.0,0.0,,,False,2025-09-30 20:50:00+00:00,2991,114618.63,sl,-71.8,0.0,0.0,-71.8,-1.0257142857142856,-697.3999999999942,184.5500000000029,-0.996285714285706,0.2636428571428613,21,6300.0,18.0,137.34571428571508,343.89110739673026,newyork,Tue,19,False
28,BTCUSDm,short,2025-09-30 20:55:00+00:00,2992,114716.31,0.1,115416.31,113716.31,700.0,close_above_upper,0.002419743671372654,0.1,114216.31,0.5,0.0,0.0,0.0,,,False,2025-09-30 21:15:00+00:00,2996,114415.45,signal,30.08600000000006,0.0,0.0,30.08600000000006,0.42980000000000085,-78.76000000000931,329.1499999999942,-0.11251428571429901,0.4702142857142774,4,1200.0,18.0,185.93571428571053,355.3424208876148,newyork,Tue,20,False
29,BTCUSDm,short,2025-10-01 08:30:00+00:00,3119,115112.47,0.1,115812.47,114112.47,700.0,close_above_upper,0.30723654572345993,0.1,114612.47,0.5,0.0,0.0,0.0,,,False,2025-10-01 08:45:00+00:00,3122,115830.47,sl,-71.8,0.0,0.0,-71.8,-1.0257142857142856,-623.75,0.0,-0.8910714285714286,0.0,3,900.0,18.0,150.20214285714403,371.2054052034506,london,Wed,8,False
30,BTCUSDm,short,2025-10-01 08:50:00+00:00,3123,116250.97,0.1,116950.97,115250.97,700.0,close_above_upper,2.2954389103311112,0.1,115750.97,0.5,0.0,0.0,0.0,,,False,2025-10-01 10:15:00+00:00,3140,116317.55,signal,-6.658000000000175,0.0,0.0,-6.658000000000175,-0.09511428571428822,-407.1999999999971,275.8899999999994,-0.5817142857142815,0.3941285714285706,17,5100.0,18.0,239.11071428571555,372.6344297108782,london,Wed,8,False
31,BTCUSDm,short,2025-10-01 14:05:00+00:00,3186,117279.58,0.1,117979.58,116279.58,700.0,close_above_upper,0.522834812194938,0.1,116779.58,0.5,0.0,0.0,0.0,,,False,2025-10-01 14:50:00+00:00,3195,117148.85,signal,13.072999999999594,0.0,0.0,13.072999999999594,0.18675714285713704,-231.91999999999825,347.4499999999971,-0.33131428571428323,0.4963571428571387,9,2700.0,18.0,183.09142857142848,388.0735076221294,overlap,Wed,14,False
32,BTCUSDm,long,2025-10-01 17:50:00+00:00,3231,117085.24,0.1,116385.24,118085.24,700.0,close_below_lower,0.03123874932421808,0.1,117585.24,0.5,0.0,0.0,0.0,,,False,2025-10-01 18:35:00+00:00,3240,117197.9,signal,11.265999999998895,0.0,0.0,11.265999999998895,0.16094285714284137,-308.90000000000873,136.33000000000175,-0.44128571428572677,0.19475714285714535,9,2700.0,18.0,205.86357142857327,419.40429242161605,newyork,Wed,17,False
33,BTCUSDm,short,2025-10-01 23:20:00+00:00,3297,118418.15,0.1,119118.15,117418.15,700.0,close_above_upper,0.16906880636680793,0.1,117918.15,0.5,0.0,0.0,0.0,,,False,2025-10-02 00:00:00+00:00,3305,119136.15,sl,-71.8,0.0,0.0,-71.8,-1.0257142857142856,-308.63000000000466,290.66999999999825,-0.4409000000000067,0.41524285714285464,8,2400.0,18.0,153.49428571428663,443.87566994010564,rollover,Wed,23,False
34,BTCUSDm,short,2025-10-02 00:05:00+00:00,3306,119124.71,0.1,119124.71,118124.71,700.0,close_above_upper,0.6778186766369821,0.05,118624.71,0.5,0.05,118642.71,24.1,3313.0,2025-10-02 00:40:00+00:00,True,2025-10-02 00:45:00+00:00,3314,118664.66,signal,47.10250000000015,0.0,0.0,47.10250000000015,0.6728928571428593,-431.1499999999942,581.1500000000087,-0.6159285714285632,0.8302142857142982,8,2400.0,18.0,238.08571428571824,457.2829757574274,asian,Thu,0,False
35,BTCUSDm,long,2025-10-02 14:45:00+00:00,3482,119108.05,0.1,118408.05,120108.05,700.0,close_below_lower,0.05292456787464323,0.1,119608.05,0.5,0.0,0.0,0.0,,,False,2025-10-02 15:15:00+00:00,3488,119257.86,signal,14.980999999999767,0.0,0.0,14.980999999999767,0.21401428571428238,-529.6999999999971,233.75999999999476,-0.7567142857142816,0.33394285714284966,6,1800.0,18.0,277.124999999999,435.8008316600125,overlap,Thu,14,False
36,BTCUSDm,short,2025-10-02 15:55:00+00:00,3496,119920.33,0.1,120620.33,118920.33,700.0,close_above_upper,0.09577609945481977,0.1,119420.33,0.5,0.0,0.0,0.0,,,False,2025-10-02 16:40:00+00:00,3505,119934.62,signal,-1.42899999999936,0.0,0.0,-1.42899999999936,-0.02041428571427657,-490.49000000000524,158.83000000000175,-0.7007000000000075,0.2269000000000025,9,2700.0,18.0,275.7821428571427,448.8028717240138,overlap,Thu,15,False
37,BTCUSDm,short,2025-10-02 19:10:00+00:00,3535,120945.35,0.1,121645.35,119945.35,700.0,close_above_upper,0.25015856879135245,0.1,120445.35,0.5,0.0,0.0,0.0,,,False,2025-10-02 19:55:00+00:00,3544,120736.51,signal,20.88400000000111,0.0,0.0,20.88400000000111,0.298342857142873,-176.86999999999534,240.69000000000233,-0.25267142857142194,0.34384285714286045,9,2700.0,18.0,227.44428571428475,477.5285954345819,newyork,Thu,19,False
38,BTCUSDm,short,2025-10-03 14:55:00+00:00,3772,121057.12,0.1,121757.12,120057.12,700.0,close_above_upper,0.15395081990176168,0.1,120557.12,0.5,0.0,0.0,0.0,,,False,2025-10-03 15:30:00+00:00,3779,121775.12,sl,-71.8,0.0,0.0,-71.8,-1.0257142857142856,-560.2799999999988,327.15999999998894,-0.8003999999999983,0.4673714285714128,7,2100.0,18.0,262.855714285715,407.0557344112343,overlap,Fri,14,False
39,BTCUSDm,short,2025-10-03 15:35:00+00:00,3780,121862.41,0.1,122562.41,120862.41,700.0,close_above_upper,0.867622298608497,0.1,121362.41,0.5,0.0,0.0,0.0,,,False,2025-10-03 16:00:00+00:00,3785,122580.41,sl,-71.8,0.0,0.0,-71.8,-1.0257142857142856,-642.0599999999977,154.60000000000582,-0.9172285714285681,0.22085714285715116,5,1500.0,18.0,275.3085714285688,424.5934696162309,overlap,Fri,15,False
40,BTCUSDm,short,2025-10-03 16:05:00+00:00,3786,122842.03,0.1,123542.03,121842.03,700.0,close_above_upper,1.5236261857058397,0.1,122342.03,0.5,0.0,0.0,0.0,,,False,2025-10-03 16:20:00+00:00,3789,123560.03,sl,-71.8,0.0,0.0,-71.8,-1.0257142857142856,-573.9400000000023,184.97000000000116,-0.819914285714289,0.26424285714285883,3,900.0,18.0,322.40714285714057,442.8367468298451,newyork,Fri,16,False
41,BTCUSDm,short,2025-10-03 16:25:00+00:00,3790,123508.34,0.1,123508.34,122508.34,700.0,close_above_upper,1.4393668786986686,0.05,123008.34,0.5,0.05,123026.34,24.1,3795.0,2025-10-03 16:50:00+00:00,True,2025-10-03 16:55:00+00:00,3796,122970.8,signal,50.976999999999684,0.0,0.0,50.976999999999684,0.7282428571428526,-493.75,576.8600000000006,-0.7053571428571429,0.8240857142857151,6,1800.0,18.0,397.6999999999981,466.5903244165382,newyork,Fri,16,False
42,BTCUSDm,long,2025-10-03 17:05:00+00:00,3798,122222.56,0.1,122222.56,123222.56,700.0,close_below_lower,0.764994199727472,0.05,122722.56,0.5,0.05,122809.45,29.34449999999997,3799.0,2025-10-03 17:10:00+00:00,True,2025-10-03 17:40:00+00:00,3805,122996.11,signal,68.02200000000012,0.0,0.0,68.02200000000012,0.9717428571428588,-386.77999999999884,983.4499999999971,-0.5525428571428554,1.4049285714285673,7,2100.0,18.0,486.6242857142861,492.348783595733,newyork,Fri,17,False
43,BTCUSDm,long,2025-10-03 17:50:00+00:00,3807,122282.98,0.1,121582.98,123282.98,700.0,close_below_lower,0.042809314072983884,0.1,122782.98,0.5,0.0,0.0,0.0,,,False,2025-10-03 18:05:00+00:00,3810,121582.98,sl,-70.0,0.0,0.0,-70.0,-1.0,-621.8799999999901,73.07000000000698,-0.8883999999999859,0.10438571428572427,3,900.0,18.0,526.586428571429,485.30887240538004,newyork,Fri,17,False
44,BTCUSDm,short,2025-10-05 02:30:00+00:00,4199,122923.66,0.1,123623.66,121923.66,700.0,close_above_upper,0.0960465939830188,0.1,122423.66,0.5,0.0,0.0,0.0,,,False,2025-10-05 02:35:00+00:00,4200,124202.59,sl,-127.8929999999993,0.0,0.0,-127.8929999999993,-1.8270428571428472,-1364.3199999999924,53.36000000000058,-1.9490285714285607,0.07622857142857226,1,300.0,18.0,93.59642857142795,412.72031924081887,asian,Sun,2,False
45,BTCUSDm,short,2025-10-05 02:40:00+00:00,4201,123875.95,0.1,124575.95,122875.95,700.0,close_above_upper,1.6167508172572782,0.1,123375.95,0.5,0.0,0.0,0.0,,,False,2025-10-05 03:20:00+00:00,4209,123552.99,signal,32.29599999999919,0.0,0.0,32.29599999999919,0.461371428571417,-319.5599999999977,495.2899999999936,-0.4565142857142824,0.7075571428571337,8,2400.0,18.0,219.10500000000008,425.57390892253756,asian,Sun,2,False
46,BTCUSDm,short,2025-10-05 04:50:00+00:00,4227,125301.42,0.1,126001.42,124301.42,700.0,close_above_upper,1.4690487543657367,0.1,124801.42,0.5,0.0,0.0,0.0,,,False,2025-10-05 05:55:00+00:00,4240,125043.29,signal,25.813000000000468,0.0,0.0,25.813000000000468,0.36875714285714956,-380.7299999999959,406.8000000000029,-0.5438999999999942,0.5811428571428613,13,3900.0,18.0,282.0799999999986,452.88701732682625,asian,Sun,4,False
47,BTCUSDm,long,2025-10-05 09:30:00+00:00,4283,124045.71,0.1,123345.71,125045.71,700.0,close_below_lower,0.14658820498982095,0.1,124545.71,0.5,0.0,0.0,0.0,,,False,2025-10-05 09:35:00+00:00,4284,123345.71,sl,-70.0,0.0,0.0,-70.0,-1.0,-902.1399999999994,5.509999999994761,-1.2887714285714278,0.007871428571421087,1,300.0,18.0,172.2092857142873,455.7715530257236,london,Sun,9,False
48,BTCUSDm,long,2025-10-05 09:40:00+00:00,4285,123352.97,0.1,122652.97,124352.97,700.0,close_below_lower,1.1652094270073068,0.1,123852.97,0.5,0.0,0.0,0.0,,,False,2025-10-05 10:00:00+00:00,4289,122652.97,sl,-70.0,0.0,0.0,-70.0,-1.0,-580.9300000000076,0.0,-0.8299000000000109,0.0,4,1200.0,18.0,252.47928571428616,457.8600404414191,london,Sun,9,False
49,BTCUSDm,long,2025-10-05 10:05:00+00:00,4290,122711.52,0.1,122011.52,123711.52,700.0,close_below_lower,1.1531501519797995,0.1,123211.52,0.5,0.0,0.0,0.0,,,False,2025-10-05 10:50:00+00:00,4299,123071.92,signal,36.03999999999942,0.0,0.0,36.03999999999942,0.5148571428571346,-189.15000000000873,447.3999999999942,-0.2702142857142982,0.6391428571428488,9,2700.0,18.0,352.2450000000016,452.17695364065116,london,Sun,10,False
50,BTCUSDm,short,2025-10-05 22:25:00+00:00,4438,123281.67,0.1,123981.67,122281.67,700.0,close_above_upper,0.003059240770220681,0.1,122781.67,0.5,0.0,0.0,0.0,,,False,2025-10-06 00:05:00+00:00,4458,123447.94,signal,-16.627000000000407,0.0,0.0,-16.627000000000407,-0.23752857142857725,-282.38000000000466,211.13999999999942,-0.40340000000000664,0.3016285714285706,20,6000.0,18.0,135.4728571428568,398.5505849873797,rollover,Sun,22,False
51,BTCUSDm,short,2025-10-06 00:20:00+00:00,4461,124387.97,0.1,124387.97,123387.97,700.0,close_above_upper,0.991220351677104,0.05,123887.97,0.5,0.05,123905.97,24.1,4462.0,2025-10-06 00:25:00+00:00,True,2025-10-06 00:40:00+00:00,4465,123588.65,signal,64.06600000000034,0.0,0.0,64.06600000000034,0.9152285714285764,-37.36999999999534,895.2100000000064,-0.05338571428570763,1.2788714285714378,4,1200.0,18.0,158.00285714285772,410.65976777241974,asian,Mon,0,False
52,BTCUSDm,long,2025-10-06 00:55:00+00:00,4468,123231.16,0.1,122531.16,124231.16,700.0,close_below_lower,0.03122191404849176,0.1,123731.16,0.5,0.0,0.0,0.0,,,False,2025-10-06 01:20:00+00:00,4473,123583.84,signal,35.267999999999304,0.0,0.0,35.267999999999304,0.5038285714285615,-126.16000000000349,449.9499999999971,-0.18022857142857643,0.6427857142857101,5,1500.0,18.0,309.4257142857147,415.97371957506437,asian,Mon,0,False
53,BTCUSDm,short,2025-10-06 14:10:00+00:00,4627,125347.92,0.1,125347.92,124347.92,700.0,close_above_upper,0.07181974057372524,0.05,124847.92,0.5,0.05,124865.92,24.1,4629.0,2025-10-06 14:20:00+00:00,True,2025-10-06 14:25:00+00:00,4630,124738.29,signal,54.58150000000023,0.0,0.0,54.58150000000023,0.7797357142857176,-54.94000000000233,675.8300000000017,-0.07848571428571761,0.9654714285714311,3,900.0,18.0,298.3207142857136,466.0585255080025,overlap,Mon,14,False
54,BTCUSDm,short,2025-10-06 18:55:00+00:00,4684,125995.78,0.1,125995.78,124995.78,700.0,close_above_upper,0.025312061492168084,0.05,125495.78,0.5,0.05,125513.78,24.1,4688.0,2025-10-06 19:15:00+00:00,True,2025-10-06 19:20:00+00:00,4689,125667.07,signal,40.535499999999594,0.0,0.0,40.535499999999594,0.5790785714285657,-307.8099999999977,508.4400000000023,-0.4397285714285681,0.7263428571428605,5,1500.0,18.0,188.70357142857185,499.92805149157755,newyork,Mon,18,False
55,BTCUSDm,long,2025-10-07 06:30:00+00:00,4823,123977.61,0.1,123277.61,124977.61,700.0,close_below_lower,0.07746499341506037,0.1,124477.61,0.5,0.0,0.0,0.0,,,False,2025-10-07 08:30:00+00:00,4847,123737.51,signal,-24.010000000000584,0.0,0.0,-24.010000000000584,-0.34300000000000835,-594.1399999999994,149.47000000000116,-0.8487714285714277,0.2135285714285731,24,7200.0,18.0,139.84142857143368,394.8216057807843,asian,Tue,6,False
56,BTCUSDm,long,2025-10-07 13:45:00+00:00,4910,123900.8,0.1,123200.8,124900.8,700.0,close_below_lower,0.9310501433240865,0.1,124400.8,0.5,0.0,0.0,0.0,,,False,2025-10-07 14:05:00+00:00,4914,123200.8,sl,-70.0,0.0,0.0,-70.0,-1.0,-456.77999999999884,199.9100000000035,-0.6525428571428554,0.28558571428571927,4,1200.0,18.0,257.77928571428595,418.82259629883055,overlap,Tue,13,False
57,BTCUSDm,long,2025-10-07 14:10:00+00:00,4915,123193.6,0.1,122493.6,124193.6,700.0,close_below_lower,1.2251489031685474,0.1,123693.6,0.5,0.0,0.0,0.0,,,False,2025-10-07 15:05:00+00:00,4926,122493.6,sl,-70.0,0.0,0.0,-70.0,-1.0,-548.0900000000111,229.5,-0.78298571428573,0.32785714285714285,11,3300.0,18.0,352.9771428571424,440.88383439400206,overlap,Tue,14,False
58,BTCUSDm,long,2025-10-07 15:10:00+00:00,4927,121899.68,0.1,121899.68,122899.68,700.0,close_below_lower,1.1957388289368476,0.05,122399.68,0.5,0.05,122399.68,25.0,4928.0,2025-10-07 15:15:00+00:00,True,2025-10-07 15:35:00+00:00,4932,121899.68,be_stop,25.0,0.0,0.0,25.0,0.35714285714285715,-106.05999999999767,581.2600000000093,-0.15151428571428238,0.8303714285714419,5,1500.0,18.0,389.78428571428645,475.59448066081603,overlap,Tue,15,False
59,BTCUSDm,long,2025-10-07 15:40:00+00:00,4933,121633.7,0.1,120933.7,122633.7,700.0,close_below_lower,0.5981511231954383,0.1,122133.7,0.5,0.0,0.0,0.0,,,False,2025-10-07 16:25:00+00:00,4942,120933.7,sl,-70.0,0.0,0.0,-70.0,-1.0,-651.0299999999988,368.6100000000006,-0.9300428571428555,0.5265857142857151,9,2700.0,18.0,386.3928571428561,493.23802710765705,overlap,Tue,15,False
60,BTCUSDm,short,2025-10-07 19:10:00+00:00,4975,121585.71,0.1,122285.71,120585.71,700.0,close_above_upper,0.03017134937581452,0.1,121085.71,0.5,0.0,0.0,0.0,,,False,2025-10-07 21:00:00+00:00,4997,122036.72,signal,-45.10099999999948,0.0,0.0,-45.10099999999948,-0.6442999999999925,-675.8799999999901,307.59000000001106,-0.965542857142843,0.4394142857143015,22,6600.0,18.0,265.2849999999983,510.67683380065256,newyork,Tue,19,False
61,BTCUSDm,short,2025-10-08 08:35:00+00:00,5136,122418.79,0.1,123118.79,121418.79,700.0,close_above_upper,0.1752680127975167,0.1,121918.79,0.5,0.0,0.0,0.0,,,False,2025-10-08 09:35:00+00:00,5148,122495.22,signal,-7.643000000000757,0.0,0.0,-7.643000000000757,-0.1091857142857251,-488.3500000000058,51.939999999987776,-0.6976428571428654,0.07419999999998254,12,3600.0,18.0,215.23285714285572,543.0229838374469,london,Wed,8,False
62,BTCUSDm,long,2025-10-08 13:45:00+00:00,5198,121961.02,0.1,121961.02,122961.02,700.0,close_below_lower,0.15252031005321476,0.05,122461.02,0.5,0.05,122461.02,25.0,5200.0,2025-10-08 13:55:00+00:00,True,2025-10-08 14:00:00+00:00,5201,122621.07,signal,58.00250000000015,0.0,0.0,58.00250000000015,0.828607142857145,-269.2600000000093,743.929999999993,-0.3846571428571562,1.062757142857133,3,900.0,18.0,227.182857142857,539.6741542719727,overlap,Wed,13,False
63,BTCUSDm,short,2025-10-08 14:05:00+00:00,5202,123106.83,0.1,123106.83,122106.83,700.0,close_above_upper,0.05363842860123694,0.05,122606.83,0.5,0.05,122624.83,24.1,5206.0,2025-10-08 14:25:00+00:00,True,2025-10-08 14:30:00+00:00,5207,122656.55,signal,46.61399999999995,0.0,0.0,46.61399999999995,0.665914285714285,-105.69999999999709,651.5200000000041,-0.15099999999999583,0.930742857142863,5,1500.0,18.0,338.95571428571463,542.7933602828709,overlap,Wed,14,False
64,BTCUSDm,short,2025-10-08 17:15:00+00:00,5240,123700.18,0.1,124400.18,122700.18,700.0,close_above_upper,0.37215184304291427,0.1,123200.18,0.5,0.0,0.0,0.0,,,False,2025-10-08 18:20:00+00:00,5253,123839.47,signal,-13.929000000000816,0.0,0.0,-13.929000000000816,-0.19898571428572595,-546.0600000000122,181.52999999999884,-0.7800857142857317,0.25932857142856974,13,3900.0,18.0,227.62142857142524,560.4439425918761,newyork,Wed,17,False
65,BTCUSDm,long,2025-10-09 08:30:00+00:00,5423,121250.41,0.1,120550.41,122250.41,700.0,close_below_lower,0.0453562794498945,0.1,121750.41,0.5,0.0,0.0,0.0,,,False,2025-10-09 09:05:00+00:00,5430,121533.5,signal,28.308999999999653,0.0,0.0,28.308999999999653,0.40441428571428073,-91.88999999999942,400.8799999999901,-0.13127142857142773,0.5726857142857001,7,2100.0,18.0,160.11714285714282,541.3775406725996,london,Thu,8,False
66,BTCUSDm,short,2025-10-09 11:25:00+00:00,5458,122740.55,0.1,123440.55,121740.55,700.0,close_above_upper,0.005941132380902095,0.1,122240.55,0.5,0.0,0.0,0.0,,,False,2025-10-09 12:35:00+00:00,5472,123458.55,sl,-71.8,0.0,0.0,-71.8,-1.0257142857142856,-443.9799999999959,120.66999999999825,-0.6342571428571371,0.17238571428571178,14,4200.0,18.0,174.816428571426,509.3905211417966,london,Thu,11,False
67,BTCUSDm,long,2025-10-09 13:45:00+00:00,5486,122825.53,0.1,122125.53,123825.53,700.0,close_below_lower,0.0024146940327515257,0.1,123325.53,0.5,0.0,0.0,0.0,,,False,2025-10-09 14:00:00+00:00,5489,122125.53,sl,-70.0,0.0,0.0,-70.0,-1.0,-511.1399999999994,312.3899999999994,-0.7301999999999992,0.44627142857142776,3,900.0,18.0,290.9121428571411,509.16635539185927,overlap,Thu,13,False
68,BTCUSDm,long,2025-10-09 14:05:00+00:00,5490,122237.65,0.1,121537.65,123237.65,700.0,close_below_lower,0.6235922343237975,0.1,122737.65,0.5,0.0,0.0,0.0,,,False,2025-10-09 14:30:00+00:00,5495,121537.65,sl,-70.0,0.0,0.0,-70.0,-1.0,-674.7299999999959,404.2700000000041,-0.9638999999999942,0.5775285714285773,5,1500.0,18.0,315.78142857142876,513.0040511076318,overlap,Thu,14,False
69,BTCUSDm,long,2025-10-09 14:35:00+00:00,5496,121557.09,0.1,120857.09,122557.09,700.0,close_below_lower,0.6441144639666795,0.1,122057.09,0.5,0.0,0.0,0.0,,,False,2025-10-09 14:45:00+00:00,5498,120857.09,sl,-70.0,0.0,0.0,-70.0,-1.0,-275.09999999999127,319.58000000000175,-0.3929999999999875,0.45654285714285964,2,600.0,18.0,428.1485714285726,530.0971073881366,overlap,Thu,14,False
70,BTCUSDm,long,2025-10-09 14:50:00+00:00,5499,121125.65,0.1,121125.65,122125.65,700.0,close_below_lower,0.6605749643508995,0.05,121625.65,0.5,0.05,121625.65,25.0,5501.0,2025-10-09 15:00:00+00:00,True,2025-10-09 15:20:00+00:00,5505,121125.65,be_stop,25.0,0.0,0.0,25.0,0.35714285714285715,-85.27999999999884,655.8400000000111,-0.12182857142856976,0.9369142857143015,6,1800.0,18.0,487.91000000000037,543.6101375275747,overlap,Thu,14,False
71,BTCUSDm,long,2025-10-09 16:55:00+00:00,5524,120377.85,0.1,119677.85,121377.85,700.0,close_below_lower,0.2628892010184638,0.1,120877.85,0.5,0.0,0.0,0.0,,,False,2025-10-09 17:40:00+00:00,5533,120558.56,signal,18.070999999999184,0.0,0.0,18.070999999999184,0.2581571428571312,-668.7100000000064,281.929999999993,-0.9553000000000091,0.4027571428571329,9,2700.0,18.0,297.26857142857,568.5750893128481,newyork,Thu,16,False
72,BTCUSDm,short,2025-10-10 13:40:00+00:00,5773,122470.1,0.1,122470.1,121470.1,700.0,close_above_upper,0.18154346230008922,0.05,121970.1,0.5,0.05,121988.1,24.1,5774.0,2025-10-10 13:45:00+00:00,True,2025-10-10 13:50:00+00:00,5775,121849.91,signal,55.10950000000012,0.0,0.0,55.10950000000012,0.7872785714285732,-92.77999999999884,696.7100000000064,-0.1325428571428555,0.9953000000000092,2,600.0,18.0,200.91357142857098,504.4742129674486,overlap,Fri,13,False
73,BTCUSDm,long,2025-10-10 14:20:00+00:00,5781,121312.46,0.1,120612.46,122312.46,700.0,close_below_lower,0.05197024441535334,0.1,121812.46,0.5,0.0,0.0,0.0,,,False,2025-10-10 14:55:00+00:00,5788,120612.46,sl,-70.0,0.0,0.0,-70.0,-1.0,-145.02000000000407,194.89999999999418,-0.2071714285714344,0.2784285714285631,7,2100.0,18.0,353.885000000001,511.8910666836601,overlap,Fri,14,False
74,BTCUSDm,long,2025-10-10 15:00:00+00:00,5789,120543.48,0.1,119843.48,121543.48,700.0,close_below_lower,0.7201022294655681,0.1,121043.48,0.5,0.0,0.0,0.0,,,False,2025-10-10 15:20:00+00:00,5793,119843.48,sl,-70.0,0.0,0.0,-70.0,-1.0,-667.3399999999965,127.94999999999709,-0.9533428571428522,0.18278571428571014,4,1200.0,18.0,346.2350000000006,518.0535829508026,overlap,Fri,15,False
75,BTCUSDm,long,2025-10-10 15:25:00+00:00,5794,119421.38,0.1,118721.38,120421.38,700.0,close_below_lower,1.4145234148199939,0.1,119921.38,0.5,0.0,0.0,0.0,,,False,2025-10-10 15:30:00+00:00,5795,118721.38,sl,-70.0,0.0,0.0,-70.0,-1.0,-162.25,346.9799999999959,-0.2317857142857143,0.49568571428570846,1,300.0,18.0,428.75214285714173,546.1720581540588,overlap,Fri,15,False
76,BTCUSDm,long,2025-10-10 15:35:00+00:00,5796,118707.88,0.1,118707.88,119707.88,700.0,close_below_lower,1.9032982267876248,0.05,119207.88,0.5,0.05,119242.41,26.726499999999945,5797.0,2025-10-10 15:40:00+00:00,True,2025-10-10 16:00:00+00:00,5801,118707.88,be_stop,26.726499999999945,0.0,0.0,26.726499999999945,0.38180714285714207,-31.79000000000815,913.4400000000023,-0.045414285714297356,1.304914285714289,5,1500.0,18.0,458.8435714285692,563.3719720288553,overlap,Fri,15,False
77,BTCUSDm,long,2025-10-10 16:05:00+00:00,5802,118869.68,0.1,118869.68,119869.68,700.0,close_below_lower,0.21564862519666456,0.05,119369.68,0.5,0.05,119369.68,25.0,5807.0,2025-10-10 16:30:00+00:00,True,2025-10-10 16:35:00+00:00,5808,119343.33,signal,48.68250000000044,0.0,0.0,48.68250000000044,0.695464285714292,-272.3099999999977,625.9800000000105,-0.38901428571428237,0.8942571428571578,6,1800.0,18.0,596.5742857142842,583.8940052489411,newyork,Fri,16,False
78,BTCUSDm,long,2025-10-10 17:00:00+00:00,5813,118250.03,0.1,117550.03,119250.03,700.0,close_below_lower,0.1928728330106873,0.1,118750.03,0.5,0.0,0.0,0.0,,,False,2025-10-10 18:00:00+00:00,5825,117550.03,sl,-70.0,0.0,0.0,-70.0,-1.0,-671.7799999999988,214.13000000000466,-0.9596857142857126,0.30590000000000667,12,3600.0,18.0,375.5507142857147,601.6471723710109,newyork,Fri,17,False
79,BTCUSDm,long,2025-10-10 19:20:00+00:00,5841,116605.25,0.1,115905.25,117605.25,700.0,close_below_lower,0.11845066099212917,0.1,117105.25,0.5,0.0,0.0,0.0,,,False,2025-10-10 19:45:00+00:00,5846,116942.02,signal,33.67700000000041,0.0,0.0,33.67700000000041,0.48110000000000586,-660.2899999999936,397.5599999999977,-0.9432714285714194,0.5679428571428539,5,1500.0,18.0,239.62285714285827,631.876902651087,newyork,Fri,19,False
80,BTCUSDm,long,2025-10-10 20:55:00+00:00,5860,115440.93,0.1,114740.93,116440.93,700.0,close_below_lower,1.0779236937229204,0.1,115940.93,0.5,0.0,0.0,0.0,,,False,2025-10-10 21:00:00+00:00,5861,114282.36,sl,-115.85699999999925,0.0,0.0,-115.85699999999925,-1.6550999999999891,-2545.829999999987,117.0,-3.6368999999999816,0.16714285714285715,1,300.0,18.0,388.7857142857153,637.3329234214034,newyork,Fri,20,False
81,BTCUSDm,long,2025-10-10 21:05:00+00:00,5862,115110.47,0.1,114410.47,116110.47,700.0,close_below_lower,0.9087139836112731,0.1,115610.47,0.5,0.0,0.0,0.0,,,False,2025-10-10 21:10:00+00:00,5863,114410.47,sl,-70.0,0.0,0.0,-70.0,-1.0,-708.570000000007,37.39999999999418,-1.0122428571428672,0.05342857142856312,1,300.0,18.0,596.5800000000007,657.0241214624657,rollover,Fri,21,False
82,BTCUSDm,long,2025-10-10 21:15:00+00:00,5864,112355.82,0.1,111655.82,113355.82,700.0,close_below_lower,3.933779431707277,0.1,112855.82,0.5,0.0,0.0,0.0,,,False,2025-10-10 21:20:00+00:00,5865,105098.72,sl,-725.7100000000006,0.0,0.0,-725.7100000000006,-10.367285714285723,-8262.340000000011,339.9899999999907,-11.803342857142873,0.4856999999999867,1,300.0,18.0,954.9342857142858,685.6807791707035,rollover,Fri,21,False
83,BTCUSDm,long,2025-10-10 21:25:00+00:00,5866,109734.41,0.1,109734.41,110734.41,700.0,close_below_lower,4.631382447808111,0.05,110234.41,0.5,0.05,110234.41,25.0,5867.0,2025-10-10 21:30:00+00:00,True,2025-10-10 21:30:00+00:00,5867,110734.41,tp,75.0,0.0,0.0,75.0,1.0714285714285714,-3188.1699999999983,649.0699999999924,-4.554528571428569,0.9272428571428464,1,300.0,18.0,2049.222857142859,766.7248118925518,rollover,Fri,21,False
84,BTCUSDm,short,2025-10-10 21:50:00+00:00,5871,113765.28,0.1,113765.28,112765.28,700.0,close_above_upper,0.29652738076112756,0.05,113265.28,0.5,0.05,113283.28,24.1,5872.0,2025-10-10 21:55:00+00:00,True,2025-10-10 22:00:00+00:00,5873,113863.44,be_stop,19.191999999999826,0.0,0.0,19.191999999999826,0.27417142857142607,-542.5099999999948,1308.7200000000012,-0.7750142857142782,1.8696000000000017,2,600.0,18.0,2923.6892857142852,801.5454655235887,rollover,Fri,21,False
85,BTCUSDm,short,2025-10-10 22:05:00+00:00,5874,113704.0,0.1,113704.0,112704.0,700.0,close_above_upper,0.0957800486204227,0.05,113204.0,0.5,0.05,113304.0,20.0,5875.0,2025-10-10 22:10:00+00:00,True,2025-10-10 22:15:00+00:00,5876,114193.09,be_stop,-4.454499999999825,0.0,0.0,-4.454499999999825,-0.0636357142857118,-338.179999999993,1805.270000000004,-0.4831142857142757,2.5789571428571487,2,600.0,20.0,3005.8235714285724,816.5312962945954,rollover,Fri,22,False
86,BTCUSDm,short,2025-10-10 22:50:00+00:00,5883,114274.75,0.1,114274.75,113274.75,700.0,close_above_upper,0.08190835487789502,0.05,113774.75,0.5,0.05,113801.75,23.650000000000002,5884.0,2025-10-10 22:55:00+00:00,True,2025-10-10 23:05:00+00:00,5886,113301.75,tp,72.30000000000001,0.0,0.0,72.30000000000001,1.032857142857143,-69.08999999999651,599.3000000000029,-0.09869999999999501,0.8561428571428613,3,900.0,27.0,1208.3314285714296,841.7573266340389,rollover,Fri,22,False
87,BTCUSDm,short,2025-10-10 23:45:00+00:00,5894,114698.03,0.1,115398.03,113698.03,700.0,close_above_upper,0.014532701188000255,0.1,114198.03,0.5,0.0,0.0,0.0,,,False,2025-10-10 23:50:00+00:00,5895,113704.75,signal,99.32799999999989,0.0,0.0,99.32799999999989,1.418971428571427,-4.1600000000034925,1070.4400000000023,-0.005942857142862132,1.5292000000000032,1,300.0,27.0,550.4242857142859,862.2604076723501,rollover,Fri,23,False
88,BTCUSDm,long,2025-10-11 00:15:00+00:00,5900,112566.73,0.1,112566.73,113566.73,700.0,close_below_lower,0.02568765104018729,0.05,113066.73,0.5,0.05,113066.73,25.0,5906.0,2025-10-11 00:45:00+00:00,True,2025-10-11 00:50:00+00:00,5907,113111.08,signal,52.21750000000029,0.0,0.0,52.21750000000029,0.7459642857142899,-796.8199999999924,761.8400000000111,-1.138314285714275,1.088342857142873,7,2100.0,27.0,580.047142857142,881.9285824662334,asian,Sat,0,False
89,BTCUSDm,long,2025-10-11 01:25:00+00:00,5914,111489.48,0.1,111489.48,112489.48,700.0,close_below_lower,0.003661533776070733,0.05,111989.48,0.5,0.05,111989.48,25.0,5916.0,2025-10-11 01:35:00+00:00,True,2025-10-11 01:40:00+00:00,5917,111489.48,be_stop,25.0,0.0,0.0,25.0,0.35714285714285715,-181.25999999999476,632.7799999999988,-0.25894285714284965,0.9039714285714269,3,900.0,27.0,451.75214285714384,918.5672849607939,asian,Sat,1,False
90,BTCUSDm,short,2025-10-11 02:45:00+00:00,5930,113271.68,0.1,113271.68,112271.68,700.0,close_above_upper,0.1802267786090944,0.05,112771.68,0.5,0.05,112798.68,23.650000000000002,5934.0,2025-10-11 03:05:00+00:00,True,2025-10-11 03:10:00+00:00,5935,112478.39,signal,63.31449999999968,0.0,0.0,63.31449999999968,0.9044928571428527,-179.0300000000134,876.7199999999866,-0.255757142857162,1.2524571428571238,5,1500.0,27.0,459.64642857142775,947.7410263973546,asian,Sat,2,False
91,BTCUSDm,short,2025-10-12 14:55:00+00:00,6364,112981.53,0.1,112981.53,111981.53,700.0,close_above_upper,0.5453502593172529,0.05,112481.53,0.5,0.05,112411.13,28.519999999999712,6365.0,2025-10-12 15:00:00+00:00,True,2025-10-12 15:05:00+00:00,6366,112999.53,be_stop,27.619999999999713,0.0,0.0,27.619999999999713,0.39457142857142447,-20.970000000001164,1008.8500000000058,-0.02995714285714452,1.441214285714294,2,600.0,18.0,322.3378571428569,852.1680105545908,overlap,Sun,14,False
92,BTCUSDm,short,2025-10-12 15:10:00+00:00,6367,112924.33,0.1,113624.33,111924.33,700.0,close_above_upper,0.21584558493011832,0.1,112424.33,0.5,0.0,0.0,0.0,,,False,2025-10-12 15:15:00+00:00,6368,113642.33,sl,-71.8,0.0,0.0,-71.8,-1.0257142857142856,-342.3899999999994,200.77999999999884,-0.4891285714285706,0.28682857142856977,1,300.0,18.0,436.99214285714487,764.1655871348181,overlap,Sun,15,False
93,BTCUSDm,short,2025-10-12 15:20:00+00:00,6369,113711.17,0.1,113711.17,112711.17,700.0,close_above_upper,0.7727652663759516,0.05,113211.17,0.5,0.05,113229.17,24.1,6370.0,2025-10-12 15:25:00+00:00,True,2025-10-12 15:30:00+00:00,6371,112729.17,tp,73.2,0.0,0.0,73.2,1.0457142857142858,-45.770000000004075,778.2799999999988,-0.06538571428572011,1.1118285714285698,2,600.0,18.0,504.93642857142964,774.6418349698286,overlap,Sun,15,False
94,BTCUSDm,short,2025-10-12 16:05:00+00:00,6378,113938.58,0.1,114638.58,112938.58,700.0,close_above_upper,0.16836574757643968,0.1,113438.58,0.5,0.0,0.0,0.0,,,False,2025-10-12 16:45:00+00:00,6386,114656.58,sl,-71.8,0.0,0.0,-71.8,-1.0257142857142856,-437.5899999999965,498.320000000007,-0.6251285714285665,0.7118857142857242,8,2400.0,18.0,562.0628571428585,755.1525826658485,newyork,Sun,16,False
95,BTCUSDm,short,2025-10-12 20:30:00+00:00,6431,115304.87,0.1,115304.87,114304.87,700.0,close_above_upper,0.05688420251243785,0.05,114804.87,0.5,0.05,114822.87,24.1,6438.0,2025-10-12 21:05:00+00:00,True,2025-10-12 21:10:00+00:00,6439,114969.72,signal,40.85749999999971,0.0,0.0,40.85749999999971,0.5836785714285673,-239.30999999999767,574.4400000000023,-0.3418714285714252,0.8206285714285747,8,2400.0,18.0,207.54642857142713,680.4936107260407,newyork,Sun,20,False
96,BTCUSDm,long,2025-10-13 11:30:00+00:00,6611,113775.75,0.1,113775.75,114775.75,700.0,close_below_lower,0.45955550024319275,0.05,114275.75,0.5,0.05,114275.75,25.0,6612.0,2025-10-13 11:35:00+00:00,True,2025-10-13 11:55:00+00:00,6616,114444.18,signal,58.421499999999654,0.0,0.0,58.421499999999654,0.8345928571428521,-29.669999999998254,697.570000000007,-0.04238571428571179,0.9965285714285814,5,1500.0,18.0,241.1435714285721,614.4525639967192,london,Mon,11,False
97,BTCUSDm,short,2025-10-13 13:35:00+00:00,6636,115238.61,0.1,115238.61,114238.61,700.0,close_above_upper,0.12029716596566163,0.05,114738.61,0.5,0.05,114756.61,24.1,6637.0,2025-10-13 13:40:00+00:00,True,2025-10-13 13:50:00+00:00,6639,115256.61,be_stop,23.200000000000003,0.0,0.0,23.200000000000003,0.33142857142857146,-2.7299999999959255,623.3099999999977,-0.0038999999999941794,0.8904428571428539,3,900.0,18.0,329.35928571428354,613.0385778590958,overlap,Mon,13,False
98,BTCUSDm,short,2025-10-13 14:00:00+00:00,6641,115432.0,0.1,116132.0,114432.0,700.0,close_above_upper,0.017749868453425757,0.1,114932.0,0.5,0.0,0.0,0.0,,,False,2025-10-13 14:20:00+00:00,6645,115007.7,signal,42.43000000000029,0.0,0.0,42.43000000000029,0.6061428571428613,-138.4100000000035,485.1600000000035,-0.19772857142857642,0.6930857142857193,4,1200.0,18.0,428.9164285714287,615.0773442804536,overlap,Mon,14,False
99,BTCUSDm,long,2025-10-13 14:55:00+00:00,6652,114089.19,0.1,114089.19,115089.19,700.0,close_below_lower,0.06717812879323673,0.05,114589.19,0.5,0.05,114589.19,25.0,6655.0,2025-10-13 15:10:00+00:00,True,2025-10-13 15:35:00+00:00,6660,114452.71,signal,43.1760000000002,0.0,0.0,43.1760000000002,0.6168000000000029,-210.25,609.3899999999994,-0.3003571428571429,0.870557142857142,8,2400.0,18.0,419.9492857142863,608.4561277331766,overlap,Mon,14,False
100,BTCUSDm,long,2025-10-14 03:05:00+00:00,6798,113393.7,0.1,112693.7,114393.7,700.0,close_below_lower,0.04633913387395971,0.1,113893.7,0.5,0.0,0.0,0.0,,,False,2025-10-14 03:50:00+00:00,6807,113742.89,signal,34.91900000000023,0.0,0.0,34.91900000000023,0.4988428571428605,-58.33999999999651,376.1900000000023,-0.08334285714285215,0.5374142857142891,9,2700.0,18.0,189.5721428571404,594.2117832784585,asian,Tue,3,False
101,BTCUSDm,long,2025-10-14 10:20:00+00:00,6885,110703.53,0.1,110003.53,111703.53,700.0,close_below_lower,0.24587614365958957,0.1,111203.53,0.5,0.0,0.0,0.0,,,False,2025-10-14 11:05:00+00:00,6894,110887.57,signal,18.404000000000817,0.0,0.0,18.404000000000817,0.26291428571429737,-589.6600000000035,227.11000000000058,-0.8423714285714335,0.324442857142858,9,2700.0,18.0,250.47214285714395,585.9467743743724,london,Tue,10,False
102,BTCUSDm,short,2025-10-14 14:15:00+00:00,6932,111746.62,0.1,112446.62,110746.62,700.0,close_above_upper,0.2622297678903735,0.1,111246.62,0.5,0.0,0.0,0.0,,,False,2025-10-14 15:00:00+00:00,6941,111493.46,signal,25.315999999998894,0.0,0.0,25.315999999998894,0.3616571428571271,-560.7200000000012,332.6299999999901,-0.8010285714285731,0.47518571428570017,9,2700.0,18.0,417.44642857143066,598.1579776779406,overlap,Tue,14,False
103,BTCUSDm,short,2025-10-14 15:50:00+00:00,6951,112347.42,0.1,113047.42,111347.42,700.0,close_above_upper,0.0688545707294475,0.1,111847.42,0.5,0.0,0.0,0.0,,,False,2025-10-14 16:20:00+00:00,6957,113065.42,sl,-71.8,0.0,0.0,-71.8,-1.0257142857142856,-631.6199999999953,59.330000000001746,-0.9023142857142791,0.08475714285714535,6,1800.0,18.0,350.97999999999905,608.5193305358422,overlap,Tue,15,False
104,BTCUSDm,long,2025-10-14 19:45:00+00:00,6998,112195.69,0.1,112195.69,113195.69,700.0,close_below_lower,0.4299896248143793,0.05,112695.69,0.5,0.05,112695.69,25.0,6999.0,2025-10-14 19:50:00+00:00,True,2025-10-14 20:20:00+00:00,7005,112804.54,signal,55.44249999999957,0.0,0.0,55.44249999999957,0.7920357142857082,-107.72999999999593,675.5500000000029,-0.15389999999999418,0.9650714285714327,7,2100.0,18.0,334.2164285714316,636.4475431219205,newyork,Tue,19,False
105,BTCUSDm,short,2025-10-15 02:30:00+00:00,7079,113598.99,0.1,113598.99,112598.99,700.0,close_above_upper,0.08049952690447532,0.05,113098.99,0.5,0.05,113116.99,24.1,7080.0,2025-10-15 02:35:00+00:00,True,2025-10-15 03:00:00+00:00,7085,112881.98,signal,59.95050000000047,0.0,0.0,59.95050000000047,0.856435714285721,-66.48999999999069,752.0200000000041,-0.09498571428570098,1.0743142857142916,6,1800.0,18.0,220.18928571428737,649.3896879465838,asian,Wed,2,False
106,BTCUSDm,long,2025-10-15 20:35:00+00:00,7296,110616.29,0.1,110616.29,111616.29,700.0,close_below_lower,0.0640338149146639,0.05,111116.29,0.5,0.05,111203.2,29.345500000000175,7297.0,2025-10-15 20:40:00+00:00,True,2025-10-15 20:45:00+00:00,7298,111324.69,signal,64.76550000000061,0.0,0.0,64.76550000000061,0.9252214285714373,-18.0,784.1000000000058,-0.025714285714285714,1.1201428571428655,2,600.0,18.0,214.44785714285848,670.2679483135084,newyork,Wed,20,False
107,BTCUSDm,long,2025-10-16 09:35:00+00:00,7452,109593.0,0.1,109593.0,110593.0,700.0,close_below_lower,0.9029202382351819,0.05,110093.0,0.5,0.05,110093.0,25.0,7453.0,2025-10-16 09:40:00+00:00,True,2025-10-16 09:40:00+00:00,7453,110593.0,tp,75.0,0.0,0.0,75.0,1.0714285714285714,-65.41999999999825,444.72000000000116,-0.09345714285714037,0.6353142857142874,1,300.0,18.0,237.3342857142821,581.7386532247658,london,Thu,9,False
108,BTCUSDm,short,2025-10-16 09:45:00+00:00,7454,111255.95,0.1,111955.95,110255.95,700.0,close_above_upper,0.037124822757859825,0.1,110755.95,0.5,0.0,0.0,0.0,,,False,2025-10-16 11:10:00+00:00,7471,111351.05,signal,-9.510000000000582,0.0,0.0,-9.510000000000582,-0.13585714285715117,-503.4400000000023,232.66999999999825,-0.7192000000000033,0.3323857142857118,17,5100.0,18.0,384.12857142856745,580.2462485960058,london,Thu,9,False
109,BTCUSDm,long,2025-10-16 14:10:00+00:00,7507,110464.88,0.1,109764.88,111464.88,700.0,close_below_lower,0.16049179084702123,0.1,110964.88,0.5,0.0,0.0,0.0,,,False,2025-10-16 14:20:00+00:00,7509,109764.88,sl,-70.0,0.0,0.0,-70.0,-1.0,-668.25,55.979999999995925,-0.9546428571428571,0.07997142857142275,2,600.0,18.0,291.47142857142796,574.6587752216944,overlap,Thu,14,False
110,BTCUSDm,short,2025-10-16 14:45:00+00:00,7514,111388.54,0.1,111388.54,110388.54,700.0,close_above_upper,0.12693590932844231,0.05,110888.54,0.5,0.05,110906.54,24.1,7515.0,2025-10-16 14:50:00+00:00,True,2025-10-16 15:00:00+00:00,7517,110599.36,signal,63.558999999999656,0.0,0.0,63.558999999999656,0.9079857142857094,-68.02000000000407,865.9399999999878,-0.09717142857143439,1.2370571428571253,3,900.0,18.0,414.3650000000021,591.4785308894159,overlap,Thu,14,False
111,BTCUSDm,long,2025-10-16 15:45:00+00:00,7526,109272.23,0.1,108572.23,110272.23,700.0,close_below_lower,0.7542955603313618,0.1,109772.23,0.5,0.0,0.0,0.0,,,False,2025-10-16 15:55:00+00:00,7528,108572.23,sl,-70.0,0.0,0.0,-70.0,-1.0,-804.3699999999953,34.29000000000815,-1.1490999999999933,0.04898571428572593,2,600.0,18.0,453.9385714285735,605.3539415050427,overlap,Thu,15,False
112,BTCUSDm,long,2025-10-16 16:00:00+00:00,7529,108596.72,0.1,107896.72,109596.72,700.0,close_below_lower,1.017995529046955,0.1,109096.72,0.5,0.0,0.0,0.0,,,False,2025-10-16 16:30:00+00:00,7535,107896.72,sl,-70.0,0.0,0.0,-70.0,-1.0,-657.8800000000047,265.83000000000175,-0.9398285714285781,0.37975714285714535,6,1800.0,18.0,465.22428571428776,622.2766167666139,newyork,Thu,16,False
113,BTCUSDm,long,2025-10-16 16:35:00+00:00,7536,107625.92,0.1,107625.92,108625.92,700.0,close_below_lower,0.7097295429991115,0.05,108125.92,0.5,0.05,108125.92,25.0,7537.0,2025-10-16 16:40:00+00:00,True,2025-10-16 16:50:00+00:00,7539,108625.92,tp,75.0,0.0,0.0,75.0,1.0714285714285714,-24.419999999998254,842.8800000000047,-0.03488571428571179,1.2041142857142924,3,900.0,18.0,528.2957142857164,657.7400570530153,newyork,Thu,16,False
114,BTCUSDm,short,2025-10-16 17:00:00+00:00,7541,109284.73,0.1,109284.73,108284.73,700.0,close_above_upper,0.19721731357220457,0.05,108784.73,0.5,0.05,108577.3,35.37149999999965,7542.0,2025-10-16 17:05:00+00:00,True,2025-10-16 17:45:00+00:00,7550,108600.56,signal,69.57999999999956,0.0,0.0,69.57999999999956,0.9939999999999937,-12.730000000010477,902.2599999999948,-0.018185714285729255,1.2889428571428496,9,2700.0,18.0,497.4450000000018,665.3698832327967,newyork,Thu,17,False
115,BTCUSDm,long,2025-10-17 06:40:00+00:00,7705,107420.69,0.1,106720.69,108420.69,700.0,close_below_lower,0.18141700943799438,0.1,107920.69,0.5,0.0,0.0,0.0,,,False,2025-10-17 06:45:00+00:00,7706,106720.69,sl,-70.0,0.0,0.0,-70.0,-1.0,-529.1800000000076,0.0,-0.7559714285714394,0.0,1,300.0,18.0,242.08499999999913,669.0375116930207,asian,Fri,6,False
116,BTCUSDm,long,2025-10-17 06:50:00+00:00,7707,106695.51,0.1,105995.51,107695.51,700.0,close_below_lower,0.7945106917716311,0.1,107195.51,0.5,0.0,0.0,0.0,,,False,2025-10-17 07:30:00+00:00,7715,105995.51,sl,-70.0,0.0,0.0,-70.0,-1.0,-555.4700000000012,423.75,-0.7935285714285731,0.6053571428571428,8,2400.0,18.0,292.471428571429,679.8137737975295,asian,Fri,6,False
117,BTCUSDm,long,2025-10-17 07:45:00+00:00,7718,105767.15,0.1,105067.15,106767.15,700.0,close_below_lower,0.014878380916036379,0.1,106267.15,0.5,0.0,0.0,0.0,,,False,2025-10-17 08:10:00+00:00,7723,105067.15,sl,-70.0,0.0,0.0,-70.0,-1.0,-680.7099999999919,208.25,-0.9724428571428455,0.2975,5,1500.0,18.0,397.0635714285724,720.5050863877451,london,Fri,7,False
118,BTCUSDm,long,2025-10-17 08:20:00+00:00,7725,104765.9,0.1,104765.9,105765.9,700.0,close_below_lower,0.2724037131442039,0.05,105265.9,0.5,0.05,105265.9,25.0,7726.0,2025-10-17 08:25:00+00:00,True,2025-10-17 08:50:00+00:00,7731,104765.9,be_stop,25.0,0.0,0.0,25.0,0.35714285714285715,-77.04999999998836,930.0900000000111,-0.11007142857141194,1.3287000000000158,6,1800.0,18.0,377.5071428571412,736.9191829321117,london,Fri,8,False
119,BTCUSDm,long,2025-10-17 10:25:00+00:00,7750,103748.68,0.1,103748.68,104748.68,700.0,close_below_lower,0.3668913760393226,0.05,104248.68,0.5,0.05,104248.68,25.0,7752.0,2025-10-17 10:35:00+00:00,True,2025-10-17 10:50:00+00:00,7755,104662.65,signal,70.69850000000005,0.0,0.0,70.69850000000005,1.0099785714285723,-79.93999999998778,944.1700000000128,-0.11419999999998254,1.348814285714304,5,1500.0,18.0,368.249285714284,742.649638871231,london,Fri,10,False
120,BTCUSDm,short,2025-10-17 11:15:00+00:00,7760,105787.86,0.1,106487.86,104787.86,700.0,close_above_upper,0.4492475289761594,0.1,105287.86,0.5,0.0,0.0,0.0,,,False,2025-10-17 11:25:00+00:00,7762,106505.86,sl,-71.8,0.0,0.0,-71.8,-1.0257142857142856,-595.1900000000023,36.970000000001164,-0.8502714285714319,0.052814285714287375,2,600.0,18.0,426.3050000000003,752.8831092512963,london,Fri,11,False
121,BTCUSDm,short,2025-10-17 11:30:00+00:00,7763,106226.88,0.1,106226.88,105226.88,700.0,close_above_upper,0.4003464651012369,0.05,105726.88,0.5,0.05,105744.88,24.1,7765.0,2025-10-17 11:40:00+00:00,True,2025-10-17 12:15:00+00:00,7772,105767.6,signal,47.06399999999994,0.0,0.0,47.06399999999994,0.6723428571428564,-83.58999999999651,784.6500000000087,-0.11941428571428073,1.120928571428584,9,2700.0,18.0,443.97071428571405,770.3657512634918,london,Fri,11,False
122,BTCUSDm,short,2025-10-17 16:00:00+00:00,7817,106804.94,0.1,107504.94,105804.94,700.0,close_above_upper,0.03283947974803794,0.1,106304.94,0.5,0.0,0.0,0.0,,,False,2025-10-17 16:35:00+00:00,7824,106543.19,signal,26.175,0.0,0.0,26.175,0.37392857142857144,-766.8399999999965,300.72000000000116,-1.0954857142857093,0.42960000000000165,7,2100.0,18.0,363.0892857142847,802.0140118041882,newyork,Fri,16,False
123,BTCUSDm,short,2025-10-19 09:45:00+00:00,8318,106976.86,0.1,107676.86,105976.86,700.0,close_above_upper,0.48158904773509464,0.1,106476.86,0.5,0.0,0.0,0.0,,,False,2025-10-19 09:50:00+00:00,8319,107949.68,sl,-97.28199999999924,0.0,0.0,-97.28199999999924,-1.3897428571428463,-1060.3300000000017,202.50999999999476,-1.5147571428571454,0.2892999999999925,1,300.0,18.0,210.3864285714309,357.0353456519804,london,Sun,9,False
124,BTCUSDm,short,2025-10-19 09:55:00+00:00,8320,107551.46,0.1,107551.46,106551.46,700.0,close_above_upper,1.3958060693320926,0.05,107051.46,0.5,0.05,107069.46,24.1,8322.0,2025-10-19 10:05:00+00:00,True,2025-10-19 10:15:00+00:00,8324,107569.46,be_stop,23.200000000000003,0.0,0.0,23.200000000000003,0.33142857142857146,-155.84999999999127,566.8899999999994,-0.22264285714284468,0.8098428571428563,4,1200.0,18.0,333.23785714285833,360.5219678403583,london,Sun,9,False
125,BTCUSDm,short,2025-10-19 10:20:00+00:00,8325,107554.65,0.1,108254.65,106554.65,700.0,close_above_upper,0.28190955448934624,0.1,107054.65,0.5,0.0,0.0,0.0,,,False,2025-10-19 11:10:00+00:00,8335,108272.65,sl,-71.8,0.0,0.0,-71.8,-1.0257142857142856,-646.5600000000122,101.20999999999185,-0.9236571428571603,0.14458571428570263,10,3000.0,18.0,385.97999999999803,366.86644470496236,london,Sun,10,False
126,BTCUSDm,short,2025-10-19 14:20:00+00:00,8373,108444.61,0.1,109144.61,107444.61,700.0,close_above_upper,0.43416850490800407,0.1,107944.61,0.5,0.0,0.0,0.0,,,False,2025-10-19 15:40:00+00:00,8389,108437.89,signal,0.6720000000001165,0.0,0.0,0.6720000000001165,0.009600000000001664,-212.0899999999965,268.9600000000064,-0.3029857142857093,0.3842285714285806,16,4800.0,18.0,198.26857142857003,378.77421270088985,overlap,Sun,14,False
127,BTCUSDm,short,2025-10-19 16:45:00+00:00,8402,108923.77,0.1,109623.77,107923.77,700.0,close_above_upper,0.22638405839373288,0.1,108423.77,0.5,0.0,0.0,0.0,,,False,2025-10-19 18:10:00+00:00,8419,109112.33,signal,-18.855999999999767,0.0,0.0,-18.855999999999767,-0.26937142857142526,-563.0999999999913,308.97000000000116,-0.804428571428559,0.44138571428571594,17,5100.0,18.0,134.33642857142902,371.65936765863586,newyork,Sun,16,False
128,BTCUSDm,short,2025-10-19 22:20:00+00:00,8469,109230.35,0.1,109930.35,108230.35,700.0,close_above_upper,0.031345376456371324,0.1,108730.35,0.5,0.0,0.0,0.0,,,False,2025-10-19 23:05:00+00:00,8478,108999.5,signal,23.085000000000583,0.0,0.0,23.085000000000583,0.3297857142857226,-180.40999999998894,283.40000000000873,-0.25772857142855565,0.40485714285715535,9,2700.0,18.0,117.88285714285927,354.00827829602923,rollover,Sun,22,False
129,BTCUSDm,long,2025-10-20 00:15:00+00:00,8492,108127.66,0.1,107427.66,109127.66,700.0,close_below_lower,0.3928898762097263,0.1,108627.66,0.5,0.0,0.0,0.0,,,False,2025-10-20 01:00:00+00:00,8501,108094.0,signal,-3.3660000000003496,0.0,0.0,-3.3660000000003496,-0.04808571428571928,-668.6600000000035,31.25,-0.9552285714285764,0.044642857142857144,9,2700.0,18.0,159.41499999999672,372.0252604023155,asian,Mon,0,False
130,BTCUSDm,short,2025-10-20 02:40:00+00:00,8521,108811.43,0.1,109511.43,107811.43,700.0,close_above_upper,0.4154808311779127,0.1,108311.43,0.5,0.0,0.0,0.0,,,False,2025-10-20 03:50:00+00:00,8535,109529.43,sl,-71.8,0.0,0.0,-71.8,-1.0257142857142856,-593.8800000000047,223.26999999998952,-0.8484000000000067,0.3189571428571279,14,4200.0,18.0,214.8621428571444,382.7981841462885,asian,Mon,2,False
131,BTCUSDm,short,2025-10-20 03:55:00+00:00,8536,110312.58,0.1,111012.58,109312.58,700.0,close_above_upper,2.272682185055486,0.1,109812.58,0.5,0.0,0.0,0.0,,,False,2025-10-20 05:50:00+00:00,8559,111030.58,sl,-71.8,0.0,0.0,-71.8,-1.0257142857142856,-553.2899999999936,349.54000000000815,-0.7904142857142765,0.4993428571428688,23,6900.0,18.0,267.92714285714254,405.9686721585797,asian,Mon,3,False
132,BTCUSDm,short,2025-10-20 05:55:00+00:00,8560,111120.74,0.1,111820.74,110120.74,700.0,close_above_upper,0.06051594699422447,0.1,110620.74,0.5,0.0,0.0,0.0,,,False,2025-10-20 07:10:00+00:00,8575,111232.75,signal,-11.200999999999476,0.0,0.0,-11.200999999999476,-0.16001428571427823,-286.34999999999127,183.35000000000582,-0.4090714285714161,0.2619285714285797,15,4500.0,18.0,190.07785714285689,452.10582704769007,asian,Mon,5,False
133,BTCUSDm,long,2025-10-20 16:45:00+00:00,8690,110532.6,0.1,109832.6,111532.6,700.0,close_below_lower,0.026443298538927167,0.1,111032.6,0.5,0.0,0.0,0.0,,,False,2025-10-20 17:05:00+00:00,8694,110902.16,signal,36.95599999999977,0.0,0.0,36.95599999999977,0.5279428571428538,-394.7100000000064,408.09999999999127,-0.5638714285714377,0.5829999999999875,4,1200.0,18.0,309.55857142857195,504.3546585595095,newyork,Mon,16,False
134,BTCUSDm,long,2025-10-20 17:40:00+00:00,8701,110010.88,0.1,110010.88,111010.88,700.0,close_below_lower,0.06027194694547086,0.05,110510.88,0.5,0.05,110510.88,25.0,8703.0,2025-10-20 17:50:00+00:00,True,2025-10-20 18:10:00+00:00,8707,110517.7,signal,50.340999999999624,0.0,0.0,50.340999999999624,0.7191571428571375,-133.8700000000099,567.1199999999953,-0.1912428571428713,0.8101714285714219,6,1800.0,18.0,299.40499999999884,520.4210339010849,newyork,Mon,17,False
135,BTCUSDm,long,2025-10-21 04:05:00+00:00,8826,108711.34,0.1,108011.34,109711.34,700.0,close_below_lower,0.28568774521414403,0.1,109211.34,0.5,0.0,0.0,0.0,,,False,2025-10-21 04:10:00+00:00,8827,108011.34,sl,-70.0,0.0,0.0,-70.0,-1.0,-423.91999999999825,0.0,-0.6055999999999975,0.0,1,300.0,18.0,189.20714285714243,532.4933923349391,asian,Tue,4,False
136,BTCUSDm,long,2025-10-21 04:15:00+00:00,8828,108348.73,0.1,107648.73,109348.73,700.0,close_below_lower,0.5400280174924439,0.1,108848.73,0.5,0.0,0.0,0.0,,,False,2025-10-21 05:00:00+00:00,8837,107648.73,sl,-70.0,0.0,0.0,-70.0,-1.0,-683.0699999999924,29.410000000003492,-0.9758142857142749,0.0420142857142907,9,2700.0,18.0,225.12999999999946,537.4771151974317,asian,Tue,4,False
137,BTCUSDm,short,2025-10-21 10:50:00+00:00,8907,108600.58,0.1,109300.58,107600.58,700.0,close_above_upper,0.31207575813947824,0.1,108100.58,0.5,0.0,0.0,0.0,,,False,2025-10-21 12:15:00+00:00,8924,108505.57,signal,9.500999999999477,0.0,0.0,9.500999999999477,0.13572857142856395,-231.09999999999127,425.52999999999884,-0.3301428571428447,0.6078999999999983,17,5100.0,18.0,164.74214285714282,547.8878475889483,london,Tue,10,False
138,BTCUSDm,short,2025-10-21 12:25:00+00:00,8926,109367.32,0.1,109367.32,108367.32,700.0,close_above_upper,0.3917293739206715,0.05,108867.32,0.5,0.05,108885.32,24.1,8932.0,2025-10-21 12:55:00+00:00,True,2025-10-21 13:00:00+00:00,8933,108839.25,signal,50.50350000000035,0.0,0.0,50.50350000000035,0.7214785714285764,-148.30999999999767,581.3300000000017,-0.21187142857142524,0.8304714285714311,7,2100.0,18.0,197.94642857142648,553.486208674581,overlap,Tue,12,False
139,BTCUSDm,short,2025-10-21 14:15:00+00:00,8948,109782.42,0.1,110482.42,108782.42,700.0,close_above_upper,0.7401414834301417,0.1,109282.42,0.5,0.0,0.0,0.0,,,False,2025-10-21 14:20:00+00:00,8949,110500.42,sl,-71.8,0.0,0.0,-71.8,-1.0257142857142856,-590.9000000000087,247.99000000000524,-0.8441428571428696,0.35427142857143606,1,300.0,18.0,446.8321428571435,572.8249688158866,overlap,Tue,14,False
140,BTCUSDm,short,2025-10-21 14:25:00+00:00,8950,110295.16,0.1,110295.16,109295.16,700.0,close_above_upper,1.0674130137686997,0.05,109795.16,0.5,0.05,109732.64,28.126000000000204,8951.0,2025-10-21 14:30:00+00:00,True,2025-10-21 14:45:00+00:00,8954,110313.16,be_stop,27.226000000000205,0.0,0.0,27.226000000000205,0.3889428571428601,0.0,602.1999999999971,0.0,0.8602857142857101,4,1200.0,18.0,434.5657142857152,587.1316280103379,overlap,Tue,14,False
141,BTCUSDm,short,2025-10-21 14:50:00+00:00,8955,110837.24,0.1,111537.24,109837.24,700.0,close_above_upper,0.9472001726003905,0.1,110337.24,0.5,0.0,0.0,0.0,,,False,2025-10-21 14:55:00+00:00,8956,111555.24,sl,-71.8,0.0,0.0,-71.8,-1.0257142857142856,-507.0399999999936,65.52999999999884,-0.724342857142848,0.09361428571428405,1,300.0,18.0,497.7571428571443,607.9579445430952,overlap,Tue,14,False
142,BTCUSDm,short,2025-10-21 15:00:00+00:00,8957,112222.87,0.1,112922.87,111222.87,700.0,close_above_upper,2.3401324489720747,0.1,111722.87,0.5,0.0,0.0,0.0,,,False,2025-10-21 15:05:00+00:00,8958,112940.87,sl,-71.8,0.0,0.0,-71.8,-1.0257142857142856,-316.0200000000041,464.929999999993,-0.45145714285714866,0.6641857142857043,1,300.0,18.0,560.3228571428574,627.2300526929854,overlap,Tue,15,False
143,BTCUSDm,short,2025-10-21 15:10:00+00:00,8959,112599.25,0.1,113299.25,111599.25,700.0,close_above_upper,2.012167142726453,0.1,112099.25,0.5,0.0,0.0,0.0,,,False,2025-10-21 15:30:00+00:00,8963,113317.25,sl,-71.8,0.0,0.0,-71.8,-1.0257142857142856,-609.9900000000052,319.3899999999994,-0.8714142857142932,0.4562714285714277,4,1200.0,18.0,636.5871428571429,646.8246400419935,overlap,Tue,15,False
144,BTCUSDm,short,2025-10-21 15:35:00+00:00,8964,113057.73,0.1,113757.73,112057.73,700.0,close_above_upper,0.7878973008922061,0.1,112557.73,0.5,0.0,0.0,0.0,,,False,2025-10-21 16:15:00+00:00,8972,113775.73,sl,-71.8,0.0,0.0,-71.8,-1.0257142857142856,-563.6699999999983,290.9799999999959,-0.8052428571428546,0.41568571428570844,8,2400.0,18.0,575.8521428571423,687.6370823564131,overlap,Tue,15,False
145,BTCUSDm,long,2025-10-21 17:00:00+00:00,8981,112632.26,0.1,111932.26,113632.26,700.0,close_below_lower,0.12473078827336395,0.1,113132.26,0.5,0.0,0.0,0.0,,,False,2025-10-21 17:15:00+00:00,8984,111932.26,sl,-70.0,0.0,0.0,-70.0,-1.0,-221.33000000000175,423.8700000000099,-0.3161857142857168,0.6055285714285855,3,900.0,18.0,347.46857142857124,724.2917885955627,newyork,Tue,17,False
146,BTCUSDm,long,2025-10-21 17:20:00+00:00,8985,111992.41,0.1,111992.41,112992.41,700.0,close_below_lower,0.5275439406173529,0.05,112492.41,0.5,0.05,112492.41,25.0,8986.0,2025-10-21 17:25:00+00:00,True,2025-10-21 18:00:00+00:00,8993,111992.41,be_stop,25.0,0.0,0.0,25.0,0.35714285714285715,-125.54000000000815,650.0999999999913,-0.1793428571428688,0.9287142857142733,8,2400.0,18.0,409.8692857142877,735.2478293251236,newyork,Tue,17,False
147,BTCUSDm,long,2025-10-21 20:20:00+00:00,9018,110899.53,0.1,110199.53,111899.53,700.0,close_below_lower,0.12804359298708626,0.1,111399.53,0.5,0.0,0.0,0.0,,,False,2025-10-21 21:15:00+00:00,9029,111149.73,signal,25.019999999999712,0.0,0.0,25.019999999999712,0.3574285714285673,-182.36000000000058,257.13000000000466,-0.26051428571428653,0.36732857142857805,11,3300.0,18.0,263.97714285714443,747.013730826561,newyork,Tue,20,False
148,BTCUSDm,long,2025-10-21 22:30:00+00:00,9044,109696.89,0.1,108996.89,110696.89,700.0,close_below_lower,0.20398524768230844,0.1,110196.89,0.5,0.0,0.0,0.0,,,False,2025-10-21 22:35:00+00:00,9045,108996.89,sl,-70.0,0.0,0.0,-70.0,-1.0,-1452.3500000000058,172.88000000000466,-2.0747857142857224,0.24697142857143523,1,300.0,18.0,332.4878571428552,727.8494208433737,rollover,Tue,22,False
149,BTCUSDm,long,2025-10-21 22:40:00+00:00,9046,108796.82,0.1,108796.82,109796.82,700.0,close_below_lower,0.9418525374552188,0.05,109296.82,0.5,0.05,109296.82,25.0,9047.0,2025-10-21 22:45:00+00:00,True,2025-10-21 23:25:00+00:00,9055,109468.82,signal,58.6,0.0,0.0,58.6,0.8371428571428572,-27.270000000004075,691.7099999999919,-0.03895714285714868,0.9881571428571312,9,2700.0,18.0,389.4907142857129,740.6187209627301,rollover,Tue,22,False
150,BTCUSDm,long,2025-10-21 23:40:00+00:00,9058,108386.72,0.1,107686.72,109386.72,700.0,close_below_lower,0.08179149736517585,0.1,108886.72,0.5,0.0,0.0,0.0,,,False,2025-10-22 01:10:00+00:00,9076,108392.33,signal,0.5610000000000582,0.0,0.0,0.5610000000000582,0.008014285714286546,-506.9100000000035,314.61999999999534,-0.7241571428571478,0.4494571428571362,18,5400.0,18.0,412.8521428571413,755.12466390422,rollover,Tue,23,False
151,BTCUSDm,short,2025-10-22 15:00:00+00:00,9242,108965.87,0.1,108965.87,107965.87,700.0,close_above_upper,0.031227477775547574,0.05,108465.87,0.5,0.05,108483.87,24.1,9244.0,2025-10-22 15:10:00+00:00,True,2025-10-22 15:20:00+00:00,9246,108322.26,signal,56.28050000000003,0.0,0.0,56.28050000000003,0.8040071428571434,-231.38999999999942,924.7099999999919,-0.33055714285714205,1.3210142857142742,4,1200.0,18.0,515.1678571428575,775.6469398561344,overlap,Wed,15,False
152,BTCUSDm,short,2025-10-23 06:20:00+00:00,9426,109870.0,0.1,110570.0,108870.0,700.0,close_above_upper,0.19603840167651657,0.1,109370.0,0.5,0.0,0.0,0.0,,,False,2025-10-23 07:15:00+00:00,9437,109858.71,signal,1.1289999999993598,0.0,0.0,1.1289999999993598,0.016128571428562284,-482.6499999999942,106.36000000000058,-0.6894999999999917,0.15194285714285796,11,3300.0,18.0,168.89499999999992,750.1965638253115,asian,Thu,6,False
153,BTCUSDm,long,2025-10-23 12:05:00+00:00,9495,108752.59,0.1,108752.59,109752.59,700.0,close_below_lower,0.0023832657496161095,0.05,109252.59,0.5,0.05,109252.59,25.0,9498.0,2025-10-23 12:20:00+00:00,True,2025-10-23 12:50:00+00:00,9504,109149.27,signal,44.83400000000038,0.0,0.0,44.83400000000038,0.6404857142857198,-53.73999999999069,504.27999999999884,-0.07677142857141526,0.7203999999999984,9,2700.0,18.0,200.08857142857283,578.5022603920075,overlap,Thu,12,False
154,BTCUSDm,short,2025-10-23 16:55:00+00:00,9553,110564.14,0.1,110564.14,109564.14,700.0,close_above_upper,0.15833717048713988,0.05,110064.14,0.5,0.05,110082.14,24.1,9554.0,2025-10-23 17:00:00+00:00,True,2025-10-23 17:05:00+00:00,9555,109997.32,signal,52.440999999999626,0.0,0.0,52.440999999999626,0.7491571428571375,-37.75,650.4900000000052,-0.05392857142857143,0.9292714285714361,2,600.0,18.0,227.58428571428314,519.7021598763215,newyork,Thu,16,False
155,BTCUSDm,short,2025-10-23 17:40:00+00:00,9562,110931.03,0.1,111631.03,109931.03,700.0,close_above_upper,0.47438487649161,0.1,110431.03,0.5,0.0,0.0,0.0,,,False,2025-10-23 18:25:00+00:00,9571,110617.6,signal,31.342999999999304,0.0,0.0,31.342999999999304,0.4477571428571329,-407.22000000000116,372.0899999999965,-0.5817428571428588,0.5315571428571378,9,2700.0,18.0,291.3007142857147,508.859511743761,newyork,Thu,17,False
156,BTCUSDm,short,2025-10-24 04:35:00+00:00,9693,111332.87,0.1,112032.87,110332.87,700.0,close_above_upper,0.302255123768185,0.1,110832.87,0.5,0.0,0.0,0.0,,,False,2025-10-24 05:30:00+00:00,9704,111051.29,signal,28.158000000000175,0.0,0.0,28.158000000000175,0.40225714285714537,-143.5,366.8099999999977,-0.205,0.5240142857142824,11,3300.0,18.0,182.86857142857585,522.350342663886,asian,Fri,4,False
157,BTCUSDm,long,2025-10-24 13:40:00+00:00,9802,110789.41,0.1,110089.41,111789.41,700.0,close_below_lower,0.009851351160785593,0.1,111289.41,0.5,0.0,0.0,0.0,,,False,2025-10-24 14:15:00+00:00,9809,110089.41,sl,-70.0,0.0,0.0,-70.0,-1.0,-536.5200000000041,206.27999999999884,-0.7664571428571487,0.2946857142857126,7,2100.0,18.0,323.89071428571333,487.1184523233603,overlap,Fri,13,False
158,BTCUSDm,long,2025-10-24 14:20:00+00:00,9810,110225.25,0.1,109525.25,111225.25,700.0,close_below_lower,0.21116409849225443,0.1,110725.25,0.5,0.0,0.0,0.0,,,False,2025-10-24 15:15:00+00:00,9821,110449.96,signal,22.471000000000643,0.0,0.0,22.471000000000643,0.3210142857142949,-518.3500000000058,393.8899999999994,-0.7405000000000083,0.5626999999999992,11,3300.0,18.0,310.6421428571453,497.87335944373814,overlap,Fri,14,False
159,BTCUSDm,short,2025-10-26 09:25:00+00:00,10327,112355.53,0.1,113055.53,111355.53,700.0,close_above_upper,1.319886704736968,0.1,111855.53,0.5,0.0,0.0,0.0,,,False,2025-10-26 10:30:00+00:00,10340,112370.07,signal,-1.454000000000815,0.0,0.0,-1.454000000000815,-0.020771428571440216,-463.75,143.08000000000175,-0.6625,0.2044000000000025,13,3900.0,18.0,96.46642857142744,217.95713382924157,london,Sun,9,False
160,BTCUSDm,short,2025-10-26 11:35:00+00:00,10353,112777.64,0.1,113477.64,111777.64,700.0,close_above_upper,0.014682516831697403,0.1,112277.64,0.5,0.0,0.0,0.0,,,False,2025-10-26 11:45:00+00:00,10355,113495.64,sl,-71.8,0.0,0.0,-71.8,-1.0257142857142856,-628.1199999999953,0.0,-0.8973142857142791,0.0,2,600.0,18.0,108.97142857142899,224.94263658997255,london,Sun,11,False
161,BTCUSDm,short,2025-10-26 11:50:00+00:00,10356,113241.69,0.1,113941.69,112241.69,700.0,close_above_upper,1.1226012620854038,0.1,112741.69,0.5,0.0,0.0,0.0,,,False,2025-10-26 13:05:00+00:00,10371,113529.72,signal,-28.802999999999884,0.0,0.0,-28.802999999999884,-0.41147142857142693,-598.2700000000041,166.75,-0.8546714285714344,0.2382142857142857,15,4500.0,18.0,154.39071428571333,232.33603839630314,london,Sun,11,False
162,BTCUSDm,short,2025-10-26 13:45:00+00:00,10379,113844.19,0.1,114544.19,112844.19,700.0,close_above_upper,0.040726668006046476,0.1,113344.19,0.5,0.0,0.0,0.0,,,False,2025-10-26 13:55:00+00:00,10381,113626.71,signal,21.747999999999593,0.0,0.0,21.747999999999593,0.31068571428570846,-155.56999999999243,252.4100000000035,-0.22224285714284633,0.3605857142857193,2,600.0,18.0,188.0878571428527,246.9893995533618,overlap,Sun,13,False
163,BTCUSDm,long,2025-10-26 21:30:00+00:00,10472,113079.59,0.1,112379.59,114079.59,700.0,close_below_lower,0.2370308841852379,0.1,113579.59,0.5,0.0,0.0,0.0,,,False,2025-10-26 21:45:00+00:00,10475,113450.09,signal,37.050000000000004,0.0,0.0,37.050000000000004,0.5292857142857144,-101.25999999999476,433.63000000000466,-0.14465714285713538,0.6194714285714352,3,900.0,18.0,112.76714285714115,253.1020284131488,rollover,Sun,21,False
164,BTCUSDm,short,2025-10-26 22:05:00+00:00,10479,114775.74,0.1,114775.74,113775.74,700.0,close_above_upper,3.8149061315128576,0.05,114275.74,0.5,0.05,114293.74,24.1,10482.0,2025-10-26 22:20:00+00:00,True,2025-10-26 22:55:00+00:00,10489,114793.74,be_stop,23.200000000000003,0.0,0.0,23.200000000000003,0.33142857142857146,-305.929999999993,547.0,-0.4370428571428472,0.7814285714285715,10,3000.0,18.0,300.40285714285295,259.2170130392808,rollover,Sun,22,False
165,BTCUSDm,short,2025-10-26 23:05:00+00:00,10491,114803.66,0.1,115503.66,113803.66,700.0,close_above_upper,0.17779777097127564,0.1,114303.66,0.5,0.0,0.0,0.0,,,False,2025-10-26 23:15:00+00:00,10493,114505.83,signal,29.783000000000175,0.0,0.0,29.783000000000175,0.42547142857143105,-0.2599999999947613,398.9499999999971,-0.00037142857142108757,0.5699285714285672,2,600.0,18.0,365.2464285714263,287.95425096228956,rollover,Sun,23,False
166,BTCUSDm,short,2025-10-27 00:20:00+00:00,10506,114979.12,0.1,115679.12,113979.12,700.0,close_above_upper,0.02396446554236356,0.1,114479.12,0.5,0.0,0.0,0.0,,,False,2025-10-27 00:50:00+00:00,10512,114753.3,signal,22.581999999999244,0.0,0.0,22.581999999999244,0.3225999999999892,-206.6600000000035,317.679999999993,-0.2952285714285764,0.4538285714285614,6,1800.0,18.0,191.07142857143066,292.1071652050752,asian,Mon,0,False
167,BTCUSDm,short,2025-10-27 01:40:00+00:00,10522,115330.91,0.1,116030.91,114330.91,700.0,close_above_upper,0.16689887631091274,0.1,114830.91,0.5,0.0,0.0,0.0,,,False,2025-10-27 02:20:00+00:00,10530,115216.2,signal,11.471000000000641,0.0,0.0,11.471000000000641,0.16387142857143774,-136.01999999998952,217.30999999999767,-0.19431428571427076,0.3104428571428538,8,2400.0,18.0,192.25428571428554,296.75514874562043,asian,Mon,1,False
168,BTCUSDm,long,2025-10-27 02:35:00+00:00,10533,114861.06,0.1,114161.06,115861.06,700.0,close_below_lower,0.09600848904960874,0.1,115361.06,0.5,0.0,0.0,0.0,,,False,2025-10-27 03:15:00+00:00,10541,115107.06,signal,24.6,0.0,0.0,24.6,0.3514285714285714,-37.11000000000058,293.97000000000116,-0.05301428571428655,0.4199571428571445,8,2400.0,18.0,147.66285714285394,304.7106591257654,asian,Mon,2,False
169,BTCUSDm,long,2025-10-27 08:30:00+00:00,10604,115157.07,0.1,114457.07,116157.07,700.0,close_below_lower,0.275028743199959,0.1,115657.07,0.5,0.0,0.0,0.0,,,False,2025-10-27 09:30:00+00:00,10616,115171.35,signal,1.4279999999998836,0.0,0.0,1.4279999999998836,0.020399999999998336,-343.3000000000029,275.5199999999895,-0.4904285714285756,0.393599999999985,12,3600.0,18.0,166.81142857142757,337.1323854480024,london,Mon,8,False
170,BTCUSDm,long,2025-10-27 13:40:00+00:00,10666,114741.4,0.1,114741.4,115741.4,700.0,close_below_lower,0.02856378075126913,0.05,115241.4,0.5,0.05,115241.4,25.0,10668.0,2025-10-27 13:50:00+00:00,True,2025-10-27 13:55:00+00:00,10669,115337.34,signal,54.79700000000012,0.0,0.0,54.79700000000012,0.7828142857142874,-168.9899999999907,663.7799999999988,-0.2414142857142724,0.9482571428571412,3,900.0,18.0,144.24571428571446,352.49700259972167,overlap,Mon,13,False
171,BTCUSDm,long,2025-10-27 14:20:00+00:00,10674,114559.7,0.1,113859.7,115559.7,700.0,close_below_lower,0.08591134472911127,0.1,115059.7,0.5,0.0,0.0,0.0,,,False,2025-10-27 14:30:00+00:00,10676,114974.22,signal,41.45200000000041,0.0,0.0,41.45200000000041,0.5921714285714345,-82.22000000000116,483.8899999999994,-0.11745714285714452,0.6912714285714278,2,600.0,18.0,252.5392857142859,359.10366618619906,overlap,Mon,14,False
172,BTCUSDm,long,2025-10-27 19:05:00+00:00,10731,115069.3,0.1,114369.3,116069.3,700.0,close_below_lower,0.08545879233549036,0.1,115569.3,0.5,0.0,0.0,0.0,,,False,2025-10-27 21:20:00+00:00,10758,114369.3,sl,-70.0,0.0,0.0,-70.0,-1.0,-692.9799999999959,250.52000000000407,-0.9899714285714227,0.3578857142857201,27,8100.0,18.0,153.34142857142746,381.4540918676272,newyork,Mon,19,False
173,BTCUSDm,long,2025-10-28 02:50:00+00:00,10824,113683.33,0.1,112983.33,114683.33,700.0,close_below_lower,0.07636396066989477,0.1,114183.33,0.5,0.0,0.0,0.0,,,False,2025-10-28 03:05:00+00:00,10827,114059.67,signal,37.63399999999965,0.0,0.0,37.63399999999965,0.5376285714285665,-121.66000000000349,411.5599999999977,-0.17380000000000498,0.5879428571428538,3,900.0,18.0,178.1078571428578,432.6529543776443,asian,Tue,2,False
174,BTCUSDm,short,2025-10-28 13:10:00+00:00,10948,114810.03,0.1,115510.03,113810.03,700.0,close_above_upper,0.0349411471403855,0.1,114310.03,0.5,0.0,0.0,0.0,,,False,2025-10-28 13:55:00+00:00,10957,115528.03,sl,-71.8,0.0,0.0,-71.8,-1.0257142857142856,-666.1999999999971,122.89999999999418,-0.9517142857142815,0.17557142857142025,9,2700.0,18.0,116.7064285714306,396.06553855869595,overlap,Tue,13,False
175,BTCUSDm,short,2025-10-28 14:00:00+00:00,10958,115524.65,0.1,116224.65,114524.65,700.0,close_above_upper,0.2206963287201389,0.1,115024.65,0.5,0.0,0.0,0.0,,,False,2025-10-28 14:40:00+00:00,10966,115413.3,signal,11.134999999999128,0.0,0.0,11.134999999999128,0.1590714285714161,-578.0100000000093,205.89999999999418,-0.8257285714285847,0.2941428571428488,8,2400.0,18.0,208.2849999999983,418.3262647378026,overlap,Tue,14,False
176,BTCUSDm,long,2025-10-28 14:45:00+00:00,10967,114796.42,0.1,114796.42,115796.42,700.0,close_below_lower,0.5721005223743897,0.05,115296.42,0.5,0.05,115296.42,25.0,10971.0,2025-10-28 15:05:00+00:00,True,2025-10-28 15:10:00+00:00,10972,115313.81,signal,50.869499999999974,0.0,0.0,50.869499999999974,0.7267071428571424,-601.5099999999948,549.8300000000017,-0.8592999999999925,0.785471428571431,5,1500.0,18.0,326.2342857142877,436.1968038955406,overlap,Tue,14,False
177,BTCUSDm,long,2025-10-28 15:45:00+00:00,10979,114561.44,0.1,114561.44,115561.44,700.0,close_below_lower,0.233700306672265,0.05,115061.44,0.5,0.05,115061.44,25.0,10987.0,2025-10-28 16:25:00+00:00,True,2025-10-28 16:30:00+00:00,10988,115067.83,signal,50.31949999999998,0.0,0.0,50.31949999999998,0.7188499999999997,-37.19000000000233,586.3000000000029,-0.05312857142857475,0.8375714285714327,9,2700.0,18.0,323.0385714285741,439.2770242108597,overlap,Tue,15,False
178,BTCUSDm,short,2025-10-28 16:55:00+00:00,10993,115425.0,0.1,116125.0,114425.0,700.0,close_above_upper,0.03543607565781223,0.1,114925.0,0.5,0.0,0.0,0.0,,,False,2025-10-28 17:55:00+00:00,11005,115430.15,signal,-0.5149999999994179,0.0,0.0,-0.5149999999994179,-0.007357142857134542,-173.07000000000698,204.44000000000233,-0.24724285714286712,0.2920571428571462,12,3600.0,18.0,213.37285714285514,422.3961774600225,newyork,Tue,16,False
179,BTCUSDm,long,2025-10-28 18:40:00+00:00,11014,114741.58,0.1,114041.58,115741.58,700.0,close_below_lower,0.057142583994321844,0.1,115241.58,0.5,0.0,0.0,0.0,,,False,2025-10-28 19:10:00+00:00,11020,115029.41,signal,28.783000000000175,0.0,0.0,28.783000000000175,0.41118571428571676,-96.97999999999593,340.58000000000175,-0.13854285714285133,0.48654285714285966,6,1800.0,18.0,176.5100000000041,434.2071599081328,newyork,Tue,18,False
180,BTCUSDm,long,2025-10-28 19:20:00+00:00,11022,114119.08,0.1,113419.08,115119.08,700.0,close_below_lower,0.77126415265002,0.1,114619.08,0.5,0.0,0.0,0.0,,,False,2025-10-28 20:00:00+00:00,11030,113419.08,sl,-70.0,0.0,0.0,-70.0,-1.0,-574.8600000000006,24.080000000001746,-0.8212285714285723,0.0344000000000025,8,2400.0,18.0,218.91642857143077,437.3731122762062,newyork,Tue,19,False
181,BTCUSDm,long,2025-10-28 20:05:00+00:00,11031,113258.45,0.1,112558.45,114258.45,700.0,close_below_lower,0.7025674257375983,0.1,113758.45,0.5,0.0,0.0,0.0,,,False,2025-10-28 20:15:00+00:00,11033,112558.45,sl,-70.0,0.0,0.0,-70.0,-1.0,-533.6100000000006,154.10000000000582,-0.7623000000000009,0.22014285714286547,2,600.0,18.0,317.856428571431,462.8343056167439,newyork,Tue,20,False
182,BTCUSDm,long,2025-10-28 20:20:00+00:00,11034,112600.5,0.1,111900.5,113600.5,700.0,close_below_lower,1.2316187270510963,0.1,113100.5,0.5,0.0,0.0,0.0,,,False,2025-10-28 21:35:00+00:00,11049,113003.66,signal,40.31600000000035,0.0,0.0,40.31600000000035,0.5759428571428622,-404.86999999999534,438.8999999999942,-0.5783857142857076,0.6269999999999917,15,4500.0,18.0,389.2400000000011,474.73879792914414,newyork,Tue,20,False
183,BTCUSDm,long,2025-10-29 14:30:00+00:00,11252,112341.69,0.1,111641.69,113341.69,700.0,close_below_lower,0.011355369391654496,0.1,112841.69,0.5,0.0,0.0,0.0,,,False,2025-10-29 15:45:00+00:00,11267,111641.69,sl,-70.0,0.0,0.0,-70.0,-1.0,-695.320000000007,412.77999999999884,-0.9933142857142957,0.5896857142857126,15,4500.0,18.0,271.45071428571515,477.8805481326714,overlap,Wed,14,False
184,BTCUSDm,long,2025-10-29 15:50:00+00:00,11268,111587.4,0.1,110887.4,112587.4,700.0,close_below_lower,0.19838699263976617,0.1,112087.4,0.5,0.0,0.0,0.0,,,False,2025-10-29 17:05:00+00:00,11283,111319.57,signal,-26.782999999998722,0.0,0.0,-26.782999999998722,-0.3826142857142675,-653.0699999999924,208.8000000000029,-0.932957142857132,0.29828571428571843,15,4500.0,18.0,273.53357142857254,487.03864663265745,overlap,Wed,15,False
185,BTCUSDm,long,2025-10-29 18:40:00+00:00,11302,109285.4,0.1,109285.4,110285.4,700.0,close_below_lower,2.882077874212311,0.05,109785.4,0.5,0.05,109785.4,25.0,11303.0,2025-10-29 18:45:00+00:00,True,2025-10-29 18:45:00+00:00,11303,110285.4,tp,75.0,0.0,0.0,75.0,1.0714285714285714,-172.72999999999593,960.2700000000041,-0.24675714285713704,1.3718142857142914,1,300.0,18.0,488.2207142857151,527.441454214976,newyork,Wed,18,False
186,BTCUSDm,long,2025-10-29 18:50:00+00:00,11304,110279.43,0.1,109579.43,111279.43,700.0,close_below_lower,0.4385095138126996,0.1,110779.43,0.5,0.0,0.0,0.0,,,False,2025-10-29 18:55:00+00:00,11305,111064.1,signal,78.46700000000129,0.0,0.0,78.46700000000129,1.1209571428571614,-26.779999999998836,1019.5300000000134,-0.03825714285714119,1.4564714285714477,1,300.0,18.0,570.3207142857146,539.6821460354718,newyork,Wed,18,False
187,BTCUSDm,long,2025-10-29 23:40:00+00:00,11362,109950.55,0.1,109250.55,110950.55,700.0,close_below_lower,0.34724300177045,0.1,110450.55,0.5,0.0,0.0,0.0,,,False,2025-10-30 00:20:00+00:00,11370,110293.2,signal,34.26499999999942,0.0,0.0,34.26499999999942,0.48949999999999166,-233.8000000000029,357.84999999999127,-0.3340000000000042,0.5112142857142732,8,2400.0,18.0,179.7428571428588,589.8914006690773,rollover,Wed,23,False
188,BTCUSDm,long,2025-10-30 04:15:00+00:00,11417,110026.87,0.1,109326.87,111026.87,700.0,close_below_lower,0.004814026206309706,0.1,110526.87,0.5,0.0,0.0,0.0,,,False,2025-10-30 04:25:00+00:00,11419,109326.87,sl,-70.0,0.0,0.0,-70.0,-1.0,-627.5199999999895,147.52000000000407,-0.8964571428571279,0.21074285714286298,2,600.0,18.0,171.83571428571616,618.1410952832064,asian,Thu,4,False
189,BTCUSDm,long,2025-10-30 04:30:00+00:00,11420,108421.17,0.1,108421.17,109421.17,700.0,close_below_lower,1.8597624199167602,0.05,108921.17,0.5,0.05,108921.17,25.0,11421.0,2025-10-30 04:35:00+00:00,True,2025-10-30 04:35:00+00:00,11421,109421.17,tp,75.0,0.0,0.0,75.0,1.0714285714285714,-498.34999999999127,2.5099999999947613,-0.7119285714285589,0.003585714285706802,1,300.0,18.0,327.8899999999994,637.6442185863515,asian,Thu,4,False
190,BTCUSDm,long,2025-10-30 04:45:00+00:00,11423,108987.45,0.1,108287.45,109987.45,700.0,close_below_lower,0.20449594342731636,0.1,109487.45,0.5,0.0,0.0,0.0,,,False,2025-10-30 05:30:00+00:00,11432,109157.61,signal,17.01600000000035,0.0,0.0,17.01600000000035,0.2430857142857193,-577.3199999999924,254.4499999999971,-0.8247428571428463,0.3634999999999958,9,2700.0,18.0,470.00214285714384,654.0949098806352,asian,Thu,4,False
191,BTCUSDm,short,2025-10-30 05:45:00+00:00,11435,109916.52,0.1,110616.52,108916.52,700.0,close_above_upper,0.1645304913544307,0.1,109416.52,0.5,0.0,0.0,0.0,,,False,2025-10-30 06:40:00+00:00,11446,110634.52,sl,-71.8,0.0,0.0,-71.8,-1.0257142857142856,-530.5999999999913,75.73000000001048,-0.7579999999999876,0.10818571428572925,11,3300.0,18.0,418.8871428571448,678.925030465968,asian,Thu,5,False
192,BTCUSDm,short,2025-10-30 06:45:00+00:00,11447,110898.01,0.1,111598.01,109898.01,700.0,close_above_upper,0.0567552301284492,0.1,110398.01,0.5,0.0,0.0,0.0,,,False,2025-10-30 07:15:00+00:00,11453,111616.01,sl,-71.8,0.0,0.0,-71.8,-1.0257142857142856,-421.5200000000041,250.50999999999476,-0.6021714285714344,0.35787142857142107,6,1800.0,18.0,276.39857142857466,707.4025258833855,asian,Thu,6,False
193,BTCUSDm,short,2025-10-30 07:20:00+00:00,11454,111532.8,0.1,111532.8,110532.8,700.0,close_above_upper,0.1439169571215865,0.05,111032.8,0.5,0.05,111050.8,24.1,11463.0,2025-10-30 08:05:00+00:00,True,2025-10-30 08:10:00+00:00,11464,111130.95,signal,44.192500000000294,0.0,0.0,44.192500000000294,0.6313214285714328,-78.19000000000233,502.820000000007,-0.11170000000000332,0.7183142857142957,10,3000.0,18.0,257.2664285714314,712.5922049845067,london,Thu,7,False
194,BTCUSDm,long,2025-10-30 12:30:00+00:00,11516,108791.46,0.1,108091.46,109791.46,700.0,close_below_lower,0.13549378215626354,0.1,109291.46,0.5,0.0,0.0,0.0,,,False,2025-10-30 13:35:00+00:00,11529,108091.46,sl,-70.0,0.0,0.0,-70.0,-1.0,-629.0200000000041,316.66999999999825,-0.8986000000000058,0.4523857142857118,13,3900.0,18.0,230.45999999999705,695.5204910623831,overlap,Thu,12,False
195,BTCUSDm,long,2025-10-30 13:45:00+00:00,11531,107487.41,0.1,107487.41,108487.41,700.0,close_below_lower,0.2786742580245188,0.05,107987.41,0.5,0.05,107987.41,25.0,11532.0,2025-10-30 13:50:00+00:00,True,2025-10-30 14:15:00+00:00,11537,108083.59,signal,54.808999999999656,0.0,0.0,54.808999999999656,0.7829857142857094,-85.65000000000873,770.7399999999907,-0.12235714285715533,1.1010571428571296,6,1800.0,18.0,303.68428571428586,697.9611314827382,overlap,Thu,13,False
196,BTCUSDm,long,2025-10-30 17:25:00+00:00,11575,106984.16,0.1,106984.16,107984.16,700.0,close_below_lower,0.15001777127343247,0.05,107484.16,0.5,0.05,107484.16,25.0,11579.0,2025-10-30 17:45:00+00:00,True,2025-10-30 17:50:00+00:00,11580,107579.61,signal,54.77249999999985,0.0,0.0,54.77249999999985,0.7824642857142836,-150.13999999999942,688.8300000000017,-0.21448571428571345,0.9840428571428597,5,1500.0,18.0,229.2214285714269,687.541520154824,newyork,Thu,17,False
197,BTCUSDm,short,2025-10-31 00:55:00+00:00,11665,109315.13,0.1,110015.13,108315.13,700.0,close_above_upper,0.00985419212585096,0.1,108815.13,0.5,0.0,0.0,0.0,,,False,2025-10-31 02:05:00+00:00,11679,109523.1,signal,-20.797000000000118,0.0,0.0,-20.797000000000118,-0.2971000000000017,-691.9799999999959,174.94000000000233,-0.9885428571428513,0.24991428571428903,14,4200.0,18.0,207.16714285714366,742.5574447003157,asian,Fri,0,False
198,BTCUSDm,short,2025-10-31 15:10:00+00:00,11836,110966.78,0.1,110966.78,109966.78,700.0,close_above_upper,0.045922877358232285,0.05,110466.78,0.5,0.05,110484.78,24.1,11838.0,2025-10-31 15:20:00+00:00,True,2025-10-31 15:40:00+00:00,11842,110216.87,signal,61.59550000000018,0.0,0.0,61.59550000000018,0.8799357142857168,-116.61000000000058,802.8399999999965,-0.16658571428571511,1.1469142857142807,6,1800.0,18.0,382.000714285716,740.0376306785753,overlap,Fri,15,False
199,BTCUSDm,long,2025-10-31 16:55:00+00:00,11857,109095.5,0.1,108395.5,110095.5,700.0,close_below_lower,0.06699355515039751,0.1,109595.5,0.5,0.0,0.0,0.0,,,False,2025-10-31 17:45:00+00:00,11867,109215.12,signal,11.961999999999534,0.0,0.0,11.961999999999534,0.17088571428570765,-533.1900000000023,176.50999999999476,-0.7617000000000034,0.25215714285713536,10,3000.0,18.0,284.74285714285674,744.5046515061808,newyork,Fri,16,False
200,BTCUSDm,short,2025-11-02 04:55:00+00:00,12277,110509.45,0.1,111209.45,109509.45,700.0,close_above_upper,0.07631093390382293,0.1,110009.45,0.5,0.0,0.0,0.0,,,False,2025-11-02 05:25:00+00:00,12283,110322.57,signal,18.68799999999901,0.0,0.0,18.68799999999901,0.2669714285714144,-245.9100000000035,227.72000000000116,-0.351300000000005,0.3253142857142874,6,1800.0,18.0,97.51714285714219,328.2992458466474,asian,Sun,4,False
201,BTCUSDm,short,2025-11-02 07:55:00+00:00,12313,110977.18,0.1,111677.18,109977.18,700.0,close_above_upper,0.3421487854036706,0.1,110477.18,0.5,0.0,0.0,0.0,,,False,2025-11-02 08:25:00+00:00,12319,110710.33,signal,26.68499999999913,0.0,0.0,26.68499999999913,0.38121428571427324,-16.630000000004657,310.50999999999476,-0.02375714285714951,0.4435857142857068,6,1800.0,18.0,110.25214285714277,305.32925483177485,london,Sun,7,False
202,BTCUSDm,short,2025-11-02 12:00:00+00:00,12362,111135.59,0.1,111835.59,110135.59,700.0,close_above_upper,0.28825872522634316,0.1,110635.59,0.5,0.0,0.0,0.0,,,False,2025-11-02 12:30:00+00:00,12368,110925.11,signal,21.047999999999593,0.0,0.0,21.047999999999593,0.30068571428570845,-61.94000000000233,277.4400000000023,-0.08848571428571761,0.3963428571428605,6,1800.0,18.0,121.58357142857027,265.0191289297633,overlap,Sun,12,False
203,BTCUSDm,long,2025-11-02 13:20:00+00:00,12378,110428.59,0.1,109728.59,111428.59,700.0,close_below_lower,0.2241364033687148,0.1,110928.59,0.5,0.0,0.0,0.0,,,False,2025-11-02 13:55:00+00:00,12385,110515.13,signal,8.654000000000815,0.0,0.0,8.654000000000815,0.12362857142858308,-296.9499999999971,91.29000000000815,-0.42421428571428155,0.13041428571429736,7,2100.0,18.0,122.12214285714332,268.36632403726776,overlap,Sun,13,False
204,BTCUSDm,long,2025-11-02 16:05:00+00:00,12411,109858.72,0.1,109158.72,110858.72,700.0,close_below_lower,0.7167421256187767,0.1,110358.72,0.5,0.0,0.0,0.0,,,False,2025-11-02 16:45:00+00:00,12419,110048.18,signal,18.945999999999184,0.0,0.0,18.945999999999184,0.2706571428571312,-145.55999999999767,256.6499999999942,-0.20794285714285382,0.36664285714284883,8,2400.0,18.0,143.37999999999946,261.22248973263845,newyork,Sun,16,False
205,BTCUSDm,long,2025-11-02 22:35:00+00:00,12489,109540.62,0.1,108840.62,110540.62,700.0,close_below_lower,0.7531944693846618,0.1,110040.62,0.5,0.0,0.0,0.0,,,False,2025-11-02 23:00:00+00:00,12494,109888.73,signal,34.81100000000006,0.0,0.0,34.81100000000006,0.4973000000000008,-32.08999999999651,348.0100000000093,-0.045842857142852154,0.4971571428571562,5,1500.0,18.0,88.41214285714106,246.10869921649396,rollover,Sun,22,False
206,BTCUSDm,short,2025-11-02 23:05:00+00:00,12495,110139.72,0.1,110839.72,109139.72,700.0,close_above_upper,0.17889189116888335,0.1,109639.72,0.5,0.0,0.0,0.0,,,False,2025-11-03 00:30:00+00:00,12512,110346.38,signal,-20.666000000000352,0.0,0.0,-20.666000000000352,-0.29522857142857645,-609.8000000000029,54.64999999999418,-0.8711428571428613,0.07807142857142026,17,5100.0,18.0,158.3128571428554,250.148081200074,rollover,Sun,23,False
207,BTCUSDm,long,2025-11-03 00:55:00+00:00,12517,110062.08,0.1,109362.08,111062.08,700.0,close_below_lower,0.20163234504954716,0.1,110562.08,0.5,0.0,0.0,0.0,,,False,2025-11-03 01:35:00+00:00,12525,109362.08,sl,-70.0,0.0,0.0,-70.0,-1.0,-603.1500000000087,0.0,-0.8616428571428696,0.0,8,2400.0,18.0,155.8292857142889,272.81649136070564,asian,Mon,0,False
208,BTCUSDm,long,2025-11-03 02:30:00+00:00,12536,109255.31,0.1,108555.31,110255.31,700.0,close_below_lower,0.23471817339967982,0.1,109755.31,0.5,0.0,0.0,0.0,,,False,2025-11-03 03:10:00+00:00,12544,108555.31,sl,-70.0,0.0,0.0,-70.0,-1.0,-595.3999999999942,0.0,-0.8505714285714202,0.0,8,2400.0,18.0,225.40214285714006,294.29597576219976,asian,Mon,2,False
209,BTCUSDm,long,2025-11-03 03:15:00+00:00,12545,108245.58,0.1,107545.58,109245.58,700.0,close_below_lower,1.5594881802966756,0.1,108745.58,0.5,0.0,0.0,0.0,,,False,2025-11-03 04:05:00+00:00,12555,107545.58,sl,-70.0,0.0,0.0,-70.0,-1.0,-660.6999999999971,228.0500000000029,-0.9438571428571387,0.32578571428571845,10,3000.0,18.0,260.6900000000002,315.7813134875276,asian,Mon,3,False
210,BTCUSDm,long,2025-11-03 04:10:00+00:00,12556,107762.66,0.1,107062.66,108762.66,700.0,close_below_lower,0.24763425771505007,0.1,108262.66,0.5,0.0,0.0,0.0,,,False,2025-11-03 04:40:00+00:00,12562,107936.07,signal,17.34100000000035,0.0,0.0,17.34100000000035,0.2477285714285764,-292.3700000000099,177.3799999999901,-0.4176714285714427,0.25339999999998586,6,1800.0,18.0,280.2714285714298,341.0323917392542,asian,Mon,4,False
211,BTCUSDm,long,2025-11-03 15:25:00+00:00,12691,107111.22,0.1,106411.22,108111.22,700.0,close_below_lower,0.3883724938965676,0.1,107611.22,0.5,0.0,0.0,0.0,,,False,2025-11-03 15:30:00+00:00,12692,105975.78,sl,-113.54400000000024,0.0,0.0,-113.54400000000024,-1.6220571428571462,-1433.1800000000076,27.770000000004075,-2.0474000000000108,0.039671428571434394,1,300.0,18.0,281.597142857145,416.076113892908,overlap,Mon,15,False
212,BTCUSDm,long,2025-11-03 15:35:00+00:00,12693,105926.02,0.1,105926.02,106926.02,700.0,close_below_lower,2.2945673908266855,0.05,106426.02,0.5,0.05,106426.02,25.0,12694.0,2025-11-03 15:40:00+00:00,True,2025-11-03 15:45:00+00:00,12695,105926.02,be_stop,25.0,0.0,0.0,25.0,0.35714285714285715,-77.55000000000291,601.5399999999936,-0.11078571428571844,0.859342857142848,2,600.0,18.0,400.3442857142883,430.99891968928216,overlap,Mon,15,False
213,BTCUSDm,long,2025-11-03 15:50:00+00:00,12696,105749.6,0.1,105749.6,106749.6,700.0,close_below_lower,1.6309012671662615,0.05,106249.6,0.5,0.05,106249.6,25.0,12701.0,2025-11-03 16:15:00+00:00,True,2025-11-03 16:20:00+00:00,12702,106263.75,signal,50.70749999999971,0.0,0.0,50.70749999999971,0.7243928571428531,-452.63000000000466,539.1499999999942,-0.6466142857142924,0.7702142857142774,6,1800.0,18.0,472.337142857145,444.16978951600606,overlap,Mon,15,False
214,BTCUSDm,short,2025-11-03 17:25:00+00:00,12715,107237.58,0.1,107937.58,106237.58,700.0,close_above_upper,0.27126665440514114,0.1,106737.58,0.5,0.0,0.0,0.0,,,False,2025-11-03 18:15:00+00:00,12725,107208.62,signal,2.8960000000006403,0.0,0.0,2.8960000000006403,0.04137142857143772,-411.08000000000175,212.94000000000233,-0.5872571428571454,0.3042000000000033,10,3000.0,18.0,344.97714285714443,489.07067990916903,newyork,Mon,17,False
215,BTCUSDm,long,2025-11-04 05:25:00+00:00,12859,105744.38,0.1,105044.38,106744.38,700.0,close_below_lower,0.49402360436471343,0.1,106244.38,0.5,0.0,0.0,0.0,,,False,2025-11-04 05:40:00+00:00,12862,105044.38,sl,-70.0,0.0,0.0,-70.0,-1.0,-570.0900000000111,155.15999999998894,-0.8144142857143015,0.22165714285712707,3,900.0,18.0,214.04071428571373,589.5845454286068,asian,Tue,5,False
216,BTCUSDm,long,2025-11-04 05:45:00+00:00,12863,104923.75,0.1,104223.75,105923.75,700.0,close_below_lower,0.8978593983074846,0.1,105423.75,0.5,0.0,0.0,0.0,,,False,2025-11-04 05:55:00+00:00,12865,104223.75,sl,-70.0,0.0,0.0,-70.0,-1.0,-551.7899999999936,127.57000000000698,-0.7882714285714194,0.18224285714286712,2,600.0,18.0,286.5792857142847,606.0902486070386,asian,Tue,5,False
217,BTCUSDm,long,2025-11-04 06:00:00+00:00,12866,104180.81,0.1,104180.81,105180.81,700.0,close_below_lower,1.1117303324404975,0.05,104680.81,0.5,0.05,104680.81,25.0,12868.0,2025-11-04 06:10:00+00:00,True,2025-11-04 06:15:00+00:00,12869,105180.81,tp,75.0,0.0,0.0,75.0,1.0714285714285714,-43.80999999999767,668.6500000000087,-0.06258571428571096,0.9552142857142982,3,900.0,18.0,350.3428571428563,626.6130161822159,asian,Tue,6,False
218,BTCUSDm,long,2025-11-04 14:40:00+00:00,12970,103048.39,0.1,102348.39,104048.39,700.0,close_below_lower,0.04179727346439738,0.1,103548.39,0.5,0.0,0.0,0.0,,,False,2025-11-04 14:45:00+00:00,12971,103867.46,signal,81.9070000000007,0.0,0.0,81.9070000000007,1.1701000000000101,-109.88000000000466,860.3099999999977,-0.15697142857143523,1.2290142857142823,1,300.0,18.0,254.17071428571424,685.3516296168974,overlap,Tue,14,False
219,BTCUSDm,long,2025-11-04 16:00:00+00:00,12986,103172.17,0.1,102472.17,104172.17,700.0,close_below_lower,0.2324075060073957,0.1,103672.17,0.5,0.0,0.0,0.0,,,False,2025-11-04 16:20:00+00:00,12990,102472.17,sl,-70.0,0.0,0.0,-70.0,-1.0,-432.3999999999942,292.8000000000029,-0.6177142857142774,0.4182857142857184,4,1200.0,18.0,422.47428571428674,718.7441876672657,newyork,Tue,16,False
220,BTCUSDm,long,2025-11-04 16:25:00+00:00,12991,102568.31,0.1,101868.31,103568.31,700.0,close_below_lower,0.30114500139825995,0.1,103068.31,0.5,0.0,0.0,0.0,,,False,2025-11-04 17:00:00+00:00,12998,101868.31,sl,-70.0,0.0,0.0,-70.0,-1.0,-468.36999999999534,412.7700000000041,-0.6690999999999934,0.5896714285714344,7,2100.0,18.0,387.297142857141,735.6084328955908,newyork,Tue,16,False
221,BTCUSDm,long,2025-11-04 17:05:00+00:00,12999,101757.03,0.1,101057.03,102757.03,700.0,close_below_lower,0.24437083106026503,0.1,102257.03,0.5,0.0,0.0,0.0,,,False,2025-11-04 17:15:00+00:00,13001,101057.03,sl,-70.0,0.0,0.0,-70.0,-1.0,-575.6100000000006,185.68000000000757,-0.8223000000000008,0.2652571428571537,2,600.0,18.0,372.2728571428566,752.5557781958498,newyork,Tue,17,False
222,BTCUSDm,long,2025-11-04 17:20:00+00:00,13002,100882.72,0.1,100882.72,101882.72,700.0,close_below_lower,0.7087909738843843,0.05,101382.72,0.5,0.05,101382.72,25.0,13003.0,2025-11-04 17:25:00+00:00,True,2025-11-04 17:35:00+00:00,13005,101882.72,tp,75.0,0.0,0.0,75.0,1.0714285714285714,-39.11999999999534,836.6000000000058,-0.055885714285707634,1.1951428571428655,3,900.0,18.0,414.7264285714295,769.8714762375627,newyork,Tue,17,False
223,BTCUSDm,long,2025-11-04 21:35:00+00:00,13053,99079.41,0.1,99079.41,100079.41,700.0,close_below_lower,0.47683457642769217,0.05,99579.41,0.5,0.05,99579.41,25.0,13055.0,2025-11-04 21:45:00+00:00,True,2025-11-04 21:50:00+00:00,13056,99079.41,be_stop,25.0,0.0,0.0,25.0,0.35714285714285715,-199.22000000000116,646.3099999999977,-0.2846000000000017,0.9232999999999967,3,900.0,18.0,459.23785714285833,794.8834647547812,rollover,Tue,21,False
224,BTCUSDm,short,2025-11-04 22:10:00+00:00,13060,100926.73,0.1,101626.73,99926.73,700.0,close_above_upper,0.15400274872758862,0.1,100426.73,0.5,0.0,0.0,0.0,,,False,2025-11-04 22:35:00+00:00,13065,101644.73,sl,-71.8,0.0,0.0,-71.8,-1.0257142857142856,-654.6200000000099,190.40999999998894,-0.9351714285714428,0.2720142857142699,5,1500.0,18.0,499.36857142857065,805.6328977171647,rollover,Tue,22,False
225,BTCUSDm,long,2025-11-05 01:20:00+00:00,13098,99676.2,0.1,98976.2,100676.2,700.0,close_below_lower,0.021464419509386556,0.1,100176.2,0.5,0.0,0.0,0.0,,,False,2025-11-05 01:30:00+00:00,13100,98976.2,sl,-70.0,0.0,0.0,-70.0,-1.0,-630.2899999999936,86.3700000000099,-0.9004142857142766,0.12338571428572842,2,600.0,18.0,335.26428571428136,864.0993215488771,asian,Wed,1,False
226,BTCUSDm,long,2025-11-05 01:35:00+00:00,13101,99116.85,0.1,99116.85,100116.85,700.0,close_below_lower,0.1420050717498497,0.05,99616.85,0.5,0.05,99616.85,25.0,13103.0,2025-11-05 01:45:00+00:00,True,2025-11-05 01:50:00+00:00,13104,99871.62,signal,62.738499999999476,0.0,0.0,62.738499999999476,0.8962642857142782,-185.22000000000116,819.0399999999936,-0.26460000000000167,1.1700571428571338,3,900.0,18.0,377.87714285713963,882.340719543121,asian,Wed,1,False
227,BTCUSDm,short,2025-11-05 02:05:00+00:00,13107,101195.22,0.1,101895.22,100195.22,700.0,close_above_upper,0.2896272559687549,0.1,100695.22,0.5,0.0,0.0,0.0,,,False,2025-11-05 02:45:00+00:00,13115,101913.22,sl,-71.8,0.0,0.0,-71.8,-1.0257142857142856,-514.8600000000006,308.9100000000035,-0.7355142857142866,0.44130000000000497,8,2400.0,18.0,519.8978571428567,906.3913593589482,asian,Wed,2,False
228,BTCUSDm,long,2025-11-06 16:40:00+00:00,13570,100908.58,0.1,100908.58,101908.58,700.0,close_below_lower,0.36694701434771615,0.05,101408.58,0.5,0.05,101408.58,25.0,13576.0,2025-11-06 17:10:00+00:00,True,2025-11-06 17:15:00+00:00,13577,100907.12,be_stop,24.92699999999968,0.0,0.0,24.92699999999968,0.3560999999999954,-698.25,514.7799999999988,-0.9975,0.7353999999999984,7,2100.0,18.0,357.5185714285721,638.9747996481873,newyork,Thu,16,False
229,BTCUSDm,short,2025-11-06 18:50:00+00:00,13596,102218.28,0.1,102218.28,101218.28,700.0,close_above_upper,0.13193451091845065,0.05,101718.28,0.5,0.05,101736.28,24.1,13597.0,2025-11-06 18:55:00+00:00,True,2025-11-06 19:25:00+00:00,13603,101700.2,signal,50.00400000000009,0.0,0.0,50.00400000000009,0.7143428571428584,-61.19000000000233,698.0399999999936,-0.08741428571428904,0.9971999999999909,7,2100.0,18.0,319.7771428571432,647.6099860153987,newyork,Thu,18,False
230,BTCUSDm,long,2025-11-07 11:15:00+00:00,13793,100053.45,0.1,99353.45,101053.45,700.0,close_below_lower,0.009482801172570807,0.1,100553.45,0.5,0.0,0.0,0.0,,,False,2025-11-07 11:55:00+00:00,13801,100346.83,signal,29.338000000000466,0.0,0.0,29.338000000000466,0.4191142857142924,-320.4499999999971,497.7700000000041,-0.45778571428571013,0.7111000000000058,8,2400.0,18.0,211.61000000000058,578.5412891360211,london,Fri,11,False
231,BTCUSDm,long,2025-11-07 12:50:00+00:00,13812,99356.23,0.1,98656.23,100356.23,700.0,close_below_lower,0.021448991048719862,0.1,99856.23,0.5,0.0,0.0,0.0,,,False,2025-11-07 13:10:00+00:00,13816,99809.5,signal,45.32700000000041,0.0,0.0,45.32700000000041,0.6475285714285773,-192.39999999999418,456.6399999999994,-0.27485714285713453,0.6523428571428563,4,1200.0,18.0,239.82142857142858,591.6012633995256,overlap,Fri,12,False
232,BTCUSDm,short,2025-11-07 15:15:00+00:00,13841,101079.49,0.1,101079.49,100079.49,700.0,close_above_upper,0.045057811383397525,0.05,100579.49,0.5,0.05,100597.49,24.1,13845.0,2025-11-07 15:35:00+00:00,True,2025-11-07 15:40:00+00:00,13846,100454.94,signal,55.32750000000015,0.0,0.0,55.32750000000015,0.7903928571428592,-116.55999999999767,753.0200000000041,-0.1665142857142824,1.0757428571428629,5,1500.0,18.0,433.4549999999986,611.0126759883393,overlap,Fri,15,False
233,BTCUSDm,short,2025-11-07 16:30:00+00:00,13856,101440.5,0.1,101440.5,100440.5,700.0,close_above_upper,0.026996156296340227,0.05,100940.5,0.5,0.05,100958.5,24.1,13861.0,2025-11-07 16:55:00+00:00,True,2025-11-07 17:05:00+00:00,13863,101026.22,signal,44.81399999999994,0.0,0.0,44.81399999999994,0.6401999999999992,-109.05999999999767,558.1300000000047,-0.15579999999999666,0.797328571428578,7,2100.0,18.0,361.96571428571144,615.830218983672,newyork,Fri,16,False
234,BTCUSDm,short,2025-11-07 17:25:00+00:00,13867,102097.73,0.1,102797.73,101097.73,700.0,close_above_upper,0.3026387770420864,0.1,101597.73,0.5,0.0,0.0,0.0,,,False,2025-11-07 18:50:00+00:00,13884,102424.48,signal,-32.675000000000004,0.0,0.0,-32.675000000000004,-0.46678571428571436,-699.9400000000023,292.679999999993,-0.9999142857142891,0.4181142857142757,17,5100.0,18.0,367.9957142857134,621.3642247444034,newyork,Fri,17,False
235,BTCUSDm,long,2025-11-09 00:20:00+00:00,14238,101672.97,0.1,100972.97,102672.97,700.0,close_below_lower,0.18135995823285847,0.1,102172.97,0.5,0.0,0.0,0.0,,,False,2025-11-09 01:15:00+00:00,14249,101928.7,signal,25.572999999999595,0.0,0.0,25.572999999999595,0.3653285714285657,-74.66999999999825,374.56999999999243,-0.10667142857142607,0.5350999999999891,11,3300.0,18.0,104.39857142857052,479.6176253861929,asian,Sun,0,False
236,BTCUSDm,short,2025-11-09 13:35:00+00:00,14397,102632.74,0.1,103332.74,101632.74,700.0,close_above_upper,0.025544296678914266,0.1,102132.74,0.5,0.0,0.0,0.0,,,False,2025-11-09 14:25:00+00:00,14407,103350.74,sl,-71.8,0.0,0.0,-71.8,-1.0257142857142856,-682.3600000000006,65.6200000000099,-0.9748000000000008,0.09374285714287128,10,3000.0,18.0,129.55285714285543,335.0859032806195,overlap,Sun,13,False
237,BTCUSDm,short,2025-11-09 14:30:00+00:00,14408,103841.97,0.1,103841.97,102841.97,700.0,close_above_upper,1.600381898320409,0.05,103341.97,0.5,0.05,103359.97,24.1,14409.0,2025-11-09 14:35:00+00:00,True,2025-11-09 14:50:00+00:00,14412,103050.74,signal,63.6614999999998,0.0,0.0,63.6614999999998,0.9094499999999971,-183.39999999999418,846.1800000000076,-0.2619999999999917,1.2088285714285822,4,1200.0,18.0,229.249285714284,345.041456559249,overlap,Sun,14,False
238,BTCUSDm,short,2025-11-09 15:45:00+00:00,14423,103815.07,0.1,104515.07,102815.07,700.0,close_above_upper,0.05409591330141738,0.1,103315.07,0.5,0.0,0.0,0.0,,,False,2025-11-09 16:10:00+00:00,14428,103545.96,signal,26.911000000000058,0.0,0.0,26.911000000000058,0.384442857142858,-387.7899999999936,349.25,-0.5539857142857051,0.49892857142857144,5,1500.0,18.0,245.82857142857287,352.9600575605454,overlap,Sun,15,False
239,BTCUSDm,short,2025-11-09 18:50:00+00:00,14460,104299.86,0.1,104999.86,103299.86,700.0,close_above_upper,0.7622642525725657,0.1,103799.86,0.5,0.0,0.0,0.0,,,False,2025-11-09 20:05:00+00:00,14475,105017.86,sl,-71.8,0.0,0.0,-71.8,-1.0257142857142856,-676.8800000000047,181.05999999999767,-0.9669714285714353,0.25865714285713953,15,4500.0,18.0,154.47928571428514,339.8528996236292,newyork,Sun,18,False
240,BTCUSDm,long,2025-11-09 22:10:00+00:00,14500,104107.57,0.1,104107.57,105107.57,700.0,close_below_lower,0.20451405192854513,0.05,104607.57,0.5,0.05,104607.57,25.0,14501.0,2025-11-09 22:15:00+00:00,True,2025-11-09 22:20:00+00:00,14502,104589.24,signal,49.083499999999916,0.0,0.0,49.083499999999916,0.701192857142856,-18.0,565.6199999999953,-0.025714285714285714,0.8080285714285648,2,600.0,18.0,166.4671428571424,354.95894762577484,rollover,Sun,22,False
241,BTCUSDm,short,2025-11-09 23:05:00+00:00,14511,105137.67,0.1,105137.67,104137.67,700.0,close_above_upper,0.7220875702566592,0.05,104637.67,0.5,0.05,104655.67,24.1,14515.0,2025-11-09 23:25:00+00:00,True,2025-11-09 23:30:00+00:00,14516,104655.56,signal,48.20550000000003,0.0,0.0,48.20550000000003,0.6886500000000004,-15.919999999998254,530.9900000000052,-0.022742857142854647,0.7585571428571504,5,1500.0,18.0,276.68357142856775,362.01224414393425,rollover,Sun,23,False
242,BTCUSDm,short,2025-11-10 00:20:00+00:00,14526,105226.25,0.1,105926.25,104226.25,700.0,close_above_upper,0.3305540144629317,0.1,104726.25,0.5,0.0,0.0,0.0,,,False,2025-11-10 00:35:00+00:00,14529,105944.25,sl,-71.8,0.0,0.0,-71.8,-1.0257142857142856,-486.5399999999936,23.080000000001746,-0.6950571428571337,0.032971428571431066,3,900.0,18.0,242.90928571428645,366.8479069600027,asian,Mon,0,False
243,BTCUSDm,short,2025-11-10 00:40:00+00:00,14530,105987.41,0.1,106687.41,104987.41,700.0,close_above_upper,1.298891790124136,0.1,105487.41,0.5,0.0,0.0,0.0,,,False,2025-11-10 01:35:00+00:00,14541,105823.65,signal,16.376000000000932,0.0,0.0,16.376000000000932,0.23394285714287047,-679.0500000000029,205.93000000000757,-0.9700714285714327,0.2941857142857251,11,3300.0,18.0,280.817857142858,382.75025011277245,asian,Mon,0,False
244,BTCUSDm,short,2025-11-10 13:10:00+00:00,14680,106525.19,0.1,107225.19,105525.19,700.0,close_above_upper,0.17676409826306366,0.1,106025.19,0.5,0.0,0.0,0.0,,,False,2025-11-10 13:25:00+00:00,14683,106083.78,signal,44.14100000000035,0.0,0.0,44.14100000000035,0.6305857142857193,-17.05000000000291,496.6100000000006,-0.024357142857147015,0.7094428571428579,3,900.0,18.0,166.4221428571452,415.82905045484085,overlap,Mon,13,False
245,BTCUSDm,long,2025-11-10 14:40:00+00:00,14698,105619.15,0.1,104919.15,106619.15,700.0,close_below_lower,0.3675745733568988,0.1,106119.15,0.5,0.0,0.0,0.0,,,False,2025-11-10 14:50:00+00:00,14700,104919.15,sl,-70.0,0.0,0.0,-70.0,-1.0,-451.84999999999127,139.84000000001106,-0.6454999999999875,0.19977142857144436,2,600.0,18.0,210.46642857143055,428.14897047910114,overlap,Mon,14,False
246,BTCUSDm,long,2025-11-10 14:55:00+00:00,14701,104690.72,0.1,104690.72,105690.72,700.0,close_below_lower,1.7094355448720773,0.05,105190.72,0.5,0.05,105190.72,25.0,14703.0,2025-11-10 15:05:00+00:00,True,2025-11-10 15:30:00+00:00,14708,105450.45,signal,62.9864999999998,0.0,0.0,62.9864999999998,0.89980714285714,-48.11000000000058,790.2700000000041,-0.06872857142857226,1.1289571428571488,7,2100.0,18.0,272.32500000000226,442.6167671309305,overlap,Mon,14,False
247,BTCUSDm,short,2025-11-11 01:20:00+00:00,14826,107316.34,0.1,107316.34,106316.34,700.0,close_above_upper,1.4458313318909664,0.05,106816.34,0.5,0.05,106834.34,24.1,14827.0,2025-11-11 01:25:00+00:00,True,2025-11-11 01:35:00+00:00,14829,106334.34,tp,73.2,0.0,0.0,73.2,1.0457142857142858,-155.8700000000099,789.5199999999895,-0.2226714285714427,1.1278857142856993,3,900.0,18.0,262.15571428571275,518.4413287300245,asian,Tue,1,False
248,BTCUSDm,long,2025-11-11 12:50:00+00:00,14964,104452.04,0.1,103752.04,105452.04,700.0,close_below_lower,0.06840043661356103,0.1,104952.04,0.5,0.0,0.0,0.0,,,False,2025-11-11 14:20:00+00:00,14982,104466.61,signal,1.4570000000006986,0.0,0.0,1.4570000000006986,0.020814285714295694,-258.9399999999878,243.23000000001048,-0.36991428571426826,0.34747142857144353,18,5400.0,18.0,180.39999999999938,543.6724000045989,overlap,Tue,12,False
249,BTCUSDm,short,2025-11-12 08:40:00+00:00,15202,104144.79,0.1,104844.79,103144.79,700.0,close_above_upper,0.2751025081742888,0.1,103644.79,0.5,0.0,0.0,0.0,,,False,2025-11-12 09:10:00+00:00,15208,104862.79,sl,-71.8,0.0,0.0,-71.8,-1.0257142857142856,-320.6200000000099,167.76999999998952,-0.45802857142858555,0.2396714285714136,6,1800.0,18.0,173.7071428571414,482.2580998265992,london,Wed,8,False
250,BTCUSDm,short,2025-11-12 09:15:00+00:00,15209,104770.36,0.1,105470.36,103770.36,700.0,close_above_upper,0.509278610565943,0.1,104270.36,0.5,0.0,0.0,0.0,,,False,2025-11-12 10:00:00+00:00,15218,104522.04,signal,24.8320000000007,0.0,0.0,24.8320000000007,0.35474285714286713,-305.77999999999884,377.1900000000023,-0.4368285714285698,0.5388428571428605,9,2700.0,18.0,205.73928571428405,490.7199623930103,london,Wed,9,False
251,BTCUSDm,long,2025-11-12 14:50:00+00:00,15276,103938.92,0.1,103238.92,104938.92,700.0,close_below_lower,0.7024581568741822,0.1,104438.92,0.5,0.0,0.0,0.0,,,False,2025-11-12 15:35:00+00:00,15285,103238.92,sl,-70.0,0.0,0.0,-70.0,-1.0,-683.5299999999988,365.68000000000757,-0.9764714285714269,0.5224000000000109,9,2700.0,18.0,246.70142857142804,485.3158257132353,overlap,Wed,14,False
252,BTCUSDm,long,2025-11-12 15:40:00+00:00,15286,102897.33,0.1,102197.33,103897.33,700.0,close_below_lower,0.8881222603032327,0.1,103397.33,0.5,0.0,0.0,0.0,,,False,2025-11-12 15:50:00+00:00,15288,102197.33,sl,-70.0,0.0,0.0,-70.0,-1.0,-414.4100000000035,45.44999999999709,-0.5920142857142907,0.06492857142856727,2,600.0,18.0,445.2485714285732,506.8905008149069,overlap,Wed,15,False
253,BTCUSDm,long,2025-11-12 15:55:00+00:00,15289,102100.02,0.1,101400.02,103100.02,700.0,close_below_lower,1.4571376926091508,0.1,102600.02,0.5,0.0,0.0,0.0,,,False,2025-11-12 16:10:00+00:00,15292,101400.02,sl,-70.0,0.0,0.0,-70.0,-1.0,-341.1200000000099,173.38999999999942,-0.48731428571429986,0.24769999999999917,3,900.0,18.0,495.45500000000175,524.9023841797448,overlap,Wed,15,False
254,BTCUSDm,long,2025-11-12 16:15:00+00:00,15293,101513.3,0.1,101513.3,102513.3,700.0,close_below_lower,1.1725711541711505,0.05,102013.3,0.5,0.05,102013.3,25.0,15296.0,2025-11-12 16:30:00+00:00,True,2025-11-12 16:45:00+00:00,15299,101513.3,be_stop,25.0,0.0,0.0,25.0,0.35714285714285715,-74.13999999999942,586.5899999999965,-0.10591428571428488,0.8379857142857093,6,1800.0,18.0,425.91857142857253,549.8928511684701,newyork,Wed,16,False
255,BTCUSDm,short,2025-11-13 01:15:00+00:00,15401,102370.22,0.1,102370.22,101370.22,700.0,close_above_upper,0.03327125072494457,0.05,101870.22,0.5,0.05,101888.22,24.1,15403.0,2025-11-13 01:25:00+00:00,True,2025-11-13 01:40:00+00:00,15406,102388.22,be_stop,23.200000000000003,0.0,0.0,23.200000000000003,0.33142857142857146,-70.72000000000116,535.3099999999977,-0.10102857142857309,0.7647285714285681,5,1500.0,18.0,226.24000000000004,504.76370095858147,asian,Thu,1,False
256,BTCUSDm,long,2025-11-13 03:15:00+00:00,15425,101351.34,0.1,101351.34,102351.34,700.0,close_below_lower,0.3247891964494615,0.05,101851.34,0.5,0.05,101851.34,25.0,15427.0,2025-11-13 03:25:00+00:00,True,2025-11-13 03:30:00+00:00,15428,102112.68,signal,63.06699999999983,0.0,0.0,63.06699999999983,0.9009571428571405,-461.3399999999965,788.8700000000099,-0.6590571428571379,1.126957142857157,3,900.0,18.0,189.74500000000054,505.6106175718789,asian,Thu,3,False
257,BTCUSDm,short,2025-11-13 05:50:00+00:00,15456,102729.31,0.1,103429.31,101729.31,700.0,close_above_upper,0.02487531297319931,0.1,102229.31,0.5,0.0,0.0,0.0,,,False,2025-11-13 06:20:00+00:00,15462,103447.31,sl,-71.8,0.0,0.0,-71.8,-1.0257142857142856,-648.9199999999983,17.580000000001746,-0.927028571428569,0.02511428571428821,6,1800.0,18.0,192.61214285714232,521.5261723580231,asian,Thu,5,False
258,BTCUSDm,short,2025-11-13 06:25:00+00:00,15463,103501.86,0.1,104201.86,102501.86,700.0,close_above_upper,0.2602834096986039,0.1,103001.86,0.5,0.0,0.0,0.0,,,False,2025-11-13 07:40:00+00:00,15478,103632.09,signal,-13.022999999999593,0.0,0.0,-13.022999999999593,-0.18604285714285132,-535.2200000000012,217.5500000000029,-0.7646000000000016,0.31078571428571844,15,4500.0,18.0,260.3699999999995,535.9087925699691,asian,Thu,6,False
259,BTCUSDm,long,2025-11-13 09:10:00+00:00,15496,102810.68,0.1,102110.68,103810.68,700.0,close_below_lower,0.3486606155610265,0.1,103310.68,0.5,0.0,0.0,0.0,,,False,2025-11-13 10:10:00+00:00,15508,103003.42,signal,19.274000000000527,0.0,0.0,19.274000000000527,0.27534285714286466,-276.3299999999872,331.63000000000466,-0.39475714285712454,0.4737571428571495,12,3600.0,18.0,216.35285714285732,539.0638269749224,london,Thu,9,False
260,BTCUSDm,long,2025-11-13 13:35:00+00:00,15549,102368.74,0.1,102368.74,103368.74,700.0,close_below_lower,0.011521358646357003,0.05,102868.74,0.5,0.05,102868.74,25.0,15564.0,2025-11-13 14:50:00+00:00,True,2025-11-13 14:50:00+00:00,15564,103368.74,tp,75.0,0.0,0.0,75.0,1.0714285714285714,-668.2799999999988,273.54999999998836,-0.9546857142857126,0.39078571428569764,15,4500.0,18.0,173.41357142856785,537.5530672873949,overlap,Thu,13,False
261,BTCUSDm,long,2025-11-13 15:45:00+00:00,15575,101585.11,0.1,100885.11,102585.11,700.0,close_below_lower,0.2022485063867928,0.1,102085.11,0.5,0.0,0.0,0.0,,,False,2025-11-13 16:15:00+00:00,15581,100885.11,sl,-70.0,0.0,0.0,-70.0,-1.0,-586.4700000000012,16.369999999995343,-0.8378142857142874,0.023385714285707633,6,1800.0,18.0,577.9264285714277,556.9116162001658,overlap,Thu,15,False
262,BTCUSDm,long,2025-11-13 16:20:00+00:00,15582,100820.59,0.1,100820.59,101820.59,700.0,close_below_lower,0.2992212215791555,0.05,101320.59,0.5,0.05,101320.59,25.0,15584.0,2025-11-13 16:30:00+00:00,True,2025-11-13 16:40:00+00:00,15586,100820.59,be_stop,25.0,0.0,0.0,25.0,0.35714285714285715,-164.8000000000029,572.9700000000012,-0.2354285714285756,0.818528571428573,4,1200.0,18.0,379.47357142857174,577.2773014921935,newyork,Thu,16,False
263,BTCUSDm,long,2025-11-13 18:00:00+00:00,15602,99618.3,0.1,98918.3,100618.3,700.0,close_below_lower,0.06149168168404727,0.1,100118.3,0.5,0.0,0.0,0.0,,,False,2025-11-13 18:25:00+00:00,15607,98918.3,sl,-70.0,0.0,0.0,-70.0,-1.0,-681.0599999999977,249.1299999999901,-0.9729428571428538,0.35589999999998584,5,1500.0,18.0,298.32571428571515,611.4921544119757,newyork,Thu,18,False
264,BTCUSDm,long,2025-11-13 18:35:00+00:00,15609,98547.74,0.1,97847.74,99547.74,700.0,close_below_lower,0.536896435221569,0.1,99047.74,0.5,0.0,0.0,0.0,,,False,2025-11-13 19:25:00+00:00,15619,98823.72,signal,27.597999999999594,0.0,0.0,27.597999999999594,0.39425714285713703,-476.20000000001164,303.2699999999895,-0.6802857142857309,0.43324285714284216,10,3000.0,18.0,353.095714285713,637.2446822297195,newyork,Thu,18,False
265,BTCUSDm,long,2025-11-14 00:10:00+00:00,15676,99167.38,0.1,99167.38,100167.38,700.0,close_below_lower,0.01034226977008896,0.05,99667.38,0.5,0.05,99667.38,25.0,15680.0,2025-11-14 00:30:00+00:00,True,2025-11-14 00:35:00+00:00,15681,99623.47,signal,47.80449999999983,0.0,0.0,47.80449999999983,0.6829214285714261,-444.15000000000873,563.7200000000012,-0.6345000000000125,0.8053142857142874,5,1500.0,18.0,302.4092857142844,724.4031438920563,asian,Fri,0,False
266,BTCUSDm,long,2025-11-14 04:35:00+00:00,15729,97678.47,0.1,96978.47,98678.47,700.0,close_below_lower,0.6076469488377146,0.1,98178.47,0.5,0.0,0.0,0.0,,,False,2025-11-14 04:40:00+00:00,15730,96867.75,sl,-81.07200000000012,0.0,0.0,-81.07200000000012,-1.1581714285714302,-1048.6499999999942,469.5,-1.4980714285714203,0.6707142857142857,1,300.0,18.0,277.0728571428585,741.7479100653266,asian,Fri,4,False
267,BTCUSDm,long,2025-11-14 04:45:00+00:00,15731,97560.16,0.1,96860.16,98560.16,700.0,close_below_lower,0.27843029666028374,0.1,98060.16,0.5,0.0,0.0,0.0,,,False,2025-11-14 05:50:00+00:00,15744,97476.83,signal,-8.333000000000174,0.0,0.0,-8.333000000000174,-0.11904285714285963,-572.6500000000087,425.5899999999965,-0.818071428571441,0.6079857142857092,13,3900.0,18.0,426.7300000000011,756.4417915739944,asian,Fri,4,False
268,BTCUSDm,long,2025-11-14 12:40:00+00:00,15826,94978.94,0.1,94978.94,95978.94,700.0,close_below_lower,0.03739332733820572,0.05,95478.94,0.5,0.05,95478.94,25.0,15828.0,2025-11-14 12:50:00+00:00,True,2025-11-14 13:10:00+00:00,15832,94978.94,be_stop,25.0,0.0,0.0,25.0,0.35714285714285715,-497.63000000000466,653.2099999999919,-0.7109000000000066,0.9331571428571312,6,1800.0,18.0,395.33999999999753,749.9350911136307,overlap,Fri,12,False
269,BTCUSDm,short,2025-11-14 14:40:00+00:00,15850,96208.9,0.1,96908.9,95208.9,700.0,close_above_upper,0.10364585658268123,0.1,95708.9,0.5,0.0,0.0,0.0,,,False,2025-11-14 15:20:00+00:00,15858,95997.36,signal,21.15399999999936,0.0,0.0,21.15399999999936,0.30219999999999086,-519.3800000000047,444.86999999999534,-0.7419714285714353,0.6355285714285648,8,2400.0,18.0,482.15071428571326,772.4930589478025,overlap,Fri,14,False
270,BTCUSDm,short,2025-11-16 10:00:00+00:00,16370,96542.65,0.1,97242.65,95542.65,700.0,close_above_upper,0.02147196657805972,0.1,96042.65,0.5,0.0,0.0,0.0,,,False,2025-11-16 11:05:00+00:00,16383,96360.64,signal,18.20099999999948,0.0,0.0,18.20099999999948,0.26001428571427826,0.0,241.86000000000058,0.0,0.34551428571428655,13,3900.0,18.0,149.4757142857114,455.26158498375503,london,Sun,10,False
271,BTCUSDm,long,2025-11-16 11:25:00+00:00,16387,95693.96,0.1,94993.96,96693.96,700.0,close_below_lower,0.19291118763994222,0.1,96193.96,0.5,0.0,0.0,0.0,,,False,2025-11-16 12:20:00+00:00,16398,95770.21,signal,7.625,0.0,0.0,7.625,0.10892857142857143,-269.4100000000035,148.30999999999767,-0.3848714285714336,0.21187142857142524,11,3300.0,18.0,140.04500000000138,448.46529494172785,london,Sun,11,False
272,BTCUSDm,long,2025-11-16 15:55:00+00:00,16441,94666.9,0.1,93966.9,95666.9,700.0,close_below_lower,0.6647215640357221,0.1,95166.9,0.5,0.0,0.0,0.0,,,False,2025-11-16 17:25:00+00:00,16459,94312.78,signal,-35.41199999999954,0.0,0.0,-35.41199999999954,-0.5058857142857077,-698.3899999999994,207.81000000001222,-0.9976999999999991,0.29687142857144605,18,5400.0,18.0,163.92714285714672,390.5036444775408,overlap,Sun,15,False
273,BTCUSDm,short,2025-11-16 18:10:00+00:00,16468,94751.37,0.1,95451.37,93751.37,700.0,close_above_upper,0.22817007385531102,0.1,94251.37,0.5,0.0,0.0,0.0,,,False,2025-11-16 18:40:00+00:00,16474,94315.65,signal,43.572000000000116,0.0,0.0,43.572000000000116,0.6224571428571445,-761.2900000000081,454.50999999999476,-1.0875571428571544,0.6492999999999925,6,1800.0,18.0,282.586428571428,395.0205163182992,newyork,Sun,18,False
274,BTCUSDm,long,2025-11-16 18:45:00+00:00,16475,94130.5,0.1,93430.5,95130.5,700.0,close_below_lower,0.03607558862853454,0.1,94630.5,0.5,0.0,0.0,0.0,,,False,2025-11-16 19:15:00+00:00,16481,94425.58,signal,29.508000000000177,0.0,0.0,29.508000000000177,0.42154285714285966,-413.22000000000116,412.4499999999971,-0.5903142857142873,0.5892142857142816,6,1800.0,18.0,358.4628571428569,407.89028244481136,newyork,Sun,18,False
275,BTCUSDm,long,2025-11-16 21:10:00+00:00,16504,93735.44,0.1,93035.44,94735.44,700.0,close_below_lower,0.12987851333747638,0.1,94235.44,0.5,0.0,0.0,0.0,,,False,2025-11-16 22:05:00+00:00,16515,93035.44,sl,-70.0,0.0,0.0,-70.0,-1.0,-650.4400000000023,68.14999999999418,-0.9292000000000034,0.09735714285713454,11,3300.0,18.0,214.4628571428579,389.43966008800385,rollover,Sun,21,False
276,BTCUSDm,long,2025-11-16 22:10:00+00:00,16516,92993.88,0.1,92993.88,93993.88,700.0,close_below_lower,0.30405106963015555,0.05,93493.88,0.5,0.05,93493.88,25.0,16518.0,2025-11-16 22:20:00+00:00,True,2025-11-16 22:30:00+00:00,16520,93598.13,signal,55.212500000000006,0.0,0.0,55.212500000000006,0.7887500000000001,-27.880000000004657,711.9499999999971,-0.03982857142857808,1.0170714285714244,4,1200.0,18.0,237.92500000000186,408.49093101920863,rollover,Sun,22,False
277,BTCUSDm,short,2025-11-16 22:50:00+00:00,16524,94104.51,0.1,94104.51,93104.51,700.0,close_above_upper,0.36828893907070936,0.05,93604.51,0.5,0.05,93622.51,24.1,16526.0,2025-11-16 23:00:00+00:00,True,2025-11-16 23:00:00+00:00,16526,93122.51,tp,73.2,0.0,0.0,73.2,1.0457142857142858,-332.8700000000099,53.330000000001746,-0.47552857142858557,0.07618571428571679,2,600.0,18.0,302.55357142857247,411.6495355019849,rollover,Sun,22,False
278,BTCUSDm,long,2025-11-16 23:05:00+00:00,16527,93005.29,0.1,93005.29,94005.29,700.0,close_below_lower,0.5233792951797273,0.05,93505.29,0.5,0.05,93505.29,25.0,16528.0,2025-11-16 23:10:00+00:00,True,2025-11-16 23:15:00+00:00,16529,93760.54,signal,62.7625,0.0,0.0,62.7625,0.8966071428571429,-99.04999999998836,873.2300000000105,-0.14149999999998336,1.2474714285714434,2,600.0,18.0,384.1757142857158,420.7615828840975,rollover,Sun,23,False
279,BTCUSDm,short,2025-11-16 23:25:00+00:00,16531,94280.51,0.1,94280.51,93280.51,700.0,close_above_upper,0.3283638001540094,0.05,93780.51,0.5,0.05,93798.51,24.1,16541.0,2025-11-17 00:15:00+00:00,True,2025-11-17 00:20:00+00:00,16542,93801.25,signal,48.06299999999974,0.0,0.0,48.06299999999974,0.686614285714282,-188.48000000001048,535.9700000000012,-0.26925714285715785,0.7656714285714302,11,3300.0,18.0,448.6992857142873,426.66834786498305,rollover,Sun,23,False
280,BTCUSDm,short,2025-11-17 00:30:00+00:00,16544,94644.28,0.1,95344.28,93644.28,700.0,close_above_upper,0.10217840198174181,0.1,94144.28,0.5,0.0,0.0,0.0,,,False,2025-11-17 01:00:00+00:00,16550,95362.28,sl,-71.8,0.0,0.0,-71.8,-1.0257142857142856,-672.2400000000052,163.05999999999767,-0.9603428571428646,0.23294285714285382,6,1800.0,18.0,318.18357142857195,433.75226071259783,asian,Mon,0,False
281,BTCUSDm,short,2025-11-17 01:05:00+00:00,16551,95237.38,0.1,95937.38,94237.38,700.0,close_above_upper,0.3367289183960377,0.1,94737.38,0.5,0.0,0.0,0.0,,,False,2025-11-17 01:45:00+00:00,16559,94879.54,signal,35.78400000000111,0.0,0.0,35.78400000000111,0.5112000000000159,0.0,430.2100000000064,0.0,0.6145857142857234,8,2400.0,18.0,340.1392857142855,449.0111378067087,asian,Mon,1,False
282,BTCUSDm,long,2025-11-17 13:30:00+00:00,16700,94514.68,0.1,93814.68,95514.68,700.0,close_below_lower,0.22172433398884214,0.1,95014.68,0.5,0.0,0.0,0.0,,,False,2025-11-17 13:40:00+00:00,16702,93814.68,sl,-70.0,0.0,0.0,-70.0,-1.0,-493.60999999998603,103.9200000000128,-0.7051571428571229,0.14845714285716116,2,600.0,18.0,180.87714285714068,474.2113753934751,overlap,Mon,13,False
283,BTCUSDm,long,2025-11-17 13:45:00+00:00,16703,93791.4,0.1,93791.4,94791.4,700.0,close_below_lower,0.9548050495841205,0.05,94291.4,0.5,0.05,94291.4,25.0,16709.0,2025-11-17 14:15:00+00:00,True,2025-11-17 14:20:00+00:00,16710,94253.73,signal,48.11650000000009,0.0,0.0,48.11650000000009,0.6873785714285727,-313.45999999999185,589.5200000000041,-0.4477999999999884,0.8421714285714343,7,2100.0,18.0,239.58642857142695,489.18543024796253,overlap,Mon,13,False
284,BTCUSDm,short,2025-11-17 14:35:00+00:00,16713,94776.67,0.1,95476.67,93776.67,700.0,close_above_upper,0.2652438739114341,0.1,94276.67,0.5,0.0,0.0,0.0,,,False,2025-11-17 14:40:00+00:00,16714,95494.67,sl,-71.8,0.0,0.0,-71.8,-1.0257142857142856,-1178.1900000000023,98.49000000000524,-1.6831285714285749,0.14070000000000749,1,300.0,18.0,385.3321428571435,498.18941783622813,overlap,Mon,14,False
285,BTCUSDm,short,2025-11-17 14:45:00+00:00,16715,95058.7,0.1,95058.7,94058.7,700.0,close_above_upper,0.40165413228351743,0.05,94558.7,0.5,0.05,94576.7,24.1,16717.0,2025-11-17 14:55:00+00:00,True,2025-11-17 15:10:00+00:00,16720,94279.47,signal,63.0614999999998,0.0,0.0,63.0614999999998,0.9008785714285686,-420.1000000000058,973.4400000000023,-0.6001428571428654,1.3906285714285747,5,1500.0,18.0,444.0464285714292,505.81677101065395,overlap,Mon,14,False
286,BTCUSDm,long,2025-11-17 15:20:00+00:00,16722,93807.67,0.1,93807.67,94807.67,700.0,close_below_lower,0.343105334122969,0.05,94307.67,0.5,0.05,94307.67,25.0,16723.0,2025-11-17 15:25:00+00:00,True,2025-11-17 16:00:00+00:00,16730,93807.67,be_stop,25.0,0.0,0.0,25.0,0.35714285714285715,-47.779999999998836,814.6300000000047,-0.0682571428571412,1.1637571428571496,8,2400.0,18.0,581.8907142857154,517.7825769624486,overlap,Mon,15,False
287,BTCUSDm,long,2025-11-17 16:05:00+00:00,16731,93595.49,0.1,92895.49,94595.49,700.0,close_below_lower,0.045806358475087995,0.1,94095.49,0.5,0.0,0.0,0.0,,,False,2025-11-17 16:40:00+00:00,16738,93814.6,signal,21.911000000000058,0.0,0.0,21.911000000000058,0.3130142857142865,-632.7000000000116,214.42999999999302,-0.9038571428571595,0.30632857142856146,7,2100.0,18.0,465.9735714285728,526.0565432780405,newyork,Mon,16,False
288,BTCUSDm,short,2025-11-17 16:55:00+00:00,16741,94235.51,0.1,94235.51,93235.51,700.0,close_above_upper,0.10040326940666172,0.05,93735.51,0.5,0.05,93753.51,24.1,16745.0,2025-11-17 17:15:00+00:00,True,2025-11-17 17:20:00+00:00,16746,93789.73,signal,46.388999999999946,0.0,0.0,46.388999999999946,0.6626999999999992,-76.83000000000175,633.3699999999953,-0.10975714285714536,0.904814285714279,5,1500.0,18.0,359.5657142857152,547.7090391321983,newyork,Mon,16,False
289,BTCUSDm,long,2025-11-17 17:45:00+00:00,16751,92768.96,0.1,92068.96,93768.96,700.0,close_below_lower,0.46816754173720565,0.1,93268.96,0.5,0.0,0.0,0.0,,,False,2025-11-17 18:50:00+00:00,16764,92758.29,signal,-1.0670000000012807,0.0,0.0,-1.0670000000012807,-0.01524285714287544,-445.70000000001164,343.429999999993,-0.6367142857143023,0.49061428571427573,13,3900.0,18.0,333.47285714285783,564.3745655915031,newyork,Mon,17,False
290,BTCUSDm,long,2025-11-18 02:20:00+00:00,16854,90848.0,0.1,90848.0,91848.0,700.0,close_below_lower,0.06691371213596949,0.05,91348.0,0.5,0.05,91348.0,25.0,16855.0,2025-11-18 02:25:00+00:00,True,2025-11-18 02:30:00+00:00,16856,91550.49,signal,60.12450000000026,0.0,0.0,60.12450000000026,0.8589214285714323,-35.94000000000233,734.7599999999948,-0.05134285714286047,1.0496571428571353,2,600.0,18.0,288.5778571428579,645.8744691472007,asian,Tue,2,False
291,BTCUSDm,long,2025-11-18 03:05:00+00:00,16863,90299.83,0.1,89599.83,91299.83,700.0,close_below_lower,0.3044827945307529,0.1,90799.83,0.5,0.0,0.0,0.0,,,False,2025-11-18 03:30:00+00:00,16868,89599.83,sl,-70.0,0.0,0.0,-70.0,-1.0,-395.75999999999476,284.5399999999936,-0.5653714285714211,0.4064857142857051,5,1500.0,18.0,382.7135714285708,657.434048051126,asian,Tue,3,False
292,BTCUSDm,long,2025-11-18 03:35:00+00:00,16869,89682.83,0.1,88982.83,90682.83,700.0,close_below_lower,0.27583148922563144,0.1,90182.83,0.5,0.0,0.0,0.0,,,False,2025-11-18 03:40:00+00:00,16870,90551.04,signal,86.82099999999919,0.0,0.0,86.82099999999919,1.2402999999999884,-33.070000000006985,955.2200000000012,-0.04724285714286712,1.3646000000000016,1,300.0,18.0,363.3207142857115,678.0600562733135,asian,Tue,3,False
293,BTCUSDm,short,2025-11-18 15:20:00+00:00,17010,92300.84,0.1,93000.84,91300.84,700.0,close_above_upper,0.06342490878778889,0.1,91800.84,0.5,0.0,0.0,0.0,,,False,2025-11-18 16:05:00+00:00,17019,93018.84,sl,-71.8,0.0,0.0,-71.8,-1.0257142857142856,-653.1100000000006,45.44000000000233,-0.9330142857142866,0.06491428571428905,9,2700.0,18.0,481.4099999999983,672.5233316656803,overlap,Tue,15,False
294,BTCUSDm,short,2025-11-18 16:30:00+00:00,17024,93653.45,0.1,93653.45,92653.45,700.0,close_above_upper,0.07467534341679416,0.05,93153.45,0.5,0.05,93171.45,24.1,17027.0,2025-11-18 16:45:00+00:00,True,2025-11-18 17:15:00+00:00,17033,93276.78,signal,42.93349999999991,0.0,0.0,42.93349999999991,0.613335714285713,-111.9600000000064,541.8499999999913,-0.1599428571428663,0.7740714285714161,9,2700.0,18.0,406.12214285714333,701.4664877007045,newyork,Tue,16,False
295,BTCUSDm,long,2025-11-19 00:20:00+00:00,17118,91920.61,0.1,91920.61,92920.61,700.0,close_below_lower,0.13526915464603828,0.05,92420.61,0.5,0.05,92420.61,25.0,17122.0,2025-11-19 00:40:00+00:00,True,2025-11-19 00:45:00+00:00,17123,92550.46,signal,56.49250000000029,0.0,0.0,56.49250000000029,0.8070357142857184,-18.539999999993597,694.1000000000058,-0.026485714285705137,0.9915714285714369,5,1500.0,18.0,189.60214285714443,692.5339282683915,asian,Wed,0,False
296,BTCUSDm,long,2025-11-19 05:50:00+00:00,17184,90030.89,0.1,90030.89,91030.89,700.0,close_below_lower,0.06336094458160715,0.05,90530.89,0.5,0.05,90530.89,25.0,17187.0,2025-11-19 06:05:00+00:00,True,2025-11-19 06:15:00+00:00,17189,90587.69,signal,52.840000000000146,0.0,0.0,52.840000000000146,0.7548571428571449,-76.06999999999243,584.1800000000076,-0.10867142857141776,0.8345428571428679,5,1500.0,18.0,216.76785714285714,741.2201376871069,asian,Wed,5,False
297,BTCUSDm,long,2025-11-19 15:35:00+00:00,17301,90675.48,0.1,89975.48,91675.48,700.0,close_below_lower,0.36405952807451764,0.1,91175.48,0.5,0.0,0.0,0.0,,,False,2025-11-19 15:50:00+00:00,17304,89975.48,sl,-70.0,0.0,0.0,-70.0,-1.0,-478.91999999999825,157.40000000000873,-0.6841714285714261,0.22485714285715533,3,900.0,18.0,391.7257142857156,642.9892247397189,overlap,Wed,15,False
298,BTCUSDm,long,2025-11-19 15:55:00+00:00,17305,90145.21,0.1,89445.21,91145.21,700.0,close_below_lower,0.4722369538715167,0.1,90645.21,0.5,0.0,0.0,0.0,,,False,2025-11-19 16:35:00+00:00,17313,89445.21,sl,-70.0,0.0,0.0,-70.0,-1.0,-625.5,19.079999999987194,-0.8935714285714286,0.027257142857124564,8,2400.0,18.0,376.97142857143,660.7103359339317,overlap,Wed,15,False
299,BTCUSDm,short,2025-11-19 21:25:00+00:00,17371,90351.87,0.1,91051.87,89351.87,700.0,close_above_upper,0.3103985023239595,0.1,89851.87,0.5,0.0,0.0,0.0,,,False,2025-11-19 22:20:00+00:00,17382,90181.03,signal,17.08399999999965,0.0,0.0,17.08399999999965,0.24405714285713787,-309.95000000001164,433.6999999999971,-0.44278571428573094,0.6195714285714244,11,3300.0,18.0,309.87642857143095,688.9747011464201,rollover,Wed,21,False
300,BTCUSDm,short,2025-11-19 23:10:00+00:00,17392,91234.82,0.1,91934.82,90234.82,700.0,close_above_upper,0.09622322908850284,0.1,90734.82,0.5,0.0,0.0,0.0,,,False,2025-11-20 00:30:00+00:00,17408,91952.82,sl,-71.8,0.0,0.0,-71.8,-1.0257142857142856,-582.5099999999948,196.5100000000093,-0.8321571428571354,0.2807285714285847,16,4800.0,18.0,237.94214285714094,695.756781435308,rollover,Wed,23,False
301,BTCUSDm,long,2025-11-20 14:05:00+00:00,17571,90975.86,0.1,90275.86,91975.86,700.0,close_below_lower,0.06598649739459446,0.1,91475.86,0.5,0.0,0.0,0.0,,,False,2025-11-20 14:30:00+00:00,17576,91354.6,signal,37.87400000000053,0.0,0.0,37.87400000000053,0.5410571428571505,-622.1199999999953,426.6100000000006,-0.8887428571428505,0.609442857142858,5,1500.0,18.0,329.981428571431,644.5188429383127,overlap,Thu,14,False
302,BTCUSDm,long,2025-11-20 16:00:00+00:00,17594,89776.23,0.1,89076.23,90776.23,700.0,close_below_lower,0.007341304334758526,0.1,90276.23,0.5,0.0,0.0,0.0,,,False,2025-11-20 16:05:00+00:00,17595,89076.23,sl,-70.0,0.0,0.0,-70.0,-1.0,-518.2299999999959,34.30999999999767,-0.7403285714285656,0.04901428571428239,1,300.0,18.0,379.39214285714326,666.3578249144322,newyork,Thu,16,False
303,BTCUSDm,long,2025-11-20 16:10:00+00:00,17596,88868.75,0.1,88168.75,89868.75,700.0,close_below_lower,0.90461757725885,0.1,89368.75,0.5,0.0,0.0,0.0,,,False,2025-11-20 16:20:00+00:00,17598,88168.75,sl,-70.0,0.0,0.0,-70.0,-1.0,-535.0099999999948,12.5,-0.7642999999999925,0.017857142857142856,2,600.0,18.0,405.7721428571427,675.604723903445,newyork,Thu,16,False
304,BTCUSDm,long,2025-11-20 16:25:00+00:00,17599,88580.7,0.1,87880.7,89580.7,700.0,close_below_lower,0.5436745807320718,0.1,89080.7,0.5,0.0,0.0,0.0,,,False,2025-11-20 16:45:00+00:00,17603,87880.7,sl,-70.0,0.0,0.0,-70.0,-1.0,-586.0,406.93000000000757,-0.8371428571428572,0.5813285714285822,4,1200.0,18.0,409.9014285714293,690.9803555993967,newyork,Thu,16,False
305,BTCUSDm,long,2025-11-20 16:50:00+00:00,17604,87970.43,0.1,87270.43,88970.43,700.0,close_below_lower,0.3056586664053887,0.1,88470.43,0.5,0.0,0.0,0.0,,,False,2025-11-20 17:05:00+00:00,17607,87270.43,sl,-70.0,0.0,0.0,-70.0,-1.0,-599.359999999986,355.3600000000006,-0.8562285714285515,0.5076571428571437,3,900.0,18.0,425.29285714285754,713.8489517763128,newyork,Thu,16,False
306,BTCUSDm,long,2025-11-20 17:10:00+00:00,17608,87260.4,0.1,86560.4,88260.4,700.0,close_below_lower,0.4237276524740749,0.1,87760.4,0.5,0.0,0.0,0.0,,,False,2025-11-20 17:35:00+00:00,17613,86560.4,sl,-70.0,0.0,0.0,-70.0,-1.0,-621.3399999999965,26.220000000001164,-0.8876285714285664,0.03745714285714452,5,1500.0,18.0,489.9771428571424,730.7359073072972,newyork,Thu,17,False
307,BTCUSDm,long,2025-11-20 23:40:00+00:00,17686,86734.72,0.1,86034.72,87734.72,700.0,close_below_lower,0.003041784288379812,0.1,87234.72,0.5,0.0,0.0,0.0,,,False,2025-11-21 00:15:00+00:00,17693,87168.21,signal,43.34900000000053,0.0,0.0,43.34900000000053,0.6192714285714361,-284.6499999999942,439.8399999999965,-0.4066428571428488,0.6283428571428522,7,2100.0,18.0,306.8157142857131,766.9475517053363,rollover,Thu,23,False
308,BTCUSDm,long,2025-11-21 03:00:00+00:00,17726,85366.19,0.1,85366.19,86366.19,700.0,close_below_lower,0.16469489881921964,0.05,85866.19,0.5,0.05,85866.19,25.0,17727.0,2025-11-21 03:05:00+00:00,True,2025-11-21 03:15:00+00:00,17729,85366.19,be_stop,25.0,0.0,0.0,25.0,0.35714285714285715,-30.089999999996508,583.8300000000017,-0.0429857142857093,0.8340428571428596,3,900.0,18.0,382.53785714285704,773.3072842703583,asian,Fri,3,False
309,BTCUSDm,long,2025-11-21 07:35:00+00:00,17781,83381.17,0.1,83381.17,84381.17,700.0,close_below_lower,1.2989625981262076,0.05,83881.17,0.5,0.05,83964.51,29.166999999999828,17782.0,2025-11-21 07:40:00+00:00,True,2025-11-21 07:40:00+00:00,17782,84381.17,tp,79.16699999999983,0.0,0.0,79.16699999999983,1.1309571428571406,-312.70999999999185,670.6399999999994,-0.44672857142855976,0.958057142857142,1,300.0,18.0,472.693571428574,815.0074392166613,london,Fri,7,False
310,BTCUSDm,long,2025-11-21 07:50:00+00:00,17784,83833.56,0.1,83833.56,84833.56,700.0,close_below_lower,0.22735482311468616,0.05,84333.56,0.5,0.05,84333.56,25.0,17788.0,2025-11-21 08:10:00+00:00,True,2025-11-21 08:15:00+00:00,17789,84378.42,signal,52.24300000000003,0.0,0.0,52.24300000000003,0.7463285714285719,-280.08000000000175,753.0200000000041,-0.4001142857142882,1.0757428571428629,5,1500.0,18.0,575.7428571428588,828.3366761510424,london,Fri,7,False
311,BTCUSDm,long,2025-11-21 09:40:00+00:00,17806,82599.67,0.1,81899.67,83599.67,700.0,close_below_lower,0.011258433948063336,0.1,83099.67,0.5,0.0,0.0,0.0,,,False,2025-11-21 10:00:00+00:00,17810,81899.67,sl,-70.0,0.0,0.0,-70.0,-1.0,-610.3300000000017,50.43000000000757,-0.8719000000000025,0.07204285714286796,4,1200.0,18.0,316.9535714285729,820.6913750607368,london,Fri,9,False
312,BTCUSDm,long,2025-11-21 10:05:00+00:00,17811,81835.12,0.1,81835.12,82835.12,700.0,close_below_lower,0.15098777355824008,0.05,82335.12,0.5,0.05,82335.12,25.0,17812.0,2025-11-21 10:10:00+00:00,True,2025-11-21 10:15:00+00:00,17813,81835.12,be_stop,25.0,0.0,0.0,25.0,0.35714285714285715,-140.58000000000175,555.0400000000081,-0.2008285714285739,0.7929142857142973,2,600.0,18.0,361.4071428571437,825.0064094432998,london,Fri,10,False
313,BTCUSDm,long,2025-11-21 12:25:00+00:00,17839,81021.23,0.1,81021.23,82021.23,700.0,close_below_lower,0.3969464182333037,0.05,81521.23,0.5,0.05,81521.23,25.0,17840.0,2025-11-21 12:30:00+00:00,True,2025-11-21 12:35:00+00:00,17841,82021.23,tp,75.0,0.0,0.0,75.0,1.0714285714285714,-487.8999999999942,778.6600000000035,-0.6969999999999917,1.1123714285714335,2,600.0,18.0,366.8485714285707,840.7231950739949,overlap,Fri,12,False
314,BTCUSDm,short,2025-11-21 12:40:00+00:00,17842,82856.24,0.1,83556.24,81856.24,700.0,close_above_upper,0.003759362974629259,0.1,82356.24,0.5,0.0,0.0,0.0,,,False,2025-11-21 13:05:00+00:00,17847,83574.24,sl,-71.8,0.0,0.0,-71.8,-1.0257142857142856,-644.5399999999936,433.6200000000099,-0.9207714285714195,0.619457142857157,5,1500.0,18.0,531.2578571428572,852.5981805263467,overlap,Fri,12,False
315,BTCUSDm,short,2025-11-21 13:10:00+00:00,17848,83704.29,0.1,83704.29,82704.29,700.0,close_above_upper,0.22516483508994303,0.05,83204.29,0.5,0.05,83222.29,24.1,17852.0,2025-11-21 13:30:00+00:00,True,2025-11-21 13:35:00+00:00,17853,83722.29,be_stop,23.200000000000003,0.0,0.0,23.200000000000003,0.33142857142857146,-546.6200000000099,522.5599999999977,-0.7808857142857284,0.7465142857142824,5,1500.0,18.0,635.4664285714296,881.422873967876,overlap,Fri,13,False
316,BTCUSDm,short,2025-11-21 14:55:00+00:00,17869,85319.0,0.1,85319.0,84319.0,700.0,close_above_upper,0.18017512754918188,0.05,84819.0,0.5,0.05,84782.45,26.827500000000146,17870.0,2025-11-21 15:00:00+00:00,True,2025-11-21 15:00:00+00:00,17870,84337.0,tp,75.92750000000015,0.0,0.0,75.92750000000015,1.0846785714285736,-89.91000000000349,567.2100000000064,-0.12844285714286213,0.8103000000000091,1,300.0,18.0,501.16357142857095,911.0542219346505,overlap,Fri,14,False
317,BTCUSDm,long,2025-11-21 15:40:00+00:00,17878,82869.91,0.1,82169.91,83869.91,700.0,close_below_lower,0.3002955616554378,0.1,83369.91,0.5,0.0,0.0,0.0,,,False,2025-11-21 16:30:00+00:00,17888,83188.24,signal,31.833000000000176,0.0,0.0,31.833000000000176,0.45475714285714536,-638.0599999999977,457.3600000000006,-0.9115142857142824,0.6533714285714294,10,3000.0,18.0,660.6114285714294,905.5832873420069,overlap,Fri,15,False
318,BTCUSDm,short,2025-11-21 16:55:00+00:00,17893,84300.29,0.1,85000.29,83300.29,700.0,close_above_upper,0.11503696940060734,0.1,83800.29,0.5,0.0,0.0,0.0,,,False,2025-11-21 17:05:00+00:00,17895,85018.29,sl,-71.8,0.0,0.0,-71.8,-1.0257142857142856,-613.3500000000058,0.28999999999359716,-0.876214285714294,0.0004142857142765674,2,600.0,18.0,544.5342857142854,934.1037688469994,newyork,Fri,16,False
319,BTCUSDm,short,2025-11-21 17:10:00+00:00,17896,85285.93,0.1,85285.93,84285.93,700.0,close_above_upper,0.5869859834892738,0.05,84785.93,0.5,0.05,84803.93,24.1,17904.0,2025-11-21 17:50:00+00:00,True,2025-11-21 17:55:00+00:00,17905,84807.74,signal,48.00949999999939,0.0,0.0,48.00949999999939,0.6858499999999913,-205.73000000001048,577.6999999999971,-0.293900000000015,0.8252857142857102,9,2700.0,18.0,567.9099999999993,948.7766561649371,newyork,Fri,17,False
320,BTCUSDm,long,2025-11-21 18:15:00+00:00,17909,83614.73,0.1,83614.73,84614.73,700.0,close_below_lower,0.09118541494841001,0.05,84114.73,0.5,0.05,84114.73,25.0,17912.0,2025-11-21 18:30:00+00:00,True,2025-11-21 18:40:00+00:00,17914,84444.69,signal,66.49800000000033,0.0,0.0,66.49800000000033,0.9499714285714334,-386.0500000000029,899.4100000000035,-0.5515000000000042,1.2848714285714335,5,1500.0,18.0,457.1421428571463,977.2509988270034,newyork,Fri,18,False
321,BTCUSDm,long,2025-11-23 23:20:00+00:00,18546,87080.12,0.1,86380.12,88080.12,700.0,close_below_lower,0.29399202945823266,0.1,87580.12,0.5,0.0,0.0,0.0,,,False,2025-11-24 00:05:00+00:00,18555,86380.12,sl,-70.0,0.0,0.0,-70.0,-1.0,-501.1399999999994,2.8500000000058208,-0.7159142857142848,0.004071428571436887,9,2700.0,18.0,234.49214285714177,434.6880940620066,rollover,Sun,23,False
322,BTCUSDm,long,2025-11-24 00:10:00+00:00,18556,86360.41,0.1,86360.41,87360.41,700.0,close_below_lower,0.2710922315015286,0.05,86860.41,0.5,0.05,86860.41,25.0,18561.0,2025-11-24 00:35:00+00:00,True,2025-11-24 00:40:00+00:00,18562,86830.35,signal,48.497000000000114,0.0,0.0,48.497000000000114,0.6928142857142874,-461.68000000000757,508.9100000000035,-0.659542857142868,0.7270142857142907,6,1800.0,18.0,256.00357142856956,452.9212881738937,asian,Mon,0,False
323,BTCUSDm,short,2025-11-24 02:05:00+00:00,18579,87433.32,0.1,88133.32,86433.32,700.0,close_above_upper,0.4409837943334596,0.1,86933.32,0.5,0.0,0.0,0.0,,,False,2025-11-24 02:45:00+00:00,18587,87362.21,signal,7.111000000000058,0.0,0.0,7.111000000000058,0.10158571428571513,-578.7099999999919,203.74000000000524,-0.8267285714285598,0.29105714285715034,8,2400.0,18.0,261.43642857142964,467.7442820116556,asian,Mon,2,False
324,BTCUSDm,long,2025-11-24 04:20:00+00:00,18606,86761.47,0.1,86761.47,87761.47,700.0,close_below_lower,0.28341163361807814,0.05,87261.47,0.5,0.05,87261.47,25.0,18615.0,2025-11-24 05:05:00+00:00,True,2025-11-24 05:10:00+00:00,18616,87411.24,signal,57.48850000000021,0.0,0.0,57.48850000000021,0.8212642857142887,-360.5899999999965,692.6699999999983,-0.5151285714285664,0.989528571428569,10,3000.0,18.0,227.09071428571147,479.04348391044664,asian,Mon,4,False
325,BTCUSDm,short,2025-11-24 05:15:00+00:00,18617,87528.0,0.1,88228.0,86528.0,700.0,close_above_upper,0.1995899308181493,0.1,87028.0,0.5,0.0,0.0,0.0,,,False,2025-11-24 06:05:00+00:00,18627,87230.75,signal,29.725,0.0,0.0,29.725,0.42464285714285716,-265.25999999999476,319.1600000000035,-0.37894285714284964,0.45594285714286215,10,3000.0,18.0,265.16285714285397,491.50760053625584,asian,Mon,5,False
326,BTCUSDm,long,2025-11-24 09:25:00+00:00,18667,86015.6,0.1,85315.6,87015.6,700.0,close_below_lower,0.2683838007544527,0.1,86515.6,0.5,0.0,0.0,0.0,,,False,2025-11-24 10:50:00+00:00,18684,85985.29,signal,-3.0310000000012227,0.0,0.0,-3.0310000000012227,-0.04330000000001747,-377.5,130.1299999999901,-0.5392857142857143,0.18589999999998585,17,5100.0,18.0,193.12285714285827,504.93753124178204,london,Mon,9,False
327,BTCUSDm,long,2025-11-24 14:50:00+00:00,18732,85430.44,0.1,85430.44,86430.44,700.0,close_below_lower,0.06314110739883923,0.05,85930.44,0.5,0.05,85930.44,25.0,18733.0,2025-11-24 14:55:00+00:00,True,2025-11-24 15:00:00+00:00,18734,86118.11,signal,59.38349999999991,0.0,0.0,59.38349999999991,0.8483357142857131,-218.47999999999593,681.0500000000029,-0.3121142857142799,0.9729285714285756,2,600.0,18.0,284.4414285714333,543.1578940286834,overlap,Mon,14,False
328,BTCUSDm,short,2025-11-24 16:05:00+00:00,18747,87027.67,0.1,87727.67,86027.67,700.0,close_above_upper,0.1588201222912374,0.1,86527.67,0.5,0.0,0.0,0.0,,,False,2025-11-24 17:10:00+00:00,18760,87019.42,signal,0.8250000000000001,0.0,0.0,0.8250000000000001,0.011785714285714287,-651.9300000000076,282.1600000000035,-0.9313285714285823,0.40308571428571927,13,3900.0,18.0,382.64142857143037,558.7506742019351,newyork,Mon,16,False
329,BTCUSDm,short,2025-11-24 18:00:00+00:00,18770,88333.23,0.1,89033.23,87333.23,700.0,close_above_upper,0.19868810799403228,0.1,87833.23,0.5,0.0,0.0,0.0,,,False,2025-11-24 19:45:00+00:00,18791,88431.95,signal,-9.872000000000117,0.0,0.0,-9.872000000000117,-0.1410285714285731,-490.5200000000041,182.06999999999243,-0.700742857142863,0.2600999999999892,21,6300.0,18.0,238.63642857142673,585.0540637106458,newyork,Mon,18,False
330,BTCUSDm,long,2025-11-25 14:50:00+00:00,19020,86175.62,0.1,86175.62,87175.62,700.0,close_below_lower,0.30762987468982056,0.05,86675.62,0.5,0.05,86675.62,25.0,19021.0,2025-11-25 14:55:00+00:00,True,2025-11-25 15:00:00+00:00,19022,86175.62,be_stop,25.0,0.0,0.0,25.0,0.35714285714285715,-113.47000000000116,587.5800000000017,-0.16210000000000166,0.8394000000000025,2,600.0,18.0,266.1628571428581,588.4360257376757,overlap,Tue,14,False
331,BTCUSDm,short,2025-11-25 17:35:00+00:00,19053,87889.61,0.1,88589.61,86889.61,700.0,close_above_upper,0.100837236862159,0.1,87389.61,0.5,0.0,0.0,0.0,,,False,2025-11-25 18:15:00+00:00,19061,87591.44,signal,29.816999999999826,0.0,0.0,29.816999999999826,0.42595714285714037,-213.1600000000035,417.3500000000058,-0.3045142857142907,0.596214285714294,8,2400.0,18.0,219.20714285714348,582.9760092807928,newyork,Tue,17,False
332,BTCUSDm,long,2025-11-25 19:05:00+00:00,19071,86903.23,0.1,86203.23,87903.23,700.0,close_below_lower,0.004816530589834857,0.1,87403.23,0.5,0.0,0.0,0.0,,,False,2025-11-25 19:25:00+00:00,19075,86203.23,sl,-70.0,0.0,0.0,-70.0,-1.0,-666.1199999999953,187.3000000000029,-0.9515999999999933,0.26757142857143273,4,1200.0,18.0,186.71571428571355,577.1417068407142,newyork,Tue,19,False
333,BTCUSDm,long,2025-11-25 19:30:00+00:00,19076,86265.68,0.1,86265.68,87265.68,700.0,close_below_lower,0.2777732007285304,0.05,86765.68,0.5,0.05,86765.68,25.0,19080.0,2025-11-25 19:50:00+00:00,True,2025-11-25 19:55:00+00:00,19081,86821.83,signal,52.80750000000044,0.0,0.0,52.80750000000044,0.7543928571428634,-139.92999999999302,590.0900000000111,-0.19989999999999003,0.8429857142857301,5,1500.0,18.0,231.0221428571406,593.9282783092507,newyork,Tue,19,False
334,BTCUSDm,short,2025-11-26 17:30:00+00:00,19340,88634.23,0.1,89334.23,87634.23,700.0,close_above_upper,0.6827267250855968,0.1,88134.23,0.5,0.0,0.0,0.0,,,False,2025-11-26 17:40:00+00:00,19342,89352.23,sl,-71.8,0.0,0.0,-71.8,-1.0257142857142856,-543.7700000000041,108.25,-0.7768142857142916,0.15464285714285714,2,600.0,18.0,233.94142857142702,499.1438906056091,newyork,Wed,17,False
335,BTCUSDm,short,2025-11-26 17:45:00+00:00,19343,89477.58,0.1,90177.58,88477.58,700.0,close_above_upper,1.4550781518098628,0.1,88977.58,0.5,0.0,0.0,0.0,,,False,2025-11-26 18:15:00+00:00,19349,90195.58,sl,-71.8,0.0,0.0,-71.8,-1.0257142857142856,-625.3499999999913,20.169999999998254,-0.8933571428571304,0.02881428571428322,6,1800.0,18.0,280.5557142857132,514.6817474836378,newyork,Wed,17,False
336,BTCUSDm,short,2025-11-26 18:20:00+00:00,19350,90219.78,0.1,90219.78,89219.78,700.0,close_above_upper,0.6524127697825035,0.05,89719.78,0.5,0.05,89737.78,24.1,19354.0,2025-11-26 18:40:00+00:00,True,2025-11-26 18:45:00+00:00,19355,89733.83,signal,48.39749999999986,0.0,0.0,48.39749999999986,0.6913928571428551,-175.83000000000175,521.0099999999948,-0.2511857142857168,0.7442999999999925,5,1500.0,18.0,352.48785714285833,546.1763897043737,newyork,Wed,18,False
337,BTCUSDm,short,2025-11-27 02:45:00+00:00,19451,91784.58,0.1,91784.58,90784.58,700.0,close_above_upper,0.14323571622779474,0.05,91284.58,0.5,0.05,91302.58,24.1,19454.0,2025-11-27 03:00:00+00:00,True,2025-11-27 03:15:00+00:00,19457,91359.9,signal,45.33400000000038,0.0,0.0,45.33400000000038,0.6476285714285769,-99.72000000000116,511.0,-0.14245714285714453,0.73,6,1800.0,18.0,222.93642857142757,558.8687304538347,asian,Thu,2,False
338,BTCUSDm,short,2025-11-28 09:00:00+00:00,19814,91665.56,0.1,92365.56,90665.56,700.0,close_above_upper,0.14688645361068126,0.1,91165.56,0.5,0.0,0.0,0.0,,,False,2025-11-28 09:45:00+00:00,19823,91482.83,signal,18.272999999999595,0.0,0.0,18.272999999999595,0.26104285714285136,-214.68000000000757,241.72999999999593,-0.3066857142857251,0.3453285714285656,9,2700.0,18.0,174.46285714285685,418.02815904661634,london,Fri,9,False
339,BTCUSDm,long,2025-11-28 11:20:00+00:00,19842,91181.13,0.1,90481.13,92181.13,700.0,close_below_lower,0.05727258958941648,0.1,91681.13,0.5,0.0,0.0,0.0,,,False,2025-11-28 12:00:00+00:00,19850,91421.62,signal,24.04899999999907,0.0,0.0,24.04899999999907,0.34355714285712957,-40.120000000009895,283.1999999999971,-0.05731428571429985,0.4045714285714244,8,2400.0,18.0,155.82357142856821,388.1747846710615,london,Fri,11,False
340,BTCUSDm,short,2025-11-28 13:50:00+00:00,19872,92297.89,0.1,92997.89,91297.89,700.0,close_above_upper,0.9557037227687222,0.1,91797.89,0.5,0.0,0.0,0.0,,,False,2025-11-28 14:30:00+00:00,19880,93015.89,sl,-71.8,0.0,0.0,-71.8,-1.0257142857142856,-689.7599999999948,293.6000000000058,-0.9853714285714211,0.41942857142857976,8,2400.0,18.0,169.56714285714406,338.1304479011098,overlap,Fri,13,False
341,BTCUSDm,long,2025-11-28 16:10:00+00:00,19900,92043.44,0.1,91343.44,93043.44,700.0,close_below_lower,0.03722653481230615,0.1,92543.44,0.5,0.0,0.0,0.0,,,False,2025-11-28 16:20:00+00:00,19902,91343.44,sl,-70.0,0.0,0.0,-70.0,-1.0,-186.02000000000407,22.479999999995925,-0.26574285714286294,0.03211428571427989,2,600.0,18.0,232.96999999999804,361.9244770129712,newyork,Fri,16,False
342,BTCUSDm,long,2025-11-28 16:25:00+00:00,19903,91415.42,0.1,90715.42,92415.42,700.0,close_below_lower,1.1962719526828187,0.1,91915.42,0.5,0.0,0.0,0.0,,,False,2025-11-28 17:15:00+00:00,19913,90715.42,sl,-70.0,0.0,0.0,-70.0,-1.0,-586.0399999999936,219.36000000000058,-0.8371999999999908,0.3133714285714294,10,3000.0,18.0,247.50714285714017,371.013795656164,newyork,Fri,16,False
343,BTCUSDm,long,2025-11-28 17:20:00+00:00,19914,90727.41,0.1,90027.41,91727.41,700.0,close_below_lower,0.5148172923048882,0.1,91227.41,0.5,0.0,0.0,0.0,,,False,2025-11-28 18:15:00+00:00,19925,90909.01,signal,18.159999999999126,0.0,0.0,18.159999999999126,0.25942857142855896,-514.2100000000064,198.1600000000035,-0.7345857142857234,0.28308571428571927,11,3300.0,18.0,305.43357142857195,399.69072139749386,newyork,Fri,17,False
344,BTCUSDm,short,2025-11-30 13:20:00+00:00,20442,91718.75,0.1,92418.75,90718.75,700.0,close_above_upper,0.3562788834776917,0.1,91218.75,0.5,0.0,0.0,0.0,,,False,2025-11-30 14:15:00+00:00,20453,91709.58,signal,0.9169999999998254,0.0,0.0,0.9169999999998254,0.013099999999997506,-255.63000000000466,90.86000000000058,-0.36518571428572094,0.12980000000000083,11,3300.0,18.0,115.65857142857256,231.63818237288487,overlap,Sun,13,False
345,BTCUSDm,long,2025-11-30 14:40:00+00:00,20458,91329.35,0.1,90629.35,92329.35,700.0,close_below_lower,0.2820466991724332,0.1,91829.35,0.5,0.0,0.0,0.0,,,False,2025-11-30 15:25:00+00:00,20467,91564.08,signal,23.472999999999594,0.0,0.0,23.472999999999594,0.33532857142856565,-76.91000000000349,246.52999999999884,-0.10987142857143356,0.3521857142857126,9,2700.0,18.0,113.77928571428596,238.83089894226413,overlap,Sun,14,False
346,BTCUSDm,long,2025-11-30 21:25:00+00:00,20539,90985.99,0.1,90285.99,91985.99,700.0,close_below_lower,0.14916073313371986,0.1,91485.99,0.5,0.0,0.0,0.0,,,False,2025-11-30 21:55:00+00:00,20545,91160.39,signal,17.43999999999942,0.0,0.0,17.43999999999942,0.24914285714284884,-22.34000000001106,213.39999999999418,-0.031914285714301514,0.30485714285713456,6,1800.0,18.0,116.71571428571353,248.35144633838854,rollover,Sun,21,False
347,BTCUSDm,long,2025-12-01 00:05:00+00:00,20559,89846.95,0.1,89146.95,90846.95,700.0,close_below_lower,3.7665231620168593,0.1,90346.95,0.5,0.0,0.0,0.0,,,False,2025-12-01 00:10:00+00:00,20560,89146.95,sl,-70.0,0.0,0.0,-70.0,-1.0,-900.1900000000023,0.0,-1.2859857142857176,0.0,1,300.0,18.0,220.95928571428627,254.78214048126767,asian,Mon,0,False
348,BTCUSDm,long,2025-12-01 00:15:00+00:00,20561,88951.0,0.1,88251.0,89951.0,700.0,close_below_lower,5.205330176907412,0.1,89451.0,0.5,0.0,0.0,0.0,,,False,2025-12-01 00:30:00+00:00,20564,88251.0,sl,-70.0,0.0,0.0,-70.0,-1.0,-595.6199999999953,153.3399999999965,-0.8508857142857076,0.21905714285713787,3,900.0,18.0,307.5792857142868,274.42849446367495,asian,Mon,0,False
349,BTCUSDm,long,2025-12-01 00:35:00+00:00,20565,87981.47,0.1,87281.47,88981.47,700.0,close_below_lower,4.5519839041118475,0.1,88481.47,0.5,0.0,0.0,0.0,,,False,2025-12-01 00:50:00+00:00,20568,87281.47,sl,-70.0,0.0,0.0,-70.0,-1.0,-550.5,221.88999999999942,-0.7864285714285715,0.3169857142857134,3,900.0,18.0,421.30857142857195,313.3650867650368,asian,Mon,0,False
350,BTCUSDm,long,2025-12-01 00:55:00+00:00,20569,87169.93,0.1,87169.93,88169.93,700.0,close_below_lower,3.4686587401005946,0.05,87669.93,0.5,0.05,87669.93,25.0,20571.0,2025-12-01 01:05:00+00:00,True,2025-12-01 01:55:00+00:00,20581,87169.93,be_stop,25.0,0.0,0.0,25.0,0.35714285714285715,-231.7399999999907,578.2000000000116,-0.33105714285712956,0.8260000000000166,12,3600.0,18.0,507.21071428571406,348.714716216356,asian,Mon,0,False
351,BTCUSDm,long,2025-12-01 02:40:00+00:00,20590,86711.09,0.1,86011.09,87711.09,700.0,close_below_lower,0.3661529221795339,0.1,87211.09,0.5,0.0,0.0,0.0,,,False,2025-12-01 04:10:00+00:00,20608,86011.09,sl,-70.0,0.0,0.0,-70.0,-1.0,-549.4400000000023,255.52999999999884,-0.784914285714289,0.3650428571428555,18,5400.0,18.0,243.442142857142,378.4300186444362,asian,Mon,2,False
352,BTCUSDm,long,2025-12-01 04:30:00+00:00,20612,85758.3,0.1,85058.3,86758.3,700.0,close_below_lower,0.056609341123310696,0.1,86258.3,0.5,0.0,0.0,0.0,,,False,2025-12-01 05:30:00+00:00,20624,86007.26,signal,24.895999999999187,0.0,0.0,24.895999999999187,0.35565714285713124,-155.05999999999767,253.80999999999767,-0.2215142857142824,0.36258571428571096,12,3600.0,18.0,192.79999999999978,409.66541218349835,asian,Mon,4,False
353,BTCUSDm,long,2025-12-01 12:45:00+00:00,20711,85491.85,0.1,84791.85,86491.85,700.0,close_below_lower,0.07699023414984181,0.1,85991.85,0.5,0.0,0.0,0.0,,,False,2025-12-01 12:50:00+00:00,20712,84791.85,sl,-70.0,0.0,0.0,-70.0,-1.0,-765.75,14.229999999995925,-1.0939285714285714,0.020328571428565607,1,300.0,18.0,176.17285714285597,446.3122399005975,overlap,Mon,12,False
354,BTCUSDm,long,2025-12-01 15:25:00+00:00,20743,85317.16,0.1,84617.16,86317.16,700.0,close_below_lower,0.2540249539277811,0.1,85817.16,0.5,0.0,0.0,0.0,,,False,2025-12-01 15:30:00+00:00,20744,84617.16,sl,-70.0,0.0,0.0,-70.0,-1.0,-393.49000000000524,11.429999999993015,-0.5621285714285789,0.01632857142856145,1,300.0,18.0,324.1299999999984,469.0268419669155,overlap,Mon,15,False
355,BTCUSDm,long,2025-12-01 15:35:00+00:00,20745,84436.2,0.1,83736.2,85436.2,700.0,close_below_lower,1.5268665247504545,0.1,84936.2,0.5,0.0,0.0,0.0,,,False,2025-12-01 16:30:00+00:00,20756,84528.34,signal,9.213999999999942,0.0,0.0,9.213999999999942,0.1316285714285706,-640.9899999999907,447.4799999999959,-0.9156999999999867,0.6392571428571371,11,3300.0,18.0,374.8564285714279,478.55030196078457,overlap,Mon,15,False
356,BTCUSDm,short,2025-12-01 16:40:00+00:00,20758,85367.99,0.1,85367.99,84367.99,700.0,close_above_upper,0.5181611716118327,0.05,84867.99,0.5,0.05,84885.99,24.1,20759.0,2025-12-01 16:45:00+00:00,True,2025-12-01 16:55:00+00:00,20761,84536.78,signal,65.66050000000033,0.0,0.0,65.66050000000033,0.9380071428571475,-78.29999999998836,884.0500000000029,-0.11185714285712622,1.2629285714285756,3,900.0,18.0,430.8714285714294,514.1164748187125,newyork,Mon,16,False
357,BTCUSDm,short,2025-12-01 20:10:00+00:00,20800,85651.66,0.1,86351.66,84651.66,700.0,close_above_upper,0.13366390283902846,0.1,85151.66,0.5,0.0,0.0,0.0,,,False,2025-12-01 21:25:00+00:00,20815,86369.66,sl,-71.8,0.0,0.0,-71.8,-1.0257142857142856,-583.0199999999895,488.570000000007,-0.8328857142856994,0.6979571428571528,15,4500.0,18.0,259.29857142857094,548.7614453833456,newyork,Mon,20,False
358,BTCUSDm,short,2025-12-01 21:35:00+00:00,20817,86439.76,0.1,87139.76,85439.76,700.0,close_above_upper,0.20994917936101903,0.1,85939.76,0.5,0.0,0.0,0.0,,,False,2025-12-01 22:35:00+00:00,20829,86340.34,signal,9.941999999999826,0.0,0.0,9.941999999999826,0.14202857142856895,-386.68000000000757,219.51999999998952,-0.5524000000000108,0.31359999999998506,12,3600.0,18.0,254.94142857142808,572.8501848256861,rollover,Mon,21,False
359,BTCUSDm,short,2025-12-02 14:15:00+00:00,21017,88349.07,0.1,89049.07,87349.07,700.0,close_above_upper,0.12207544872882575,0.1,87849.07,0.5,0.0,0.0,0.0,,,False,2025-12-02 14:45:00+00:00,21023,89067.07,sl,-71.8,0.0,0.0,-71.8,-1.0257142857142856,-549.4099999999889,84.72000000000116,-0.7848714285714128,0.1210285714285731,6,1800.0,18.0,226.21071428571616,635.284435532456,overlap,Tue,14,False
360,BTCUSDm,short,2025-12-02 14:50:00+00:00,21024,89238.43,0.1,89938.43,88238.43,700.0,close_above_upper,0.3224448184840241,0.1,88738.43,0.5,0.0,0.0,0.0,,,False,2025-12-02 15:00:00+00:00,21026,89956.43,sl,-71.8,0.0,0.0,-71.8,-1.0257142857142856,-42.13000000000466,369.85999999998603,-0.06018571428572094,0.5283714285714086,2,600.0,18.0,316.01428571428653,662.0307697188606,overlap,Tue,14,False
361,BTCUSDm,short,2025-12-02 15:05:00+00:00,21027,90005.7,0.1,90705.7,89005.7,700.0,close_above_upper,0.8747781439155218,0.1,89505.7,0.5,0.0,0.0,0.0,,,False,2025-12-02 15:10:00+00:00,21028,90723.7,sl,-71.8,0.0,0.0,-71.8,-1.0257142857142856,-242.52000000000407,178.42999999999302,-0.3464571428571487,0.25489999999999,1,300.0,18.0,401.66000000000037,676.1191776867756,overlap,Tue,15,False
362,BTCUSDm,short,2025-12-02 15:15:00+00:00,21029,90651.41,0.1,90651.41,89651.41,700.0,close_above_upper,1.2182010802427978,0.05,90151.41,0.5,0.05,90169.41,24.1,21032.0,2025-12-02 15:30:00+00:00,True,2025-12-02 15:40:00+00:00,21034,90669.41,be_stop,23.200000000000003,0.0,0.0,23.200000000000003,0.33142857142857146,-210.41999999999825,733.7200000000012,-0.3005999999999975,1.0481714285714303,5,1500.0,18.0,473.1814285714281,690.2668078152021,overlap,Tue,15,False
363,BTCUSDm,short,2025-12-02 15:50:00+00:00,21036,90783.83,0.1,91483.83,89783.83,700.0,close_above_upper,0.008691230646847223,0.1,90283.83,0.5,0.0,0.0,0.0,,,False,2025-12-02 16:20:00+00:00,21042,90631.08,signal,15.275,0.0,0.0,15.275,0.21821428571428572,-563.9499999999971,279.6100000000006,-0.805642857142853,0.399442857142858,6,1800.0,18.0,477.4892857142851,717.3131377870296,overlap,Tue,15,False
364,BTCUSDm,short,2025-12-02 17:25:00+00:00,21055,91700.98,0.1,92400.98,90700.98,700.0,close_above_upper,0.04644805840434284,0.1,91200.98,0.5,0.0,0.0,0.0,,,False,2025-12-02 19:25:00+00:00,21079,91984.16,signal,-28.318000000000758,0.0,0.0,-28.318000000000758,-0.404542857142868,-577.8300000000017,346.61999999999534,-0.8254714285714311,0.49517142857142193,24,7200.0,18.0,355.68642857142964,742.8559067420315,newyork,Tue,17,False
365,BTCUSDm,long,2025-12-02 20:30:00+00:00,21092,91032.04,0.1,90332.04,92032.04,700.0,close_below_lower,0.10729897181327781,0.1,91532.04,0.5,0.0,0.0,0.0,,,False,2025-12-02 21:10:00+00:00,21100,91283.22,signal,25.11800000000076,0.0,0.0,25.11800000000076,0.35882857142858227,-287.8399999999965,282.7100000000064,-0.411199999999995,0.4038714285714377,8,2400.0,18.0,226.615714285715,647.116209105505,newyork,Tue,20,False
366,BTCUSDm,short,2025-12-03 02:15:00+00:00,21161,92883.74,0.1,92883.74,91883.74,700.0,close_above_upper,0.09921998915074919,0.05,92383.74,0.5,0.05,92401.74,24.1,21167.0,2025-12-03 02:45:00+00:00,True,2025-12-03 02:50:00+00:00,21168,92550.79,signal,40.747500000000585,0.0,0.0,40.747500000000585,0.5821071428571513,-188.75999999999476,612.2300000000105,-0.2696571428571354,0.8746142857143007,7,2100.0,18.0,282.2321428571439,674.5059682165866,asian,Wed,2,False
367,BTCUSDm,long,2025-12-03 14:05:00+00:00,21303,91818.3,0.1,91818.3,92818.3,700.0,close_below_lower,0.9342683309912024,0.05,92318.3,0.5,0.05,92318.3,25.0,21304.0,2025-12-03 14:10:00+00:00,True,2025-12-03 14:35:00+00:00,21309,92818.3,tp,75.0,0.0,0.0,75.0,1.0714285714285714,-64.3700000000099,774.3399999999965,-0.09195714285715699,1.106199999999995,6,1800.0,18.0,240.55500000000342,605.2802546483358,overlap,Wed,14,False
368,BTCUSDm,short,2025-12-03 14:45:00+00:00,21311,93505.34,0.1,93505.34,92505.34,700.0,close_above_upper,0.39189621385962725,0.05,93005.34,0.5,0.05,92993.01,25.616500000000087,21312.0,2025-12-03 14:50:00+00:00,True,2025-12-03 14:55:00+00:00,21313,92523.34,tp,74.71650000000008,0.0,0.0,74.71650000000008,1.0673785714285726,-36.58999999999651,979.5899999999965,-0.052271428571423584,1.3994142857142806,2,600.0,18.0,456.58857142857386,621.9031172941899,overlap,Wed,14,False
369,BTCUSDm,long,2025-12-04 14:55:00+00:00,21601,92012.55,0.1,92012.55,93012.55,700.0,close_below_lower,0.10565433002198704,0.05,92512.55,0.5,0.05,92512.55,25.0,21604.0,2025-12-04 15:10:00+00:00,True,2025-12-04 15:15:00+00:00,21605,92656.87,signal,57.215999999999624,0.0,0.0,57.215999999999624,0.8173714285714232,-203.22999999999593,695.2299999999959,-0.2903285714285656,0.9931857142857085,4,1200.0,18.0,234.3149999999992,500.32108965957184,overlap,Thu,14,False
370,BTCUSDm,short,2025-12-04 15:40:00+00:00,21610,93237.99,0.1,93237.99,92237.99,700.0,close_above_upper,0.35475160531874844,0.05,92737.99,0.5,0.05,92755.99,24.1,21612.0,2025-12-04 15:50:00+00:00,True,2025-12-04 16:05:00+00:00,21615,92606.94,signal,55.652500000000146,0.0,0.0,55.652500000000146,0.7950357142857164,-3.4399999999877764,658.5600000000122,-0.004914285714268252,0.9408000000000175,5,1500.0,18.0,350.8921428571422,504.36817612833664,overlap,Thu,15,False
371,BTCUSDm,long,2025-12-04 19:15:00+00:00,21653,91323.9,0.1,91323.9,92323.9,700.0,close_below_lower,0.5844674821524497,0.05,91823.9,0.5,0.05,91823.9,25.0,21657.0,2025-12-04 19:35:00+00:00,True,2025-12-04 19:40:00+00:00,21658,91901.62,signal,53.88600000000006,0.0,0.0,53.88600000000006,0.7698000000000008,-437.3999999999942,666.4900000000052,-0.6248571428571346,0.9521285714285789,5,1500.0,18.0,261.0985714285728,511.71429710147544,newyork,Thu,19,False
372,BTCUSDm,long,2025-12-05 09:20:00+00:00,21822,91433.45,0.1,90733.45,92433.45,700.0,close_below_lower,0.3095103902651376,0.1,91933.45,0.5,0.0,0.0,0.0,,,False,2025-12-05 10:25:00+00:00,21835,91342.96,signal,-9.048999999999069,0.0,0.0,-9.048999999999069,-0.12927142857141527,-428.86999999999534,112.74000000000524,-0.6126714285714219,0.16105714285715034,13,3900.0,18.0,137.46642857142848,453.8623533106771,london,Fri,9,False
373,BTCUSDm,long,2025-12-05 13:45:00+00:00,21875,90453.71,0.1,90453.71,91453.71,700.0,close_below_lower,0.2625918548238578,0.05,90953.71,0.5,0.05,90953.71,25.0,21890.0,2025-12-05 15:00:00+00:00,True,2025-12-05 15:05:00+00:00,21891,91199.39,signal,62.28399999999965,0.0,0.0,62.28399999999965,0.8897714285714236,-546.1500000000087,780.8299999999872,-0.7802142857142982,1.1154714285714102,16,4800.0,18.0,200.25571428571442,446.46343850807807,overlap,Fri,13,False
374,BTCUSDm,short,2025-12-05 15:15:00+00:00,21893,91052.43,0.1,91752.43,90052.43,700.0,close_above_upper,0.06661012191982546,0.1,90552.43,0.5,0.0,0.0,0.0,,,False,2025-12-05 15:55:00+00:00,21901,90686.64,signal,36.57899999999936,0.0,0.0,36.57899999999936,0.5225571428571337,-343.9200000000128,459.3399999999965,-0.491314285714304,0.656199999999995,8,2400.0,18.0,358.00071428571493,464.1138623607128,overlap,Fri,15,False
375,BTCUSDm,long,2025-12-05 16:05:00+00:00,21903,90200.43,0.1,89500.43,91200.43,700.0,close_below_lower,0.36497754813320354,0.1,90700.43,0.5,0.0,0.0,0.0,,,False,2025-12-05 16:10:00+00:00,21904,89500.43,sl,-70.0,0.0,0.0,-70.0,-1.0,-809.8999999999942,0.0,-1.1569999999999916,0.0,1,300.0,18.0,377.1928571428601,473.59876571641934,newyork,Fri,16,False
376,BTCUSDm,long,2025-12-05 16:15:00+00:00,21905,89408.38,0.1,88708.38,90408.38,700.0,close_below_lower,1.408795660571809,0.1,89908.38,0.5,0.0,0.0,0.0,,,False,2025-12-05 16:35:00+00:00,21909,88708.38,sl,-70.0,0.0,0.0,-70.0,-1.0,-699.1100000000006,0.0,-0.9987285714285723,0.0,4,1200.0,18.0,380.61714285714595,486.5072585720978,newyork,Fri,16,False
377,BTCUSDm,long,2025-12-05 16:40:00+00:00,21910,88617.61,0.1,87917.61,89617.61,700.0,close_below_lower,1.22496115009556,0.1,89117.61,0.5,0.0,0.0,0.0,,,False,2025-12-05 17:25:00+00:00,21919,88957.23,signal,33.961999999999534,0.0,0.0,33.961999999999534,0.4851714285714219,-567.0,457.2899999999936,-0.81,0.6532714285714194,9,2700.0,18.0,413.87214285714333,515.8748067672373,newyork,Fri,16,False
378,BTCUSDm,short,2025-12-05 18:10:00+00:00,21928,89679.59,0.1,90379.59,88679.59,700.0,close_above_upper,0.01824979770445482,0.1,89179.59,0.5,0.0,0.0,0.0,,,False,2025-12-05 18:35:00+00:00,21933,89343.46,signal,33.61299999999901,0.0,0.0,33.61299999999901,0.48018571428570017,-89.2100000000064,472.58000000000175,-0.1274428571428663,0.6751142857142882,5,1500.0,18.0,298.46999999999804,530.784227911127,newyork,Fri,18,False
379,BTCUSDm,short,2025-12-07 12:50:00+00:00,22436,89526.54,0.1,90226.54,88526.54,700.0,close_above_upper,0.003320389262326281,0.1,89026.54,0.5,0.0,0.0,0.0,,,False,2025-12-07 13:15:00+00:00,22441,89357.91,signal,16.862999999999012,0.0,0.0,16.862999999999012,0.24089999999998588,-1.180000000007567,227.2899999999936,-0.0016857142857250958,0.32469999999999083,5,1500.0,18.0,82.52499999999938,244.68705119646904,overlap,Sun,12,False
380,BTCUSDm,long,2025-12-07 13:25:00+00:00,22443,88959.8,0.1,88259.8,89959.8,700.0,close_below_lower,0.6701045427620899,0.1,89459.8,0.5,0.0,0.0,0.0,,,False,2025-12-07 14:25:00+00:00,22455,88259.8,sl,-70.0,0.0,0.0,-70.0,-1.0,-699.4700000000012,163.55999999999767,-0.9992428571428588,0.23365714285713954,12,3600.0,18.0,140.68642857142757,241.73957983450524,overlap,Sun,13,False
381,BTCUSDm,long,2025-12-07 14:30:00+00:00,22456,87941.56,0.1,87941.56,88941.56,700.0,close_below_lower,2.560164534851038,0.05,88441.56,0.5,0.05,88441.56,25.0,22463.0,2025-12-07 15:05:00+00:00,True,2025-12-07 15:05:00+00:00,22463,88941.56,tp,75.0,0.0,0.0,75.0,1.0714285714285714,-209.2399999999907,447.6000000000058,-0.2989142857142724,0.6394285714285798,7,2100.0,18.0,251.34071428571664,249.17590904843445,overlap,Sun,14,False
382,BTCUSDm,short,2025-12-07 15:10:00+00:00,22464,88890.9,0.1,89590.9,87890.9,700.0,close_above_upper,0.8441693515766662,0.1,88390.9,0.5,0.0,0.0,0.0,,,False,2025-12-07 15:55:00+00:00,22473,89608.9,sl,-71.8,0.0,0.0,-71.8,-1.0257142857142856,-374.5100000000093,231.11999999999534,-0.535014285714299,0.3301714285714219,9,2700.0,18.0,331.9778571428563,260.65899970742646,overlap,Sun,15,False
383,BTCUSDm,short,2025-12-07 16:00:00+00:00,22474,89546.99,0.1,90246.99,88546.99,700.0,close_above_upper,1.5084471571357057,0.1,89046.99,0.5,0.0,0.0,0.0,,,False,2025-12-07 17:15:00+00:00,22489,90264.99,sl,-71.8,0.0,0.0,-71.8,-1.0257142857142856,-408.0599999999977,440.65000000000873,-0.5829428571428538,0.6295000000000125,15,4500.0,18.0,281.18357142857195,277.23841177343854,newyork,Sun,16,False
384,BTCUSDm,short,2025-12-07 17:20:00+00:00,22490,90323.66,0.1,91023.66,89323.66,700.0,close_above_upper,1.3914672545782023,0.1,89823.66,0.5,0.0,0.0,0.0,,,False,2025-12-07 17:35:00+00:00,22493,91041.66,sl,-71.8,0.0,0.0,-71.8,-1.0257142857142856,-674.4400000000023,125.82000000000698,-0.9634857142857176,0.1797428571428671,3,900.0,18.0,233.2514285714299,295.5801858076326,newyork,Sun,17,False
385,BTCUSDm,short,2025-12-07 17:40:00+00:00,22494,90841.41,0.1,91541.41,89841.41,700.0,close_above_upper,1.3594664043353195,0.1,90341.41,0.5,0.0,0.0,0.0,,,False,2025-12-07 18:15:00+00:00,22501,91559.41,sl,-71.8,0.0,0.0,-71.8,-1.0257142857142856,-656.1999999999971,147.57000000000698,-0.9374285714285673,0.2108142857142957,7,2100.0,18.0,291.7771428571453,314.3449453799327,newyork,Sun,17,False
386,BTCUSDm,short,2025-12-07 18:20:00+00:00,22502,91494.34,0.1,92194.34,90494.34,700.0,close_above_upper,0.6333427296016406,0.1,90994.34,0.5,0.0,0.0,0.0,,,False,2025-12-07 19:20:00+00:00,22514,91421.37,signal,7.297000000000117,0.0,0.0,7.297000000000117,0.10424285714285882,-286.5599999999977,253.2899999999936,-0.4093714285714252,0.361842857142848,12,3600.0,18.0,346.2464285714294,339.61433819464503,newyork,Sun,18,False
387,BTCUSDm,long,2025-12-07 21:30:00+00:00,22540,90908.89,0.1,90208.89,91908.89,700.0,close_below_lower,0.18397025825959562,0.1,91408.89,0.5,0.0,0.0,0.0,,,False,2025-12-07 21:45:00+00:00,22543,90208.89,sl,-70.0,0.0,0.0,-70.0,-1.0,-427.22000000000116,126.2899999999936,-0.6103142857142874,0.18041428571427656,3,900.0,18.0,121.73214285714494,342.02420312800984,rollover,Sun,21,False
388,BTCUSDm,long,2025-12-07 21:50:00+00:00,22544,90268.15,0.1,89568.15,91268.15,700.0,close_below_lower,1.123848617050025,0.1,90768.15,0.5,0.0,0.0,0.0,,,False,2025-12-07 22:05:00+00:00,22547,89568.15,sl,-70.0,0.0,0.0,-70.0,-1.0,-415.1899999999878,49.48000000001048,-0.593128571428554,0.07068571428572926,3,900.0,18.0,174.36642857142994,351.0139840563731,rollover,Sun,21,False
389,BTCUSDm,long,2025-12-07 22:10:00+00:00,22548,89342.02,0.1,89342.02,90342.02,700.0,close_below_lower,2.225777627111646,0.05,89842.02,0.5,0.05,89842.02,25.0,22552.0,2025-12-07 22:30:00+00:00,True,2025-12-07 22:35:00+00:00,22553,90035.12,signal,59.65499999999957,0.0,0.0,59.65499999999957,0.8522142857142795,-125.36000000000058,919.5099999999948,-0.17908571428571513,1.3135857142857068,5,1500.0,18.0,303.2135714285718,370.39279357175553,rollover,Sun,22,False
390,BTCUSDm,short,2025-12-08 00:00:00+00:00,22570,90395.74,0.1,91095.74,89395.74,700.0,close_above_upper,0.03463060530691087,0.1,89895.74,0.5,0.0,0.0,0.0,,,False,2025-12-08 00:15:00+00:00,22573,90081.41,signal,31.433000000000177,0.0,0.0,31.433000000000177,0.4490428571428597,-26.15999999998894,352.16999999999825,-0.03737142857141277,0.5030999999999975,3,900.0,18.0,240.70357142857287,400.3118900808065,asian,Mon,0,False
391,BTCUSDm,short,2025-12-08 01:30:00+00:00,22588,91139.05,0.1,91839.05,90139.05,700.0,close_above_upper,0.4180019671459552,0.1,90639.05,0.5,0.0,0.0,0.0,,,False,2025-12-08 02:00:00+00:00,22594,90937.72,signal,20.133000000000177,0.0,0.0,20.133000000000177,0.28761428571428826,-567.8499999999913,313.3399999999965,-0.8112142857142732,0.44762857142856644,6,1800.0,18.0,226.17499999999978,419.6397475910893,asian,Mon,1,False
392,BTCUSDm,long,2025-12-08 14:40:00+00:00,22746,91026.74,0.1,90326.74,92026.74,700.0,close_below_lower,0.015480660722257065,0.1,91526.74,0.5,0.0,0.0,0.0,,,False,2025-12-08 14:45:00+00:00,22747,91482.99,signal,45.625,0.0,0.0,45.625,0.6517857142857143,-137.72000000000116,511.929999999993,-0.1967428571428588,0.7313285714285614,1,300.0,18.0,259.0085714285721,450.323930257671,overlap,Mon,14,False
393,BTCUSDm,long,2025-12-08 15:00:00+00:00,22750,90866.63,0.1,90166.63,91866.63,700.0,close_below_lower,0.13961753072462466,0.1,91366.63,0.5,0.0,0.0,0.0,,,False,2025-12-08 15:10:00+00:00,22752,90166.63,sl,-70.0,0.0,0.0,-70.0,-1.0,-417.5,141.91999999999825,-0.5964285714285714,0.20274285714285464,2,600.0,18.0,333.8128571428585,453.91280764218675,overlap,Mon,15,False
394,BTCUSDm,long,2025-12-08 15:15:00+00:00,22753,90256.17,0.1,89556.17,91256.17,700.0,close_below_lower,0.891477310049353,0.1,90756.17,0.5,0.0,0.0,0.0,,,False,2025-12-08 16:20:00+00:00,22766,90072.63,signal,-18.35399999999936,0.0,0.0,-18.35399999999936,-0.26219999999999083,-655.9700000000012,269.4499999999971,-0.9371000000000017,0.3849285714285673,13,3900.0,18.0,401.76285714285666,464.44469110551677,overlap,Mon,15,False
395,BTCUSDm,short,2025-12-09 15:05:00+00:00,23039,90891.05,0.1,91591.05,89891.05,700.0,close_above_upper,0.1565889885754829,0.1,90391.05,0.5,0.0,0.0,0.0,,,False,2025-12-09 15:35:00+00:00,23045,91609.05,sl,-71.8,0.0,0.0,-71.8,-1.0257142857142856,-428.20999999999185,403.43000000000757,-0.6117285714285597,0.5763285714285823,6,1800.0,18.0,274.11785714285674,470.6525814252412,overlap,Tue,15,False
396,BTCUSDm,short,2025-12-09 15:40:00+00:00,23046,91583.75,0.1,92283.75,90583.75,700.0,close_above_upper,0.7996150229782203,0.1,91083.75,0.5,0.0,0.0,0.0,,,False,2025-12-09 15:50:00+00:00,23048,92301.75,sl,-71.8,0.0,0.0,-71.8,-1.0257142857142856,-581.9600000000064,59.179999999993015,-0.8313714285714378,0.08454285714284716,2,600.0,18.0,410.74000000000007,464.8116231645074,overlap,Tue,15,False
397,BTCUSDm,short,2025-12-09 15:55:00+00:00,23049,92821.46,0.1,93521.46,91821.46,700.0,close_above_upper,2.38485725666185,0.1,92321.46,0.5,0.0,0.0,0.0,,,False,2025-12-09 16:10:00+00:00,23052,93539.46,sl,-71.8,0.0,0.0,-71.8,-1.0257142857142856,-439.3099999999977,211.98000000001048,-0.627585714285711,0.3028285714285864,3,900.0,18.0,460.97142857142796,469.1067459958582,overlap,Tue,15,False
398,BTCUSDm,short,2025-12-09 16:15:00+00:00,23053,93434.38,0.1,94134.38,92434.38,700.0,close_above_upper,1.8742192746685122,0.1,92934.38,0.5,0.0,0.0,0.0,,,False,2025-12-09 16:40:00+00:00,23058,94152.38,sl,-71.8,0.0,0.0,-71.8,-1.0257142857142856,-596.6199999999953,164.15000000000873,-0.852314285714279,0.23450000000001248,5,1500.0,18.0,457.2221428571419,489.55824080885907,newyork,Tue,16,False
399,BTCUSDm,short,2025-12-09 16:45:00+00:00,23059,94228.51,0.1,94928.51,93228.51,700.0,close_above_upper,1.170926172797003,0.1,93728.51,0.5,0.0,0.0,0.0,,,False,2025-12-09 17:20:00+00:00,23066,93877.02,signal,35.14899999999907,0.0,0.0,35.14899999999907,0.5021285714285582,-377.13000000000466,420.59999999999127,-0.5387571428571495,0.6008571428571304,7,2100.0,18.0,432.29999999999876,520.7722863902229,newyork,Tue,16,False
400,BTCUSDm,long,2025-12-09 20:25:00+00:00,23103,92950.21,0.1,92250.21,93950.21,700.0,close_below_lower,0.45200749377892196,0.1,93450.21,0.5,0.0,0.0,0.0,,,False,2025-12-09 21:25:00+00:00,23115,93182.21,signal,23.200000000000003,0.0,0.0,23.200000000000003,0.33142857142857146,-171.1200000000099,341.179999999993,-0.244457142857157,0.48739999999999,12,3600.0,18.0,231.45857142857338,523.0321253417088,newyork,Tue,20,False
401,BTCUSDm,long,2025-12-09 21:55:00+00:00,23121,92315.5,0.1,92315.5,93315.5,700.0,close_below_lower,0.14887669243144386,0.05,92815.5,0.5,0.05,92815.5,25.0,23122.0,2025-12-09 22:00:00+00:00,True,2025-12-09 22:40:00+00:00,23130,92854.62,signal,51.95599999999977,0.0,0.0,51.95599999999977,0.7422285714285681,-65.44999999999709,687.5800000000017,-0.09349999999999584,0.9822571428571454,9,2700.0,18.0,214.01714285714115,540.4328287498548,rollover,Tue,21,False
402,BTCUSDm,short,2025-12-10 18:40:00+00:00,23370,92999.97,0.1,92999.97,91999.97,700.0,close_above_upper,0.24992379799916953,0.05,92499.97,0.5,0.05,92517.97,24.1,23372.0,2025-12-10 18:50:00+00:00,True,2025-12-10 18:55:00+00:00,23373,92473.4,signal,50.428500000000355,0.0,0.0,50.428500000000355,0.7204071428571479,-28.10000000000582,653.3399999999965,-0.04014285714286546,0.9333428571428521,3,900.0,18.0,209.14499999999785,473.29934729684555,newyork,Wed,18,False
403,BTCUSDm,short,2025-12-10 19:15:00+00:00,23377,93003.99,0.1,93003.99,92003.99,700.0,close_above_upper,0.04329175292884477,0.05,92503.99,0.5,0.05,92521.99,24.1,23379.0,2025-12-10 19:25:00+00:00,True,2025-12-10 19:30:00+00:00,23380,92521.47,signal,48.226000000000205,0.0,0.0,48.226000000000205,0.6889428571428601,-186.90999999998894,705.0400000000081,-0.26701428571426994,1.0072000000000116,3,900.0,18.0,460.9800000000001,477.2035215039179,newyork,Wed,19,False
404,BTCUSDm,short,2025-12-10 19:35:00+00:00,23381,93149.2,0.1,93149.2,92149.2,700.0,close_above_upper,0.09362077137553718,0.05,92649.2,0.5,0.05,92667.2,24.1,23382.0,2025-12-10 19:40:00+00:00,True,2025-12-10 19:45:00+00:00,23383,92615.21,signal,50.79949999999954,0.0,0.0,50.79949999999954,0.7257071428571363,-21.19999999999709,676.4599999999919,-0.030285714285710127,0.9663714285714169,2,600.0,18.0,558.2107142857141,476.384970674671,newyork,Wed,19,False
405,BTCUSDm,short,2025-12-10 20:10:00+00:00,23388,93601.16,0.1,94301.16,92601.16,700.0,close_above_upper,0.48075881605562837,0.1,93101.16,0.5,0.0,0.0,0.0,,,False,2025-12-10 20:15:00+00:00,23389,94319.16,sl,-71.8,0.0,0.0,-71.8,-1.0257142857142856,-695.6100000000006,199.63000000000466,-0.9937285714285723,0.2851857142857209,1,300.0,18.0,596.3642857142851,484.8322085421138,newyork,Wed,20,False
406,BTCUSDm,short,2025-12-10 20:20:00+00:00,23390,93692.7,0.1,93692.7,92692.7,700.0,close_above_upper,0.173784508318818,0.05,93192.7,0.5,0.05,93210.7,24.1,23396.0,2025-12-10 20:50:00+00:00,True,2025-12-10 20:50:00+00:00,23396,92710.7,tp,73.2,0.0,0.0,73.2,1.0457142857142858,-245.1200000000099,527.6699999999983,-0.35017142857144273,0.7538142857142832,6,1800.0,18.0,544.5507142857138,495.7297601785934,newyork,Wed,20,False
407,BTCUSDm,long,2025-12-10 20:55:00+00:00,23397,92548.52,0.1,91848.52,93548.52,700.0,close_below_lower,0.6972289036265672,0.1,93048.52,0.5,0.0,0.0,0.0,,,False,2025-12-10 21:50:00+00:00,23408,92595.86,signal,4.733999999999651,0.0,0.0,4.733999999999651,0.06762857142856644,-664.570000000007,154.3399999999965,-0.9493857142857243,0.2204857142857093,11,3300.0,18.0,553.1100000000016,506.8872348016642,newyork,Wed,20,False
408,BTCUSDm,long,2025-12-11 01:20:00+00:00,23450,90829.29,0.1,90129.29,91829.29,700.0,close_below_lower,0.06887634836072089,0.1,91329.29,0.5,0.0,0.0,0.0,,,False,2025-12-11 02:15:00+00:00,23461,90129.29,sl,-70.0,0.0,0.0,-70.0,-1.0,-652.0899999999965,478.18000000000757,-0.9315571428571379,0.6831142857142966,11,3300.0,18.0,251.1564285714277,542.2354492322067,asian,Thu,1,False
409,BTCUSDm,long,2025-12-11 14:55:00+00:00,23613,89508.71,0.1,89508.71,90508.71,700.0,close_below_lower,0.36512036742647874,0.05,90008.71,0.5,0.05,90008.71,25.0,23615.0,2025-12-11 15:05:00+00:00,True,2025-12-11 15:10:00+00:00,23616,90037.67,signal,51.447999999999595,0.0,0.0,51.447999999999595,0.7349714285714228,-253.58000000000175,700.6899999999878,-0.36225714285714533,1.0009857142856968,3,900.0,18.0,236.79857142857196,421.6329300526936,overlap,Thu,14,False
410,BTCUSDm,short,2025-12-11 15:25:00+00:00,23619,90596.37,0.1,90596.37,89596.37,700.0,close_above_upper,0.27389128440395677,0.05,90096.37,0.5,0.05,90114.37,24.1,23620.0,2025-12-11 15:30:00+00:00,True,2025-12-11 15:40:00+00:00,23622,89820.88,signal,62.874499999999536,0.0,0.0,62.874499999999536,0.8982071428571362,-67.90000000000873,790.7899999999936,-0.09700000000001248,1.1296999999999908,3,900.0,18.0,359.54357142857043,427.504525637425,overlap,Thu,15,False
411,BTCUSDm,long,2025-12-11 16:10:00+00:00,23628,89442.54,0.1,88742.54,90442.54,700.0,close_below_lower,0.09585977867086136,0.1,89942.54,0.5,0.0,0.0,0.0,,,False,2025-12-11 16:40:00+00:00,23634,89889.28,signal,44.674000000000525,0.0,0.0,44.674000000000525,0.6382000000000075,-122.81999999999243,485.9800000000105,-0.17545714285713204,0.6942571428571578,6,1800.0,18.0,356.8935714285711,426.9856499278138,newyork,Thu,16,False
412,BTCUSDm,short,2025-12-11 18:45:00+00:00,23659,91161.59,0.1,91161.59,90161.59,700.0,close_above_upper,0.8654084990978854,0.05,90661.59,0.5,0.05,90679.59,24.1,23660.0,2025-12-11 18:50:00+00:00,True,2025-12-11 19:20:00+00:00,23666,91179.59,be_stop,23.200000000000003,0.0,0.0,23.200000000000003,0.33142857142857146,-46.23000000001048,690.9499999999971,-0.06604285714287211,0.9870714285714244,7,2100.0,18.0,229.5178571428582,436.15399569931196,newyork,Thu,18,False
413,BTCUSDm,short,2025-12-11 19:35:00+00:00,23669,91325.68,0.1,92025.68,90325.68,700.0,close_above_upper,0.08349473709444022,0.1,90825.68,0.5,0.0,0.0,0.0,,,False,2025-12-11 19:55:00+00:00,23673,90997.82,signal,32.7859999999986,0.0,0.0,32.7859999999986,0.4683714285714086,-233.7600000000093,397.20999999999185,-0.3339428571428705,0.5674428571428455,4,1200.0,18.0,281.16428571428696,448.0753755405495,newyork,Thu,19,False
414,BTCUSDm,short,2025-12-11 21:05:00+00:00,23687,91908.09,0.1,92608.09,90908.09,700.0,close_above_upper,0.003561716962459623,0.1,91408.09,0.5,0.0,0.0,0.0,,,False,2025-12-11 21:10:00+00:00,23688,92626.09,sl,-71.8,0.0,0.0,-71.8,-1.0257142857142856,-501.22000000000116,30.220000000001164,-0.7160285714285731,0.043171428571430234,1,300.0,18.0,272.20928571428624,463.462131166757,rollover,Thu,21,False
415,BTCUSDm,short,2025-12-11 21:15:00+00:00,23689,92472.69,0.1,93172.69,91472.69,700.0,close_above_upper,0.7442512691053258,0.1,91972.69,0.5,0.0,0.0,0.0,,,False,2025-12-11 21:25:00+00:00,23691,93190.69,sl,-71.8,0.0,0.0,-71.8,-1.0257142857142856,-674.0899999999965,0.0,-0.9629857142857093,0.0,2,600.0,18.0,289.5135714285726,472.70337972075754,rollover,Thu,21,False
416,BTCUSDm,short,2025-12-11 21:30:00+00:00,23692,93301.46,0.1,93301.46,92301.46,700.0,close_above_upper,1.4590985939717485,0.05,92801.46,0.5,0.05,92819.46,24.1,23701.0,2025-12-11 22:15:00+00:00,True,2025-12-11 22:20:00+00:00,23702,92713.47,signal,53.49950000000027,0.0,0.0,53.49950000000027,0.7642785714285752,-295.61999999999534,703.8000000000029,-0.42231428571427904,1.0054285714285756,10,3000.0,18.0,338.26571428571543,491.1934310730658,rollover,Thu,21,False
417,BTCUSDm,long,2025-12-12 01:00:00+00:00,23734,91617.62,0.1,91617.62,92617.62,700.0,close_below_lower,0.3448871581268328,0.05,92117.62,0.5,0.05,92117.62,25.0,23738.0,2025-12-12 01:20:00+00:00,True,2025-12-12 01:25:00+00:00,23739,92185.04,signal,53.37099999999991,0.0,0.0,53.37099999999991,0.7624428571428559,-76.11999999999534,569.6699999999983,-0.1087428571428505,0.8138142857142833,5,1500.0,18.0,213.83357142857338,535.1708404201255,asian,Fri,1,False
418,BTCUSDm,long,2025-12-12 15:25:00+00:00,23907,91559.79,0.1,90859.79,92559.79,700.0,close_below_lower,0.3112108288329381,0.1,92059.79,0.5,0.0,0.0,0.0,,,False,2025-12-12 15:30:00+00:00,23908,90850.95,sl,-70.88399999999966,0.0,0.0,-70.88399999999966,-1.0126285714285665,-716.9099999999889,47.40000000000873,-1.024157142857127,0.06771428571429819,1,300.0,18.0,291.35071428571456,473.88362300705467,overlap,Fri,15,False
419,BTCUSDm,long,2025-12-12 15:35:00+00:00,23909,90660.18,0.1,89960.18,91660.18,700.0,close_below_lower,1.5145827373492162,0.1,91160.18,0.5,0.0,0.0,0.0,,,False,2025-12-12 15:55:00+00:00,23913,89960.18,sl,-70.0,0.0,0.0,-70.0,-1.0,-462.0399999999936,105.82000000000698,-0.6600571428571337,0.15117142857143856,4,1200.0,18.0,357.8692857142866,488.1205633986998,overlap,Fri,15,False
420,BTCUSDm,long,2025-12-12 16:00:00+00:00,23914,89949.3,0.1,89249.3,90949.3,700.0,close_below_lower,1.3056855119357627,0.1,90449.3,0.5,0.0,0.0,0.0,,,False,2025-12-12 16:30:00+00:00,23920,90407.75,signal,45.844999999999715,0.0,0.0,45.844999999999715,0.6549285714285673,-308.0200000000041,498.81999999999243,-0.44002857142857726,0.7125999999999892,6,1800.0,18.0,420.36785714285776,511.8099731487917,newyork,Fri,16,False
421,BTCUSDm,long,2025-12-12 16:40:00+00:00,23922,89658.0,0.1,89658.0,90658.0,700.0,close_below_lower,0.10889306221583854,0.05,90158.0,0.5,0.05,90158.0,25.0,23925.0,2025-12-12 16:55:00+00:00,True,2025-12-12 17:00:00+00:00,23926,90048.99,signal,44.549500000000265,0.0,0.0,44.549500000000265,0.6364214285714324,-186.36000000000058,536.2599999999948,-0.26622857142857226,0.7660857142857068,4,1200.0,18.0,441.91000000000037,535.0662828274366,newyork,Fri,16,False
422,BTCUSDm,long,2025-12-14 10:15:00+00:00,24421,89837.5,0.1,89137.5,90837.5,700.0,close_below_lower,0.3702306120564879,0.1,90337.5,0.5,0.0,0.0,0.0,,,False,2025-12-14 10:25:00+00:00,24423,90135.29,signal,29.77899999999936,0.0,0.0,29.77899999999936,0.4254142857142766,-31.44999999999709,298.1399999999994,-0.04492857142856727,0.42591428571428486,2,600.0,18.0,60.09428571428517,160.09025089105558,london,Sun,10,False
423,BTCUSDm,long,2025-12-14 11:05:00+00:00,24431,89664.11,0.1,88964.11,90664.11,700.0,close_below_lower,0.7803396305553725,0.1,90164.11,0.5,0.0,0.0,0.0,,,False,2025-12-14 11:40:00+00:00,24438,88964.11,sl,-70.0,0.0,0.0,-70.0,-1.0,-522.0,148.6999999999971,-0.7457142857142857,0.21242857142856728,7,2100.0,18.0,127.19785714285743,151.1829336393718,london,Sun,11,False
424,BTCUSDm,long,2025-12-14 11:45:00+00:00,24439,88912.55,0.1,88912.55,89912.55,700.0,close_below_lower,3.501669237955074,0.05,89412.55,0.5,0.05,89412.55,25.0,24441.0,2025-12-14 11:55:00+00:00,True,2025-12-14 12:20:00+00:00,24446,89554.87,signal,57.11599999999962,0.0,0.0,57.11599999999962,0.8159428571428518,-180.35000000000582,667.3099999999977,-0.25764285714286544,0.9532999999999967,7,2100.0,18.0,205.84642857143004,159.71477532256034,london,Sun,11,False
425,BTCUSDm,short,2025-12-14 12:45:00+00:00,24451,89601.4,0.1,90301.4,88601.4,700.0,close_above_upper,0.2218101201828351,0.1,89101.4,0.5,0.0,0.0,0.0,,,False,2025-12-14 13:00:00+00:00,24454,89445.47,signal,15.592999999999302,0.0,0.0,15.592999999999302,0.22275714285713288,-82.4600000000064,204.0,-0.11780000000000915,0.2914285714285714,3,900.0,18.0,265.8542857142872,157.77394401397632,overlap,Sun,12,False
426,BTCUSDm,long,2025-12-14 13:05:00+00:00,24455,89277.27,0.1,88577.27,90277.27,700.0,close_below_lower,0.1019850968637762,0.1,89777.27,0.5,0.0,0.0,0.0,,,False,2025-12-14 13:55:00+00:00,24465,89357.06,signal,7.97899999999936,0.0,0.0,7.97899999999936,0.11398571428570514,-191.98000000001048,104.26999999998952,-0.2742571428571578,0.14895714285712788,10,3000.0,18.0,166.60642857142997,154.74997131323414,overlap,Sun,13,False
427,BTCUSDm,short,2025-12-14 14:00:00+00:00,24466,89488.99,0.1,90188.99,88488.99,700.0,close_above_upper,0.03554877274613808,0.1,88988.99,0.5,0.0,0.0,0.0,,,False,2025-12-14 14:30:00+00:00,24472,89306.16,signal,18.283000000000175,0.0,0.0,18.283000000000175,0.2611857142857168,-85.26999999998952,281.75,-0.12181428571427075,0.4025,6,1800.0,18.0,133.4392857142853,156.1327906319419,overlap,Sun,14,False
428,BTCUSDm,long,2025-12-14 14:35:00+00:00,24473,89107.09,0.1,88407.09,90107.09,700.0,close_below_lower,0.551415148730666,0.1,89607.09,0.5,0.0,0.0,0.0,,,False,2025-12-14 15:25:00+00:00,24483,89104.53,signal,-0.2559999999997672,0.0,0.0,-0.2559999999997672,-0.003657142857139531,-228.4100000000035,78.08000000000175,-0.326300000000005,0.11154285714285964,10,3000.0,18.0,136.229999999998,154.70789313991494,overlap,Sun,14,False
429,BTCUSDm,short,2025-12-14 16:25:00+00:00,24495,89265.2,0.1,89965.2,88265.2,700.0,close_above_upper,0.3787178450644274,0.1,88765.2,0.5,0.0,0.0,0.0,,,False,2025-12-14 16:35:00+00:00,24497,88952.63,signal,31.256999999999245,0.0,0.0,31.256999999999245,0.4465285714285606,-82.83000000000175,354.929999999993,-0.11832857142857392,0.5070428571428471,2,600.0,18.0,123.5542857142843,158.74437557803375,newyork,Sun,16,False
430,BTCUSDm,long,2025-12-14 16:45:00+00:00,24499,88832.28,0.1,88132.28,89832.28,700.0,close_below_lower,0.3659751422683975,0.1,89332.28,0.5,0.0,0.0,0.0,,,False,2025-12-14 17:55:00+00:00,24513,88903.19,signal,7.091000000000349,0.0,0.0,7.091000000000349,0.10130000000000498,-332.5399999999936,209.77000000000407,-0.4750571428571337,0.2996714285714344,14,4200.0,18.0,143.94928571428423,161.54270372617412,newyork,Sun,16,False
431,BTCUSDm,long,2025-12-14 19:20:00+00:00,24530,88624.0,0.1,87924.0,89624.0,700.0,close_below_lower,0.4502626873017882,0.1,89124.0,0.5,0.0,0.0,0.0,,,False,2025-12-14 20:05:00+00:00,24539,88702.14,signal,7.813999999999942,0.0,0.0,7.813999999999942,0.1116285714285706,-122.97999999999593,146.16999999999825,-0.17568571428570848,0.20881428571428323,9,2700.0,18.0,127.6092857142846,173.80609900617398,newyork,Sun,19,False
432,BTCUSDm,long,2025-12-14 22:35:00+00:00,24569,88207.98,0.1,87507.98,89207.98,700.0,close_below_lower,0.5924540782223955,0.1,88707.98,0.5,0.0,0.0,0.0,,,False,2025-12-14 23:00:00+00:00,24574,88403.83,signal,19.585000000000583,0.0,0.0,19.585000000000583,0.27978571428572263,-214.8399999999965,250.23000000001048,-0.3069142857142807,0.35747142857144354,5,1500.0,18.0,123.75000000000104,181.81189642368685,rollover,Sun,22,False
433,BTCUSDm,long,2025-12-14 23:15:00+00:00,24577,88080.89,0.1,87380.89,89080.89,700.0,close_below_lower,0.13757400168179082,0.1,88580.89,0.5,0.0,0.0,0.0,,,False,2025-12-14 23:50:00+00:00,24584,88191.74,signal,11.085000000000583,0.0,0.0,11.085000000000583,0.1583571428571512,-519.7700000000041,165.1600000000035,-0.7425285714285772,0.23594285714286214,7,2100.0,18.0,190.87857142857268,188.5540600093811,rollover,Sun,23,False
434,BTCUSDm,short,2025-12-15 00:20:00+00:00,24590,88404.25,0.1,89104.25,87404.25,700.0,close_above_upper,0.13801317479674766,0.1,87904.25,0.5,0.0,0.0,0.0,,,False,2025-12-15 00:40:00+00:00,24594,88290.14,signal,11.411000000000058,0.0,0.0,11.411000000000058,0.16301428571428656,-291.00999999999476,175.9499999999971,-0.41572857142856395,0.2513571428571387,4,1200.0,18.0,241.98714285714024,196.00628731759608,asian,Mon,0,False
435,BTCUSDm,short,2025-12-15 01:15:00+00:00,24601,88605.77,0.1,89305.77,87605.77,700.0,close_above_upper,0.006373988560917735,0.1,88105.77,0.5,0.0,0.0,0.0,,,False,2025-12-15 01:50:00+00:00,24608,89323.77,sl,-71.8,0.0,0.0,-71.8,-1.0257142857142856,-695.0500000000029,84.43000000000757,-0.9929285714285756,0.12061428571429653,7,2100.0,18.0,181.98928571428613,203.0433753912146,asian,Mon,1,False
436,BTCUSDm,short,2025-12-15 01:55:00+00:00,24609,89247.54,0.1,89947.54,88247.54,700.0,close_above_upper,0.947806793545334,0.1,88747.54,0.5,0.0,0.0,0.0,,,False,2025-12-15 02:15:00+00:00,24613,89965.54,sl,-71.8,0.0,0.0,-71.8,-1.0257142857142856,-413.20000000001164,71.95999999999185,-0.590285714285731,0.10279999999998836,4,1200.0,18.0,189.1964285714296,220.62337522544988,asian,Mon,1,False
437,BTCUSDm,short,2025-12-15 02:20:00+00:00,24614,89934.67,0.1,89934.67,88934.67,700.0,close_above_upper,2.0508927876890284,0.05,89434.67,0.5,0.05,89452.67,24.1,24618.0,2025-12-15 02:40:00+00:00,True,2025-12-15 02:45:00+00:00,24619,89476.66,signal,47.00049999999974,0.0,0.0,47.00049999999974,0.6714357142857106,-94.05999999999767,553.0500000000029,-0.13437142857142526,0.7900714285714328,5,1500.0,18.0,227.39142857142932,233.56444906081705,asian,Mon,2,False
438,BTCUSDm,long,2025-12-15 14:35:00+00:00,24761,89085.36,0.1,89085.36,90085.36,700.0,close_below_lower,0.4276271739439011,0.05,89585.36,0.5,0.05,89585.36,25.0,24762.0,2025-12-15 14:40:00+00:00,True,2025-12-15 14:45:00+00:00,24763,89085.36,be_stop,25.0,0.0,0.0,25.0,0.35714285714285715,-18.0,794.9700000000012,-0.025714285714285714,1.1356714285714302,2,600.0,18.0,157.0042857142866,269.32323916697845,overlap,Mon,14,False
439,BTCUSDm,long,2025-12-15 14:50:00+00:00,24764,88742.11,0.1,88042.11,89742.11,700.0,close_below_lower,1.324213209574567,0.1,89242.11,0.5,0.0,0.0,0.0,,,False,2025-12-15 14:55:00+00:00,24765,88042.11,sl,-70.0,0.0,0.0,-70.0,-1.0,-498.5399999999936,141.80999999999767,-0.7121999999999908,0.20258571428571095,1,300.0,18.0,273.847142857145,272.8145429691921,overlap,Mon,14,False
440,BTCUSDm,long,2025-12-15 15:00:00+00:00,24766,88054.48,0.1,87354.48,89054.48,700.0,close_below_lower,2.788478857615053,0.1,88554.48,0.5,0.0,0.0,0.0,,,False,2025-12-15 15:15:00+00:00,24769,87354.48,sl,-70.0,0.0,0.0,-70.0,-1.0,-678.8999999999942,132.1999999999971,-0.9698571428571345,0.1888571428571387,3,900.0,18.0,327.6357142857149,283.9081728114914,overlap,Mon,15,False
441,BTCUSDm,long,2025-12-15 15:20:00+00:00,24770,87050.56,0.1,86350.56,88050.56,700.0,close_below_lower,3.5051684122431084,0.1,87550.56,0.5,0.0,0.0,0.0,,,False,2025-12-15 16:35:00+00:00,24785,86350.56,sl,-70.0,0.0,0.0,-70.0,-1.0,-479.9400000000023,320.6399999999994,-0.6856285714285748,0.45805714285714205,15,4500.0,18.0,456.1171428571418,311.54410756956304,overlap,Mon,15,False
442,BTCUSDm,long,2025-12-15 16:40:00+00:00,24786,86356.47,0.1,85656.47,87356.47,700.0,close_below_lower,0.6397541960347156,0.1,86856.47,0.5,0.0,0.0,0.0,,,False,2025-12-15 17:50:00+00:00,24800,85656.47,sl,-70.0,0.0,0.0,-70.0,-1.0,-682.3899999999994,140.75,-0.9748428571428563,0.20107142857142857,14,4200.0,18.0,352.5692857142889,354.87735411991116,newyork,Mon,16,False
443,BTCUSDm,long,2025-12-15 18:35:00+00:00,24809,85354.94,0.1,85354.94,86354.94,700.0,close_below_lower,0.08063100009339519,0.05,85854.94,0.5,0.05,85854.94,25.0,24810.0,2025-12-15 18:40:00+00:00,True,2025-12-15 18:45:00+00:00,24811,85762.19,signal,45.3625,0.0,0.0,45.3625,0.6480357142857143,-258.99000000000524,533.5099999999948,-0.36998571428572175,0.7621571428571354,2,600.0,18.0,239.71857142857127,388.17313476654317,newyork,Mon,18,False
444,BTCUSDm,short,2025-12-15 19:00:00+00:00,24814,86168.92,0.1,86868.92,85168.92,700.0,close_above_upper,0.014988406973296085,0.1,85668.92,0.5,0.0,0.0,0.0,,,False,2025-12-15 20:00:00+00:00,24826,86150.14,signal,1.8779999999998838,0.0,0.0,1.8779999999998838,0.02682857142856977,-384.6100000000006,321.86999999999534,-0.549442857142858,0.45981428571427907,12,3600.0,18.0,262.68428571428586,393.6393808465773,newyork,Mon,19,False
445,BTCUSDm,short,2025-12-16 10:45:00+00:00,25003,87117.68,0.1,87817.68,86117.68,700.0,close_above_upper,0.4060576940717148,0.1,86617.68,0.5,0.0,0.0,0.0,,,False,2025-12-16 12:25:00+00:00,25023,87112.88,signal,0.47999999999883586,0.0,0.0,0.47999999999883586,0.006857142857126227,-203.38000000000466,330.1899999999878,-0.2905428571428638,0.4716999999999825,20,6000.0,18.0,151.2528571428598,458.8308194632427,london,Tue,10,False
446,BTCUSDm,long,2025-12-16 14:00:00+00:00,25042,86440.26,0.1,86440.26,87440.26,700.0,close_below_lower,0.265174747361758,0.05,86940.26,0.5,0.05,86940.26,25.0,25043.0,2025-12-16 14:05:00+00:00,True,2025-12-16 14:30:00+00:00,25048,86915.92,signal,48.78300000000017,0.0,0.0,48.78300000000017,0.6969000000000024,-373.61999999999534,627.4100000000035,-0.5337428571428505,0.896300000000005,6,1800.0,18.0,321.8407142857125,476.5184320308023,overlap,Tue,14,False
447,BTCUSDm,short,2025-12-16 15:55:00+00:00,25065,87901.06,0.1,88601.06,86901.06,700.0,close_above_upper,0.28928238707858955,0.1,87401.06,0.5,0.0,0.0,0.0,,,False,2025-12-16 16:40:00+00:00,25074,87557.01,signal,34.40500000000029,0.0,0.0,34.40500000000029,0.49150000000000416,-244.4100000000035,404.8099999999977,-0.34915714285714783,0.5782999999999967,9,2700.0,18.0,380.05285714285753,492.3411935656515,overlap,Tue,15,False
448,BTCUSDm,short,2025-12-17 14:00:00+00:00,25330,87600.05,0.1,88300.05,86600.05,700.0,close_above_upper,0.03489977592766766,0.1,87100.05,0.5,0.0,0.0,0.0,,,False,2025-12-17 14:40:00+00:00,25338,87439.49,signal,16.055999999999766,0.0,0.0,16.055999999999766,0.22937142857142523,-300.179999999993,258.16999999999825,-0.42882857142856146,0.3688142857142832,8,2400.0,18.0,220.99428571428663,400.5795630835034,overlap,Wed,14,False
449,BTCUSDm,short,2025-12-17 14:55:00+00:00,25341,89254.25,0.1,89954.25,88254.25,700.0,close_above_upper,2.8051658300299276,0.1,88754.25,0.5,0.0,0.0,0.0,,,False,2025-12-17 15:00:00+00:00,25342,89972.25,sl,-71.8,0.0,0.0,-71.8,-1.0257142857142856,-409.1000000000058,246.72999999999593,-0.5844285714285797,0.3524714285714228,1,300.0,18.0,401.38714285714275,412.91738184465316,overlap,Wed,14,False
450,BTCUSDm,short,2025-12-17 15:05:00+00:00,25343,89564.77,0.1,90264.77,88564.77,700.0,close_above_upper,2.4271860840032424,0.1,89064.77,0.5,0.0,0.0,0.0,,,False,2025-12-17 15:15:00+00:00,25345,90282.77,sl,-71.8,0.0,0.0,-71.8,-1.0257142857142856,-795.5199999999895,106.66000000000349,-1.136457142857128,0.15237142857143357,2,600.0,18.0,439.15071428571434,431.1862548866916,overlap,Wed,15,False
451,BTCUSDm,short,2025-12-17 15:20:00+00:00,25346,89891.5,0.1,89891.5,88891.5,700.0,close_above_upper,1.618626919258458,0.05,89391.5,0.5,0.05,89409.5,24.1,25349.0,2025-12-17 15:35:00+00:00,True,2025-12-17 15:40:00+00:00,25350,88909.5,tp,73.2,0.0,0.0,73.2,1.0457142857142858,-170.72999999999593,664.179999999993,-0.24389999999999418,0.9488285714285615,4,1200.0,18.0,529.7200000000012,452.8730335043705,overlap,Wed,15,False
452,BTCUSDm,long,2025-12-17 15:45:00+00:00,25351,88714.71,0.1,88014.71,89714.71,700.0,close_below_lower,0.15301777000203498,0.1,89214.71,0.5,0.0,0.0,0.0,,,False,2025-12-17 15:50:00+00:00,25352,88014.71,sl,-70.0,0.0,0.0,-70.0,-1.0,-685.4200000000128,53.90999999998894,-0.9791714285714469,0.07701428571426991,1,300.0,18.0,625.3807142857144,466.5896873213174,overlap,Wed,15,False
453,BTCUSDm,long,2025-12-17 15:55:00+00:00,25353,87648.65,0.1,86948.65,88648.65,700.0,close_below_lower,1.956761175970809,0.1,88148.65,0.5,0.0,0.0,0.0,,,False,2025-12-17 16:10:00+00:00,25356,86948.65,sl,-70.0,0.0,0.0,-70.0,-1.0,-641.5599999999977,89.77000000000407,-0.9165142857142824,0.12824285714286296,3,900.0,18.0,687.0735714285723,480.1353656483965,overlap,Wed,15,False
454,BTCUSDm,long,2025-12-17 16:15:00+00:00,25357,86943.42,0.1,86243.42,87943.42,700.0,close_below_lower,1.8864083757322696,0.1,87443.42,0.5,0.0,0.0,0.0,,,False,2025-12-17 16:30:00+00:00,25360,86243.42,sl,-70.0,0.0,0.0,-70.0,-1.0,-661.2899999999936,66.72999999999593,-0.9446999999999909,0.09532857142856561,3,900.0,18.0,604.2900000000009,510.5766328706475,newyork,Wed,16,False
455,BTCUSDm,long,2025-12-17 16:35:00+00:00,25361,86441.67,0.1,86441.67,87441.67,700.0,close_below_lower,1.0395970007736246,0.05,86941.67,0.5,0.05,86941.67,25.0,25365.0,2025-12-17 16:55:00+00:00,True,2025-12-17 17:05:00+00:00,25367,86441.67,be_stop,25.0,0.0,0.0,25.0,0.35714285714285715,-253.75999999999476,528.8500000000058,-0.36251428571427824,0.7555000000000083,6,1800.0,18.0,565.9635714285707,543.481420555311,newyork,Wed,16,False
456,BTCUSDm,long,2025-12-17 18:50:00+00:00,25388,85775.23,0.1,85075.23,86775.23,700.0,close_below_lower,0.09476536658060376,0.1,86275.23,0.5,0.0,0.0,0.0,,,False,2025-12-17 19:50:00+00:00,25400,85907.63,signal,13.240000000000874,0.0,0.0,13.240000000000874,0.18914285714286963,-504.5199999999895,194.54000000000815,-0.7207428571428421,0.2779142857142974,12,3600.0,18.0,254.76142857143194,560.1182561069281,newyork,Wed,18,False
457,BTCUSDm,short,2025-12-18 13:35:00+00:00,25613,88085.61,0.1,88785.61,87085.61,700.0,close_above_upper,0.03294091363830357,0.1,87585.61,0.5,0.0,0.0,0.0,,,False,2025-12-18 13:40:00+00:00,25614,88803.61,sl,-71.8,0.0,0.0,-71.8,-1.0257142857142856,-206.38999999999942,244.08000000000175,-0.2948428571428563,0.34868571428571676,1,300.0,18.0,258.8928571428582,534.4163288493372,overlap,Thu,13,False
458,BTCUSDm,short,2025-12-18 13:45:00+00:00,25615,88726.09,0.1,89426.09,87726.09,700.0,close_above_upper,0.8246789752720415,0.1,88226.09,0.5,0.0,0.0,0.0,,,False,2025-12-18 14:00:00+00:00,25618,89444.09,sl,-71.8,0.0,0.0,-71.8,-1.0257142857142856,-444.8600000000006,170.16999999999825,-0.6355142857142866,0.2430999999999975,3,900.0,18.0,310.02857142857204,543.3114075094637,overlap,Thu,13,False
459,BTCUSDm,short,2025-12-18 14:05:00+00:00,25619,88996.49,0.1,88996.49,87996.49,700.0,close_above_upper,0.3654382737454334,0.05,88496.49,0.5,0.05,88514.49,24.1,25620.0,2025-12-18 14:10:00+00:00,True,2025-12-18 14:15:00+00:00,25621,88130.81,signal,67.38400000000038,0.0,0.0,67.38400000000038,0.9626285714285769,-232.52999999999884,937.0900000000111,-0.33218571428571264,1.3387000000000158,2,600.0,18.0,397.9864285714284,561.9801051664992,overlap,Thu,14,False
460,BTCUSDm,long,2025-12-18 14:45:00+00:00,25627,87796.18,0.1,87796.18,88796.18,700.0,close_below_lower,0.10187066681316545,0.05,88296.18,0.5,0.05,88296.18,25.0,25628.0,2025-12-18 14:50:00+00:00,True,2025-12-18 14:55:00+00:00,25629,88393.35,signal,54.858500000000646,0.0,0.0,54.858500000000646,0.7836928571428664,-91.59999999999127,639.6200000000099,-0.13085714285713038,0.9137428571428713,2,600.0,18.0,512.5935714285703,570.153884964652,overlap,Thu,14,False
461,BTCUSDm,short,2025-12-18 15:40:00+00:00,25638,89274.13,0.1,89274.13,88274.13,700.0,close_above_upper,0.49154190341207965,0.05,88774.13,0.5,0.05,88792.13,24.1,25639.0,2025-12-18 15:45:00+00:00,True,2025-12-18 16:00:00+00:00,25642,88474.78,signal,64.0675000000003,0.0,0.0,64.0675000000003,0.9152500000000042,-34.330000000001746,863.4400000000023,-0.049042857142859636,1.2334857142857176,4,1200.0,18.0,476.2228571428568,579.5957050801067,overlap,Thu,15,False
462,BTCUSDm,long,2025-12-18 17:10:00+00:00,25656,86561.24,0.1,85861.24,87561.24,700.0,close_below_lower,1.308556437334255,0.1,87061.24,0.5,0.0,0.0,0.0,,,False,2025-12-18 17:15:00+00:00,25657,85861.24,sl,-70.0,0.0,0.0,-70.0,-1.0,-347.16999999999825,138.68999999998778,-0.4959571428571404,0.19812857142855397,1,300.0,18.0,321.5042857142856,608.5064346654079,newyork,Thu,17,False
463,BTCUSDm,long,2025-12-18 17:20:00+00:00,25658,86123.99,0.1,85423.99,87123.99,700.0,close_below_lower,1.3609381501943991,0.1,86623.99,0.5,0.0,0.0,0.0,,,False,2025-12-18 17:25:00+00:00,25659,85423.99,sl,-70.0,0.0,0.0,-70.0,-1.0,-687.4000000000087,0.0,-0.9820000000000124,0.0,1,300.0,18.0,376.76285714285666,625.5060218414733,newyork,Thu,17,False
464,BTCUSDm,long,2025-12-18 17:30:00+00:00,25660,85872.54,0.1,85872.54,86872.54,700.0,close_below_lower,1.0058914929575364,0.05,86372.54,0.5,0.05,86372.54,25.0,25662.0,2025-12-18 17:40:00+00:00,True,2025-12-18 18:10:00+00:00,25668,86486.29,signal,55.6875,0.0,0.0,55.6875,0.7955357142857142,-324.8799999999901,675.4600000000064,-0.4641142857142716,0.9649428571428663,8,2400.0,18.0,420.2542857142845,643.5895891240649,newyork,Thu,17,False
465,BTCUSDm,long,2025-12-18 19:05:00+00:00,25679,85461.56,0.1,84761.56,86461.56,700.0,close_below_lower,0.15930504571002677,0.1,85961.56,0.5,0.0,0.0,0.0,,,False,2025-12-18 19:40:00+00:00,25686,84761.56,sl,-70.0,0.0,0.0,-70.0,-1.0,-403.3899999999994,394.63000000000466,-0.5762714285714278,0.5637571428571495,7,2100.0,18.0,327.96857142857124,660.2384124553116,newyork,Thu,19,False
466,BTCUSDm,long,2025-12-18 19:45:00+00:00,25687,84671.91,0.1,84671.91,85671.91,700.0,close_below_lower,0.4338003408881852,0.05,85171.91,0.5,0.05,85171.91,25.0,25691.0,2025-12-18 20:05:00+00:00,True,2025-12-18 20:50:00+00:00,25700,85004.17,signal,41.612999999999744,0.0,0.0,41.612999999999744,0.5944714285714249,-278.2700000000041,554.2299999999959,-0.3975285714285772,0.791757142857137,13,3900.0,18.0,404.8928571428592,680.627687336485,newyork,Thu,19,False
467,BTCUSDm,short,2025-12-19 03:30:00+00:00,25780,87086.74,0.1,87786.74,86086.74,700.0,close_above_upper,0.6255534634923572,0.1,86586.74,0.5,0.0,0.0,0.0,,,False,2025-12-19 04:40:00+00:00,25794,86991.38,signal,9.536000000000058,0.0,0.0,9.536000000000058,0.13622857142857225,-439.3600000000006,454.1200000000099,-0.6276571428571437,0.6487428571428713,14,4200.0,18.0,341.7214285714269,692.4152216213538,asian,Fri,3,False
468,BTCUSDm,short,2025-12-19 07:10:00+00:00,25824,87960.14,0.1,88660.14,86960.14,700.0,close_above_upper,0.059652245417483624,0.1,87460.14,0.5,0.0,0.0,0.0,,,False,2025-12-19 08:25:00+00:00,25839,87805.6,signal,15.453999999999361,0.0,0.0,15.453999999999361,0.22077142857141943,-374.1399999999994,298.1499999999942,-0.5344857142857135,0.4259285714285631,15,4500.0,18.0,169.44214285714406,722.8232580561964,london,Fri,7,False
469,BTCUSDm,short,2025-12-19 15:15:00+00:00,25921,88706.68,0.1,88706.68,87706.68,700.0,close_above_upper,0.14850095677142214,0.05,88206.68,0.5,0.05,88224.68,24.1,25922.0,2025-12-19 15:20:00+00:00,True,2025-12-19 15:30:00+00:00,25924,88152.18,signal,51.825,0.0,0.0,51.825,0.7403571428571429,-652.3000000000029,707.429999999993,-0.931857142857147,1.0106142857142757,3,900.0,18.0,369.5735714285724,535.0685386220798,overlap,Fri,15,False
470,BTCUSDm,long,2025-12-19 17:35:00+00:00,25949,86992.4,0.1,86292.4,87992.4,700.0,close_below_lower,0.7827175999603041,0.1,87492.4,0.5,0.0,0.0,0.0,,,False,2025-12-19 18:30:00+00:00,25960,87291.08,signal,29.86800000000076,0.0,0.0,29.86800000000076,0.4266857142857251,-218.41999999999825,416.40000000000873,-0.31202857142856893,0.5948571428571553,11,3300.0,18.0,340.65071428571224,556.5841551944285,newyork,Fri,17,False
471,BTCUSDm,short,2025-12-21 08:45:00+00:00,26419,88577.73,0.1,89277.73,87577.73,700.0,close_above_upper,0.5305817648588693,0.1,88077.73,0.5,0.0,0.0,0.0,,,False,2025-12-21 10:15:00+00:00,26437,88780.81,signal,-20.308000000000177,0.0,0.0,-20.308000000000177,-0.29011428571428827,-469.3600000000006,148.42999999999302,-0.6705142857142865,0.21204285714284715,18,5400.0,18.0,90.10500000000009,235.5333705589286,london,Sun,8,False
472,BTCUSDm,long,2025-12-21 13:05:00+00:00,26471,88336.88,0.1,87636.88,89336.88,700.0,close_below_lower,0.6058397694314199,0.1,88836.88,0.5,0.0,0.0,0.0,,,False,2025-12-21 13:45:00+00:00,26479,87636.88,sl,-70.0,0.0,0.0,-70.0,-1.0,-647.7600000000093,114.23999999999069,-0.9253714285714418,0.1631999999999867,8,2400.0,18.0,131.02142857142775,193.2113528366042,overlap,Sun,13,False
473,BTCUSDm,long,2025-12-21 13:50:00+00:00,26480,87764.82,0.1,87064.82,88764.82,700.0,close_below_lower,1.3878785419686546,0.1,88264.82,0.5,0.0,0.0,0.0,,,False,2025-12-21 14:10:00+00:00,26484,88010.12,signal,24.529999999998836,0.0,0.0,24.529999999998836,0.3504285714285548,-217.48000000001048,361.34999999999127,-0.3106857142857293,0.5162142857142732,4,1200.0,18.0,201.6778571428575,195.15915856394426,overlap,Sun,13,False
474,BTCUSDm,short,2025-12-21 15:55:00+00:00,26505,88171.46,0.1,88871.46,87171.46,700.0,close_above_upper,0.10517932302081426,0.1,87671.46,0.5,0.0,0.0,0.0,,,False,2025-12-21 17:55:00+00:00,26529,88295.3,signal,-12.383999999999652,0.0,0.0,-12.383999999999652,-0.17691428571428075,-292.429999999993,226.5,-0.4177571428571329,0.32357142857142857,24,7200.0,18.0,121.43999999999816,192.14873333546194,overlap,Sun,15,False
475,BTCUSDm,long,2025-12-21 18:10:00+00:00,26532,88067.68,0.1,87367.68,89067.68,700.0,close_below_lower,0.2040517146165938,0.1,88567.68,0.5,0.0,0.0,0.0,,,False,2025-12-21 18:35:00+00:00,26537,88176.0,signal,10.832000000000699,0.0,0.0,10.832000000000699,0.15474285714286712,-158.91999999999825,140.38000000000466,-0.22702857142856894,0.2005428571428638,5,1500.0,18.0,97.38142857142832,190.84645053365003,newyork,Sun,18,False
476,BTCUSDm,short,2025-12-21 19:00:00+00:00,26542,88414.4,0.1,89114.4,87414.4,700.0,close_above_upper,0.045742063615157785,0.1,87914.4,0.5,0.0,0.0,0.0,,,False,2025-12-21 19:35:00+00:00,26549,88241.99,signal,17.240999999998895,0.0,0.0,17.240999999998895,0.2462999999999842,-77.3700000000099,240.6299999999901,-0.11052857142858556,0.3437571428571287,7,2100.0,18.0,116.70285714285794,195.33540582613907,newyork,Sun,19,False
477,BTCUSDm,short,2025-12-21 23:05:00+00:00,26591,88664.95,0.1,89364.95,87664.95,700.0,close_above_upper,0.5037501320740232,0.1,88164.95,0.5,0.0,0.0,0.0,,,False,2025-12-21 23:30:00+00:00,26596,88442.95,signal,22.200000000000003,0.0,0.0,22.200000000000003,0.31714285714285717,-33.26000000000931,255.47999999999593,-0.04751428571429902,0.36497142857142273,5,1500.0,18.0,112.80642857142811,203.2148667835673,rollover,Sun,23,False
478,BTCUSDm,short,2025-12-22 00:10:00+00:00,26604,88911.7,0.1,89611.7,87911.7,700.0,close_above_upper,0.6276132306097243,0.1,88411.7,0.5,0.0,0.0,0.0,,,False,2025-12-22 00:55:00+00:00,26613,88954.54,signal,-4.283999999999651,0.0,0.0,-4.283999999999651,-0.06119999999999501,-685.9600000000064,166.50999999999476,-0.9799428571428663,0.2378714285714211,9,2700.0,18.0,153.70214285714403,208.22419343940277,asian,Mon,0,False
479,BTCUSDm,long,2025-12-22 01:00:00+00:00,26614,88601.38,0.1,87901.38,89601.38,700.0,close_below_lower,0.47086609387137024,0.1,89101.38,0.5,0.0,0.0,0.0,,,False,2025-12-22 01:15:00+00:00,26617,88952.91,signal,35.152999999999885,0.0,0.0,35.152999999999885,0.5021857142857127,-119.04000000000815,399.179999999993,-0.1700571428571545,0.5702571428571329,3,900.0,18.0,286.06714285714406,220.69220051745367,asian,Mon,1,False
480,BTCUSDm,short,2025-12-22 01:40:00+00:00,26622,89241.99,0.1,89241.99,88241.99,700.0,close_above_upper,0.19585831025097536,0.05,88741.99,0.5,0.05,88759.99,24.1,26624.0,2025-12-22 01:50:00+00:00,True,2025-12-22 01:55:00+00:00,26625,88601.44,signal,56.12750000000015,0.0,0.0,56.12750000000015,0.8018214285714307,-21.729999999995925,723.9199999999983,-0.03104285714285132,1.034171428571426,3,900.0,18.0,231.44642857142858,223.8335549485496,asian,Mon,1,False
481,BTCUSDm,long,2025-12-22 02:00:00+00:00,26626,88614.45,0.1,87914.45,89614.45,700.0,close_below_lower,0.42676771648547335,0.1,89114.45,0.5,0.0,0.0,0.0,,,False,2025-12-22 02:05:00+00:00,26627,87914.45,sl,-70.0,0.0,0.0,-70.0,-1.0,-242.9100000000035,21.210000000006403,-0.3470142857142907,0.030300000000009146,1,300.0,18.0,223.2942857142854,227.15592569780216,asian,Mon,2,False
482,BTCUSDm,long,2025-12-22 02:10:00+00:00,26628,88306.81,0.1,87606.81,89306.81,700.0,close_below_lower,1.2231337934796946,0.1,88806.81,0.5,0.0,0.0,0.0,,,False,2025-12-22 02:50:00+00:00,26636,88494.67,signal,18.786000000000058,0.0,0.0,18.786000000000058,0.2683714285714294,-238.75999999999476,229.43000000000757,-0.3410857142857068,0.3277571428571537,8,2400.0,18.0,237.80642857142917,231.8211626880062,asian,Mon,2,False
483,BTCUSDm,short,2025-12-22 03:25:00+00:00,26643,88814.36,0.1,89514.36,87814.36,700.0,close_above_upper,0.25773653350346654,0.1,88314.36,0.5,0.0,0.0,0.0,,,False,2025-12-22 05:05:00+00:00,26663,88874.64,signal,-6.027999999999884,0.0,0.0,-6.027999999999884,-0.08611428571428406,-186.60000000000582,232.5,-0.2665714285714369,0.33214285714285713,20,6000.0,18.0,177.7157142857125,244.81696278635368,asian,Mon,3,False
484,BTCUSDm,short,2025-12-22 08:20:00+00:00,26702,89443.33,0.1,90143.33,88443.33,700.0,close_above_upper,0.26233637170634855,0.1,88943.33,0.5,0.0,0.0,0.0,,,False,2025-12-22 08:55:00+00:00,26709,89407.39,signal,3.594000000000233,0.0,0.0,3.594000000000233,0.05134285714286047,-433.6399999999994,276.49000000000524,-0.6194857142857134,0.39498571428572177,7,2100.0,18.0,122.2171428571424,255.0128836749729,london,Mon,8,False
485,BTCUSDm,long,2025-12-22 15:15:00+00:00,26785,89609.45,0.1,88909.45,90609.45,700.0,close_below_lower,0.2084104637640337,0.1,90109.45,0.5,0.0,0.0,0.0,,,False,2025-12-22 16:00:00+00:00,26794,89704.18,signal,9.472999999999592,0.0,0.0,9.472999999999592,0.1353285714285656,-479.45999999999185,265.16999999999825,-0.6849428571428455,0.3788142857142832,9,2700.0,18.0,351.18214285714305,301.27185063439305,overlap,Mon,15,False
486,BTCUSDm,long,2025-12-22 17:05:00+00:00,26807,89326.78,0.1,88626.78,90326.78,700.0,close_below_lower,0.013712976847928014,0.1,89826.78,0.5,0.0,0.0,0.0,,,False,2025-12-22 17:40:00+00:00,26814,89416.96,signal,9.018000000000757,0.0,0.0,9.018000000000757,0.12882857142858226,-287.9400000000023,105.30000000000291,-0.41134285714286045,0.15042857142857557,7,2100.0,18.0,225.3678571428588,322.99218663677425,newyork,Mon,17,False
487,BTCUSDm,long,2025-12-22 19:05:00+00:00,26831,88770.0,0.1,88070.0,89770.0,700.0,close_below_lower,0.5546457451266457,0.1,89270.0,0.5,0.0,0.0,0.0,,,False,2025-12-22 19:50:00+00:00,26840,88070.0,sl,-70.0,0.0,0.0,-70.0,-1.0,-602.7400000000052,126.58000000000175,-0.8610571428571503,0.18082857142857392,9,2700.0,18.0,165.71857142857127,338.0626051390977,newyork,Mon,19,False
488,BTCUSDm,long,2025-12-22 19:55:00+00:00,26841,88104.52,0.1,87404.52,89104.52,700.0,close_below_lower,0.4934882041965599,0.1,88604.52,0.5,0.0,0.0,0.0,,,False,2025-12-22 20:45:00+00:00,26851,88295.69,signal,19.116999999999827,0.0,0.0,19.116999999999827,0.2730999999999975,-245.49000000000524,189.25999999999476,-0.3507000000000075,0.2703714285714211,10,3000.0,18.0,212.59285714285838,356.96914317298416,newyork,Mon,19,False
489,BTCUSDm,long,2025-12-23 06:20:00+00:00,26966,87224.0,0.1,86524.0,88224.0,700.0,close_below_lower,0.1807592970336296,0.1,87724.0,0.5,0.0,0.0,0.0,,,False,2025-12-23 06:55:00+00:00,26973,87429.14,signal,20.513999999999943,0.0,0.0,20.513999999999943,0.293057142857142,-260.86999999999534,209.92999999999302,-0.37267142857142194,0.29989999999999,7,2100.0,18.0,179.93357142857298,398.85858877729356,asian,Tue,6,False
490,BTCUSDm,long,2025-12-23 14:50:00+00:00,27068,87071.2,0.1,86371.2,88071.2,700.0,close_below_lower,0.2841552775710629,0.1,87571.2,0.5,0.0,0.0,0.0,,,False,2025-12-23 15:20:00+00:00,27074,87306.5,signal,23.530000000000292,0.0,0.0,23.530000000000292,0.3361428571428613,-544.0299999999988,241.47000000000116,-0.7771857142857126,0.3449571428571445,6,1800.0,18.0,212.36285714285623,380.5643052521456,overlap,Tue,14,False
491,BTCUSDm,short,2025-12-23 16:05:00+00:00,27083,88019.5,0.1,88719.5,87019.5,700.0,close_above_upper,0.7265672210705169,0.1,87519.5,0.5,0.0,0.0,0.0,,,False,2025-12-23 17:15:00+00:00,27097,87829.66,signal,18.98399999999965,0.0,0.0,18.98399999999965,0.271199999999995,-220.99000000000524,458.8099999999977,-0.3157000000000075,0.6554428571428538,14,4200.0,18.0,306.36285714285833,397.2813237269109,newyork,Tue,16,False
492,BTCUSDm,long,2025-12-23 18:00:00+00:00,27106,87142.0,0.1,87142.0,88142.0,700.0,close_below_lower,0.4287480489136559,0.05,87642.0,0.5,0.05,87642.0,25.0,27109.0,2025-12-23 18:15:00+00:00,True,2025-12-23 18:20:00+00:00,27110,87702.67,signal,53.03349999999992,0.0,0.0,53.03349999999992,0.7576214285714274,-40.44999999999709,624.3699999999953,-0.05778571428571013,0.8919571428571362,4,1200.0,18.0,217.9007142857133,402.7791387991541,newyork,Tue,18,False
493,BTCUSDm,long,2025-12-24 14:40:00+00:00,27354,86590.35,0.1,86590.35,87590.35,700.0,close_below_lower,0.7563152808278358,0.05,87090.35,0.5,0.05,87090.35,25.0,27356.0,2025-12-24 14:50:00+00:00,True,2025-12-24 15:20:00+00:00,27362,86590.35,be_stop,25.0,0.0,0.0,25.0,0.35714285714285715,-54.91000000000349,649.7299999999959,-0.07844285714286213,0.9281857142857085,8,2400.0,18.0,173.85642857142895,333.7302839906914,overlap,Wed,14,False
494,BTCUSDm,short,2025-12-24 16:35:00+00:00,27377,87425.84,0.1,88125.84,86425.84,700.0,close_above_upper,0.21367914539522703,0.1,86925.84,0.5,0.0,0.0,0.0,,,False,2025-12-24 17:55:00+00:00,27393,87284.24,signal,14.159999999999128,0.0,0.0,14.159999999999128,0.20228571428570183,-96.38999999999942,302.25,-0.13769999999999916,0.4317857142857143,16,4800.0,18.0,229.52857142857206,335.9675687635483,newyork,Wed,16,False
495,BTCUSDm,long,2025-12-25 08:25:00+00:00,27567,87333.17,0.1,86633.17,88333.17,700.0,close_below_lower,0.271685944495203,0.1,87833.17,0.5,0.0,0.0,0.0,,,False,2025-12-25 09:50:00+00:00,27584,87443.87,signal,11.069999999999709,0.0,0.0,11.069999999999709,0.15814285714285298,-19.289999999993597,235.61999999999534,-0.02755714285713371,0.33659999999999335,17,5100.0,18.0,78.71142857142799,289.445529908783,london,Thu,8,False
496,BTCUSDm,short,2025-12-25 15:30:00+00:00,27652,88012.34,0.1,88712.34,87012.34,700.0,close_above_upper,0.35142314397361113,0.1,87512.34,0.5,0.0,0.0,0.0,,,False,2025-12-25 16:40:00+00:00,27666,88183.3,signal,-17.09600000000064,0.0,0.0,-17.09600000000064,-0.24422857142858057,-536.7700000000041,139.02999999999884,-0.7668142857142916,0.19861428571428405,14,4200.0,18.0,101.09642857142482,230.67077288087955,overlap,Thu,15,False
497,BTCUSDm,long,2025-12-25 20:30:00+00:00,27712,87729.29,0.1,87029.29,88729.29,700.0,close_below_lower,0.3046397931909338,0.1,88229.29,0.5,0.0,0.0,0.0,,,False,2025-12-25 21:15:00+00:00,27721,87915.75,signal,18.64600000000064,0.0,0.0,18.64600000000064,0.2663714285714377,-99.42999999999302,190.5100000000093,-0.14204285714284717,0.27215714285715614,9,2700.0,18.0,82.28357142857256,231.47564534744038,newyork,Thu,20,False
498,BTCUSDm,long,2025-12-25 22:50:00+00:00,27740,87361.31,0.1,86661.31,88361.31,700.0,close_below_lower,0.8370298135677409,0.1,87861.31,0.5,0.0,0.0,0.0,,,False,2025-12-26 01:00:00+00:00,27766,87062.61,signal,-29.86999999999971,0.0,0.0,-29.86999999999971,-0.42671428571428155,-544.5800000000017,352.3099999999977,-0.7779714285714311,0.5032999999999966,26,7800.0,18.0,92.42142857142711,225.15545862147644,rollover,Thu,22,False
499,BTCUSDm,short,2025-12-26 02:15:00+00:00,27781,88134.7,0.1,88834.7,87134.7,700.0,close_above_upper,1.9689498179896856,0.1,87634.7,0.5,0.0,0.0,0.0,,,False,2025-12-26 02:20:00+00:00,27782,88852.7,sl,-71.8,0.0,0.0,-71.8,-1.0257142857142856,-528.0500000000029,0.0,-0.7543571428571471,0.0,1,300.0,18.0,139.3300000000007,245.77388076345443,asian,Fri,2,False
500,BTCUSDm,short,2025-12-26 02:25:00+00:00,27783,88972.66,0.1,89672.66,87972.66,700.0,close_above_upper,3.963522300871078,0.1,88472.66,0.5,0.0,0.0,0.0,,,False,2025-12-26 03:20:00+00:00,27794,88774.08,signal,19.858000000000175,0.0,0.0,19.858000000000175,0.28368571428571676,-408.3799999999901,258.7100000000064,-0.5833999999999858,0.36958571428572345,11,3300.0,18.0,197.81500000000128,259.1675900903271,asian,Fri,2,False
501,BTCUSDm,long,2025-12-26 07:40:00+00:00,27846,88846.63,0.1,88146.63,89846.63,700.0,close_below_lower,0.019423008170268055,0.1,89346.63,0.5,0.0,0.0,0.0,,,False,2025-12-26 08:55:00+00:00,27861,88669.47,signal,-17.71600000000035,0.0,0.0,-17.71600000000035,-0.2530857142857193,-582.2600000000093,79.94000000000233,-0.8318000000000133,0.11420000000000333,15,4500.0,18.0,149.04571428571631,303.71717555476243,london,Fri,7,False
502,BTCUSDm,long,2025-12-26 14:40:00+00:00,27930,88522.04,0.1,87822.04,89522.04,700.0,close_below_lower,0.11098817521951455,0.1,89022.04,0.5,0.0,0.0,0.0,,,False,2025-12-26 14:50:00+00:00,27932,87822.04,sl,-70.0,0.0,0.0,-70.0,-1.0,-672.3899999999994,67.94000000000233,-0.960557142857142,0.09705714285714619,2,600.0,18.0,135.6042857142841,305.50442319757997,overlap,Fri,14,False
503,BTCUSDm,long,2025-12-26 14:55:00+00:00,27933,87534.48,0.1,86834.48,88534.48,700.0,close_below_lower,2.324913750954598,0.1,88034.48,0.5,0.0,0.0,0.0,,,False,2025-12-26 15:10:00+00:00,27936,86834.48,sl,-70.0,0.0,0.0,-70.0,-1.0,-674.3300000000017,0.0,-0.963328571428574,0.0,3,900.0,18.0,204.769285714286,318.6039115500097,overlap,Fri,14,False
504,BTCUSDm,long,2025-12-26 15:15:00+00:00,27937,86717.75,0.1,86017.75,87717.75,700.0,close_below_lower,2.629379152642282,0.1,87217.75,0.5,0.0,0.0,0.0,,,False,2025-12-26 16:05:00+00:00,27947,87147.17,signal,42.94199999999983,0.0,0.0,42.94199999999983,0.6134571428571404,-134.72999999999593,475.99000000000524,-0.19247142857142274,0.6799857142857217,10,3000.0,18.0,268.46071428571514,344.9732429368906,overlap,Fri,15,False
505,BTCUSDm,long,2025-12-28 16:25:00+00:00,28527,87730.1,0.1,87030.1,88730.1,700.0,close_below_lower,0.12491819301667169,0.1,88230.1,0.5,0.0,0.0,0.0,,,False,2025-12-28 17:05:00+00:00,28535,87767.78,signal,3.7679999999993017,0.0,0.0,3.7679999999993017,0.053828571428561456,-64.24000000000524,56.39999999999418,-0.09177142857143605,0.08057142857142026,8,2400.0,18.0,52.16571428571375,95.91180997780184,newyork,Sun,16,False
506,BTCUSDm,long,2025-12-28 18:05:00+00:00,28547,87612.3,0.1,86912.3,88612.3,700.0,close_below_lower,0.5566313041587574,0.1,88112.3,0.5,0.0,0.0,0.0,,,False,2025-12-28 18:40:00+00:00,28554,87665.61,signal,5.330999999999768,0.0,0.0,5.330999999999768,0.07615714285713954,-198.05999999999767,71.61999999999534,-0.28294285714285383,0.10231428571427906,7,2100.0,18.0,47.295714285715285,95.31362481586874,newyork,Sun,18,False
507,BTCUSDm,long,2025-12-28 18:55:00+00:00,28557,87500.51,0.1,86800.51,88500.51,700.0,close_below_lower,0.4802016477795305,0.1,88000.51,0.5,0.0,0.0,0.0,,,False,2025-12-28 19:15:00+00:00,28561,87595.72,signal,9.52100000000064,0.0,0.0,9.52100000000064,0.13601428571429486,-55.720000000001164,119.76000000000931,-0.07960000000000167,0.17108571428572758,4,1200.0,18.0,77.03428571428647,97.71675017236737,newyork,Sun,18,False
508,BTCUSDm,long,2025-12-28 19:30:00+00:00,28564,87465.58,0.1,86765.58,88465.58,700.0,close_below_lower,0.06040935753966398,0.1,87965.58,0.5,0.0,0.0,0.0,,,False,2025-12-28 19:35:00+00:00,28565,87549.24,signal,8.36600000000035,0.0,0.0,8.36600000000035,0.11951428571429071,-18.0,101.30000000000291,-0.025714285714285714,0.14471428571428988,1,300.0,18.0,80.50000000000311,99.25083476119906,newyork,Sun,19,False
509,BTCUSDm,short,2025-12-28 22:50:00+00:00,28604,87736.77,0.1,88436.77,86736.77,700.0,close_above_upper,0.9357153794315483,0.1,87236.77,0.5,0.0,0.0,0.0,,,False,2025-12-28 23:15:00+00:00,28609,87649.25,signal,8.752000000000407,0.0,0.0,8.752000000000407,0.12502857142857726,-245.19000000000233,126.01000000000931,-0.3502714285714319,0.18001428571429903,5,1500.0,18.0,62.56642857142807,102.31298646498433,rollover,Sun,22,False
510,BTCUSDm,short,2025-12-28 23:50:00+00:00,28616,87810.23,0.1,88510.23,86810.23,700.0,close_above_upper,0.08267704424532668,0.1,87310.23,0.5,0.0,0.0,0.0,,,False,2025-12-29 01:05:00+00:00,28631,88016.32,signal,-20.609000000001107,0.0,0.0,-20.609000000001107,-0.2944142857143015,-564.3899999999994,83.97000000000116,-0.8062714285714278,0.11995714285714452,15,4500.0,18.0,118.03142857142873,106.80944546304502,rollover,Sun,23,False
511,BTCUSDm,short,2025-12-29 01:40:00+00:00,28638,88146.76,0.1,88846.76,87146.76,700.0,close_above_upper,0.060742417368494825,0.1,87646.76,0.5,0.0,0.0,0.0,,,False,2025-12-29 02:05:00+00:00,28643,88864.76,sl,-71.8,0.0,0.0,-71.8,-1.0257142857142856,-684.9100000000035,2.539999999993597,-0.9784428571428622,0.0036285714285622817,5,1500.0,18.0,164.84142857142746,117.94102961042634,asian,Mon,1,False
512,BTCUSDm,short,2025-12-29 02:10:00+00:00,28644,88953.95,0.1,89653.95,87953.95,700.0,close_above_upper,4.2117783074204,0.1,88453.95,0.5,0.0,0.0,0.0,,,False,2025-12-29 03:30:00+00:00,28660,89671.95,sl,-71.8,0.0,0.0,-71.8,-1.0257142857142856,-474.1100000000006,153.36999999999534,-0.6773000000000008,0.21909999999999336,16,4800.0,18.0,187.0635714285693,129.6164121434415,asian,Mon,2,False
513,BTCUSDm,short,2025-12-29 03:35:00+00:00,28661,89493.72,0.1,90193.72,88493.72,700.0,close_above_upper,0.871240604922694,0.1,88993.72,0.5,0.0,0.0,0.0,,,False,2025-12-29 04:35:00+00:00,28673,90211.72,sl,-71.8,0.0,0.0,-71.8,-1.0257142857142856,-631.6000000000058,0.0,-0.9022857142857226,0.0,12,3600.0,18.0,175.06357142857138,160.24342531191414,asian,Mon,3,False
514,BTCUSDm,short,2025-12-29 04:40:00+00:00,28674,90218.84,0.1,90918.84,89218.84,700.0,close_above_upper,0.6460129999019512,0.1,89718.84,0.5,0.0,0.0,0.0,,,False,2025-12-29 05:05:00+00:00,28679,90030.28,signal,18.855999999999767,0.0,0.0,18.855999999999767,0.26937142857142526,-62.330000000001746,222.17999999999302,-0.08904285714285964,0.31739999999999,5,1500.0,18.0,197.1642857142849,182.7819430952664,asian,Mon,4,False
515,BTCUSDm,long,2025-12-29 07:05:00+00:00,28703,89628.91,0.1,88928.91,90628.91,700.0,close_below_lower,0.010310546887417824,0.1,90128.91,0.5,0.0,0.0,0.0,,,False,2025-12-29 08:15:00+00:00,28717,89549.83,signal,-7.908000000000175,0.0,0.0,-7.908000000000175,-0.11297142857143108,-266.9100000000035,16.069999999992433,-0.38130000000000497,0.022957142857132046,14,4200.0,18.0,103.70142857143115,194.99525167224613,london,Mon,7,False
516,BTCUSDm,long,2025-12-29 09:30:00+00:00,28732,89229.88,0.1,88529.88,90229.88,700.0,close_below_lower,0.08091796523880694,0.1,89729.88,0.5,0.0,0.0,0.0,,,False,2025-12-29 09:35:00+00:00,28733,88529.88,sl,-70.0,0.0,0.0,-70.0,-1.0,-711.4300000000076,0.0,-1.0163285714285821,0.0,1,300.0,18.0,123.2942857142885,210.75622827897473,london,Mon,9,False
517,BTCUSDm,long,2025-12-29 09:40:00+00:00,28734,88466.72,0.1,87766.72,89466.72,700.0,close_below_lower,2.691359067234027,0.1,88966.72,0.5,0.0,0.0,0.0,,,False,2025-12-29 09:50:00+00:00,28736,87766.72,sl,-70.0,0.0,0.0,-70.0,-1.0,-652.8000000000029,40.94000000000233,-0.9325714285714327,0.05848571428571761,2,600.0,18.0,188.92857142857352,219.9193588349303,london,Mon,9,False
518,BTCUSDm,long,2025-12-29 09:55:00+00:00,28737,87895.31,0.1,87195.31,88895.31,700.0,close_below_lower,3.1053930135381815,0.1,88395.31,0.5,0.0,0.0,0.0,,,False,2025-12-29 12:05:00+00:00,28763,87195.31,sl,-70.0,0.0,0.0,-70.0,-1.0,-481.61999999999534,273.570000000007,-0.6880285714285648,0.3908142857142957,26,7800.0,18.0,239.87214285714643,237.28293893107474,london,Mon,9,False
519,BTCUSDm,long,2025-12-29 12:10:00+00:00,28764,86957.36,0.1,86257.36,87957.36,700.0,close_below_lower,1.0947354382460175,0.1,87457.36,0.5,0.0,0.0,0.0,,,False,2025-12-29 12:50:00+00:00,28772,87254.29,signal,29.6929999999993,0.0,0.0,29.6929999999993,0.4241857142857043,-275.9799999999959,364.6100000000006,-0.39425714285713703,0.5208714285714294,8,2400.0,18.0,134.68571428571573,277.757862166525,overlap,Mon,12,False
520,BTCUSDm,short,2025-12-29 14:35:00+00:00,28793,87855.98,0.1,88555.98,86855.98,700.0,close_above_upper,0.7993844668724446,0.1,87355.98,0.5,0.0,0.0,0.0,,,False,2025-12-29 14:55:00+00:00,28797,87522.8,signal,33.3179999999993,0.0,0.0,33.3179999999993,0.4759714285714186,-232.8700000000099,378.41999999999825,-0.3326714285714427,0.5405999999999975,4,1200.0,18.0,166.76928571428704,295.3697728462708,overlap,Mon,14,False
521,BTCUSDm,short,2025-12-30 08:20:00+00:00,29006,87972.7,0.1,88672.7,86972.7,700.0,close_above_upper,0.3196025249327604,0.1,87472.7,0.5,0.0,0.0,0.0,,,False,2025-12-30 09:15:00+00:00,29017,87700.59,signal,27.21100000000006,0.0,0.0,27.21100000000006,0.38872857142857226,-11.529999999998836,326.4499999999971,-0.01647142857142691,0.4663571428571387,11,3300.0,18.0,131.46428571428572,357.9821699111464,london,Tue,8,False
522,BTCUSDm,short,2025-12-30 14:55:00+00:00,29085,88748.34,0.1,88748.34,87748.34,700.0,close_above_upper,0.8596518831087523,0.05,88248.34,0.5,0.05,88266.34,24.1,29086.0,2025-12-30 15:00:00+00:00,True,2025-12-30 15:45:00+00:00,29095,88766.34,be_stop,23.200000000000003,0.0,0.0,23.200000000000003,0.33142857142857146,-218.35000000000582,662.429999999993,-0.31192857142857977,0.9463285714285614,10,3000.0,18.0,222.85285714285627,377.3574603458542,overlap,Tue,14,False
523,BTCUSDm,short,2025-12-30 15:50:00+00:00,29096,88810.97,0.1,89510.97,87810.97,700.0,close_above_upper,0.10219847976627369,0.1,88310.97,0.5,0.0,0.0,0.0,,,False,2025-12-30 16:40:00+00:00,29106,88778.54,signal,3.243000000000757,0.0,0.0,3.243000000000757,0.046328571428582245,-503.0899999999965,124.16999999999825,-0.718699999999995,0.1773857142857118,10,3000.0,18.0,317.4450000000018,388.8371328397005,overlap,Tue,15,False
524,BTCUSDm,long,2025-12-31 14:40:00+00:00,29370,88542.61,0.1,87842.61,89542.61,700.0,close_below_lower,0.07285764536195728,0.1,89042.61,0.5,0.0,0.0,0.0,,,False,2025-12-31 15:10:00+00:00,29376,87842.61,sl,-70.0,0.0,0.0,-70.0,-1.0,-378.25999999999476,53.7100000000064,-0.5403714285714211,0.07672857142858057,6,1800.0,18.0,135.06642857142702,267.61001950790967,overlap,Wed,14,False
525,BTCUSDm,long,2025-12-31 15:15:00+00:00,29377,88095.78,0.1,87395.78,89095.78,700.0,close_below_lower,0.4681545165703883,0.1,88595.78,0.5,0.0,0.0,0.0,,,False,2025-12-31 16:40:00+00:00,29394,87395.78,sl,-70.0,0.0,0.0,-70.0,-1.0,-582.8899999999994,2.4199999999982538,-0.8326999999999992,0.0034571428571403624,17,5100.0,18.0,204.39071428571333,281.2747497723069,overlap,Wed,15,False
526,BTCUSDm,long,2025-12-31 16:45:00+00:00,29395,87367.92,0.1,86667.92,88367.92,700.0,close_below_lower,0.34490713792796834,0.1,87867.92,0.5,0.0,0.0,0.0,,,False,2025-12-31 17:20:00+00:00,29402,87591.67,signal,22.375,0.0,0.0,22.375,0.3196428571428571,-68.19000000000233,263.41999999999825,-0.09741428571428903,0.3763142857142832,7,2100.0,18.0,200.11500000000004,299.97162786910246,newyork,Wed,16,False
527,BTCUSDm,short,2026-01-01 17:35:00+00:00,29681,88241.25,0.1,88941.25,87241.25,700.0,close_above_upper,0.2719418486574654,0.1,87741.25,0.5,0.0,0.0,0.0,,,False,2026-01-01 18:15:00+00:00,29689,88073.98,signal,16.72700000000041,0.0,0.0,16.72700000000041,0.2389571428571487,-133.8399999999965,193.89999999999418,-0.191199999999995,0.2769999999999917,8,2400.0,18.0,78.40785714286072,227.72667066311772,newyork,Thu,17,False
528,BTCUSDm,short,2026-01-02 03:15:00+00:00,29797,88851.92,0.1,89551.92,87851.92,700.0,close_above_upper,0.5294971860439152,0.1,88351.92,0.5,0.0,0.0,0.0,,,False,2026-01-02 04:10:00+00:00,29808,88768.05,signal,8.386999999999535,0.0,0.0,8.386999999999535,0.11981428571427907,-175.47000000000116,155.77000000000407,-0.2506714285714302,0.22252857142857724,11,3300.0,18.0,110.17714285714361,232.85680615199513,asian,Fri,3,False
529,BTCUSDm,short,2026-01-02 09:50:00+00:00,29876,89372.67,0.1,90072.67,88372.67,700.0,close_above_upper,0.31510303251117494,0.1,88872.67,0.5,0.0,0.0,0.0,,,False,2026-01-02 11:05:00+00:00,29891,89512.74,signal,-14.0070000000007,0.0,0.0,-14.0070000000007,-0.20010000000001,-471.75999999999476,174.70999999999185,-0.6739428571428496,0.24958571428570264,15,4500.0,18.0,107.96214285714397,230.3963243776994,london,Fri,9,False
530,BTCUSDm,long,2026-01-02 14:15:00+00:00,29929,89087.57,0.1,88387.57,90087.57,700.0,close_below_lower,0.23924713865111727,0.1,89587.57,0.5,0.0,0.0,0.0,,,False,2026-01-02 14:45:00+00:00,29935,89316.97,signal,22.93999999999942,0.0,0.0,22.93999999999942,0.3277142857142774,-698.8800000000047,343.90999999998894,-0.9984000000000066,0.4912999999999842,6,1800.0,18.0,113.63285714285614,214.91381575710864,overlap,Fri,14,False
531,BTCUSDm,short,2026-01-02 14:50:00+00:00,29936,89732.97,0.1,89732.97,88732.97,700.0,close_above_upper,1.6589372067687462,0.05,89232.97,0.5,0.05,89250.97,24.1,29938.0,2026-01-02 15:00:00+00:00,True,2026-01-02 15:15:00+00:00,29941,89122.41,signal,54.627999999999886,0.0,0.0,54.627999999999886,0.7803999999999984,-362.5200000000041,707.570000000007,-0.5178857142857201,1.0108142857142957,5,1500.0,18.0,279.46928571428515,225.78683430712982,overlap,Fri,14,False
532,BTCUSDm,long,2026-01-02 15:25:00+00:00,29943,88894.3,0.1,88894.3,89894.3,700.0,close_below_lower,0.3936171920800541,0.05,89394.3,0.5,0.05,89394.3,25.0,29944.0,2026-01-02 15:30:00+00:00,True,2026-01-02 15:35:00+00:00,29945,89381.39,signal,49.35449999999983,0.0,0.0,49.35449999999983,0.7050642857142833,-74.4600000000064,559.8300000000017,-0.10637142857143772,0.7997571428571454,2,600.0,18.0,432.06142857142964,229.68338260028696,overlap,Fri,15,False
533,BTCUSDm,short,2026-01-02 15:40:00+00:00,29946,89587.88,0.1,90287.88,88587.88,700.0,close_above_upper,0.4757372569044313,0.1,89087.88,0.5,0.0,0.0,0.0,,,False,2026-01-02 16:00:00+00:00,29950,89365.72,signal,22.21600000000035,0.0,0.0,22.21600000000035,0.3173714285714336,-235.90999999998894,359.4100000000035,-0.3370142857142699,0.5134428571428621,4,1200.0,18.0,449.07428571428835,231.89864486149003,overlap,Fri,15,False
534,BTCUSDm,short,2026-01-02 16:15:00+00:00,29953,89709.77,0.1,90409.77,88709.77,700.0,close_above_upper,0.26966359154059505,0.1,89209.77,0.5,0.0,0.0,0.0,,,False,2026-01-02 16:30:00+00:00,29956,90427.77,sl,-71.8,0.0,0.0,-71.8,-1.0257142857142856,-447.81999999999243,57.10000000000582,-0.6397428571428463,0.08157142857143689,3,900.0,18.0,320.14071428571646,234.05631109277167,newyork,Fri,16,False
535,BTCUSDm,short,2026-01-02 16:35:00+00:00,29957,90679.51,0.1,90679.51,89679.51,700.0,close_above_upper,3.0885609224038175,0.05,90179.51,0.5,0.05,90197.51,24.1,29958.0,2026-01-02 16:40:00+00:00,True,2026-01-02 17:05:00+00:00,29963,90697.51,be_stop,23.200000000000003,0.0,0.0,23.200000000000003,0.33142857142857146,-66.19000000000233,845.1699999999983,-0.09455714285714618,1.2073857142857118,6,1800.0,18.0,359.3714285714294,243.69141088664617,newyork,Fri,16,False
536,BTCUSDm,short,2026-01-02 17:10:00+00:00,29964,90542.89,0.1,91242.89,89542.89,700.0,close_above_upper,0.5795467200565029,0.1,90042.89,0.5,0.0,0.0,0.0,,,False,2026-01-02 17:50:00+00:00,29972,90263.58,signal,27.93099999999977,0.0,0.0,27.93099999999977,0.39901428571428244,-399.83000000000175,325.74000000000524,-0.5711857142857167,0.4653428571428646,8,2400.0,18.0,386.3292857142847,257.7752616626224,newyork,Fri,17,False
537,BTCUSDm,long,2026-01-02 18:45:00+00:00,29983,89988.69,0.1,89288.69,90988.69,700.0,close_below_lower,0.12598312394847389,0.1,90488.69,0.5,0.0,0.0,0.0,,,False,2026-01-02 19:40:00+00:00,29994,89993.29,signal,0.4599999999991269,0.0,0.0,0.4599999999991269,0.006571428571416098,-483.5500000000029,121.69999999999709,-0.6907857142857184,0.17385714285713869,11,3300.0,18.0,197.72571428571038,272.733005392137,newyork,Fri,18,False
538,BTCUSDm,long,2026-01-03 07:30:00+00:00,30136,89409.06,0.1,88709.06,90409.06,700.0,close_below_lower,0.25414235618869313,0.1,89909.06,0.5,0.0,0.0,0.0,,,False,2026-01-03 08:25:00+00:00,30147,89555.03,signal,14.597000000000117,0.0,0.0,14.597000000000117,0.2085285714285731,-144.9100000000035,261.9400000000023,-0.2070142857142907,0.3742000000000033,11,3300.0,18.0,105.08071428571358,310.76386321244473,london,Sat,7,False
539,BTCUSDm,short,2026-01-04 00:10:00+00:00,30336,91193.16,0.1,91893.16,90193.16,700.0,close_above_upper,0.8060929019020665,0.1,90693.16,0.5,0.0,0.0,0.0,,,False,2026-01-04 01:20:00+00:00,30350,91123.72,signal,6.9440000000002335,0.0,0.0,6.9440000000002335,0.09920000000000334,-246.30999999999767,187.07000000000698,-0.3518714285714252,0.2672428571428671,14,4200.0,18.0,136.6735714285699,295.9810767800556,asian,Sun,0,False
540,BTCUSDm,long,2026-01-04 19:10:00+00:00,30564,90902.59,0.1,90202.59,91902.59,700.0,close_below_lower,0.17095355192160133,0.1,91402.59,0.5,0.0,0.0,0.0,,,False,2026-01-04 19:25:00+00:00,30567,91099.18,signal,19.65899999999965,0.0,0.0,19.65899999999965,0.2808428571428522,-37.13999999999942,279.0100000000093,-0.053057142857142026,0.3985857142857276,3,900.0,18.0,104.6578571428576,210.89136857828152,newyork,Sun,19,False
541,BTCUSDm,short,2026-01-04 23:05:00+00:00,30611,91436.72,0.1,92136.72,90436.72,700.0,close_above_upper,0.018738334310558158,0.1,90936.72,0.5,0.0,0.0,0.0,,,False,2026-01-04 23:45:00+00:00,30619,91302.82,signal,13.389999999999418,0.0,0.0,13.389999999999418,0.19128571428570598,-50.44999999999709,200.0899999999965,-0.07207142857142441,0.2858428571428522,8,2400.0,18.0,102.8764285714299,210.77292536850393,rollover,Sun,23,False
542,BTCUSDm,short,2026-01-05 00:05:00+00:00,30623,91785.12,0.1,92485.12,90785.12,700.0,close_above_upper,0.9312746608672136,0.1,91285.12,0.5,0.0,0.0,0.0,,,False,2026-01-05 01:05:00+00:00,30635,92503.12,sl,-71.8,0.0,0.0,-71.8,-1.0257142857142856,-685.8300000000017,142.9499999999971,-0.9797571428571453,0.20421428571428155,12,3600.0,18.0,180.48357142857068,213.83660601872646,asian,Mon,0,False
543,BTCUSDm,short,2026-01-05 01:10:00+00:00,30636,92866.16,0.1,93566.16,91866.16,700.0,close_above_upper,2.4560049105661443,0.1,92366.16,0.5,0.0,0.0,0.0,,,False,2026-01-05 02:10:00+00:00,30648,92826.23,signal,3.993000000000757,0.0,0.0,3.993000000000757,0.057042857142867956,-504.6499999999942,236.2600000000093,-0.7209285714285631,0.33751428571429903,12,3600.0,18.0,259.9264285714266,231.86522354146098,asian,Mon,1,False
544,BTCUSDm,long,2026-01-05 04:30:00+00:00,30676,92455.52,0.1,91755.52,93455.52,700.0,close_below_lower,0.3975021026078538,0.1,92955.52,0.5,0.0,0.0,0.0,,,False,2026-01-05 05:10:00+00:00,30684,92636.04,signal,18.05199999999895,0.0,0.0,18.05199999999895,0.2578857142856993,-169.82000000000698,184.59999999999127,-0.24260000000000997,0.26371428571427324,8,2400.0,18.0,111.05500000000133,254.7297671952543,asian,Mon,4,False
545,BTCUSDm,short,2026-01-05 14:45:00+00:00,30799,93223.69,0.1,93923.69,92223.69,700.0,close_above_upper,0.6588276679704425,0.1,92723.69,0.5,0.0,0.0,0.0,,,False,2026-01-05 15:40:00+00:00,30810,93941.69,sl,-71.8,0.0,0.0,-71.8,-1.0257142857142856,-543.0699999999924,349.72000000000116,-0.7758142857142749,0.49960000000000165,11,3300.0,18.0,192.884285714285,288.99041455700274,overlap,Mon,14,False
546,BTCUSDm,short,2026-01-05 15:45:00+00:00,30811,93826.39,0.1,94526.39,92826.39,700.0,close_above_upper,0.4500629359026967,0.1,93326.39,0.5,0.0,0.0,0.0,,,False,2026-01-05 16:35:00+00:00,30821,93788.53,signal,3.786000000000058,0.0,0.0,3.786000000000058,0.05408571428571512,-248.13999999999942,169.88000000000466,-0.35448571428571346,0.24268571428572094,10,3000.0,18.0,384.4414285714312,304.5943629974708,overlap,Mon,15,False
547,BTCUSDm,short,2026-01-05 17:55:00+00:00,30837,94013.25,0.1,94713.25,93013.25,700.0,close_above_upper,0.09080739051841331,0.1,93513.25,0.5,0.0,0.0,0.0,,,False,2026-01-05 18:40:00+00:00,30846,93917.33,signal,9.591999999999826,0.0,0.0,9.591999999999826,0.13702857142856895,-453.1399999999994,116.63000000000466,-0.6473428571428563,0.16661428571429238,9,2700.0,18.0,175.36071428571344,313.900611464068,newyork,Mon,17,False
548,BTCUSDm,short,2026-01-05 19:00:00+00:00,30850,94429.63,0.1,95129.63,93429.63,700.0,close_above_upper,0.11770180733273686,0.1,93929.63,0.5,0.0,0.0,0.0,,,False,2026-01-05 19:40:00+00:00,30858,94206.21,signal,22.341999999999828,0.0,0.0,22.341999999999828,0.3191714285714261,-66.98999999999069,232.4600000000064,-0.0956999999999867,0.3320857142857234,8,2400.0,18.0,212.29071428571686,314.75007747616684,newyork,Mon,19,False
549,BTCUSDm,short,2026-01-05 20:30:00+00:00,30868,94730.28,0.1,95430.28,93730.28,700.0,close_above_upper,0.08799126155628632,0.1,94230.28,0.5,0.0,0.0,0.0,,,False,2026-01-05 20:35:00+00:00,30869,94368.97,signal,36.130999999999766,0.0,0.0,36.130999999999766,0.5161571428571395,0.0,404.9799999999959,0.0,0.5785428571428514,1,300.0,18.0,180.31714285714094,322.09529055036637,newyork,Mon,20,False
550,BTCUSDm,short,2026-01-06 14:25:00+00:00,31083,94328.88,0.1,94328.88,93328.88,700.0,close_above_upper,0.23950856786246927,0.05,93828.88,0.5,0.05,93846.88,24.1,31087.0,2026-01-06 14:45:00+00:00,True,2026-01-06 14:50:00+00:00,31088,93857.15,signal,47.68650000000053,0.0,0.0,47.68650000000053,0.6812357142857218,-36.720000000001164,760.1699999999983,-0.05245714285714452,1.0859571428571404,5,1500.0,18.0,132.3664285714289,369.1578730906293,overlap,Tue,14,False
551,BTCUSDm,long,2026-01-06 15:40:00+00:00,31098,93546.1,0.1,92846.1,94546.1,700.0,close_below_lower,0.04333377171174825,0.1,94046.1,0.5,0.0,0.0,0.0,,,False,2026-01-06 16:25:00+00:00,31107,92846.1,sl,-70.0,0.0,0.0,-70.0,-1.0,-382.99000000000524,198.45999999999185,-0.547128571428579,0.28351428571427406,9,2700.0,18.0,348.6678571428565,381.62453358302196,overlap,Tue,15,False
552,BTCUSDm,long,2026-01-06 16:30:00+00:00,31108,92826.24,0.1,92126.24,93826.24,700.0,close_below_lower,0.7110313188203918,0.1,93326.24,0.5,0.0,0.0,0.0,,,False,2026-01-06 17:40:00+00:00,31122,92126.24,sl,-70.0,0.0,0.0,-70.0,-1.0,-548.9100000000035,147.58000000000175,-0.7841571428571479,0.21082857142857392,14,4200.0,18.0,277.22500000000065,397.2119509232405,newyork,Tue,16,False
553,BTCUSDm,long,2026-01-06 17:50:00+00:00,31124,91805.04,0.1,91105.04,92805.04,700.0,close_below_lower,0.6414897175988715,0.1,92305.04,0.5,0.0,0.0,0.0,,,False,2026-01-06 18:50:00+00:00,31136,92088.29,signal,28.325000000000003,0.0,0.0,28.325000000000003,0.4046428571428572,-607.0499999999884,384.7700000000041,-0.8672142857142691,0.5496714285714344,12,3600.0,18.0,268.7142857142847,422.7761974087231,newyork,Tue,17,False
554,BTCUSDm,short,2026-01-06 21:20:00+00:00,31166,93663.14,0.1,93663.14,92663.14,700.0,close_above_upper,1.596180962076672,0.05,93163.14,0.5,0.05,93181.14,24.1,31172.0,2026-01-06 21:50:00+00:00,True,2026-01-06 22:15:00+00:00,31177,93077.45,signal,53.384500000000116,0.0,0.0,53.384500000000116,0.762635714285716,-62.83999999999651,622.3800000000047,-0.08977142857142358,0.8891142857142924,11,3300.0,18.0,205.77071428571278,414.21759688625764,rollover,Tue,21,False
555,BTCUSDm,long,2026-01-07 01:00:00+00:00,31210,92669.22,0.1,91969.22,93669.22,700.0,close_below_lower,0.2900927212663987,0.1,93169.22,0.5,0.0,0.0,0.0,,,False,2026-01-07 02:15:00+00:00,31225,92597.44,signal,-7.177999999999884,0.0,0.0,-7.177999999999884,-0.10254285714285548,-495.52999999999884,175.24000000000524,-0.7078999999999983,0.25034285714286464,15,4500.0,18.0,159.75642857142833,445.4930867433539,asian,Wed,1,False
556,BTCUSDm,long,2026-01-07 09:20:00+00:00,31310,92027.22,0.1,91327.22,93027.22,700.0,close_below_lower,0.26465822289402824,0.1,92527.22,0.5,0.0,0.0,0.0,,,False,2026-01-07 10:35:00+00:00,31325,91838.08,signal,-18.91399999999994,0.0,0.0,-18.91399999999994,-0.27019999999999916,-512.6000000000058,65.67999999999302,-0.7322857142857226,0.09382857142856145,15,4500.0,18.0,127.260000000001,449.436658993544,london,Wed,9,False
557,BTCUSDm,long,2026-01-07 15:20:00+00:00,31382,91119.3,0.1,90419.3,92119.3,700.0,close_below_lower,0.18578762443281038,0.1,91619.3,0.5,0.0,0.0,0.0,,,False,2026-01-07 16:10:00+00:00,31392,91457.54,signal,33.82399999999907,0.0,0.0,33.82399999999907,0.4831999999999867,-142.58000000000175,392.8799999999901,-0.20368571428571677,0.5612571428571287,10,3000.0,18.0,289.9457142857136,448.0622416516719,overlap,Wed,15,False
558,BTCUSDm,long,2026-01-08 06:20:00+00:00,31562,90233.73,0.1,89533.73,91233.73,700.0,close_below_lower,0.03788328588021889,0.1,90733.73,0.5,0.0,0.0,0.0,,,False,2026-01-08 07:00:00+00:00,31570,89533.73,sl,-70.0,0.0,0.0,-70.0,-1.0,-481.1399999999994,160.52000000000407,-0.6873428571428563,0.22931428571429152,8,2400.0,18.0,137.13857142857054,469.90992148057535,asian,Thu,6,False
559,BTCUSDm,short,2026-01-08 15:10:00+00:00,31668,90213.94,0.1,90913.94,89213.94,700.0,close_above_upper,0.08256929808704647,0.1,89713.94,0.5,0.0,0.0,0.0,,,False,2026-01-08 16:35:00+00:00,31685,90413.85,signal,-19.99100000000035,0.0,0.0,-19.99100000000035,-0.2855857142857193,-610.8600000000006,94.5,-0.8726571428571437,0.135,17,5100.0,18.0,312.2057142857167,420.7914211982828,overlap,Thu,15,False
560,BTCUSDm,long,2026-01-08 20:10:00+00:00,31728,90540.05,0.1,89840.05,91540.05,700.0,close_below_lower,0.06517174704149357,0.1,91040.05,0.5,0.0,0.0,0.0,,,False,2026-01-08 20:50:00+00:00,31736,90787.43,signal,24.737999999999012,0.0,0.0,24.737999999999012,0.3533999999999859,-51.61000000000058,280.66999999999825,-0.07372857142857225,0.40095714285714035,8,2400.0,18.0,159.13999999999734,409.016502810994,newyork,Thu,20,False
561,BTCUSDm,long,2026-01-09 08:05:00+00:00,31871,90464.23,0.1,89764.23,91464.23,700.0,close_below_lower,0.02944515607382665,0.1,90964.23,0.5,0.0,0.0,0.0,,,False,2026-01-09 08:45:00+00:00,31879,89764.23,sl,-70.0,0.0,0.0,-70.0,-1.0,-280.7699999999895,283.4100000000035,-0.401099999999985,0.40487142857143354,8,2400.0,18.0,95.56642857143015,379.6863458934933,london,Fri,8,False
562,BTCUSDm,long,2026-01-09 08:50:00+00:00,31880,89820.53,0.1,89120.53,90820.53,700.0,close_below_lower,0.8234493518523838,0.1,90320.53,0.5,0.0,0.0,0.0,,,False,2026-01-09 09:25:00+00:00,31887,90169.55,signal,34.902000000000406,0.0,0.0,34.902000000000406,0.4986000000000058,-236.81999999999243,384.04000000000815,-0.3383142857142749,0.5486285714285831,7,2100.0,18.0,182.54285714285757,386.4605647554063,london,Fri,8,False
563,BTCUSDm,short,2026-01-09 15:25:00+00:00,31959,90810.69,0.1,91510.69,89810.69,700.0,close_above_upper,0.5837828976183085,0.1,90310.69,0.5,0.0,0.0,0.0,,,False,2026-01-09 15:30:00+00:00,31960,91596.26,sl,-78.55699999999925,0.0,0.0,-78.55699999999925,-1.1222428571428464,-823.7299999999959,85.43000000000757,-1.176757142857137,0.12204285714286796,1,300.0,18.0,310.3707142857134,377.3026993920141,overlap,Fri,15,False
564,BTCUSDm,short,2026-01-09 15:35:00+00:00,31961,91781.48,0.1,91781.48,90781.48,700.0,close_above_upper,2.2865041767641787,0.05,91281.48,0.5,0.05,91299.48,24.1,31962.0,2026-01-09 15:40:00+00:00,True,2026-01-09 15:55:00+00:00,31965,90799.48,tp,73.2,0.0,0.0,73.2,1.0457142857142858,-164.29000000000815,844.9599999999919,-0.23470000000001165,1.2070857142857025,4,1200.0,18.0,391.05785714285594,392.0513443442495,overlap,Fri,15,False
565,BTCUSDm,short,2026-01-09 16:15:00+00:00,31969,91667.23,0.1,92367.23,90667.23,700.0,close_above_upper,0.3994971170547,0.1,91167.23,0.5,0.0,0.0,0.0,,,False,2026-01-09 16:35:00+00:00,31973,91231.6,signal,43.562999999999015,0.0,0.0,43.562999999999015,0.6223285714285574,-24.210000000006403,494.0599999999977,-0.034585714285723435,0.7057999999999967,4,1200.0,18.0,412.3949999999978,408.4555891546204,newyork,Fri,16,False
566,BTCUSDm,long,2026-01-09 18:30:00+00:00,31996,90517.12,0.1,89817.12,91517.12,700.0,close_below_lower,0.44354229099351933,0.1,91017.12,0.5,0.0,0.0,0.0,,,False,2026-01-09 20:25:00+00:00,32019,90371.47,signal,-14.564999999999419,0.0,0.0,-14.564999999999419,-0.20807142857142027,-445.09999999999127,352.2600000000093,-0.6358571428571304,0.5032285714285847,23,6900.0,18.0,193.21785714285735,423.01856202578114,newyork,Fri,18,False
567,BTCUSDm,short,2026-01-11 12:50:00+00:00,32504,90854.79,0.1,91554.79,89854.79,700.0,close_above_upper,0.41018853486472734,0.1,90354.79,0.5,0.0,0.0,0.0,,,False,2026-01-11 13:30:00+00:00,32512,90776.2,signal,7.858999999999651,0.0,0.0,7.858999999999651,0.11227142857142358,-20.45000000001164,152.34999999999127,-0.029214285714302346,0.21764285714284468,8,2400.0,18.0,52.68428571428376,117.3138267358527,overlap,Sun,12,False
568,BTCUSDm,short,2026-01-11 14:55:00+00:00,32529,90994.72,0.1,91694.72,89994.72,700.0,close_above_upper,0.34533477428670095,0.1,90494.72,0.5,0.0,0.0,0.0,,,False,2026-01-11 15:15:00+00:00,32533,90812.99,signal,18.172999999999593,0.0,0.0,18.172999999999593,0.2596142857142799,-75.25999999999476,247.69000000000233,-0.10751428571427823,0.35384285714286046,4,1200.0,18.0,52.75142857142782,105.0355612711576,overlap,Sun,14,False
569,BTCUSDm,long,2026-01-11 15:45:00+00:00,32539,90742.92,0.1,90042.92,91742.92,700.0,close_below_lower,0.24598792076790849,0.1,91242.92,0.5,0.0,0.0,0.0,,,False,2026-01-11 16:05:00+00:00,32543,90807.68,signal,6.475999999999477,0.0,0.0,6.475999999999477,0.09251428571427824,-169.30999999999767,78.02999999999884,-0.24187142857142524,0.1114714285714269,4,1200.0,18.0,102.34785714285681,105.07883617322865,overlap,Sun,15,False
570,BTCUSDm,short,2026-01-11 16:35:00+00:00,32549,91067.37,0.1,91767.37,90067.37,700.0,close_above_upper,1.1794275732072272,0.1,90567.37,0.5,0.0,0.0,0.0,,,False,2026-01-11 17:20:00+00:00,32558,90879.62,signal,18.775000000000002,0.0,0.0,18.775000000000002,0.26821428571428574,-48.38999999999942,241.06999999999243,-0.0691285714285706,0.34438571428570347,9,2700.0,18.0,107.95142857142908,105.95148202905725,newyork,Sun,16,False
571,BTCUSDm,long,2026-01-11 19:50:00+00:00,32588,90619.36,0.1,89919.36,91619.36,700.0,close_below_lower,0.16037182616415604,0.1,91119.36,0.5,0.0,0.0,0.0,,,False,2026-01-11 20:40:00+00:00,32598,90531.38,signal,-8.797999999999593,0.0,0.0,-8.797999999999593,-0.1256857142857085,-382.47000000000116,14.789999999993597,-0.5463857142857159,0.02112857142856228,10,3000.0,18.0,59.57071428571362,108.0015620404044,newyork,Sun,19,False
572,BTCUSDm,long,2026-01-11 22:10:00+00:00,32616,90384.49,0.1,89684.49,91384.49,700.0,close_below_lower,0.4374089877841396,0.1,90884.49,0.5,0.0,0.0,0.0,,,False,2026-01-11 22:25:00+00:00,32619,90587.77,signal,20.327999999999886,0.0,0.0,20.327999999999886,0.2903999999999984,-46.09000000001106,203.36999999999534,-0.06584285714287294,0.29052857142856475,3,900.0,18.0,88.0914285714285,115.40498531274662,rollover,Sun,22,False
573,BTCUSDm,long,2026-01-11 23:05:00+00:00,32627,90279.6,0.1,89579.6,91279.6,700.0,close_below_lower,0.929374118742359,0.1,90779.6,0.5,0.0,0.0,0.0,,,False,2026-01-11 23:15:00+00:00,32629,90581.84,signal,30.22399999999907,0.0,0.0,30.22399999999907,0.43177142857141526,-103.66000000000349,328.6999999999971,-0.1480857142857193,0.4695714285714244,2,600.0,18.0,118.70357142857081,117.02434246323016,rollover,Sun,23,False
574,BTCUSDm,short,2026-01-11 23:20:00+00:00,32630,90905.87,0.1,91605.87,89905.87,700.0,close_above_upper,2.2744212218568896,0.1,90405.87,0.5,0.0,0.0,0.0,,,False,2026-01-12 00:40:00+00:00,32646,90808.41,signal,9.745999999999185,0.0,0.0,9.745999999999185,0.1392285714285598,-183.44000000000233,351.4499999999971,-0.2620571428571462,0.5020714285714244,16,4800.0,18.0,149.9171428571426,120.02307530521745,rollover,Sun,23,False
575,BTCUSDm,short,2026-01-12 01:00:00+00:00,32650,91139.93,0.1,91839.93,90139.93,700.0,close_above_upper,1.1218019223214544,0.1,90639.93,0.5,0.0,0.0,0.0,,,False,2026-01-12 01:35:00+00:00,32657,91082.49,signal,5.743999999998778,0.0,0.0,5.743999999998778,0.0820571428571254,-532.0400000000081,115.5799999999872,-0.7600571428571545,0.16511428571426742,7,2100.0,18.0,191.84714285714082,131.68958241465083,asian,Mon,1,False
576,BTCUSDm,short,2026-01-12 02:10:00+00:00,32664,91429.45,0.1,92129.45,90429.45,700.0,close_above_upper,0.06636975236428898,0.1,90929.45,0.5,0.0,0.0,0.0,,,False,2026-01-12 02:50:00+00:00,32672,92147.45,sl,-71.8,0.0,0.0,-71.8,-1.0257142857142856,-646.0299999999988,66.19000000000233,-0.9228999999999984,0.09455714285714618,8,2400.0,18.0,206.06785714285692,144.9245727658614,asian,Mon,2,False
577,BTCUSDm,short,2026-01-12 02:55:00+00:00,32673,92109.61,0.1,92809.61,91109.61,700.0,close_above_upper,1.8651877393425462,0.1,91609.61,0.5,0.0,0.0,0.0,,,False,2026-01-12 03:40:00+00:00,32682,92041.03,signal,6.858000000000175,0.0,0.0,6.858000000000175,0.09797142857143107,-290.179999999993,206.0899999999965,-0.41454285714284717,0.29441428571428074,9,2700.0,18.0,171.29499999999825,160.5244513227166,asian,Mon,2,False
578,BTCUSDm,long,2026-01-12 03:45:00+00:00,32683,91878.35,0.1,91178.35,92878.35,700.0,close_below_lower,0.2003386320387582,0.1,92378.35,0.5,0.0,0.0,0.0,,,False,2026-01-12 04:15:00+00:00,32689,91951.11,signal,7.275999999999477,0.0,0.0,7.275999999999477,0.10394285714284966,-260.27999999999884,95.30999999999767,-0.3718285714285698,0.13615714285713953,6,1800.0,18.0,201.75357142856956,174.18153107357995,asian,Mon,3,False
579,BTCUSDm,long,2026-01-12 06:40:00+00:00,32718,91725.76,0.1,91025.76,92725.76,700.0,close_below_lower,0.1569263497652468,0.1,92225.76,0.5,0.0,0.0,0.0,,,False,2026-01-12 07:30:00+00:00,32728,91752.83,signal,2.707000000000699,0.0,0.0,2.707000000000699,0.03867142857143856,-106.72999999999593,114.52999999999884,-0.15247142857142276,0.16361428571428405,10,3000.0,18.0,88.42714285714048,188.5077580254747,asian,Mon,6,False
580,BTCUSDm,long,2026-01-12 07:45:00+00:00,32731,91476.29,0.1,90776.29,92476.29,700.0,close_below_lower,0.12974493471177106,0.1,91976.29,0.5,0.0,0.0,0.0,,,False,2026-01-12 08:35:00+00:00,32741,90776.29,sl,-70.0,0.0,0.0,-70.0,-1.0,-451.7299999999959,29.40000000000873,-0.6453285714285656,0.04200000000001247,10,3000.0,18.0,118.83857142857076,195.9413601098206,london,Mon,7,False
581,BTCUSDm,long,2026-01-12 08:40:00+00:00,32742,90681.08,0.1,89981.08,91681.08,700.0,close_below_lower,2.077130796854945,0.1,91181.08,0.5,0.0,0.0,0.0,,,False,2026-01-12 09:35:00+00:00,32753,90817.43,signal,13.634999999999128,0.0,0.0,13.634999999999128,0.19478571428570182,-413.66999999999825,141.61999999999534,-0.5909571428571404,0.20231428571427906,11,3300.0,18.0,179.63500000000099,207.45164641355288,london,Mon,8,False
582,BTCUSDm,long,2026-01-12 14:25:00+00:00,32811,90128.55,0.1,90128.55,91128.55,700.0,close_below_lower,0.5542587940833781,0.05,90628.55,0.5,0.05,90628.55,25.0,32812.0,2026-01-12 14:30:00+00:00,True,2026-01-12 14:35:00+00:00,32813,90538.41,signal,45.49300000000003,0.0,0.0,45.49300000000003,0.6499000000000005,-120.25,522.429999999993,-0.1717857142857143,0.7463285714285615,2,600.0,18.0,126.86642857142786,242.79460478596226,overlap,Mon,14,False
583,BTCUSDm,short,2026-01-12 14:40:00+00:00,32814,90850.2,0.1,91550.2,89850.2,700.0,close_above_upper,0.47354585665304755,0.1,90350.2,0.5,0.0,0.0,0.0,,,False,2026-01-12 15:55:00+00:00,32829,91568.2,sl,-71.8,0.0,0.0,-71.8,-1.0257142857142856,-683.2200000000012,389.7899999999936,-0.9760285714285731,0.556842857142848,15,4500.0,18.0,192.00785714285718,246.65575280381978,overlap,Mon,14,False
584,BTCUSDm,short,2026-01-12 16:00:00+00:00,32830,91566.31,0.1,92266.31,90566.31,700.0,close_above_upper,0.44953220086692003,0.1,91066.31,0.5,0.0,0.0,0.0,,,False,2026-01-12 17:15:00+00:00,32845,91908.35,signal,-34.20400000000082,0.0,0.0,-34.20400000000082,-0.4886285714285831,-684.9499999999971,83.86999999999534,-0.9784999999999958,0.11981428571427906,15,4500.0,18.0,225.82999999999967,270.8634735286789,newyork,Mon,16,False
585,BTCUSDm,long,2026-01-12 17:35:00+00:00,32849,91083.79,0.1,91083.79,92083.79,700.0,close_below_lower,1.5528757061978957,0.05,91583.79,0.5,0.05,91583.79,25.0,32855.0,2026-01-12 18:05:00+00:00,True,2026-01-12 18:10:00+00:00,32856,91554.88,signal,48.55450000000056,0.0,0.0,48.55450000000056,0.6936357142857222,-69.3799999999901,545.1600000000035,-0.09911428571427158,0.778800000000005,7,2100.0,18.0,256.9114285714303,300.3983833560126,newyork,Mon,17,False
586,BTCUSDm,long,2026-01-12 21:05:00+00:00,32891,91170.46,0.1,90470.46,92170.46,700.0,close_below_lower,0.1195176022067329,0.1,91670.46,0.5,0.0,0.0,0.0,,,False,2026-01-12 22:10:00+00:00,32904,91219.99,signal,4.952999999999884,0.0,0.0,4.952999999999884,0.0707571428571412,-327.7600000000093,276.2199999999866,-0.4682285714285847,0.39459999999998085,13,3900.0,18.0,127.52857142857101,327.9264455868247,rollover,Mon,21,False
587,BTCUSDm,short,2026-01-13 05:20:00+00:00,32990,91936.78,0.1,92636.78,90936.78,700.0,close_above_upper,0.37121018878631296,0.1,91436.78,0.5,0.0,0.0,0.0,,,False,2026-01-13 06:10:00+00:00,33000,91777.44,signal,15.933999999999651,0.0,0.0,15.933999999999651,0.22762857142856643,-206.3399999999965,243.69000000000233,-0.2947714285714236,0.34812857142857473,10,3000.0,18.0,117.73214285714286,365.5960874379386,asian,Tue,5,False
588,BTCUSDm,short,2026-01-13 14:40:00+00:00,33102,92650.99,0.1,92650.99,91650.99,700.0,close_above_upper,0.32958715566025415,0.05,92150.99,0.5,0.05,92168.99,24.1,33106.0,2026-01-13 15:00:00+00:00,True,2026-01-13 15:05:00+00:00,33107,92213.28,signal,45.98550000000032,0.0,0.0,45.98550000000032,0.6569357142857188,-192.5399999999936,613.1900000000023,-0.27505714285713373,0.8759857142857176,5,1500.0,18.0,251.88642857142673,390.5650284967372,overlap,Tue,14,False
589,BTCUSDm,short,2026-01-13 15:40:00+00:00,33114,92941.49,0.1,93641.49,91941.49,700.0,close_above_upper,0.2814038139195701,0.1,92441.49,0.5,0.0,0.0,0.0,,,False,2026-01-13 16:00:00+00:00,33118,93659.49,sl,-71.8,0.0,0.0,-71.8,-1.0257142857142856,-464.679999999993,181.82000000000698,-0.6638285714285614,0.2597428571428671,4,1200.0,18.0,307.7542857142856,400.5931075932227,overlap,Tue,15,False
590,BTCUSDm,short,2026-01-13 16:05:00+00:00,33119,93529.38,0.1,93529.38,92529.38,700.0,close_above_upper,0.8101810290456891,0.05,93029.38,0.5,0.05,93047.38,24.1,33123.0,2026-01-13 16:25:00+00:00,True,2026-01-13 16:35:00+00:00,33125,93547.38,be_stop,23.200000000000003,0.0,0.0,23.200000000000003,0.33142857142857146,-124.5399999999936,514.6300000000047,-0.17791428571427656,0.735185714285721,6,1800.0,18.0,310.3692857142866,413.54677035805685,newyork,Tue,16,False
591,BTCUSDm,short,2026-01-13 22:10:00+00:00,33192,94721.78,0.1,95421.78,93721.78,700.0,close_above_upper,0.1013330745589828,0.1,94221.78,0.5,0.0,0.0,0.0,,,False,2026-01-13 22:15:00+00:00,33193,95610.7,sl,-88.89199999999983,0.0,0.0,-88.89199999999983,-1.2698857142857118,-2011.3699999999953,32.83999999999651,-2.8733857142857078,0.046914285714280725,1,300.0,18.0,146.42357142857094,405.05203202289636,rollover,Tue,22,False
592,BTCUSDm,short,2026-01-13 22:20:00+00:00,33194,95318.16,0.1,96018.16,94318.16,700.0,close_above_upper,0.9838153145196619,0.1,94818.16,0.5,0.0,0.0,0.0,,,False,2026-01-13 22:45:00+00:00,33199,96036.16,sl,-71.8,0.0,0.0,-71.8,-1.0257142857142856,-304.5899999999965,211.93000000000757,-0.4351285714285664,0.30275714285715366,5,1500.0,18.0,326.1207142857134,415.61543741592226,rollover,Tue,22,False
593,BTCUSDm,short,2026-01-13 22:50:00+00:00,33200,95774.87,0.1,96474.87,94774.87,700.0,close_above_upper,0.59736914959197,0.1,95274.87,0.5,0.0,0.0,0.0,,,False,2026-01-13 23:25:00+00:00,33207,95421.9,signal,35.29700000000012,0.0,0.0,35.29700000000012,0.5042428571428589,-324.4100000000035,367.22000000000116,-0.46344285714286215,0.5246000000000016,7,2100.0,18.0,399.18428571428893,435.8742707437666,rollover,Tue,22,False
594,BTCUSDm,short,2026-01-14 14:20:00+00:00,33386,95614.59,0.1,96314.59,94614.59,700.0,close_above_upper,0.21914812222455124,0.1,95114.59,0.5,0.0,0.0,0.0,,,False,2026-01-14 14:45:00+00:00,33391,96332.59,sl,-71.8,0.0,0.0,-71.8,-1.0257142857142856,-396.570000000007,293.25,-0.5665285714285814,0.41892857142857143,5,1500.0,18.0,157.09714285714497,389.1162523969742,overlap,Wed,14,False
595,BTCUSDm,short,2026-01-14 14:50:00+00:00,33392,96566.59,0.1,97266.59,95566.59,700.0,close_above_upper,1.5535656084184675,0.1,96066.59,0.5,0.0,0.0,0.0,,,False,2026-01-14 15:45:00+00:00,33403,96445.79,signal,12.080000000000291,0.0,0.0,12.080000000000291,0.17257142857143273,-535.5100000000093,403.0500000000029,-0.765014285714299,0.5757857142857185,11,3300.0,18.0,275.41000000000247,398.2355100579335,overlap,Wed,14,False
596,BTCUSDm,short,2026-01-14 16:10:00+00:00,33408,97229.74,0.1,97929.74,96229.74,700.0,close_above_upper,0.14701598114084088,0.1,96729.74,0.5,0.0,0.0,0.0,,,False,2026-01-14 17:35:00+00:00,33425,97109.52,signal,12.022000000000117,0.0,0.0,12.022000000000117,0.17174285714285883,-595.0599999999977,211.5500000000029,-0.850085714285711,0.3022142857142899,17,5100.0,18.0,325.12285714286037,428.9607041236452,newyork,Wed,16,False
597,BTCUSDm,long,2026-01-14 18:35:00+00:00,33437,96561.05,0.1,95861.05,97561.05,700.0,close_below_lower,0.034513322944384944,0.1,97061.05,0.5,0.0,0.0,0.0,,,False,2026-01-14 18:55:00+00:00,33441,96871.22,signal,31.016999999999825,0.0,0.0,31.016999999999825,0.4430999999999975,-335.2100000000064,303.429999999993,-0.4788714285714377,0.43347142857141857,4,1200.0,18.0,307.7007142857141,465.0763381266769,newyork,Wed,18,False
598,BTCUSDm,short,2026-01-14 19:30:00+00:00,33448,97553.79,0.1,98253.79,96553.79,700.0,close_above_upper,0.2295486707500616,0.1,97053.79,0.5,0.0,0.0,0.0,,,False,2026-01-14 20:30:00+00:00,33460,97363.35,signal,19.04399999999878,0.0,0.0,19.04399999999878,0.2720571428571254,-414.70000000001164,433.11999999999534,-0.5924285714285881,0.6187428571428505,12,3600.0,18.0,259.9514285714301,475.3474225050707,newyork,Wed,19,False
599,BTCUSDm,long,2026-01-15 14:40:00+00:00,33678,96199.9,0.1,95499.9,97199.9,700.0,close_below_lower,0.30663065312214965,0.1,96699.9,0.5,0.0,0.0,0.0,,,False,2026-01-15 15:45:00+00:00,33691,95499.9,sl,-70.0,0.0,0.0,-70.0,-1.0,-656.8600000000006,214.3700000000099,-0.9383714285714294,0.3062428571428713,13,3900.0,18.0,219.97142857142794,464.97894394417085,overlap,Thu,14,False
600,BTCUSDm,long,2026-01-15 15:50:00+00:00,33692,95470.51,0.1,95470.51,96470.51,700.0,close_below_lower,0.13787117617011355,0.05,95970.51,0.5,0.05,95970.51,25.0,33693.0,2026-01-15 15:55:00+00:00,True,2026-01-15 15:55:00+00:00,33693,96470.51,tp,75.0,0.0,0.0,75.0,1.0714285714285714,-18.0,253.6600000000035,-0.025714285714285714,0.36237142857143356,1,300.0,18.0,363.41928571428537,483.9214242518111,overlap,Thu,15,False
601,BTCUSDm,short,2026-01-15 16:00:00+00:00,33694,96729.01,0.1,96729.01,95729.01,700.0,close_above_upper,0.5200235221104028,0.05,96229.01,0.5,0.05,96247.01,24.1,33695.0,2026-01-15 16:05:00+00:00,True,2026-01-15 16:40:00+00:00,33702,96747.01,be_stop,23.200000000000003,0.0,0.0,23.200000000000003,0.33142857142857146,-204.63000000000466,508.8799999999901,-0.2923285714285781,0.7269714285714144,8,2400.0,18.0,398.80928571428586,478.0110804216778,newyork,Thu,16,False
602,BTCUSDm,long,2026-01-15 18:20:00+00:00,33722,96070.91,0.1,95370.91,97070.91,700.0,close_below_lower,0.07482592584592938,0.1,96570.91,0.5,0.0,0.0,0.0,,,False,2026-01-15 19:30:00+00:00,33736,95370.91,sl,-70.0,0.0,0.0,-70.0,-1.0,-652.6900000000023,137.86999999999534,-0.9324142857142891,0.1969571428571362,14,4200.0,18.0,192.5157142857154,463.04064617622953,newyork,Thu,18,False
603,BTCUSDm,long,2026-01-16 15:20:00+00:00,33974,94864.36,0.1,94164.36,95864.36,700.0,close_below_lower,0.24943031709445831,0.1,95364.36,0.5,0.0,0.0,0.0,,,False,2026-01-16 16:10:00+00:00,33984,94787.03,signal,-7.733000000000175,0.0,0.0,-7.733000000000175,-0.11047142857143107,-631.1800000000076,243.1999999999971,-0.9016857142857251,0.34742857142856726,10,3000.0,18.0,266.74499999999847,368.82884915550164,overlap,Fri,15,False
604,BTCUSDm,short,2026-01-16 21:00:00+00:00,34042,95527.15,0.1,96227.15,94527.15,700.0,close_above_upper,0.17597244681151164,0.1,95027.15,0.5,0.0,0.0,0.0,,,False,2026-01-16 22:05:00+00:00,34055,95438.67,signal,8.847999999999592,0.0,0.0,8.847999999999592,0.12639999999999418,-50.560000000012224,216.17999999999302,-0.07222857142858889,0.30882857142856146,13,3900.0,18.0,131.0600000000008,374.39130414988824,rollover,Fri,21,False
605,BTCUSDm,long,2026-01-18 01:10:00+00:00,34380,94883.92,0.1,94183.92,95883.92,700.0,close_below_lower,0.12828337656262406,0.1,95383.92,0.5,0.0,0.0,0.0,,,False,2026-01-18 02:05:00+00:00,34391,94980.33,signal,9.64100000000035,0.0,0.0,9.64100000000035,0.13772857142857642,-56.05999999999767,154.41999999999825,-0.08008571428571096,0.2205999999999975,11,3300.0,18.0,65.85000000000271,195.0214453129197,asian,Sun,1,False
606,BTCUSDm,short,2026-01-18 14:20:00+00:00,34538,95241.0,0.1,95941.0,94241.0,700.0,close_above_upper,0.07053438168036201,0.1,94741.0,0.5,0.0,0.0,0.0,,,False,2026-01-18 14:45:00+00:00,34543,95113.65,signal,12.735000000000582,0.0,0.0,12.735000000000582,0.18192857142857974,-13.60000000000582,148.94000000000233,-0.019428571428579743,0.2127714285714319,5,1500.0,18.0,67.14357142857314,140.0548796022751,overlap,Sun,14,False
607,BTCUSDm,long,2026-01-18 15:00:00+00:00,34546,94933.04,0.1,94233.04,95933.04,700.0,close_below_lower,0.3409652685594865,0.1,95433.04,0.5,0.0,0.0,0.0,,,False,2026-01-18 15:40:00+00:00,34554,95021.93,signal,8.888999999999943,0.0,0.0,8.888999999999943,0.12698571428571345,-67.25,115.44000000000233,-0.09607142857142857,0.16491428571428904,8,2400.0,18.0,76.98642857142944,130.74227902856967,overlap,Sun,15,False
608,BTCUSDm,short,2026-01-18 18:30:00+00:00,34588,95323.94,0.1,96023.94,94323.94,700.0,close_above_upper,0.010988145188667585,0.1,94823.94,0.5,0.0,0.0,0.0,,,False,2026-01-18 19:45:00+00:00,34603,95400.54,signal,-7.659999999999127,0.0,0.0,-7.659999999999127,-0.10942857142855895,-170.5500000000029,65.80000000000291,-0.2436428571428613,0.09400000000000416,15,4500.0,18.0,62.11928571428455,128.65286632519224,newyork,Sun,18,False
609,BTCUSDm,long,2026-01-18 23:05:00+00:00,34643,95003.56,0.1,94303.56,96003.56,700.0,close_below_lower,1.772301229467985,0.1,95503.56,0.5,0.0,0.0,0.0,,,False,2026-01-18 23:45:00+00:00,34651,94303.56,sl,-70.0,0.0,0.0,-70.0,-1.0,-605.3000000000029,140.27999999999884,-0.8647142857142899,0.20039999999999833,8,2400.0,18.0,83.69142857142808,137.89474888913927,rollover,Sun,23,False
610,BTCUSDm,long,2026-01-18 23:50:00+00:00,34652,93846.15,0.1,93146.15,94846.15,700.0,close_below_lower,5.084692933657709,0.1,94346.15,0.5,0.0,0.0,0.0,,,False,2026-01-19 00:00:00+00:00,34654,93146.15,sl,-70.0,0.0,0.0,-70.0,-1.0,-280.54999999998836,162.8000000000029,-0.40078571428569765,0.23257142857143273,2,600.0,18.0,245.40357142856996,162.10297136767906,rollover,Sun,23,False
611,BTCUSDm,long,2026-01-19 00:05:00+00:00,34655,92947.72,0.1,92247.72,93947.72,700.0,close_below_lower,6.904310616841487,0.1,93447.72,0.5,0.0,0.0,0.0,,,False,2026-01-19 00:15:00+00:00,34657,92247.72,sl,-70.0,0.0,0.0,-70.0,-1.0,-610.4199999999983,157.0,-0.8720285714285689,0.22428571428571428,2,600.0,18.0,397.16214285714005,180.8805634558885,asian,Mon,0,False
612,BTCUSDm,long,2026-01-19 00:20:00+00:00,34658,92754.22,0.1,92054.22,93754.22,700.0,close_below_lower,4.120075476039565,0.1,93254.22,0.5,0.0,0.0,0.0,,,False,2026-01-19 02:25:00+00:00,34683,92564.46,signal,-18.975999999999477,0.0,0.0,-18.975999999999477,-0.2710857142857068,-570.3300000000017,261.36999999999534,-0.8147571428571454,0.37338571428570766,25,7500.0,18.0,466.41071428571325,203.60934961442447,asian,Mon,0,False
613,BTCUSDm,short,2026-01-19 08:25:00+00:00,34755,93134.04,0.1,93834.04,92134.04,700.0,close_above_upper,0.6969364894704307,0.1,92634.04,0.5,0.0,0.0,0.0,,,False,2026-01-19 09:15:00+00:00,34765,93018.71,signal,11.53299999999872,0.0,0.0,11.53299999999872,0.1647571428571246,-182.13999999999942,315.9399999999878,-0.26019999999999915,0.45134285714283967,10,3000.0,18.0,103.83428571428729,240.16483504351595,london,Mon,8,False
614,BTCUSDm,long,2026-01-19 23:00:00+00:00,34930,92525.25,0.1,91825.25,93525.25,700.0,close_below_lower,0.09466308605672138,0.1,93025.25,0.5,0.0,0.0,0.0,,,False,2026-01-19 23:35:00+00:00,34937,92615.84,signal,9.058999999999651,0.0,0.0,9.058999999999651,0.12941428571428074,-446.8099999999977,162.9600000000064,-0.6382999999999966,0.23280000000000914,7,2100.0,18.0,118.39428571428496,271.5374294173393,rollover,Mon,23,False
615,BTCUSDm,long,2026-01-20 05:05:00+00:00,35003,91602.81,0.1,90902.81,92602.81,700.0,close_below_lower,0.8808185746679483,0.1,92102.81,0.5,0.0,0.0,0.0,,,False,2026-01-20 06:15:00+00:00,35017,90902.81,sl,-70.0,0.0,0.0,-70.0,-1.0,-393.75999999999476,169.6600000000035,-0.5625142857142782,0.24237142857143357,14,4200.0,18.0,134.1392857142855,298.1618356040248,asian,Tue,5,False
616,BTCUSDm,long,2026-01-20 06:20:00+00:00,35018,90856.14,0.1,90156.14,91856.14,700.0,close_below_lower,1.1180884099727568,0.1,91356.14,0.5,0.0,0.0,0.0,,,False,2026-01-20 07:10:00+00:00,35028,91030.03,signal,17.388999999999943,0.0,0.0,17.388999999999943,0.2484142857142849,-186.85000000000582,339.50999999999476,-0.26692857142857973,0.48501428571427824,10,3000.0,18.0,201.0721428571456,319.45276374644476,asian,Tue,6,False
617,BTCUSDm,long,2026-01-20 14:50:00+00:00,35120,90387.6,0.1,89687.6,91387.6,700.0,close_below_lower,0.42978652514063237,0.1,90887.6,0.5,0.0,0.0,0.0,,,False,2026-01-20 15:25:00+00:00,35127,90537.39,signal,14.97899999999936,0.0,0.0,14.97899999999936,0.21398571428570515,-635.1200000000099,268.59999999999127,-0.9073142857142998,0.38371428571427324,7,2100.0,18.0,283.01500000000044,351.4522458327914,overlap,Tue,14,False
618,BTCUSDm,long,2026-01-20 16:45:00+00:00,35143,90047.74,0.1,89347.74,91047.74,700.0,close_below_lower,0.12957174108548547,0.1,90547.74,0.5,0.0,0.0,0.0,,,False,2026-01-20 17:10:00+00:00,35148,90319.78,signal,27.20399999999936,0.0,0.0,27.20399999999936,0.3886285714285623,-131.27000000000407,346.1499999999942,-0.18752857142857726,0.49449999999999167,5,1500.0,18.0,241.81714285714406,374.8679027450508,newyork,Tue,16,False
619,BTCUSDm,long,2026-01-20 17:40:00+00:00,35154,89668.63,0.1,88968.63,90668.63,700.0,close_below_lower,0.3935521302090352,0.1,90168.63,0.5,0.0,0.0,0.0,,,False,2026-01-20 19:10:00+00:00,35172,89594.3,signal,-7.433000000000175,0.0,0.0,-7.433000000000175,-0.10618571428571678,-404.1200000000099,188.39999999999418,-0.5773142857142999,0.2691428571428488,18,5400.0,18.0,201.04714285714104,351.99827999734646,newyork,Tue,17,False
620,BTCUSDm,long,2026-01-20 22:35:00+00:00,35213,88122.47,0.1,87422.47,89122.47,700.0,close_below_lower,2.700216101372341,0.1,88622.47,0.5,0.0,0.0,0.0,,,False,2026-01-20 23:40:00+00:00,35226,88317.2,signal,19.472999999999594,0.0,0.0,19.472999999999594,0.2781857142857085,-359.33000000000175,440.179999999993,-0.5133285714285739,0.6288285714285614,13,3900.0,18.0,222.2321428571418,323.8729128907895,rollover,Tue,22,False
621,BTCUSDm,short,2026-01-21 00:40:00+00:00,35238,88767.37,0.1,89467.37,87767.37,700.0,close_above_upper,0.07899535068675928,0.1,88267.37,0.5,0.0,0.0,0.0,,,False,2026-01-21 02:30:00+00:00,35260,89017.14,signal,-24.97700000000041,0.0,0.0,-24.97700000000041,-0.3568142857142916,-478.7300000000105,75.02999999999884,-0.6839000000000149,0.10718571428571262,22,6600.0,18.0,185.56857142856876,362.90988655025717,asian,Wed,0,False
622,BTCUSDm,long,2026-01-21 07:40:00+00:00,35322,89118.97,0.1,88418.97,90118.97,700.0,close_below_lower,0.005260531707988485,0.1,89618.97,0.5,0.0,0.0,0.0,,,False,2026-01-21 08:25:00+00:00,35331,89228.16,signal,10.919000000000233,0.0,0.0,10.919000000000233,0.1559857142857176,-141.44000000000233,158.81999999999243,-0.20205714285714618,0.22688571428570348,9,2700.0,18.0,133.55142857143179,388.45963356050527,london,Wed,7,False
623,BTCUSDm,long,2026-01-21 12:00:00+00:00,35374,88709.44,0.1,88009.44,89709.44,700.0,close_below_lower,0.04033834883781104,0.1,89209.44,0.5,0.0,0.0,0.0,,,False,2026-01-21 12:55:00+00:00,35385,88625.79,signal,-8.365000000000874,0.0,0.0,-8.365000000000874,-0.11950000000001249,-664.9000000000087,54.029999999998836,-0.9498571428571553,0.07718571428571262,11,3300.0,18.0,111.0471428571431,395.00976671356614,overlap,Wed,12,False
624,BTCUSDm,short,2026-01-21 14:15:00+00:00,35401,89487.14,0.1,90187.14,88487.14,700.0,close_above_upper,0.6390859548775197,0.1,88987.14,0.5,0.0,0.0,0.0,,,False,2026-01-21 15:10:00+00:00,35412,90205.14,sl,-71.8,0.0,0.0,-71.8,-1.0257142857142856,-641.1999999999971,238.72999999999593,-0.9159999999999958,0.3410428571428513,11,3300.0,18.0,253.8507142857166,422.46769601238464,overlap,Wed,14,False
625,BTCUSDm,short,2026-01-21 15:15:00+00:00,35413,90271.94,0.1,90271.94,89271.94,700.0,close_above_upper,0.4415388055909315,0.05,89771.94,0.5,0.05,89789.94,24.1,35417.0,2026-01-21 15:35:00+00:00,True,2026-01-21 15:50:00+00:00,35420,90289.94,be_stop,23.200000000000003,0.0,0.0,23.200000000000003,0.33142857142857146,-227.80999999999767,511.7700000000041,-0.3254428571428538,0.7311000000000059,7,2100.0,18.0,385.1557142857117,449.63823982192264,overlap,Wed,15,False
626,BTCUSDm,long,2026-01-21 16:25:00+00:00,35427,89386.05,0.1,88686.05,90386.05,700.0,close_below_lower,0.10308976358548168,0.1,89886.05,0.5,0.0,0.0,0.0,,,False,2026-01-21 16:40:00+00:00,35430,88686.05,sl,-70.0,0.0,0.0,-70.0,-1.0,-698.3600000000006,172.16999999999825,-0.9976571428571437,0.24595714285714038,3,900.0,18.0,283.16499999999775,464.4043746396022,newyork,Wed,16,False
627,BTCUSDm,long,2026-01-21 16:45:00+00:00,35431,88114.45,0.1,87414.45,89114.45,700.0,close_below_lower,1.884418290417117,0.1,88614.45,0.5,0.0,0.0,0.0,,,False,2026-01-21 17:10:00+00:00,35436,87414.45,sl,-70.0,0.0,0.0,-70.0,-1.0,-603.6399999999994,491.2600000000093,-0.8623428571428563,0.7018000000000133,5,1500.0,18.0,339.36071428571347,478.5517777032648,newyork,Wed,16,False
628,BTCUSDm,long,2026-01-21 17:15:00+00:00,35437,87258.95,0.1,87258.95,88258.95,700.0,close_below_lower,1.5238581522370043,0.05,87758.95,0.5,0.05,87758.95,25.0,35438.0,2026-01-21 17:20:00+00:00,True,2026-01-21 17:50:00+00:00,35444,87901.13,signal,57.10900000000038,0.0,0.0,57.10900000000038,0.8158428571428625,-87.27999999999884,827.570000000007,-0.12468571428571262,1.1822428571428671,7,2100.0,18.0,457.7671428571443,509.15252551865,newyork,Wed,17,False
629,BTCUSDm,short,2026-01-21 18:50:00+00:00,35456,88458.08,0.1,89158.08,87458.08,700.0,close_above_upper,0.05429713534457868,0.1,87958.08,0.5,0.0,0.0,0.0,,,False,2026-01-21 19:25:00+00:00,35463,89176.08,sl,-71.8,0.0,0.0,-71.8,-1.0257142857142856,-127.36000000000058,272.5899999999965,-0.18194285714285796,0.3894142857142807,7,2100.0,18.0,250.73000000000113,527.6503348884795,newyork,Wed,18,False
630,BTCUSDm,short,2026-01-21 19:30:00+00:00,35464,89563.64,0.1,90263.64,88563.64,700.0,close_above_upper,1.235991008945726,0.1,89063.64,0.5,0.0,0.0,0.0,,,False,2026-01-21 19:45:00+00:00,35467,90281.64,sl,-71.8,0.0,0.0,-71.8,-1.0257142857142856,-554.7700000000041,144.77999999999884,-0.7925285714285772,0.20682857142856975,3,900.0,18.0,293.8514285714295,542.7394111780171,newyork,Wed,19,False
631,BTCUSDm,short,2026-01-21 19:50:00+00:00,35468,90254.01,0.1,90254.01,89254.01,700.0,close_above_upper,1.1753044624071158,0.05,89754.01,0.5,0.05,89772.01,24.1,35471.0,2026-01-21 20:05:00+00:00,True,2026-01-21 20:20:00+00:00,35474,89588.49,signal,57.37599999999948,0.0,0.0,57.37599999999948,0.8196571428571354,-132.84000000001106,702.3699999999953,-0.18977142857144438,1.0033857142857077,6,1800.0,18.0,356.59857142857174,569.4898627088047,newyork,Wed,19,False
632,BTCUSDm,long,2026-01-22 15:30:00+00:00,35704,88587.9,0.1,87887.9,89587.9,700.0,close_below_lower,0.09723904111557871,0.1,89087.9,0.5,0.0,0.0,0.0,,,False,2026-01-22 15:45:00+00:00,35707,89049.47,signal,46.1570000000007,0.0,0.0,46.1570000000007,0.6593857142857242,-177.51999999998952,490.4600000000064,-0.25359999999998506,0.700657142857152,3,900.0,18.0,334.45642857142957,526.9039352663749,overlap,Thu,15,False
633,BTCUSDm,long,2026-01-23 14:40:00+00:00,35982,88557.42,0.1,88557.42,89557.42,700.0,close_below_lower,1.3014090878875717,0.05,89057.42,0.5,0.05,89057.42,25.0,35988.0,2026-01-23 15:10:00+00:00,True,2026-01-23 15:15:00+00:00,35989,88557.42,be_stop,25.0,0.0,0.0,25.0,0.35714285714285715,-37.74000000000524,524.1300000000047,-0.0539142857142932,0.7487571428571496,7,2100.0,18.0,172.2899999999988,297.0707487842543,overlap,Fri,14,False
634,BTCUSDm,short,2026-01-23 15:50:00+00:00,35996,89729.27,0.1,90429.27,88729.27,700.0,close_above_upper,1.3901038496201894,0.1,89229.27,0.5,0.0,0.0,0.0,,,False,2026-01-23 17:25:00+00:00,36015,90447.27,sl,-71.8,0.0,0.0,-71.8,-1.0257142857142856,-662.6699999999983,365.0500000000029,-0.946671428571426,0.5215000000000042,19,5700.0,18.0,325.30214285714254,308.2286794978409,overlap,Fri,15,False
635,BTCUSDm,short,2026-01-23 17:30:00+00:00,36016,90875.1,0.1,90875.1,89875.1,700.0,close_above_upper,1.3336337048265985,0.05,90375.1,0.5,0.05,90393.1,24.1,36022.0,2026-01-23 18:00:00+00:00,True,2026-01-23 18:05:00+00:00,36023,90893.1,be_stop,23.200000000000003,0.0,0.0,23.200000000000003,0.33142857142857146,-261.3099999999977,536.7799999999988,-0.3732999999999967,0.7668285714285697,7,2100.0,18.0,267.3542857142841,331.84107638209844,newyork,Fri,17,False
636,BTCUSDm,long,2026-01-23 19:05:00+00:00,36035,90238.96,0.1,89538.96,91238.96,700.0,close_below_lower,0.09731174627772926,0.1,90738.96,0.5,0.0,0.0,0.0,,,False,2026-01-23 19:30:00+00:00,36040,89538.96,sl,-70.0,0.0,0.0,-70.0,-1.0,-605.5400000000081,167.6299999999901,-0.8650571428571545,0.23947142857141443,5,1500.0,18.0,219.16357142856992,340.18647951276085,newyork,Fri,19,False
637,BTCUSDm,long,2026-01-23 19:35:00+00:00,36041,89594.79,0.1,88894.79,90594.79,700.0,close_below_lower,0.8277563842523369,0.1,90094.79,0.5,0.0,0.0,0.0,,,False,2026-01-23 20:10:00+00:00,36048,89912.26,signal,31.747000000000117,0.0,0.0,31.747000000000117,0.4535285714285731,-88.0,356.08000000000175,-0.12571428571428572,0.5086857142857167,7,2100.0,18.0,244.0678571428559,353.68608178287826,newyork,Fri,19,False
638,BTCUSDm,long,2026-01-23 20:35:00+00:00,36053,89317.01,0.1,88617.01,90317.01,700.0,close_below_lower,0.3889556237657506,0.1,89817.01,0.5,0.0,0.0,0.0,,,False,2026-01-23 21:10:00+00:00,36060,89520.02,signal,20.301000000000933,0.0,0.0,20.301000000000933,0.29001428571429905,-219.89999999999418,282.58000000000175,-0.31414285714284884,0.40368571428571676,7,2100.0,18.0,214.93214285714308,361.44830368273546,newyork,Fri,20,False
639,BTCUSDm,long,2026-01-25 08:40:00+00:00,36486,88315.08,0.1,87615.08,89315.08,700.0,close_below_lower,0.08991941940896214,0.1,88815.08,0.5,0.0,0.0,0.0,,,False,2026-01-25 09:30:00+00:00,36496,88299.64,signal,-1.544000000000233,0.0,0.0,-1.544000000000233,-0.022057142857146186,-335.18000000000757,14.80000000000291,-0.47882857142858226,0.0211428571428613,10,3000.0,18.0,65.6864285714307,228.12905053260914,london,Sun,8,False
640,BTCUSDm,long,2026-01-25 15:55:00+00:00,36573,88294.42,0.1,87594.42,89294.42,700.0,close_below_lower,0.7633079737438511,0.1,88794.42,0.5,0.0,0.0,0.0,,,False,2026-01-25 16:15:00+00:00,36577,87594.42,sl,-70.0,0.0,0.0,-70.0,-1.0,-547.3399999999965,91.97000000000116,-0.7819142857142807,0.13138571428571594,4,1200.0,18.0,79.30214285714568,142.40827864229567,overlap,Sun,15,False
641,BTCUSDm,long,2026-01-25 16:20:00+00:00,36578,87602.0,0.1,86902.0,88602.0,700.0,close_below_lower,3.417385621939975,0.1,88102.0,0.5,0.0,0.0,0.0,,,False,2026-01-25 17:00:00+00:00,36586,87960.97,signal,35.89700000000012,0.0,0.0,35.89700000000012,0.5128142857142874,-171.82000000000698,428.8000000000029,-0.24545714285715284,0.6125714285714328,8,2400.0,18.0,157.6221428571433,151.91807398993876,newyork,Sun,16,False
642,BTCUSDm,long,2026-01-25 18:15:00+00:00,36601,87602.23,0.1,86902.23,88602.23,700.0,close_below_lower,0.18498125367455262,0.1,88102.23,0.5,0.0,0.0,0.0,,,False,2026-01-25 18:40:00+00:00,36606,86902.23,sl,-70.0,0.0,0.0,-70.0,-1.0,-408.83000000000175,174.79000000000815,-0.5840428571428596,0.24970000000001163,5,1500.0,18.0,155.78642857143026,162.9785511480564,newyork,Sun,18,False
643,BTCUSDm,long,2026-01-25 18:45:00+00:00,36607,86969.11,0.1,86269.11,87969.11,700.0,close_below_lower,2.3206469494605835,0.1,87469.11,0.5,0.0,0.0,0.0,,,False,2026-01-25 19:30:00+00:00,36616,86269.11,sl,-70.0,0.0,0.0,-70.0,-1.0,-660.5399999999936,425.41999999999825,-0.9436285714285623,0.6077428571428547,9,2700.0,18.0,218.6592857142875,173.02529072900847,newyork,Sun,18,False
644,BTCUSDm,long,2026-01-25 19:35:00+00:00,36617,86362.27,0.1,85662.27,87362.27,700.0,close_below_lower,2.424680133676609,0.1,86862.27,0.5,0.0,0.0,0.0,,,False,2026-01-25 20:55:00+00:00,36633,86506.8,signal,14.452999999999884,0.0,0.0,14.452999999999884,0.20647142857142692,-288.9400000000023,362.7399999999907,-0.4127714285714319,0.5181999999999867,16,4800.0,18.0,282.4442857142879,191.35049920110063,newyork,Sun,19,False
645,BTCUSDm,short,2026-01-25 21:05:00+00:00,36635,86736.28,0.1,87436.28,85736.28,700.0,close_above_upper,0.5858515656356941,0.1,86236.28,0.5,0.0,0.0,0.0,,,False,2026-01-25 21:35:00+00:00,36641,86553.26,signal,18.302000000000408,0.0,0.0,18.302000000000408,0.26145714285714866,-184.63999999999942,279.3099999999977,-0.2637714285714277,0.3990142857142824,6,1800.0,18.0,192.50285714285565,207.98075848681202,rollover,Sun,21,False
646,BTCUSDm,long,2026-01-25 21:40:00+00:00,36642,86316.52,0.1,85616.52,87316.52,700.0,close_below_lower,0.3551502507177854,0.1,86816.52,0.5,0.0,0.0,0.0,,,False,2026-01-25 22:40:00+00:00,36654,86432.88,signal,11.63600000000006,0.0,0.0,11.63600000000006,0.16622857142857228,-243.75,296.95999999999185,-0.3482142857142857,0.4242285714285598,12,3600.0,18.0,199.086428571428,216.40286588638975,rollover,Sun,21,False
647,BTCUSDm,short,2026-01-26 00:10:00+00:00,36672,86910.08,0.1,87610.08,85910.08,700.0,close_above_upper,0.797796899823562,0.1,86410.08,0.5,0.0,0.0,0.0,,,False,2026-01-26 00:35:00+00:00,36677,86624.32,signal,28.57599999999948,0.0,0.0,28.57599999999948,0.408228571428564,-176.5899999999965,320.9499999999971,-0.2522714285714236,0.45849999999999586,5,1500.0,18.0,245.692142857143,231.3558437303813,asian,Mon,0,False
648,BTCUSDm,short,2026-01-26 01:05:00+00:00,36683,87022.41,0.1,87722.41,86022.41,700.0,close_above_upper,0.2589540621273695,0.1,86522.41,0.5,0.0,0.0,0.0,,,False,2026-01-26 02:10:00+00:00,36696,87360.7,signal,-33.82899999999936,0.0,0.0,-33.82899999999936,-0.48327142857141947,-699.9899999999907,0.0,-0.9999857142857009,0.0,13,3900.0,18.0,200.10642857142895,238.25970115165052,asian,Mon,1,False
649,BTCUSDm,short,2026-01-26 02:30:00+00:00,36700,87795.65,0.1,88495.65,86795.65,700.0,close_above_upper,0.19784189393407192,0.1,87295.65,0.5,0.0,0.0,0.0,,,False,2026-01-26 02:45:00+00:00,36703,87522.85,signal,27.279999999998836,0.0,0.0,27.279999999998836,0.3897142857142691,-60.55000000000291,290.1499999999942,-0.08650000000000416,0.4144999999999917,3,900.0,18.0,205.49214285714385,264.9125149050248,asian,Mon,2,False
650,BTCUSDm,long,2026-01-26 03:55:00+00:00,36717,87052.66,0.1,86352.66,88052.66,700.0,close_below_lower,0.08945044307530789,0.1,87552.66,0.5,0.0,0.0,0.0,,,False,2026-01-26 04:10:00+00:00,36720,87311.0,signal,25.83399999999965,0.0,0.0,25.83399999999965,0.36905714285713787,-108.40000000000873,261.36999999999534,-0.15485714285715532,0.37338571428570766,3,900.0,18.0,115.5057142857165,276.8807452468317,asian,Mon,3,False
651,BTCUSDm,short,2026-01-26 04:25:00+00:00,36723,87641.32,0.1,88341.32,86641.32,700.0,close_above_upper,0.20202327790242236,0.1,87141.32,0.5,0.0,0.0,0.0,,,False,2026-01-26 05:15:00+00:00,36733,87587.81,signal,5.351000000000932,0.0,0.0,5.351000000000932,0.07644285714287045,-180.43999999998778,103.25,-0.2577714285714111,0.1475,10,3000.0,18.0,135.49928571428714,282.2607105724429,asian,Mon,4,False
652,BTCUSDm,short,2026-01-26 15:15:00+00:00,36853,88610.53,0.1,88610.53,87610.53,700.0,close_above_upper,0.8879073370335021,0.05,88110.53,0.5,0.05,88128.53,24.1,36856.0,2026-01-26 15:30:00+00:00,True,2026-01-26 15:40:00+00:00,36858,88174.34,signal,45.90950000000012,0.0,0.0,45.90950000000012,0.6558500000000017,-171.85000000000582,507.5599999999977,-0.24550000000000832,0.725085714285711,5,1500.0,18.0,301.0507142857137,332.97041285369016,overlap,Mon,15,False
653,BTCUSDm,long,2026-01-26 15:45:00+00:00,36859,87424.73,0.1,86724.73,88424.73,700.0,close_below_lower,1.126392655346155,0.1,87924.73,0.5,0.0,0.0,0.0,,,False,2026-01-26 16:25:00+00:00,36867,87744.17,signal,31.944000000000234,0.0,0.0,31.944000000000234,0.4563428571428605,-320.61999999999534,441.8700000000099,-0.4580285714285648,0.6312428571428713,8,2400.0,18.0,347.9864285714284,343.6340350319957,overlap,Mon,15,False
654,BTCUSDm,short,2026-01-26 18:35:00+00:00,36893,88139.3,0.1,88839.3,87139.3,700.0,close_above_upper,0.14074566477625766,0.1,87639.3,0.5,0.0,0.0,0.0,,,False,2026-01-26 19:25:00+00:00,36903,88090.65,signal,4.865000000000873,0.0,0.0,4.865000000000873,0.06950000000001248,-310.56999999999243,302.4100000000035,-0.4436714285714178,0.4320142857142907,10,3000.0,18.0,207.49357142857167,383.6803899877504,newyork,Mon,18,False
655,BTCUSDm,short,2026-01-27 16:10:00+00:00,37152,88340.3,0.1,89040.3,87340.3,700.0,close_above_upper,0.41120325238100736,0.1,87840.3,0.5,0.0,0.0,0.0,,,False,2026-01-27 17:10:00+00:00,37164,88074.64,signal,26.56600000000035,0.0,0.0,26.56600000000035,0.37951428571429074,-372.56999999999243,292.22000000000116,-0.5322428571428464,0.4174571428571445,12,3600.0,18.0,252.58857142856974,379.14041660916837,newyork,Tue,16,False
656,BTCUSDm,long,2026-01-27 17:15:00+00:00,37165,87916.09,0.1,87216.09,88916.09,700.0,close_below_lower,0.0988089041512289,0.1,88416.09,0.5,0.0,0.0,0.0,,,False,2026-01-27 17:40:00+00:00,37170,87216.09,sl,-70.0,0.0,0.0,-70.0,-1.0,-596.8499999999913,0.08000000000174623,-0.8526428571428447,0.0001142857142882089,5,1500.0,18.0,236.5307142857138,399.8784279456584,newyork,Tue,17,False
657,BTCUSDm,long,2026-01-27 17:45:00+00:00,37171,87272.44,0.1,86572.44,88272.44,700.0,close_below_lower,0.604916299808927,0.1,87772.44,0.5,0.0,0.0,0.0,,,False,2026-01-27 18:20:00+00:00,37178,87664.29,signal,39.18499999999913,0.0,0.0,39.18499999999913,0.5597857142857018,-83.9600000000064,498.75999999999476,-0.11994285714286629,0.7125142857142782,7,2100.0,18.0,255.03428571428645,413.96782914440587,newyork,Tue,17,False
658,BTCUSDm,short,2026-01-27 19:00:00+00:00,37186,88163.88,0.1,88863.88,87163.88,700.0,close_above_upper,0.07322804119336658,0.1,87663.88,0.5,0.0,0.0,0.0,,,False,2026-01-27 20:20:00+00:00,37202,88881.88,sl,-71.8,0.0,0.0,-71.8,-1.0257142857142856,-690.2299999999959,242.13000000000466,-0.9860428571428513,0.34590000000000665,16,4800.0,18.0,219.4192857142854,410.8941756820419,newyork,Tue,19,False
659,BTCUSDm,short,2026-01-27 20:25:00+00:00,37203,88933.53,0.1,89633.53,87933.53,700.0,close_above_upper,0.249364072358385,0.1,88433.53,0.5,0.0,0.0,0.0,,,False,2026-01-27 21:40:00+00:00,37218,89067.83,signal,-13.430000000000291,0.0,0.0,-13.430000000000291,-0.19185714285714703,-495.79000000000815,240.63999999999942,-0.7082714285714402,0.34377142857142773,15,4500.0,18.0,167.61142857142946,413.319523299239,newyork,Tue,20,False
660,BTCUSDm,short,2026-01-28 10:00:00+00:00,37366,89445.07,0.1,90145.07,88445.07,700.0,close_above_upper,0.035204547203757305,0.1,88945.07,0.5,0.0,0.0,0.0,,,False,2026-01-28 10:30:00+00:00,37372,89228.46,signal,21.661000000000058,0.0,0.0,21.661000000000058,0.30944285714285796,-145.84999999999127,243.8000000000029,-0.2083571428571304,0.3482857142857184,6,1800.0,18.0,140.08500000000018,386.15972091004727,london,Wed,10,False
661,BTCUSDm,short,2026-01-28 11:55:00+00:00,37389,89936.43,0.1,90636.43,88936.43,700.0,close_above_upper,0.33656660204617855,0.1,89436.43,0.5,0.0,0.0,0.0,,,False,2026-01-28 14:15:00+00:00,37417,90039.79,signal,-10.336000000000059,0.0,0.0,-10.336000000000059,-0.1476571428571437,-436.0500000000029,273.0199999999895,-0.6229285714285756,0.39002857142855646,28,8400.0,18.0,132.44000000000128,382.8406838214571,london,Wed,11,False
662,BTCUSDm,long,2026-01-28 14:50:00+00:00,37424,89503.11,0.1,88803.11,90503.11,700.0,close_below_lower,0.09009056724930233,0.1,90003.11,0.5,0.0,0.0,0.0,,,False,2026-01-28 15:15:00+00:00,37429,88803.11,sl,-70.0,0.0,0.0,-70.0,-1.0,-535.9900000000052,233.25999999999476,-0.7657000000000075,0.33322857142856394,5,1500.0,18.0,175.48357142856963,375.2679895516271,overlap,Wed,14,False
663,BTCUSDm,long,2026-01-28 15:20:00+00:00,37430,89078.06,0.1,88378.06,90078.06,700.0,close_below_lower,0.2847461787561342,0.1,89578.06,0.5,0.0,0.0,0.0,,,False,2026-01-28 15:45:00+00:00,37435,89383.33,signal,30.52700000000041,0.0,0.0,30.52700000000041,0.43610000000000587,-109.25,344.04000000000815,-0.15607142857142858,0.4914857142857259,5,1500.0,18.0,250.7907142857127,385.67183079037557,overlap,Wed,15,False
664,BTCUSDm,short,2026-01-28 17:55:00+00:00,37461,90341.36,0.1,90341.36,89341.36,700.0,close_above_upper,0.8434704123174397,0.05,89841.36,0.5,0.05,89859.36,24.1,37462.0,2026-01-28 18:00:00+00:00,True,2026-01-28 18:05:00+00:00,37463,89664.54,signal,57.94100000000035,0.0,0.0,57.94100000000035,0.8277285714285765,-11.69999999999709,965.7700000000041,-0.016714285714281556,1.3796714285714344,2,600.0,18.0,235.7764285714272,389.4943916457511,newyork,Wed,17,False
665,BTCUSDm,long,2026-01-28 20:50:00+00:00,37496,88929.64,0.1,88229.64,89929.64,700.0,close_below_lower,0.010023050928238585,0.1,89429.64,0.5,0.0,0.0,0.0,,,False,2026-01-28 21:40:00+00:00,37506,89176.59,signal,24.69499999999971,0.0,0.0,24.69499999999971,0.35278571428571015,-208.50999999999476,262.820000000007,-0.29787142857142107,0.3754571428571528,10,3000.0,18.0,260.4828571428557,402.200846906238,newyork,Wed,20,False
666,BTCUSDm,long,2026-01-29 02:50:00+00:00,37568,87727.14,0.1,87027.14,88727.14,700.0,close_below_lower,0.5175162286300391,0.1,88227.14,0.5,0.0,0.0,0.0,,,False,2026-01-29 03:40:00+00:00,37578,87954.15,signal,22.70099999999948,0.0,0.0,22.70099999999948,0.32429999999999254,-173.27000000000407,395.0,-0.24752857142857726,0.5642857142857143,10,3000.0,18.0,197.4535714285708,423.32253250472246,asian,Thu,2,False
667,BTCUSDm,long,2026-01-29 14:55:00+00:00,37713,87328.83,0.1,86628.83,88328.83,700.0,close_below_lower,0.21330092372737855,0.1,87828.83,0.5,0.0,0.0,0.0,,,False,2026-01-29 15:00:00+00:00,37714,86628.83,sl,-70.0,0.0,0.0,-70.0,-1.0,-489.04000000000815,0.0,-0.698628571428583,0.0,1,300.0,18.0,190.5085714285711,332.1861935767783,overlap,Thu,14,False
668,BTCUSDm,long,2026-01-29 15:05:00+00:00,37715,86404.76,0.1,85704.76,87404.76,700.0,close_below_lower,2.2164821614382273,0.1,86904.76,0.5,0.0,0.0,0.0,,,False,2026-01-29 15:10:00+00:00,37716,85704.76,sl,-70.0,0.0,0.0,-70.0,-1.0,-468.1899999999878,21.580000000001746,-0.6688428571428396,0.030828571428573922,1,300.0,18.0,258.65071428571434,342.4262929365606,overlap,Thu,15,False
669,BTCUSDm,long,2026-01-29 15:15:00+00:00,37717,85212.58,0.1,84512.58,86212.58,700.0,close_below_lower,4.221487932767666,0.1,85712.58,0.5,0.0,0.0,0.0,,,False,2026-01-29 15:40:00+00:00,37722,84512.58,sl,-70.0,0.0,0.0,-70.0,-1.0,-266.99000000000524,464.13000000000466,-0.3814142857142932,0.6630428571428638,5,1500.0,18.0,335.7921428571416,361.8600988685154,overlap,Thu,15,False
670,BTCUSDm,long,2026-01-29 15:45:00+00:00,37723,84496.66,0.1,84496.66,85496.66,700.0,close_below_lower,2.483520755117209,0.05,84996.66,0.5,0.05,84996.66,25.0,37725.0,2026-01-29 15:55:00+00:00,True,2026-01-29 16:05:00+00:00,37727,84496.66,be_stop,25.0,0.0,0.0,25.0,0.35714285714285715,-276.6600000000035,518.179999999993,-0.3952285714285764,0.7402571428571328,4,1200.0,18.0,467.597142857145,403.74175182614147,overlap,Thu,15,False
671,BTCUSDm,long,2026-01-29 16:10:00+00:00,37728,84442.9,0.1,83742.9,85442.9,700.0,close_below_lower,0.5872773296830028,0.1,84942.9,0.5,0.0,0.0,0.0,,,False,2026-01-29 16:50:00+00:00,37736,84707.51,signal,26.46100000000006,0.0,0.0,26.46100000000006,0.3780142857142866,-318.8600000000006,392.5600000000122,-0.45551428571428654,0.5608000000000175,8,2400.0,18.0,477.8200000000018,426.8060755992111,newyork,Thu,16,False
672,BTCUSDm,short,2026-01-29 17:00:00+00:00,37738,85134.26,0.1,85834.26,84134.26,700.0,close_above_upper,0.08096359800409199,0.1,84634.26,0.5,0.0,0.0,0.0,,,False,2026-01-29 17:40:00+00:00,37746,84811.04,signal,32.322000000000116,0.0,0.0,32.322000000000116,0.4617428571428588,-366.4600000000064,345.04999999998836,-0.5235142857142948,0.4929285714285548,8,2400.0,18.0,331.72714285714443,440.2035501692658,newyork,Thu,17,False
673,BTCUSDm,long,2026-01-29 17:55:00+00:00,37749,84184.22,0.1,83484.22,85184.22,700.0,close_below_lower,0.42472465919492075,0.1,84684.22,0.5,0.0,0.0,0.0,,,False,2026-01-29 18:30:00+00:00,37756,83484.22,sl,-70.0,0.0,0.0,-70.0,-1.0,-641.5200000000041,318.8399999999965,-0.9164571428571486,0.4554857142857093,7,2100.0,18.0,302.5778571428569,452.050301618395,newyork,Thu,17,False
674,BTCUSDm,long,2026-01-29 18:35:00+00:00,37757,83752.86,0.1,83052.86,84752.86,700.0,close_below_lower,0.1656807050073554,0.1,84252.86,0.5,0.0,0.0,0.0,,,False,2026-01-29 19:30:00+00:00,37768,83656.54,signal,-9.6320000000007,0.0,0.0,-9.6320000000007,-0.13760000000001,-529.4900000000052,222.61000000000058,-0.7564142857142931,0.3180142857142865,11,3300.0,18.0,308.4828571428578,470.7407831708295,newyork,Thu,18,False
675,BTCUSDm,long,2026-01-30 01:40:00+00:00,37842,82776.08,0.1,82076.08,83776.08,700.0,close_below_lower,1.066994144840644,0.1,83276.08,0.5,0.0,0.0,0.0,,,False,2026-01-30 01:45:00+00:00,37843,81913.35,sl,-86.2729999999996,0.0,0.0,-86.2729999999996,-1.2324714285714229,-1842.3600000000006,112.13000000000466,-2.631942857142858,0.16018571428572093,1,300.0,18.0,295.9442857142858,523.7698174803533,asian,Fri,1,False
676,BTCUSDm,long,2026-01-30 01:50:00+00:00,37844,81904.42,0.1,81904.42,82904.42,700.0,close_below_lower,1.8571313809015937,0.05,82404.42,0.5,0.05,82404.42,25.0,37845.0,2026-01-30 01:55:00+00:00,True,2026-01-30 02:10:00+00:00,37848,81904.42,be_stop,25.0,0.0,0.0,25.0,0.35714285714285715,-18.0,525.1999999999971,-0.025714285714285714,0.7502857142857101,4,1200.0,18.0,465.34642857143,543.1897075759548,asian,Fri,1,False
677,BTCUSDm,long,2026-01-30 02:15:00+00:00,37849,81791.86,0.1,81091.86,82791.86,700.0,close_below_lower,0.6235044528191287,0.1,82291.86,0.5,0.0,0.0,0.0,,,False,2026-01-30 02:30:00+00:00,37852,81091.86,sl,-70.0,0.0,0.0,-70.0,-1.0,-689.6399999999994,214.58000000000175,-0.9851999999999992,0.3065428571428596,3,900.0,18.0,523.9250000000009,566.8068279783532,asian,Fri,2,False
678,BTCUSDm,long,2026-01-30 02:35:00+00:00,37853,81496.89,0.1,81496.89,82496.89,700.0,close_below_lower,0.07232764830978251,0.05,81996.89,0.5,0.05,81996.89,25.0,37857.0,2026-01-30 02:55:00+00:00,True,2026-01-30 03:00:00+00:00,37858,82030.98,signal,51.704499999999825,0.0,0.0,51.704499999999825,0.7386357142857118,-61.69999999999709,552.3800000000047,-0.08814285714285298,0.7891142857142923,5,1500.0,18.0,579.0721428571435,585.6494933222099,asian,Fri,2,False
679,BTCUSDm,short,2026-01-30 14:45:00+00:00,37999,83521.03,0.1,83521.03,82521.03,700.0,close_above_upper,0.05903810828923142,0.05,83021.03,0.5,0.05,83039.03,24.1,38000.0,2026-01-30 14:50:00+00:00,True,2026-01-30 15:00:00+00:00,38002,82998.26,signal,50.23850000000021,0.0,0.0,50.23850000000021,0.7176928571428601,-159.52999999999884,762.2899999999936,-0.22789999999999833,1.0889857142857051,3,900.0,18.0,242.87214285714228,580.3915326621087,overlap,Fri,14,False
680,BTCUSDm,long,2026-01-30 18:20:00+00:00,38042,82109.25,0.1,82109.25,83109.25,700.0,close_below_lower,0.2221983015677165,0.05,82609.25,0.5,0.05,82609.25,25.0,38046.0,2026-01-30 18:40:00+00:00,True,2026-01-30 18:45:00+00:00,38047,82998.7,signal,69.47249999999985,0.0,0.0,69.47249999999985,0.9924642857142837,-377.9600000000064,931.9400000000023,-0.5399428571428663,1.3313428571428605,5,1500.0,18.0,312.5749999999992,599.9038741751783,newyork,Fri,18,False
681,BTCUSDm,short,2026-01-30 18:50:00+00:00,38048,83457.63,0.1,84157.63,82457.63,700.0,close_above_upper,0.2955064579045336,0.1,82957.63,0.5,0.0,0.0,0.0,,,False,2026-01-30 19:00:00+00:00,38050,84175.63,sl,-71.8,0.0,0.0,-71.8,-1.0257142857142856,-601.6499999999942,219.07000000000698,-0.8594999999999917,0.3129571428571528,2,600.0,18.0,394.69714285714355,615.9118784639309,newyork,Fri,18,False
682,BTCUSDm,short,2026-01-30 19:05:00+00:00,38051,84147.54,0.1,84847.54,83147.54,700.0,close_above_upper,0.8116736840265965,0.1,83647.54,0.5,0.0,0.0,0.0,,,False,2026-01-30 20:05:00+00:00,38063,83952.26,signal,19.527999999999885,0.0,0.0,19.527999999999885,0.2789714285714269,-372.1000000000058,343.1899999999878,-0.5315714285714369,0.4902714285714111,12,3600.0,18.0,456.0600000000008,633.2312067355131,newyork,Fri,19,False
683,BTCUSDm,long,2026-01-31 14:25:00+00:00,38283,81864.24,0.1,81164.24,82864.24,700.0,close_below_lower,0.1825571398418765,0.1,82364.24,0.5,0.0,0.0,0.0,,,False,2026-01-31 14:30:00+00:00,38284,81164.24,sl,-70.0,0.0,0.0,-70.0,-1.0,-724.6600000000035,109.23999999999069,-1.0352285714285765,0.15605714285712954,1,300.0,18.0,209.55428571428533,507.43760159775735,overlap,Sat,14,False
684,BTCUSDm,long,2026-01-31 14:35:00+00:00,38285,81355.71,0.1,80655.71,82355.71,700.0,close_below_lower,0.7329030329556753,0.1,81855.71,0.5,0.0,0.0,0.0,,,False,2026-01-31 15:50:00+00:00,38300,81347.61,signal,-0.8100000000005821,0.0,0.0,-0.8100000000005821,-0.011571428571436887,-677.8000000000029,307.8799999999901,-0.9682857142857184,0.4398285714285573,15,4500.0,18.0,290.44285714285695,516.4496039276726,overlap,Sat,14,False
685,BTCUSDm,long,2026-01-31 16:50:00+00:00,38312,80351.78,0.1,79651.78,81351.78,700.0,close_below_lower,0.24243232429236608,0.1,80851.78,0.5,0.0,0.0,0.0,,,False,2026-01-31 17:05:00+00:00,38315,79651.78,sl,-70.0,0.0,0.0,-70.0,-1.0,-395.63000000000466,72.88000000000466,-0.565185714285721,0.10411428571429236,3,900.0,18.0,466.538571428572,548.1682580648555,newyork,Sat,16,False
686,BTCUSDm,long,2026-01-31 17:10:00+00:00,38316,79413.14,0.1,78713.14,80413.14,700.0,close_below_lower,1.1383480405361674,0.1,79913.14,0.5,0.0,0.0,0.0,,,False,2026-01-31 17:15:00+00:00,38317,78712.07,sl,-70.10699999999925,0.0,0.0,-70.10699999999925,-1.0015285714285607,-1459.3500000000058,44.05000000000291,-2.0847857142857227,0.06292857142857558,1,300.0,18.0,554.3985714285747,566.0752074569243,newyork,Sat,17,False
687,BTCUSDm,long,2026-01-31 17:20:00+00:00,38318,78967.48,0.1,78267.48,79967.48,700.0,close_below_lower,1.1546322169972967,0.1,79467.48,0.5,0.0,0.0,0.0,,,False,2026-01-31 18:15:00+00:00,38329,78267.48,sl,-70.0,0.0,0.0,-70.0,-1.0,-595.1100000000006,211.44000000000233,-0.8501571428571437,0.3020571428571462,11,3300.0,18.0,646.3514285714316,581.4483659881755,newyork,Sat,17,False
688,BTCUSDm,long,2026-01-31 18:40:00+00:00,38334,77447.37,0.1,77447.37,78447.37,700.0,close_below_lower,0.6321605355444248,0.05,77947.37,0.5,0.05,77947.37,25.0,38335.0,2026-01-31 18:45:00+00:00,True,2026-01-31 19:10:00+00:00,38340,78241.86,signal,64.72450000000026,0.0,0.0,64.72450000000026,0.924635714285718,-1966.8499999999913,818.5800000000017,-2.809785714285702,1.1694000000000024,6,1800.0,18.0,474.2671428571463,626.6633352144569,newyork,Sat,18,False
689,BTCUSDm,long,2026-01-31 19:40:00+00:00,38346,77239.39,0.1,77239.39,78239.39,700.0,close_below_lower,0.08540151461087482,0.05,77739.39,0.5,0.05,77739.39,25.0,38347.0,2026-01-31 19:45:00+00:00,True,2026-01-31 20:10:00+00:00,38352,77717.91,signal,48.9260000000002,0.0,0.0,48.9260000000002,0.69894285714286,-121.56999999999243,647.3399999999965,-0.17367142857141776,0.9247714285714236,6,1800.0,18.0,660.7435714285738,599.7817948224412,newyork,Sat,19,False
690,BTCUSDm,short,2026-02-01 00:05:00+00:00,38387,78832.29,0.1,79532.29,77832.29,700.0,close_above_upper,0.2020668694643687,0.1,78332.29,0.5,0.0,0.0,0.0,,,False,2026-02-01 00:45:00+00:00,38395,78701.46,signal,13.08299999999872,0.0,0.0,13.08299999999872,0.18689999999998172,-517.2600000000093,170.27999999999884,-0.7389428571428704,0.2432571428571412,8,2400.0,18.0,245.59928571428463,572.7707424765939,asian,Sun,0,False
691,BTCUSDm,long,2026-02-01 14:35:00+00:00,38561,77439.6,0.1,77439.6,78439.6,700.0,close_below_lower,0.346830161270353,0.05,77939.6,0.5,0.05,77939.6,25.0,38562.0,2026-02-01 14:40:00+00:00,True,2026-02-01 14:50:00+00:00,38564,78010.38,signal,53.538999999999945,0.0,0.0,53.538999999999945,0.7648428571428564,-274.8700000000099,612.0299999999988,-0.3926714285714427,0.8743285714285698,3,900.0,18.0,203.64500000000095,526.996225200577,overlap,Sun,14,False
692,BTCUSDm,long,2026-02-01 15:20:00+00:00,38570,77272.09,0.1,76572.09,78272.09,700.0,close_below_lower,0.08624350277733486,0.1,77772.09,0.5,0.0,0.0,0.0,,,False,2026-02-01 15:55:00+00:00,38577,77459.63,signal,18.754000000000815,0.0,0.0,18.754000000000815,0.2679142857142974,-569.1499999999942,244.35000000000582,-0.8130714285714202,0.34907142857143686,7,2100.0,18.0,364.0321428571447,530.8691926027625,overlap,Sun,15,False
693,BTCUSDm,long,2026-02-01 20:30:00+00:00,38632,76632.03,0.1,76632.03,77632.03,700.0,close_below_lower,0.04256630682206551,0.05,77132.03,0.5,0.05,77132.03,25.0,38633.0,2026-02-01 20:35:00+00:00,True,2026-02-01 20:40:00+00:00,38634,77565.15,signal,71.65599999999978,0.0,0.0,71.65599999999978,1.0236571428571397,-18.0,965.0599999999977,-0.025714285714285714,1.3786571428571395,2,600.0,18.0,247.77285714285765,581.816099666975,newyork,Sun,20,False
694,BTCUSDm,long,2026-02-01 21:10:00+00:00,38640,76396.98,0.1,76396.98,77396.98,700.0,close_below_lower,0.11681741075323422,0.05,76896.98,0.5,0.05,76896.98,25.0,38643.0,2026-02-01 21:25:00+00:00,True,2026-02-01 21:30:00+00:00,38644,76915.4,signal,50.920999999999914,0.0,0.0,50.920999999999914,0.727442857142856,-22.55000000000291,601.1100000000006,-0.03221428571428987,0.8587285714285723,4,1200.0,18.0,336.0007142857139,589.1671475213383,rollover,Sun,21,False
695,BTCUSDm,long,2026-02-01 23:10:00+00:00,38664,75957.95,0.1,75957.95,76957.95,700.0,close_below_lower,0.7264606328163793,0.05,76457.95,0.5,0.05,76562.93,30.248999999999796,38665.0,2026-02-01 23:15:00+00:00,True,2026-02-01 23:30:00+00:00,38668,76957.95,tp,80.2489999999998,0.0,0.0,80.2489999999998,1.1464142857142827,-344.8899999999994,993.9600000000064,-0.4926999999999992,1.4199428571428663,4,1200.0,18.0,453.38785714285353,616.9058696303838,rollover,Sun,23,False
696,BTCUSDm,short,2026-02-02 00:20:00+00:00,38678,77756.16,0.1,77756.16,76756.16,700.0,close_above_upper,0.07097264788210672,0.05,77256.16,0.5,0.05,77274.16,24.1,38687.0,2026-02-02 01:05:00+00:00,True,2026-02-02 01:10:00+00:00,38688,77253.96,signal,49.20999999999986,0.0,0.0,49.20999999999986,0.702999999999998,-321.66999999999825,546.1100000000006,-0.45952857142856895,0.7801571428571437,10,3000.0,18.0,499.605714285714,638.517980157351,asian,Mon,0,False
697,BTCUSDm,long,2026-02-02 01:15:00+00:00,38689,76775.64,0.1,76775.64,77775.64,700.0,close_below_lower,0.1562429013844281,0.05,77275.64,0.5,0.05,77275.64,25.0,38690.0,2026-02-02 01:20:00+00:00,True,2026-02-02 01:25:00+00:00,38691,77602.66,signal,66.3510000000002,0.0,0.0,66.3510000000002,0.9478714285714314,-241.38999999999942,824.3000000000029,-0.3448428571428563,1.1775714285714327,2,600.0,18.0,375.48142857143,659.5549083900555,asian,Mon,1,False
698,BTCUSDm,long,2026-02-02 03:15:00+00:00,38713,75826.1,0.1,75126.1,76826.1,700.0,close_below_lower,0.3317190823876517,0.1,76326.1,0.5,0.0,0.0,0.0,,,False,2026-02-02 03:20:00+00:00,38714,75126.1,sl,-70.0,0.0,0.0,-70.0,-1.0,-511.0600000000122,18.119999999995343,-0.7300857142857318,0.025885714285707632,1,300.0,18.0,309.46714285714654,678.7454056412763,asian,Mon,3,False
699,BTCUSDm,long,2026-02-02 03:25:00+00:00,38715,75316.72,0.1,74616.72,76316.72,700.0,close_below_lower,0.6316963321636008,0.1,75816.72,0.5,0.0,0.0,0.0,,,False,2026-02-02 03:35:00+00:00,38717,74616.72,sl,-70.0,0.0,0.0,-70.0,-1.0,-603.4300000000076,70.17999999999302,-0.862042857142868,0.10025714285713287,2,600.0,18.0,353.68142857143226,686.4463017493875,asian,Mon,3,False
700,BTCUSDm,long,2026-02-02 03:40:00+00:00,38718,74574.53,0.1,74574.53,75574.53,700.0,close_below_lower,0.8618601092191058,0.05,75074.53,0.5,0.05,75074.53,25.0,38719.0,2026-02-02 03:45:00+00:00,True,2026-02-02 03:45:00+00:00,38719,75574.53,tp,75.0,0.0,0.0,75.0,1.0714285714285714,-43.830000000001746,287.99000000000524,-0.0626142857142882,0.41141428571429317,1,300.0,18.0,378.7700000000041,705.8924988027218,asian,Mon,3,False
701,BTCUSDm,short,2026-02-02 06:45:00+00:00,38755,76405.79,0.1,77105.79,75405.79,700.0,close_above_upper,0.17711572540009127,0.1,75905.79,0.5,0.0,0.0,0.0,,,False,2026-02-02 08:15:00+00:00,38773,77123.79,sl,-71.8,0.0,0.0,-71.8,-1.0257142857142856,-484.4100000000035,415.4899999999907,-0.6920142857142907,0.5935571428571296,18,5400.0,18.0,469.80785714285804,766.5431489929385,asian,Mon,6,False
702,BTCUSDm,long,2026-02-03 03:00:00+00:00,38998,77752.78,0.1,77052.78,78752.78,700.0,close_below_lower,0.03385838773573764,0.1,78252.78,0.5,0.0,0.0,0.0,,,False,2026-02-03 03:30:00+00:00,39004,78224.1,signal,47.1320000000007,0.0,0.0,47.1320000000007,0.6733142857142957,-183.86999999999534,493.1399999999994,-0.2626714285714219,0.7044857142857135,6,1800.0,18.0,204.14357142857003,661.5030951400545,asian,Tue,3,False
703,BTCUSDm,long,2026-02-03 15:00:00+00:00,39142,77157.39,0.1,77157.39,78157.39,700.0,close_below_lower,0.28484964032688265,0.05,77657.39,0.5,0.05,77657.39,25.0,39147.0,2026-02-03 15:25:00+00:00,True,2026-02-03 15:30:00+00:00,39148,77669.46,signal,50.60350000000035,0.0,0.0,50.60350000000035,0.7229071428571479,-191.0399999999936,901.570000000007,-0.27291428571427656,1.2879571428571528,6,1800.0,18.0,316.0078571428572,616.6867872322832,overlap,Tue,15,False
704,BTCUSDm,long,2026-02-03 16:25:00+00:00,39159,76682.84,0.1,75982.84,77682.84,700.0,close_below_lower,0.24537373442139132,0.1,77182.84,0.5,0.0,0.0,0.0,,,False,2026-02-03 17:10:00+00:00,39168,75982.84,sl,-70.0,0.0,0.0,-70.0,-1.0,-672.75,244.2100000000064,-0.9610714285714286,0.3488714285714377,9,2700.0,18.0,452.66285714285704,625.9247725898114,newyork,Tue,16,False
705,BTCUSDm,long,2026-02-03 17:15:00+00:00,39169,75646.22,0.1,74946.22,76646.22,700.0,close_below_lower,0.5216379920928355,0.1,76146.22,0.5,0.0,0.0,0.0,,,False,2026-02-03 17:45:00+00:00,39175,74946.22,sl,-70.0,0.0,0.0,-70.0,-1.0,-593.4199999999983,394.63000000000466,-0.8477428571428547,0.5637571428571495,6,1800.0,18.0,328.0864285714301,643.1933648005162,newyork,Tue,17,False
706,BTCUSDm,long,2026-02-03 17:50:00+00:00,39176,74952.06,0.1,74252.06,75952.06,700.0,close_below_lower,0.37212660195149233,0.1,75452.06,0.5,0.0,0.0,0.0,,,False,2026-02-03 18:20:00+00:00,39182,74252.06,sl,-70.0,0.0,0.0,-70.0,-1.0,-524.5099999999948,357.3600000000006,-0.7492999999999925,0.5105142857142866,6,1800.0,18.0,316.71785714286153,663.4244778811762,newyork,Tue,17,False
707,BTCUSDm,long,2026-02-03 18:25:00+00:00,39183,74303.68,0.1,73603.68,75303.68,700.0,close_below_lower,0.15703716730846273,0.1,74803.68,0.5,0.0,0.0,0.0,,,False,2026-02-03 18:45:00+00:00,39187,73603.68,sl,-70.0,0.0,0.0,-70.0,-1.0,-695.4399999999878,0.0,-0.9934857142856969,0.0,4,1200.0,18.0,351.86357142857327,669.273094767102,newyork,Tue,18,False
708,BTCUSDm,long,2026-02-03 18:50:00+00:00,39188,73224.91,0.1,73224.91,74224.91,700.0,close_below_lower,0.736503543398321,0.05,73724.91,0.5,0.05,73724.91,25.0,39192.0,2026-02-03 19:10:00+00:00,True,2026-02-03 19:10:00+00:00,39192,74224.91,tp,75.0,0.0,0.0,75.0,1.0714285714285714,-382.2100000000064,306.2699999999895,-0.5460142857142949,0.43752857142855645,4,1200.0,18.0,398.297857142857,689.2635268461197,newyork,Tue,18,False
709,BTCUSDm,short,2026-02-03 19:20:00+00:00,39194,74927.64,0.1,74927.64,73927.64,700.0,close_above_upper,0.410654669249219,0.05,74427.64,0.5,0.05,74445.64,24.1,39199.0,2026-02-03 19:45:00+00:00,True,2026-02-03 19:55:00+00:00,39201,74945.64,be_stop,23.200000000000003,0.0,0.0,23.200000000000003,0.33142857142857146,-242.05999999999767,728.3699999999953,-0.34579999999999667,1.0405285714285648,7,2100.0,18.0,517.1164285714289,709.845400902687,newyork,Tue,19,False
710,BTCUSDm,short,2026-02-03 20:30:00+00:00,39208,75567.39,0.1,76267.39,74567.39,700.0,close_above_upper,0.061016421776744816,0.1,75067.39,0.5,0.0,0.0,0.0,,,False,2026-02-03 20:35:00+00:00,39209,76285.39,sl,-71.8,0.0,0.0,-71.8,-1.0257142857142856,-942.3399999999965,26.839999999996508,-1.346199999999995,0.038342857142852155,1,300.0,18.0,408.490714285715,728.5976626781664,newyork,Tue,20,False
711,BTCUSDm,short,2026-02-03 20:40:00+00:00,39210,76335.01,0.1,77035.01,75335.01,700.0,close_above_upper,0.6606203321417955,0.1,75835.01,0.5,0.0,0.0,0.0,,,False,2026-02-03 21:40:00+00:00,39222,76144.24,signal,19.076999999998954,0.0,0.0,19.076999999998954,0.27252857142855647,-537.7100000000064,236.97000000000116,-0.768157142857152,0.33852857142857307,12,3600.0,18.0,443.9414285714291,737.0031204784982,newyork,Tue,20,False
712,BTCUSDm,long,2026-02-04 13:50:00+00:00,39416,74959.69,0.1,74259.69,75959.69,700.0,close_below_lower,0.14448509027512815,0.1,75459.69,0.5,0.0,0.0,0.0,,,False,2026-02-04 14:20:00+00:00,39422,75308.85,signal,34.91600000000035,0.0,0.0,34.91600000000035,0.498800000000005,-285.75,371.2299999999959,-0.4082142857142857,0.5303285714285656,6,1800.0,18.0,186.8442857142862,657.2146922897712,overlap,Wed,13,False
713,BTCUSDm,long,2026-02-04 15:00:00+00:00,39430,74274.93,0.1,74274.93,75274.93,700.0,close_below_lower,0.14116173236722698,0.05,74774.93,0.5,0.05,74774.93,25.0,39431.0,2026-02-04 15:05:00+00:00,True,2026-02-04 15:25:00+00:00,39435,74955.77,signal,59.042000000000556,0.0,0.0,59.042000000000556,0.8434571428571508,-559.7099999999919,762.5300000000134,-0.7995857142857027,1.0893285714285905,5,1500.0,18.0,458.29428571428645,673.7598324130677,overlap,Wed,15,False
714,BTCUSDm,long,2026-02-04 15:35:00+00:00,39437,74060.36,0.1,74060.36,75060.36,700.0,close_below_lower,0.006868603280654515,0.05,74560.36,0.5,0.05,74560.36,25.0,39438.0,2026-02-04 15:40:00+00:00,True,2026-02-04 15:45:00+00:00,39439,74060.36,be_stop,25.0,0.0,0.0,25.0,0.35714285714285715,-385.0399999999936,536.3099999999977,-0.5500571428571337,0.7661571428571395,2,600.0,18.0,640.7207142857151,681.6455301640143,overlap,Wed,15,False
715,BTCUSDm,long,2026-02-04 16:40:00+00:00,39450,73087.79,0.1,73087.79,74087.79,700.0,close_below_lower,0.07277879618384193,0.05,73587.79,0.5,0.05,73587.79,25.0,39453.0,2026-02-04 16:55:00+00:00,True,2026-02-04 17:05:00+00:00,39455,73087.79,be_stop,25.0,0.0,0.0,25.0,0.35714285714285715,-140.91999999999825,667.1800000000076,-0.20131428571428323,0.9531142857142966,5,1500.0,18.0,536.9971428571433,703.1120278844272,newyork,Wed,16,False
716,BTCUSDm,long,2026-02-04 17:30:00+00:00,39460,72371.04,0.1,72371.04,73371.04,700.0,close_below_lower,0.18043142238646534,0.05,72871.04,0.5,0.05,72871.04,25.0,39468.0,2026-02-04 18:10:00+00:00,True,2026-02-04 18:15:00+00:00,39469,72702.82,signal,41.58900000000067,0.0,0.0,41.58900000000067,0.594128571428581,-386.8799999999901,756.7300000000105,-0.5526857142857001,1.081042857142872,9,2700.0,18.0,520.4007142857112,722.1431524113498,newyork,Wed,17,False
717,BTCUSDm,short,2026-02-04 18:40:00+00:00,39474,73728.12,0.1,73728.12,72728.12,700.0,close_above_upper,0.2151895869304749,0.05,73228.12,0.5,0.05,73246.12,24.1,39477.0,2026-02-04 18:55:00+00:00,True,2026-02-04 19:00:00+00:00,39478,73746.12,be_stop,23.200000000000003,0.0,0.0,23.200000000000003,0.33142857142857146,-251.8000000000029,504.58000000000175,-0.35971428571428987,0.7208285714285739,4,1200.0,18.0,515.6807142857162,747.6851265726376,newyork,Wed,18,False
718,BTCUSDm,long,2026-02-04 21:50:00+00:00,39512,72089.15,0.1,72089.15,73089.15,700.0,close_below_lower,0.28220070798823627,0.05,72589.15,0.5,0.05,72589.15,25.0,39513.0,2026-02-04 21:55:00+00:00,True,2026-02-04 22:05:00+00:00,39515,72089.15,be_stop,25.0,0.0,0.0,25.0,0.35714285714285715,-26.75999999999476,615.6500000000087,-0.038228571428563944,0.8795000000000125,3,900.0,18.0,269.3121428571415,752.47986578629,rollover,Wed,21,False
719,BTCUSDm,long,2026-02-05 11:25:00+00:00,39675,69939.61,0.1,69939.61,70939.61,700.0,close_below_lower,0.21041283436177335,0.05,70439.61,0.5,0.05,70439.61,25.0,39677.0,2026-02-05 11:35:00+00:00,True,2026-02-05 12:10:00+00:00,39684,69939.61,be_stop,25.0,0.0,0.0,25.0,0.35714285714285715,-149.58000000000175,670.9600000000064,-0.21368571428571678,0.9585142857142949,9,2700.0,18.0,275.31571428571414,788.0803330205114,london,Thu,11,False
720,BTCUSDm,long,2026-02-05 12:20:00+00:00,39686,69362.83,0.1,68662.83,70362.83,700.0,close_below_lower,0.08508487405547349,0.1,69862.83,0.5,0.0,0.0,0.0,,,False,2026-02-05 13:10:00+00:00,39696,69602.84,signal,24.00099999999948,0.0,0.0,24.00099999999948,0.3428714285714211,-336.79000000000815,358.70999999999185,-0.48112857142858306,0.5124428571428455,10,3000.0,18.0,400.98571428571137,766.1542214940608,overlap,Thu,12,False
721,BTCUSDm,short,2026-02-05 14:40:00+00:00,39714,70595.44,0.1,70595.44,69595.44,700.0,close_above_upper,0.15197407691062573,0.05,70095.44,0.5,0.05,70113.44,24.1,39715.0,2026-02-05 14:45:00+00:00,True,2026-02-05 14:55:00+00:00,39717,69850.6,signal,61.34199999999983,0.0,0.0,61.34199999999983,0.8763142857142833,-68.81999999999243,856.25,-0.0983142857142749,1.2232142857142858,3,900.0,18.0,347.3471428571429,700.4676982587712,overlap,Thu,14,False
722,BTCUSDm,long,2026-02-05 15:05:00+00:00,39719,68876.21,0.1,68176.21,69876.21,700.0,close_below_lower,0.3377011026138089,0.1,69376.21,0.5,0.0,0.0,0.0,,,False,2026-02-05 15:10:00+00:00,39720,68176.21,sl,-70.0,0.0,0.0,-70.0,-1.0,-475.95000000001164,20.39999999999418,-0.6799285714285881,0.029142857142848828,1,300.0,18.0,476.6264285714299,696.853940492341,overlap,Thu,15,False
723,BTCUSDm,long,2026-02-05 15:15:00+00:00,39721,67890.91,0.1,67190.91,68890.91,700.0,close_below_lower,1.262038373173426,0.1,68390.91,0.5,0.0,0.0,0.0,,,False,2026-02-05 15:20:00+00:00,39722,67190.91,sl,-70.0,0.0,0.0,-70.0,-1.0,-21.820000000006985,696.3000000000029,-0.03117142857143855,0.9947142857142899,1,300.0,18.0,511.21357142857386,711.9201598233556,overlap,Thu,15,False
724,BTCUSDm,long,2026-02-05 15:25:00+00:00,39723,67477.94,0.1,66777.94,68477.94,700.0,close_below_lower,1.2686222238641445,0.1,67977.94,0.5,0.0,0.0,0.0,,,False,2026-02-05 15:30:00+00:00,39724,66704.25,sl,-77.36900000000024,0.0,0.0,-77.36900000000024,-1.105271428571432,-873.8300000000017,312.38000000000466,-1.248328571428574,0.4462571428571495,1,300.0,18.0,611.6214285714325,727.0755334780611,overlap,Thu,15,False
725,BTCUSDm,long,2026-02-05 15:35:00+00:00,39725,66842.9,0.1,66842.9,67842.9,700.0,close_below_lower,1.3481198079253636,0.05,67342.9,0.5,0.05,67396.29,27.66949999999997,39726.0,2026-02-05 15:40:00+00:00,True,2026-02-05 15:50:00+00:00,39728,67842.9,tp,77.66949999999997,0.0,0.0,77.66949999999997,1.1095642857142853,-115.77999999999884,827.070000000007,-0.16539999999999833,1.1815285714285815,3,900.0,18.0,702.9650000000048,748.1421783029742,overlap,Thu,15,False
726,BTCUSDm,long,2026-02-05 16:10:00+00:00,39732,66844.07,0.1,66844.07,67844.07,700.0,close_below_lower,0.01118701516260822,0.05,67344.07,0.5,0.05,67344.07,25.0,39733.0,2026-02-05 16:15:00+00:00,True,2026-02-05 16:20:00+00:00,39734,67844.07,tp,75.0,0.0,0.0,75.0,1.0714285714285714,-20.69000000000233,723.8199999999924,-0.029557142857146182,1.0340285714285606,2,600.0,18.0,752.6435714285752,763.634313260613,newyork,Thu,16,False
727,BTCUSDm,long,2026-02-05 17:20:00+00:00,39746,66764.0,0.1,66764.0,67764.0,700.0,close_below_lower,0.06234760657216463,0.05,67264.0,0.5,0.05,67462.95,34.947499999999856,39747.0,2026-02-05 17:25:00+00:00,True,2026-02-05 17:30:00+00:00,39748,66764.0,be_stop,34.947499999999856,0.0,0.0,34.947499999999856,0.4992499999999979,-460.4600000000064,770.6199999999953,-0.6578000000000092,1.1008857142857076,2,600.0,18.0,525.2471428571423,786.8500221734291,newyork,Thu,17,False
728,BTCUSDm,long,2026-02-05 17:35:00+00:00,39749,66657.5,0.1,66657.5,67657.5,700.0,close_below_lower,0.01705275785777941,0.05,67157.5,0.5,0.05,67157.5,25.0,39750.0,2026-02-05 17:40:00+00:00,True,2026-02-05 17:45:00+00:00,39751,66657.5,be_stop,25.0,0.0,0.0,25.0,0.35714285714285715,-143.0899999999965,549.3500000000058,-0.20441428571428072,0.7847857142857226,2,600.0,18.0,577.9264285714287,792.4095024609328,newyork,Thu,17,False
729,BTCUSDm,long,2026-02-05 18:00:00+00:00,39754,66075.83,0.1,65375.83,67075.83,700.0,close_below_lower,0.17254919953744421,0.1,66575.83,0.5,0.0,0.0,0.0,,,False,2026-02-05 18:20:00+00:00,39758,65375.83,sl,-70.0,0.0,0.0,-70.0,-1.0,-437.3899999999994,340.8399999999965,-0.6248428571428563,0.48691428571428075,4,1200.0,18.0,609.1492857142855,807.064032079968,newyork,Thu,18,False
730,BTCUSDm,long,2026-02-05 20:20:00+00:00,39782,64136.78,0.1,63436.78,65136.78,700.0,close_below_lower,0.4584616717960869,0.1,64636.78,0.5,0.0,0.0,0.0,,,False,2026-02-05 20:25:00+00:00,39783,63436.78,sl,-70.0,0.0,0.0,-70.0,-1.0,-750.4599999999991,163.77999999999884,-1.072085714285713,0.23397142857142691,1,300.0,18.0,476.82500000000124,845.8814236822901,newyork,Thu,20,False
731,BTCUSDm,long,2026-02-05 20:30:00+00:00,39784,63730.35,0.1,63030.35,64730.35,700.0,close_below_lower,0.5151347760077902,0.1,64230.35,0.5,0.0,0.0,0.0,,,False,2026-02-05 20:35:00+00:00,39785,63030.35,sl,-70.0,0.0,0.0,-70.0,-1.0,-462.9099999999962,133.40000000000146,-0.6612999999999946,0.19057142857143064,1,300.0,18.0,555.2550000000005,856.7483624312773,newyork,Thu,20,False
732,BTCUSDm,long,2026-02-05 20:40:00+00:00,39786,63574.27,0.1,62874.27,64574.27,700.0,close_below_lower,0.28369157864138383,0.1,64074.27,0.5,0.0,0.0,0.0,,,False,2026-02-05 20:50:00+00:00,39788,62874.27,sl,-70.0,0.0,0.0,-70.0,-1.0,-581.5399999999936,436.56000000000495,-0.8307714285714194,0.6236571428571499,2,600.0,18.0,597.2699999999994,867.480970986164,newyork,Thu,20,False
733,BTCUSDm,long,2026-02-05 20:55:00+00:00,39789,62434.23,0.1,62434.23,63434.23,700.0,close_below_lower,0.8924201360619267,0.05,62934.23,0.5,0.05,63619.14,59.245499999999815,39790.0,2026-02-05 21:00:00+00:00,True,2026-02-05 21:00:00+00:00,39790,63619.14,tp,118.49099999999963,0.0,0.0,118.49099999999963,1.6927285714285663,-322.5300000000061,1224.6299999999974,-0.4607571428571516,1.7494714285714248,1,300.0,18.0,689.8807142857144,886.1260277984102,newyork,Thu,20,False
734,BTCUSDm,long,2026-02-06 00:05:00+00:00,39827,62212.44,0.1,61512.44,63212.44,700.0,close_below_lower,0.39465543536792663,0.1,62712.44,0.5,0.0,0.0,0.0,,,False,2026-02-06 00:10:00+00:00,39828,61311.27,sl,-90.11700000000056,0.0,0.0,-90.11700000000056,-1.2873857142857223,-1281.4400000000023,48.419999999998254,-1.8306285714285748,0.06917142857142608,1,300.0,18.0,525.6871428571436,945.373869507728,asian,Fri,0,False
735,BTCUSDm,long,2026-02-06 00:15:00+00:00,39829,60196.52,0.1,60196.52,61196.52,700.0,close_below_lower,1.8311945153519467,0.05,60696.52,0.5,0.05,60696.52,25.0,39830.0,2026-02-06 00:20:00+00:00,True,2026-02-06 00:25:00+00:00,39831,61196.52,tp,75.0,0.0,0.0,75.0,1.0714285714285714,-416.7699999999968,968.6700000000055,-0.5953857142857097,1.3838142857142937,2,600.0,18.0,616.1371428571438,972.6314018546165,asian,Fri,0,False
736,BTCUSDm,short,2026-02-06 00:55:00+00:00,39837,63724.6,0.1,64424.6,62724.6,700.0,close_above_upper,0.4151994545516584,0.1,63224.6,0.5,0.0,0.0,0.0,,,False,2026-02-06 01:05:00+00:00,39839,64442.6,sl,-71.8,0.0,0.0,-71.8,-1.0257142857142856,-471.4400000000023,512.5800000000017,-0.6734857142857176,0.7322571428571454,2,600.0,18.0,961.9392857142853,1018.5564267581691,asian,Fri,0,False
737,BTCUSDm,short,2026-02-06 01:10:00+00:00,39840,64382.67,0.1,65082.67,63382.67,700.0,close_above_upper,0.5230832995182879,0.1,63882.67,0.5,0.0,0.0,0.0,,,False,2026-02-06 01:45:00+00:00,39847,65100.67,sl,-71.8,0.0,0.0,-71.8,-1.0257142857142856,-444.6100000000006,488.3099999999977,-0.6351571428571436,0.6975857142857109,7,2100.0,18.0,1017.4557142857141,1042.1451222154749,asian,Fri,1,False
738,BTCUSDm,short,2026-02-06 01:50:00+00:00,39848,65204.62,0.1,65904.62,64204.62,700.0,close_above_upper,0.1032640264777112,0.1,64704.62,0.5,0.0,0.0,0.0,,,False,2026-02-06 02:00:00+00:00,39850,65922.62,sl,-71.79999999999927,0.0,0.0,-71.79999999999927,-1.025714285714286,-470.1299999999974,201.06000000000495,-0.6716142857142819,0.2872285714285785,2,600.0,18.0,666.0928571428568,1081.5804673766738,asian,Fri,1,False
739,BTCUSDm,short,2026-02-06 05:55:00+00:00,39897,66724.24,0.1,66724.24,65724.24,700.0,close_above_upper,0.04411023245958423,0.05,66224.24,0.5,0.05,66242.24,24.1,39900.0,2026-02-06 06:10:00+00:00,True,2026-02-06 06:15:00+00:00,39901,65742.24,tp,73.2,0.0,0.0,73.2,1.0457142857142858,0.0,653.9900000000052,0.0,0.9342714285714361,4,1200.0,18.0,332.91500000000036,1149.5368447919464,asian,Fri,5,False
740,BTCUSDm,long,2026-02-07 07:15:00+00:00,40201,67917.8,0.1,67917.8,68917.8,700.0,close_below_lower,0.23662406617634849,0.05,68417.8,0.5,0.05,68417.8,25.0,40206.0,2026-02-07 07:40:00+00:00,True,2026-02-07 07:45:00+00:00,40207,67917.8,be_stop,25.0,0.0,0.0,25.0,0.35714285714285715,-644.9499999999971,747.0,-0.9213571428571387,1.0671428571428572,6,1800.0,18.0,357.20499999999964,1214.2443967152444,london,Sat,7,False
741,BTCUSDm,short,2026-02-07 12:20:00+00:00,40262,69799.87,0.1,69799.87,68799.87,700.0,close_above_upper,0.4137246268721555,0.05,69299.87,0.5,0.05,69204.49,29.768999999999508,40263.0,2026-02-07 12:25:00+00:00,True,2026-02-07 12:30:00+00:00,40264,69817.87,be_stop,28.86899999999951,0.0,0.0,28.86899999999951,0.4124142857142787,0.0,714.5299999999988,0.0,1.0207571428571411,2,600.0,18.0,322.8014285714266,1105.5303571780396,overlap,Sat,12,False
742,BTCUSDm,short,2026-02-08 08:35:00+00:00,40504,70647.06,0.1,71347.06,69647.06,700.0,close_above_upper,0.3386531059141528,0.1,70147.06,0.5,0.0,0.0,0.0,,,False,2026-02-08 09:35:00+00:00,40516,70300.43,signal,34.663000000000466,0.0,0.0,34.663000000000466,0.49518571428572095,-9.85000000000582,434.9400000000023,-0.014071428571436886,0.6213428571428604,12,3600.0,18.0,225.97857142856915,671.7767259715018,london,Sun,8,False
743,BTCUSDm,long,2026-02-08 16:50:00+00:00,40603,70364.87,0.1,69664.87,71364.87,700.0,close_below_lower,0.065033858883809,0.1,70864.87,0.5,0.0,0.0,0.0,,,False,2026-02-08 17:20:00+00:00,40609,70733.61,signal,36.87400000000053,0.0,0.0,36.87400000000053,0.5267714285714361,-171.29999999998836,446.72000000000116,-0.2447142857142691,0.6381714285714303,6,1800.0,18.0,182.90071428571432,551.8093483649991,newyork,Sun,16,False
744,BTCUSDm,short,2026-02-08 23:10:00+00:00,40679,71876.38,0.1,71876.38,70876.38,700.0,close_above_upper,0.7381937961027842,0.05,71376.38,0.5,0.05,71329.85,27.326499999999943,40680.0,2026-02-08 23:15:00+00:00,True,2026-02-08 23:20:00+00:00,40681,70894.38,tp,76.42649999999995,0.0,0.0,76.42649999999995,1.091807142857142,0.0,734.5200000000041,0.0,1.0493142857142916,2,600.0,18.0,230.2507142857139,518.6985944712111,rollover,Sun,23,False
745,BTCUSDm,long,2026-02-08 23:25:00+00:00,40682,70336.55,0.1,69636.55,71336.55,700.0,close_below_lower,0.32138829043472955,0.1,70836.55,0.5,0.0,0.0,0.0,,,False,2026-02-09 00:15:00+00:00,40692,70556.2,signal,21.96499999999942,0.0,0.0,21.96499999999942,0.313785714285706,-413.8099999999977,435.3099999999977,-0.5911571428571395,0.6218714285714253,10,3000.0,18.0,353.70142857142804,515.7318078233877,rollover,Sun,23,False
746,BTCUSDm,long,2026-02-09 06:25:00+00:00,40766,70367.91,0.1,69667.91,71367.91,700.0,close_below_lower,0.036210256150344,0.1,70867.91,0.5,0.0,0.0,0.0,,,False,2026-02-09 06:55:00+00:00,40772,70602.63,signal,23.47200000000012,0.0,0.0,23.47200000000012,0.3353142857142874,-136.9600000000064,229.8000000000029,-0.195657142857152,0.32828571428571846,6,1800.0,18.0,168.76285714285768,418.301156146063,asian,Mon,6,False
747,BTCUSDm,long,2026-02-09 08:35:00+00:00,40792,69574.77,0.1,68874.77,70574.77,700.0,close_below_lower,0.7347032195515574,0.1,70074.77,0.5,0.0,0.0,0.0,,,False,2026-02-09 10:30:00+00:00,40815,68874.77,sl,-70.0,0.0,0.0,-70.0,-1.0,-674.2100000000064,483.0199999999895,-0.963157142857152,0.6900285714285564,23,6900.0,18.0,217.26928571428496,423.2283018711063,london,Mon,8,False
748,BTCUSDm,long,2026-02-09 10:35:00+00:00,40816,68663.04,0.1,67963.04,69663.04,700.0,close_below_lower,0.6209681677840129,0.1,69163.04,0.5,0.0,0.0,0.0,,,False,2026-02-09 11:30:00+00:00,40827,68805.69,signal,14.265000000000875,0.0,0.0,14.265000000000875,0.20378571428572678,-318.16999999999825,255.72000000000116,-0.45452857142856895,0.36531428571428737,11,3300.0,18.0,236.2164285714316,432.228823053823,london,Mon,10,False
749,BTCUSDm,long,2026-02-09 14:00:00+00:00,40857,68554.14,0.1,67854.14,69554.14,700.0,close_below_lower,0.014591297704321785,0.1,69054.14,0.5,0.0,0.0,0.0,,,False,2026-02-09 14:30:00+00:00,40863,68929.65,signal,37.550999999999476,0.0,0.0,37.550999999999476,0.5364428571428497,-323.1900000000023,443.5,-0.46170000000000333,0.6335714285714286,6,1800.0,18.0,187.337142857144,439.3399013288265,overlap,Mon,14,False
750,BTCUSDm,short,2026-02-09 14:40:00+00:00,40865,69290.15,0.1,69990.15,68290.15,700.0,close_above_upper,0.10436918187141343,0.1,68790.15,0.5,0.0,0.0,0.0,,,False,2026-02-09 15:25:00+00:00,40874,68967.0,signal,32.31499999999942,0.0,0.0,32.31499999999942,0.46164285714284886,-538.0900000000111,405.81999999999243,-0.7687000000000158,0.5797428571428463,9,2700.0,18.0,316.5835714285713,446.9378780337486,overlap,Mon,14,False
751,BTCUSDm,short,2026-02-09 16:45:00+00:00,40890,69882.66,0.1,70582.66,68882.66,700.0,close_above_upper,0.019219622857978378,0.1,69382.66,0.5,0.0,0.0,0.0,,,False,2026-02-09 17:40:00+00:00,40901,70600.66,sl,-71.8,0.0,0.0,-71.8,-1.0257142857142856,-696.75,63.830000000001746,-0.9953571428571428,0.09118571428571678,11,3300.0,18.0,321.4671428571445,475.36295488608073,newyork,Mon,16,False
752,BTCUSDm,short,2026-02-09 17:45:00+00:00,40902,70798.78,0.1,70798.78,69798.78,700.0,close_above_upper,0.4967753203093774,0.05,70298.78,0.5,0.05,70316.78,24.1,40909.0,2026-02-09 18:20:00+00:00,True,2026-02-09 18:25:00+00:00,40910,70252.98,signal,51.39000000000015,0.0,0.0,51.39000000000015,0.7341428571428593,-173.55999999999767,713.5399999999936,-0.24794285714285383,1.019342857142848,8,2400.0,18.0,333.25214285714384,487.32135432539997,newyork,Mon,17,False
753,BTCUSDm,long,2026-02-09 21:35:00+00:00,40948,69972.69,0.1,69272.69,70972.69,700.0,close_below_lower,0.03239143138182929,0.1,70472.69,0.5,0.0,0.0,0.0,,,False,2026-02-09 21:55:00+00:00,40952,70436.11,signal,46.34199999999983,0.0,0.0,46.34199999999983,0.662028571428569,-201.88000000000466,486.08000000000175,-0.28840000000000665,0.6944000000000025,4,1200.0,18.0,199.6549999999999,511.1547488648849,rollover,Mon,21,False
754,BTCUSDm,short,2026-02-10 14:20:00+00:00,41149,69446.04,0.1,69446.04,68446.04,700.0,close_above_upper,0.03848847861104469,0.05,68946.04,0.5,0.05,68964.04,24.1,41151.0,2026-02-10 14:30:00+00:00,True,2026-02-10 14:35:00+00:00,41152,68464.04,tp,73.2,0.0,0.0,73.2,1.0457142857142858,0.0,514.1199999999953,0.0,0.7344571428571363,3,900.0,18.0,193.97071428571613,509.3199994779153,overlap,Tue,14,False
755,BTCUSDm,long,2026-02-10 14:45:00+00:00,41154,68184.9,0.1,68184.9,69184.9,700.0,close_below_lower,0.43544647174662054,0.05,68684.9,0.5,0.05,68684.9,25.0,41158.0,2026-02-10 15:05:00+00:00,True,2026-02-10 15:10:00+00:00,41159,68892.28,signal,60.369000000000234,0.0,0.0,60.369000000000234,0.862414285714289,-332.4399999999878,928.6700000000128,-0.47491428571426825,1.326671428571447,5,1500.0,18.0,289.64571428571696,513.2956823785296,overlap,Tue,14,False
756,BTCUSDm,long,2026-02-10 18:30:00+00:00,41199,68869.81,0.1,68169.81,69869.81,700.0,close_below_lower,0.32839286441788956,0.1,69369.81,0.5,0.0,0.0,0.0,,,False,2026-02-10 19:35:00+00:00,41212,68935.43,signal,6.561999999999535,0.0,0.0,6.561999999999535,0.0937428571428505,-319.59999999999127,208.60000000000582,-0.4565714285714161,0.2980000000000083,13,3900.0,18.0,228.96642857142848,524.0089389216062,newyork,Tue,18,False
757,BTCUSDm,long,2026-02-11 03:20:00+00:00,41305,68062.6,0.1,67362.6,69062.6,700.0,close_below_lower,0.24266220113288145,0.1,68562.6,0.5,0.0,0.0,0.0,,,False,2026-02-11 04:40:00+00:00,41321,67362.6,sl,-70.0,0.0,0.0,-70.0,-1.0,-686.1000000000058,442.3399999999965,-0.9801428571428654,0.6319142857142808,16,4800.0,18.0,176.11785714285776,514.5293533627037,asian,Wed,3,False
758,BTCUSDm,long,2026-02-11 06:15:00+00:00,41340,66893.12,0.1,66193.12,67893.12,700.0,close_below_lower,0.012372001649756798,0.1,67393.12,0.5,0.0,0.0,0.0,,,False,2026-02-11 07:30:00+00:00,41355,66947.57,signal,5.445000000001165,0.0,0.0,5.445000000001165,0.07778571428573093,-394.8399999999965,233.30999999999767,-0.5640571428571378,0.33329999999999665,15,4500.0,18.0,182.93714285714148,513.487670286891,asian,Wed,6,False
759,BTCUSDm,short,2026-02-11 14:05:00+00:00,41434,67839.53,0.1,68539.53,66839.53,700.0,close_above_upper,0.31745563439148433,0.1,67339.53,0.5,0.0,0.0,0.0,,,False,2026-02-11 14:10:00+00:00,41435,68557.53,sl,-71.8,0.0,0.0,-71.8,-1.0257142857142856,-160.4600000000064,171.67999999999302,-0.22922857142858058,0.24525714285713288,1,300.0,18.0,290.89214285714115,466.55060179292167,overlap,Wed,14,False
760,BTCUSDm,short,2026-02-11 14:15:00+00:00,41436,68407.86,0.1,68407.86,67407.86,700.0,close_above_upper,1.0827436305799765,0.05,67907.86,0.5,0.05,67925.86,24.1,41437.0,2026-02-11 14:20:00+00:00,True,2026-02-11 14:35:00+00:00,41440,67670.77,signal,60.954499999999825,0.0,0.0,60.954499999999825,0.870778571428569,-137.89999999999418,812.7700000000041,-0.19699999999999168,1.1611000000000058,4,1200.0,18.0,361.6935714285698,473.9518818293096,overlap,Wed,14,False
761,BTCUSDm,long,2026-02-11 14:50:00+00:00,41443,66900.39,0.1,66200.39,67900.39,700.0,close_below_lower,0.4033025651926375,0.1,67400.39,0.5,0.0,0.0,0.0,,,False,2026-02-11 15:05:00+00:00,41446,66200.39,sl,-70.0,0.0,0.0,-70.0,-1.0,-621.6999999999971,165.22999999999593,-0.888142857142853,0.2360428571428513,3,900.0,18.0,433.68428571428376,488.84324234341193,overlap,Wed,14,False
762,BTCUSDm,long,2026-02-11 15:10:00+00:00,41447,65911.8,0.1,65911.8,66911.8,700.0,close_below_lower,1.4448670172639,0.05,66411.8,0.5,0.05,66411.8,25.0,41449.0,2026-02-11 15:20:00+00:00,True,2026-02-11 15:25:00+00:00,41450,65911.8,be_stop,25.0,0.0,0.0,25.0,0.35714285714285715,-204.72000000000116,607.8799999999901,-0.2924571428571445,0.8683999999999858,3,900.0,18.0,493.9692857142841,504.45635013578345,overlap,Wed,15,False
763,BTCUSDm,long,2026-02-11 15:30:00+00:00,41451,66166.28,0.1,66166.28,67166.28,700.0,close_below_lower,0.002223629370676474,0.05,66666.28,0.5,0.05,66666.28,25.0,41453.0,2026-02-11 15:40:00+00:00,True,2026-02-11 15:45:00+00:00,41454,66709.49,signal,52.160500000000326,0.0,0.0,52.160500000000326,0.7451500000000046,-97.02999999999884,611.8500000000058,-0.13861428571428405,0.8740714285714369,3,900.0,18.0,485.6714285714271,510.97766705964693,overlap,Wed,15,False
764,BTCUSDm,short,2026-02-11 16:15:00+00:00,41460,67118.03,0.1,67118.03,66118.03,700.0,close_above_upper,0.19104126738564625,0.05,66618.03,0.5,0.05,66636.03,24.1,41462.0,2026-02-11 16:25:00+00:00,True,2026-02-11 16:30:00+00:00,41463,66576.67,signal,51.168000000000035,0.0,0.0,51.168000000000035,0.730971428571429,-35.020000000004075,594.3300000000017,-0.05002857142857725,0.8490428571428597,3,900.0,18.0,442.5935714285702,517.5305584051715,newyork,Wed,16,False
765,BTCUSDm,short,2026-02-11 21:30:00+00:00,41523,68136.03,0.1,68836.03,67136.03,700.0,close_above_upper,0.012471644129148465,0.1,67636.03,0.5,0.0,0.0,0.0,,,False,2026-02-11 22:00:00+00:00,41529,67774.62,signal,36.14100000000035,0.0,0.0,36.14100000000035,0.5163000000000051,-157.0500000000029,408.3500000000058,-0.224357142857147,0.5833571428571511,6,1800.0,18.0,213.24571428571653,541.7292187475246,rollover,Wed,21,False
766,BTCUSDm,long,2026-02-12 15:05:00+00:00,41734,67285.53,0.1,67285.53,68285.53,700.0,close_below_lower,0.0201575035084344,0.05,67785.53,0.5,0.05,67785.53,25.0,41737.0,2026-02-12 15:20:00+00:00,True,2026-02-12 15:25:00+00:00,41738,67775.71,signal,49.509000000000384,0.0,0.0,49.509000000000384,0.7072714285714341,-320.6000000000058,642.8099999999977,-0.4580000000000083,0.9182999999999967,4,1200.0,18.0,328.7549999999974,515.0106837584535,overlap,Thu,15,False
767,BTCUSDm,long,2026-02-12 16:10:00+00:00,41747,66668.34,0.1,65968.34,67668.34,700.0,close_below_lower,0.27188570988638217,0.1,67168.34,0.5,0.0,0.0,0.0,,,False,2026-02-12 16:25:00+00:00,41750,65968.34,sl,-70.0,0.0,0.0,-70.0,-1.0,-517.1900000000023,161.18000000000757,-0.7388428571428605,0.23025714285715368,3,900.0,18.0,369.35214285714443,527.4804804416709,newyork,Thu,16,False
768,BTCUSDm,long,2026-02-12 16:30:00+00:00,41751,66029.63,0.1,65329.63,67029.63,700.0,close_below_lower,0.6326752607012336,0.1,66529.63,0.5,0.0,0.0,0.0,,,False,2026-02-12 17:25:00+00:00,41762,66031.97,signal,0.23399999999965077,0.0,0.0,0.23399999999965077,0.0033428571428521536,-536.060000000005,467.52999999999884,-0.765800000000007,0.6678999999999984,11,3300.0,18.0,362.42642857143176,543.9262343397361,newyork,Thu,16,False
769,BTCUSDm,short,2026-02-13 14:50:00+00:00,42019,67824.29,0.1,68524.29,66824.29,700.0,close_above_upper,0.15561668710604348,0.1,67324.29,0.5,0.0,0.0,0.0,,,False,2026-02-13 15:10:00+00:00,42023,68542.29,sl,-71.8,0.0,0.0,-71.8,-1.0257142857142856,-399.8000000000029,262.04999999998836,-0.5711428571428613,0.37435714285712623,4,1200.0,18.0,265.7242857142836,446.5166939007109,overlap,Fri,14,False
770,BTCUSDm,short,2026-02-13 15:15:00+00:00,42024,68334.69,0.1,69034.69,67334.69,700.0,close_above_upper,0.5739017267797549,0.1,67834.69,0.5,0.0,0.0,0.0,,,False,2026-02-13 15:30:00+00:00,42027,69052.69,sl,-71.8,0.0,0.0,-71.8,-1.0257142857142856,-547.4799999999959,250.57000000000698,-0.7821142857142799,0.35795714285715285,3,900.0,18.0,340.9692857142831,450.8903776215567,overlap,Fri,15,False
771,BTCUSDm,short,2026-02-13 15:35:00+00:00,42028,69024.5,0.1,69024.5,68024.5,700.0,close_above_upper,1.1125338555228297,0.05,68524.5,0.5,0.05,68542.5,24.1,42030.0,2026-02-13 15:45:00+00:00,True,2026-02-13 16:05:00+00:00,42034,69042.5,be_stop,23.200000000000003,0.0,0.0,23.200000000000003,0.33142857142857146,-251.25999999999476,701.75,-0.3589428571428497,1.0025,6,1800.0,18.0,411.28928571428384,464.20261467716284,overlap,Fri,15,False
772,BTCUSDm,short,2026-02-14 11:15:00+00:00,42264,70038.93,0.1,70738.93,69038.93,700.0,close_above_upper,0.06431630112135107,0.1,69538.93,0.5,0.0,0.0,0.0,,,False,2026-02-14 12:35:00+00:00,42280,70219.53,signal,-18.06000000000058,0.0,0.0,-18.06000000000058,-0.2580000000000083,-511.22000000000116,107.68999999998778,-0.7303142857142874,0.15384285714283968,16,4800.0,18.0,85.61428571428716,350.77960208862845,london,Sat,11,False
773,BTCUSDm,long,2026-02-14 12:50:00+00:00,42283,69817.11,0.1,69117.11,70817.11,700.0,close_below_lower,0.14146072480850275,0.1,70317.11,0.5,0.0,0.0,0.0,,,False,2026-02-14 14:20:00+00:00,42301,69504.73,signal,-31.23800000000047,0.0,0.0,-31.23800000000047,-0.44625714285714957,-649.6600000000035,62.38000000000466,-0.9280857142857193,0.08911428571429236,18,5400.0,18.0,171.2378571428583,359.0461558914323,overlap,Sat,12,False
774,BTCUSDm,long,2026-02-14 16:25:00+00:00,42326,69339.75,0.1,68639.75,70339.75,700.0,close_below_lower,0.013236411661964926,0.1,69839.75,0.5,0.0,0.0,0.0,,,False,2026-02-14 16:45:00+00:00,42330,69611.09,signal,27.133999999999652,0.0,0.0,27.133999999999652,0.38762857142856644,-82.14999999999418,300.6100000000006,-0.11735714285713454,0.42944285714285796,4,1200.0,18.0,153.54500000000033,367.3695876197005,newyork,Sat,16,False
775,BTCUSDm,short,2026-02-15 03:50:00+00:00,42463,69854.54,0.1,70554.54,68854.54,700.0,close_above_upper,0.19750250878543002,0.1,69354.54,0.5,0.0,0.0,0.0,,,False,2026-02-15 05:05:00+00:00,42478,70137.76,signal,-28.322000000000116,0.0,0.0,-28.322000000000116,-0.4046000000000017,-636.570000000007,15.809999999997672,-0.9093857142857242,0.022585714285710958,15,4500.0,18.0,146.25999999999996,322.64910706298934,asian,Sun,3,False
776,BTCUSDm,short,2026-02-15 07:20:00+00:00,42505,70747.17,0.1,71447.17,69747.17,700.0,close_above_upper,0.11190919572193403,0.1,70247.17,0.5,0.0,0.0,0.0,,,False,2026-02-15 08:30:00+00:00,42519,70538.04,signal,20.913000000000466,0.0,0.0,20.913000000000466,0.2987571428571495,-189.90000000000873,226.5500000000029,-0.27128571428572673,0.3236428571428613,14,4200.0,18.0,136.09571428571613,340.9932222626892,london,Sun,7,False
777,BTCUSDm,long,2026-02-15 08:35:00+00:00,42520,70256.64,0.1,69556.64,71256.64,700.0,close_below_lower,0.20237587556640665,0.1,70756.64,0.5,0.0,0.0,0.0,,,False,2026-02-15 09:10:00+00:00,42527,70604.03,signal,34.73899999999994,0.0,0.0,34.73899999999994,0.4962714285714277,-114.69000000000233,360.16999999999825,-0.16384285714286048,0.5145285714285689,7,2100.0,18.0,162.933571428574,345.2269035956563,london,Sun,8,False
778,BTCUSDm,long,2026-02-15 12:55:00+00:00,42572,69587.1,0.1,68887.1,70587.1,700.0,close_below_lower,0.936555270128174,0.1,70087.1,0.5,0.0,0.0,0.0,,,False,2026-02-15 13:30:00+00:00,42579,68887.1,sl,-70.0,0.0,0.0,-70.0,-1.0,-619.4200000000128,56.58999999999651,-0.8848857142857326,0.08084285714285215,7,2100.0,18.0,168.67000000000138,302.3734034982029,overlap,Sun,12,False
779,BTCUSDm,long,2026-02-15 13:35:00+00:00,42580,68974.8,0.1,68274.8,69974.8,700.0,close_below_lower,0.871080122401106,0.1,69474.8,0.5,0.0,0.0,0.0,,,False,2026-02-15 14:25:00+00:00,42590,69035.61,signal,6.080999999999768,0.0,0.0,6.080999999999768,0.08687142857142525,-244.9100000000035,103.48999999999069,-0.34987142857143355,0.14784285714284384,10,3000.0,18.0,238.9021428571432,322.28908670244465,overlap,Sun,13,False
780,BTCUSDm,long,2026-02-15 17:50:00+00:00,42631,68276.11,0.1,67576.11,69276.11,700.0,close_below_lower,0.8400503666631,0.1,68776.11,0.5,0.0,0.0,0.0,,,False,2026-02-15 18:25:00+00:00,42638,68715.98,signal,43.98699999999954,0.0,0.0,43.98699999999954,0.6283857142857077,-19.479999999995925,480.16999999999825,-0.027828571428565606,0.6859571428571404,7,2100.0,18.0,135.9185714285725,338.9170735919905,newyork,Sun,17,False
781,BTCUSDm,long,2026-02-15 19:10:00+00:00,42647,68117.35,0.1,67417.35,69117.35,700.0,close_below_lower,0.035807831777230494,0.1,68617.35,0.5,0.0,0.0,0.0,,,False,2026-02-15 19:25:00+00:00,42650,68468.59,signal,35.12399999999907,0.0,0.0,35.12399999999907,0.5017714285714153,-70.65000000000873,385.7299999999959,-0.1009285714285839,0.5510428571428513,3,900.0,18.0,190.62000000000262,347.5223191829661,newyork,Sun,19,False
782,BTCUSDm,long,2026-02-15 23:10:00+00:00,42695,68361.28,0.1,67661.28,69361.28,700.0,close_below_lower,0.2879092625651254,0.1,68861.28,0.5,0.0,0.0,0.0,,,False,2026-02-15 23:55:00+00:00,42704,68728.35,signal,36.7070000000007,0.0,0.0,36.7070000000007,0.5243857142857242,-21.49000000000524,396.91999999999825,-0.030700000000007485,0.5670285714285689,9,2700.0,18.0,153.56071428571263,372.47883568785244,rollover,Sun,23,False
783,BTCUSDm,short,2026-02-16 12:30:00+00:00,42855,69448.22,0.1,70148.22,68448.22,700.0,close_above_upper,0.8082146555575952,0.1,68948.22,0.5,0.0,0.0,0.0,,,False,2026-02-16 13:25:00+00:00,42866,69272.83,signal,17.53899999999994,0.0,0.0,17.53899999999994,0.25055714285714203,-648.5500000000029,236.63999999999942,-0.9265000000000042,0.338057142857142,11,3300.0,18.0,185.4692857142862,351.20160306553277,overlap,Mon,12,False
784,BTCUSDm,long,2026-02-16 13:30:00+00:00,42867,68588.36,0.1,67888.36,69588.36,700.0,close_below_lower,1.1662859007752908,0.1,69088.36,0.5,0.0,0.0,0.0,,,False,2026-02-16 14:25:00+00:00,42878,68602.79,signal,1.4429999999993015,0.0,0.0,1.4429999999993015,0.020614285714275735,-409.3099999999977,269.2100000000064,-0.5847285714285682,0.3845857142857234,11,3300.0,18.0,328.86928571428456,378.6673236786454,overlap,Mon,13,False
785,BTCUSDm,long,2026-02-16 15:35:00+00:00,42892,67414.33,0.1,66714.33,68414.33,700.0,close_below_lower,1.1315314257961266,0.1,67914.33,0.5,0.0,0.0,0.0,,,False,2026-02-16 16:30:00+00:00,42903,67724.38,signal,31.005000000000294,0.0,0.0,31.005000000000294,0.4429285714285756,-173.1999999999971,385.5200000000041,-0.24742857142856728,0.550742857142863,11,3300.0,18.0,259.6114285714294,409.56152644039,overlap,Mon,15,False
786,BTCUSDm,long,2026-02-17 14:40:00+00:00,43169,67587.07,0.1,66887.07,68587.07,700.0,close_below_lower,0.1047364554167546,0.1,68087.07,0.5,0.0,0.0,0.0,,,False,2026-02-17 14:45:00+00:00,43170,66887.07,sl,-70.0,0.0,0.0,-70.0,-1.0,-681.1300000000047,7.429999999993015,-0.9730428571428638,0.010614285714275735,1,300.0,18.0,198.45428571428369,391.0773129374843,overlap,Tue,14,False
787,BTCUSDm,long,2026-02-17 14:50:00+00:00,43171,67057.14,0.1,66357.14,68057.14,700.0,close_below_lower,0.9582490150383269,0.1,67557.14,0.5,0.0,0.0,0.0,,,False,2026-02-17 15:50:00+00:00,43183,67137.83,signal,8.069000000000234,0.0,0.0,8.069000000000234,0.11527142857143191,-495.13000000000466,166.0899999999965,-0.7073285714285781,0.23727142857142358,12,3600.0,18.0,251.22642857142637,398.3704090666914,overlap,Tue,14,False
788,BTCUSDm,short,2026-02-17 16:05:00+00:00,43186,67723.81,0.1,68423.81,66723.81,700.0,close_above_upper,0.46430526154042495,0.1,67223.81,0.5,0.0,0.0,0.0,,,False,2026-02-17 16:50:00+00:00,43195,67567.38,signal,15.642999999999303,0.0,0.0,15.642999999999303,0.2234714285714186,-396.1999999999971,346.77999999999884,-0.5659999999999958,0.49539999999999834,9,2700.0,18.0,290.056428571426,423.06768420156845,newyork,Tue,16,False
789,BTCUSDm,short,2026-02-17 18:45:00+00:00,43218,67926.78,0.1,68626.78,66926.78,700.0,close_above_upper,0.05872546714902634,0.1,67426.78,0.5,0.0,0.0,0.0,,,False,2026-02-17 19:30:00+00:00,43227,67860.83,signal,6.594999999999709,0.0,0.0,6.594999999999709,0.09421428571428156,-274.3099999999977,119.44000000000233,-0.39187142857142526,0.17062857142857477,9,2700.0,18.0,218.08642857142902,445.6105527742838,newyork,Tue,18,False
790,BTCUSDm,long,2026-02-18 11:10:00+00:00,43415,67168.55,0.1,66468.55,68168.55,700.0,close_below_lower,0.775356401470446,0.1,67668.55,0.5,0.0,0.0,0.0,,,False,2026-02-18 12:10:00+00:00,43427,67530.18,signal,36.16299999999901,0.0,0.0,36.16299999999901,0.5166142857142716,-122.76000000000931,486.7700000000041,-0.1753714285714419,0.6953857142857202,12,3600.0,18.0,135.88714285714377,375.36287884117576,london,Wed,11,False
791,BTCUSDm,long,2026-02-18 14:50:00+00:00,43459,66764.78,0.1,66064.78,67764.78,700.0,close_below_lower,0.012782701923541258,0.1,67264.78,0.5,0.0,0.0,0.0,,,False,2026-02-18 14:55:00+00:00,43460,67160.79,signal,39.60099999999948,0.0,0.0,39.60099999999948,0.565728571428564,-22.479999999995925,441.04000000000815,-0.03211428571427989,0.6300571428571545,1,300.0,18.0,206.03785714285394,375.68642672980707,overlap,Wed,14,False
792,BTCUSDm,short,2026-02-18 15:40:00+00:00,43469,68078.56,0.1,68078.56,67078.56,700.0,close_above_upper,0.9712473097598792,0.05,67578.56,0.5,0.05,67596.56,24.1,43472.0,2026-02-18 15:55:00+00:00,True,2026-02-18 16:05:00+00:00,43474,67377.06,signal,59.175000000000004,0.0,0.0,59.175000000000004,0.8453571428571429,-243.75,980.1499999999942,-0.3482142857142857,1.4002142857142774,5,1500.0,18.0,288.0428571428565,378.5126205530572,overlap,Wed,15,False
793,BTCUSDm,long,2026-02-18 16:10:00+00:00,43475,67111.49,0.1,66411.49,68111.49,700.0,close_below_lower,0.10909944309404696,0.1,67611.49,0.5,0.0,0.0,0.0,,,False,2026-02-18 17:10:00+00:00,43487,67275.48,signal,16.39899999999907,0.0,0.0,16.39899999999907,0.23427142857141528,-171.98000000001048,338.8899999999994,-0.24568571428572925,0.4841285714285706,12,3600.0,18.0,289.9628571428569,386.01252043104404,newyork,Wed,16,False
794,BTCUSDm,long,2026-02-18 18:45:00+00:00,43506,66326.25,0.1,65626.25,67326.25,700.0,close_below_lower,0.5033186903275875,0.1,66826.25,0.5,0.0,0.0,0.0,,,False,2026-02-18 20:05:00+00:00,43522,66216.16,signal,-11.008999999999652,0.0,0.0,-11.008999999999652,-0.1572714285714236,-505.7100000000064,256.6000000000058,-0.7224428571428663,0.3665714285714369,16,4800.0,18.0,180.42285714285597,400.6190933755828,newyork,Wed,18,False
795,BTCUSDm,long,2026-02-19 13:45:00+00:00,43734,65942.61,0.1,65242.61,66942.61,700.0,close_below_lower,0.07795019289874452,0.1,66442.61,0.5,0.0,0.0,0.0,,,False,2026-02-19 14:40:00+00:00,43745,66081.63,signal,13.902000000000408,0.0,0.0,13.902000000000408,0.19860000000000583,-340.8000000000029,254.06999999999243,-0.48685714285714704,0.36295714285713204,11,3300.0,18.0,143.29357142856938,321.58218878527646,overlap,Thu,13,False
796,BTCUSDm,short,2026-02-19 14:55:00+00:00,43748,66430.62,0.1,67130.62,65430.62,700.0,close_above_upper,0.2014123007533328,0.1,65930.62,0.5,0.0,0.0,0.0,,,False,2026-02-19 15:15:00+00:00,43752,66074.9,signal,35.572000000000116,0.0,0.0,35.572000000000116,0.5081714285714303,-300.68000000000757,427.70999999999185,-0.42954285714286794,0.6110142857142741,4,1200.0,18.0,250.883571428568,329.68135065585597,overlap,Thu,14,False
797,BTCUSDm,short,2026-02-19 17:20:00+00:00,43777,66932.0,0.1,67632.0,65932.0,700.0,close_above_upper,0.5679275301541271,0.1,66432.0,0.5,0.0,0.0,0.0,,,False,2026-02-19 17:40:00+00:00,43781,66503.56,signal,42.844000000000236,0.0,0.0,42.844000000000236,0.6120571428571462,-15.570000000006985,490.72000000000116,-0.022242857142867122,0.7010285714285731,4,1200.0,18.0,229.45214285714195,341.337198320452,newyork,Thu,17,False
798,BTCUSDm,short,2026-02-20 05:35:00+00:00,43924,67860.26,0.1,68560.26,66860.26,700.0,close_above_upper,0.7168124361673098,0.1,67360.26,0.5,0.0,0.0,0.0,,,False,2026-02-20 06:25:00+00:00,43934,67703.43,signal,15.683000000000176,0.0,0.0,15.683000000000176,0.22404285714285965,-134.0,215.58000000000175,-0.19142857142857142,0.30797142857143106,10,3000.0,18.0,100.65571428571275,321.3915611348332,asian,Fri,5,False
799,BTCUSDm,long,2026-02-20 11:45:00+00:00,43998,67446.15,0.1,66746.15,68446.15,700.0,close_below_lower,0.33898324883634784,0.1,67946.15,0.5,0.0,0.0,0.0,,,False,2026-02-20 12:45:00+00:00,44010,67445.74,signal,-0.04099999999889406,0.0,0.0,-0.04099999999889406,-0.0005857142856984866,-207.1299999999901,138.27000000000407,-0.29589999999998584,0.19752857142857724,12,3600.0,18.0,133.54214285714156,310.3045209471939,london,Fri,11,False
800,BTCUSDm,long,2026-02-20 13:25:00+00:00,44018,67001.7,0.1,66301.7,68001.7,700.0,close_below_lower,0.044386147824438046,0.1,67501.7,0.5,0.0,0.0,0.0,,,False,2026-02-20 14:10:00+00:00,44027,66955.36,signal,-4.633999999999651,0.0,0.0,-4.633999999999651,-0.06619999999999501,-585.5699999999924,192.0899999999965,-0.8365285714285606,0.2744142857142807,9,2700.0,18.0,161.49142857142994,300.0209458163613,overlap,Fri,13,False
801,BTCUSDm,short,2026-02-20 15:05:00+00:00,44038,67414.56,0.1,67414.56,66414.56,700.0,close_above_upper,0.2774242251925975,0.05,66914.56,0.5,0.05,66932.56,24.1,44039.0,2026-02-20 15:10:00+00:00,True,2026-02-20 15:15:00+00:00,44040,66893.55,signal,50.15049999999974,0.0,0.0,50.15049999999974,0.7164357142857105,-49.74000000000524,575.0200000000041,-0.07105714285715034,0.8214571428571487,2,600.0,18.0,283.8378571428569,310.5440899179792,overlap,Fri,15,False
802,BTCUSDm,short,2026-02-20 16:00:00+00:00,44049,67563.78,0.1,68263.78,66563.78,700.0,close_above_upper,0.05880076732492558,0.1,67063.78,0.5,0.0,0.0,0.0,,,False,2026-02-20 16:30:00+00:00,44055,67322.52,signal,24.12599999999948,0.0,0.0,24.12599999999948,0.3446571428571354,-342.0500000000029,274.31999999999243,-0.4886428571428613,0.39188571428570346,6,1800.0,18.0,398.4892857142882,317.25686398227646,newyork,Fri,16,False
803,BTCUSDm,long,2026-02-20 17:15:00+00:00,44064,67059.27,0.1,66359.27,68059.27,700.0,close_below_lower,0.40470207373938316,0.1,67559.27,0.5,0.0,0.0,0.0,,,False,2026-02-20 17:50:00+00:00,44071,67496.54,signal,43.72699999999895,0.0,0.0,43.72699999999895,0.6246714285714136,-131.52999999999884,458.56999999999243,-0.18789999999999835,0.6550999999999891,7,2100.0,18.0,252.44285714285692,333.06479446767725,newyork,Fri,17,False
804,BTCUSDm,long,2026-02-22 13:40:00+00:00,44597,67638.7,0.1,66938.7,68638.7,700.0,close_below_lower,0.5109532348446341,0.1,68138.7,0.5,0.0,0.0,0.0,,,False,2026-02-22 15:25:00+00:00,44618,67453.02,signal,-18.5679999999993,0.0,0.0,-18.5679999999993,-0.26525714285713287,-360.179999999993,60.19000000000233,-0.5145428571428472,0.08598571428571761,21,6300.0,18.0,90.16142857142924,189.52708641997913,overlap,Sun,13,False
805,BTCUSDm,short,2026-02-22 15:40:00+00:00,44621,67773.94,0.1,68473.94,66773.94,700.0,close_above_upper,0.3388591148712993,0.1,67273.94,0.5,0.0,0.0,0.0,,,False,2026-02-22 16:10:00+00:00,44627,67609.79,signal,16.415000000000873,0.0,0.0,16.415000000000873,0.23450000000001248,-20.360000000000582,219.82000000000698,-0.029085714285715117,0.3140285714285814,6,1800.0,18.0,121.86642857142682,202.3530987964976,overlap,Sun,15,False
806,BTCUSDm,long,2026-02-22 17:35:00+00:00,44644,67281.99,0.1,66581.99,68281.99,700.0,close_below_lower,0.23855252002347385,0.1,67781.99,0.5,0.0,0.0,0.0,,,False,2026-02-22 18:10:00+00:00,44651,67396.51,signal,11.451999999998954,0.0,0.0,11.451999999998954,0.16359999999998506,-124.20000000001164,111.58000000000175,-0.17742857142858806,0.15940000000000248,7,2100.0,18.0,83.53071428571482,200.17297587219616,newyork,Sun,17,False
807,BTCUSDm,long,2026-02-23 00:35:00+00:00,44728,67296.5,0.1,66596.5,68296.5,700.0,close_below_lower,0.22747789742174399,0.1,67796.5,0.5,0.0,0.0,0.0,,,False,2026-02-23 01:00:00+00:00,44733,66596.5,sl,-70.0,0.0,0.0,-70.0,-1.0,-616.1199999999953,17.10000000000582,-0.8801714285714219,0.024428571428579744,5,1500.0,18.0,94.46285714285581,193.72113312967724,asian,Mon,0,False
808,BTCUSDm,long,2026-02-23 01:05:00+00:00,44734,66434.99,0.1,65734.99,67434.99,700.0,close_below_lower,2.7024410712746763,0.1,66934.99,0.5,0.0,0.0,0.0,,,False,2026-02-23 01:10:00+00:00,44735,65541.78,sl,-89.32100000000065,0.0,0.0,-89.32100000000065,-1.276014285714295,-1113.6000000000058,10.769999999989523,-1.5908571428571512,0.015385714285699318,1,300.0,18.0,184.7349999999985,207.8921260611967,asian,Mon,1,False
809,BTCUSDm,long,2026-02-23 01:15:00+00:00,44736,65473.56,0.1,64773.56,66473.56,700.0,close_below_lower,5.096000556892159,0.1,65973.56,0.5,0.0,0.0,0.0,,,False,2026-02-23 01:45:00+00:00,44742,64773.56,sl,-70.0,0.0,0.0,-70.0,-1.0,-569.4199999999983,11.569999999999709,-0.8134571428571403,0.016528571428571014,6,1800.0,18.0,276.68785714285644,224.50035271638853,asian,Mon,1,False
810,BTCUSDm,long,2026-02-23 01:50:00+00:00,44743,64670.2,0.1,63970.2,65670.2,700.0,close_below_lower,2.7667973422410306,0.1,65170.2,0.5,0.0,0.0,0.0,,,False,2026-02-23 02:35:00+00:00,44752,64873.05,signal,20.285000000000583,0.0,0.0,20.285000000000583,0.2897857142857226,-386.57999999999447,221.20000000000437,-0.552257142857135,0.3160000000000062,9,2700.0,18.0,417.72142857142745,267.4814923140532,asian,Mon,1,False
811,BTCUSDm,short,2026-02-23 06:40:00+00:00,44801,65604.2,0.1,66304.2,64604.2,700.0,close_above_upper,0.2644816096490522,0.1,65104.2,0.5,0.0,0.0,0.0,,,False,2026-02-23 08:05:00+00:00,44818,65807.12,signal,-20.291999999999828,0.0,0.0,-20.291999999999828,-0.2898857142857118,-393.79000000000815,118.98999999999796,-0.5625571428571545,0.16998571428571138,17,5100.0,18.0,125.72142857142951,301.096768790142,asian,Mon,6,False
812,BTCUSDm,short,2026-02-23 09:35:00+00:00,44836,66127.12,0.1,66827.12,65127.12,700.0,close_above_upper,0.18758399817988236,0.1,65627.12,0.5,0.0,0.0,0.0,,,False,2026-02-23 10:35:00+00:00,44848,66286.19,signal,-15.9070000000007,0.0,0.0,-15.9070000000007,-0.22724285714286716,-461.13000000000466,0.0,-0.6587571428571495,0.0,12,3600.0,18.0,118.45000000000125,315.54133141775833,london,Mon,9,False
813,BTCUSDm,long,2026-02-23 14:50:00+00:00,44899,65655.76,0.1,64955.76,66655.76,700.0,close_below_lower,0.18653903750499948,0.1,66155.76,0.5,0.0,0.0,0.0,,,False,2026-02-23 15:15:00+00:00,44904,65943.83,signal,28.8070000000007,0.0,0.0,28.8070000000007,0.4115285714285814,-44.19999999999709,443.25,-0.06314285714285299,0.6332142857142857,5,1500.0,18.0,190.072142857143,332.59041449930083,overlap,Mon,14,False
814,BTCUSDm,long,2026-02-23 16:05:00+00:00,44914,65419.25,0.1,64719.25,66419.25,700.0,close_below_lower,0.051143204345253004,0.1,65919.25,0.5,0.0,0.0,0.0,,,False,2026-02-23 16:30:00+00:00,44919,65609.57,signal,19.0320000000007,0.0,0.0,19.0320000000007,0.2718857142857243,-273.3000000000029,243.13999999999942,-0.39042857142857557,0.3473428571428563,5,1500.0,18.0,216.29071428571427,339.53273698545837,newyork,Mon,16,False
815,BTCUSDm,long,2026-02-23 17:20:00+00:00,44929,64786.34,0.1,64086.34,65786.34,700.0,close_below_lower,0.671609212830663,0.1,65286.34,0.5,0.0,0.0,0.0,,,False,2026-02-23 18:00:00+00:00,44937,64795.73,signal,0.9390000000006694,0.0,0.0,0.9390000000006694,0.013414285714295277,-663.429999999993,91.82000000000698,-0.9477571428571329,0.13117142857143854,8,2400.0,18.0,235.34357142857075,346.10170603203414,newyork,Mon,17,False
816,BTCUSDm,long,2026-02-23 19:40:00+00:00,44957,64149.12,0.1,63449.12,65149.12,700.0,close_below_lower,0.22241996911127518,0.1,64649.12,0.5,0.0,0.0,0.0,,,False,2026-02-23 20:35:00+00:00,44968,64230.42,signal,8.129999999999564,0.0,0.0,8.129999999999564,0.11614285714285091,-294.26000000000204,203.02999999999884,-0.4203714285714315,0.2900428571428555,11,3300.0,18.0,201.12928571428606,372.7443296513022,newyork,Mon,19,False
817,BTCUSDm,long,2026-02-24 01:15:00+00:00,45024,64325.24,0.1,63625.24,65325.24,700.0,close_below_lower,0.12660595782806067,0.1,64825.24,0.5,0.0,0.0,0.0,,,False,2026-02-24 02:30:00+00:00,45039,64277.56,signal,-4.768000000000029,0.0,0.0,-4.768000000000029,-0.06811428571428613,-938.8899999999994,269.6800000000003,-1.3412714285714278,0.3852571428571433,15,4500.0,18.0,136.02357142857156,410.98008685395655,asian,Tue,1,False
818,BTCUSDm,long,2026-02-24 04:15:00+00:00,45060,63000.75,0.1,62300.75,64000.75,700.0,close_below_lower,0.2719053518885257,0.1,63500.75,0.5,0.0,0.0,0.0,,,False,2026-02-24 05:00:00+00:00,45069,63333.47,signal,33.27200000000012,0.0,0.0,33.27200000000012,0.4753142857142874,-173.8000000000029,368.5699999999997,-0.24828571428571844,0.526528571428571,9,2700.0,18.0,217.73999999999953,452.64346459847513,asian,Tue,4,False
819,BTCUSDm,long,2026-02-24 05:25:00+00:00,45074,62700.17,0.1,62000.17,63700.17,700.0,close_below_lower,0.20668895063385928,0.1,63200.17,0.5,0.0,0.0,0.0,,,False,2026-02-24 06:00:00+00:00,45081,63068.55,signal,36.83800000000047,0.0,0.0,36.83800000000047,0.5262571428571495,-18.0,385.65000000000146,-0.025714285714285714,0.5509285714285735,7,2100.0,18.0,207.21714285714293,462.3997874292817,asian,Tue,5,False
820,BTCUSDm,short,2026-02-24 14:50:00+00:00,45187,63582.54,0.1,64282.54,62582.54,700.0,close_above_upper,0.1695641024278216,0.1,63082.54,0.5,0.0,0.0,0.0,,,False,2026-02-24 16:00:00+00:00,45201,64300.54,sl,-71.8,0.0,0.0,-71.8,-1.0257142857142856,-446.52999999999884,291.0900000000038,-0.6378999999999984,0.41584285714286257,14,4200.0,18.0,223.7942857142859,475.4155505604716,overlap,Tue,14,False
821,BTCUSDm,short,2026-02-24 16:05:00+00:00,45202,64293.57,0.1,64993.57,63293.57,700.0,close_above_upper,0.011871994077626489,0.1,63793.57,0.5,0.0,0.0,0.0,,,False,2026-02-24 16:30:00+00:00,45207,63953.79,signal,33.97799999999989,0.0,0.0,33.97799999999989,0.4853999999999984,-38.41000000000349,429.8799999999974,-0.05487142857143356,0.614114285714282,5,1500.0,18.0,227.93714285714356,498.8429774217284,newyork,Tue,16,False
822,BTCUSDm,short,2026-02-25 01:15:00+00:00,45312,65593.86,0.1,66293.86,64593.86,700.0,close_above_upper,2.1072828103238033,0.1,65093.86,0.5,0.0,0.0,0.0,,,False,2026-02-25 01:20:00+00:00,45313,66311.86,sl,-71.8,0.0,0.0,-71.8,-1.0257142857142856,-402.7700000000041,186.37000000000262,-0.57538571428572,0.2662428571428609,1,300.0,18.0,231.92071428571217,415.32401445207273,asian,Wed,1,False
823,BTCUSDm,short,2026-02-25 01:25:00+00:00,45314,66036.92,0.1,66736.92,65036.92,700.0,close_above_upper,2.2195100389158617,0.1,65536.92,0.5,0.0,0.0,0.0,,,False,2026-02-25 02:35:00+00:00,45328,65956.16,signal,8.075999999999476,0.0,0.0,8.075999999999476,0.11537142857142109,-268.04000000000815,267.25,-0.38291428571429736,0.3817857142857143,14,4200.0,18.0,296.31428571428376,429.3503536600101,asian,Wed,1,False
824,BTCUSDm,short,2026-02-25 13:50:00+00:00,45463,66629.11,0.1,67329.11,65629.11,700.0,close_above_upper,0.10511113581700204,0.1,66129.11,0.5,0.0,0.0,0.0,,,False,2026-02-25 14:40:00+00:00,45473,66262.32,signal,36.67899999999936,0.0,0.0,36.67899999999936,0.5239857142857052,-156.86000000000058,431.9100000000035,-0.2240857142857151,0.6170142857142907,10,3000.0,18.0,183.81857142856876,443.9763862494167,overlap,Wed,13,False
825,BTCUSDm,short,2026-02-25 15:00:00+00:00,45477,66954.76,0.1,67654.76,65954.76,700.0,close_above_upper,0.018423784974699306,0.1,66454.76,0.5,0.0,0.0,0.0,,,False,2026-02-25 16:05:00+00:00,45490,67672.76,sl,-71.8,0.0,0.0,-71.8,-1.0257142857142856,-632.1600000000035,247.02999999999884,-0.9030857142857193,0.3528999999999983,13,3900.0,18.0,246.66142857142717,443.79789031595186,overlap,Wed,15,False
826,BTCUSDm,short,2026-02-25 16:20:00+00:00,45493,67823.61,0.1,68523.61,66823.61,700.0,close_above_upper,0.039803977011648534,0.1,67323.61,0.5,0.0,0.0,0.0,,,False,2026-02-25 17:10:00+00:00,45503,68541.61,sl,-71.8,0.0,0.0,-71.8,-1.0257142857142856,-686.4700000000012,74.47999999999593,-0.9806714285714302,0.10639999999999418,10,3000.0,18.0,244.02857142857206,460.53624041048374,newyork,Wed,16,False
827,BTCUSDm,short,2026-02-25 17:15:00+00:00,45504,68509.07,0.1,69209.07,67509.07,700.0,close_above_upper,0.02650371248734756,0.1,68009.07,0.5,0.0,0.0,0.0,,,False,2026-02-25 18:05:00+00:00,45514,68479.96,signal,2.911000000000058,0.0,0.0,2.911000000000058,0.041585714285715114,-395.00999999999476,229.2100000000064,-0.5642999999999925,0.3274428571428663,10,3000.0,18.0,258.89999999999935,482.86459994649806,newyork,Wed,17,False
828,BTCUSDm,short,2026-02-25 18:30:00+00:00,45519,69348.31,0.1,70048.31,68348.31,700.0,close_above_upper,0.18385653214524608,0.1,68848.31,0.5,0.0,0.0,0.0,,,False,2026-02-25 19:10:00+00:00,45527,69071.35,signal,27.695999999999188,0.0,0.0,27.695999999999188,0.39565714285713127,-227.85000000000582,363.7700000000041,-0.32550000000000834,0.5196714285714344,8,2400.0,18.0,279.39142857143037,499.30519405942596,newyork,Wed,18,False
829,BTCUSDm,long,2026-02-25 22:55:00+00:00,45572,68153.34,0.1,68153.34,69153.34,700.0,close_below_lower,0.29976372532643236,0.05,68653.34,0.5,0.05,68653.34,25.0,45574.0,2026-02-25 23:05:00+00:00,True,2026-02-25 23:30:00+00:00,45579,68153.34,be_stop,25.0,0.0,0.0,25.0,0.35714285714285715,-23.619999999995343,542.1100000000006,-0.03374285714285049,0.774442857142858,7,2100.0,18.0,222.57642857142906,494.15367843629406,rollover,Wed,22,False
830,BTCUSDm,long,2026-02-25 23:45:00+00:00,45582,67721.08,0.1,67021.08,68721.08,700.0,close_below_lower,0.21006657863997055,0.1,68221.08,0.5,0.0,0.0,0.0,,,False,2026-02-26 00:10:00+00:00,45587,68087.47,signal,36.638999999999946,0.0,0.0,36.638999999999946,0.5234142857142849,-79.55999999999767,396.09999999999127,-0.11365714285713953,0.5658571428571304,5,1500.0,18.0,265.6807142857142,498.8026461323662,rollover,Wed,23,False
831,BTCUSDm,long,2026-02-26 14:50:00+00:00,45763,67380.7,0.1,66680.7,68380.7,700.0,close_below_lower,0.06242958135951741,0.1,67880.7,0.5,0.0,0.0,0.0,,,False,2026-02-26 15:45:00+00:00,45774,67354.79,signal,-2.5910000000003492,0.0,0.0,-2.5910000000003492,-0.037014285714290704,-629.8799999999901,404.79000000000815,-0.8998285714285573,0.5782714285714402,11,3300.0,18.0,242.4121428571421,510.6621622075065,overlap,Thu,14,False
832,BTCUSDm,long,2026-02-26 16:55:00+00:00,45788,66619.67,0.1,65919.67,67619.67,700.0,close_below_lower,0.026856908558912578,0.1,67119.67,0.5,0.0,0.0,0.0,,,False,2026-02-26 17:35:00+00:00,45796,66941.27,signal,32.160000000000586,0.0,0.0,32.160000000000586,0.4594285714285798,-133.16999999999825,432.4600000000064,-0.19024285714285466,0.6178000000000091,8,2400.0,18.0,270.5864285714301,528.1588558046305,newyork,Thu,16,False
833,BTCUSDm,short,2026-02-26 19:05:00+00:00,45814,67737.58,0.1,68437.58,66737.58,700.0,close_above_upper,0.1573318580838045,0.1,67237.58,0.5,0.0,0.0,0.0,,,False,2026-02-26 20:30:00+00:00,45831,67575.57,signal,16.20099999999948,0.0,0.0,16.20099999999948,0.23144285714284968,-83.66000000000349,354.11999999999534,-0.11951428571429071,0.5058857142857076,17,5100.0,18.0,236.81785714285797,517.9376356731252,newyork,Thu,19,False
834,BTCUSDm,short,2026-02-27 04:20:00+00:00,45925,68135.38,0.1,68835.38,67135.38,700.0,close_above_upper,0.1892809912738196,0.1,67635.38,0.5,0.0,0.0,0.0,,,False,2026-02-27 05:00:00+00:00,45933,67752.12,signal,38.32600000000093,0.0,0.0,38.32600000000093,0.547514285714299,-10.940000000002328,452.65000000000873,-0.015628571428574756,0.6466428571428696,8,2400.0,18.0,161.0478571428591,487.4599272015214,asian,Fri,4,False
835,BTCUSDm,long,2026-02-27 09:55:00+00:00,45992,67332.5,0.1,66632.5,68332.5,700.0,close_below_lower,0.10542923194620343,0.1,67832.5,0.5,0.0,0.0,0.0,,,False,2026-02-27 10:50:00+00:00,46003,66632.5,sl,-70.0,0.0,0.0,-70.0,-1.0,-689.1999999999971,145.88999999999942,-0.9845714285714244,0.20841428571428489,11,3300.0,18.0,166.41714285714366,444.1643230350695,london,Fri,9,False
836,BTCUSDm,long,2026-02-27 11:40:00+00:00,46013,66141.87,0.1,65441.87,67141.87,700.0,close_below_lower,0.07311619773517686,0.1,66641.87,0.5,0.0,0.0,0.0,,,False,2026-02-27 13:05:00+00:00,46030,66150.57,signal,0.8700000000011642,0.0,0.0,0.8700000000011642,0.01242857142858806,-404.8099999999977,82.02999999999884,-0.5782999999999967,0.11718571428571262,17,5100.0,18.0,183.07285714285743,443.43379126432126,london,Fri,11,False
837,BTCUSDm,long,2026-02-27 16:50:00+00:00,46075,65495.51,0.1,64795.51,66495.51,700.0,close_below_lower,0.06100703705350731,0.1,65995.51,0.5,0.0,0.0,0.0,,,False,2026-02-27 17:55:00+00:00,46088,65503.25,signal,0.7739999999997963,0.0,0.0,0.7739999999997963,0.011057142857139947,-403.3899999999994,174.38999999999214,-0.5762714285714278,0.2491285714285602,13,3900.0,18.0,176.64071428571177,421.95725499016453,newyork,Fri,16,False
838,BTCUSDm,long,2026-02-27 22:35:00+00:00,46144,65005.29,0.1,65005.29,66005.29,700.0,close_below_lower,0.23233642623210857,0.05,65505.29,0.5,0.05,65505.29,25.0,46145.0,2026-02-27 22:40:00+00:00,True,2026-02-27 22:45:00+00:00,46146,65576.7,signal,53.57049999999981,0.0,0.0,53.57049999999981,0.7652928571428544,-23.75,588.1200000000026,-0.033928571428571426,0.8401714285714323,2,600.0,18.0,131.36642857142837,401.33578277881287,rollover,Fri,22,False
839,BTCUSDm,long,2026-02-28 06:20:00+00:00,46237,64963.72,0.1,64263.72,65963.72,700.0,close_below_lower,0.486027847273971,0.1,65463.72,0.5,0.0,0.0,0.0,,,False,2026-02-28 06:30:00+00:00,46239,64263.72,sl,-70.0,0.0,0.0,-70.0,-1.0,-580.9500000000044,302.65000000000146,-0.8299285714285777,0.43235714285714494,2,600.0,18.0,145.10928571428718,388.97540023365093,asian,Sat,6,False
840,BTCUSDm,long,2026-02-28 06:35:00+00:00,46240,64112.12,0.1,63412.12,65112.12,700.0,close_below_lower,1.7958218256057412,0.1,64612.12,0.5,0.0,0.0,0.0,,,False,2026-02-28 06:50:00+00:00,46243,63412.12,sl,-70.0,0.0,0.0,-70.0,-1.0,-541.260000000002,133.6999999999971,-0.7732285714285744,0.19099999999999584,3,900.0,18.0,244.0614285714307,402.8755615103002,asian,Sat,6,False
841,BTCUSDm,long,2026-02-28 06:55:00+00:00,46244,63412.18,0.1,62712.18,64412.18,700.0,close_below_lower,1.8211221621912277,0.1,63912.18,0.5,0.0,0.0,0.0,,,False,2026-02-28 07:35:00+00:00,46252,63831.62,signal,41.94400000000024,0.0,0.0,41.94400000000024,0.5992000000000034,-401.40000000000146,471.83000000000175,-0.5734285714285735,0.6740428571428596,8,2400.0,18.0,345.8785714285722,427.99996275035244,asian,Sat,6,False
842,BTCUSDm,short,2026-02-28 13:50:00+00:00,46327,64514.95,0.1,65214.95,63514.95,700.0,close_above_upper,0.0873942258201127,0.1,64014.95,0.5,0.0,0.0,0.0,,,False,2026-02-28 14:00:00+00:00,46329,65232.95,sl,-71.8,0.0,0.0,-71.8,-1.0257142857142856,-697.9800000000032,124.73999999999796,-0.9971142857142903,0.17819999999999708,2,600.0,18.0,169.94071428571417,411.2500943788889,overlap,Sat,13,False
843,BTCUSDm,short,2026-02-28 14:05:00+00:00,46330,64811.33,0.1,65511.33,63811.33,700.0,close_above_upper,0.17351804503212093,0.1,64311.33,0.5,0.0,0.0,0.0,,,False,2026-02-28 14:50:00+00:00,46339,64775.8,signal,3.5529999999998836,0.0,0.0,3.5529999999998836,0.050757142857141196,-348.23999999999796,175.79000000000087,-0.49748571428571137,0.2511285714285727,9,2700.0,18.0,277.4442857142858,422.1656304234962,overlap,Sat,14,False
844,BTCUSDm,short,2026-02-28 18:55:00+00:00,46388,65978.97,0.1,66678.97,64978.97,700.0,close_above_upper,0.17419494167440192,0.1,65478.97,0.5,0.0,0.0,0.0,,,False,2026-02-28 20:15:00+00:00,46404,66696.97,sl,-71.8,0.0,0.0,-71.8,-1.0257142857142856,-692.4700000000012,385.97000000000116,-0.9892428571428588,0.5513857142857159,16,4800.0,18.0,210.82571428571256,451.29899472710986,newyork,Sat,18,False
845,BTCUSDm,short,2026-02-28 20:25:00+00:00,46406,66940.09,0.1,67640.09,65940.09,700.0,close_above_upper,0.2544606040081299,0.1,66440.09,0.5,0.0,0.0,0.0,,,False,2026-02-28 21:05:00+00:00,46414,66583.77,signal,35.631999999999245,0.0,0.0,35.631999999999245,0.5090285714285606,-232.1999999999971,495.09999999999127,-0.3317142857142816,0.7072857142857019,8,2400.0,18.0,285.6050000000001,471.9923505760616,newyork,Sat,20,False
846,BTCUSDm,short,2026-02-28 22:40:00+00:00,46433,67530.51,0.1,68230.51,66530.51,700.0,close_above_upper,0.24365571007156098,0.1,67030.51,0.5,0.0,0.0,0.0,,,False,2026-03-01 00:00:00+00:00,46437,66978.91,signal,55.15999999999913,0.0,0.0,55.15999999999913,0.7879999999999876,-95.33000000000175,440.41999999999825,-0.13618571428571677,0.629171428571426,4,4800.0,18.0,241.13428571428398,478.29130877639454,rollover,Sat,22,False
847,BTCUSDm,short,2026-03-01 01:50:00+00:00,46459,67387.51,0.1,68087.51,66387.51,700.0,close_above_upper,0.5086333979245284,0.1,66887.51,0.5,0.0,0.0,0.0,,,False,2026-03-01 02:00:00+00:00,46461,68105.51,sl,-71.8,0.0,0.0,-71.8,-1.0257142857142856,-327.2700000000041,200.34999999999127,-0.46752857142857723,0.28621428571427326,2,600.0,18.0,257.08071428571566,506.58990804075165,asian,Sun,1,False
848,BTCUSDm,short,2026-03-01 02:05:00+00:00,46462,68015.69,0.1,68715.69,67015.69,700.0,close_above_upper,1.1400444109919299,0.1,67515.69,0.5,0.0,0.0,0.0,,,False,2026-03-01 03:00:00+00:00,46473,67630.23,signal,38.546000000000646,0.0,0.0,38.546000000000646,0.5506571428571521,-148.77000000000407,413.0,-0.21252857142857726,0.59,11,3300.0,18.0,326.89000000000044,519.8885551376637,asian,Sun,2,False
849,BTCUSDm,long,2026-03-01 08:55:00+00:00,46544,66523.79,0.1,65823.79,67523.79,700.0,close_below_lower,0.16599571010496197,0.1,67023.79,0.5,0.0,0.0,0.0,,,False,2026-03-01 10:15:00+00:00,46560,66510.2,signal,-1.358999999999651,0.0,0.0,-1.358999999999651,-0.019414285714280728,-318.5199999999895,245.24000000000524,-0.45502857142855646,0.3503428571428646,16,4800.0,18.0,164.0299999999999,496.23384865408235,london,Sun,8,False
850,BTCUSDm,short,2026-03-01 13:55:00+00:00,46604,67142.34,0.1,67842.34,66142.34,700.0,close_above_upper,0.4995681814621233,0.1,66642.34,0.5,0.0,0.0,0.0,,,False,2026-03-01 14:45:00+00:00,46614,66852.41,signal,28.992999999999302,0.0,0.0,28.992999999999302,0.41418571428570433,-169.63000000000466,408.6299999999901,-0.24232857142857808,0.5837571428571288,10,3000.0,18.0,187.94571428571362,491.4576348206688,overlap,Sun,13,False
851,BTCUSDm,long,2026-03-01 16:50:00+00:00,46639,66109.66,0.1,65409.66,67109.66,700.0,close_below_lower,0.5627645100866255,0.1,66609.66,0.5,0.0,0.0,0.0,,,False,2026-03-01 18:05:00+00:00,46654,66388.24,signal,27.858000000000175,0.0,0.0,27.858000000000175,0.3979714285714311,-401.570000000007,396.8899999999994,-0.5736714285714386,0.5669857142857134,15,4500.0,18.0,221.49500000000054,509.13262635907984,newyork,Sun,16,False
852,BTCUSDm,short,2026-03-02 00:45:00+00:00,46734,66568.8,0.1,67268.8,65568.8,700.0,close_above_upper,0.01989603732386023,0.1,66068.8,0.5,0.0,0.0,0.0,,,False,2026-03-02 01:50:00+00:00,46747,66503.44,signal,6.536000000000058,0.0,0.0,6.536000000000058,0.0933714285714294,-540.179999999993,212.22000000000116,-0.7716857142857043,0.30317142857143026,13,3900.0,18.0,225.87928571428452,590.0274978414701,asian,Mon,0,False
853,BTCUSDm,short,2026-03-02 14:35:00+00:00,46900,66228.45,0.1,66928.45,65228.45,700.0,close_above_upper,0.14418639857119392,0.1,65728.45,0.5,0.0,0.0,0.0,,,False,2026-03-02 14:45:00+00:00,46902,66946.45,sl,-71.8,0.0,0.0,-71.8,-1.0257142857142856,-448.0100000000093,185.6999999999971,-0.640014285714299,0.26528571428571013,2,600.0,18.0,253.15142857142772,537.5864039975247,overlap,Mon,14,False
854,BTCUSDm,short,2026-03-02 14:50:00+00:00,46903,66974.66,0.1,67674.66,65974.66,700.0,close_above_upper,0.9607531138993161,0.1,66474.66,0.5,0.0,0.0,0.0,,,False,2026-03-02 15:05:00+00:00,46906,67692.66,sl,-71.8,0.0,0.0,-71.8,-1.0257142857142856,-462.77999999999884,148.93000000000757,-0.6611142857142841,0.21275714285715366,3,900.0,18.0,292.86928571428405,549.5093265050159,overlap,Mon,14,False
855,BTCUSDm,short,2026-03-02 15:10:00+00:00,46907,67730.06,0.1,68430.06,66730.06,700.0,close_above_upper,1.1990175131252996,0.1,67230.06,0.5,0.0,0.0,0.0,,,False,2026-03-02 15:15:00+00:00,46908,68448.8,sl,-71.87400000000052,0.0,0.0,-71.87400000000052,-1.026771428571436,-739.9900000000052,11.0,-1.057128571428579,0.015714285714285715,1,300.0,18.0,366.7821428571416,564.4916868569285,overlap,Mon,15,False
856,BTCUSDm,short,2026-03-02 15:20:00+00:00,46909,68368.78,0.1,69068.78,67368.78,700.0,close_above_upper,1.4982994899992883,0.1,67868.78,0.5,0.0,0.0,0.0,,,False,2026-03-02 15:35:00+00:00,46912,69086.78,sl,-71.8,0.0,0.0,-71.8,-1.0257142857142856,-591.7299999999959,0.0,-0.8453285714285657,0.0,3,900.0,18.0,421.34142857142797,580.5921624071108,overlap,Mon,15,False
857,BTCUSDm,short,2026-03-02 15:40:00+00:00,46913,69454.94,0.1,69454.94,68454.94,700.0,close_above_upper,1.6957567504740356,0.05,68954.94,0.5,0.05,68972.94,24.1,46915.0,2026-03-02 15:50:00+00:00,True,2026-03-02 16:05:00+00:00,46918,69472.94,be_stop,23.200000000000003,0.0,0.0,23.200000000000003,0.33142857142857146,-173.80999999999767,663.0599999999977,-0.24829999999999666,0.9472285714285681,5,1500.0,18.0,503.03428571428543,607.3035899737,overlap,Mon,15,False
858,BTCUSDm,short,2026-03-02 16:10:00+00:00,46919,69742.56,0.1,69742.56,68742.56,700.0,close_above_upper,0.46775272879891217,0.05,69242.56,0.5,0.05,69260.56,24.1,46923.0,2026-03-02 16:30:00+00:00,True,2026-03-02 16:40:00+00:00,46925,69205.17,signal,50.969499999999975,0.0,0.0,50.969499999999975,0.7281357142857139,-49.419999999998254,690.6199999999953,-0.07059999999999751,0.9865999999999934,6,1800.0,18.0,485.94500000000073,632.5530090408283,newyork,Mon,16,False
859,BTCUSDm,long,2026-03-03 08:50:00+00:00,47119,67147.25,0.1,66447.25,68147.25,700.0,close_below_lower,0.10201980949481682,0.1,67647.25,0.5,0.0,0.0,0.0,,,False,2026-03-03 09:30:00+00:00,47127,66447.25,sl,-70.0,0.0,0.0,-70.0,-1.0,-584.820000000007,30.789999999993597,-0.8354571428571529,0.04398571428570514,8,2400.0,18.0,176.923571428573,601.7405987409737,london,Tue,8,False
860,BTCUSDm,short,2026-03-03 12:15:00+00:00,47160,67719.19,0.1,67719.19,66719.19,700.0,close_above_upper,0.017657536569416918,0.05,67219.19,0.5,0.05,67237.19,24.1,47169.0,2026-03-03 13:00:00+00:00,True,2026-03-03 13:05:00+00:00,47170,67143.9,signal,52.86450000000041,0.0,0.0,52.86450000000041,0.7552071428571487,-11.179999999993015,596.1800000000076,-0.015971428571418592,0.8516857142857251,10,3000.0,18.0,205.384285714285,612.2989747196402,overlap,Tue,12,False
861,BTCUSDm,long,2026-03-03 14:50:00+00:00,47191,66271.89,0.1,66271.89,67271.89,700.0,close_below_lower,0.05548821187902141,0.05,66771.89,0.5,0.05,66771.89,25.0,47192.0,2026-03-03 14:55:00+00:00,True,2026-03-03 15:15:00+00:00,47196,66850.2,signal,53.91549999999988,0.0,0.0,53.91549999999988,0.7702214285714268,-37.66000000000349,608.6999999999971,-0.05380000000000499,0.8695714285714244,5,1500.0,18.0,334.88571428571595,609.1986587346962,overlap,Tue,14,False
862,BTCUSDm,short,2026-03-03 15:40:00+00:00,47201,67541.68,0.1,68241.68,66541.68,700.0,close_above_upper,0.13417945618233465,0.1,67041.68,0.5,0.0,0.0,0.0,,,False,2026-03-03 16:05:00+00:00,47206,68259.68,sl,-71.8,0.0,0.0,-71.8,-1.0257142857142856,-411.0200000000041,111.54999999998836,-0.5871714285714343,0.15935714285712624,5,1500.0,18.0,437.0078571428572,613.2006087866253,overlap,Tue,15,False
863,BTCUSDm,short,2026-03-03 16:10:00+00:00,47207,68547.48,0.1,68547.48,67547.48,700.0,close_above_upper,0.8109723038947007,0.05,68047.48,0.5,0.05,68065.48,24.1,47212.0,2026-03-03 16:35:00+00:00,True,2026-03-03 16:40:00+00:00,47213,67857.8,signal,58.583999999999655,0.0,0.0,58.583999999999655,0.8369142857142808,-444.7100000000064,765.4099999999889,-0.6353000000000092,1.0934428571428414,6,1800.0,18.0,353.59071428571355,629.3639662809428,newyork,Tue,16,False
864,BTCUSDm,short,2026-03-04 07:50:00+00:00,47395,69411.75,0.1,70111.75,68411.75,700.0,close_above_upper,0.1685658226350187,0.1,68911.75,0.5,0.0,0.0,0.0,,,False,2026-03-04 08:45:00+00:00,47406,70129.75,sl,-71.8,0.0,0.0,-71.8,-1.0257142857142856,-502.2700000000041,288.5399999999936,-0.7175285714285773,0.41219999999999085,11,3300.0,18.0,197.28928571428696,633.1489204150334,london,Wed,7,False
865,BTCUSDm,short,2026-03-04 08:50:00+00:00,47407,70586.25,0.1,71286.25,69586.25,700.0,close_above_upper,0.7733035943103777,0.1,70086.25,0.5,0.0,0.0,0.0,,,False,2026-03-04 09:05:00+00:00,47410,71304.25,sl,-71.8,0.0,0.0,-71.8,-1.0257142857142856,-614.1499999999942,102.94000000000233,-0.8773571428571345,0.1470571428571462,3,900.0,18.0,323.55785714285696,618.741764417252,london,Wed,8,False
866,BTCUSDm,short,2026-03-04 09:10:00+00:00,47411,71013.87,0.1,71713.87,70013.87,700.0,close_above_upper,0.5577365575076532,0.1,70513.87,0.5,0.0,0.0,0.0,,,False,2026-03-04 09:35:00+00:00,47416,71731.87,sl,-71.8,0.0,0.0,-71.8,-1.0257142857142856,-541.9500000000116,107.8799999999901,-0.7742142857143024,0.15411428571427158,5,1500.0,18.0,341.0028571428546,608.0349401568127,london,Wed,9,False
867,BTCUSDm,short,2026-03-04 09:40:00+00:00,47417,71681.15,0.1,72381.15,70681.15,700.0,close_above_upper,0.3657250583903682,0.1,71181.15,0.5,0.0,0.0,0.0,,,False,2026-03-04 10:25:00+00:00,47426,71394.23,signal,28.691999999999826,0.0,0.0,28.691999999999826,0.4098857142857118,-217.1200000000099,353.47000000000116,-0.3101714285714427,0.5049571428571445,9,2700.0,18.0,364.6992857142863,596.512916103296,london,Wed,9,False
868,BTCUSDm,short,2026-03-04 14:35:00+00:00,47476,72428.46,0.1,72428.46,71428.46,700.0,close_above_upper,0.34548794268822247,0.05,71928.46,0.5,0.05,71923.36,25.255000000000294,47477.0,2026-03-04 14:40:00+00:00,True,2026-03-04 14:40:00+00:00,47477,71446.46,tp,74.3550000000003,0.0,0.0,74.3550000000003,1.06221428571429,-32.439999999987776,699.4700000000012,-0.04634285714283968,0.9992428571428588,1,300.0,18.0,260.1564285714308,604.0318117787032,overlap,Wed,14,False
869,BTCUSDm,short,2026-03-04 15:30:00+00:00,47487,72985.15,0.1,73685.15,71985.15,700.0,close_above_upper,0.612565146263488,0.1,72485.15,0.5,0.0,0.0,0.0,,,False,2026-03-04 16:25:00+00:00,47498,72665.8,signal,31.93499999999913,0.0,0.0,31.93499999999913,0.45621428571427325,-557.8000000000029,441.52999999999884,-0.796857142857147,0.6307571428571412,11,3300.0,18.0,462.74928571428507,613.3444329185138,overlap,Wed,15,False
870,BTCUSDm,short,2026-03-05 10:35:00+00:00,47716,73525.95,0.1,74225.95,72525.95,700.0,close_above_upper,0.2707624154526687,0.1,73025.95,0.5,0.0,0.0,0.0,,,False,2026-03-05 11:10:00+00:00,47723,73177.68,signal,34.82700000000041,0.0,0.0,34.82700000000041,0.4975285714285773,-55.51000000000931,456.8799999999901,-0.0793000000000133,0.6526857142857001,7,2100.0,18.0,221.2692857142881,573.6036466151306,london,Thu,10,False
871,BTCUSDm,long,2026-03-05 15:25:00+00:00,47774,71562.12,0.1,70862.12,72562.12,700.0,close_below_lower,0.0471983226866227,0.1,72062.12,0.5,0.0,0.0,0.0,,,False,2026-03-05 16:05:00+00:00,47782,70862.12,sl,-70.0,0.0,0.0,-70.0,-1.0,-397.7899999999936,203.88000000000466,-0.5682714285714194,0.2912571428571495,8,2400.0,18.0,390.40642857143183,583.7561911057314,overlap,Thu,15,False
872,BTCUSDm,long,2026-03-05 16:10:00+00:00,47783,70880.67,0.1,70880.67,71880.67,700.0,close_below_lower,0.17174639136834738,0.05,71380.67,0.5,0.05,71380.67,25.0,47788.0,2026-03-05 16:35:00+00:00,True,2026-03-05 16:40:00+00:00,47789,71436.14,signal,52.773500000000055,0.0,0.0,52.773500000000055,0.7539071428571437,-86.31999999999243,556.5800000000017,-0.1233142857142749,0.7951142857142882,6,1800.0,18.0,372.13714285714275,598.1395926722216,newyork,Thu,16,False
873,BTCUSDm,long,2026-03-06 12:10:00+00:00,48023,69862.37,0.1,69162.37,70862.37,700.0,close_below_lower,0.11765447576430019,0.1,70362.37,0.5,0.0,0.0,0.0,,,False,2026-03-06 13:10:00+00:00,48035,69972.6,signal,11.023000000001048,0.0,0.0,11.023000000001048,0.15747142857144353,-213.61999999999534,333.3099999999977,-0.30517142857142193,0.4761571428571395,12,3600.0,18.0,139.2400000000011,448.1473736360306,overlap,Fri,12,False
874,BTCUSDm,long,2026-03-06 14:00:00+00:00,48045,69229.23,0.1,68529.23,70229.23,700.0,close_below_lower,0.6028734894769752,0.1,69729.23,0.5,0.0,0.0,0.0,,,False,2026-03-06 14:35:00+00:00,48052,68529.23,sl,-70.0,0.0,0.0,-70.0,-1.0,-594.8399999999965,47.25,-0.8497714285714236,0.0675,7,2100.0,18.0,243.9257142857137,448.9579732804049,overlap,Fri,14,False
875,BTCUSDm,long,2026-03-06 14:40:00+00:00,48053,68652.55,0.1,67952.55,69652.55,700.0,close_below_lower,0.22022360923611084,0.1,69152.55,0.5,0.0,0.0,0.0,,,False,2026-03-06 15:20:00+00:00,48061,68772.73,signal,12.017999999999303,0.0,0.0,12.017999999999303,0.1716857142857043,-500.02999999999884,240.91999999999825,-0.7143285714285698,0.3441714285714261,8,2400.0,18.0,343.8114285714255,472.5681703132985,overlap,Fri,14,False
876,BTCUSDm,long,2026-03-06 17:40:00+00:00,48089,67867.82,0.1,67167.82,68867.82,700.0,close_below_lower,0.053973351448977275,0.1,68367.82,0.5,0.0,0.0,0.0,,,False,2026-03-06 18:10:00+00:00,48095,68197.87,signal,33.00499999999884,0.0,0.0,33.00499999999884,0.4714999999999834,-140.43000000000757,387.0899999999965,-0.20061428571429651,0.5529857142857093,6,1800.0,18.0,235.74357142857167,480.97160155494726,newyork,Fri,17,False
877,BTCUSDm,long,2026-03-08 04:55:00+00:00,48512,66633.9,0.1,65933.9,67633.9,700.0,close_below_lower,0.0861363782226253,0.1,67133.9,0.5,0.0,0.0,0.0,,,False,2026-03-08 05:10:00+00:00,48515,66902.61,signal,26.87100000000064,0.0,0.0,26.87100000000064,0.38387142857143774,-97.80999999999767,304.34000000001106,-0.1397285714285681,0.43477142857144435,3,900.0,18.0,98.63642857142882,305.52206289161154,asian,Sun,4,False
878,BTCUSDm,short,2026-03-08 09:15:00+00:00,48563,67745.85,0.1,68445.85,66745.85,700.0,close_above_upper,0.21137040785087963,0.1,67245.85,0.5,0.0,0.0,0.0,,,False,2026-03-08 10:50:00+00:00,48582,67912.96,signal,-16.71100000000006,0.0,0.0,-16.71100000000006,-0.23872857142857226,-442.6499999999942,69.69000000000233,-0.6323571428571345,0.09955714285714619,19,5700.0,18.0,114.15214285714008,251.94790973321176,london,Sun,9,False
879,BTCUSDm,long,2026-03-08 11:10:00+00:00,48586,67565.75,0.1,66865.75,68565.75,700.0,close_below_lower,0.24793528850035446,0.1,68065.75,0.5,0.0,0.0,0.0,,,False,2026-03-08 12:45:00+00:00,48605,67400.16,signal,-16.558999999999653,0.0,0.0,-16.558999999999653,-0.2365571428571379,-688.0,244.0500000000029,-0.9828571428571429,0.3486428571428613,19,5700.0,18.0,134.1728571428591,254.03205101846726,london,Sun,11,False
880,BTCUSDm,long,2026-03-08 13:15:00+00:00,48611,66993.9,0.1,66293.9,67993.9,700.0,close_below_lower,0.270773116961782,0.1,67493.9,0.5,0.0,0.0,0.0,,,False,2026-03-08 13:50:00+00:00,48618,67148.53,signal,15.463000000000466,0.0,0.0,15.463000000000466,0.22090000000000667,-212.0799999999872,203.10000000000582,-0.3029714285714103,0.2901428571428655,7,2100.0,18.0,203.60071428571246,249.02757818466802,overlap,Sun,13,False
881,BTCUSDm,short,2026-03-08 19:35:00+00:00,48687,67324.43,0.1,68024.43,66324.43,700.0,close_above_upper,0.25079300919710895,0.1,66824.43,0.5,0.0,0.0,0.0,,,False,2026-03-08 20:05:00+00:00,48693,67208.96,signal,11.546999999998661,0.0,0.0,11.546999999998661,0.16495714285712373,-148.11000000000058,143.06999999999243,-0.21158571428571513,0.20438571428570348,6,1800.0,18.0,124.44499999999867,255.78371546937393,newyork,Sun,19,False
882,BTCUSDm,long,2026-03-08 21:10:00+00:00,48706,66927.56,0.1,66227.56,67927.56,700.0,close_below_lower,0.12544867615322658,0.1,67427.56,0.5,0.0,0.0,0.0,,,False,2026-03-08 22:00:00+00:00,48716,67004.54,signal,7.697999999999593,0.0,0.0,7.697999999999593,0.10997142857142275,-236.25999999999476,103.02000000000407,-0.3375142857142782,0.1471714285714344,10,3000.0,18.0,158.18571428571573,262.42820732054645,rollover,Sun,21,False
883,BTCUSDm,long,2026-03-08 22:05:00+00:00,48717,65761.76,0.1,65761.76,66761.76,700.0,close_below_lower,3.244938215462564,0.05,66261.76,0.5,0.05,66261.76,25.0,48723.0,2026-03-08 22:35:00+00:00,True,2026-03-08 22:55:00+00:00,48727,66219.65,signal,47.89449999999997,0.0,0.0,47.89449999999997,0.6842071428571425,-153.1999999999971,540.2400000000052,-0.2188571428571387,0.7717714285714361,10,3000.0,18.0,208.39642857143085,267.9339142396577,rollover,Sun,22,False
884,BTCUSDm,short,2026-03-08 23:25:00+00:00,48733,66511.93,0.1,67211.93,65511.93,700.0,close_above_upper,0.0034225560423388744,0.1,66011.93,0.5,0.0,0.0,0.0,,,False,2026-03-08 23:40:00+00:00,48736,66249.64,signal,26.22899999999936,0.0,0.0,26.22899999999936,0.3746999999999909,-46.43000000000757,313.3999999999942,-0.06632857142858224,0.4477142857142774,3,900.0,18.0,251.13714285714377,293.946712831419,rollover,Sun,23,False
885,BTCUSDm,short,2026-03-09 00:40:00+00:00,48748,66537.78,0.1,67237.78,65537.78,700.0,close_above_upper,0.03446043614094518,0.1,66037.78,0.5,0.0,0.0,0.0,,,False,2026-03-09 01:05:00+00:00,48753,66243.56,signal,29.422000000000118,0.0,0.0,29.422000000000118,0.4203142857142874,-28.279999999998836,349.58000000000175,-0.04039999999999834,0.4994000000000025,5,1500.0,18.0,230.3628571428583,300.51190741553796,asian,Mon,0,False
886,BTCUSDm,short,2026-03-09 03:05:00+00:00,48777,66847.71,0.1,67547.71,65847.71,700.0,close_above_upper,0.3775336542448524,0.1,66347.71,0.5,0.0,0.0,0.0,,,False,2026-03-09 03:15:00+00:00,48779,67565.71,sl,-71.8,0.0,0.0,-71.8,-1.0257142857142856,-598.2299999999959,79.08000000000175,-0.8546142857142799,0.11297142857143107,2,600.0,18.0,209.40928571428438,311.656003729559,asian,Mon,3,False
887,BTCUSDm,short,2026-03-09 03:20:00+00:00,48780,67633.29,0.1,67633.29,66633.29,700.0,close_above_upper,1.817459709253213,0.05,67133.29,0.5,0.05,67151.29,24.1,48781.0,2026-03-09 03:25:00+00:00,True,2026-03-09 05:00:00+00:00,48800,67148.19,signal,48.35499999999956,0.0,0.0,48.35499999999956,0.690785714285708,-32.270000000004075,604.1999999999971,-0.046100000000005824,0.863142857142853,20,6000.0,18.0,238.82428571428423,324.6706834061378,asian,Mon,3,False
888,BTCUSDm,short,2026-03-09 05:45:00+00:00,48809,67911.05,0.1,68611.05,66911.05,700.0,close_above_upper,0.48618456473989297,0.1,67411.05,0.5,0.0,0.0,0.0,,,False,2026-03-09 06:15:00+00:00,48815,67627.21,signal,28.383999999999652,0.0,0.0,28.383999999999652,0.40548571428570934,-141.81999999999243,338.77999999999884,-0.20259999999998918,0.4839714285714269,6,1800.0,18.0,176.125714285716,342.6510585242518,asian,Mon,5,False
889,BTCUSDm,short,2026-03-09 09:40:00+00:00,48856,68266.77,0.1,68966.77,67266.77,700.0,close_above_upper,0.049963079374559335,0.1,67766.77,0.5,0.0,0.0,0.0,,,False,2026-03-09 10:00:00+00:00,48860,67983.25,signal,28.35200000000041,0.0,0.0,28.35200000000041,0.4050285714285773,-193.1999999999971,352.58000000000175,-0.27599999999999586,0.5036857142857167,4,1200.0,18.0,181.4885714285712,376.0294753976436,london,Mon,9,False
890,BTCUSDm,short,2026-03-09 13:30:00+00:00,48902,68757.56,0.1,69457.56,67757.56,700.0,close_above_upper,0.3361775912706366,0.1,68257.56,0.5,0.0,0.0,0.0,,,False,2026-03-09 14:40:00+00:00,48916,69475.56,sl,-71.8,0.0,0.0,-71.8,-1.0257142857142856,-682.4499999999971,75.77000000000407,-0.9749285714285673,0.10824285714286297,14,4200.0,18.0,211.68357142857192,399.2294681327475,overlap,Mon,13,False
891,BTCUSDm,short,2026-03-09 19:25:00+00:00,48973,69020.34,0.1,69720.34,68020.34,700.0,close_above_upper,0.03374684985040027,0.1,68520.34,0.5,0.0,0.0,0.0,,,False,2026-03-09 20:25:00+00:00,48985,68994.33,signal,2.6009999999994764,0.0,0.0,2.6009999999994764,0.037157142857135374,-518.5500000000029,231.4899999999907,-0.7407857142857185,0.33069999999998667,12,3600.0,18.0,180.549285714289,446.9126652256283,newyork,Mon,19,False
892,BTCUSDm,short,2026-03-10 00:40:00+00:00,49036,69203.08,0.1,69903.08,68203.08,700.0,close_above_upper,0.09551342137545862,0.1,68703.08,0.5,0.0,0.0,0.0,,,False,2026-03-10 01:20:00+00:00,49044,68914.67,signal,28.84100000000035,0.0,0.0,28.84100000000035,0.4120142857142907,-89.13999999999942,315.58000000000175,-0.1273428571428563,0.4508285714285739,8,2400.0,18.0,142.44285714285692,460.74891303380423,asian,Tue,0,False
893,BTCUSDm,short,2026-03-10 02:35:00+00:00,49059,69991.35,0.1,70691.35,68991.35,700.0,close_above_upper,0.5854229544426763,0.1,69491.35,0.5,0.0,0.0,0.0,,,False,2026-03-10 03:40:00+00:00,49072,70087.2,signal,-9.584999999999127,0.0,0.0,-9.584999999999127,-0.13692857142855897,-592.1199999999953,44.0,-0.8458857142857076,0.06285714285714286,13,3900.0,18.0,198.62000000000262,474.7465407204276,asian,Tue,2,False
894,BTCUSDm,short,2026-03-10 08:10:00+00:00,49126,70921.13,0.1,71621.13,69921.13,700.0,close_above_upper,0.09842923738891624,0.1,70421.13,0.5,0.0,0.0,0.0,,,False,2026-03-10 08:55:00+00:00,49135,70722.48,signal,19.865000000000876,0.0,0.0,19.865000000000876,0.2837857142857268,-174.20999999999185,267.79000000000815,-0.24887142857141692,0.3825571428571545,9,2700.0,18.0,205.79142857142557,504.5015027667832,london,Tue,8,False
895,BTCUSDm,long,2026-03-10 13:40:00+00:00,49192,69790.11,0.1,69090.11,70790.11,700.0,close_below_lower,0.45173622765616767,0.1,70290.11,0.5,0.0,0.0,0.0,,,False,2026-03-10 14:35:00+00:00,49203,69960.56,signal,17.04499999999971,0.0,0.0,17.04499999999971,0.24349999999999586,-566.0,487.1600000000035,-0.8085714285714286,0.6959428571428621,11,3300.0,18.0,195.78071428571482,523.7756759284641,overlap,Tue,13,False
896,BTCUSDm,short,2026-03-10 14:50:00+00:00,49206,70638.27,0.1,71338.27,69638.27,700.0,close_above_upper,0.09833343184938646,0.1,70138.27,0.5,0.0,0.0,0.0,,,False,2026-03-10 14:55:00+00:00,49207,71356.27,sl,-71.8,0.0,0.0,-71.8,-1.0257142857142856,-545.0299999999988,0.0,-0.778614285714284,0.0,1,300.0,18.0,338.33857142857283,547.0505032866382,overlap,Tue,14,False
897,BTCUSDm,short,2026-03-10 15:00:00+00:00,49208,71468.66,0.1,72168.66,70468.66,700.0,close_above_upper,1.1357825450962489,0.1,70968.66,0.5,0.0,0.0,0.0,,,False,2026-03-10 15:50:00+00:00,49218,71107.01,signal,36.16500000000087,0.0,0.0,36.16500000000087,0.5166428571428696,-317.3600000000006,499.77999999999884,-0.4533714285714294,0.7139714285714269,10,3000.0,18.0,351.14285714285717,556.2309421876221,overlap,Tue,15,False
898,BTCUSDm,long,2026-03-10 18:20:00+00:00,49248,70257.47,0.1,69557.47,71257.47,700.0,close_below_lower,0.04927703439479713,0.1,70757.47,0.5,0.0,0.0,0.0,,,False,2026-03-10 19:20:00+00:00,49260,70241.66,signal,-1.5809999999997673,0.0,0.0,-1.5809999999997673,-0.02258571428571096,-398.16999999999825,224.00999999999476,-0.5688142857142833,0.32001428571427826,12,3600.0,18.0,275.71857142857334,558.447693656702,newyork,Tue,18,False
899,BTCUSDm,short,2026-03-11 13:15:00+00:00,49475,69848.43,0.1,70548.43,68848.43,700.0,close_above_upper,0.009633141980757194,0.1,69348.43,0.5,0.0,0.0,0.0,,,False,2026-03-11 13:30:00+00:00,49478,70566.43,sl,-71.8,0.0,0.0,-71.8,-1.0257142857142856,-551.6200000000099,52.229999999995925,-0.7880285714285855,0.07461428571427989,3,900.0,18.0,204.8885714285716,471.0798653114668,overlap,Wed,13,False
900,BTCUSDm,short,2026-03-11 13:35:00+00:00,49479,70725.91,0.1,70725.91,69725.91,700.0,close_above_upper,1.033095714921009,0.05,70225.91,0.5,0.05,70243.91,24.1,49481.0,2026-03-11 13:45:00+00:00,True,2026-03-11 13:55:00+00:00,49483,70002.89,signal,60.251000000000204,0.0,0.0,60.251000000000204,0.8607285714285743,-366.52999999999884,782.75,-0.523614285714284,1.1182142857142856,4,1200.0,18.0,252.0600000000008,484.2189937871461,overlap,Wed,13,False
901,BTCUSDm,short,2026-03-12 09:45:00+00:00,49721,70253.6,0.1,70953.6,69253.6,700.0,close_above_upper,0.09982897568010976,0.1,69753.6,0.5,0.0,0.0,0.0,,,False,2026-03-12 10:10:00+00:00,49726,69897.26,signal,35.63400000000111,0.0,0.0,35.63400000000111,0.5090571428571588,-140.97000000000116,407.7300000000105,-0.20138571428571594,0.5824714285714435,5,1500.0,18.0,140.7457142857134,388.39841184994816,london,Thu,9,False
902,BTCUSDm,long,2026-03-12 14:40:00+00:00,49780,69599.18,0.1,68899.18,70599.18,700.0,close_below_lower,0.328365854910408,0.1,70099.18,0.5,0.0,0.0,0.0,,,False,2026-03-12 15:20:00+00:00,49788,69833.97,signal,23.479000000000816,0.0,0.0,23.479000000000816,0.3354142857142974,-251.9899999999907,289.2600000000093,-0.359985714285701,0.4132285714285847,8,2400.0,18.0,327.1050000000022,377.5942229799453,overlap,Thu,14,False
903,BTCUSDm,short,2026-03-12 15:30:00+00:00,49790,70292.79,0.1,70992.79,69292.79,700.0,close_above_upper,0.23419456683783427,0.1,69792.79,0.5,0.0,0.0,0.0,,,False,2026-03-12 16:10:00+00:00,49798,69995.24,signal,29.754999999998837,0.0,0.0,29.754999999998837,0.42507142857141195,-288.3700000000099,386.7699999999895,-0.411957142857157,0.5525285714285565,8,2400.0,18.0,288.1621428571421,381.7942216748743,overlap,Thu,15,False
904,BTCUSDm,short,2026-03-13 00:15:00+00:00,49895,71123.44,0.1,71823.44,70123.44,700.0,close_above_upper,0.405623929573508,0.1,70623.44,0.5,0.0,0.0,0.0,,,False,2026-03-13 00:30:00+00:00,49898,71841.44,sl,-71.8,0.0,0.0,-71.8,-1.0257142857142856,-633.429999999993,20.389999999999418,-0.90489999999999,0.029128571428570598,3,900.0,18.0,167.28071428571067,394.03969573708196,asian,Fri,0,False
905,BTCUSDm,short,2026-03-13 00:35:00+00:00,49899,71936.21,0.1,71936.21,70936.21,700.0,close_above_upper,1.3758855836810373,0.05,71436.21,0.5,0.05,71454.21,24.1,49901.0,2026-03-13 00:45:00+00:00,True,2026-03-13 01:40:00+00:00,49912,71392.12,signal,51.30450000000056,0.0,0.0,51.30450000000056,0.7329214285714366,-33.879999999990105,707.6200000000099,-0.048399999999985864,1.0108857142857284,13,3900.0,18.0,245.12428571428194,410.02054225091416,asian,Fri,0,False
906,BTCUSDm,short,2026-03-13 08:40:00+00:00,49996,72041.14,0.1,72741.14,71041.14,700.0,close_above_upper,0.12296901120790643,0.1,71541.14,0.5,0.0,0.0,0.0,,,False,2026-03-13 09:15:00+00:00,50003,71779.55,signal,26.15899999999965,0.0,0.0,26.15899999999965,0.37369999999999504,-52.570000000006985,319.91999999999825,-0.07510000000000998,0.45702857142856895,7,2100.0,18.0,160.12571428571496,390.2696235239929,london,Fri,8,False
907,BTCUSDm,short,2026-03-13 10:20:00+00:00,50016,72485.28,0.1,73185.28,71485.28,700.0,close_above_upper,0.16564531824221465,0.1,71985.28,0.5,0.0,0.0,0.0,,,False,2026-03-13 11:10:00+00:00,50026,72351.14,signal,13.413999999999943,0.0,0.0,13.413999999999943,0.19162857142857062,-116.69000000000233,219.05999999999767,-0.16670000000000332,0.3129428571428538,10,3000.0,18.0,150.3507142857166,385.69600298622134,london,Fri,10,False
908,BTCUSDm,short,2026-03-13 13:20:00+00:00,50052,73254.68,0.1,73954.68,72254.68,700.0,close_above_upper,0.5123878551310801,0.1,72754.68,0.5,0.0,0.0,0.0,,,False,2026-03-13 14:45:00+00:00,50069,72984.71,signal,26.996999999998664,0.0,0.0,26.996999999998664,0.3856714285714095,-682.1500000000087,473.7299999999959,-0.9745000000000125,0.6767571428571371,17,5100.0,18.0,217.11071428571555,385.6909371915174,overlap,Fri,13,False
909,BTCUSDm,long,2026-03-13 14:50:00+00:00,50070,72811.19,0.1,72111.19,73811.19,700.0,close_below_lower,0.4547525844580299,0.1,73311.19,0.5,0.0,0.0,0.0,,,False,2026-03-13 15:40:00+00:00,50080,72111.19,sl,-70.0,0.0,0.0,-70.0,-1.0,-606.9300000000076,51.86000000000058,-0.867042857142868,0.07408571428571512,10,3000.0,18.0,299.6657142857127,412.9344473663109,overlap,Fri,14,False
910,BTCUSDm,long,2026-03-13 15:45:00+00:00,50081,72017.32,0.1,71317.32,73017.32,700.0,close_below_lower,0.42005565457084,0.1,72517.32,0.5,0.0,0.0,0.0,,,False,2026-03-13 16:20:00+00:00,50088,71317.32,sl,-70.0,0.0,0.0,-70.0,-1.0,-648.2600000000093,255.97999999999593,-0.9260857142857276,0.36568571428570845,7,2100.0,18.0,327.0328571428576,439.47164832647246,overlap,Fri,15,False
911,BTCUSDm,long,2026-03-13 16:25:00+00:00,50089,71343.68,0.1,71343.68,72343.68,700.0,close_below_lower,0.40678587185220927,0.05,71843.68,0.5,0.05,71843.68,25.0,50091.0,2026-03-13 16:35:00+00:00,True,2026-03-13 16:40:00+00:00,50092,71847.82,signal,50.207000000000704,0.0,0.0,50.207000000000704,0.7172428571428672,-179.0899999999965,548.6700000000128,-0.25584285714285215,0.783814285714304,3,900.0,18.0,298.7200000000022,457.66692954331097,newyork,Fri,16,False
912,BTCUSDm,long,2026-03-13 17:45:00+00:00,50105,71222.64,0.1,70522.64,72222.64,700.0,close_below_lower,0.21159111672154882,0.1,71722.64,0.5,0.0,0.0,0.0,,,False,2026-03-13 18:35:00+00:00,50115,71265.81,signal,4.316999999999825,0.0,0.0,4.316999999999825,0.061671428571426073,-381.31999999999243,96.63000000000466,-0.5447428571428463,0.1380428571428638,10,3000.0,18.0,227.4892857142851,468.57449555361666,newyork,Fri,17,False
913,BTCUSDm,short,2026-03-15 02:50:00+00:00,50502,71614.67,0.1,72314.67,70614.67,700.0,close_above_upper,0.06506656451546296,0.1,71114.67,0.5,0.0,0.0,0.0,,,False,2026-03-15 03:20:00+00:00,50508,71386.49,signal,22.8179999999993,0.0,0.0,22.8179999999993,0.3259714285714186,-14.160000000003492,294.679999999993,-0.020228571428576418,0.4209714285714186,6,1800.0,18.0,135.1971428571456,349.7192755540143,asian,Sun,2,False
914,BTCUSDm,long,2026-03-15 13:10:00+00:00,50626,71435.19,0.1,70735.19,72435.19,700.0,close_below_lower,0.06101560447975604,0.1,71935.19,0.5,0.0,0.0,0.0,,,False,2026-03-15 13:55:00+00:00,50635,71512.93,signal,7.773999999999069,0.0,0.0,7.773999999999069,0.11105714285712956,-170.40000000000873,165.4899999999907,-0.2434285714285839,0.23641428571427242,9,2700.0,18.0,88.02428571428547,217.77825410095517,overlap,Sun,13,False
915,BTCUSDm,short,2026-03-15 17:55:00+00:00,50683,71959.57,0.1,72659.57,70959.57,700.0,close_above_upper,1.0130156588418648,0.1,71459.57,0.5,0.0,0.0,0.0,,,False,2026-03-15 18:40:00+00:00,50692,71717.48,signal,24.209000000001108,0.0,0.0,24.209000000001108,0.345842857142873,-19.089999999996508,269.4200000000128,-0.027271428571423582,0.3848857142857326,9,2700.0,18.0,94.48714285714335,203.28455856936554,newyork,Sun,17,False
916,BTCUSDm,long,2026-03-15 18:50:00+00:00,50694,71448.97,0.1,70748.97,72448.97,700.0,close_below_lower,0.25051137275226615,0.1,71948.97,0.5,0.0,0.0,0.0,,,False,2026-03-15 19:35:00+00:00,50703,71533.68,signal,8.470999999999185,0.0,0.0,8.470999999999185,0.12101428571427407,-131.91999999999825,136.27000000000407,-0.18845714285714035,0.19467142857143438,9,2700.0,18.0,132.11857142857167,204.3844927566618,newyork,Sun,18,False
917,BTCUSDm,short,2026-03-15 20:40:00+00:00,50716,71853.5,0.1,72553.5,70853.5,700.0,close_above_upper,0.4046379094898031,0.1,71353.5,0.5,0.0,0.0,0.0,,,False,2026-03-15 21:10:00+00:00,50722,71685.56,signal,16.794000000000235,0.0,0.0,16.794000000000235,0.23991428571428908,-82.2100000000064,221.27000000000407,-0.11744285714286629,0.3161000000000058,6,1800.0,18.0,85.45857142857234,207.83945549321308,newyork,Sun,20,False
918,BTCUSDm,short,2026-03-15 21:35:00+00:00,50727,71962.25,0.1,72662.25,70962.25,700.0,close_above_upper,0.08501122918784604,0.1,71462.25,0.5,0.0,0.0,0.0,,,False,2026-03-15 22:15:00+00:00,50735,71825.59,signal,13.66600000000035,0.0,0.0,13.66600000000035,0.19522857142857644,-353.08000000000175,189.41999999999825,-0.5044000000000025,0.2705999999999975,8,2400.0,18.0,120.31214285714461,205.23724489416,rollover,Sun,21,False
919,BTCUSDm,short,2026-03-15 22:40:00+00:00,50740,72319.02,0.1,73019.02,71319.02,700.0,close_above_upper,0.5083337854183483,0.1,71819.02,0.5,0.0,0.0,0.0,,,False,2026-03-15 22:50:00+00:00,50742,73037.02,sl,-71.8,0.0,0.0,-71.8,-1.0257142857142856,-238.88999999999942,22.85000000000582,-0.3412714285714277,0.03264285714286546,2,600.0,18.0,212.76142857142986,212.08680481583758,rollover,Sun,22,False
920,BTCUSDm,short,2026-03-15 22:55:00+00:00,50743,72695.08,0.1,73395.08,71695.08,700.0,close_above_upper,1.4700202441429902,0.1,72195.08,0.5,0.0,0.0,0.0,,,False,2026-03-15 23:30:00+00:00,50750,72518.42,signal,17.66600000000035,0.0,0.0,17.66600000000035,0.2523714285714336,-532.6699999999983,223.77000000000407,-0.7609571428571403,0.3196714285714344,7,2100.0,18.0,238.6242857142861,218.67439977026675,rollover,Sun,22,False
921,BTCUSDm,short,2026-03-16 00:05:00+00:00,50757,72936.95,0.1,73636.95,71936.95,700.0,close_above_upper,0.033557408205597494,0.1,72436.95,0.5,0.0,0.0,0.0,,,False,2026-03-16 00:15:00+00:00,50759,72729.72,signal,20.722999999999594,0.0,0.0,20.722999999999594,0.29604285714285133,-45.44000000000233,229.72999999999593,-0.06491428571428905,0.3281857142857085,2,600.0,18.0,232.116428571431,232.31503038970232,asian,Mon,0,False
922,BTCUSDm,short,2026-03-16 01:55:00+00:00,50779,72827.0,0.1,73527.0,71827.0,700.0,close_above_upper,0.07364061672965819,0.1,72327.0,0.5,0.0,0.0,0.0,,,False,2026-03-16 02:20:00+00:00,50784,72592.37,signal,23.463000000000466,0.0,0.0,23.463000000000466,0.33518571428572097,-37.25,251.9600000000064,-0.053214285714285714,0.3599428571428663,5,1500.0,18.0,153.72071428571613,233.2646660422028,asian,Mon,1,False
923,BTCUSDm,short,2026-03-16 03:25:00+00:00,50797,72839.8,0.1,73539.8,71839.8,700.0,close_above_upper,0.1077302839067073,0.1,72339.8,0.5,0.0,0.0,0.0,,,False,2026-03-16 03:30:00+00:00,50798,73557.8,sl,-71.8,0.0,0.0,-71.8,-1.0257142857142856,-47.58999999999651,100.32000000000698,-0.06798571428570929,0.1433142857142957,1,300.0,18.0,121.50642857142937,240.70967372836276,asian,Mon,3,False
924,BTCUSDm,short,2026-03-16 03:35:00+00:00,50799,73714.86,0.1,74414.86,72714.86,700.0,close_above_upper,3.0802320706906605,0.1,73214.86,0.5,0.0,0.0,0.0,,,False,2026-03-16 04:45:00+00:00,50813,73645.02,signal,6.983999999999651,0.0,0.0,6.983999999999651,0.09977142857142358,-603.1000000000058,174.5399999999936,-0.8615714285714369,0.24934285714284798,14,4200.0,18.0,179.29785714285703,246.61311181241638,asian,Mon,3,False
925,BTCUSDm,short,2026-03-16 04:50:00+00:00,50814,73999.38,0.1,74699.38,72999.38,700.0,close_above_upper,0.19863170603085234,0.1,73499.38,0.5,0.0,0.0,0.0,,,False,2026-03-16 05:35:00+00:00,50823,73787.77,signal,21.161000000000058,0.0,0.0,21.161000000000058,0.30230000000000085,-467.0599999999977,297.45000000001164,-0.6672285714285681,0.4249285714285881,9,2700.0,18.0,249.17857142857142,274.5520078959495,asian,Mon,4,False
926,BTCUSDm,long,2026-03-16 08:45:00+00:00,50861,72912.35,0.1,72212.35,73912.35,700.0,close_below_lower,0.7755962434547342,0.1,73412.35,0.5,0.0,0.0,0.0,,,False,2026-03-16 09:30:00+00:00,50870,73279.0,signal,36.66499999999942,0.0,0.0,36.66499999999942,0.523785714285706,-29.080000000001746,374.2399999999907,-0.041542857142859636,0.5346285714285581,9,2700.0,18.0,180.25357142857163,293.3666708523234,london,Mon,8,False
927,BTCUSDm,short,2026-03-16 11:00:00+00:00,50888,73791.71,0.1,74491.71,72791.71,700.0,close_above_upper,0.28577761451496736,0.1,73291.71,0.5,0.0,0.0,0.0,,,False,2026-03-16 11:55:00+00:00,50899,73607.03,signal,18.468000000000757,0.0,0.0,18.468000000000757,0.26382857142858224,-56.279999999998836,288.95000000001164,-0.08039999999999833,0.4127857142857309,11,3300.0,18.0,141.6135714285691,303.6307258198432,london,Mon,11,False
928,BTCUSDm,short,2026-03-16 13:35:00+00:00,50919,74306.96,0.1,75006.96,73306.96,700.0,close_above_upper,0.32031751638824457,0.1,73806.96,0.5,0.0,0.0,0.0,,,False,2026-03-16 13:55:00+00:00,50923,73917.0,signal,38.99600000000064,0.0,0.0,38.99600000000064,0.5570857142857234,-217.17999999999302,415.7600000000093,-0.3102571428571329,0.5939428571428704,4,1200.0,18.0,187.5128571428556,316.3705399195127,overlap,Mon,13,False
929,BTCUSDm,long,2026-03-16 14:30:00+00:00,50930,73646.55,0.1,72946.55,74646.55,700.0,close_below_lower,0.4592790946973968,0.1,74146.55,0.5,0.0,0.0,0.0,,,False,2026-03-16 15:15:00+00:00,50939,73681.93,signal,3.537999999999011,0.0,0.0,3.537999999999011,0.05054285714284301,-664.9600000000064,157.16999999999825,-0.9499428571428663,0.22452857142856894,9,2700.0,18.0,325.4857142857155,326.2680296036825,overlap,Mon,14,False
930,BTCUSDm,short,2026-03-16 18:10:00+00:00,50974,74308.59,0.1,75008.59,73308.59,700.0,close_above_upper,0.16316812039560274,0.1,73808.59,0.5,0.0,0.0,0.0,,,False,2026-03-16 18:55:00+00:00,50983,74018.93,signal,28.96600000000035,0.0,0.0,28.96600000000035,0.413800000000005,-54.48000000001048,346.97000000000116,-0.0778285714285864,0.49567142857143026,9,2700.0,18.0,191.52428571428547,359.8634042372995,newyork,Mon,18,False
931,BTCUSDm,short,2026-03-16 21:05:00+00:00,51009,74446.92,0.1,75146.92,73446.92,700.0,close_above_upper,0.004757551216246112,0.1,73946.92,0.5,0.0,0.0,0.0,,,False,2026-03-16 23:05:00+00:00,51033,74416.05,signal,3.0869999999995343,0.0,0.0,3.0869999999995343,0.044099999999993346,-458.8500000000058,290.8000000000029,-0.6555000000000083,0.4154285714285756,24,7200.0,18.0,123.70571428571358,363.13713601311497,rollover,Mon,21,False
932,BTCUSDm,short,2026-03-17 00:15:00+00:00,51047,75398.03,0.1,75398.03,74398.03,700.0,close_above_upper,0.5556747291009193,0.05,74898.03,0.5,0.05,74916.03,24.1,51049.0,2026-03-17 00:25:00+00:00,True,2026-03-17 01:00:00+00:00,51056,75416.03,be_stop,23.200000000000003,0.0,0.0,23.200000000000003,0.33142857142857146,-116.69999999999709,566.4499999999971,-0.16671428571428157,0.8092142857142816,9,2700.0,18.0,203.05500000000134,388.05151938555207,asian,Tue,0,False
933,BTCUSDm,short,2026-03-17 01:15:00+00:00,51059,75830.35,0.1,76530.35,74830.35,700.0,close_above_upper,0.6887771979793283,0.1,75330.35,0.5,0.0,0.0,0.0,,,False,2026-03-17 01:55:00+00:00,51067,75520.18,signal,31.017000000001282,0.0,0.0,31.017000000001282,0.4431000000000183,-180.68999999998778,385.38000000000466,-0.25812857142855394,0.5505428571428638,8,2400.0,18.0,311.8835714285721,396.54001319211324,asian,Tue,1,False
934,BTCUSDm,long,2026-03-17 03:35:00+00:00,51087,74609.69,0.1,73909.69,75609.69,700.0,close_below_lower,0.14300470188394465,0.1,75109.69,0.5,0.0,0.0,0.0,,,False,2026-03-17 04:15:00+00:00,51095,74674.08,signal,6.438999999999942,0.0,0.0,6.438999999999942,0.09198571428571346,-344.0899999999965,71.91999999999825,-0.49155714285713786,0.10274285714285465,8,2400.0,18.0,168.14214285714115,420.8625913991868,asian,Tue,3,False
935,BTCUSDm,short,2026-03-17 15:05:00+00:00,51225,74688.12,0.1,74688.12,73688.12,700.0,close_above_upper,0.2382838996493492,0.05,74188.12,0.5,0.05,74206.12,24.1,51226.0,2026-03-17 15:10:00+00:00,True,2026-03-17 15:15:00+00:00,51227,74154.27,signal,50.79249999999956,0.0,0.0,50.79249999999956,0.7256071428571366,-44.320000000006985,589.929999999993,-0.06331428571429569,0.8427571428571329,2,600.0,18.0,233.36857142856857,486.853890290596,overlap,Tue,15,False
936,BTCUSDm,long,2026-03-17 22:40:00+00:00,51316,74007.91,0.1,73307.91,75007.91,700.0,close_below_lower,0.2391516229520806,0.1,74507.91,0.5,0.0,0.0,0.0,,,False,2026-03-17 23:10:00+00:00,51322,74370.78,signal,36.28699999999954,0.0,0.0,36.28699999999954,0.5183857142857077,-59.68000000000757,370.5199999999895,-0.08525714285715366,0.5293142857142707,6,1800.0,18.0,135.93000000000237,431.5481804782249,rollover,Tue,22,False
937,BTCUSDm,long,2026-03-18 11:35:00+00:00,51471,73225.31,0.1,72525.31,74225.31,700.0,close_below_lower,0.6560797302668997,0.1,73725.31,0.5,0.0,0.0,0.0,,,False,2026-03-18 12:30:00+00:00,51482,72525.31,sl,-70.0,0.0,0.0,-70.0,-1.0,-562.5,2.110000000000582,-0.8035714285714286,0.003014285714286546,11,3300.0,18.0,169.72999999999905,402.3547487836155,london,Wed,11,False
938,BTCUSDm,long,2026-03-18 12:35:00+00:00,51483,72425.41,0.1,71725.41,73425.41,700.0,close_below_lower,0.294095839415654,0.1,72925.41,0.5,0.0,0.0,0.0,,,False,2026-03-18 13:25:00+00:00,51493,72521.8,signal,9.638999999999943,0.0,0.0,9.638999999999943,0.13769999999999918,-296.3399999999965,122.86000000000058,-0.42334285714285214,0.17551428571428654,10,3000.0,18.0,265.7828571428576,424.88417977323627,overlap,Wed,12,False
939,BTCUSDm,long,2026-03-18 14:30:00+00:00,51506,71659.85,0.1,70959.85,72659.85,700.0,close_below_lower,0.017478597701822803,0.1,72159.85,0.5,0.0,0.0,0.0,,,False,2026-03-18 15:00:00+00:00,51512,70959.85,sl,-70.0,0.0,0.0,-70.0,-1.0,-611.8300000000017,210.51999999998952,-0.8740428571428597,0.30074285714284216,6,1800.0,18.0,229.15642857142979,442.8939735510544,overlap,Wed,14,False
940,BTCUSDm,long,2026-03-18 15:15:00+00:00,51515,71094.22,0.1,70394.22,72094.22,700.0,close_below_lower,0.05298387486791278,0.1,71594.22,0.5,0.0,0.0,0.0,,,False,2026-03-18 15:35:00+00:00,51519,71445.56,signal,35.13399999999965,0.0,0.0,35.13399999999965,0.5019142857142808,-79.19999999999709,412.0200000000041,-0.11314285714285298,0.5886000000000058,4,1200.0,18.0,282.97857142857123,453.69219778330375,overlap,Wed,15,False
941,BTCUSDm,long,2026-03-18 18:55:00+00:00,51559,71096.61,0.1,70396.61,72096.61,700.0,close_below_lower,0.10075135620460902,0.1,71596.61,0.5,0.0,0.0,0.0,,,False,2026-03-18 20:35:00+00:00,51579,71239.72,signal,14.311000000000059,0.0,0.0,14.311000000000059,0.20444285714285798,-612.4199999999983,400.4499999999971,-0.8748857142857118,0.5720714285714245,20,6000.0,18.0,222.8092857142869,438.67848706010705,newyork,Wed,18,False
942,BTCUSDm,long,2026-03-19 07:15:00+00:00,51707,70014.95,0.1,69314.95,71014.95,700.0,close_below_lower,0.44220805129096813,0.1,70514.95,0.5,0.0,0.0,0.0,,,False,2026-03-19 07:55:00+00:00,51715,70231.46,signal,21.651000000000934,0.0,0.0,21.651000000000934,0.30930000000001334,-535.7799999999988,297.0100000000093,-0.7653999999999983,0.4243000000000133,8,2400.0,18.0,173.57357142857032,407.08629364734765,london,Thu,7,False
943,BTCUSDm,short,2026-03-19 13:50:00+00:00,51786,69868.54,0.1,70568.54,68868.54,700.0,close_above_upper,0.008040703426789293,0.1,69368.54,0.5,0.0,0.0,0.0,,,False,2026-03-19 14:15:00+00:00,51791,69514.81,signal,35.37299999999959,0.0,0.0,35.37299999999959,0.5053285714285656,-296.0300000000134,382.90999999998894,-0.42290000000001915,0.5470142857142699,5,1500.0,18.0,254.73499999999953,416.26916276936316,overlap,Thu,13,False
944,BTCUSDm,long,2026-03-19 15:45:00+00:00,51809,68911.99,0.1,68911.99,69911.99,700.0,close_below_lower,0.04861425394883415,0.05,69411.99,0.5,0.05,69411.99,25.0,51810.0,2026-03-19 15:50:00+00:00,True,2026-03-19 15:55:00+00:00,51811,69415.81,signal,50.19099999999962,0.0,0.0,50.19099999999962,0.7170142857142803,-132.75,535.1999999999971,-0.18964285714285714,0.7645714285714245,2,600.0,18.0,247.23714285714337,438.11258567430457,overlap,Thu,15,False
945,BTCUSDm,short,2026-03-19 19:15:00+00:00,51851,70342.8,0.1,71042.8,69342.8,700.0,close_above_upper,0.20108573721794262,0.1,69842.8,0.5,0.0,0.0,0.0,,,False,2026-03-19 21:35:00+00:00,51879,70491.68,signal,-14.88799999999901,0.0,0.0,-14.88799999999901,-0.21268571428570016,-341.6900000000023,198.91999999999825,-0.48812857142857474,0.2841714285714261,28,8400.0,18.0,175.23000000000008,432.5071417358055,newyork,Thu,19,False
946,BTCUSDm,short,2026-03-20 08:10:00+00:00,52006,71146.81,0.1,71846.81,70146.81,700.0,close_above_upper,0.0774467288848899,0.1,70646.81,0.5,0.0,0.0,0.0,,,False,2026-03-20 09:00:00+00:00,52016,71039.95,signal,10.686000000000059,0.0,0.0,10.686000000000059,0.15265714285714369,-212.90000000000873,151.86999999999534,-0.3041428571428696,0.21695714285713621,10,3000.0,18.0,163.7885714285689,415.4032225530568,london,Fri,8,False
947,BTCUSDm,long,2026-03-20 09:25:00+00:00,52021,70459.97,0.1,69759.97,71459.97,700.0,close_below_lower,0.23798104112788887,0.1,70959.97,0.5,0.0,0.0,0.0,,,False,2026-03-20 10:40:00+00:00,52036,70557.49,signal,9.752000000000407,0.0,0.0,9.752000000000407,0.13931428571429152,-263.61999999999534,266.1000000000058,-0.37659999999999333,0.38014285714286544,15,4500.0,18.0,127.87571428571599,410.8734616845174,london,Fri,9,False
948,BTCUSDm,short,2026-03-20 21:20:00+00:00,52164,70504.96,0.1,71204.96,69504.96,700.0,close_above_upper,0.08779637107495636,0.1,70004.96,0.5,0.0,0.0,0.0,,,False,2026-03-20 23:05:00+00:00,52185,70677.24,signal,-17.227999999999884,0.0,0.0,-17.227999999999884,-0.24611428571428406,-403.6299999999901,151.49000000000524,-0.5766142857142715,0.2164142857142932,21,6300.0,14.0,156.59642857142794,425.27564473898826,rollover,Fri,21,False
949,BTCUSDm,long,2026-03-21 23:50:00+00:00,52482,69574.32,0.1,68874.32,70574.32,700.0,close_below_lower,1.0264733839346,0.1,70074.32,0.5,0.0,0.0,0.0,,,False,2026-03-21 23:55:00+00:00,52483,68874.32,sl,-70.0,0.0,0.0,-70.0,-1.0,-675.9200000000128,87.50999999999476,-0.9656000000000183,0.12501428571427822,1,300.0,14.0,98.65928571428438,277.6194428083479,rollover,Sat,23,False
950,BTCUSDm,long,2026-03-22 00:00:00+00:00,52484,68932.13,0.1,68232.13,69932.13,700.0,close_below_lower,2.436116536575948,0.1,69432.13,0.5,0.0,0.0,0.0,,,False,2026-03-22 01:05:00+00:00,52497,69006.75,signal,7.461999999999534,0.0,0.0,7.461999999999534,0.10659999999999335,-709.3700000000099,212.01999999998952,-1.0133857142857283,0.3028857142856993,13,3900.0,14.0,190.86642857142786,287.45830591122166,asian,Sun,0,False
951,BTCUSDm,short,2026-03-22 02:30:00+00:00,52514,69331.65,0.1,70031.65,68331.65,700.0,close_above_upper,0.10335491222376642,0.1,68831.65,0.5,0.0,0.0,0.0,,,False,2026-03-22 03:05:00+00:00,52521,69136.48,signal,19.516999999999825,0.0,0.0,19.516999999999825,0.27881428571428324,-22.220000000001164,229.25,-0.03174285714285881,0.3275,7,2100.0,14.0,128.91785714285652,291.2191986464933,asian,Sun,2,False
952,BTCUSDm,long,2026-03-22 08:30:00+00:00,52586,68619.03,0.1,67919.03,69619.03,700.0,close_below_lower,0.2412620015243015,0.1,69119.03,0.5,0.0,0.0,0.0,,,False,2026-03-22 09:10:00+00:00,52594,68829.75,signal,21.072000000000116,0.0,0.0,21.072000000000116,0.3010285714285731,-72.97000000000116,236.50999999999476,-0.1042428571428588,0.3378714285714211,8,2400.0,14.0,145.9600000000012,255.20192038559986,london,Sun,8,False
953,BTCUSDm,long,2026-03-22 12:00:00+00:00,52628,68221.98,0.1,67521.98,69221.98,700.0,close_below_lower,0.06386322719466254,0.1,68721.98,0.5,0.0,0.0,0.0,,,False,2026-03-22 12:20:00+00:00,52632,68489.59,signal,26.76100000000006,0.0,0.0,26.76100000000006,0.38230000000000086,-45.30999999999767,295.5500000000029,-0.0647285714285681,0.42221428571428987,4,1200.0,14.0,125.52714285714423,244.59845382577552,overlap,Sun,12,False
954,BTCUSDm,short,2026-03-22 13:05:00+00:00,52641,68805.64,0.1,69505.64,67805.64,700.0,close_above_upper,0.010100653929960597,0.1,68305.64,0.5,0.0,0.0,0.0,,,False,2026-03-22 13:35:00+00:00,52647,68690.37,signal,11.527000000000408,0.0,0.0,11.527000000000408,0.1646714285714344,-70.30999999999767,138.44000000000233,-0.10044285714285382,0.1977714285714319,6,1800.0,14.0,128.15714285714057,250.4070887476079,overlap,Sun,13,False
955,BTCUSDm,long,2026-03-22 19:50:00+00:00,52722,68172.73,0.1,67472.73,69172.73,700.0,close_below_lower,0.002440151227670757,0.1,68672.73,0.5,0.0,0.0,0.0,,,False,2026-03-22 20:15:00+00:00,52727,68325.46,signal,15.273000000001048,0.0,0.0,15.273000000001048,0.21818571428572925,-21.019999999989523,191.44000000000233,-0.03002857142855646,0.2734857142857176,5,1500.0,14.0,121.69428571428476,229.80633451524764,newyork,Sun,19,False
956,BTCUSDm,long,2026-03-22 21:10:00+00:00,52738,67852.99,0.1,67152.99,68852.99,700.0,close_below_lower,0.6534751895835634,0.1,68352.99,0.5,0.0,0.0,0.0,,,False,2026-03-22 22:00:00+00:00,52748,67873.87,signal,2.0879999999990106,0.0,0.0,2.0879999999990106,0.029828571428557295,-527.8400000000111,116.20999999999185,-0.7540571428571586,0.16601428571427407,10,3000.0,14.0,143.47642857142742,232.2499929204924,rollover,Sun,21,False
957,BTCUSDm,short,2026-03-22 22:25:00+00:00,52753,68204.89,0.1,68904.89,67204.89,700.0,close_above_upper,0.178255555767833,0.1,67704.89,0.5,0.0,0.0,0.0,,,False,2026-03-22 23:25:00+00:00,52765,68163.15,signal,4.174000000000524,0.0,0.0,4.174000000000524,0.05962857142857892,-246.38000000000466,124.52999999999884,-0.3519714285714352,0.17789999999999834,12,3600.0,14.0,250.38428571428605,244.6112757094246,rollover,Sun,22,False
958,BTCUSDm,long,2026-03-23 00:40:00+00:00,52780,67594.33,0.1,66894.33,68594.33,700.0,close_below_lower,0.28713375511616085,0.1,68094.33,0.5,0.0,0.0,0.0,,,False,2026-03-23 01:10:00+00:00,52786,67849.22,signal,25.488999999999944,0.0,0.0,25.488999999999944,0.36412857142857064,-175.33000000000175,331.72000000000116,-0.25047142857143107,0.47388571428571596,6,1800.0,14.0,179.0949999999991,262.82555498487716,asian,Mon,0,False
959,BTCUSDm,short,2026-03-23 02:30:00+00:00,52802,68239.69,0.1,68939.69,67239.69,700.0,close_above_upper,0.029843307609793587,0.1,67739.69,0.5,0.0,0.0,0.0,,,False,2026-03-23 03:20:00+00:00,52812,68180.16,signal,5.952999999999884,0.0,0.0,5.952999999999884,0.08504285714285549,-329.8000000000029,94.13999999999942,-0.4711428571428613,0.13448571428571346,10,3000.0,14.0,160.4585714285713,271.33770066130404,asian,Mon,2,False
960,BTCUSDm,short,2026-03-23 05:05:00+00:00,52833,68666.49,0.1,69366.49,67666.49,700.0,close_above_upper,0.26909641879483737,0.1,68166.49,0.5,0.0,0.0,0.0,,,False,2026-03-23 06:10:00+00:00,52846,68676.36,signal,-0.9869999999995344,0.0,0.0,-0.9869999999995344,-0.014099999999993349,-218.93999999998778,117.0,-0.3127714285714111,0.16714285714285715,13,3900.0,14.0,111.09142857142953,287.386851723765,asian,Mon,5,False
961,BTCUSDm,long,2026-03-23 06:40:00+00:00,52852,68103.0,0.1,67403.0,69103.0,700.0,close_below_lower,0.5740805513424093,0.1,68603.0,0.5,0.0,0.0,0.0,,,False,2026-03-23 07:35:00+00:00,52863,67952.3,signal,-15.069999999999709,0.0,0.0,-15.069999999999709,-0.21528571428571014,-626.2400000000052,92.60000000000582,-0.8946285714285789,0.1322857142857226,11,3300.0,14.0,154.30285714285648,300.6863448158799,asian,Mon,6,False
962,BTCUSDm,short,2026-03-23 07:45:00+00:00,52865,68300.8,0.1,69000.8,67300.8,700.0,close_above_upper,0.0031783727510984556,0.1,67800.8,0.5,0.0,0.0,0.0,,,False,2026-03-23 08:55:00+00:00,52879,68431.57,signal,-13.077000000000409,0.0,0.0,-13.077000000000409,-0.18681428571429154,-381.8000000000029,45.120000000009895,-0.5454285714285756,0.064457142857157,14,4200.0,14.0,268.59785714285994,325.60127912808446,london,Mon,7,False
963,BTCUSDm,short,2026-03-23 11:10:00+00:00,52906,71185.23,0.1,71185.23,70185.23,700.0,close_above_upper,6.092403073851949,0.05,70685.23,0.5,0.05,70699.23,24.3,52907.0,2026-03-23 11:15:00+00:00,True,2026-03-23 11:30:00+00:00,52910,71199.23,be_stop,23.6,0.0,0.0,23.6,0.3371428571428572,-298.0200000000041,907.0800000000017,-0.425742857142863,1.295828571428574,4,1200.0,14.0,316.8478571428589,350.7837149600748,london,Mon,11,False
964,BTCUSDm,short,2026-03-23 11:35:00+00:00,52911,70986.2,0.1,70986.2,69986.2,700.0,close_above_upper,2.228949875681256,0.05,70486.2,0.5,0.05,70500.2,24.3,52913.0,2026-03-23 11:45:00+00:00,True,2026-03-23 12:00:00+00:00,52916,70119.54,signal,67.63300000000018,0.0,0.0,67.63300000000018,0.9661857142857169,0.0,958.6499999999942,0.0,1.3694999999999917,5,1500.0,14.0,454.14571428571696,393.4857281716502,london,Mon,11,False
965,BTCUSDm,short,2026-03-23 13:45:00+00:00,52937,71189.31,0.1,71889.31,70189.31,700.0,close_above_upper,0.020757237094310477,0.1,70689.31,0.5,0.0,0.0,0.0,,,False,2026-03-23 14:35:00+00:00,52947,71243.9,signal,-5.4589999999996515,0.0,0.0,-5.4589999999996515,-0.0779857142857093,-625.2299999999959,198.1600000000035,-0.8931857142857085,0.28308571428571927,10,3000.0,14.0,254.0721428571425,427.9413504592923,overlap,Mon,13,False
966,BTCUSDm,long,2026-03-23 15:55:00+00:00,52963,70337.48,0.1,69637.48,71337.48,700.0,close_below_lower,0.36832559298835765,0.1,70837.48,0.5,0.0,0.0,0.0,,,False,2026-03-23 16:50:00+00:00,52974,70619.37,signal,28.188999999999943,0.0,0.0,28.188999999999943,0.40269999999999917,-259.52999999999884,401.1100000000006,-0.3707571428571412,0.5730142857142866,11,3300.0,14.0,249.00785714285408,464.61791570854393,overlap,Mon,15,False
967,BTCUSDm,long,2026-03-24 13:55:00+00:00,53227,70075.71,0.1,69375.71,71075.71,700.0,close_below_lower,0.06629980292505111,0.1,70575.71,0.5,0.0,0.0,0.0,,,False,2026-03-24 15:05:00+00:00,53241,69946.6,signal,-12.911000000000058,0.0,0.0,-12.911000000000058,-0.18444285714285796,-605.9700000000012,366.9399999999878,-0.8656714285714302,0.5241999999999826,14,4200.0,14.0,209.0835714285713,486.2866456002737,overlap,Tue,13,False
968,BTCUSDm,short,2026-03-25 08:35:00+00:00,53451,71472.06,0.1,72172.06,70472.06,700.0,close_above_upper,0.09581992031663449,0.1,70972.06,0.5,0.0,0.0,0.0,,,False,2026-03-25 09:25:00+00:00,53461,71215.71,signal,25.634999999999128,0.0,0.0,25.634999999999128,0.3662142857142732,-6.820000000006985,341.27999999999884,-0.009742857142867122,0.4875428571428555,10,3000.0,14.0,151.58142857142957,383.21690242048317,london,Wed,8,False
969,BTCUSDm,long,2026-03-25 12:25:00+00:00,53497,71222.52,0.1,71222.52,72222.52,700.0,close_below_lower,0.2179765893880672,0.05,71722.52,0.5,0.05,71722.52,25.0,53503.0,2026-03-25 12:55:00+00:00,True,2026-03-25 13:00:00+00:00,53504,71695.86,signal,48.66699999999983,0.0,0.0,48.66699999999983,0.6952428571428547,-103.66000000000349,721.9400000000023,-0.1480857142857193,1.0313428571428604,7,2100.0,14.0,188.50857142857006,355.75631957135636,overlap,Wed,12,False
970,BTCUSDm,long,2026-03-25 15:10:00+00:00,53530,70926.39,0.1,70226.39,71926.39,700.0,close_below_lower,0.12969128783284528,0.1,71426.39,0.5,0.0,0.0,0.0,,,False,2026-03-25 16:10:00+00:00,53542,70941.66,signal,1.5270000000004076,0.0,0.0,1.5270000000004076,0.02181428571429154,-379.1100000000006,139.35000000000582,-0.5415857142857151,0.1990714285714369,12,3600.0,14.0,208.4821428571418,368.907316791907,overlap,Wed,15,False
971,BTCUSDm,short,2026-03-25 16:30:00+00:00,53546,71487.98,0.1,72187.98,70487.98,700.0,close_above_upper,0.38349786497415034,0.1,70987.98,0.5,0.0,0.0,0.0,,,False,2026-03-25 17:10:00+00:00,53554,71188.46,signal,29.951999999998954,0.0,0.0,29.951999999998954,0.4278857142856993,-133.8700000000099,340.0500000000029,-0.1912428571428713,0.48578571428571843,8,2400.0,14.0,191.57785714285794,378.21517667837713,newyork,Wed,16,False
972,BTCUSDm,long,2026-03-26 05:55:00+00:00,53707,70080.98,0.1,69380.98,71080.98,700.0,close_below_lower,0.12302869170929559,0.1,70580.98,0.5,0.0,0.0,0.0,,,False,2026-03-26 06:55:00+00:00,53719,70073.67,signal,-0.7309999999997672,0.0,0.0,-0.7309999999997672,-0.010442857142853817,-275.8000000000029,24.74000000000524,-0.3940000000000042,0.03534285714286463,12,3600.0,14.0,125.79857142857198,382.23326607696094,asian,Thu,5,False
973,BTCUSDm,long,2026-03-26 09:35:00+00:00,53751,69448.9,0.1,68748.9,70448.9,700.0,close_below_lower,0.27049408777491346,0.1,69948.9,0.5,0.0,0.0,0.0,,,False,2026-03-26 10:20:00+00:00,53760,69613.35,signal,16.445000000001166,0.0,0.0,16.445000000001166,0.23492857142858808,-83.11000000000058,192.40000000000873,-0.11872857142857227,0.27485714285715535,9,2700.0,14.0,148.04928571428277,361.8974635463035,london,Thu,9,False
974,BTCUSDm,long,2026-03-26 15:15:00+00:00,53817,68917.15,0.1,68217.15,69917.15,700.0,close_below_lower,0.47321796675825517,0.1,69417.15,0.5,0.0,0.0,0.0,,,False,2026-03-26 15:55:00+00:00,53825,69153.88,signal,23.67300000000105,0.0,0.0,23.67300000000105,0.3381857142857293,-343.8600000000006,266.93000000000757,-0.49122857142857224,0.38132857142858223,8,2400.0,14.0,228.58214285714035,332.20553833760897,overlap,Thu,15,False
975,BTCUSDm,long,2026-03-26 18:00:00+00:00,53850,68452.36,0.1,67752.36,69452.36,700.0,close_below_lower,0.252882108356301,0.1,68952.36,0.5,0.0,0.0,0.0,,,False,2026-03-26 18:55:00+00:00,53861,68412.15,signal,-4.02100000000064,0.0,0.0,-4.02100000000064,-0.05744285714286629,-354.27999999999884,110.88000000000466,-0.5061142857142841,0.15840000000000665,11,3300.0,14.0,142.84500000000116,330.3475876173579,newyork,Thu,18,False
976,BTCUSDm,short,2026-03-26 20:15:00+00:00,53877,69138.6,0.1,69838.6,68138.6,700.0,close_above_upper,0.7708087373433845,0.1,68638.6,0.5,0.0,0.0,0.0,,,False,2026-03-26 21:00:00+00:00,53886,68961.59,signal,17.70100000000093,0.0,0.0,17.70100000000093,0.2528714285714419,-152.25,266.58000000000175,-0.2175,0.3808285714285739,9,2700.0,14.0,185.24357142857065,344.0161753784978,newyork,Thu,20,False
977,BTCUSDm,long,2026-03-27 04:10:00+00:00,53972,68310.95,0.1,67610.95,69310.95,700.0,close_below_lower,0.21390746330474647,0.1,68810.95,0.5,0.0,0.0,0.0,,,False,2026-03-27 04:50:00+00:00,53980,68562.91,signal,25.19600000000064,0.0,0.0,25.19600000000064,0.3599428571428663,-48.44000000000233,277.070000000007,-0.06920000000000333,0.39581428571429567,8,2400.0,14.0,124.31857142857292,344.0518171562585,asian,Fri,4,False
978,BTCUSDm,long,2026-03-27 08:40:00+00:00,54026,67646.97,0.1,66946.97,68646.97,700.0,close_below_lower,1.1441042057043957,0.1,68146.97,0.5,0.0,0.0,0.0,,,False,2026-03-27 09:30:00+00:00,54036,67892.37,signal,24.53999999999942,0.0,0.0,24.53999999999942,0.35057142857142026,-153.75,360.2899999999936,-0.21964285714285714,0.5146999999999908,10,3000.0,14.0,167.58285714285634,335.4507001448305,london,Fri,8,False
979,BTCUSDm,long,2026-03-27 10:40:00+00:00,54050,66963.56,0.1,66263.56,67963.56,700.0,close_below_lower,1.037525488083674,0.1,67463.56,0.5,0.0,0.0,0.0,,,False,2026-03-27 11:00:00+00:00,54054,66263.56,sl,-70.0,0.0,0.0,-70.0,-1.0,-694.3099999999977,49.919999999998254,-0.9918714285714253,0.07131428571428322,4,1200.0,14.0,172.23785714285623,329.07390522782646,london,Fri,10,False
980,BTCUSDm,long,2026-03-27 11:05:00+00:00,54055,66432.49,0.1,65732.49,67432.49,700.0,close_below_lower,1.0754057651863471,0.1,66932.49,0.5,0.0,0.0,0.0,,,False,2026-03-27 11:45:00+00:00,54063,66727.93,signal,29.54399999999878,0.0,0.0,29.54399999999878,0.4220571428571254,-76.82000000000698,305.40999999998894,-0.10974285714286712,0.4362999999999842,8,2400.0,14.0,235.9314285714281,347.7439904761669,london,Fri,11,False
981,BTCUSDm,long,2026-03-27 14:25:00+00:00,54095,65889.82,0.1,65189.82,66889.82,700.0,close_below_lower,0.14907546156043025,0.1,66389.82,0.5,0.0,0.0,0.0,,,False,2026-03-27 15:00:00+00:00,54102,66158.85,signal,26.902999999999885,0.0,0.0,26.902999999999885,0.3843285714285698,-216.48000000001048,308.1499999999942,-0.30925714285715783,0.4402142857142774,7,2100.0,14.0,223.87714285714173,353.6783056532464,overlap,Fri,14,False
982,BTCUSDm,short,2026-03-28 13:45:00+00:00,54375,66891.58,0.1,67591.58,65891.58,700.0,close_above_upper,0.2904441477868155,0.1,66391.58,0.5,0.0,0.0,0.0,,,False,2026-03-28 14:40:00+00:00,54386,66741.31,signal,15.027000000000408,0.0,0.0,15.027000000000408,0.2146714285714344,-69.00999999999476,241.77000000000407,-0.0985857142857068,0.3453857142857201,11,3300.0,14.0,108.8385714285718,314.8971001137374,overlap,Sat,13,False
983,BTCUSDm,short,2026-03-28 15:25:00+00:00,54395,67184.74,0.1,67884.74,66184.74,700.0,close_above_upper,0.22080662851513833,0.1,66684.74,0.5,0.0,0.0,0.0,,,False,2026-03-28 16:35:00+00:00,54409,66977.24,signal,20.75,0.0,0.0,20.75,0.29642857142857143,-18.65999999998894,314.320000000007,-0.02665714285712706,0.4490285714285814,14,4200.0,14.0,125.89142857142932,307.1646160453847,overlap,Sat,15,False
984,BTCUSDm,long,2026-03-28 23:15:00+00:00,54489,66348.36,0.1,65648.36,67348.36,700.0,close_below_lower,0.005056627518348004,0.1,66848.36,0.5,0.0,0.0,0.0,,,False,2026-03-29 00:05:00+00:00,54499,66410.2,signal,6.183999999999651,0.0,0.0,6.183999999999651,0.08834285714285216,-124.08000000000175,84.05999999999767,-0.17725714285714536,0.12008571428571096,10,3000.0,14.0,96.24499999999951,292.6359921695207,rollover,Sat,23,False
985,BTCUSDm,short,2026-03-29 03:20:00+00:00,54538,66984.71,0.1,67684.71,65984.71,700.0,close_above_upper,0.06750459312897013,0.1,66484.71,0.5,0.0,0.0,0.0,,,False,2026-03-29 04:05:00+00:00,54547,66822.59,signal,16.21200000000099,0.0,0.0,16.21200000000099,0.23160000000001416,-16.610000000000582,202.5500000000029,-0.02372857142857226,0.28935714285714703,9,2700.0,14.0,92.64214285714426,273.5758993580873,asian,Sun,3,False
986,BTCUSDm,long,2026-03-29 13:10:00+00:00,54656,66502.64,0.1,65802.64,67502.64,700.0,close_below_lower,0.0998150098666083,0.1,67002.64,0.5,0.0,0.0,0.0,,,False,2026-03-29 14:15:00+00:00,54669,66608.11,signal,10.547000000000118,0.0,0.0,10.547000000000118,0.15067142857143026,-107.0399999999936,233.13000000000466,-0.15291428571427657,0.3330428571428638,13,3900.0,14.0,82.9442857142858,204.06650009255426,overlap,Sun,13,False
987,BTCUSDm,long,2026-03-29 17:25:00+00:00,54707,66161.5,0.1,65461.5,67161.5,700.0,close_below_lower,0.3184525295166263,0.1,66661.5,0.5,0.0,0.0,0.0,,,False,2026-03-29 18:00:00+00:00,54714,66321.79,signal,16.02899999999936,0.0,0.0,16.02899999999936,0.22898571428570516,-38.88000000000466,212.61000000000058,-0.0555428571428638,0.30372857142857224,7,2100.0,14.0,88.09999999999958,201.33911612039492,newyork,Sun,17,False
988,BTCUSDm,short,2026-03-29 20:25:00+00:00,54743,66653.23,0.1,67353.23,65653.23,700.0,close_above_upper,0.3580789144519056,0.1,66153.23,0.5,0.0,0.0,0.0,,,False,2026-03-29 21:10:00+00:00,54752,66507.07,signal,14.615999999998895,0.0,0.0,14.615999999998895,0.20879999999998422,-51.01000000000931,161.20999999999185,-0.07287142857144188,0.23029999999998835,9,2700.0,14.0,84.31214285714461,190.02694439228827,newyork,Sun,20,False
989,BTCUSDm,long,2026-03-29 22:05:00+00:00,54763,66348.19,0.1,65648.19,67348.19,700.0,close_below_lower,0.12061749659513071,0.1,66848.19,0.5,0.0,0.0,0.0,,,False,2026-03-29 22:40:00+00:00,54770,65648.19,sl,-70.0,0.0,0.0,-70.0,-1.0,-201.04000000000815,87.02000000000407,-0.28720000000001167,0.12431428571429154,7,2100.0,14.0,83.82642857142802,191.13568863854434,rollover,Sun,22,False
990,BTCUSDm,long,2026-03-29 22:45:00+00:00,54771,65637.71,0.1,65637.71,66637.71,700.0,close_below_lower,2.419727189137686,0.05,66137.71,0.5,0.05,66137.71,25.0,54774.0,2026-03-29 23:00:00+00:00,True,2026-03-29 23:10:00+00:00,54776,66014.83,signal,43.85599999999977,0.0,0.0,43.85599999999977,0.6265142857142824,-709.4700000000084,692.6599999999889,-1.0135285714285835,0.9895142857142699,5,1500.0,14.0,172.5528571428596,200.10596821021323,rollover,Sun,22,False
991,BTCUSDm,short,2026-03-30 00:20:00+00:00,54790,66839.03,0.1,66839.03,65839.03,700.0,close_above_upper,2.9159221241862157,0.05,66339.03,0.5,0.05,66353.03,24.3,54793.0,2026-03-30 00:35:00+00:00,True,2026-03-30 00:55:00+00:00,54797,66145.16,signal,58.99349999999977,0.0,0.0,58.99349999999977,0.8427642857142824,-175.61999999999534,787.2899999999936,-0.2508857142857076,1.124699999999991,7,2100.0,14.0,233.25642857142833,216.66559549070834,asian,Mon,0,False
992,BTCUSDm,short,2026-03-30 01:35:00+00:00,54805,66635.68,0.1,67335.68,65635.68,700.0,close_above_upper,0.18032844500047768,0.1,66135.68,0.5,0.0,0.0,0.0,,,False,2026-03-30 02:35:00+00:00,54817,66605.67,signal,3.0009999999994763,0.0,0.0,3.0009999999994763,0.04287142857142109,-210.58000000000175,166.02999999999884,-0.30082857142857394,0.2371857142857126,12,3600.0,14.0,216.0078571428551,229.2511145596593,asian,Mon,1,False
993,BTCUSDm,short,2026-03-30 02:45:00+00:00,54819,66983.46,0.1,67683.46,65983.46,700.0,close_above_upper,0.36653352141016154,0.1,66483.46,0.5,0.0,0.0,0.0,,,False,2026-03-30 05:05:00+00:00,54847,67697.46,sl,-71.4,0.0,0.0,-71.4,-1.02,-671.1999999999971,77.09000000001106,-0.9588571428571387,0.11012857142858723,28,8400.0,14.0,163.66428571428696,235.688769966287,asian,Mon,2,False
994,BTCUSDm,short,2026-03-30 08:05:00+00:00,54883,67705.3,0.1,68405.3,66705.3,700.0,close_above_upper,0.3806893364974132,0.1,67205.3,0.5,0.0,0.0,0.0,,,False,2026-03-30 09:00:00+00:00,54894,67613.04,signal,9.226000000000932,0.0,0.0,9.226000000000932,0.13180000000001332,-181.4899999999907,112.94000000000233,-0.2592714285714153,0.16134285714286048,11,3300.0,14.0,116.95714285714348,253.0174561535263,london,Mon,8,False
995,BTCUSDm,long,2026-03-30 14:00:00+00:00,54954,67483.59,0.1,66783.59,68483.59,700.0,close_below_lower,0.03995500916646377,0.1,67983.59,0.5,0.0,0.0,0.0,,,False,2026-03-30 14:55:00+00:00,54965,67466.17,signal,-1.7419999999998255,0.0,0.0,-1.7419999999998255,-0.02488571428571179,-454.4799999999959,226.52000000000407,-0.649257142857137,0.3236000000000058,11,3300.0,14.0,159.08928571428154,269.9668564382263,overlap,Mon,14,False
996,BTCUSDm,short,2026-03-30 15:00:00+00:00,54966,67735.43,0.1,68435.43,66735.43,700.0,close_above_upper,0.13405620682506644,0.1,67235.43,0.5,0.0,0.0,0.0,,,False,2026-03-30 15:20:00+00:00,54970,67410.7,signal,32.472999999999594,0.0,0.0,32.472999999999594,0.4638999999999942,-118.63000000000466,360.70999999999185,-0.1694714285714352,0.5152999999999883,4,1200.0,14.0,234.4621428571419,283.71827974771554,overlap,Mon,15,False
997,BTCUSDm,long,2026-03-30 17:25:00+00:00,54995,66803.23,0.1,66103.23,67803.23,700.0,close_below_lower,0.4735394400112828,0.1,67303.23,0.5,0.0,0.0,0.0,,,False,2026-03-30 19:50:00+00:00,55024,66393.75,signal,-40.947999999999595,0.0,0.0,-40.947999999999595,-0.5849714285714228,-636.5,130.32000000000698,-0.9092857142857143,0.18617142857143856,29,8700.0,14.0,147.73857142857327,291.3617848176668,newyork,Mon,17,False
998,BTCUSDm,short,2026-03-31 00:50:00+00:00,55084,67191.62,0.1,67891.62,66191.62,700.0,close_above_upper,0.36330261705604416,0.1,66691.62,0.5,0.0,0.0,0.0,,,False,2026-03-31 01:30:00+00:00,55092,67905.62,sl,-71.4,0.0,0.0,-71.4,-1.02,-632.1200000000099,241.66999999999825,-0.9030285714285856,0.34524285714285463,8,2400.0,14.0,137.98357142857068,318.5298750879765,asian,Tue,0,False
999,BTCUSDm,short,2026-03-31 01:35:00+00:00,55093,68262.58,0.1,68262.58,67262.58,700.0,close_above_upper,1.9065703444485627,0.05,67762.58,0.5,0.05,67776.58,24.3,55095.0,2026-03-31 01:45:00+00:00,True,2026-03-31 02:40:00+00:00,55106,67859.13,signal,44.472499999999854,0.0,0.0,44.472499999999854,0.6353214285714265,-64.36999999999534,550.8399999999965,-0.0919571428571362,0.7869142857142807,13,3900.0,14.0,240.71500000000273,339.4647648814634,asian,Tue,1,False
1000,BTCUSDm,long,2026-03-31 08:45:00+00:00,55179,66801.05,0.1,66101.05,67801.05,700.0,close_below_lower,0.13924875644281298,0.1,67301.05,0.5,0.0,0.0,0.0,,,False,2026-03-31 09:55:00+00:00,55193,66101.05,sl,-70.0,0.0,0.0,-70.0,-1.0,-589.5,75.86000000000058,-0.8421428571428572,0.10837142857142941,14,4200.0,14.0,135.6521428571432,365.6525663367501,london,Tue,8,False
1001,BTCUSDm,long,2026-03-31 10:00:00+00:00,55194,66084.25,0.1,65384.25,67084.25,700.0,close_below_lower,0.0702204702752051,0.1,66584.25,0.5,0.0,0.0,0.0,,,False,2026-03-31 10:25:00+00:00,55199,66362.53,signal,27.827999999999886,0.0,0.0,27.827999999999886,0.39754285714285553,-53.320000000006985,321.3899999999994,-0.07617142857143855,0.4591285714285706,5,1500.0,14.0,175.1414285714283,387.2647186392853,london,Tue,10,False
1002,BTCUSDm,short,2026-03-31 13:50:00+00:00,55240,67239.25,0.1,67939.25,66239.25,700.0,close_above_upper,0.08341716002490267,0.1,66739.25,0.5,0.0,0.0,0.0,,,False,2026-03-31 14:40:00+00:00,55250,67293.34,signal,-5.408999999999651,0.0,0.0,-5.408999999999651,-0.07727142857142358,-491.3000000000029,188.57000000000698,-0.7018571428571471,0.2693857142857243,10,3000.0,14.0,162.95714285714348,404.3683358583804,overlap,Tue,13,False
1003,BTCUSDm,long,2026-03-31 14:55:00+00:00,55253,66536.74,0.1,66536.74,67536.74,700.0,close_below_lower,0.579354450819669,0.05,67036.74,0.5,0.05,67036.74,25.0,55255.0,2026-03-31 15:05:00+00:00,True,2026-03-31 15:15:00+00:00,55257,67183.71,signal,57.34850000000006,0.0,0.0,57.34850000000006,0.8192642857142866,-186.02999999999884,692.4599999999919,-0.2657571428571412,0.9892285714285598,4,1200.0,14.0,291.7778571428571,423.0230664257151,overlap,Tue,14,False
1004,BTCUSDm,short,2026-03-31 16:40:00+00:00,55274,67450.44,0.1,68150.44,66450.44,700.0,close_above_upper,0.13373446397244373,0.1,66950.44,0.5,0.0,0.0,0.0,,,False,2026-03-31 17:10:00+00:00,55280,68164.44,sl,-71.4,0.0,0.0,-71.4,-1.02,-511.5200000000041,19.729999999995925,-0.7307428571428629,0.028185714285708464,6,1800.0,14.0,214.721428571429,414.7301870172076,newyork,Tue,16,False
1005,BTCUSDm,short,2026-03-31 17:15:00+00:00,55281,68390.07,0.1,68390.07,67390.07,700.0,close_above_upper,1.0947789723894075,0.05,67890.07,0.5,0.05,67904.07,24.3,55284.0,2026-03-31 17:30:00+00:00,True,2026-03-31 17:40:00+00:00,55286,67720.75,signal,57.766000000000346,0.0,0.0,57.766000000000346,0.8252285714285764,-149.2399999999907,779.3600000000006,-0.2131999999999867,1.1133714285714293,5,1500.0,14.0,308.4735714285707,434.152414829555,newyork,Tue,17,False
1006,BTCUSDm,short,2026-04-01 06:45:00+00:00,55431,69166.61,0.1,69866.61,68166.61,700.0,close_above_upper,0.08202101592612603,0.1,68666.61,0.5,0.0,0.0,0.0,,,False,2026-04-01 07:25:00+00:00,55439,68880.56,signal,28.60500000000029,0.0,0.0,28.60500000000029,0.4086428571428613,-123.7899999999936,341.9799999999959,-0.176842857142848,0.48854285714285134,8,2400.0,14.0,138.42428571428692,434.77981223697407,asian,Wed,6,False
1007,BTCUSDm,long,2026-04-01 18:05:00+00:00,55567,68032.21,0.1,67332.21,69032.21,700.0,close_below_lower,0.04522374543605498,0.1,68532.21,0.5,0.0,0.0,0.0,,,False,2026-04-01 18:45:00+00:00,55575,68211.64,signal,17.9429999999993,0.0,0.0,17.9429999999993,0.25632857142856147,-71.1700000000128,267.11999999999534,-0.10167142857144687,0.38159999999999333,8,2400.0,14.0,179.99357142857374,423.10378878456527,newyork,Wed,18,False
1008,BTCUSDm,long,2026-04-02 01:20:00+00:00,55654,67604.49,0.1,66904.49,68604.49,700.0,close_below_lower,0.6299867178892783,0.1,68104.49,0.5,0.0,0.0,0.0,,,False,2026-04-02 02:10:00+00:00,55664,66904.49,sl,-70.0,0.0,0.0,-70.0,-1.0,-583.4500000000116,215.66999999999825,-0.8335000000000167,0.3080999999999975,10,3000.0,14.0,256.3285714285708,396.91660175861557,asian,Thu,1,False
1009,BTCUSDm,long,2026-04-02 02:15:00+00:00,55665,66862.08,0.1,66162.08,67862.08,700.0,close_below_lower,0.2500188288124219,0.1,67362.08,0.5,0.0,0.0,0.0,,,False,2026-04-02 03:10:00+00:00,55676,66935.59,signal,7.350999999999477,0.0,0.0,7.350999999999477,0.10501428571427825,-243.43000000000757,174.9100000000035,-0.34775714285715364,0.24987142857143357,11,3300.0,14.0,359.4714285714311,424.4075551373382,asian,Thu,2,False
1010,BTCUSDm,short,2026-04-02 14:40:00+00:00,55814,66843.09,0.1,67543.09,65843.09,700.0,close_above_upper,0.4986241705674999,0.1,66343.09,0.5,0.0,0.0,0.0,,,False,2026-04-02 16:25:00+00:00,55835,66805.5,signal,3.758999999999651,0.0,0.0,3.758999999999651,0.05369999999999501,-256.8000000000029,221.3399999999965,-0.366857142857147,0.316199999999995,21,6300.0,14.0,241.19142857142808,371.0128315046333,overlap,Thu,14,False
1011,BTCUSDm,short,2026-04-04 15:15:00+00:00,56397,67367.22,0.1,68067.22,66367.22,700.0,close_above_upper,0.16675158224224856,0.1,66867.22,0.5,0.0,0.0,0.0,,,False,2026-04-04 17:00:00+00:00,56418,67371.5,signal,-0.4279999999998836,0.0,0.0,-0.4279999999998836,-0.006114285714284051,-150.50999999999476,105.22000000000116,-0.21501428571427822,0.15031428571428737,21,6300.0,14.0,72.16857142857043,156.29328903614427,overlap,Sat,15,False
1012,BTCUSDm,long,2026-04-05 06:00:00+00:00,56574,66937.17,0.1,66237.17,67937.17,700.0,close_below_lower,0.09082042760080082,0.1,67437.17,0.5,0.0,0.0,0.0,,,False,2026-04-05 07:05:00+00:00,56587,66847.11,signal,-9.005999999999768,0.0,0.0,-9.005999999999768,-0.12865714285713953,-347.45999999999185,0.0,-0.4963714285714169,0.0,13,3900.0,14.0,51.356428571427905,121.75375246062488,asian,Sun,6,False
1013,BTCUSDm,long,2026-04-05 12:35:00+00:00,56653,66766.06,0.1,66066.06,67766.06,700.0,close_below_lower,0.5386280163687105,0.1,67266.06,0.5,0.0,0.0,0.0,,,False,2026-04-05 13:05:00+00:00,56659,66827.32,signal,6.126000000000932,0.0,0.0,6.126000000000932,0.08751428571429903,-105.25999999999476,78.35000000000582,-0.15037142857142108,0.11192857142857975,6,1800.0,14.0,48.69857142857135,111.59384507626756,overlap,Sun,12,False
1014,BTCUSDm,short,2026-04-05 14:05:00+00:00,56671,66937.95,0.1,67637.95,65937.95,700.0,close_above_upper,0.04853523654707717,0.1,66437.95,0.5,0.0,0.0,0.0,,,False,2026-04-05 15:05:00+00:00,56683,66883.63,signal,5.431999999999244,0.0,0.0,5.431999999999244,0.07759999999998919,-11.979999999995925,148.3000000000029,-0.017114285714279892,0.21185714285714702,12,3600.0,14.0,75.80785714285697,114.54793906654106,overlap,Sun,14,False
1015,BTCUSDm,short,2026-04-05 15:30:00+00:00,56688,67489.48,0.1,68189.48,66489.48,700.0,close_above_upper,3.349140390848818,0.1,66989.48,0.5,0.0,0.0,0.0,,,False,2026-04-05 16:40:00+00:00,56702,67307.15,signal,18.233000000000175,0.0,0.0,18.233000000000175,0.2604714285714311,-342.97000000000116,244.09999999999127,-0.48995714285714453,0.34871428571427326,14,4200.0,14.0,89.54071428571271,118.51889117166361,overlap,Sun,15,False
1016,BTCUSDm,short,2026-04-05 20:40:00+00:00,56750,67663.78,0.1,68363.78,66663.78,700.0,close_above_upper,0.8775276116290768,0.1,67163.78,0.5,0.0,0.0,0.0,,,False,2026-04-05 21:15:00+00:00,56757,67518.08,signal,14.569999999999709,0.0,0.0,14.569999999999709,0.208142857142853,-24.320000000006985,270.0599999999977,-0.03474285714286712,0.3857999999999967,7,2100.0,14.0,70.87499999999793,137.28673488828022,newyork,Sun,20,False
1017,BTCUSDm,short,2026-04-05 22:05:00+00:00,56767,67726.63,0.1,68426.63,66726.63,700.0,close_above_upper,0.33287276969390217,0.1,67226.63,0.5,0.0,0.0,0.0,,,False,2026-04-05 22:15:00+00:00,56769,67521.18,signal,20.545000000001167,0.0,0.0,20.545000000001167,0.2935000000000167,-35.23999999999069,277.7300000000105,-0.05034285714284384,0.39675714285715785,2,600.0,14.0,105.47285714285577,144.23801171275156,rollover,Sun,22,False
1018,BTCUSDm,short,2026-04-05 22:45:00+00:00,56775,67936.64,0.1,68636.64,66936.64,700.0,close_above_upper,1.4833614232774823,0.1,67436.64,0.5,0.0,0.0,0.0,,,False,2026-04-05 23:15:00+00:00,56781,68650.64,sl,-71.4,0.0,0.0,-71.4,-1.02,-643.1900000000023,12.660000000003492,-0.9188428571428605,0.018085714285719274,6,1800.0,14.0,167.5228571428566,149.5687762236103,rollover,Sun,22,False
1019,BTCUSDm,short,2026-04-05 23:20:00+00:00,56782,68858.09,0.1,69558.09,67858.09,700.0,close_above_upper,3.547579106186049,0.1,68358.09,0.5,0.0,0.0,0.0,,,False,2026-04-06 00:00:00+00:00,56790,69572.09,sl,-71.4,0.0,0.0,-71.4,-1.02,-254.75,193.26999999998952,-0.36392857142857143,0.276099999999985,8,2400.0,14.0,223.93500000000287,171.85331603893934,rollover,Sun,23,False
1020,BTCUSDm,short,2026-04-06 00:05:00+00:00,56791,69321.07,0.1,70021.07,68321.07,700.0,close_above_upper,1.6868272072013322,0.1,68821.07,0.5,0.0,0.0,0.0,,,False,2026-04-06 00:55:00+00:00,56801,69111.63,signal,20.944000000000234,0.0,0.0,20.944000000000234,0.29920000000000335,-174.92999999999302,268.5200000000041,-0.24989999999999002,0.3836000000000058,10,3000.0,14.0,242.9764285714295,195.10940568344705,asian,Mon,0,False
1021,BTCUSDm,long,2026-04-06 01:05:00+00:00,56803,68908.71,0.1,68208.71,69908.71,700.0,close_below_lower,0.11935969454646533,0.1,69408.71,0.5,0.0,0.0,0.0,,,False,2026-04-06 02:05:00+00:00,56815,68914.35,signal,0.5639999999999418,0.0,0.0,0.5639999999999418,0.008057142857142026,-170.95000000001164,66.36000000000058,-0.24421428571430234,0.09480000000000083,12,3600.0,14.0,200.53999999999775,204.5173870946295,asian,Mon,1,False
1022,BTCUSDm,short,2026-04-06 02:20:00+00:00,56818,69234.93,0.1,69934.93,68234.93,700.0,close_above_upper,0.4453702555910262,0.1,68734.93,0.5,0.0,0.0,0.0,,,False,2026-04-06 03:15:00+00:00,56829,69128.33,signal,10.659999999999128,0.0,0.0,10.659999999999128,0.15228571428570184,-156.39000000001397,153.11999999999534,-0.22341428571430566,0.2187428571428505,11,3300.0,14.0,140.5085714285711,216.12117178017633,asian,Mon,2,False
1023,BTCUSDm,long,2026-04-06 06:30:00+00:00,56868,68838.04,0.1,68138.04,69838.04,700.0,close_below_lower,0.35188932039589554,0.1,69338.04,0.5,0.0,0.0,0.0,,,False,2026-04-06 07:20:00+00:00,56878,68967.26,signal,12.922000000000118,0.0,0.0,12.922000000000118,0.18460000000000168,-31.239999999990687,245.72000000000116,-0.044628571428558125,0.3510285714285731,10,3000.0,14.0,107.58928571428676,228.24604507352097,asian,Mon,6,False
1024,BTCUSDm,short,2026-04-06 09:15:00+00:00,56901,69617.35,0.1,70317.35,68617.35,700.0,close_above_upper,0.5849020929678719,0.1,69117.35,0.5,0.0,0.0,0.0,,,False,2026-04-06 10:30:00+00:00,56916,69772.22,signal,-15.486999999999535,0.0,0.0,-15.486999999999535,-0.2212428571428505,-653.7699999999895,11.470000000001164,-0.9339571428571279,0.01638571428571595,15,4500.0,14.0,106.61571428571604,238.1132333552252,london,Mon,9,False
1025,BTCUSDm,long,2026-04-06 17:05:00+00:00,56995,69613.55,0.1,68913.55,70613.55,700.0,close_below_lower,0.2495710639765584,0.1,70113.55,0.5,0.0,0.0,0.0,,,False,2026-04-06 18:15:00+00:00,57009,69739.66,signal,12.61100000000006,0.0,0.0,12.61100000000006,0.1801571428571437,-344.3099999999977,170.70999999999185,-0.49187142857142524,0.24387142857141694,14,4200.0,14.0,175.93357142856985,285.0927484632533,newyork,Mon,17,False
1026,BTCUSDm,long,2026-04-06 22:55:00+00:00,57065,68962.1,0.1,68262.1,69962.1,700.0,close_below_lower,0.22332471394849399,0.1,69462.1,0.5,0.0,0.0,0.0,,,False,2026-04-06 23:50:00+00:00,57076,68787.69,signal,-17.44100000000035,0.0,0.0,-17.44100000000035,-0.24915714285714788,-697.1600000000035,19.0,-0.9959428571428621,0.027142857142857142,11,3300.0,14.0,121.70928571428418,321.7724508326044,rollover,Mon,22,False
1027,BTCUSDm,long,2026-04-07 10:40:00+00:00,57206,68554.33,0.1,67854.33,69554.33,700.0,close_below_lower,0.07941975941657187,0.1,69054.33,0.5,0.0,0.0,0.0,,,False,2026-04-07 11:40:00+00:00,57218,68428.96,signal,-12.536999999999535,0.0,0.0,-12.536999999999535,-0.17909999999999338,-501.63000000000466,32.70999999999185,-0.7166142857142924,0.04672857142855979,12,3600.0,14.0,132.8464285714269,362.5582202016207,london,Tue,10,False
1028,BTCUSDm,long,2026-04-07 14:10:00+00:00,57248,67870.81,0.1,67170.81,68870.81,700.0,close_below_lower,0.18695693263758692,0.1,68370.81,0.5,0.0,0.0,0.0,,,False,2026-04-07 15:20:00+00:00,57262,68020.16,signal,14.935000000000583,0.0,0.0,14.935000000000583,0.21335714285715118,-157.30999999999767,346.0599999999977,-0.2247285714285681,0.49437142857142524,14,4200.0,14.0,163.46428571428572,385.3661747074135,overlap,Tue,14,False
1029,BTCUSDm,short,2026-04-07 19:55:00+00:00,57317,69005.25,0.1,69705.25,68005.25,700.0,close_above_upper,0.21677736075843093,0.1,68505.25,0.5,0.0,0.0,0.0,,,False,2026-04-07 20:55:00+00:00,57329,69194.12,signal,-18.886999999999535,0.0,0.0,-18.886999999999535,-0.26981428571427907,-517.9199999999983,76.42999999999302,-0.7398857142857118,0.10918571428570431,12,3600.0,14.0,167.80142857143073,346.2991274027296,newyork,Tue,19,False
1030,BTCUSDm,short,2026-04-07 21:10:00+00:00,57332,69868.26,0.1,70568.26,68868.26,700.0,close_above_upper,0.5275665399354832,0.1,69368.26,0.5,0.0,0.0,0.0,,,False,2026-04-07 22:05:00+00:00,57343,70582.26,sl,-71.4,0.0,0.0,-71.4,-1.02,-345.1200000000099,391.58000000000175,-0.4930285714285856,0.5594000000000025,11,3300.0,14.0,181.3957142857159,362.7107073473036,rollover,Tue,21,False
1031,BTCUSDm,short,2026-04-07 22:15:00+00:00,57345,70276.38,0.1,70976.38,69276.38,700.0,close_above_upper,0.03868466793843706,0.1,69776.38,0.5,0.0,0.0,0.0,,,False,2026-04-07 22:30:00+00:00,57348,70990.38,sl,-71.4,0.0,0.0,-71.4,-1.02,-183.50999999999476,112.88999999999942,-0.2621571428571354,0.16127142857142773,3,900.0,14.0,259.6807142857152,379.68716704241626,rollover,Tue,22,False
1032,BTCUSDm,short,2026-04-07 22:35:00+00:00,57349,70831.37,0.1,71531.37,69831.37,700.0,close_above_upper,0.8185460749376462,0.1,70331.37,0.5,0.0,0.0,0.0,,,False,2026-04-07 23:00:00+00:00,57354,71545.37,sl,-71.4,0.0,0.0,-71.4,-1.02,-688.8800000000047,209.59999999999127,-0.9841142857142924,0.29942857142855894,5,1500.0,14.0,248.07571428571413,387.96495306552345,rollover,Tue,22,False
1033,BTCUSDm,short,2026-04-07 23:05:00+00:00,57355,71341.35,0.1,72041.35,70341.35,700.0,close_above_upper,0.5152367590945642,0.1,70841.35,0.5,0.0,0.0,0.0,,,False,2026-04-07 23:20:00+00:00,57358,72055.35,sl,-71.4,0.0,0.0,-71.4,-1.02,-330.7899999999936,164.9100000000035,-0.4725571428571337,0.23558571428571928,3,900.0,14.0,325.59571428571195,410.3017443447145,rollover,Tue,23,False
1034,BTCUSDm,short,2026-04-07 23:25:00+00:00,57359,71998.62,0.1,72698.62,70998.62,700.0,close_above_upper,1.0101552690250628,0.1,71498.62,0.5,0.0,0.0,0.0,,,False,2026-04-07 23:30:00+00:00,57360,72764.84,sl,-76.62200000000011,0.0,0.0,-76.62200000000011,-1.0946000000000016,-761.8600000000006,52.26999999998952,-1.0883714285714294,0.07467142857141361,1,300.0,14.0,355.402857142855,424.8317180381139,rollover,Tue,23,False
1035,BTCUSDm,short,2026-04-07 23:35:00+00:00,57361,72364.7,0.1,72364.7,71364.7,700.0,close_above_upper,1.0236232036521484,0.05,71864.7,0.5,0.05,71878.7,24.3,57365.0,2026-04-07 23:55:00+00:00,True,2026-04-08 00:10:00+00:00,57368,71887.74,signal,48.1479999999996,0.0,0.0,48.1479999999996,0.6878285714285657,-17.44999999999709,550.6399999999994,-0.024928571428567272,0.7866285714285706,7,2100.0,14.0,420.17214285714,438.4695936630858,rollover,Tue,23,False
1036,BTCUSDm,short,2026-04-08 13:10:00+00:00,57524,72634.0,0.1,72634.0,71634.0,700.0,close_above_upper,0.6445140425978287,0.05,72134.0,0.5,0.05,72148.0,24.3,57528.0,2026-04-08 13:30:00+00:00,True,2026-04-08 13:35:00+00:00,57529,72119.73,signal,50.01350000000021,0.0,0.0,50.01350000000021,0.7144785714285744,-249.75,645.6300000000047,-0.35678571428571426,0.922328571428578,5,1500.0,14.0,169.05214285714152,413.233993352664,overlap,Wed,13,False
1037,BTCUSDm,long,2026-04-08 13:40:00+00:00,57530,71785.75,0.1,71085.75,72785.75,700.0,close_below_lower,0.012147678877436237,0.1,72285.75,0.5,0.0,0.0,0.0,,,False,2026-04-08 14:30:00+00:00,57540,71085.75,sl,-70.0,0.0,0.0,-70.0,-1.0,-482.99000000000524,177.41999999999825,-0.6899857142857218,0.2534571428571404,10,3000.0,14.0,271.2671428571422,425.32685937577924,overlap,Wed,13,False
1038,BTCUSDm,long,2026-04-08 14:35:00+00:00,57541,71046.19,0.1,70346.19,72046.19,700.0,close_below_lower,0.28679809545364515,0.1,71546.19,0.5,0.0,0.0,0.0,,,False,2026-04-08 15:20:00+00:00,57550,71180.38,signal,13.419000000000233,0.0,0.0,13.419000000000233,0.19170000000000334,-361.29000000000815,152.19000000000233,-0.516128571428583,0.21741428571428903,9,2700.0,14.0,298.68785714285644,445.8711294895113,overlap,Wed,14,False
1039,BTCUSDm,short,2026-04-09 15:20:00+00:00,57838,71400.29,0.1,72100.29,70400.29,700.0,close_above_upper,0.002076355406551863,0.1,70900.29,0.5,0.0,0.0,0.0,,,False,2026-04-09 15:30:00+00:00,57840,72114.29,sl,-71.4,0.0,0.0,-71.4,-1.02,-251.1600000000035,70.80999999999767,-0.358800000000005,0.10115714285713953,2,600.0,14.0,197.94000000000233,403.50378421571787,overlap,Thu,15,False
1040,BTCUSDm,short,2026-04-09 15:35:00+00:00,57841,72217.44,0.1,72917.44,71217.44,700.0,close_above_upper,1.4279893038464517,0.1,71717.44,0.5,0.0,0.0,0.0,,,False,2026-04-09 16:35:00+00:00,57853,71960.28,signal,25.71600000000035,0.0,0.0,25.71600000000035,0.36737142857143357,-197.34999999999127,395.4499999999971,-0.281928571428559,0.5649285714285672,12,3600.0,14.0,253.89285714285714,409.187382990589,overlap,Thu,15,False
1041,BTCUSDm,short,2026-04-09 17:05:00+00:00,57859,72482.28,0.1,73182.28,71482.28,700.0,close_above_upper,0.07668764660273762,0.1,71982.28,0.5,0.0,0.0,0.0,,,False,2026-04-09 17:35:00+00:00,57865,72209.6,signal,27.267999999999304,0.0,0.0,27.267999999999304,0.3895428571428472,-84.05999999999767,384.4499999999971,-0.12008571428571096,0.5492142857142815,6,1800.0,14.0,237.68285714285594,386.95637753843766,newyork,Thu,17,False
1042,BTCUSDm,short,2026-04-09 22:20:00+00:00,57922,72806.65,0.1,73506.65,71806.65,700.0,close_above_upper,0.08318232697322685,0.1,72306.65,0.5,0.0,0.0,0.0,,,False,2026-04-09 22:40:00+00:00,57926,72373.67,signal,43.2979999999996,0.0,0.0,43.2979999999996,0.6185428571428514,-11.529999999998836,451.8799999999901,-0.01647142857142691,0.645542857142843,4,1200.0,14.0,176.48785714285935,385.4177610157131,rollover,Thu,22,False
1043,BTCUSDm,long,2026-04-09 23:00:00+00:00,57930,71956.47,0.1,71256.47,72956.47,700.0,close_below_lower,0.16960060059983212,0.1,72456.47,0.5,0.0,0.0,0.0,,,False,2026-04-10 00:30:00+00:00,57948,71835.95,signal,-12.052000000000408,0.0,0.0,-12.052000000000408,-0.17217142857143442,-381.320000000007,81.55000000000291,-0.5447428571428671,0.11650000000000416,18,5400.0,14.0,216.29142857142764,390.70065106835443,rollover,Thu,23,False
1044,BTCUSDm,short,2026-04-10 14:15:00+00:00,58113,72732.92,0.1,73432.92,71732.92,700.0,close_above_upper,0.18583304379208976,0.1,72232.92,0.5,0.0,0.0,0.0,,,False,2026-04-10 15:30:00+00:00,58128,72836.01,signal,-10.308999999999651,0.0,0.0,-10.308999999999651,-0.14727142857142358,-598.7400000000052,86.45999999999185,-0.8553428571428646,0.12351428571427407,15,4500.0,14.0,181.470714285713,352.3123321165748,overlap,Fri,14,False
1045,BTCUSDm,short,2026-04-11 18:40:00+00:00,58454,73615.09,0.1,74315.09,72615.09,700.0,close_above_upper,0.6201281848046973,0.1,73115.09,0.5,0.0,0.0,0.0,,,False,2026-04-11 20:05:00+00:00,58471,73574.01,signal,4.108000000000175,0.0,0.0,4.108000000000175,0.058685714285716784,-230.2100000000064,157.06999999999243,-0.3288714285714377,0.22438571428570347,17,5100.0,14.0,98.63071428571546,241.79909613986644,newyork,Sat,18,False
1046,BTCUSDm,long,2026-04-11 20:35:00+00:00,58477,73289.56,0.1,72589.56,74289.56,700.0,close_below_lower,0.08991007927038883,0.1,73789.56,0.5,0.0,0.0,0.0,,,False,2026-04-11 21:10:00+00:00,58484,73439.22,signal,14.96600000000035,0.0,0.0,14.96600000000035,0.21380000000000499,-64.33000000000175,182.91999999999825,-0.0919000000000025,0.2613142857142832,7,2100.0,14.0,96.42428571428692,248.20348102125115,newyork,Sat,20,False
1047,BTCUSDm,long,2026-04-11 23:05:00+00:00,58507,73157.85,0.1,72457.85,74157.85,700.0,close_below_lower,0.007367670611637863,0.1,73657.85,0.5,0.0,0.0,0.0,,,False,2026-04-12 00:25:00+00:00,58523,73109.25,signal,-4.860000000000582,0.0,0.0,-4.860000000000582,-0.06942857142857975,-269.9600000000064,88.0799999999872,-0.385657142857152,0.12582857142855314,16,4800.0,14.0,114.5907142857125,244.94339396209043,rollover,Sat,23,False
1048,BTCUSDm,long,2026-04-12 01:35:00+00:00,58537,72653.05,0.1,71953.05,73653.05,700.0,close_below_lower,0.6617013423175785,0.1,73153.05,0.5,0.0,0.0,0.0,,,False,2026-04-12 01:40:00+00:00,58538,71953.05,sl,-70.0,0.0,0.0,-70.0,-1.0,-643.5400000000081,3.709999999991851,-0.9193428571428688,0.005299999999988358,1,300.0,14.0,95.68214285714723,239.56143165934247,asian,Sun,1,False
1049,BTCUSDm,long,2026-04-12 01:45:00+00:00,58539,71775.61,0.1,71075.61,72775.61,700.0,close_below_lower,3.295319972562151,0.1,72275.61,0.5,0.0,0.0,0.0,,,False,2026-04-12 02:45:00+00:00,58551,71911.54,signal,13.592999999999302,0.0,0.0,13.592999999999302,0.1941857142857043,-445.8899999999994,266.4100000000035,-0.6369857142857135,0.3805857142857193,12,3600.0,14.0,185.0814285714327,247.7236070535925,asian,Sun,1,False
1050,BTCUSDm,long,2026-04-12 12:55:00+00:00,58672,71192.92,0.1,70492.92,72192.92,700.0,close_below_lower,0.09097824393072233,0.1,71692.92,0.5,0.0,0.0,0.0,,,False,2026-04-12 14:20:00+00:00,58689,71054.37,signal,-13.855000000000292,0.0,0.0,-13.855000000000292,-0.1979285714285756,-323.4499999999971,52.029999999998836,-0.4620714285714244,0.07432857142856976,17,5100.0,14.0,83.49714285714228,227.39397234052132,overlap,Sun,12,False
1051,BTCUSDm,long,2026-04-12 22:05:00+00:00,58782,70788.91,0.1,70088.91,71788.91,700.0,close_below_lower,1.0370823499282167,0.1,71288.91,0.5,0.0,0.0,0.0,,,False,2026-04-12 23:00:00+00:00,58793,70904.2,signal,11.52899999999936,0.0,0.0,11.52899999999936,0.16469999999999085,-282.3700000000099,220.13999999999942,-0.40338571428572845,0.3144857142857135,11,3300.0,14.0,140.27071428571278,236.8732697093165,rollover,Sun,22,False
1052,BTCUSDm,short,2026-04-13 00:35:00+00:00,58812,71079.78,0.1,71779.78,70079.78,700.0,close_above_upper,0.009833959526366516,0.1,70579.78,0.5,0.0,0.0,0.0,,,False,2026-04-13 02:10:00+00:00,58831,71150.39,signal,-7.061000000000059,0.0,0.0,-7.061000000000059,-0.1008714285714294,-204.97999999999593,57.19000000000233,-0.2928285714285656,0.08170000000000333,19,5700.0,14.0,139.96142857143008,255.20185544226152,asian,Mon,0,False
1053,BTCUSDm,short,2026-04-13 12:55:00+00:00,58960,71207.21,0.1,71907.21,70207.21,700.0,close_above_upper,0.0913919760599895,0.1,70707.21,0.5,0.0,0.0,0.0,,,False,2026-04-13 13:40:00+00:00,58969,70870.51,signal,33.67000000000117,0.0,0.0,33.67000000000117,0.4810000000000167,-74.5399999999936,378.6399999999994,-0.10648571428570514,0.5409142857142849,9,2700.0,14.0,109.0885714285718,261.01798841992337,overlap,Mon,12,False
1054,BTCUSDm,short,2026-04-13 13:50:00+00:00,58971,71630.01,0.1,72330.01,70630.01,700.0,close_above_upper,0.8398177916818862,0.1,71130.01,0.5,0.0,0.0,0.0,,,False,2026-04-13 14:55:00+00:00,58984,72344.01,sl,-71.4,0.0,0.0,-71.4,-1.02,-612.3000000000029,305.6999999999971,-0.8747142857142899,0.43671428571428156,13,3900.0,14.0,199.57428571428423,265.79764423824884,overlap,Mon,13,False
1055,BTCUSDm,short,2026-04-13 15:00:00+00:00,58985,72422.65,0.1,72422.65,71422.65,700.0,close_above_upper,1.2100800884429979,0.05,71922.65,0.5,0.05,71936.65,24.3,58988.0,2026-04-13 15:15:00+00:00,True,2026-04-13 15:20:00+00:00,58989,71920.42,signal,49.4114999999998,0.0,0.0,49.4114999999998,0.7058785714285686,-93.59000000001106,537.929999999993,-0.1337000000000158,0.7684714285714186,4,1200.0,14.0,245.90214285714111,283.7265981208667,overlap,Mon,15,False
1056,BTCUSDm,short,2026-04-13 19:25:00+00:00,59038,72786.41,0.1,73486.41,71786.41,700.0,close_above_upper,0.27906664105383205,0.1,72286.41,0.5,0.0,0.0,0.0,,,False,2026-04-13 19:50:00+00:00,59043,73500.41,sl,-71.4,0.0,0.0,-71.4,-1.02,-567.5,58.85000000000582,-0.8107142857142857,0.08407142857143689,5,1500.0,14.0,138.10285714285732,295.4532942290953,newyork,Mon,19,False
1057,BTCUSDm,short,2026-04-13 19:55:00+00:00,59044,73486.68,0.1,74186.68,72486.68,700.0,close_above_upper,1.290020540440771,0.1,72986.68,0.5,0.0,0.0,0.0,,,False,2026-04-13 20:25:00+00:00,59050,73084.5,signal,40.21799999999931,0.0,0.0,40.21799999999931,0.5745428571428473,-45.88000000000466,429.3299999999872,-0.0655428571428638,0.6133285714285531,6,1800.0,14.0,181.23714285714127,282.012570935871,newyork,Mon,19,False
1058,BTCUSDm,short,2026-04-13 22:15:00+00:00,59072,73781.35,0.1,74481.35,72781.35,700.0,close_above_upper,0.6584631411352837,0.1,73281.35,0.5,0.0,0.0,0.0,,,False,2026-04-13 22:45:00+00:00,59078,74495.35,sl,-71.4,0.0,0.0,-71.4,-1.02,-729.4199999999983,1.8000000000029104,-1.0420285714285689,0.002571428571432729,6,1800.0,14.0,156.20000000000124,283.89509031681996,rollover,Mon,22,False
1059,BTCUSDm,short,2026-04-13 22:50:00+00:00,59079,74359.94,0.1,75059.94,73359.94,700.0,close_above_upper,0.5171979794625616,0.1,73859.94,0.5,0.0,0.0,0.0,,,False,2026-04-13 23:45:00+00:00,59090,74599.3,signal,-23.93600000000006,0.0,0.0,-23.93600000000006,-0.341942857142858,-571.5099999999948,55.88999999999942,-0.8164428571428497,0.07984285714285631,11,3300.0,14.0,265.08571428571406,306.4743170507554,rollover,Mon,22,False
1060,BTCUSDm,short,2026-04-14 07:10:00+00:00,59179,74960.92,0.1,75660.92,73960.92,700.0,close_above_upper,0.34116701814610806,0.1,74460.92,0.5,0.0,0.0,0.0,,,False,2026-04-14 07:35:00+00:00,59184,74604.39,signal,35.652999999999885,0.0,0.0,35.652999999999885,0.5093285714285698,0.0,369.3899999999994,0.0,0.5276999999999992,5,1500.0,14.0,100.65071428571537,333.06203411432944,london,Tue,7,False
1061,BTCUSDm,short,2026-04-14 13:45:00+00:00,59258,75233.41,0.1,75933.41,74233.41,700.0,close_above_upper,0.6354102604319114,0.1,74733.41,0.5,0.0,0.0,0.0,,,False,2026-04-14 14:30:00+00:00,59267,75947.41,sl,-71.4,0.0,0.0,-71.4,-1.02,-690.1999999999971,116.66000000000349,-0.9859999999999959,0.16665714285714783,9,2700.0,14.0,163.08285714285947,345.28560806281916,overlap,Tue,13,False
1062,BTCUSDm,long,2026-04-14 15:00:00+00:00,59273,75073.41,0.1,74373.41,76073.41,700.0,close_below_lower,0.000604167845525382,0.1,75573.41,0.5,0.0,0.0,0.0,,,False,2026-04-14 15:35:00+00:00,59280,75120.26,signal,4.684999999999127,0.0,0.0,4.684999999999127,0.06692857142855896,-471.1200000000099,106.97000000000116,-0.6730285714285855,0.15281428571428737,7,2100.0,14.0,265.8099999999977,370.30517069943096,overlap,Tue,15,False
1063,BTCUSDm,short,2026-04-14 16:10:00+00:00,59287,75697.56,0.1,76397.56,74697.56,700.0,close_above_upper,0.15442140071773058,0.1,75197.56,0.5,0.0,0.0,0.0,,,False,2026-04-14 16:25:00+00:00,59290,75276.29,signal,42.12700000000041,0.0,0.0,42.12700000000041,0.6018142857142915,-1.9600000000064028,466.08000000000175,-0.0028000000000091467,0.6658285714285739,3,900.0,14.0,221.34928571428776,379.2432036649191,newyork,Tue,16,False
1064,BTCUSDm,long,2026-04-14 16:55:00+00:00,59296,74844.1,0.1,74144.1,75844.1,700.0,close_below_lower,0.13351408367466663,0.1,75344.1,0.5,0.0,0.0,0.0,,,False,2026-04-14 18:00:00+00:00,59309,74799.14,signal,-4.496000000000641,0.0,0.0,-4.496000000000641,-0.06422857142858059,-561.3100000000122,146.41999999999825,-0.801871428571446,0.20917142857142607,13,3900.0,14.0,192.05785714285906,380.0975403295738,newyork,Tue,16,False
1065,BTCUSDm,long,2026-04-14 18:50:00+00:00,59319,73915.42,0.1,73215.42,74915.42,700.0,close_below_lower,0.556738041668966,0.1,74415.42,0.5,0.0,0.0,0.0,,,False,2026-04-14 19:10:00+00:00,59323,74403.14,signal,48.77200000000012,0.0,0.0,48.77200000000012,0.6967428571428589,-31.929999999993015,486.4600000000064,-0.04561428571427573,0.6949428571428663,4,1200.0,14.0,181.41071428571533,392.6871081346818,newyork,Tue,18,False
1066,BTCUSDm,short,2026-04-15 00:10:00+00:00,59383,74655.14,0.1,75355.14,73655.14,700.0,close_above_upper,0.039034660776154285,0.1,74155.14,0.5,0.0,0.0,0.0,,,False,2026-04-15 00:55:00+00:00,59392,74487.98,signal,16.71600000000035,0.0,0.0,16.71600000000035,0.23880000000000498,-23.419999999998254,231.02000000000407,-0.03345714285714036,0.3300285714285772,9,2700.0,14.0,151.0992857142867,404.1488083122176,asian,Wed,0,False
1067,BTCUSDm,long,2026-04-15 13:45:00+00:00,59546,73902.89,0.1,73202.89,74902.89,700.0,close_below_lower,0.001426706427351697,0.1,74402.89,0.5,0.0,0.0,0.0,,,False,2026-04-15 14:15:00+00:00,59552,74165.17,signal,26.227999999999884,0.0,0.0,26.227999999999884,0.3746857142857126,-82.66000000000349,269.6999999999971,-0.11808571428571928,0.3852857142857101,6,1800.0,14.0,157.15214285714424,363.7441948508477,overlap,Wed,13,False
1068,BTCUSDm,long,2026-04-15 15:35:00+00:00,59568,73685.55,0.1,72985.55,74685.55,700.0,close_below_lower,0.1337644719852583,0.1,74185.55,0.5,0.0,0.0,0.0,,,False,2026-04-15 16:05:00+00:00,59574,73967.36,signal,28.18099999999977,0.0,0.0,28.18099999999977,0.402585714285711,-20.94999999999709,322.179999999993,-0.02992857142856727,0.4602571428571329,6,1800.0,14.0,206.6364285714257,374.7848598293152,overlap,Wed,15,False
1069,BTCUSDm,short,2026-04-15 19:10:00+00:00,59611,74690.6,0.1,75390.6,73690.6,700.0,close_above_upper,0.013573651062829614,0.1,74190.6,0.5,0.0,0.0,0.0,,,False,2026-04-15 20:10:00+00:00,59623,74804.88,signal,-11.427999999999884,0.0,0.0,-11.427999999999884,-0.16325714285714119,-615.5199999999895,103.22000000000116,-0.8793142857142707,0.1474571428571445,12,3600.0,14.0,120.97214285714394,336.4372787547349,newyork,Wed,19,False
1070,BTCUSDm,short,2026-04-15 22:10:00+00:00,59647,75156.76,0.1,75856.76,74156.76,700.0,close_above_upper,0.002422991423247844,0.1,74656.76,0.5,0.0,0.0,0.0,,,False,2026-04-15 23:00:00+00:00,59657,75003.7,signal,15.305999999999768,0.0,0.0,15.305999999999768,0.21865714285713955,-307.58000000000175,243.47999999999593,-0.4394000000000025,0.3478285714285656,10,3000.0,14.0,138.13785714285353,356.37728680001794,rollover,Wed,22,False
1071,BTCUSDm,short,2026-04-16 02:45:00+00:00,59702,75205.37,0.1,75905.37,74205.37,700.0,close_above_upper,0.06393996065501632,0.1,74705.37,0.5,0.0,0.0,0.0,,,False,2026-04-16 03:40:00+00:00,59713,75007.83,signal,19.753999999999362,0.0,0.0,19.753999999999362,0.2821999999999909,-86.85000000000582,387.1399999999994,-0.12407142857143688,0.553057142857142,11,3300.0,14.0,131.3021428571405,368.6651206775195,asian,Thu,2,False
1072,BTCUSDm,long,2026-04-16 13:55:00+00:00,59836,73444.4,0.1,73444.4,74444.4,700.0,close_below_lower,2.8793213897297285,0.05,73944.4,0.5,0.05,73944.4,25.0,59838.0,2026-04-16 14:05:00+00:00,True,2026-04-16 14:20:00+00:00,59841,73444.4,be_stop,25.0,0.0,0.0,25.0,0.35714285714285715,-136.43999999998778,528.75,-0.19491428571426825,0.7553571428571428,5,1500.0,14.0,211.44714285714664,304.5950176042414,overlap,Thu,13,False
1073,BTCUSDm,long,2026-04-16 14:25:00+00:00,59842,73580.63,0.1,72880.63,74580.63,700.0,close_below_lower,0.6719124123960708,0.1,74080.63,0.5,0.0,0.0,0.0,,,False,2026-04-16 14:45:00+00:00,59846,73970.16,signal,38.95299999999989,0.0,0.0,38.95299999999989,0.556471428571427,-68.91999999999825,486.3600000000006,-0.09845714285714036,0.6948000000000009,4,1200.0,14.0,301.1528571428561,323.45103635785233,overlap,Thu,14,False
1074,BTCUSDm,short,2026-04-16 15:40:00+00:00,59857,74659.63,0.1,75359.63,73659.63,700.0,close_above_upper,0.44754089993823143,0.1,74159.63,0.5,0.0,0.0,0.0,,,False,2026-04-16 16:30:00+00:00,59867,74596.24,signal,6.338999999999942,0.0,0.0,6.338999999999942,0.09055714285714203,-296.7899999999936,199.91999999999825,-0.42398571428570514,0.2855999999999975,10,3000.0,14.0,231.36428571428718,332.1834666957519,overlap,Thu,15,False
1075,BTCUSDm,long,2026-04-16 17:15:00+00:00,59876,73974.02,0.1,73274.02,74974.02,700.0,close_below_lower,0.0356498181279223,0.1,74474.02,0.5,0.0,0.0,0.0,,,False,2026-04-16 17:45:00+00:00,59882,74382.06,signal,40.80399999999936,0.0,0.0,40.80399999999936,0.5829142857142766,-69.7100000000064,446.58000000000175,-0.09958571428572344,0.6379714285714311,6,1800.0,14.0,216.7864285714282,351.4425735134539,newyork,Thu,17,False
1076,BTCUSDm,short,2026-04-16 18:55:00+00:00,59896,74900.62,0.1,75600.62,73900.62,700.0,close_above_upper,0.17743962080584683,0.1,74400.62,0.5,0.0,0.0,0.0,,,False,2026-04-16 20:30:00+00:00,59915,75221.9,signal,-32.127999999999886,0.0,0.0,-32.127999999999886,-0.458971428571427,-651.5100000000093,147.4899999999907,-0.9307285714285848,0.2106999999999867,19,5700.0,14.0,174.81071428571158,347.1307826049361,newyork,Thu,18,False
1077,BTCUSDm,short,2026-04-17 08:50:00+00:00,60063,75558.01,0.1,76258.01,74558.01,700.0,close_above_upper,0.06880574088967857,0.1,75058.01,0.5,0.0,0.0,0.0,,,False,2026-04-17 09:25:00+00:00,60070,76272.01,sl,-71.4,0.0,0.0,-71.4,-1.02,-439.3500000000058,77.22000000000116,-0.6276428571428655,0.11031428571428738,7,2100.0,14.0,147.19142857142702,347.1006772738123,london,Fri,8,False
1078,BTCUSDm,short,2026-04-17 09:30:00+00:00,60071,76283.71,0.1,76283.71,75283.71,700.0,close_above_upper,0.7278631485812349,0.05,75783.71,0.5,0.05,75742.69,27.051000000000204,60072.0,2026-04-17 09:35:00+00:00,True,2026-04-17 09:40:00+00:00,60073,75666.74,signal,57.89950000000026,0.0,0.0,57.89950000000026,0.827135714285718,-54.61999999999534,762.9300000000076,-0.07802857142856477,1.0899000000000107,2,600.0,14.0,235.28357142857152,358.80562321072205,london,Fri,9,False
1079,BTCUSDm,long,2026-04-17 10:30:00+00:00,60083,75245.97,0.1,74545.97,76245.97,700.0,close_below_lower,0.3251286281725649,0.1,75745.97,0.5,0.0,0.0,0.0,,,False,2026-04-17 11:20:00+00:00,60093,75435.44,signal,18.947000000000116,0.0,0.0,18.947000000000116,0.27067142857143023,-147.04000000000815,260.41999999999825,-0.2100571428571545,0.37202857142856893,10,3000.0,14.0,250.63571428571387,359.5024905130214,london,Fri,10,False
1080,BTCUSDm,short,2026-04-17 12:50:00+00:00,60111,76183.44,0.1,76883.44,75183.44,700.0,close_above_upper,0.2138727295529745,0.1,75683.44,0.5,0.0,0.0,0.0,,,False,2026-04-17 13:10:00+00:00,60115,76897.44,sl,-71.4,0.0,0.0,-71.4,-1.02,-535.3899999999994,173.63000000000466,-0.7648428571428563,0.24804285714286378,4,1200.0,14.0,162.66428571428696,369.2145492203017,overlap,Fri,12,False
1081,BTCUSDm,short,2026-04-17 13:15:00+00:00,60116,76948.4,0.1,76948.4,75948.4,700.0,close_above_upper,1.2748113477567458,0.05,76448.4,0.5,0.05,76462.4,24.3,60119.0,2026-04-17 13:30:00+00:00,True,2026-04-17 13:40:00+00:00,60121,76962.4,be_stop,23.6,0.0,0.0,23.6,0.3371428571428572,-97.6200000000099,828.9599999999919,-0.139457142857157,1.1842285714285599,5,1500.0,14.0,259.904285714287,377.0580434899071,overlap,Fri,13,False
1082,BTCUSDm,short,2026-04-17 13:45:00+00:00,60122,76933.13,0.1,77633.13,75933.13,700.0,close_above_upper,0.12034044892139387,0.1,76433.13,0.5,0.0,0.0,0.0,,,False,2026-04-17 14:20:00+00:00,60129,77647.13,sl,-71.4,0.0,0.0,-71.4,-1.02,-643.0999999999913,267.84000000001106,-0.9187142857142733,0.38262857142858725,7,2100.0,14.0,354.1621428571442,379.98403455837735,overlap,Fri,13,False
1083,BTCUSDm,short,2026-04-17 14:25:00+00:00,60130,77580.65,0.1,78280.65,76580.65,700.0,close_above_upper,0.26404295057348426,0.1,77080.65,0.5,0.0,0.0,0.0,,,False,2026-04-17 15:30:00+00:00,60143,77802.77,signal,-22.21200000000099,0.0,0.0,-22.21200000000099,-0.31731428571429987,-540.0900000000111,113.6299999999901,-0.7715571428571587,0.1623285714285573,13,3900.0,14.0,344.2214285714311,396.1119220887406,overlap,Fri,14,False
1084,BTCUSDm,long,2026-04-17 17:25:00+00:00,60166,77271.99,0.1,76571.99,78271.99,700.0,close_below_lower,0.3356930074189738,0.1,77771.99,0.5,0.0,0.0,0.0,,,False,2026-04-17 18:40:00+00:00,60181,77389.07,signal,11.708000000000176,0.0,0.0,11.708000000000176,0.16725714285714538,-162.41999999999825,425.25999999999476,-0.23202857142856895,0.6075142857142782,15,4500.0,14.0,224.93214285714515,420.5002838800276,newyork,Fri,17,False
1085,BTCUSDm,long,2026-04-19 07:25:00+00:00,60622,75059.2,0.1,74359.2,76059.2,700.0,close_below_lower,0.13040104916883433,0.1,75559.2,0.5,0.0,0.0,0.0,,,False,2026-04-19 07:55:00+00:00,60628,75264.72,signal,20.552000000000408,0.0,0.0,20.552000000000408,0.29360000000000586,-62.220000000001164,240.0,-0.08888571428571596,0.34285714285714286,6,1800.0,14.0,91.21428571428571,282.41133746256355,london,Sun,7,False
1086,BTCUSDm,short,2026-04-19 11:10:00+00:00,60667,75464.36,0.1,76164.36,74464.36,700.0,close_above_upper,0.2989220040883282,0.1,74964.36,0.5,0.0,0.0,0.0,,,False,2026-04-19 12:30:00+00:00,60683,75557.3,signal,-9.294000000000233,0.0,0.0,-9.294000000000233,-0.1327714285714319,-278.679999999993,124.36999999999534,-0.39811428571427576,0.17767142857142193,16,4800.0,14.0,83.01285714285665,226.53374390063357,london,Sun,11,False
1087,BTCUSDm,short,2026-04-19 13:20:00+00:00,60693,76060.34,0.1,76760.34,75060.34,700.0,close_above_upper,0.6596007194006851,0.1,75560.34,0.5,0.0,0.0,0.0,,,False,2026-04-19 14:05:00+00:00,60702,75858.38,signal,20.195999999999188,0.0,0.0,20.195999999999188,0.2885142857142741,-216.4100000000035,288.7699999999895,-0.30915714285714785,0.4125285714285565,9,2700.0,14.0,121.83071428571358,230.64578314209479,overlap,Sun,13,False
1088,BTCUSDm,long,2026-04-19 15:40:00+00:00,60721,75686.21,0.1,74986.21,76686.21,700.0,close_below_lower,0.19842901691841455,0.1,76186.21,0.5,0.0,0.0,0.0,,,False,2026-04-19 17:50:00+00:00,60747,74986.21,sl,-70.0,0.0,0.0,-70.0,-1.0,-677.6100000000006,227.31999999999243,-0.9680142857142865,0.32474285714284634,26,7800.0,14.0,169.087142857144,237.113417891987,overlap,Sun,15,False
1089,BTCUSDm,long,2026-04-19 17:55:00+00:00,60748,74830.15,0.1,74130.15,75830.15,700.0,close_below_lower,0.6351051755682808,0.1,75330.15,0.5,0.0,0.0,0.0,,,False,2026-04-19 19:05:00+00:00,60762,74899.13,signal,6.898000000001048,0.0,0.0,6.898000000001048,0.09854285714287211,-221.31999999999243,120.77999999999884,-0.3161714285714178,0.17254285714285547,14,4200.0,14.0,198.04214285714156,250.14613240435574,newyork,Sun,17,False
1090,BTCUSDm,long,2026-04-19 22:05:00+00:00,60798,73933.12,0.1,73233.12,74933.12,700.0,close_below_lower,1.533488967311038,0.1,74433.12,0.5,0.0,0.0,0.0,,,False,2026-04-20 00:05:00+00:00,60822,74080.65,signal,14.752999999999885,0.0,0.0,14.752999999999885,0.2107571428571412,-203.80999999999767,312.8899999999994,-0.2911571428571395,0.44698571428571343,24,7200.0,14.0,157.60571428570984,269.4653708644647,rollover,Sun,22,False
1091,BTCUSDm,short,2026-04-20 01:35:00+00:00,60840,74627.84,0.1,75327.84,73627.84,700.0,close_above_upper,0.08252306560022687,0.1,74127.84,0.5,0.0,0.0,0.0,,,False,2026-04-20 02:15:00+00:00,60848,74437.99,signal,18.98499999999913,0.0,0.0,18.98499999999913,0.27121428571427325,-142.4499999999971,264.8399999999965,-0.20349999999999585,0.37834285714285215,8,2400.0,14.0,115.82285714285536,295.4149600018919,asian,Mon,1,False
1092,BTCUSDm,long,2026-04-20 05:25:00+00:00,60886,74184.22,0.1,73484.22,75184.22,700.0,close_below_lower,0.003688013306701866,0.1,74684.22,0.5,0.0,0.0,0.0,,,False,2026-04-20 05:55:00+00:00,60892,74327.9,signal,14.367999999999302,0.0,0.0,14.367999999999302,0.2052571428571329,-64.94000000000233,145.91999999999825,-0.09277142857143189,0.20845714285714037,6,1800.0,14.0,84.12071428571446,280.8778170973892,asian,Mon,5,False
1093,BTCUSDm,short,2026-04-20 06:45:00+00:00,60902,74810.57,0.1,75510.57,73810.57,700.0,close_above_upper,0.34428889120445294,0.1,74310.57,0.5,0.0,0.0,0.0,,,False,2026-04-20 07:20:00+00:00,60909,75524.57,sl,-71.4,0.0,0.0,-71.4,-1.02,-143.68999999998778,130.69000000000233,-0.20527142857141112,0.18670000000000334,7,2100.0,14.0,122.76357142857056,284.96679922562754,asian,Mon,6,False
1094,BTCUSDm,short,2026-04-20 07:25:00+00:00,60910,75399.22,0.1,75399.22,74399.22,700.0,close_above_upper,1.1481065608404855,0.05,74899.22,0.5,0.05,74913.22,24.3,60912.0,2026-04-20 07:35:00+00:00,True,2026-04-20 07:50:00+00:00,60915,74898.62,signal,49.3300000000003,0.0,0.0,49.3300000000003,0.70471428571429,-38.020000000004075,528.5800000000017,-0.05431428571429153,0.7551142857142882,5,1500.0,14.0,177.63714285714585,294.5857773734369,london,Mon,7,False
1095,BTCUSDm,short,2026-04-20 14:30:00+00:00,60995,75605.33,0.1,75605.33,74605.33,700.0,close_above_upper,0.026199384741491347,0.05,75105.33,0.5,0.05,75119.33,24.3,60999.0,2026-04-20 14:50:00+00:00,True,2026-04-20 14:55:00+00:00,61000,75064.43,signal,51.34500000000044,0.0,0.0,51.34500000000044,0.7335000000000063,-105.44000000000233,590.7299999999959,-0.15062857142857475,0.8438999999999942,5,1500.0,14.0,250.2957142857153,310.561462237847,overlap,Mon,14,False
1096,BTCUSDm,long,2026-04-20 15:05:00+00:00,61002,74838.69,0.1,74138.69,75838.69,700.0,close_below_lower,0.39101713230696333,0.1,75338.69,0.5,0.0,0.0,0.0,,,False,2026-04-20 15:20:00+00:00,61005,75205.99,signal,36.730000000000295,0.0,0.0,36.730000000000295,0.5247142857142899,-113.94000000000233,399.9799999999959,-0.1627714285714319,0.5713999999999941,3,900.0,14.0,260.88500000000204,316.4234439419757,overlap,Mon,15,False
1097,BTCUSDm,short,2026-04-20 15:30:00+00:00,61007,75777.4,0.1,76477.4,74777.4,700.0,close_above_upper,0.6078890612258905,0.1,75277.4,0.5,0.0,0.0,0.0,,,False,2026-04-20 16:10:00+00:00,61015,75506.8,signal,27.05999999999913,0.0,0.0,27.05999999999913,0.38657142857141613,0.0,333.0,0.0,0.4757142857142857,8,2400.0,14.0,276.1714285714282,323.3531646766405,overlap,Mon,15,False
1098,BTCUSDm,short,2026-04-20 17:20:00+00:00,61029,75890.71,0.1,76590.71,74890.71,700.0,close_above_upper,0.09358591514365902,0.1,75390.71,0.5,0.0,0.0,0.0,,,False,2026-04-20 19:20:00+00:00,61053,76274.44,signal,-38.37299999999959,0.0,0.0,-38.37299999999959,-0.5481857142857085,-623.9099999999889,256.7700000000041,-0.8912999999999842,0.36681428571429153,24,7200.0,14.0,163.40142857142615,333.3364050432444,newyork,Mon,17,False
1099,BTCUSDm,short,2026-04-21 08:50:00+00:00,61215,76686.34,0.1,77386.34,75686.34,700.0,close_above_upper,0.03616832194549184,0.1,76186.34,0.5,0.0,0.0,0.0,,,False,2026-04-21 09:25:00+00:00,61222,76448.23,signal,23.81100000000006,0.0,0.0,23.81100000000006,0.3401571428571437,-2.430000000007567,316.59999999999127,-0.0034714285714393814,0.4522857142857018,7,2100.0,14.0,147.98357142857276,360.4458472382299,london,Tue,8,False
1100,BTCUSDm,long,2026-04-21 12:45:00+00:00,61262,75865.9,0.1,75165.9,76865.9,700.0,close_below_lower,0.47140632089625195,0.1,76365.9,0.5,0.0,0.0,0.0,,,False,2026-04-21 13:45:00+00:00,61274,76021.9,signal,15.600000000000001,0.0,0.0,15.600000000000001,0.22285714285714286,-121.75,340.70000000001164,-0.17392857142857143,0.48671428571430236,12,3600.0,14.0,163.45285714285689,348.00678867946635,overlap,Tue,12,False
1101,BTCUSDm,short,2026-04-21 14:45:00+00:00,61286,76478.54,0.1,76478.54,75478.54,700.0,close_above_upper,0.0849428673073125,0.05,75978.54,0.5,0.05,75992.54,24.3,61288.0,2026-04-21 14:55:00+00:00,True,2026-04-21 15:00:00+00:00,61289,75701.26,signal,63.163999999999945,0.0,0.0,63.163999999999945,0.9023428571428563,-22.660000000003492,852.75,-0.03237142857143356,1.2182142857142857,3,900.0,14.0,227.09285714285838,355.86275753568435,overlap,Tue,14,False
1102,BTCUSDm,long,2026-04-21 15:05:00+00:00,61290,75706.84,0.1,75006.84,76706.84,700.0,close_below_lower,0.015859856992550058,0.1,76206.84,0.5,0.0,0.0,0.0,,,False,2026-04-21 15:20:00+00:00,61293,76000.92,signal,29.408000000000175,0.0,0.0,29.408000000000175,0.4201142857142882,-147.51999999998952,296.6399999999994,-0.2107428571428422,0.42377142857142774,3,900.0,14.0,251.10285714285834,360.85520213869904,overlap,Tue,15,False
1103,BTCUSDm,long,2026-04-21 17:20:00+00:00,61317,75130.07,0.1,75130.07,76130.07,700.0,close_below_lower,0.86030266309929,0.05,75630.07,0.5,0.05,75630.07,25.0,61320.0,2026-04-21 17:35:00+00:00,True,2026-04-21 17:45:00+00:00,61322,75769.6,signal,56.976499999999945,0.0,0.0,56.976499999999945,0.8139499999999992,-66.86000000000058,796.0299999999988,-0.09551428571428655,1.1371857142857127,5,1500.0,14.0,193.70428571428576,356.46296701870125,newyork,Tue,17,False
1104,BTCUSDm,long,2026-04-21 19:45:00+00:00,61346,74891.0,0.1,74891.0,75891.0,700.0,close_below_lower,0.8597163778284201,0.05,75391.0,0.5,0.05,75391.0,25.0,61350.0,2026-04-21 20:05:00+00:00,True,2026-04-21 20:10:00+00:00,61351,75364.72,signal,48.686000000000064,0.0,0.0,48.686000000000064,0.6955142857142866,-64.35000000000582,550.8300000000017,-0.09192857142857974,0.7869000000000025,5,1500.0,14.0,209.92499999999978,355.14221336408286,newyork,Tue,19,False
1105,BTCUSDm,short,2026-04-21 23:50:00+00:00,61395,76377.19,0.1,77077.19,75377.19,700.0,close_above_upper,0.38891813502338324,0.1,75877.19,0.5,0.0,0.0,0.0,,,False,2026-04-22 00:50:00+00:00,61407,76300.68,signal,7.6510000000009315,0.0,0.0,7.6510000000009315,0.1093000000000133,-149.6999999999971,152.10000000000582,-0.2138571428571387,0.2172857142857226,12,3600.0,14.0,135.29928571428692,381.53791908947665,rollover,Tue,23,False
1106,BTCUSDm,short,2026-04-22 02:15:00+00:00,61424,76749.4,0.1,77449.4,75749.4,700.0,close_above_upper,0.12876496848126584,0.1,76249.4,0.5,0.0,0.0,0.0,,,False,2026-04-22 02:50:00+00:00,61431,77463.4,sl,-71.4,0.0,0.0,-71.4,-1.02,-618.5800000000017,0.0,-0.8836857142857167,0.0,7,2100.0,14.0,141.36142857142735,373.66678524244566,asian,Wed,2,False
1107,BTCUSDm,short,2026-04-22 02:55:00+00:00,61432,77493.43,0.1,78193.43,76493.43,700.0,close_above_upper,0.43082855866920583,0.1,76993.43,0.5,0.0,0.0,0.0,,,False,2026-04-22 04:15:00+00:00,61448,77516.12,signal,-2.269000000000233,0.0,0.0,-2.269000000000233,-0.03241428571428904,-258.4400000000023,77.25,-0.3692000000000033,0.11035714285714286,16,4800.0,14.0,236.17785714285648,394.2305669814555,asian,Wed,2,False
1108,BTCUSDm,short,2026-04-22 05:25:00+00:00,61462,78208.35,0.1,78908.35,77208.35,700.0,close_above_upper,0.4356590941282342,0.1,77708.35,0.5,0.0,0.0,0.0,,,False,2026-04-22 06:10:00+00:00,61471,77954.39,signal,25.39600000000064,0.0,0.0,25.39600000000064,0.36280000000000917,-252.7399999999907,315.34000000001106,-0.36105714285712953,0.4504857142857301,9,2700.0,14.0,168.67285714285703,402.232596945495,asian,Wed,5,False
1109,BTCUSDm,short,2026-04-22 14:15:00+00:00,61568,79086.86,0.1,79786.86,78086.86,700.0,close_above_upper,0.11392602859592776,0.1,78586.86,0.5,0.0,0.0,0.0,,,False,2026-04-22 14:35:00+00:00,61572,78791.97,signal,29.488999999999944,0.0,0.0,29.488999999999944,0.4212714285714278,-137.61000000000058,472.8099999999977,-0.1965857142857151,0.6754428571428538,4,1200.0,14.0,197.3478571428568,376.06718160746925,overlap,Wed,14,False
1110,BTCUSDm,short,2026-04-23 15:00:00+00:00,61865,78195.71,0.1,78895.71,77195.71,700.0,close_above_upper,0.10099754285732084,0.1,77695.71,0.5,0.0,0.0,0.0,,,False,2026-04-23 16:05:00+00:00,61878,78371.53,signal,-17.581999999999244,0.0,0.0,-17.581999999999244,-0.2511714285714178,-508.54999999998836,197.2600000000093,-0.7264999999999834,0.2818000000000133,13,3900.0,14.0,193.85642857143102,357.71462396366815,overlap,Thu,15,False
1111,BTCUSDm,long,2026-04-23 17:10:00+00:00,61891,77771.09,0.1,77071.09,78771.09,700.0,close_below_lower,0.29506151303688105,0.1,78271.09,0.5,0.0,0.0,0.0,,,False,2026-04-23 17:40:00+00:00,61897,77071.09,sl,-70.0,0.0,0.0,-70.0,-1.0,-558.1600000000035,161.65000000000873,-0.7973714285714336,0.2309285714285839,6,1800.0,14.0,171.36357142857327,369.2450288259982,newyork,Thu,17,False
1112,BTCUSDm,long,2026-04-23 17:45:00+00:00,61898,77227.13,0.1,77227.13,78227.13,700.0,close_below_lower,0.5645151825210231,0.05,77727.13,0.5,0.05,77727.13,25.0,61899.0,2026-04-23 17:50:00+00:00,True,2026-04-23 18:00:00+00:00,61901,77787.89,signal,53.03799999999974,0.0,0.0,53.03799999999974,0.7576857142857106,-253.35000000000582,618.4700000000012,-0.36192857142857976,0.8835285714285731,3,900.0,14.0,234.9550000000007,372.9305813466748,newyork,Thu,17,False
1113,BTCUSDm,long,2026-04-24 03:25:00+00:00,62014,77741.5,0.1,77041.5,78741.5,700.0,close_below_lower,0.2829270686115839,0.1,78241.5,0.5,0.0,0.0,0.0,,,False,2026-04-24 04:25:00+00:00,62026,77837.77,signal,9.627000000000407,0.0,0.0,9.627000000000407,0.13752857142857725,-168.92999999999302,154.0500000000029,-0.24132857142856146,0.22007142857143272,12,3600.0,14.0,129.97071428571508,356.50392934961246,asian,Fri,3,False
1114,BTCUSDm,short,2026-04-24 11:10:00+00:00,62107,78137.76,0.1,78837.76,77137.76,700.0,close_above_upper,0.16179300593240342,0.1,77637.76,0.5,0.0,0.0,0.0,,,False,2026-04-24 12:35:00+00:00,62124,78246.44,signal,-10.868000000000757,0.0,0.0,-10.868000000000757,-0.15525714285715367,-266.20000000001164,22.29999999998836,-0.38028571428573094,0.03185714285712623,17,5100.0,14.0,116.01000000000204,346.4546369000193,london,Fri,11,False
1115,BTCUSDm,long,2026-04-25 15:55:00+00:00,62452,77363.95,0.1,76663.95,78363.95,700.0,close_below_lower,0.3289401931294614,0.1,77863.95,0.5,0.0,0.0,0.0,,,False,2026-04-25 18:30:00+00:00,62483,77337.69,signal,-2.6259999999994763,0.0,0.0,-2.6259999999994763,-0.037514285714278235,-198.77999999999884,113.15000000000873,-0.28397142857142693,0.1616428571428696,31,9300.0,14.0,58.84071428571354,228.721367885429,overlap,Sat,15,False
1116,BTCUSDm,short,2026-04-26 04:50:00+00:00,62607,77751.95,0.1,78451.95,76751.95,700.0,close_above_upper,0.5349080328011104,0.1,77251.95,0.5,0.0,0.0,0.0,,,False,2026-04-26 06:20:00+00:00,62625,77973.84,signal,-22.188999999999943,0.0,0.0,-22.188999999999943,-0.3169857142857135,-464.75,52.729999999995925,-0.6639285714285714,0.07532857142856561,18,5400.0,14.0,62.93785714285644,169.21006394486704,asian,Sun,4,False
1117,BTCUSDm,long,2026-04-26 12:50:00+00:00,62703,77867.99,0.1,77167.99,78867.99,700.0,close_below_lower,0.11409693341620468,0.1,78367.99,0.5,0.0,0.0,0.0,,,False,2026-04-26 13:35:00+00:00,62712,77972.44,signal,10.444999999999709,0.0,0.0,10.444999999999709,0.14921428571428155,-71.35000000000582,118.18999999998778,-0.10192857142857975,0.16884285714283967,9,2700.0,14.0,49.782857142856564,142.49666432034144,overlap,Sun,12,False
1118,BTCUSDm,short,2026-04-26 18:20:00+00:00,62769,78202.76,0.1,78902.76,77202.76,700.0,close_above_upper,0.08838163952463503,0.1,77702.76,0.5,0.0,0.0,0.0,,,False,2026-04-26 19:25:00+00:00,62782,78244.87,signal,-4.211000000000058,0.0,0.0,-4.211000000000058,-0.060157142857143686,-320.7600000000093,49.86000000000058,-0.45822857142858475,0.07122857142857227,13,3900.0,14.0,71.70785714285739,139.17737096817748,newyork,Sun,18,False
1119,BTCUSDm,long,2026-04-26 21:35:00+00:00,62808,78067.61,0.1,78067.61,79067.61,700.0,close_below_lower,0.31375558753420985,0.05,78567.61,0.5,0.05,78567.61,25.0,62811.0,2026-04-26 21:50:00+00:00,True,2026-04-26 21:55:00+00:00,62812,78592.49,signal,51.244000000000234,0.0,0.0,51.244000000000234,0.7320571428571462,-211.5399999999936,537.8500000000058,-0.30219999999999086,0.7683571428571512,4,1200.0,14.0,83.60785714285677,143.19078848523785,rollover,Sun,21,False
1120,BTCUSDm,short,2026-04-26 22:00:00+00:00,62813,78427.92,0.1,79127.92,77427.92,700.0,close_above_upper,0.3886219155490368,0.1,77927.92,0.5,0.0,0.0,0.0,,,False,2026-04-26 22:35:00+00:00,62820,78098.8,signal,32.91199999999954,0.0,0.0,32.91199999999954,0.47017142857142197,-452.5500000000029,451.3999999999942,-0.6465000000000042,0.6448571428571346,7,2100.0,14.0,175.6714285714292,149.05528502322562,rollover,Sun,22,False
1121,BTCUSDm,long,2026-04-26 22:40:00+00:00,62821,78196.85,0.1,77496.85,79196.85,700.0,close_below_lower,0.313730649231547,0.1,78696.85,0.5,0.0,0.0,0.0,,,False,2026-04-26 22:50:00+00:00,62823,78416.54,signal,21.96899999999878,0.0,0.0,21.96899999999878,0.3138428571428397,-32.93000000000757,260.52999999999884,-0.047042857142867954,0.3721857142857126,2,600.0,14.0,281.1507142857164,160.27576350748603,rollover,Sun,22,False
1122,BTCUSDm,long,2026-04-26 23:30:00+00:00,62831,78179.6,0.1,77479.6,79179.6,700.0,close_below_lower,0.11054740856872548,0.1,78679.6,0.5,0.0,0.0,0.0,,,False,2026-04-26 23:35:00+00:00,62832,78357.58,signal,17.797999999999593,0.0,0.0,17.797999999999593,0.254257142857137,-136.7100000000064,269.0,-0.19530000000000916,0.3842857142857143,1,300.0,14.0,181.65214285714526,160.14920076745528,rollover,Sun,23,False
1123,BTCUSDm,short,2026-04-26 23:45:00+00:00,62834,78611.7,0.1,79311.7,77611.7,700.0,close_above_upper,0.4544213916500658,0.1,78111.7,0.5,0.0,0.0,0.0,,,False,2026-04-27 00:25:00+00:00,62842,78573.23,signal,3.8470000000001168,0.0,0.0,3.8470000000001168,0.05495714285714452,-309.47000000000116,61.30999999999767,-0.44210000000000166,0.08758571428571096,8,2400.0,14.0,175.0057142857165,162.16189397925436,rollover,Sun,23,False
1124,BTCUSDm,short,2026-04-27 00:45:00+00:00,62846,78829.29,0.1,79529.29,77829.29,700.0,close_above_upper,0.2315079761969335,0.1,78329.29,0.5,0.0,0.0,0.0,,,False,2026-04-27 01:30:00+00:00,62855,78928.16,signal,-9.88700000000099,0.0,0.0,-9.88700000000099,-0.1412428571428713,-676.25,95.17999999999302,-0.9660714285714286,0.13597142857141858,9,2700.0,14.0,166.8864285714288,171.81963754021243,asian,Mon,0,False
1125,BTCUSDm,short,2026-04-27 01:50:00+00:00,62859,79349.56,0.1,80049.56,78349.56,700.0,close_above_upper,0.6575734983650382,0.1,78849.56,0.5,0.0,0.0,0.0,,,False,2026-04-27 02:25:00+00:00,62866,79128.02,signal,22.15399999999936,0.0,0.0,22.15399999999936,0.31648571428570516,-0.7200000000011642,258.50999999999476,-0.0010285714285730916,0.3692999999999925,7,2100.0,14.0,216.5028571428598,187.4057553931272,asian,Mon,1,False
1126,BTCUSDm,long,2026-04-27 05:05:00+00:00,62898,78785.47,0.1,78085.47,79785.47,700.0,close_below_lower,0.38387186372722754,0.1,79285.47,0.5,0.0,0.0,0.0,,,False,2026-04-27 05:15:00+00:00,62900,78085.47,sl,-70.0,0.0,0.0,-70.0,-1.0,-396.570000000007,8.539999999993597,-0.5665285714285814,0.012199999999990854,2,600.0,14.0,97.29500000000033,192.3370285327602,asian,Mon,5,False
1127,BTCUSDm,long,2026-04-27 05:20:00+00:00,62901,78052.81,0.1,77352.81,79052.81,700.0,close_below_lower,3.0118616864563013,0.1,78552.81,0.5,0.0,0.0,0.0,,,False,2026-04-27 07:25:00+00:00,62926,77712.23,signal,-34.05800000000018,0.0,0.0,-34.05800000000018,-0.48654285714285966,-589.1699999999983,0.0,-0.8416714285714261,0.0,25,7500.0,14.0,144.1971428571425,200.46906613537035,asian,Mon,5,False
1128,BTCUSDm,short,2026-04-27 14:40:00+00:00,63013,78135.44,0.1,78835.44,77135.44,700.0,close_above_upper,0.218170005618742,0.1,77635.44,0.5,0.0,0.0,0.0,,,False,2026-04-27 14:55:00+00:00,63016,77936.6,signal,19.883999999999652,0.0,0.0,19.883999999999652,0.2840571428571379,-135.1600000000035,277.91999999999825,-0.19308571428571927,0.39702857142856895,3,900.0,14.0,158.6614285714282,233.08467365282672,overlap,Mon,14,False
1129,BTCUSDm,long,2026-04-27 15:05:00+00:00,63018,77381.18,0.1,76681.18,78381.18,700.0,close_below_lower,1.1958468538380451,0.1,77881.18,0.5,0.0,0.0,0.0,,,False,2026-04-27 15:20:00+00:00,63021,76681.18,sl,-70.0,0.0,0.0,-70.0,-1.0,-506.06999999999243,177.88000000000466,-0.7229571428571321,0.25411428571429234,3,900.0,14.0,190.83071428571566,238.00114822545586,overlap,Mon,15,False
1130,BTCUSDm,long,2026-04-27 15:25:00+00:00,63022,76642.73,0.1,75942.73,77642.73,700.0,close_below_lower,2.8123814024493665,0.1,77142.73,0.5,0.0,0.0,0.0,,,False,2026-04-27 17:05:00+00:00,63042,76761.38,signal,11.865000000000874,0.0,0.0,11.865000000000874,0.1695000000000125,-116.73999999999069,456.8099999999977,-0.16677142857141528,0.652585714285711,20,6000.0,14.0,251.01214285714272,252.59783809291707,overlap,Mon,15,False
1131,BTCUSDm,long,2026-04-28 02:40:00+00:00,63157,76717.23,0.1,76017.23,77717.23,700.0,close_below_lower,0.2952910152821569,0.1,77217.23,0.5,0.0,0.0,0.0,,,False,2026-04-28 03:35:00+00:00,63168,76811.67,signal,9.444000000000234,0.0,0.0,9.444000000000234,0.13491428571428904,-56.86000000000058,189.99000000000524,-0.08122857142857226,0.2714142857142932,11,3300.0,14.0,125.77000000000096,290.7697837370454,asian,Tue,2,False
1132,BTCUSDm,short,2026-04-29 03:20:00+00:00,63453,76819.32,0.1,77519.32,75819.32,700.0,close_above_upper,0.11931233087151327,0.1,76319.32,0.5,0.0,0.0,0.0,,,False,2026-04-29 05:45:00+00:00,63482,77233.17,signal,-41.38499999999913,0.0,0.0,-41.38499999999913,-0.5912142857142733,-628.8299999999872,48.330000000001746,-0.8983285714285532,0.06904285714285964,29,8700.0,14.0,79.34571428571196,260.9580276895574,asian,Wed,3,False
1133,BTCUSDm,short,2026-04-29 09:50:00+00:00,63531,77637.37,0.1,78337.37,76637.37,700.0,close_above_upper,0.9827466364245705,0.1,77137.37,0.5,0.0,0.0,0.0,,,False,2026-04-29 10:45:00+00:00,63542,77576.0,signal,6.136999999999535,0.0,0.0,6.136999999999535,0.08767142857142193,-271.33000000000175,86.0399999999936,-0.3876142857142882,0.12291428571427657,11,3300.0,14.0,90.30071428571371,245.1933837212165,london,Wed,9,False
1134,BTCUSDm,long,2026-04-29 12:25:00+00:00,63562,77135.13,0.1,76435.13,78135.13,700.0,close_below_lower,0.3000756067719562,0.1,77635.13,0.5,0.0,0.0,0.0,,,False,2026-04-29 13:45:00+00:00,63578,76435.13,sl,-70.0,0.0,0.0,-70.0,-1.0,-605.0500000000029,111.3799999999901,-0.864357142857147,0.15911428571427158,16,4800.0,14.0,118.00928571428709,258.62630278376395,overlap,Wed,12,False
1135,BTCUSDm,long,2026-04-29 13:50:00+00:00,63579,76592.88,0.1,75892.88,77592.88,700.0,close_below_lower,0.2149700642424209,0.1,77092.88,0.5,0.0,0.0,0.0,,,False,2026-04-29 14:40:00+00:00,63589,76729.63,signal,13.675,0.0,0.0,13.675,0.19535714285714287,-108.70000000001164,270.72000000000116,-0.15528571428573093,0.38674285714285883,10,3000.0,14.0,141.75000000000105,271.24465525056917,overlap,Wed,13,False
1136,BTCUSDm,long,2026-04-29 15:10:00+00:00,63595,76310.35,0.1,75610.35,77310.35,700.0,close_below_lower,0.031738437850816086,0.1,76810.35,0.5,0.0,0.0,0.0,,,False,2026-04-29 17:05:00+00:00,63618,75973.18,signal,-33.717000000001285,0.0,0.0,-33.717000000001285,-0.4816714285714469,-659.3800000000047,38.48999999999069,-0.9419714285714352,0.05498571428570098,23,6900.0,14.0,150.44142857142808,275.42217236027955,overlap,Wed,15,False
1137,BTCUSDm,long,2026-04-29 18:10:00+00:00,63631,74992.94,0.1,74292.94,75992.94,700.0,close_below_lower,1.975203617596016,0.1,75492.94,0.5,0.0,0.0,0.0,,,False,2026-04-29 18:55:00+00:00,63640,75400.38,signal,40.744000000000234,0.0,0.0,40.744000000000234,0.5820571428571462,-114.30000000000291,433.8399999999965,-0.16328571428571845,0.6197714285714235,9,2700.0,14.0,215.35571428571296,294.1533341847503,newyork,Wed,18,False
1138,BTCUSDm,short,2026-04-30 00:40:00+00:00,63709,76126.21,0.1,76826.21,75126.21,700.0,close_above_upper,0.05067106973023851,0.1,75626.21,0.5,0.0,0.0,0.0,,,False,2026-04-30 02:00:00+00:00,63725,76226.2,signal,-9.99899999999907,0.0,0.0,-9.99899999999907,-0.14284285714284387,-331.41999999999825,130.73000000001048,-0.47345714285714036,0.18675714285715783,16,4800.0,14.0,102.5164285714314,306.74448200788584,asian,Thu,0,False
1139,BTCUSDm,long,2026-04-30 02:35:00+00:00,63732,75747.93,0.1,75047.93,76747.93,700.0,close_below_lower,0.4718384368126896,0.1,76247.93,0.5,0.0,0.0,0.0,,,False,2026-04-30 03:30:00+00:00,63743,75845.7,signal,9.777000000000408,0.0,0.0,9.777000000000408,0.1396714285714344,-290.31999999999243,121.95000000001164,-0.4147428571428463,0.17421428571430234,11,3300.0,14.0,141.76500000000047,315.1719856032148,asian,Thu,2,False
1140,BTCUSDm,short,2026-05-01 03:20:00+00:00,64017,77200.03,0.1,77900.03,76200.03,700.0,close_above_upper,0.7800109676872693,0.1,76700.03,0.5,0.0,0.0,0.0,,,False,2026-05-01 04:30:00+00:00,64031,77007.35,signal,19.267999999999304,0.0,0.0,19.267999999999304,0.27525714285713293,-233.6999999999971,287.16999999999825,-0.3338571428571387,0.41024285714285463,14,4200.0,14.0,94.95142857142908,311.8632163400258,asian,Fri,3,False
1141,BTCUSDm,short,2026-05-01 08:25:00+00:00,64078,77449.75,0.1,78149.75,76449.75,700.0,close_above_upper,0.11909539602964596,0.1,76949.75,0.5,0.0,0.0,0.0,,,False,2026-05-01 09:05:00+00:00,64086,77307.27,signal,14.247999999999593,0.0,0.0,14.247999999999593,0.20354285714285134,-1.1699999999982538,192.0,-0.0016714285714260768,0.2742857142857143,8,2400.0,14.0,88.61000000000058,287.97415522843545,london,Fri,8,False
1142,BTCUSDm,short,2026-05-01 12:25:00+00:00,64126,77751.44,0.1,78451.44,76751.44,700.0,close_above_upper,0.052676347319644067,0.1,77251.44,0.5,0.0,0.0,0.0,,,False,2026-05-01 13:30:00+00:00,64139,78465.44,sl,-71.4,0.0,0.0,-71.4,-1.02,-682.7799999999988,28.30000000000291,-0.9753999999999984,0.04042857142857559,13,3900.0,14.0,115.83571428571304,265.5286027372768,overlap,Fri,12,False
1143,BTCUSDm,short,2026-05-01 13:35:00+00:00,64140,78430.22,0.1,79130.22,77430.22,700.0,close_above_upper,0.15690284496211623,0.1,77930.22,0.5,0.0,0.0,0.0,,,False,2026-05-01 14:25:00+00:00,64150,78407.07,signal,2.314999999999418,0.0,0.0,2.314999999999418,0.03307142857142026,-493.2899999999936,309.7100000000064,-0.7046999999999909,0.4424428571428663,10,3000.0,14.0,180.6078571428547,265.4850291542738,overlap,Fri,13,False
1144,BTCUSDm,long,2026-05-01 20:55:00+00:00,64228,77865.14,0.1,77165.14,78865.14,700.0,close_below_lower,0.043475052335402005,0.1,78365.14,0.5,0.0,0.0,0.0,,,False,2026-05-01 21:30:00+00:00,64235,78013.76,signal,14.861999999999535,0.0,0.0,14.861999999999535,0.21231428571427907,-91.16000000000349,203.91999999999825,-0.1302285714285764,0.2913142857142832,7,2100.0,14.0,104.33928571428467,279.322344052087,newyork,Fri,20,False
1145,BTCUSDm,short,2026-05-02 21:40:00+00:00,64525,78882.02,0.1,79582.02,77882.02,700.0,close_above_upper,0.7452366046314517,0.1,78382.02,0.5,0.0,0.0,0.0,,,False,2026-05-02 22:25:00+00:00,64534,78655.72,signal,22.630000000000294,0.0,0.0,22.630000000000294,0.3232857142857185,-31.479999999995925,268.83000000000175,-0.04497142857142275,0.38404285714285963,9,2700.0,14.0,84.36285714285623,216.98484677650373,rollover,Sat,21,False
1146,BTCUSDm,long,2026-05-03 01:20:00+00:00,64569,78268.73,0.1,77568.73,79268.73,700.0,close_below_lower,0.08424163116861386,0.1,78768.73,0.5,0.0,0.0,0.0,,,False,2026-05-03 02:55:00+00:00,64588,78179.3,signal,-8.942999999999302,0.0,0.0,-8.942999999999302,-0.12775714285713288,-164.2899999999936,41.279999999998836,-0.23469999999999086,0.058971428571426905,19,5700.0,14.0,90.719999999997,226.1218046702797,asian,Sun,1,False
1147,BTCUSDm,short,2026-05-03 11:45:00+00:00,64694,78709.45,0.1,79409.45,77709.45,700.0,close_above_upper,0.21331279577363396,0.1,78209.45,0.5,0.0,0.0,0.0,,,False,2026-05-03 13:00:00+00:00,64709,78758.65,signal,-4.9199999999997095,0.0,0.0,-4.9199999999997095,-0.07028571428571014,-168.24000000000524,70.25999999999476,-0.24034285714286463,0.10037142857142109,15,4500.0,14.0,58.14071428571333,166.55175566956706,london,Sun,11,False
1148,BTCUSDm,short,2026-05-03 20:25:00+00:00,64798,78910.52,0.1,79610.52,77910.52,700.0,close_above_upper,0.04900015092626174,0.1,78410.52,0.5,0.0,0.0,0.0,,,False,2026-05-03 20:50:00+00:00,64803,78857.23,signal,5.329000000000815,0.0,0.0,5.329000000000815,0.07612857142858308,-376.20999999999185,83.27000000000407,-0.5374428571428455,0.11895714285714867,5,1500.0,14.0,70.61285714285623,142.8510314156524,newyork,Sun,20,False
1149,BTCUSDm,long,2026-05-03 21:45:00+00:00,64814,78722.52,0.1,78022.52,79722.52,700.0,close_below_lower,0.28764163451239666,0.1,79222.52,0.5,0.0,0.0,0.0,,,False,2026-05-03 22:05:00+00:00,64818,79109.67,signal,38.71499999999942,0.0,0.0,38.71499999999942,0.5530714285714203,-80.63000000000466,455.9499999999971,-0.11518571428572094,0.6513571428571387,4,1200.0,14.0,109.1857142857147,146.08891810791695,rollover,Sun,21,False
1150,BTCUSDm,short,2026-05-03 22:15:00+00:00,64820,79252.39,0.1,79952.39,78252.39,700.0,close_above_upper,1.2573563352438266,0.1,78752.39,0.5,0.0,0.0,0.0,,,False,2026-05-03 23:10:00+00:00,64831,79123.95,signal,12.844000000000234,0.0,0.0,12.844000000000234,0.18348571428571764,-198.77000000000407,304.1999999999971,-0.2839571428571487,0.4345714285714244,11,3300.0,14.0,141.90357142857206,149.47820240150025,rollover,Sun,22,False
1151,BTCUSDm,long,2026-05-03 23:25:00+00:00,64834,78755.36,0.1,78055.36,79755.36,700.0,close_below_lower,1.2197714483958904,0.1,79255.36,0.5,0.0,0.0,0.0,,,False,2026-05-04 01:00:00+00:00,64853,78523.34,signal,-23.20200000000041,0.0,0.0,-23.20200000000041,-0.3314571428571487,-492.91999999999825,0.0,-0.7041714285714261,0.0,19,5700.0,14.0,181.0664285714291,154.37178577704344,rollover,Sun,23,False
1152,BTCUSDm,short,2026-05-04 01:35:00+00:00,64860,78941.6,0.1,79641.6,77941.6,700.0,close_above_upper,1.483134878474749,0.1,78441.6,0.5,0.0,0.0,0.0,,,False,2026-05-04 01:55:00+00:00,64864,79655.6,sl,-71.4,0.0,0.0,-71.4,-1.02,-312.15999999998894,180.49000000000524,-0.4459428571428413,0.25784285714286465,4,1200.0,14.0,145.61071428571555,174.89699928223644,asian,Mon,1,False
1153,BTCUSDm,short,2026-05-04 02:00:00+00:00,64865,79775.29,0.1,80475.29,78775.29,700.0,close_above_upper,4.16290490443844,0.1,79275.29,0.5,0.0,0.0,0.0,,,False,2026-05-04 03:35:00+00:00,64884,80063.17,signal,-28.788000000000466,0.0,0.0,-28.788000000000466,-0.4112571428571495,-673.320000000007,265.8099999999977,-0.9618857142857242,0.3797285714285681,19,5700.0,14.0,212.6642857142859,188.48547792578398,asian,Mon,2,False
1154,BTCUSDm,short,2026-05-04 04:05:00+00:00,64890,80473.66,0.1,81173.66,79473.66,700.0,close_above_upper,0.25543856419271893,0.1,79973.66,0.5,0.0,0.0,0.0,,,False,2026-05-04 04:25:00+00:00,64894,80250.56,signal,22.310000000000585,0.0,0.0,22.310000000000585,0.31871428571429405,-145.08000000000175,254.7100000000064,-0.20725714285714536,0.3638714285714377,4,1200.0,14.0,178.83857142857076,233.926575855709,asian,Mon,4,False
1155,BTCUSDm,long,2026-05-04 06:25:00+00:00,64918,79719.45,0.1,79019.45,80719.45,700.0,close_below_lower,0.05509525372211163,0.1,80219.45,0.5,0.0,0.0,0.0,,,False,2026-05-04 06:50:00+00:00,64923,79839.32,signal,11.98700000000099,0.0,0.0,11.98700000000099,0.17124285714287127,-249.00999999999476,151.47999999999593,-0.35572857142856396,0.21639999999999418,5,1500.0,14.0,93.2028571428569,247.3200049045078,asian,Mon,6,False
1156,BTCUSDm,long,2026-05-04 10:05:00+00:00,64962,79223.89,0.1,78523.89,80223.89,700.0,close_below_lower,1.0073278720142536,0.1,79723.89,0.5,0.0,0.0,0.0,,,False,2026-05-04 10:15:00+00:00,64964,78523.89,sl,-70.0,0.0,0.0,-70.0,-1.0,-656.8099999999977,2.8800000000046566,-0.9382999999999967,0.004114285714292366,2,600.0,14.0,134.69642857142753,252.54068363902303,london,Mon,10,False
1157,BTCUSDm,long,2026-05-04 10:20:00+00:00,64965,78393.36,0.1,78393.36,79393.36,700.0,close_below_lower,2.84961277792876,0.05,78893.36,0.5,0.05,78893.36,25.0,64967.0,2026-05-04 10:30:00+00:00,True,2026-05-04 10:50:00+00:00,64971,79075.33,signal,59.09850000000006,0.0,0.0,59.09850000000006,0.8442642857142866,-219.7100000000064,673.1499999999942,-0.31387142857143774,0.9616428571428488,6,1800.0,14.0,206.17785714285648,268.16249917825627,london,Mon,10,False
1158,BTCUSDm,short,2026-05-04 14:25:00+00:00,65014,79252.53,0.1,79952.53,78252.53,700.0,close_above_upper,0.31045792786965665,0.1,78752.53,0.5,0.0,0.0,0.0,,,False,2026-05-04 14:45:00+00:00,65018,79966.53,sl,-71.4,0.0,0.0,-71.4,-1.02,-334.9799999999959,38.429999999993015,-0.47854285714285133,0.05489999999999002,4,1200.0,14.0,184.15428571428387,297.58862152751516,overlap,Mon,14,False
1159,BTCUSDm,short,2026-05-04 14:50:00+00:00,65019,80032.85,0.1,80032.85,79032.85,700.0,close_above_upper,1.7406722810265423,0.05,79532.85,0.5,0.05,79546.85,24.3,65024.0,2026-05-04 15:15:00+00:00,True,2026-05-04 15:20:00+00:00,65025,79520.34,signal,49.92550000000047,0.0,0.0,49.92550000000047,0.7132214285714352,-528.0899999999965,556.9300000000076,-0.7544142857142807,0.7956142857142965,6,1800.0,14.0,238.01499999999942,311.5333460677928,overlap,Mon,14,False
1160,BTCUSDm,short,2026-05-04 16:25:00+00:00,65038,80250.61,0.1,80950.61,79250.61,700.0,close_above_upper,0.03962247464251419,0.1,79750.61,0.5,0.0,0.0,0.0,,,False,2026-05-04 17:00:00+00:00,65045,80025.11,signal,22.55,0.0,0.0,22.55,0.3221428571428572,-111.94999999999709,281.5599999999977,-0.15992857142856728,0.4022285714285681,7,2100.0,14.0,335.5028571428588,333.60073969825,newyork,Mon,16,False
1161,BTCUSDm,long,2026-05-05 22:40:00+00:00,65401,81022.23,0.1,80322.23,82022.23,700.0,close_below_lower,0.010517544224925858,0.1,81522.23,0.5,0.0,0.0,0.0,,,False,2026-05-05 23:15:00+00:00,65408,81202.09,signal,17.986000000000057,0.0,0.0,17.986000000000057,0.25694285714285797,-231.22000000000116,333.0200000000041,-0.3303142857142874,0.47574285714286296,7,2100.0,14.0,146.81785714285485,352.637573986519,rollover,Tue,22,False
1162,BTCUSDm,short,2026-05-06 08:55:00+00:00,65524,81919.24,0.1,82619.24,80919.24,700.0,close_above_upper,0.0445780704220395,0.1,81419.24,0.5,0.0,0.0,0.0,,,False,2026-05-06 09:25:00+00:00,65530,81732.1,signal,18.713999999999942,0.0,0.0,18.713999999999942,0.2673428571428563,-66.95999999999185,258.8600000000006,-0.09565714285713121,0.36980000000000085,6,1800.0,14.0,138.7614285714309,308.9388113236769,london,Wed,8,False
1163,BTCUSDm,short,2026-05-06 11:25:00+00:00,65554,82732.72,0.1,83432.72,81732.72,700.0,close_above_upper,0.29709032192043944,0.1,82232.72,0.5,0.0,0.0,0.0,,,False,2026-05-06 12:05:00+00:00,65562,82384.66,signal,34.80599999999977,0.0,0.0,34.80599999999977,0.49722857142856813,-62.91000000000349,377.2299999999959,-0.08987142857143356,0.5388999999999942,8,2400.0,14.0,159.03785714285706,309.71038834837685,london,Wed,11,False
1164,BTCUSDm,long,2026-05-06 14:05:00+00:00,65586,81404.67,0.1,80704.67,82404.67,700.0,close_below_lower,0.5042763973521989,0.1,81904.67,0.5,0.0,0.0,0.0,,,False,2026-05-06 14:35:00+00:00,65592,81716.54,signal,31.186999999999536,0.0,0.0,31.186999999999536,0.4455285714285648,-292.1999999999971,356.11999999999534,-0.41742857142856726,0.5087428571428505,6,1800.0,14.0,201.99071428571293,324.34122651249174,overlap,Wed,14,False
1165,BTCUSDm,short,2026-05-07 07:15:00+00:00,65792,81646.5,0.1,82346.5,80646.5,700.0,close_above_upper,0.1531340449509857,0.1,81146.5,0.5,0.0,0.0,0.0,,,False,2026-05-07 07:55:00+00:00,65800,81485.38,signal,16.111999999999536,0.0,0.0,16.111999999999536,0.23017142857142195,-66.61000000000058,189.13000000000466,-0.09515714285714369,0.2701857142857209,8,2400.0,14.0,119.21357142857285,305.66789494895795,london,Thu,7,False
1166,BTCUSDm,long,2026-05-07 13:45:00+00:00,65870,80569.59,0.1,79869.59,81569.59,700.0,close_below_lower,0.24686821784779034,0.1,81069.59,0.5,0.0,0.0,0.0,,,False,2026-05-07 15:20:00+00:00,65889,79869.59,sl,-70.0,0.0,0.0,-70.0,-1.0,-686.7099999999919,114.97000000000116,-0.9810142857142741,0.1642428571428588,19,5700.0,14.0,138.94642857142858,313.31323956722684,overlap,Thu,13,False
1167,BTCUSDm,long,2026-05-07 15:25:00+00:00,65890,79833.9,0.1,79133.9,80833.9,700.0,close_below_lower,0.08179874778668501,0.1,80333.9,0.5,0.0,0.0,0.0,,,False,2026-05-07 16:30:00+00:00,65903,79980.42,signal,14.652000000000408,0.0,0.0,14.652000000000408,0.20931428571429153,-187.7899999999936,230.43000000000757,-0.26827142857141945,0.3291857142857251,13,3900.0,14.0,187.1642857142849,333.2605327043749,overlap,Thu,15,False
1168,BTCUSDm,long,2026-05-08 13:15:00+00:00,66152,79698.91,0.1,78998.91,80698.91,700.0,close_below_lower,0.3896703888925445,0.1,80198.91,0.5,0.0,0.0,0.0,,,False,2026-05-08 14:05:00+00:00,66162,79800.86,signal,10.194999999999709,0.0,0.0,10.194999999999709,0.145642857142853,-177.38999999999942,125.69000000000233,-0.25341428571428487,0.1795571428571462,10,3000.0,14.0,139.33285714285844,296.59337382062034,overlap,Fri,13,False
1169,BTCUSDm,short,2026-05-08 14:20:00+00:00,66165,80346.25,0.1,80346.25,79346.25,700.0,close_above_upper,0.7774093540786553,0.05,79846.25,0.5,0.05,79860.25,24.3,66167.0,2026-05-08 14:30:00+00:00,True,2026-05-08 15:05:00+00:00,66174,79981.0,signal,42.5625,0.0,0.0,42.5625,0.6080357142857142,-61.44999999999709,575.3000000000029,-0.08778571428571012,0.8218571428571471,9,2700.0,14.0,185.7185714285723,304.81698662174244,overlap,Fri,14,False
1170,BTCUSDm,short,2026-05-08 17:35:00+00:00,66204,80234.25,0.1,80934.25,79234.25,700.0,close_above_upper,0.05318194861854367,0.1,79734.25,0.5,0.0,0.0,0.0,,,False,2026-05-08 18:45:00+00:00,66218,80147.78,signal,8.647000000000117,0.0,0.0,8.647000000000117,0.12352857142857311,-61.61000000000058,266.1900000000023,-0.08801428571428654,0.3802714285714319,14,4200.0,14.0,132.71857142857021,317.0407286816275,newyork,Fri,17,False
1171,BTCUSDm,short,2026-05-10 15:45:00+00:00,66757,81130.8,0.1,81830.8,80130.8,700.0,close_above_upper,0.08402336943430846,0.1,80630.8,0.5,0.0,0.0,0.0,,,False,2026-05-10 16:30:00+00:00,66766,81269.49,signal,-13.869000000000234,0.0,0.0,-13.869000000000234,-0.19812857142857476,-362.75,25.24000000000524,-0.5182142857142857,0.036057142857150344,9,2700.0,14.0,97.55285714285752,130.21574590716602,overlap,Sun,15,False
1172,BTCUSDm,short,2026-05-10 17:55:00+00:00,66783,81480.77,0.1,82180.77,80480.77,700.0,close_above_upper,0.01125561824774647,0.1,80980.77,0.5,0.0,0.0,0.0,,,False,2026-05-10 18:20:00+00:00,66788,81351.73,signal,12.904000000000815,0.0,0.0,12.904000000000815,0.1843428571428688,-26.25,166.02000000000407,-0.0375,0.2371714285714344,5,1500.0,14.0,102.13285714285719,136.00500876399443,newyork,Sun,17,False
1173,BTCUSDm,long,2026-05-10 20:15:00+00:00,66811,81183.73,0.1,80483.73,82183.73,700.0,close_below_lower,0.4447294204530118,0.1,81683.73,0.5,0.0,0.0,0.0,,,False,2026-05-10 20:45:00+00:00,66817,80483.73,sl,-70.0,0.0,0.0,-70.0,-1.0,-400.3899999999994,31.139999999999418,-0.5719857142857134,0.044485714285713455,6,1800.0,14.0,88.44642857142857,137.89672634431378,newyork,Sun,20,False
1174,BTCUSDm,long,2026-05-10 20:50:00+00:00,66818,80370.14,0.1,80370.14,81370.14,700.0,close_below_lower,3.7280868053364764,0.05,80870.14,0.5,0.05,80870.14,25.0,66820.0,2026-05-10 21:00:00+00:00,True,2026-05-10 21:20:00+00:00,66824,80857.21,signal,49.35350000000035,0.0,0.0,49.35350000000035,0.7050500000000051,-113.30000000000291,566.7100000000064,-0.161857142857147,0.8095857142857235,6,1800.0,14.0,159.65071428571432,151.0570748695887,newyork,Sun,20,False
1175,BTCUSDm,short,2026-05-10 22:10:00+00:00,66834,81169.5,0.1,81869.5,80169.5,700.0,close_above_upper,1.148713299142428,0.1,80669.5,0.5,0.0,0.0,0.0,,,False,2026-05-10 22:30:00+00:00,66838,81883.5,sl,-71.4,0.0,0.0,-71.4,-1.02,-555.7799999999988,4.600000000005821,-0.7939714285714269,0.006571428571436887,4,1200.0,14.0,198.77285714285557,157.46524355578998,rollover,Sun,22,False
1176,BTCUSDm,short,2026-05-10 22:35:00+00:00,66839,82004.54,0.1,82704.54,81004.54,700.0,close_above_upper,4.005348009009254,0.1,81504.54,0.5,0.0,0.0,0.0,,,False,2026-05-10 23:55:00+00:00,66855,82172.32,signal,-16.778000000001338,0.0,0.0,-16.778000000001338,-0.2396857142857334,-468.63000000000466,195.81999999999243,-0.6694714285714353,0.27974285714284636,16,4800.0,14.0,242.69785714285536,171.4078766557479,rollover,Sun,22,False
1177,BTCUSDm,long,2026-05-11 00:10:00+00:00,66858,81981.01,0.1,81281.01,82981.01,700.0,close_below_lower,0.06185979883517199,0.1,82481.01,0.5,0.0,0.0,0.0,,,False,2026-05-11 00:50:00+00:00,66866,81281.01,sl,-70.0,0.0,0.0,-70.0,-1.0,-602.0999999999913,36.55000000000291,-0.8601428571428447,0.05221428571428987,8,2400.0,14.0,183.528571428571,204.559424840825,asian,Mon,0,False
1178,BTCUSDm,long,2026-05-11 00:55:00+00:00,66867,81333.86,0.1,80633.86,82333.86,700.0,close_below_lower,1.043103652076668,0.1,81833.86,0.5,0.0,0.0,0.0,,,False,2026-05-11 01:20:00+00:00,66872,81637.67,signal,30.38099999999977,0.0,0.0,30.38099999999977,0.4340142857142824,-78.52000000000407,333.47000000000116,-0.11217142857143439,0.47638571428571597,5,1500.0,14.0,209.5121428571417,217.30294787871307,asian,Mon,0,False
1179,BTCUSDm,long,2026-05-11 02:35:00+00:00,66887,81171.73,0.1,80471.73,82171.73,700.0,close_below_lower,0.008921796827604649,0.1,81671.73,0.5,0.0,0.0,0.0,,,False,2026-05-11 04:25:00+00:00,66909,80759.62,signal,-41.21100000000006,0.0,0.0,-41.21100000000006,-0.5887285714285723,-680.1299999999901,75.41000000000349,-0.9716142857142716,0.10772857142857642,22,6600.0,14.0,146.66500000000087,225.86750113145953,asian,Mon,2,False
1180,BTCUSDm,long,2026-05-11 13:35:00+00:00,67019,80890.76,0.1,80190.76,81890.76,700.0,close_below_lower,0.04199488466283514,0.1,81390.76,0.5,0.0,0.0,0.0,,,False,2026-05-11 14:05:00+00:00,67025,81161.31,signal,27.05500000000029,0.0,0.0,27.05500000000029,0.3865000000000042,-171.45999999999185,336.47000000000116,-0.2449428571428455,0.48067142857143025,6,1800.0,14.0,120.3807142857144,253.7348768121285,overlap,Mon,13,False
1181,BTCUSDm,long,2026-05-11 14:30:00+00:00,67030,80725.14,0.1,80025.14,81725.14,700.0,close_below_lower,0.19628027014572497,0.1,81225.14,0.5,0.0,0.0,0.0,,,False,2026-05-11 15:00:00+00:00,67036,80918.39,signal,19.325000000000003,0.0,0.0,19.325000000000003,0.27607142857142863,-311.25,213.0899999999965,-0.4446428571428571,0.30441428571428075,6,1800.0,14.0,183.15214285714424,258.2771119377385,overlap,Mon,14,False
1182,BTCUSDm,short,2026-05-11 15:30:00+00:00,67042,81310.73,0.1,82010.73,80310.73,700.0,close_above_upper,0.41856941822159416,0.1,80810.73,0.5,0.0,0.0,0.0,,,False,2026-05-11 16:45:00+00:00,67057,81568.08,signal,-25.735000000000582,0.0,0.0,-25.735000000000582,-0.36764285714286543,-592.1600000000035,142.97999999999593,-0.8459428571428621,0.20425714285713703,15,4500.0,14.0,204.0114285714288,265.77233795835514,overlap,Mon,15,False
1183,BTCUSDm,short,2026-05-11 17:45:00+00:00,67069,81953.81,0.1,82653.81,80953.81,700.0,close_above_upper,0.04470764756352622,0.1,81453.81,0.5,0.0,0.0,0.0,,,False,2026-05-11 18:55:00+00:00,67083,81899.67,signal,5.413999999999942,0.0,0.0,5.413999999999942,0.07734285714285631,-177.0100000000093,134.67999999999302,-0.2528714285714419,0.19239999999999002,14,4200.0,14.0,154.77285714285557,293.79804438118373,newyork,Mon,17,False
1184,BTCUSDm,long,2026-05-12 01:40:00+00:00,67164,80842.26,0.1,80142.26,81842.26,700.0,close_below_lower,0.6278390579614279,0.1,81342.26,0.5,0.0,0.0,0.0,,,False,2026-05-12 02:05:00+00:00,67169,81262.5,signal,42.02400000000053,0.0,0.0,42.02400000000053,0.6003428571428646,-166.72999999999593,461.3100000000122,-0.23818571428570848,0.6590142857143032,5,1500.0,14.0,138.29071428571686,325.25607367122865,asian,Tue,1,False
1185,BTCUSDm,long,2026-05-12 15:25:00+00:00,67329,80234.92,0.1,79534.92,81234.92,700.0,close_below_lower,0.05612165818795914,0.1,80734.92,0.5,0.0,0.0,0.0,,,False,2026-05-12 17:15:00+00:00,67351,80174.42,signal,-6.050000000000001,0.0,0.0,-6.050000000000001,-0.08642857142857144,-433.8399999999965,209.63999999999942,-0.6197714285714235,0.29948571428571347,22,6600.0,14.0,190.67285714285703,328.25901519649915,overlap,Tue,15,False
1186,BTCUSDm,short,2026-05-13 01:25:00+00:00,67449,81014.08,0.1,81714.08,80014.08,700.0,close_above_upper,0.020551993308082123,0.1,80514.08,0.5,0.0,0.0,0.0,,,False,2026-05-13 02:05:00+00:00,67457,80977.55,signal,3.6529999999998837,0.0,0.0,3.6529999999998837,0.05218571428571262,-165.72000000000116,107.61999999999534,-0.2367428571428588,0.1537428571428505,8,2400.0,14.0,114.70785714285635,264.95408623521064,asian,Wed,1,False
1187,BTCUSDm,long,2026-05-13 11:10:00+00:00,67566,80663.91,0.1,79963.91,81663.91,700.0,close_below_lower,0.007649161310678263,0.1,81163.91,0.5,0.0,0.0,0.0,,,False,2026-05-13 12:35:00+00:00,67583,79963.91,sl,-70.0,0.0,0.0,-70.0,-1.0,-652.9800000000105,8.94999999999709,-0.9328285714285864,0.012785714285710128,17,5100.0,14.0,91.45357142857185,241.44848389639114,london,Wed,11,False
1188,BTCUSDm,long,2026-05-13 12:40:00+00:00,67584,79933.1,0.1,79233.1,80933.1,700.0,close_below_lower,0.9618105791028883,0.1,80433.1,0.5,0.0,0.0,0.0,,,False,2026-05-13 13:10:00+00:00,67590,80282.29,signal,34.91899999999878,0.0,0.0,34.91899999999878,0.49884285714283977,-116.70000000001164,386.3999999999942,-0.16671428571430236,0.5519999999999917,6,1800.0,14.0,144.1385714285716,245.32620480833577,overlap,Wed,12,False
1189,BTCUSDm,long,2026-05-13 13:40:00+00:00,67596,79894.29,0.1,79194.29,80894.29,700.0,close_below_lower,0.18178440450996117,0.1,80394.29,0.5,0.0,0.0,0.0,,,False,2026-05-13 14:30:00+00:00,67606,79826.91,signal,-6.737999999999011,0.0,0.0,-6.737999999999011,-0.09625714285712873,-457.56999999999243,37.870000000009895,-0.6536714285714178,0.05410000000001414,10,3000.0,14.0,167.00500000000258,249.17786882919214,overlap,Wed,13,False
1190,BTCUSDm,long,2026-05-13 15:15:00+00:00,67615,79415.05,0.1,78715.05,80415.05,700.0,close_below_lower,0.033239230214782936,0.1,79915.05,0.5,0.0,0.0,0.0,,,False,2026-05-13 16:05:00+00:00,67625,78715.05,sl,-70.0,0.0,0.0,-70.0,-1.0,-662.1000000000058,43.36999999999534,-0.9458571428571512,0.0619571428571362,10,3000.0,14.0,132.52785714285605,257.7232387366145,overlap,Wed,15,False
1191,BTCUSDm,long,2026-05-13 16:10:00+00:00,67626,78723.89,0.1,78023.89,79723.89,700.0,close_below_lower,0.616230954831288,0.1,79223.89,0.5,0.0,0.0,0.0,,,False,2026-05-13 16:35:00+00:00,67631,79085.09,signal,36.11999999999971,0.0,0.0,36.11999999999971,0.5159999999999959,-16.80999999999767,368.3999999999942,-0.024014285714282387,0.5262857142857059,5,1500.0,14.0,164.11285714285935,274.20600193783906,newyork,Wed,16,False
1192,BTCUSDm,long,2026-05-14 03:25:00+00:00,67761,79054.49,0.1,78354.49,80054.49,700.0,close_below_lower,0.09855397758513176,0.1,79554.49,0.5,0.0,0.0,0.0,,,False,2026-05-14 03:35:00+00:00,67763,79336.19,signal,28.16999999999971,0.0,0.0,28.16999999999971,0.4024285714285673,-14.0,308.75999999999476,-0.02,0.4410857142857068,2,600.0,14.0,121.7385714285743,293.46869980141105,asian,Thu,3,False
1193,BTCUSDm,short,2026-05-14 13:25:00+00:00,67881,79982.06,0.1,80682.06,78982.06,700.0,close_above_upper,0.047843829086762095,0.1,79482.06,0.5,0.0,0.0,0.0,,,False,2026-05-14 14:00:00+00:00,67888,79686.87,signal,29.519000000000233,0.0,0.0,29.519000000000233,0.42170000000000335,-47.36999999999534,341.84999999999127,-0.06767142857142192,0.4883571428571304,7,2100.0,14.0,136.69785714285848,295.31927215126177,overlap,Thu,13,False
1194,BTCUSDm,short,2026-05-14 14:20:00+00:00,67892,80191.08,0.1,80891.08,79191.08,700.0,close_above_upper,0.08774437664302664,0.1,79691.08,0.5,0.0,0.0,0.0,,,False,2026-05-14 14:55:00+00:00,67899,80905.08,sl,-71.4,0.0,0.0,-71.4,-1.02,-658.0099999999948,139.40000000000873,-0.9400142857142783,0.1991428571428696,7,2100.0,14.0,222.30000000000084,300.59490301318806,overlap,Thu,14,False
1195,BTCUSDm,short,2026-05-14 15:00:00+00:00,67900,80948.07,0.1,81648.07,79948.07,700.0,close_above_upper,1.1352724935633436,0.1,80448.07,0.5,0.0,0.0,0.0,,,False,2026-05-14 16:40:00+00:00,67920,81662.07,sl,-71.4,0.0,0.0,-71.4,-1.02,-659.3499999999913,162.19000000000233,-0.9419285714285589,0.23170000000000332,20,6000.0,14.0,216.96928571428725,316.59033476906455,overlap,Thu,15,False
1196,BTCUSDm,short,2026-05-14 17:00:00+00:00,67924,81876.91,0.1,82576.91,80876.91,700.0,close_above_upper,0.2777675943332108,0.1,81376.91,0.5,0.0,0.0,0.0,,,False,2026-05-14 17:20:00+00:00,67928,81433.66,signal,44.325,0.0,0.0,44.325,0.6332142857142857,-171.52999999999884,453.93000000000757,-0.24504285714285548,0.6484714285714394,4,1200.0,14.0,220.55499999999924,351.34125416415145,newyork,Thu,17,False
1197,BTCUSDm,long,2026-05-15 13:35:00+00:00,68171,79703.53,0.1,79003.53,80703.53,700.0,close_below_lower,0.43455717144206374,0.1,80203.53,0.5,0.0,0.0,0.0,,,False,2026-05-15 13:45:00+00:00,68173,79003.53,sl,-70.0,0.0,0.0,-70.0,-1.0,-639.9400000000023,0.0,-0.9142000000000033,0.0,2,600.0,14.0,141.36214285714232,349.46066951451087,overlap,Fri,13,False
1198,BTCUSDm,long,2026-05-15 13:50:00+00:00,68174,79116.78,0.1,78416.78,80116.78,700.0,close_below_lower,1.1328801047315784,0.1,79616.78,0.5,0.0,0.0,0.0,,,False,2026-05-15 14:45:00+00:00,68185,79178.85,signal,6.207000000000699,0.0,0.0,6.207000000000699,0.08867142857143856,-525.1399999999994,188.61000000000058,-0.7501999999999992,0.269442857142858,11,3300.0,14.0,186.23785714285623,362.3640118601974,overlap,Fri,13,False
1199,BTCUSDm,long,2026-05-16 07:15:00+00:00,68383,78243.38,0.1,77543.38,79243.38,700.0,close_below_lower,0.30720504809533783,0.1,78743.38,0.5,0.0,0.0,0.0,,,False,2026-05-16 08:35:00+00:00,68399,78407.5,signal,16.411999999999534,0.0,0.0,16.411999999999534,0.2344571428571362,-226.88999999999942,280.81999999999243,-0.3241285714285706,0.40117142857141774,16,4800.0,14.0,131.05642857143124,327.34532502209225,london,Sat,7,False
1200,BTCUSDm,long,2026-05-16 09:20:00+00:00,68408,77957.87,0.1,77257.87,78957.87,700.0,close_below_lower,0.30442396524346743,0.1,78457.87,0.5,0.0,0.0,0.0,,,False,2026-05-16 11:00:00+00:00,68428,77928.48,signal,-2.938999999999942,0.0,0.0,-2.938999999999942,-0.04198571428571345,-357.41999999999825,215.27000000000407,-0.5105999999999975,0.30752857142857726,20,6000.0,14.0,100.11285714286039,297.77687921399826,london,Sat,9,False
1201,BTCUSDm,long,2026-05-17 01:45:00+00:00,68605,77779.49,0.1,77079.49,78779.49,700.0,close_below_lower,0.02860274749700622,0.1,78279.49,0.5,0.0,0.0,0.0,,,False,2026-05-17 02:20:00+00:00,68612,77875.79,signal,9.629999999998837,0.0,0.0,9.629999999998837,0.13757142857141197,-86.31000000001222,122.00999999999476,-0.12330000000001747,0.17429999999999252,7,2100.0,14.0,127.92642857143073,208.85936088260144,asian,Sun,1,False
1202,BTCUSDm,short,2026-05-17 10:10:00+00:00,68706,78331.75,0.1,79031.75,77331.75,700.0,close_above_upper,0.11326785953199299,0.1,77831.75,0.5,0.0,0.0,0.0,,,False,2026-05-17 11:15:00+00:00,68719,78344.99,signal,-1.3240000000005239,0.0,0.0,-1.3240000000005239,-0.018914285714293197,-245.07000000000698,11.110000000000582,-0.35010000000000996,0.015871428571429404,13,3900.0,14.0,59.90000000000042,160.40132367921333,london,Sun,10,False
1203,BTCUSDm,long,2026-05-17 14:10:00+00:00,68754,78038.63,0.1,77338.63,79038.63,700.0,close_below_lower,0.12991919491610587,0.1,78538.63,0.5,0.0,0.0,0.0,,,False,2026-05-17 14:55:00+00:00,68763,78043.91,signal,0.5279999999998836,0.0,0.0,0.5279999999998836,0.007542857142855479,-237.9100000000035,51.11999999999534,-0.33987142857143354,0.07302857142856478,9,2700.0,14.0,75.78285714285656,160.61099635571202,overlap,Sun,14,False
1204,BTCUSDm,short,2026-05-17 19:50:00+00:00,68822,78399.84,0.1,79099.84,77399.84,700.0,close_above_upper,0.026935621875978383,0.1,77899.84,0.5,0.0,0.0,0.0,,,False,2026-05-17 20:20:00+00:00,68828,78271.44,signal,12.839999999999419,0.0,0.0,12.839999999999419,0.18342857142856314,-35.55999999999767,142.5,-0.050799999999996674,0.20357142857142857,6,1800.0,14.0,68.13999999999942,170.76713663364583,newyork,Sun,19,False
1205,BTCUSDm,long,2026-05-17 22:10:00+00:00,68850,78089.47,0.1,77389.47,79089.47,700.0,close_below_lower,0.3335743668804369,0.1,78589.47,0.5,0.0,0.0,0.0,,,False,2026-05-17 23:40:00+00:00,68868,77389.47,sl,-70.0,0.0,0.0,-70.0,-1.0,-464.4400000000023,20.910000000003492,-0.6634857142857176,0.029871428571433562,18,5400.0,14.0,109.66142857142715,175.08900568566705,rollover,Sun,22,False
1206,BTCUSDm,long,2026-05-17 23:45:00+00:00,68869,77222.36,0.1,76522.36,78222.36,700.0,close_below_lower,2.0705137093475674,0.1,77722.36,0.5,0.0,0.0,0.0,,,False,2026-05-18 01:00:00+00:00,68884,77160.86,signal,-6.15,0.0,0.0,-6.15,-0.08785714285714286,-362.4600000000064,279.6499999999942,-0.5178000000000091,0.3994999999999917,15,4500.0,14.0,211.2400000000021,191.831547742993,rollover,Sun,23,False
1207,BTCUSDm,long,2026-05-18 01:35:00+00:00,68891,76743.89,0.1,76043.89,77743.89,700.0,close_below_lower,0.34073875794969183,0.1,77243.89,0.5,0.0,0.0,0.0,,,False,2026-05-18 01:55:00+00:00,68895,76925.2,signal,18.13099999999977,0.0,0.0,18.13099999999977,0.2590142857142824,-58.270000000004075,201.08000000000175,-0.08324285714286296,0.2872571428571454,4,1200.0,14.0,181.33499999999808,200.43420731888767,asian,Mon,1,False
1208,BTCUSDm,long,2026-05-18 02:55:00+00:00,68907,76721.31,0.1,76021.31,77721.31,700.0,close_below_lower,0.01915496293636281,0.1,77221.31,0.5,0.0,0.0,0.0,,,False,2026-05-18 03:05:00+00:00,68909,76912.66,signal,19.135000000000584,0.0,0.0,19.135000000000584,0.2733571428571512,-31.529999999998836,215.32000000000698,-0.04504285714285548,0.30760000000001,2,600.0,14.0,134.61214285714127,207.2171410991221,asian,Mon,2,False
1209,BTCUSDm,long,2026-05-18 06:10:00+00:00,68946,76687.12,0.1,75987.12,77687.12,700.0,close_below_lower,0.14015276058172893,0.1,77187.12,0.5,0.0,0.0,0.0,,,False,2026-05-18 06:45:00+00:00,68953,76793.14,signal,10.602000000000409,0.0,0.0,10.602000000000409,0.1514571428571487,-171.25,242.25,-0.24464285714285713,0.3460714285714286,7,2100.0,14.0,84.62357142857425,194.45445618822248,asian,Mon,6,False
1210,BTCUSDm,short,2026-05-18 11:40:00+00:00,69012,77123.06,0.1,77823.06,76123.06,700.0,close_above_upper,0.6190202078702642,0.1,76623.06,0.5,0.0,0.0,0.0,,,False,2026-05-18 13:10:00+00:00,69030,77445.33,signal,-32.22700000000041,0.0,0.0,-32.22700000000041,-0.4603857142857201,-637.9000000000087,13.720000000001164,-0.9112857142857268,0.019600000000001665,18,5400.0,14.0,94.89499999999991,199.53450790630586,london,Mon,11,False
1211,BTCUSDm,long,2026-05-18 13:35:00+00:00,69035,77133.54,0.1,76433.54,78133.54,700.0,close_below_lower,0.32922495336505986,0.1,77633.54,0.5,0.0,0.0,0.0,,,False,2026-05-18 14:15:00+00:00,69043,76433.54,sl,-70.0,0.0,0.0,-70.0,-1.0,-506.929999999993,36.60000000000582,-0.7241857142857043,0.0522857142857226,8,2400.0,14.0,139.5714285714296,225.33875891639022,overlap,Mon,13,False
1212,BTCUSDm,long,2026-05-18 14:20:00+00:00,69044,76591.34,0.1,75891.34,77591.34,700.0,close_below_lower,0.5869646678099599,0.1,77091.34,0.5,0.0,0.0,0.0,,,False,2026-05-18 15:45:00+00:00,69061,76277.91,signal,-31.342999999999304,0.0,0.0,-31.342999999999304,-0.4477571428571329,-606.5899999999965,189.1200000000099,-0.8665571428571379,0.2701714285714427,17,5100.0,14.0,225.13142857142935,242.2014252488097,overlap,Mon,14,False
1213,BTCUSDm,short,2026-05-18 19:05:00+00:00,69101,76715.45,0.1,77415.45,75715.45,700.0,close_above_upper,0.2514126815171391,0.1,76215.45,0.5,0.0,0.0,0.0,,,False,2026-05-18 20:45:00+00:00,69121,76932.24,signal,-21.679000000000816,0.0,0.0,-21.679000000000816,-0.30970000000001163,-411.22000000000116,238.20999999999185,-0.5874571428571446,0.34029999999998833,20,6000.0,14.0,168.8792857142866,284.48578283677364,newyork,Mon,19,False
1214,BTCUSDm,long,2026-05-19 01:30:00+00:00,69178,76718.75,0.1,76018.75,77718.75,700.0,close_below_lower,0.010251782776881135,0.1,77218.75,0.5,0.0,0.0,0.0,,,False,2026-05-19 02:25:00+00:00,69189,76941.07,signal,22.2320000000007,0.0,0.0,22.2320000000007,0.31760000000001,-306.02999999999884,231.13000000000466,-0.4371857142857126,0.3301857142857209,11,3300.0,14.0,118.46500000000067,306.25757374994663,asian,Tue,1,False
1215,BTCUSDm,long,2026-05-19 14:35:00+00:00,69335,76229.17,0.1,75529.17,77229.17,700.0,close_below_lower,0.15018732828015352,0.1,76729.17,0.5,0.0,0.0,0.0,,,False,2026-05-19 15:05:00+00:00,69341,76453.78,signal,22.46100000000006,0.0,0.0,22.46100000000006,0.3208714285714294,-160.05999999999767,292.16999999999825,-0.22865714285713953,0.4173857142857118,6,1800.0,14.0,235.16285714285706,334.5150171189403,overlap,Tue,14,False
1216,BTCUSDm,short,2026-05-20 05:15:00+00:00,69511,77153.47,0.1,77853.47,76153.47,700.0,close_above_upper,0.23535870161726258,0.1,76653.47,0.5,0.0,0.0,0.0,,,False,2026-05-20 07:40:00+00:00,69540,77288.22,signal,-13.475000000000001,0.0,0.0,-13.475000000000001,-0.19250000000000003,-247.47000000000116,105.93000000000757,-0.3535285714285731,0.15132857142858225,29,8700.0,14.0,82.01428571428758,311.735205658462,asian,Wed,5,False
1217,BTCUSDm,long,2026-05-20 13:40:00+00:00,69612,77035.13,0.1,76335.13,78035.13,700.0,close_below_lower,0.3735198287440854,0.1,77535.13,0.5,0.0,0.0,0.0,,,False,2026-05-20 14:20:00+00:00,69620,77395.17,signal,36.00399999999936,0.0,0.0,36.00399999999936,0.514342857142848,-221.97000000000116,473.16999999999825,-0.31710000000000166,0.6759571428571404,8,2400.0,14.0,108.52499999999938,241.8159574252457,overlap,Wed,13,False
1218,BTCUSDm,long,2026-05-20 16:30:00+00:00,69646,77022.17,0.1,76322.17,78022.17,700.0,close_below_lower,0.3758807897437862,0.1,77522.17,0.5,0.0,0.0,0.0,,,False,2026-05-20 17:00:00+00:00,69652,77247.32,signal,22.515000000000875,0.0,0.0,22.515000000000875,0.3216428571428696,-74.66999999999825,265.47000000000116,-0.10667142857142607,0.3792428571428588,6,1800.0,14.0,140.84857142856865,245.6519035589295,newyork,Wed,16,False
1219,BTCUSDm,long,2026-05-20 22:10:00+00:00,69714,77280.97,0.1,76580.97,78280.97,700.0,close_below_lower,0.005913542026157606,0.1,77780.97,0.5,0.0,0.0,0.0,,,False,2026-05-20 22:50:00+00:00,69722,77421.86,signal,14.088999999999942,0.0,0.0,14.088999999999942,0.20127142857142774,-144.14999999999418,151.8399999999965,-0.2059285714285631,0.21691428571428073,8,2400.0,14.0,78.5428571428586,244.52015777173182,rollover,Wed,22,False
1220,BTCUSDm,short,2026-05-21 00:50:00+00:00,69746,77878.15,0.1,78578.15,76878.15,700.0,close_above_upper,0.1101563111648475,0.1,77378.15,0.5,0.0,0.0,0.0,,,False,2026-05-21 01:30:00+00:00,69754,77818.87,signal,5.927999999999884,0.0,0.0,5.927999999999884,0.08468571428571263,-233.04000000000815,139.76999999998952,-0.3329142857142974,0.1996714285714136,8,2400.0,14.0,85.49357142856856,248.21477369261515,asian,Thu,0,False
1221,BTCUSDm,short,2026-05-21 08:05:00+00:00,69833,77943.78,0.1,78643.78,76943.78,700.0,close_above_upper,0.22376501611058436,0.1,77443.78,0.5,0.0,0.0,0.0,,,False,2026-05-21 08:45:00+00:00,69841,77863.22,signal,8.055999999999768,0.0,0.0,8.055999999999768,0.11508571428571097,-199.36000000000058,131.91999999999825,-0.28480000000000083,0.18845714285714035,8,2400.0,14.0,76.21285714285581,238.30004860333023,london,Thu,8,False
1222,BTCUSDm,long,2026-05-21 10:30:00+00:00,69862,77311.73,0.1,76611.73,78311.73,700.0,close_below_lower,0.23304304583650234,0.1,77811.73,0.5,0.0,0.0,0.0,,,False,2026-05-21 12:05:00+00:00,69881,77205.78,signal,-10.59499999999971,0.0,0.0,-10.59499999999971,-0.1513571428571387,-257.8999999999942,65.61000000000058,-0.3684285714285631,0.09372857142857226,19,5700.0,14.0,99.73714285714335,237.32912618632935,london,Thu,10,False
1223,BTCUSDm,long,2026-05-21 13:40:00+00:00,69900,76817.91,0.1,76117.91,77817.91,700.0,close_below_lower,0.4412092225218875,0.1,77317.91,0.5,0.0,0.0,0.0,,,False,2026-05-21 14:00:00+00:00,69904,77048.74,signal,23.083000000000176,0.0,0.0,23.083000000000176,0.32975714285714536,-167.74000000000524,299.36999999999534,-0.2396285714285789,0.42767142857142193,4,1200.0,14.0,129.25642857142833,241.483456740235,overlap,Thu,13,False
1224,BTCUSDm,short,2026-05-21 17:15:00+00:00,69943,77433.97,0.1,78133.97,76433.97,700.0,close_above_upper,0.24471100848355362,0.1,76933.97,0.5,0.0,0.0,0.0,,,False,2026-05-21 18:05:00+00:00,69953,77644.32,signal,-21.035000000000583,0.0,0.0,-21.035000000000583,-0.3005000000000083,-589.7099999999919,29.05999999999767,-0.8424428571428455,0.04151428571428239,10,3000.0,14.0,132.02642857143033,248.22892950516655,newyork,Thu,17,False
1225,BTCUSDm,long,2026-05-21 18:55:00+00:00,69963,77238.4,0.1,76538.4,78238.4,700.0,close_below_lower,0.5847401634884205,0.1,77738.4,0.5,0.0,0.0,0.0,,,False,2026-05-21 19:20:00+00:00,69968,77531.16,signal,29.276000000000934,0.0,0.0,29.276000000000934,0.41822857142858477,-66.36999999999534,285.1000000000058,-0.09481428571427906,0.4072857142857226,5,1500.0,14.0,173.61999999999742,266.7434984433561,newyork,Thu,18,False
1226,BTCUSDm,long,2026-05-22 14:20:00+00:00,70196,76867.61,0.1,76167.61,77867.61,700.0,close_below_lower,0.17885296616828716,0.1,77367.61,0.5,0.0,0.0,0.0,,,False,2026-05-22 15:30:00+00:00,70210,76823.17,signal,-4.444000000000233,0.0,0.0,-4.444000000000233,-0.06348571428571761,-395.88000000000466,9.14999999999418,-0.5655428571428638,0.013071428571420256,14,4200.0,14.0,142.05428571428533,242.73658763973202,overlap,Fri,14,False
1227,BTCUSDm,long,2026-05-22 18:50:00+00:00,70250,76264.03,0.1,75564.03,77264.03,700.0,close_below_lower,0.643674664091622,0.1,76764.03,0.5,0.0,0.0,0.0,,,False,2026-05-22 19:40:00+00:00,70260,75564.03,sl,-70.0,0.0,0.0,-70.0,-1.0,-662.3399999999965,242.77000000000407,-0.946199999999995,0.3468142857142915,10,3000.0,14.0,130.03071428571275,247.27547141350053,newyork,Fri,18,False
1228,BTCUSDm,long,2026-05-22 19:45:00+00:00,70261,75740.73,0.1,75040.73,76740.73,700.0,close_below_lower,0.6796837224576293,0.1,76240.73,0.5,0.0,0.0,0.0,,,False,2026-05-22 20:30:00+00:00,70270,75879.92,signal,13.919000000000233,0.0,0.0,13.919000000000233,0.19884285714286049,-155.4899999999907,190.52999999999884,-0.22212857142855813,0.27218571428571264,9,2700.0,14.0,217.37714285714173,263.80270478696843,newyork,Fri,19,False
1229,BTCUSDm,long,2026-05-23 07:50:00+00:00,70406,74952.26,0.1,74252.26,75952.26,700.0,close_below_lower,0.10890862677725252,0.1,75452.26,0.5,0.0,0.0,0.0,,,False,2026-05-23 08:55:00+00:00,70419,74580.67,signal,-37.15899999999965,0.0,0.0,-37.15899999999965,-0.5308428571428522,-797.1199999999953,3.6000000000058208,-1.1387428571428504,0.005142857142865458,13,3900.0,14.0,92.93285714285697,245.68568227367328,london,Sat,7,False
1230,BTCUSDm,short,2026-05-23 13:55:00+00:00,70479,75145.93,0.1,75845.93,74145.93,700.0,close_above_upper,0.1745627061261356,0.1,74645.93,0.5,0.0,0.0,0.0,,,False,2026-05-23 15:35:00+00:00,70499,75374.15,signal,-22.822000000000116,0.0,0.0,-22.822000000000116,-0.3260285714285731,-477.6900000000023,124.72999999999593,-0.6824142857142891,0.17818571428570845,20,6000.0,14.0,103.72500000000062,234.47626922902657,overlap,Sat,13,False
1231,BTCUSDm,short,2026-05-23 18:20:00+00:00,70532,75702.37,0.1,76402.37,74702.37,700.0,close_above_upper,0.0923475217047427,0.1,75202.37,0.5,0.0,0.0,0.0,,,False,2026-05-23 20:35:00+00:00,70559,76416.37,sl,-71.4,0.0,0.0,-71.4,-1.02,-588.5599999999977,42.919999999998254,-0.8407999999999967,0.06131428571428322,27,8100.0,14.0,82.28857142856994,245.60290155932333,newyork,Sat,18,False
1232,BTCUSDm,short,2026-05-23 20:40:00+00:00,70560,76651.75,0.1,77351.75,75651.75,700.0,close_above_upper,1.5409031896867353,0.1,76151.75,0.5,0.0,0.0,0.0,,,False,2026-05-23 21:30:00+00:00,70570,76653.35,signal,-0.1600000000005821,0.0,0.0,-0.1600000000005821,-0.0022857142857226013,-668.6499999999942,45.61999999999534,-0.9552142857142774,0.06517142857142191,10,3000.0,14.0,147.76285714285663,255.43800841576177,newyork,Sat,20,False
1233,BTCUSDm,long,2026-05-24 14:15:00+00:00,70771,76439.84,0.1,75739.84,77439.84,700.0,close_below_lower,0.44299648303352096,0.1,76939.84,0.5,0.0,0.0,0.0,,,False,2026-05-24 15:05:00+00:00,70781,76443.73,signal,0.38899999999994184,0.0,0.0,0.38899999999994184,0.005557142857142026,-347.929999999993,37.69999999999709,-0.4970428571428472,0.0538571428571387,10,3000.0,14.0,120.6664285714287,247.34900802039994,overlap,Sun,14,False
1234,BTCUSDm,long,2026-05-24 21:40:00+00:00,70860,76145.51,0.1,75445.51,77145.51,700.0,close_below_lower,0.5460909386490228,0.1,76645.51,0.5,0.0,0.0,0.0,,,False,2026-05-24 22:05:00+00:00,70865,76509.63,signal,36.412000000000994,0.0,0.0,36.412000000000994,0.5201714285714427,-152.4899999999907,451.6200000000099,-0.21784285714284385,0.6451714285714427,5,1500.0,14.0,100.33428571428729,245.65595682248008,rollover,Sun,21,False
1235,BTCUSDm,short,2026-05-24 22:10:00+00:00,70866,76812.56,0.1,77512.56,75812.56,700.0,close_above_upper,0.6856099562571066,0.1,76312.56,0.5,0.0,0.0,0.0,,,False,2026-05-25 00:45:00+00:00,70897,77038.34,signal,-22.577999999999886,0.0,0.0,-22.577999999999886,-0.3225428571428555,-368.5,248.5500000000029,-0.5264285714285715,0.35507142857143276,31,9300.0,14.0,186.85571428571504,256.2315733627451,rollover,Sun,22,False
1236,BTCUSDm,long,2026-05-26 00:40:00+00:00,71184,76902.75,0.1,76202.75,77902.75,700.0,close_below_lower,0.0954783492118702,0.1,77402.75,0.5,0.0,0.0,0.0,,,False,2026-05-26 01:55:00+00:00,71199,76697.49,signal,-20.525999999999478,0.0,0.0,-20.525999999999478,-0.29322857142856396,-411.2299999999959,2.3399999999965075,-0.5874714285714228,0.0033428571428521536,15,4500.0,14.0,84.75714285714328,216.03925393891268,asian,Tue,0,False
1237,BTCUSDm,short,2026-05-26 10:30:00+00:00,71302,77131.7,0.1,77831.7,76131.7,700.0,close_above_upper,1.1095368609530285,0.1,76631.7,0.5,0.0,0.0,0.0,,,False,2026-05-26 11:25:00+00:00,71313,77190.45,signal,-5.875,0.0,0.0,-5.875,-0.08392857142857142,-410.2100000000064,59.86999999999534,-0.5860142857142948,0.08552857142856478,11,3300.0,14.0,106.42000000000033,211.81873489113067,london,Tue,10,False
1238,BTCUSDm,long,2026-05-26 12:10:00+00:00,71322,76892.31,0.1,76192.31,77892.31,700.0,close_below_lower,0.17891527770053334,0.1,77392.31,0.5,0.0,0.0,0.0,,,False,2026-05-26 12:55:00+00:00,71331,77036.51,signal,14.41999999999971,0.0,0.0,14.41999999999971,0.20599999999999585,-39.470000000001164,155.27999999999884,-0.05638571428571595,0.22182857142856977,9,2700.0,14.0,109.99500000000054,228.91157672783027,overlap,Tue,12,False
1239,BTCUSDm,short,2026-05-26 13:50:00+00:00,71342,77272.72,0.1,77972.72,76272.72,700.0,close_above_upper,0.5273536598377436,0.1,76772.72,0.5,0.0,0.0,0.0,,,False,2026-05-26 14:25:00+00:00,71349,77986.72,sl,-71.4,0.0,0.0,-71.4,-1.02,-538.9900000000052,230.32000000000698,-0.7699857142857218,0.3290285714285814,7,2100.0,14.0,144.99999999999895,237.99619516750693,overlap,Tue,13,False
1240,BTCUSDm,short,2026-05-26 14:30:00+00:00,71350,77872.44,0.1,77872.44,76872.44,700.0,close_above_upper,1.5544508021877173,0.05,77372.44,0.5,0.05,77386.44,24.3,71351.0,2026-05-26 14:35:00+00:00,True,2026-05-26 14:35:00+00:00,71351,76886.44,tp,73.60000000000001,0.0,0.0,73.60000000000001,1.0514285714285716,-50.83999999999651,421.97000000000116,-0.07262857142856644,0.6028142857142874,1,300.0,14.0,241.21928571428413,252.29973749603835,overlap,Tue,14,False
1241,BTCUSDm,long,2026-05-26 14:40:00+00:00,71352,76861.5,0.1,76161.5,77861.5,700.0,close_below_lower,0.5482303326386988,0.1,77361.5,0.5,0.0,0.0,0.0,,,False,2026-05-26 16:10:00+00:00,71370,76161.5,sl,-70.0,0.0,0.0,-70.0,-1.0,-697.1000000000058,244.0,-0.9958571428571512,0.3485714285714286,18,5400.0,14.0,299.6121428571423,255.72788696742666,overlap,Tue,14,False
1242,BTCUSDm,long,2026-05-26 17:25:00+00:00,71385,76106.53,0.1,75406.53,77106.53,700.0,close_below_lower,0.07942569444446582,0.1,76606.53,0.5,0.0,0.0,0.0,,,False,2026-05-26 18:20:00+00:00,71396,75988.0,signal,-11.852999999999884,0.0,0.0,-11.852999999999884,-0.16932857142856977,-371.3899999999994,0.0,-0.5305571428571421,0.0,11,3300.0,14.0,135.82071428571777,259.54449545778414,newyork,Tue,17,False
1243,BTCUSDm,long,2026-05-27 04:35:00+00:00,71519,75228.31,0.1,74528.31,76228.31,700.0,close_below_lower,0.0622087507970833,0.1,75728.31,0.5,0.0,0.0,0.0,,,False,2026-05-27 04:55:00+00:00,71523,75459.07,signal,23.07600000000093,0.0,0.0,23.07600000000093,0.32965714285715614,-38.7899999999936,254.2100000000064,-0.05541428571427657,0.363157142857152,4,1200.0,14.0,92.34857142857176,273.0020425629035,asian,Wed,4,False
1244,BTCUSDm,long,2026-05-27 13:15:00+00:00,71623,75334.79,0.1,74634.79,76334.79,700.0,close_below_lower,0.037618800494965174,0.1,75834.79,0.5,0.0,0.0,0.0,,,False,2026-05-27 14:25:00+00:00,71637,74634.79,sl,-70.0,0.0,0.0,-70.0,-1.0,-607.1100000000006,23.85000000000582,-0.8673000000000008,0.034071428571436885,14,4200.0,14.0,170.56999999999763,282.5030495146533,overlap,Wed,13,False
1245,BTCUSDm,long,2026-05-27 21:45:00+00:00,71725,74516.39,0.1,73816.39,75516.39,700.0,close_below_lower,0.4374116077799539,0.1,75016.39,0.5,0.0,0.0,0.0,,,False,2026-05-27 22:40:00+00:00,71736,74510.34,signal,-0.6050000000002911,0.0,0.0,-0.6050000000002911,-0.008642857142861301,-379.63000000000466,139.82000000000698,-0.542328571428578,0.19974285714286713,11,3300.0,14.0,101.71999999999909,313.39441994086116,rollover,Wed,21,False
1246,BTCUSDm,long,2026-05-28 03:20:00+00:00,71792,73619.94,0.1,72919.94,74619.94,700.0,close_below_lower,0.48325592244965065,0.1,74119.94,0.5,0.0,0.0,0.0,,,False,2026-05-28 04:00:00+00:00,71800,72919.94,sl,-70.0,0.0,0.0,-70.0,-1.0,-672.3500000000058,201.25,-0.9605000000000083,0.2875,8,2400.0,14.0,156.39285714285612,331.06789525547526,asian,Thu,3,False
1247,BTCUSDm,long,2026-05-28 04:05:00+00:00,71801,73000.11,0.1,72300.11,74000.11,700.0,close_below_lower,0.5062780394108694,0.1,73500.11,0.5,0.0,0.0,0.0,,,False,2026-05-28 05:00:00+00:00,71812,73055.72,signal,5.561000000000059,0.0,0.0,5.561000000000059,0.07944285714285798,-299.570000000007,130.02000000000407,-0.42795714285715286,0.18574285714286295,11,3300.0,14.0,260.5828571428574,351.4192566734383,asian,Thu,4,False
1248,BTCUSDm,long,2026-05-28 13:35:00+00:00,71915,72834.32,0.1,72134.32,73834.32,700.0,close_below_lower,0.2687529659377986,0.1,73334.32,0.5,0.0,0.0,0.0,,,False,2026-05-28 14:15:00+00:00,71923,73179.04,signal,34.471999999998665,0.0,0.0,34.471999999998665,0.4924571428571238,-388.0300000000134,375.1499999999942,-0.5543285714285906,0.5359285714285631,8,2400.0,14.0,130.3571428571418,295.5739084260143,overlap,Thu,13,False
1249,BTCUSDm,short,2026-05-28 14:20:00+00:00,71924,73338.34,0.1,74038.34,72338.34,700.0,close_above_upper,0.2270224123479704,0.1,72838.34,0.5,0.0,0.0,0.0,,,False,2026-05-28 14:25:00+00:00,71925,72920.55,signal,41.778999999999364,0.0,0.0,41.778999999999364,0.596842857142848,-14.660000000003492,488.75,-0.02094285714286213,0.6982142857142857,1,300.0,14.0,232.8528571428594,305.6183258698386,overlap,Thu,14,False
1250,BTCUSDm,long,2026-05-29 14:25:00+00:00,72213,72588.6,0.1,71888.6,73588.6,700.0,close_below_lower,0.1821448802335602,0.1,73088.6,0.5,0.0,0.0,0.0,,,False,2026-05-29 14:55:00+00:00,72219,72820.11,signal,23.150999999999478,0.0,0.0,23.150999999999478,0.330728571428564,-210.88000000000466,431.6100000000006,-0.3012571428571495,0.6165857142857151,6,1800.0,14.0,181.94000000000025,311.7505313190564,overlap,Fri,14,False
1251,BTCUSDm,short,2026-05-29 15:05:00+00:00,72221,73203.78,0.1,73903.78,72203.78,700.0,close_above_upper,0.23823375693521226,0.1,72703.78,0.5,0.0,0.0,0.0,,,False,2026-05-29 15:30:00+00:00,72226,73917.78,sl,-71.4,0.0,0.0,-71.4,-1.02,-455.4799999999959,33.95999999999185,-0.6506857142857084,0.048514285714274075,5,1500.0,14.0,237.88714285714377,319.976280025259,overlap,Fri,15,False
1252,BTCUSDm,short,2026-05-29 15:35:00+00:00,72227,73934.94,0.1,74634.94,72934.94,700.0,close_above_upper,1.1282711721098442,0.1,73434.94,0.5,0.0,0.0,0.0,,,False,2026-05-29 16:20:00+00:00,72236,73641.32,signal,29.361999999999536,0.0,0.0,29.361999999999536,0.41945714285713626,-169.4100000000035,348.24000000000524,-0.2420142857142907,0.49748571428572175,9,2700.0,14.0,275.8528571428552,327.12210503254346,overlap,Fri,15,False
1253,BTCUSDm,long,2026-05-29 18:50:00+00:00,72266,73466.5,0.1,72766.5,74466.5,700.0,close_below_lower,0.00535854583415525,0.1,73966.5,0.5,0.0,0.0,0.0,,,False,2026-05-29 19:35:00+00:00,72275,73463.37,signal,-0.3130000000004657,0.0,0.0,-0.3130000000004657,-0.004471428571435224,-407.820000000007,22.179999999993015,-0.58260000000001,0.031685714285704304,9,2700.0,14.0,133.25857142857214,348.3923804588743,newyork,Fri,18,False
1254,BTCUSDm,long,2026-05-31 14:15:00+00:00,72787,73634.31,0.1,72934.31,74634.31,700.0,close_below_lower,0.01513257782554068,0.1,74134.31,0.5,0.0,0.0,0.0,,,False,2026-05-31 15:15:00+00:00,72799,73568.69,signal,-6.561999999999535,0.0,0.0,-6.561999999999535,-0.0937428571428505,-278.0500000000029,45.41000000000349,-0.39721428571428985,0.06487142857143356,12,3600.0,14.0,70.92785714285752,142.04344934710662,overlap,Sun,14,False
1255,BTCUSDm,long,2026-05-31 16:35:00+00:00,72815,73345.9,0.1,72645.9,74345.9,700.0,close_below_lower,0.35625748972332694,0.1,73845.9,0.5,0.0,0.0,0.0,,,False,2026-05-31 17:20:00+00:00,72824,73438.54,signal,9.263999999999943,0.0,0.0,9.263999999999943,0.13234285714285632,-60.220000000001164,119.18000000000757,-0.08602857142857309,0.17025714285715365,9,2700.0,14.0,75.9721428571429,142.56378234934698,newyork,Sun,16,False
1256,BTCUSDm,short,2026-05-31 17:40:00+00:00,72828,73609.17,0.1,74309.17,72609.17,700.0,close_above_upper,0.023523020479761576,0.1,73109.17,0.5,0.0,0.0,0.0,,,False,2026-05-31 18:10:00+00:00,72834,73541.91,signal,6.725999999999477,0.0,0.0,6.725999999999477,0.09608571428570681,-31.30000000000291,100.7899999999936,-0.04471428571428987,0.14398571428570514,6,1800.0,14.0,79.9642857142878,144.61396783982528,newyork,Sun,17,False
1257,BTCUSDm,short,2026-05-31 22:00:00+00:00,72880,73781.56,0.1,74481.56,72781.56,700.0,close_above_upper,0.05210285235321507,0.1,73281.56,0.5,0.0,0.0,0.0,,,False,2026-05-31 22:05:00+00:00,72881,73636.05,signal,14.550999999999476,0.0,0.0,14.550999999999476,0.20787142857142107,-85.44999999999709,209.97999999999593,-0.12207142857142442,0.2999714285714227,1,300.0,14.0,66.73500000000266,140.84133880279052,rollover,Sun,22,False
1258,BTCUSDm,short,2026-05-31 22:35:00+00:00,72887,73881.46,0.1,74581.46,72881.46,700.0,close_above_upper,0.12539237333307604,0.1,73381.46,0.5,0.0,0.0,0.0,,,False,2026-06-01 00:05:00+00:00,72893,73770.19,signal,11.127000000000407,0.0,0.0,11.127000000000407,0.15895714285714868,-13.689999999987776,344.1600000000035,-0.019557142857125395,0.49165714285714784,6,5400.0,14.0,112.94571428571466,138.99133883792024,rollover,Sun,22,False
1259,BTCUSDm,long,2026-06-01 01:10:00+00:00,72906,73524.45,0.1,72824.45,74524.45,700.0,close_below_lower,0.6999711477180333,0.1,74024.45,0.5,0.0,0.0,0.0,,,False,2026-06-01 02:15:00+00:00,72919,73433.87,signal,-9.058000000000176,0.0,0.0,-9.058000000000176,-0.1294000000000025,-419.8399999999965,33.91000000000349,-0.5997714285714236,0.04844285714286213,13,3900.0,14.0,151.2571428571412,139.79937803326152,asian,Mon,1,False
1260,BTCUSDm,short,2026-06-01 02:45:00+00:00,72925,73662.24,0.1,74362.24,72662.24,700.0,close_above_upper,0.6013072908059325,0.1,73162.24,0.5,0.0,0.0,0.0,,,False,2026-06-01 03:55:00+00:00,72939,73653.64,signal,0.8600000000005821,0.0,0.0,0.8600000000005821,0.012285714285722601,-266.25,29.410000000003492,-0.38035714285714284,0.0420142857142907,14,4200.0,14.0,144.09714285714185,150.03626552621506,asian,Mon,2,False
1261,BTCUSDm,long,2026-06-01 04:15:00+00:00,72943,73515.53,0.1,72815.53,74515.53,700.0,close_below_lower,0.22414205913204832,0.1,74015.53,0.5,0.0,0.0,0.0,,,False,2026-06-01 05:15:00+00:00,72955,73432.24,signal,-8.32899999999936,0.0,0.0,-8.32899999999936,-0.11898571428570513,-283.3899999999994,10.75,-0.40484285714285634,0.015357142857142857,12,3600.0,14.0,103.1585714285715,164.7548385176572,asian,Mon,4,False
1262,BTCUSDm,long,2026-06-01 06:45:00+00:00,72973,72921.6,0.1,72221.6,73921.6,700.0,close_below_lower,0.41451429316855853,0.1,73421.6,0.5,0.0,0.0,0.0,,,False,2026-06-01 07:10:00+00:00,72978,73097.18,signal,17.55799999999872,0.0,0.0,17.55799999999872,0.25082857142855314,-66.5,195.1999999999971,-0.095,0.2788571428571387,5,1500.0,14.0,90.9178571428586,180.41412948119608,asian,Mon,6,False
1263,BTCUSDm,long,2026-06-01 07:35:00+00:00,72983,72823.7,0.1,72123.7,73823.7,700.0,close_below_lower,0.061451801948545104,0.1,73323.7,0.5,0.0,0.0,0.0,,,False,2026-06-01 08:40:00+00:00,72996,72765.14,signal,-5.855999999999767,0.0,0.0,-5.855999999999767,-0.08365714285713953,-315.22000000000116,78.99000000000524,-0.4503142857142874,0.11284285714286463,13,3900.0,14.0,119.07928571428472,184.21509836464176,london,Mon,7,False
1264,BTCUSDm,long,2026-06-01 12:05:00+00:00,73037,72248.39,0.1,71548.39,73248.39,700.0,close_below_lower,0.6043730683166519,0.1,72748.39,0.5,0.0,0.0,0.0,,,False,2026-06-01 13:40:00+00:00,73056,71548.39,sl,-70.0,0.0,0.0,-70.0,-1.0,-645.1000000000058,58.270000000004075,-0.9215714285714369,0.08324285714286296,19,5700.0,14.0,127.82142857142753,194.4253477020556,overlap,Mon,12,False
1265,BTCUSDm,long,2026-06-01 13:45:00+00:00,73057,71507.61,0.1,71507.61,72507.61,700.0,close_below_lower,0.7140844839474166,0.05,72007.61,0.5,0.05,72007.61,25.0,73059.0,2026-06-01 13:55:00+00:00,True,2026-06-01 14:00:00+00:00,73060,71507.61,be_stop,25.0,0.0,0.0,25.0,0.35714285714285715,-248.8000000000029,605.5399999999936,-0.3554285714285756,0.8650571428571338,3,900.0,14.0,186.44428571428685,215.9189223934335,overlap,Mon,13,False
1266,BTCUSDm,long,2026-06-01 15:20:00+00:00,73076,71135.17,0.1,70435.17,72135.17,700.0,close_below_lower,0.2580396540088454,0.1,71635.17,0.5,0.0,0.0,0.0,,,False,2026-06-01 16:35:00+00:00,73091,71072.71,signal,-6.245999999999185,0.0,0.0,-6.245999999999185,-0.08922857142855979,-571.4900000000052,248.4499999999971,-0.8164142857142932,0.35492857142856726,15,4500.0,14.0,170.03499999999934,229.10427478673176,overlap,Mon,15,False
1267,BTCUSDm,short,2026-06-01 16:55:00+00:00,73095,71312.21,0.1,72012.21,70312.21,700.0,close_above_upper,0.03302315842664407,0.1,70812.21,0.5,0.0,0.0,0.0,,,False,2026-06-01 18:05:00+00:00,73109,71517.46,signal,-20.525000000000002,0.0,0.0,-20.525000000000002,-0.29321428571428576,-392.5899999999965,0.0,-0.5608428571428522,0.0,14,4200.0,14.0,150.37928571428452,248.01029256668443,newyork,Mon,16,False
1268,BTCUSDm,long,2026-06-01 21:10:00+00:00,73146,71078.22,0.1,70378.22,72078.22,700.0,close_below_lower,0.3660960137617994,0.1,71578.22,0.5,0.0,0.0,0.0,,,False,2026-06-01 22:20:00+00:00,73160,71061.37,signal,-1.6850000000005823,0.0,0.0,-1.6850000000005823,-0.02407142857143689,-333.9499999999971,67.02000000000407,-0.4770714285714244,0.09574285714286296,14,4200.0,14.0,93.66357142857201,261.9451086403847,rollover,Mon,21,False
1269,BTCUSDm,long,2026-06-02 01:40:00+00:00,73200,70777.45,0.1,70077.45,71777.45,700.0,close_below_lower,0.14260433050872756,0.1,71277.45,0.5,0.0,0.0,0.0,,,False,2026-06-02 02:05:00+00:00,73205,70077.45,sl,-70.0,0.0,0.0,-70.0,-1.0,-389.4799999999959,125.65000000000873,-0.5563999999999942,0.17950000000001248,5,1500.0,14.0,130.85142857142742,289.3515164953254,asian,Tue,1,False
1270,BTCUSDm,long,2026-06-02 02:10:00+00:00,73206,70177.84,0.1,70177.84,71177.84,700.0,close_below_lower,1.1678187504686208,0.05,70677.84,0.5,0.05,70677.84,25.0,73209.0,2026-06-02 02:25:00+00:00,True,2026-06-02 02:30:00+00:00,73210,70693.3,signal,50.77300000000032,0.0,0.0,50.77300000000032,0.7253285714285761,-120.72000000000116,544.8099999999977,-0.17245714285714453,0.7782999999999967,4,1200.0,14.0,198.75499999999946,299.526218438667,asian,Tue,2,False
1271,BTCUSDm,long,2026-06-02 06:00:00+00:00,73252,70182.13,0.1,69482.13,71182.13,700.0,close_below_lower,0.059245133445607286,0.1,70682.13,0.5,0.0,0.0,0.0,,,False,2026-06-02 07:20:00+00:00,73268,70079.88,signal,-10.225000000000001,0.0,0.0,-10.225000000000001,-0.1460714285714286,-568.9000000000087,157.3399999999965,-0.8127142857142982,0.22477142857142357,16,4800.0,14.0,144.27285714285972,325.69293179489046,asian,Tue,6,False
1272,BTCUSDm,long,2026-06-02 14:10:00+00:00,73350,68313.42,0.1,67613.42,69313.42,700.0,close_below_lower,0.21150494600266267,0.1,68813.42,0.5,0.0,0.0,0.0,,,False,2026-06-02 14:25:00+00:00,73353,67613.42,sl,-70.0,0.0,0.0,-70.0,-1.0,-522.679999999993,276.88000000000466,-0.7466857142857043,0.3955428571428638,3,900.0,14.0,184.9221428571452,370.2818460732878,overlap,Tue,14,False
1273,BTCUSDm,long,2026-06-02 14:30:00+00:00,73354,67778.2,0.1,67078.2,68778.2,700.0,close_below_lower,0.8341149479763894,0.1,68278.2,0.5,0.0,0.0,0.0,,,False,2026-06-02 15:30:00+00:00,73366,67078.2,sl,-70.0,0.0,0.0,-70.0,-1.0,-555.0399999999936,367.1399999999994,-0.7929142857142766,0.5244857142857134,12,3600.0,14.0,248.40928571428543,381.1559467228768,overlap,Tue,14,False
1274,BTCUSDm,long,2026-06-02 15:35:00+00:00,73367,67137.88,0.1,66437.88,68137.88,700.0,close_below_lower,0.4828841734494896,0.1,67637.88,0.5,0.0,0.0,0.0,,,False,2026-06-02 16:10:00+00:00,73374,67449.38,signal,31.150000000000002,0.0,0.0,31.150000000000002,0.445,-198.95000000001164,340.8099999999977,-0.28421428571430235,0.48687142857142524,7,2100.0,14.0,261.8821428571412,402.52542824897,overlap,Tue,15,False
1275,BTCUSDm,short,2026-06-02 16:15:00+00:00,73375,67800.22,0.1,68500.22,66800.22,700.0,close_above_upper,0.006575025095610486,0.1,67300.22,0.5,0.0,0.0,0.0,,,False,2026-06-02 16:40:00+00:00,73380,67519.79,signal,28.04300000000076,0.0,0.0,28.04300000000076,0.4006142857142966,-234.89999999999418,387.1600000000035,-0.33557142857142025,0.5530857142857193,5,1500.0,14.0,257.0014285714299,416.8508591139248,newyork,Tue,16,False
1276,BTCUSDm,long,2026-06-02 19:35:00+00:00,73415,66508.51,0.1,66508.51,67508.51,700.0,close_below_lower,0.35778227829959774,0.05,67008.51,0.5,0.05,67008.51,25.0,73417.0,2026-06-02 19:45:00+00:00,True,2026-06-02 19:50:00+00:00,73418,67053.37,signal,52.24300000000003,0.0,0.0,52.24300000000003,0.7463285714285719,-44.529999999998836,553.0400000000081,-0.06361428571428406,0.7900571428571544,3,900.0,14.0,198.0921428571424,426.31700105991285,newyork,Tue,19,False
1277,BTCUSDm,long,2026-06-02 22:20:00+00:00,73448,66979.95,0.1,66279.95,67979.95,700.0,close_below_lower,0.008102402163438539,0.1,67479.95,0.5,0.0,0.0,0.0,,,False,2026-06-02 22:50:00+00:00,73454,66279.95,sl,-70.0,0.0,0.0,-70.0,-1.0,-479.179999999993,359.8099999999977,-0.6845428571428471,0.5140142857142824,6,1800.0,14.0,183.7242857142867,438.4845220655493,rollover,Tue,22,False
1278,BTCUSDm,long,2026-06-02 22:55:00+00:00,73455,66501.26,0.1,65801.26,67501.26,700.0,close_below_lower,0.24784854749259141,0.1,67001.26,0.5,0.0,0.0,0.0,,,False,2026-06-02 23:45:00+00:00,73465,66619.88,signal,11.86200000000099,0.0,0.0,11.86200000000099,0.169457142857157,-415.52999999999884,180.19000000000233,-0.5936142857142841,0.25741428571428904,10,3000.0,14.0,251.961428571428,450.72741085610437,rollover,Tue,22,False
1279,BTCUSDm,long,2026-06-03 03:45:00+00:00,73513,65695.42,0.1,65695.42,66695.42,700.0,close_below_lower,0.23333665799587183,0.05,66195.42,0.5,0.05,66195.42,25.0,73516.0,2026-06-03 04:00:00+00:00,True,2026-06-03 04:05:00+00:00,73517,66395.04,signal,59.98099999999977,0.0,0.0,59.98099999999977,0.8568714285714253,-377.6599999999962,741.2100000000064,-0.5395142857142803,1.0588714285714378,4,1200.0,14.0,198.71928571428518,481.1363711543061,asian,Wed,3,False
1280,BTCUSDm,short,2026-06-03 05:05:00+00:00,73529,66924.06,0.1,67624.06,65924.06,700.0,close_above_upper,0.17697276554960456,0.1,66424.06,0.5,0.0,0.0,0.0,,,False,2026-06-03 06:50:00+00:00,73550,67117.78,signal,-19.372000000000117,0.0,0.0,-19.372000000000117,-0.2767428571428588,-500.61999999999534,252.80999999999767,-0.7151714285714219,0.3611571428571395,21,6300.0,14.0,240.47000000000222,496.327014076269,asian,Wed,5,False
1281,BTCUSDm,long,2026-06-03 16:25:00+00:00,73665,65562.42,0.1,64862.42,66562.42,700.0,close_below_lower,0.1467993607452913,0.1,66062.42,0.5,0.0,0.0,0.0,,,False,2026-06-03 17:00:00+00:00,73672,65971.56,signal,40.913999999999945,0.0,0.0,40.913999999999945,0.5844857142857135,-111.31999999999971,427.3600000000006,-0.15902857142857102,0.6105142857142866,7,2100.0,14.0,275.21928571428623,496.420103924043,newyork,Wed,16,False
1282,BTCUSDm,long,2026-06-03 23:10:00+00:00,73746,64422.27,0.1,63722.27,65422.27,700.0,close_below_lower,0.06819356253137329,0.1,64922.27,0.5,0.0,0.0,0.0,,,False,2026-06-04 00:25:00+00:00,73761,63722.27,sl,-70.0,0.0,0.0,-70.0,-1.0,-587.9300000000003,208.38000000000466,-0.8399000000000004,0.29768571428572094,15,4500.0,14.0,273.15999999999985,511.2877807272987,rollover,Wed,23,False
1283,BTCUSDm,long,2026-06-04 00:30:00+00:00,73762,63279.84,0.1,62579.84,64279.84,700.0,close_below_lower,0.6173433348255449,0.1,63779.84,0.5,0.0,0.0,0.0,,,False,2026-06-04 01:20:00+00:00,73772,62579.84,sl,-70.0,0.0,0.0,-70.0,-1.0,-563.3199999999997,451.72000000000116,-0.8047428571428568,0.6453142857142874,10,3000.0,14.0,252.54714285714104,525.06445255321,asian,Thu,0,False
1284,BTCUSDm,long,2026-06-04 01:25:00+00:00,73773,62559.12,0.1,62559.12,63559.12,700.0,close_below_lower,0.30664606569612396,0.05,63059.12,0.5,0.05,63059.12,25.0,73775.0,2026-06-04 01:35:00+00:00,True,2026-06-04 01:45:00+00:00,73777,62559.12,be_stop,25.0,0.0,0.0,25.0,0.35714285714285715,-35.650000000001455,538.3399999999965,-0.05092857142857351,0.7690571428571379,4,1200.0,14.0,418.07928571428573,548.3544370886823,asian,Thu,1,False
1285,BTCUSDm,long,2026-06-04 01:55:00+00:00,73779,62184.06,0.1,61484.06,63184.06,700.0,close_below_lower,0.16437504041311318,0.1,62684.06,0.5,0.0,0.0,0.0,,,False,2026-06-04 02:00:00+00:00,73780,61484.06,sl,-70.0,0.0,0.0,-70.0,-1.0,-167.77999999999884,78.77000000000407,-0.23968571428571261,0.11252857142857725,1,300.0,14.0,341.45428571428573,562.3333688872968,asian,Thu,1,False
1286,BTCUSDm,long,2026-06-04 02:05:00+00:00,73781,61414.11,0.1,61414.11,62414.11,700.0,close_below_lower,1.0619445561105287,0.05,61914.11,0.5,0.05,61965.9,27.589500000000044,73782.0,2026-06-04 02:10:00+00:00,True,2026-06-04 02:10:00+00:00,73782,62414.11,tp,77.58950000000004,0.0,0.0,77.58950000000004,1.1084214285714291,-16.87000000000262,963.0199999999968,-0.024100000000003743,1.3757428571428525,1,300.0,14.0,363.61500000000007,571.6295783065538,asian,Thu,2,False
1287,BTCUSDm,short,2026-06-04 02:35:00+00:00,73787,63188.94,0.1,63888.94,62188.94,700.0,close_above_upper,0.13746636428813352,0.1,62688.94,0.5,0.0,0.0,0.0,,,False,2026-06-04 03:05:00+00:00,73793,63902.94,sl,-71.4,0.0,0.0,-71.4,-1.02,-503.2099999999991,216.70000000000437,-0.7188714285714273,0.3095714285714348,6,1800.0,14.0,464.55428571428484,581.3916218721652,asian,Thu,2,False
1288,BTCUSDm,short,2026-06-04 03:10:00+00:00,73794,63731.73,0.1,64431.73,62731.73,700.0,close_above_upper,0.09522181711513539,0.1,63231.73,0.5,0.0,0.0,0.0,,,False,2026-06-04 03:30:00+00:00,73798,64445.73,sl,-71.4,0.0,0.0,-71.4,-1.02,-345.73999999999796,105.0,-0.4939142857142828,0.15,4,1200.0,14.0,472.9028571428571,594.8632890568796,asian,Thu,3,False
1289,BTCUSDm,short,2026-06-04 03:35:00+00:00,73799,64377.69,0.1,65077.69,63377.69,700.0,close_above_upper,0.31670375487985264,0.1,63877.69,0.5,0.0,0.0,0.0,,,False,2026-06-04 04:35:00+00:00,73811,64234.87,signal,14.281999999999972,0.0,0.0,14.281999999999972,0.20402857142857103,-320.97000000000116,218.9100000000035,-0.4585285714285731,0.3127285714285764,12,3600.0,14.0,331.9400000000008,608.648279064686,asian,Thu,3,False
1290,BTCUSDm,short,2026-06-04 12:25:00+00:00,73905,63231.85,0.1,63931.85,62231.85,700.0,close_above_upper,0.15719520208542795,0.1,62731.85,0.5,0.0,0.0,0.0,,,False,2026-06-04 13:20:00+00:00,73916,63219.990000000005,signal,1.1859999999993307,0.0,0.0,1.1859999999993307,0.016942857142847583,-680.75,239.04999999999563,-0.9725,0.34149999999999375,11,3300.0,10.08,282.7428571428588,622.0216519942298,overlap,Thu,12,False
1291,BTCUSDm,long,2026-06-05 06:00:00+00:00,74116,62278.19,0.1,61578.19,63278.19,700.0,close_below_lower,0.12282182097243895,0.1,62778.19,0.5,0.0,0.0,0.0,,,False,2026-06-05 06:20:00+00:00,74120,61578.19,sl,-70.0,0.0,0.0,-70.0,-1.0,-534.7400000000052,295.4799999999959,-0.7639142857142932,0.4221142857142799,4,1200.0,10.08,286.9357142857147,658.2411311040502,asian,Fri,6,False
1292,BTCUSDm,long,2026-06-05 06:25:00+00:00,74121,61411.44,0.1,61411.44,62411.44,700.0,close_below_lower,0.5709906941035678,0.05,61911.44,0.5,0.05,61911.44,25.0,74122.0,2026-06-05 06:30:00+00:00,True,2026-06-05 07:05:00+00:00,74129,61411.44,be_stop,25.0,0.0,0.0,25.0,0.35714285714285715,-128.70000000000437,736.6999999999971,-0.1838571428571491,1.0524285714285673,8,2400.0,10.08,380.0042857142856,678.321232644658,asian,Fri,6,False
1293,BTCUSDm,short,2026-06-05 07:40:00+00:00,74136,62699.97,0.1,63399.97,61699.97,700.0,close_above_upper,0.10774877011299479,0.1,62199.97,0.5,0.0,0.0,0.0,,,False,2026-06-05 08:40:00+00:00,74148,62480.4,signal,21.956999999999972,0.0,0.0,21.956999999999972,0.31367142857142816,-367.7299999999959,235.4300000000003,-0.5253285714285656,0.33632857142857187,12,3600.0,10.08,361.81142857142913,700.6872661856919,london,Fri,7,False
1294,BTCUSDm,long,2026-06-05 14:00:00+00:00,74212,60690.08,0.1,60690.08,61690.08,700.0,close_below_lower,0.3970684842953259,0.05,61190.08,0.5,0.05,61190.08,25.0,74213.0,2026-06-05 14:05:00+00:00,True,2026-06-05 14:10:00+00:00,74214,60690.08,be_stop,25.0,0.0,0.0,25.0,0.35714285714285715,-289.52999999999884,504.8799999999974,-0.41361428571428405,0.7212571428571392,2,600.0,10.08,306.82571428571566,726.7002611568496,overlap,Fri,14,False
1295,BTCUSDm,long,2026-06-05 18:55:00+00:00,74271,59178.200000000004,0.1,59178.200000000004,60178.2,700.0,close_below_lower,0.42906773109186397,0.05,59678.2,0.5,0.05,59678.2,24.999999999999638,74277.0,2026-06-05 19:25:00+00:00,True,2026-06-05 19:30:00+00:00,74278,59813.22,signal,56.75099999999948,0.0,0.0,56.75099999999948,0.810728571428564,-104.91000000000349,659.0499999999956,-0.14987142857143357,0.9414999999999938,7,2100.0,10.08,298.99357142857065,734.8564146029078,newyork,Fri,18,False
1296,BTCUSDm,short,2026-06-05 20:10:00+00:00,74286,60833.04,0.1,61533.04,59833.04,700.0,close_above_upper,0.24360843372759375,0.1,60333.04,0.5,0.0,0.0,0.0,,,False,2026-06-05 20:50:00+00:00,74294,61543.12,sl,-71.00800000000018,0.0,0.0,-71.00800000000018,-1.0144000000000026,-597.489999999998,182.3000000000029,-0.8535571428571399,0.26042857142857556,8,2400.0,10.08,420.32714285714246,726.8869063143879,newyork,Fri,20,False
1297,BTCUSDm,long,2026-06-05 23:35:00+00:00,74327,60571.32,0.1,60571.32,61571.32,700.0,close_below_lower,0.0532756415996647,0.05,61071.32,0.5,0.05,61071.32,25.0,74332.0,2026-06-06 00:00:00+00:00,True,2026-06-06 00:05:00+00:00,74333,61367.96,signal,64.83199999999997,0.0,0.0,64.83199999999997,0.9261714285714281,-10.080000000001746,825.0299999999988,-0.014400000000002494,1.178614285714284,6,1800.0,10.08,288.6621428571442,725.6722979397108,rollover,Fri,23,False
1298,BTCUSDm,long,2026-06-06 04:35:00+00:00,74387,59515.69,0.1,59515.69,60515.69,700.0,close_below_lower,0.1279211620394244,0.05,60015.69,0.5,0.05,60015.69,25.0,74390.0,2026-06-06 04:50:00+00:00,True,2026-06-06 04:55:00+00:00,74391,60236.66,signal,61.04850000000006,0.0,0.0,61.04850000000006,0.8721214285714295,-27.650000000001455,782.1599999999962,-0.03950000000000208,1.1173714285714231,4,1200.0,10.08,254.82499999999814,720.7762851892019,asian,Sat,4,False
1299,BTCUSDm,long,2026-06-07 12:35:00+00:00,74770,61770.340000000004,0.1,61070.34,62770.34,700.0,close_below_lower,0.02644437939719415,0.1,62270.34,0.5,0.0,0.0,0.0,,,False,2026-06-07 13:30:00+00:00,74781,61826.63,signal,5.62899999999936,0.0,0.0,5.62899999999936,0.08041428571427657,-239.59000000000378,208.68999999999505,-0.342271428571434,0.29812857142856436,11,3300.0,10.08,189.7992857142864,489.60964623509517,overlap,Sun,12,False
1300,BTCUSDm,long,2026-06-07 19:10:00+00:00,74849,61566.560000000005,0.1,60866.56,62566.56,700.0,close_below_lower,0.2695843915723255,0.1,62066.56,0.5,0.0,0.0,0.0,,,False,2026-06-07 20:05:00+00:00,74860,61471.3,signal,-9.526000000000204,0.0,0.0,-9.526000000000204,-0.1360857142857172,-421.38000000000466,174.0399999999936,-0.6019714285714353,0.2486285714285623,11,3300.0,10.08,125.82642857142751,392.12995370103465,newyork,Sun,19,False
1301,BTCUSDm,short,2026-06-07 22:15:00+00:00,74886,63681.78,0.1,63681.78,62681.78,700.0,close_above_upper,3.3248765815404777,0.05,63181.78,0.5,0.05,63152.97,26.440499999999886,74887.0,2026-06-07 22:20:00+00:00,True,2026-06-07 23:10:00+00:00,74897,62804.0,signal,70.32949999999983,0.0,0.0,70.32949999999983,1.0047071428571404,-566.0699999999997,928.1999999999971,-0.8086714285714282,1.3259999999999958,11,3300.0,10.08,267.30428571428484,404.8825720832951,rollover,Sun,22,False
1302,BTCUSDm,short,2026-06-08 00:40:00+00:00,74915,63791.19,0.1,64491.19,62791.19,700.0,close_above_upper,0.2618545548075142,0.1,63291.19,0.5,0.0,0.0,0.0,,,False,2026-06-08 01:05:00+00:00,74920,63356.37,signal,43.48199999999997,0.0,0.0,43.48199999999997,0.6211714285714282,-68.32999999999447,457.42000000000553,-0.09761428571427781,0.6534571428571507,5,1500.0,10.08,190.3064285714302,399.1748932732024,asian,Mon,0,False
1303,BTCUSDm,long,2026-06-08 01:25:00+00:00,74924,62870.630000000005,0.1,62170.63,63870.63,700.0,close_below_lower,0.17092759066281882,0.1,63370.63,0.5,0.0,0.0,0.0,,,False,2026-06-08 02:00:00+00:00,74931,63187.64,signal,31.70099999999948,0.0,0.0,31.70099999999948,0.4528714285714211,-191.90000000000146,358.6999999999971,-0.27414285714285924,0.5124285714285672,7,2100.0,10.08,219.67142857142971,409.4171894152137,asian,Mon,1,False
1304,BTCUSDm,long,2026-06-08 12:05:00+00:00,75052,62823.32,0.1,62123.32,63823.32,700.0,close_below_lower,0.40479209577953695,0.1,63323.32,0.5,0.0,0.0,0.0,,,False,2026-06-08 12:35:00+00:00,75058,63161.87,signal,33.855000000000295,0.0,0.0,33.855000000000295,0.48364285714286137,-167.73999999999796,418.7699999999968,-0.23962857142856853,0.5982428571428525,6,1800.0,10.08,215.14857142857258,410.3804896918741,overlap,Mon,12,False
1305,BTCUSDm,short,2026-06-08 13:00:00+00:00,75063,63820.6,0.1,63820.6,62820.6,700.0,close_above_upper,0.1979422212604123,0.05,63320.6,0.5,0.05,63330.6,24.5,75069.0,2026-06-08 13:30:00+00:00,True,2026-06-08 13:35:00+00:00,75070,63434.12,signal,43.8239999999998,0.0,0.0,43.8239999999998,0.62605714285714,-86.56000000000495,512.8099999999977,-0.12365714285714993,0.732585714285711,7,2100.0,10.08,274.100714285714,427.39017315885593,overlap,Mon,13,False
1306,BTCUSDm,long,2026-06-09 14:20:00+00:00,75367,61799.48,0.1,61099.48,62799.48,700.0,close_below_lower,0.05088588078499158,0.1,62299.48,0.5,0.0,0.0,0.0,,,False,2026-06-09 14:45:00+00:00,75372,61099.48,sl,-70.0,0.0,0.0,-70.0,-1.0,-532.3400000000038,64.20999999999913,-0.7604857142857196,0.09172857142857019,5,1500.0,10.0,215.73642857143048,405.3294811881533,overlap,Tue,14,False
1307,BTCUSDm,long,2026-06-09 14:50:00+00:00,75373,61189.75,0.1,60489.75,62189.75,700.0,close_below_lower,0.4103409088990992,0.1,61689.75,0.5,0.0,0.0,0.0,,,False,2026-06-09 15:10:00+00:00,75377,61647.2,signal,45.74499999999971,0.0,0.0,45.74499999999971,0.6534999999999959,-53.330000000001746,466.5699999999997,-0.07618571428571679,0.666528571428571,4,1200.0,10.0,242.96142857143008,419.2731082649063,overlap,Tue,14,False
1308,BTCUSDm,short,2026-06-09 17:05:00+00:00,75400,61587.47,0.1,62287.47,60587.47,700.0,close_above_upper,0.10225632512387554,0.1,61087.47,0.5,0.0,0.0,0.0,,,False,2026-06-09 18:30:00+00:00,75417,61696.41,signal,-10.894000000000233,0.0,0.0,-10.894000000000233,-0.15562857142857475,-332.90000000000146,245.23999999999796,-0.47557142857143064,0.35034285714285424,17,5100.0,10.0,262.3221428571404,402.9935773858598,newyork,Tue,17,False
1309,BTCUSDm,short,2026-06-10 12:35:00+00:00,75634,61625.0,0.1,62325.0,60625.0,700.0,close_above_upper,0.4938814554820655,0.1,61125.0,0.5,0.0,0.0,0.0,,,False,2026-06-10 13:20:00+00:00,75643,61437.97,signal,18.702999999999886,0.0,0.0,18.702999999999886,0.26718571428571264,-125.62000000000262,217.9300000000003,-0.1794571428571466,0.31132857142857184,9,2700.0,10.0,174.73928571428561,356.3749455646744,overlap,Wed,12,False
1310,BTCUSDm,short,2026-06-10 13:40:00+00:00,75647,62114.37,0.1,62814.37,61114.37,700.0,close_above_upper,0.49484779844893834,0.1,61614.37,0.5,0.0,0.0,0.0,,,False,2026-06-10 14:20:00+00:00,75655,61888.41,signal,22.595999999999915,0.0,0.0,22.595999999999915,0.3227999999999988,-300.34999999999854,301.47000000000116,-0.4290714285714265,0.43067142857143026,8,2400.0,10.0,214.31142857142913,371.199324943988,overlap,Wed,13,False
1311,BTCUSDm,short,2026-06-10 15:55:00+00:00,75674,62773.27,0.1,62773.27,61773.27,700.0,close_above_upper,0.5292852331911928,0.05,62273.27,0.5,0.05,62283.27,24.5,75677.0,2026-06-10 16:10:00+00:00,True,2026-06-10 16:15:00+00:00,75678,62301.71,signal,48.07799999999989,0.0,0.0,48.07799999999989,0.6868285714285699,-24.25,506.7099999999991,-0.03464285714285714,0.7238714285714273,4,1200.0,10.0,264.4685714285702,379.5259980822611,overlap,Wed,15,False
1312,BTCUSDm,long,2026-06-11 12:25:00+00:00,75920,62667.65,0.1,61967.65,63667.65,700.0,close_below_lower,0.05981612987809681,0.1,63167.65,0.5,0.0,0.0,0.0,,,False,2026-06-11 12:50:00+00:00,75925,62907.57,signal,23.991999999999827,0.0,0.0,23.991999999999827,0.3427428571428547,-240.09999999999854,259.36999999999534,-0.3429999999999979,0.37052857142856477,5,1500.0,10.0,126.47285714285785,339.1221875386622,overlap,Thu,12,False
1313,BTCUSDm,short,2026-06-11 17:30:00+00:00,75981,62876.86,0.1,63576.86,61876.86,700.0,close_above_upper,0.04927904746132547,0.1,62376.86,0.5,0.0,0.0,0.0,,,False,2026-06-11 17:55:00+00:00,75986,63586.86,sl,-71.0,0.0,0.0,-71.0,-1.0142857142857142,-678.4199999999983,0.0,-0.9691714285714261,0.0,5,1500.0,10.0,165.83999999999858,341.83401949456186,newyork,Thu,17,False
1314,BTCUSDm,short,2026-06-11 18:00:00+00:00,75987,63563.84,0.1,64263.84,62563.84,700.0,close_above_upper,0.6836744102710187,0.1,63063.84,0.5,0.0,0.0,0.0,,,False,2026-06-11 19:10:00+00:00,76001,63361.39,signal,20.24499999999971,0.0,0.0,20.24499999999971,0.2892142857142816,-158.7100000000064,319.36999999999534,-0.22672857142858058,0.4562428571428505,14,4200.0,10.0,227.095714285713,360.52411126906685,newyork,Thu,18,False
1315,BTCUSDm,long,2026-06-12 06:35:00+00:00,76138,62872.39,0.1,62172.39,63872.39,700.0,close_below_lower,0.03205891281255088,0.1,63372.39,0.5,0.0,0.0,0.0,,,False,2026-06-12 07:40:00+00:00,76151,62994.65,signal,12.226000000000205,0.0,0.0,12.226000000000205,0.1746571428571458,-121.93000000000029,165.88999999999942,-0.1741857142857147,0.23698571428571347,13,3900.0,10.0,102.07142857142857,340.9805936331297,asian,Fri,6,False
1316,BTCUSDm,short,2026-06-12 09:35:00+00:00,76174,63828.84,0.1,64528.84,62828.84,700.0,close_above_upper,0.06286193804368025,0.1,63328.84,0.5,0.0,0.0,0.0,,,False,2026-06-12 10:05:00+00:00,76180,63640.41,signal,18.842999999999304,0.0,0.0,18.842999999999304,0.2691857142857043,-37.320000000006985,216.43999999999505,-0.053314285714295695,0.3091999999999929,6,1800.0,10.0,103.7057142857141,330.26883637806924,london,Fri,9,False
1317,BTCUSDm,short,2026-06-12 14:55:00+00:00,76238,63884.34,0.1,64584.34,62884.34,700.0,close_above_upper,0.2797290149235818,0.1,63384.34,0.5,0.0,0.0,0.0,,,False,2026-06-12 15:35:00+00:00,76246,63890.97,signal,-0.6630000000004657,0.0,0.0,-0.6630000000004657,-0.009471428571435224,-462.1400000000067,97.87999999999738,-0.6602000000000096,0.1398285714285677,8,2400.0,10.0,201.65857142857308,330.69853134137963,overlap,Fri,14,False
1318,BTCUSDm,short,2026-06-13 21:45:00+00:00,76608,64540.47,0.1,65240.47,63540.47,700.0,close_above_upper,0.2114482045241564,0.1,64040.47,0.5,0.0,0.0,0.0,,,False,2026-06-13 23:00:00+00:00,76623,64434.07,signal,10.640000000000146,0.0,0.0,10.640000000000146,0.15200000000000208,-10.589999999996508,192.13000000000466,-0.01512857142856644,0.27447142857143525,15,4500.0,10.0,70.80500000000029,224.9073980579866,rollover,Sat,21,False
1319,BTCUSDm,long,2026-06-14 14:35:00+00:00,76810,63989.29,0.1,63289.29,64989.29,700.0,close_below_lower,0.66823571226724,0.1,64489.29,0.5,0.0,0.0,0.0,,,False,2026-06-14 15:05:00+00:00,76816,64103.08,signal,11.379000000000088,0.0,0.0,11.379000000000088,0.16255714285714412,-167.19000000000233,129.3399999999965,-0.23884285714286047,0.1847714285714236,6,1800.0,10.0,89.66071428571429,151.28650420881678,overlap,Sun,14,False
1320,BTCUSDm,long,2026-06-14 17:40:00+00:00,76847,63765.6,0.1,63065.6,64765.6,700.0,close_below_lower,0.11732692979805467,0.1,64265.6,0.5,0.0,0.0,0.0,,,False,2026-06-14 18:40:00+00:00,76859,63741.03,signal,-2.456999999999971,0.0,0.0,-2.456999999999971,-0.03509999999999958,-132.13999999999942,86.59000000000378,-0.18877142857142773,0.1237000000000054,12,3600.0,10.0,84.91999999999982,160.48026519464997,newyork,Sun,17,False
1321,BTCUSDm,short,2026-06-14 20:40:00+00:00,76883,63992.89,0.1,64692.89,62992.89,700.0,close_above_upper,0.05337073774382712,0.1,63492.89,0.5,0.0,0.0,0.0,,,False,2026-06-14 21:15:00+00:00,76890,64702.89,sl,-71.0,0.0,0.0,-71.0,-1.0142857142857142,-86.22000000000116,34.19999999999709,-0.12317142857143024,0.0488571428571387,7,2100.0,10.0,57.17928571428586,159.68097162491065,newyork,Sun,20,False
1322,BTCUSDm,short,2026-06-14 21:20:00+00:00,76891,64708.17,0.1,65408.17,63708.17,700.0,close_above_upper,3.1294620458384084,0.1,64208.17,0.5,0.0,0.0,0.0,,,False,2026-06-14 21:40:00+00:00,76895,65418.17,sl,-71.0,0.0,0.0,-71.0,-1.0142857142857142,-257.72000000000116,159.59999999999854,-0.36817142857143026,0.22799999999999793,4,1200.0,10.0,119.48928571428613,164.9393943080533,rollover,Sun,21,False
1323,BTCUSDm,short,2026-06-14 21:45:00+00:00,76896,65221.04,0.1,65921.04,64221.04,700.0,close_above_upper,3.159138427660775,0.1,64721.04,0.5,0.0,0.0,0.0,,,False,2026-06-14 23:05:00+00:00,76912,65275.51,signal,-5.447000000000116,0.0,0.0,-5.447000000000116,-0.07781428571428657,-422.6599999999962,307.52999999999884,-0.6037999999999946,0.4393285714285698,16,4800.0,10.0,207.47357142857177,182.63949318773766,rollover,Sun,21,False
1324,BTCUSDm,short,2026-06-14 23:15:00+00:00,76914,65526.64,0.1,66226.64,64526.64,700.0,close_above_upper,0.04930966352159349,0.1,65026.64,0.5,0.0,0.0,0.0,,,False,2026-06-15 00:35:00+00:00,76930,65596.47,signal,-6.983000000000175,0.0,0.0,-6.983000000000175,-0.09975714285714535,-353.13000000000466,57.729999999995925,-0.5044714285714352,0.08247142857142276,16,4800.0,10.0,198.51928571428394,206.43262005785095,rollover,Sun,23,False
1325,BTCUSDm,long,2026-06-15 01:05:00+00:00,76936,65338.33,0.1,64638.33,66338.33,700.0,close_below_lower,0.16431727778677377,0.1,65838.33,0.5,0.0,0.0,0.0,,,False,2026-06-15 01:40:00+00:00,76943,65671.96,signal,33.36300000000047,0.0,0.0,33.36300000000047,0.47661428571429243,-28.470000000001164,361.6499999999942,-0.04067142857143023,0.5166428571428489,7,2100.0,10.0,136.9021428571432,217.41158559675947,asian,Mon,1,False
1326,BTCUSDm,short,2026-06-15 03:45:00+00:00,76968,65866.95,0.1,66566.95,64866.95,700.0,close_above_upper,0.01592876769789723,0.1,65366.95,0.5,0.0,0.0,0.0,,,False,2026-06-15 04:15:00+00:00,76974,65698.76,signal,16.819000000000234,0.0,0.0,16.819000000000234,0.2402714285714319,-118.44999999999709,195.86999999999534,-0.16921428571428157,0.2798142857142791,6,1800.0,10.0,95.42071428571528,227.123600867044,asian,Mon,3,False
1327,BTCUSDm,short,2026-06-15 11:20:00+00:00,77059,66199.23,0.1,66899.23,65199.23,700.0,close_above_upper,0.6688739680794514,0.1,65699.23,0.5,0.0,0.0,0.0,,,False,2026-06-15 13:25:00+00:00,77084,66909.23,sl,-71.0,0.0,0.0,-71.0,-1.0142857142857142,-676.9400000000023,142.86999999999534,-0.9670571428571462,0.20409999999999334,25,7500.0,10.0,103.15285714286127,235.0557258742876,london,Mon,11,False
1328,BTCUSDm,short,2026-06-15 13:30:00+00:00,77085,66800.34,0.1,67500.34,65800.34,700.0,close_above_upper,0.0363402447676737,0.1,66300.34,0.5,0.0,0.0,0.0,,,False,2026-06-15 13:45:00+00:00,77088,66541.69,signal,25.86499999999942,0.0,0.0,25.86499999999942,0.3694999999999917,-49.4600000000064,371.36999999999534,-0.07065714285715201,0.5305285714285648,3,900.0,10.0,132.46428571428365,253.62254104044985,overlap,Mon,13,False
1329,BTCUSDm,short,2026-06-15 15:50:00+00:00,77113,67141.8,0.1,67841.8,66141.8,700.0,close_above_upper,0.7640070452548053,0.1,66641.8,0.5,0.0,0.0,0.0,,,False,2026-06-15 16:50:00+00:00,77125,67082.57,signal,5.922999999999593,0.0,0.0,5.922999999999593,0.08461428571427991,-121.36000000000058,89.8700000000099,-0.1733714285714294,0.12838571428572843,12,3600.0,10.0,122.35071428571246,264.00771936630673,overlap,Mon,15,False
1330,BTCUSDm,long,2026-06-15 19:20:00+00:00,77155,66408.96,0.1,65708.96,67408.96,700.0,close_below_lower,0.34393580791098344,0.1,66908.96,0.5,0.0,0.0,0.0,,,False,2026-06-15 19:45:00+00:00,77160,66702.14,signal,29.3179999999993,0.0,0.0,29.3179999999993,0.41882857142856145,-94.63999999999942,288.02999999999884,-0.13519999999999918,0.41147142857142693,5,1500.0,10.0,119.04357142857043,282.43129027909634,newyork,Mon,19,False
1331,BTCUSDm,long,2026-06-16 02:30:00+00:00,77241,65741.77,0.1,65041.77,66741.77,700.0,close_below_lower,0.4822568386438945,0.1,66241.77,0.5,0.0,0.0,0.0,,,False,2026-06-16 03:30:00+00:00,77253,65936.3,signal,19.452999999999886,0.0,0.0,19.452999999999886,0.27789999999999837,-150.27000000000407,224.0899999999965,-0.2146714285714344,0.32012857142856643,12,3600.0,10.0,98.80785714285697,297.00243655500446,asian,Tue,2,False
1332,BTCUSDm,short,2026-06-16 08:55:00+00:00,77318,66935.73,0.1,67635.73,65935.73,700.0,close_above_upper,0.3655569426244661,0.1,66435.73,0.5,0.0,0.0,0.0,,,False,2026-06-16 09:20:00+00:00,77323,66585.59,signal,35.013999999999946,0.0,0.0,35.013999999999946,0.5001999999999992,-12.84000000001106,366.5199999999895,-0.018342857142872943,0.5235999999999851,5,1500.0,10.0,108.92357142857092,319.70776454245754,london,Tue,8,False
1333,BTCUSDm,long,2026-06-16 14:20:00+00:00,77383,65670.04,0.1,64970.04,66670.04,700.0,close_below_lower,0.11248294636104568,0.1,66170.04,0.5,0.0,0.0,0.0,,,False,2026-06-16 15:10:00+00:00,77393,65746.09,signal,7.605000000000292,0.0,0.0,7.605000000000292,0.10864285714286132,-367.4799999999959,150.9200000000128,-0.5249714285714228,0.2156000000000183,10,3000.0,10.0,184.36142857142633,338.9132577686076,overlap,Tue,14,False
1334,BTCUSDm,long,2026-06-17 08:40:00+00:00,77603,64929.78,0.1,64229.78,65929.78,700.0,close_below_lower,0.3364649946849096,0.1,65429.78,0.5,0.0,0.0,0.0,,,False,2026-06-17 09:30:00+00:00,77613,64981.94,signal,5.216000000000349,0.0,0.0,5.216000000000349,0.07451428571429071,-156.8199999999997,97.75,-0.22402857142857102,0.13964285714285715,10,3000.0,10.0,139.29785714285546,276.33589845286014,london,Wed,8,False
1335,BTCUSDm,short,2026-06-17 15:50:00+00:00,77689,65657.53,0.1,66357.53,64657.53,700.0,close_above_upper,0.3166102722939656,0.1,65157.53,0.5,0.0,0.0,0.0,,,False,2026-06-17 16:25:00+00:00,77696,66367.53,sl,-71.0,0.0,0.0,-71.0,-1.0142857142857142,-362.16999999999825,61.19999999999709,-0.5173857142857118,0.08742857142856728,7,2100.0,10.0,195.82714285714246,279.4759599057171,overlap,Wed,15,False
1336,BTCUSDm,short,2026-06-17 16:30:00+00:00,77697,66205.58,0.1,66905.58,65205.58,700.0,close_above_upper,0.7703068644647187,0.1,65705.58,0.5,0.0,0.0,0.0,,,False,2026-06-17 17:00:00+00:00,77703,65827.48,signal,37.810000000000585,0.0,0.0,37.810000000000585,0.5401428571428655,-52.44999999999709,419.41999999999825,-0.07492857142856726,0.599171428571426,6,1800.0,10.0,179.03642857142873,290.55731009994963,newyork,Wed,16,False
1337,BTCUSDm,long,2026-06-17 18:05:00+00:00,77716,65204.86,0.1,65204.86,66204.86,700.0,close_below_lower,1.1431186625585226,0.05,65704.86,0.5,0.05,65704.86,25.0,77723.0,2026-06-17 18:40:00+00:00,True,2026-06-17 18:45:00+00:00,77724,65992.13,signal,64.36350000000022,0.0,0.0,64.36350000000022,0.9194785714285745,-458.1600000000035,816.1600000000035,-0.6545142857142907,1.165942857142862,8,2400.0,10.0,185.80785714285386,295.40963896387586,newyork,Wed,18,False
1338,BTCUSDm,long,2026-06-17 19:10:00+00:00,77729,65179.62,0.1,64479.62,66179.62,700.0,close_below_lower,0.17833447606622543,0.1,65679.62,0.5,0.0,0.0,0.0,,,False,2026-06-17 19:25:00+00:00,77732,64479.62,sl,-70.0,0.0,0.0,-70.0,-1.0,-642.7300000000032,182.64999999999418,-0.9181857142857188,0.2609285714285631,3,900.0,10.0,376.43142857142914,314.4247259136254,newyork,Wed,19,False
1339,BTCUSDm,long,2026-06-17 19:30:00+00:00,77733,64430.77,0.1,63730.77,65430.77,700.0,close_below_lower,1.4643290911838842,0.1,64930.77,0.5,0.0,0.0,0.0,,,False,2026-06-17 20:35:00+00:00,77746,64369.02,signal,-6.175000000000001,0.0,0.0,-6.175000000000001,-0.08821428571428573,-441.6599999999962,199.74000000000524,-0.6309428571428517,0.2853428571428646,13,3900.0,10.0,358.75999999999993,328.14862574420096,newyork,Wed,19,False
1340,BTCUSDm,long,2026-06-18 04:15:00+00:00,77838,63887.4,0.1,63187.4,64887.4,700.0,close_below_lower,0.11212122880697616,0.1,64387.4,0.5,0.0,0.0,0.0,,,False,2026-06-18 05:20:00+00:00,77851,63893.23,signal,0.5830000000001746,0.0,0.0,0.5830000000001746,0.008328571428573923,-268.9300000000003,155.22000000000116,-0.3841857142857147,0.2217428571428588,13,3900.0,10.0,112.26499999999994,332.3781372306453,asian,Thu,4,False
1341,BTCUSDm,long,2026-06-18 13:45:00+00:00,77952,63822.98,0.1,63122.98,64822.98,700.0,close_below_lower,0.06196940987612557,0.1,64322.98,0.5,0.0,0.0,0.0,,,False,2026-06-18 14:25:00+00:00,77960,64017.53,signal,19.454999999999565,0.0,0.0,19.454999999999565,0.2779285714285652,-192.95000000000437,316.3599999999933,-0.2756428571428634,0.4519428571428476,8,2400.0,10.0,116.32571428571516,337.88441208825077,overlap,Thu,13,False
1342,BTCUSDm,long,2026-06-18 15:20:00+00:00,77971,63335.88,0.1,62635.88,64335.88,700.0,close_below_lower,0.07813232274894934,0.1,63835.88,0.5,0.0,0.0,0.0,,,False,2026-06-18 15:40:00+00:00,77975,62635.88,sl,-70.0,0.0,0.0,-70.0,-1.0,-523.2199999999939,71.85000000000582,-0.7474571428571342,0.10264285714286546,4,1200.0,10.0,253.23142857142844,348.0679383972987,overlap,Thu,15,False
1343,BTCUSDm,long,2026-06-18 15:45:00+00:00,77976,62717.8,0.1,62017.8,63717.8,700.0,close_below_lower,0.8308065907365082,0.1,63217.8,0.5,0.0,0.0,0.0,,,False,2026-06-18 16:45:00+00:00,77988,62643.06,signal,-7.474000000000524,0.0,0.0,-7.474000000000524,-0.10677142857143607,-505.97000000000116,97.09999999999854,-0.7228142857142874,0.13871428571428362,12,3600.0,10.0,254.75,361.75776532460236,overlap,Thu,15,False
1344,BTCUSDm,long,2026-06-19 03:20:00+00:00,78115,62466.81,0.1,61766.81,63466.81,700.0,close_below_lower,0.010774463572895117,0.1,62966.81,0.5,0.0,0.0,0.0,,,False,2026-06-19 04:10:00+00:00,78125,62726.07,signal,25.926000000000204,0.0,0.0,25.926000000000204,0.3703714285714315,-22.029999999998836,323.75,-0.03147142857142691,0.4625,10,3000.0,10.0,109.80071428571422,376.3756544884975,asian,Fri,3,False
1345,BTCUSDm,short,2026-06-19 13:50:00+00:00,78241,63250.48,0.1,63950.48,62250.48,700.0,close_above_upper,0.5246696908437327,0.1,62750.48,0.5,0.0,0.0,0.0,,,False,2026-06-19 15:00:00+00:00,78255,63149.4,signal,10.108000000000175,0.0,0.0,10.108000000000175,0.1444000000000025,-107.0199999999968,308.97000000000116,-0.1528857142857097,0.44138571428571594,14,4200.0,10.0,170.14428571428653,305.343645517655,overlap,Fri,13,False
1346,BTCUSDm,short,2026-06-20 00:35:00+00:00,78370,63720.43,0.1,64420.43,62720.43,700.0,close_above_upper,0.0011698945232350888,0.1,63220.43,0.5,0.0,0.0,0.0,,,False,2026-06-20 01:00:00+00:00,78375,63478.17,signal,24.226000000000205,0.0,0.0,24.226000000000205,0.3460857142857172,0.0,269.6800000000003,0.0,0.3852571428571433,5,1500.0,10.0,101.0257142857138,295.12311086700373,asian,Sat,0,False
1347,BTCUSDm,long,2026-06-20 13:25:00+00:00,78524,63289.14,0.1,62589.14,64289.14,700.0,close_below_lower,0.2389546711899239,0.1,63789.14,0.5,0.0,0.0,0.0,,,False,2026-06-20 14:35:00+00:00,78538,63341.35,signal,5.220999999999913,0.0,0.0,5.220999999999913,0.07458571428571305,-181.09999999999854,146.37999999999738,-0.2587142857142836,0.20911428571428198,14,4200.0,10.0,79.86785714285777,217.37297959700018,overlap,Sat,13,False
1348,BTCUSDm,short,2026-06-20 14:50:00+00:00,78541,63897.46,0.1,64597.46,62897.46,700.0,close_above_upper,1.3932534714335796,0.1,63397.46,0.5,0.0,0.0,0.0,,,False,2026-06-20 16:05:00+00:00,78556,63956.86,signal,-5.940000000000146,0.0,0.0,-5.940000000000146,-0.08485714285714495,-434.3000000000029,126.01000000000204,-0.6204285714285755,0.18001428571428862,15,4500.0,10.0,135.34357142857178,217.72604862970593,overlap,Sat,14,False
1349,BTCUSDm,short,2026-06-20 22:30:00+00:00,78633,64224.57,0.1,64924.57,63224.57,700.0,close_above_upper,0.015385255705418635,0.1,63724.57,0.5,0.0,0.0,0.0,,,False,2026-06-20 23:35:00+00:00,78646,64192.39,signal,3.2180000000000293,0.0,0.0,3.2180000000000293,0.04597142857142899,-60.37999999999738,60.37000000000262,-0.08625714285713912,0.08624285714286088,13,3900.0,10.0,85.49071428571291,226.3152747512561,rollover,Sat,22,False
1350,BTCUSDm,long,2026-06-21 20:50:00+00:00,78901,63665.01,0.1,62965.01,64665.01,700.0,close_below_lower,0.7834215659953814,0.1,64165.01,0.5,0.0,0.0,0.0,,,False,2026-06-21 21:40:00+00:00,78911,63874.46,signal,20.94499999999971,0.0,0.0,20.94499999999971,0.29921428571428155,-241.69000000000233,229.0,-0.3452714285714319,0.3271428571428571,10,3000.0,10.0,76.39071428571489,194.42354398602885,newyork,Sun,20,False
1351,BTCUSDm,long,2026-06-21 23:35:00+00:00,78934,63341.91,0.1,62641.91,64341.91,700.0,close_below_lower,0.39071238454907947,0.1,63841.91,0.5,0.0,0.0,0.0,,,False,2026-06-22 00:10:00+00:00,78941,63498.31,signal,15.639999999999418,0.0,0.0,15.639999999999418,0.22342857142856312,-159.2800000000061,167.84999999999854,-0.22754285714286587,0.23978571428571221,7,2100.0,10.0,117.31785714285641,204.23120849111353,rollover,Sun,23,False
1352,BTCUSDm,short,2026-06-22 00:40:00+00:00,78947,63891.69,0.1,64591.69,62891.69,700.0,close_above_upper,0.7375876601298207,0.1,63391.69,0.5,0.0,0.0,0.0,,,False,2026-06-22 01:25:00+00:00,78956,64601.69,sl,-71.0,0.0,0.0,-71.0,-1.0142857142857142,-474.93999999999505,238.79000000000087,-0.6784857142857073,0.34112857142857267,9,2700.0,10.0,172.432857142858,216.95586541644354,asian,Mon,0,False
1353,BTCUSDm,short,2026-06-22 01:30:00+00:00,78957,64560.08,0.1,65260.08,63560.08,700.0,close_above_upper,1.9043048884151288,0.1,64060.08,0.5,0.0,0.0,0.0,,,False,2026-06-22 02:35:00+00:00,78970,64444.79,signal,11.529000000000089,0.0,0.0,11.529000000000089,0.16470000000000126,-84.68000000000029,266.5500000000029,-0.120971428571429,0.38078571428571845,13,3900.0,10.0,202.00785714285718,230.05768806967006,asian,Mon,1,False
1354,BTCUSDm,long,2026-06-22 03:05:00+00:00,78976,64082.94,0.1,63382.94,65082.94,700.0,close_below_lower,0.18761652555427005,0.1,64582.94,0.5,0.0,0.0,0.0,,,False,2026-06-22 03:25:00+00:00,78980,64294.72,signal,21.177999999999884,0.0,0.0,21.177999999999884,0.3025428571428555,-163.76000000000204,209.15999999999622,-0.23394285714286006,0.29879999999999457,4,1200.0,10.0,130.52642857142928,242.39623011893386,asian,Mon,3,False
1355,BTCUSDm,long,2026-06-22 04:00:00+00:00,78987,63897.89,0.1,63197.89,64897.89,700.0,close_below_lower,0.016696872341753044,0.1,64397.89,0.5,0.0,0.0,0.0,,,False,2026-06-22 04:50:00+00:00,78997,63979.35,signal,8.145999999999914,0.0,0.0,8.145999999999914,0.11637142857142733,-113.93000000000029,103.66000000000349,-0.16275714285714327,0.1480857142857193,10,3000.0,10.0,173.5971428571424,244.16260603208963,asian,Mon,4,False
1356,BTCUSDm,short,2026-06-22 11:35:00+00:00,79078,64528.51,0.1,65228.51,63528.51,700.0,close_above_upper,0.3915082814639369,0.1,64028.51,0.5,0.0,0.0,0.0,,,False,2026-06-22 13:30:00+00:00,79101,64938.35,signal,-40.983999999999654,0.0,0.0,-40.983999999999654,-0.5854857142857094,-631.0299999999988,39.63000000000466,-0.9014714285714269,0.05661428571429237,23,6900.0,10.0,108.39357142857054,233.55310366168885,london,Mon,11,False
1357,BTCUSDm,short,2026-06-22 13:45:00+00:00,79104,65332.05,0.1,66032.05,64332.05,700.0,close_above_upper,0.10948403260108895,0.1,64832.05,0.5,0.0,0.0,0.0,,,False,2026-06-22 14:15:00+00:00,79110,65246.67,signal,8.538000000000466,0.0,0.0,8.538000000000466,0.12197142857143523,-234.52000000000407,124.44000000000233,-0.3350285714285772,0.1777714285714319,6,1800.0,10.0,166.68642857142964,259.5122007762746,overlap,Mon,13,False
1358,BTCUSDm,long,2026-06-22 14:30:00+00:00,79113,64903.98,0.1,64203.98,65903.98,700.0,close_below_lower,0.09888089876234238,0.1,65403.98,0.5,0.0,0.0,0.0,,,False,2026-06-22 15:05:00+00:00,79120,65018.76,signal,11.477999999999884,0.0,0.0,11.477999999999884,0.1639714285714269,-148.3900000000067,168.3199999999997,-0.21198571428572385,0.24045714285714245,7,2100.0,10.0,180.71285714285946,268.97778627778996,overlap,Mon,14,False
1359,BTCUSDm,long,2026-06-22 22:40:00+00:00,79211,63849.49,0.1,63149.49,64849.49,700.0,close_below_lower,0.055069289937711534,0.1,64349.49,0.5,0.0,0.0,0.0,,,False,2026-06-22 23:30:00+00:00,79221,63964.81,signal,11.531999999999972,0.0,0.0,11.531999999999972,0.16474285714285675,-123.62999999999738,134.5,-0.17661428571428198,0.19214285714285714,10,3000.0,10.0,129.6178571428588,295.73083957908204,rollover,Mon,22,False
1360,BTCUSDm,long,2026-06-23 06:20:00+00:00,79303,62973.72,0.1,62273.72,63973.72,700.0,close_below_lower,0.08962465685488968,0.1,63473.72,0.5,0.0,0.0,0.0,,,False,2026-06-23 07:10:00+00:00,79313,62956.72,signal,-1.7000000000000002,0.0,0.0,-1.7000000000000002,-0.02428571428571429,-479.4599999999991,8.62999999999738,-0.6849428571428559,0.012328571428567687,10,3000.0,10.0,138.2357142857145,308.8263822004988,asian,Tue,6,False
1361,BTCUSDm,long,2026-06-23 08:20:00+00:00,79327,62347.75,0.1,61647.75,63347.75,700.0,close_below_lower,0.35141745715990663,0.1,62847.75,0.5,0.0,0.0,0.0,,,False,2026-06-23 09:15:00+00:00,79338,62368.96,signal,2.120999999999913,0.0,0.0,2.120999999999913,0.030299999999998755,-498.8600000000006,113.16000000000349,-0.7126571428571437,0.16165714285714786,11,3300.0,10.0,127.21142857142748,323.23501484414135,london,Tue,8,False
1362,BTCUSDm,short,2026-06-23 14:20:00+00:00,79399,62734.28,0.1,63434.28,61734.28,700.0,close_above_upper,0.051638311977835125,0.1,62234.28,0.5,0.0,0.0,0.0,,,False,2026-06-23 14:45:00+00:00,79404,62463.17,signal,27.11100000000006,0.0,0.0,27.11100000000006,0.38730000000000087,-62.75,360.6900000000023,-0.08964285714285715,0.5152714285714319,5,1500.0,10.0,196.0135714285716,349.2643125998365,overlap,Tue,14,False
1363,BTCUSDm,short,2026-06-24 11:50:00+00:00,79657,63021.25,0.1,63721.25,62021.25,700.0,close_above_upper,1.054851912182864,0.1,62521.25,0.5,0.0,0.0,0.0,,,False,2026-06-24 12:50:00+00:00,79669,62683.25,signal,33.800000000000004,0.0,0.0,33.800000000000004,0.48285714285714293,0.0,359.0199999999968,0.0,0.5128857142857097,12,3600.0,10.0,133.02357142857207,273.6132926130242,london,Wed,11,False
1364,BTCUSDm,long,2026-06-24 13:05:00+00:00,79672,62312.76,0.1,61612.76,63312.76,700.0,close_below_lower,0.28743135389489965,0.1,62812.76,0.5,0.0,0.0,0.0,,,False,2026-06-24 13:20:00+00:00,79675,61612.76,sl,-70.0,0.0,0.0,-70.0,-1.0,-418.22000000000116,48.720000000001164,-0.5974571428571446,0.06960000000000166,3,900.0,10.0,118.10000000000011,278.57728815971484,overlap,Wed,13,False
1365,BTCUSDm,long,2026-06-24 13:25:00+00:00,79676,61757.45,0.1,61057.45,62757.45,700.0,close_below_lower,1.2261642067939138,0.1,62257.45,0.5,0.0,0.0,0.0,,,False,2026-06-24 14:10:00+00:00,79685,61057.45,sl,-70.0,0.0,0.0,-70.0,-1.0,-674.4499999999971,310.5900000000038,-0.9634999999999958,0.4437000000000054,9,2700.0,10.0,181.0157142857149,289.8785529587192,overlap,Wed,13,False
1366,BTCUSDm,long,2026-06-24 14:15:00+00:00,79686,61155.79,0.1,60455.79,62155.79,700.0,close_below_lower,0.37021228584139454,0.1,61655.79,0.5,0.0,0.0,0.0,,,False,2026-06-24 15:40:00+00:00,79703,60455.79,sl,-70.0,0.0,0.0,-70.0,-1.0,-622.5299999999988,139.19000000000233,-0.8893285714285698,0.19884285714286046,17,5100.0,10.0,294.11285714285776,316.12517022564225,overlap,Wed,14,False
1367,BTCUSDm,long,2026-06-24 15:45:00+00:00,79704,60503.99,0.1,59803.99,61503.99,700.0,close_below_lower,0.005286130593111012,0.1,61003.99,0.5,0.0,0.0,0.0,,,False,2026-06-24 16:25:00+00:00,79712,60529.55,signal,2.5560000000004948,0.0,0.0,2.5560000000004948,0.036514285714292785,-377.9599999999991,94.37000000000262,-0.539942857142856,0.13481428571428947,8,2400.0,10.0,180.80071428571475,333.9209308769239,overlap,Wed,15,False
1368,BTCUSDm,long,2026-06-24 16:50:00+00:00,79717,60009.54,0.1,59309.54,61009.54,700.0,close_below_lower,0.04552948760221563,0.1,60509.54,0.5,0.0,0.0,0.0,,,False,2026-06-24 17:20:00+00:00,79723,59309.54,sl,-70.0,0.0,0.0,-70.0,-1.0,-709.9199999999983,54.20999999999913,-1.014171428571426,0.0774428571428559,6,1800.0,10.0,190.65142857142877,340.98188157891275,newyork,Wed,16,False
1369,BTCUSDm,long,2026-06-24 17:25:00+00:00,79724,59461.73,0.1,58761.73,60461.73,700.0,close_below_lower,0.3972823942835844,0.1,59961.73,0.5,0.0,0.0,0.0,,,False,2026-06-24 18:15:00+00:00,79734,59509.89,signal,4.815999999999622,0.0,0.0,4.815999999999622,0.0687999999999946,-449.8600000000006,251.84999999999854,-0.6426571428571437,0.3597857142857122,10,3000.0,10.0,268.3657142857145,356.1431288767235,newyork,Wed,17,False
1370,BTCUSDm,short,2026-06-24 20:05:00+00:00,79756,60151.62,0.1,60851.62,59151.62,700.0,close_above_upper,0.1293838372999951,0.1,59651.62,0.5,0.0,0.0,0.0,,,False,2026-06-24 20:45:00+00:00,79764,60861.62,sl,-71.0,0.0,0.0,-71.0,-1.0142857142857142,-689.4099999999962,24.610000000000582,-0.9848714285714232,0.03515714285714369,8,2400.0,10.0,165.81428571428427,372.603608937534,newyork,Wed,20,False
1371,BTCUSDm,short,2026-06-24 20:50:00+00:00,79765,61078.59,0.1,61078.59,60078.59,700.0,close_above_upper,0.5523300515364638,0.05,60578.59,0.5,0.05,60588.59,24.5,79769.0,2026-06-24 21:10:00+00:00,True,2026-06-24 21:15:00+00:00,79770,60635.99,signal,46.629999999999924,0.0,0.0,46.629999999999924,0.666142857142856,-43.17000000000553,512.4799999999959,-0.06167142857143647,0.7321142857142799,5,1500.0,10.0,232.5207142857133,398.81975839328436,newyork,Wed,20,False
1372,BTCUSDm,short,2026-06-25 05:00:00+00:00,79863,61246.1,0.1,61946.1,60246.1,700.0,close_above_upper,0.008374532409538829,0.1,60746.1,0.5,0.0,0.0,0.0,,,False,2026-06-25 08:10:00+00:00,79901,61721.41,signal,-47.531000000000496,0.0,0.0,-47.531000000000496,-0.6790142857142928,-621.9500000000044,73.44999999999709,-0.8885000000000063,0.10492857142856728,38,11400.0,10.0,96.72571428571453,370.2333424519503,asian,Thu,5,False
1373,BTCUSDm,long,2026-06-25 13:40:00+00:00,79967,60576.57,0.1,59876.57,61576.57,700.0,close_below_lower,0.42319275214568347,0.1,61076.57,0.5,0.0,0.0,0.0,,,False,2026-06-25 13:45:00+00:00,79968,59876.57,sl,-70.0,0.0,0.0,-70.0,-1.0,-610.5500000000029,19.410000000003492,-0.8722142857142898,0.027728571428576418,1,300.0,10.0,210.65857142857152,369.43488468626845,overlap,Thu,13,False
1374,BTCUSDm,long,2026-06-25 13:50:00+00:00,79969,59431.9,0.1,58731.9,60431.9,700.0,close_below_lower,2.649354649867133,0.1,59931.9,0.5,0.0,0.0,0.0,,,False,2026-06-25 13:55:00+00:00,79970,58713.56,sl,-71.83400000000039,0.0,0.0,-71.83400000000039,-1.0262000000000056,-846.810000000005,77.93999999999505,-1.2097285714285786,0.11134285714285007,1,300.0,10.0,267.2764285714298,382.43925496784516,overlap,Thu,13,False
1375,BTCUSDm,long,2026-06-25 14:00:00+00:00,79971,58213.59,0.1,58213.59,59213.59,700.0,close_below_lower,4.206530364688281,0.05,58713.59,0.5,0.05,58819.23,30.282000000000338,79972.0,2026-06-25 14:05:00+00:00,True,2026-06-25 14:05:00+00:00,79972,59213.59,tp,80.28200000000034,0.0,0.0,80.28200000000034,1.1468857142857192,-21.0,810.9300000000003,-0.03,1.158471428571429,1,300.0,10.0,377.2850000000009,405.54826655768284,overlap,Thu,14,False
1376,BTCUSDm,long,2026-06-25 14:10:00+00:00,79973,59384.17,0.1,59384.17,60384.17,700.0,close_below_lower,0.45806121447632436,0.05,59884.17,0.5,0.05,59884.17,25.0,79977.0,2026-06-25 14:30:00+00:00,True,2026-06-25 14:30:00+00:00,79977,60384.17,tp,75.0,0.0,0.0,75.0,1.0714285714285714,-691.6399999999994,270.83000000000175,-0.9880571428571421,0.3869000000000025,4,1200.0,10.0,460.6657142857153,416.2973453219662,overlap,Thu,14,False
1377,BTCUSDm,short,2026-06-25 16:10:00+00:00,79997,59847.8,0.1,59847.8,58847.8,700.0,close_above_upper,0.1987344138999087,0.05,59347.8,0.5,0.05,59357.8,24.5,80001.0,2026-06-25 16:30:00+00:00,True,2026-06-25 16:35:00+00:00,80002,59300.59,signal,51.86050000000032,0.0,0.0,51.86050000000032,0.7408642857142903,-123.94999999999709,557.2100000000064,-0.1770714285714244,0.7960142857142949,5,1500.0,10.0,286.93285714285804,440.04559905506756,newyork,Thu,16,False
1378,BTCUSDm,long,2026-06-26 02:15:00+00:00,80118,58608.15,0.1,57908.15,59608.15,700.0,close_below_lower,0.37386461559966383,0.1,59108.15,0.5,0.0,0.0,0.0,,,False,2026-06-26 03:15:00+00:00,80130,58800.63,signal,19.247999999999593,0.0,0.0,19.247999999999593,0.27497142857142276,-371.2300000000032,330.6999999999971,-0.530328571428576,0.47242857142856726,12,3600.0,10.0,166.47428571428463,482.2779291611415,asian,Fri,2,False
1379,BTCUSDm,short,2026-06-26 03:40:00+00:00,80135,59365.43,0.1,60065.43,58365.43,700.0,close_above_upper,0.063260374620545,0.1,58865.43,0.5,0.0,0.0,0.0,,,False,2026-06-26 04:15:00+00:00,80142,60075.43,sl,-71.0,0.0,0.0,-71.0,-1.0142857142857142,-684.4400000000023,71.45999999999913,-0.9777714285714318,0.10208571428571304,7,2100.0,10.0,259.70642857142803,506.446411928919,asian,Fri,3,False
1380,BTCUSDm,long,2026-06-26 13:20:00+00:00,80251,58684.22,0.1,58684.22,59684.22,700.0,close_below_lower,0.02016924877381491,0.05,59184.22,0.5,0.05,59184.22,25.0,80254.0,2026-06-26 13:35:00+00:00,True,2026-06-26 13:40:00+00:00,80255,59126.1,signal,47.093999999999866,0.0,0.0,47.093999999999866,0.6727714285714267,-23.840000000003783,561.4300000000003,-0.03405714285714826,0.8020428571428576,4,1200.0,10.0,299.1992857142853,477.04749111279534,overlap,Fri,13,False
1381,BTCUSDm,short,2026-06-26 13:55:00+00:00,80258,59706.16,0.1,60406.16,58706.16,700.0,close_above_upper,0.17967456002130594,0.1,59206.16,0.5,0.0,0.0,0.0,,,False,2026-06-26 14:40:00+00:00,80267,59542.52,signal,16.36400000000067,0.0,0.0,16.36400000000067,0.23377142857143812,-508.82999999999447,214.61000000000058,-0.7268999999999921,0.3065857142857151,9,2700.0,10.0,318.4299999999998,474.7023090378412,overlap,Fri,13,False
1382,BTCUSDm,short,2026-06-28 08:40:00+00:00,80771,60384.74,0.1,61084.74,59384.74,700.0,close_above_upper,0.16826854523614612,0.1,59884.74,0.5,0.0,0.0,0.0,,,False,2026-06-28 09:30:00+00:00,80781,60253.87,signal,13.086999999999534,0.0,0.0,13.086999999999534,0.18695714285713622,-40.62000000000262,188.0899999999965,-0.05802857142857517,0.268699999999995,10,3000.0,10.0,77.35642857142842,209.47935287385985,london,Sun,8,False
1383,BTCUSDm,long,2026-06-28 13:05:00+00:00,80824,59965.49,0.1,59265.49,60965.49,700.0,close_below_lower,0.16457528089422882,0.1,60465.49,0.5,0.0,0.0,0.0,,,False,2026-06-28 14:10:00+00:00,80837,60051.69,signal,8.620000000000436,0.0,0.0,8.620000000000436,0.12314285714286337,-91.22000000000116,135.52000000000407,-0.13031428571428738,0.19360000000000582,13,3900.0,10.0,94.63571428571335,187.30489468155946,overlap,Sun,13,False
1384,BTCUSDm,long,2026-06-28 16:35:00+00:00,80866,59583.33,0.1,58883.33,60583.33,700.0,close_below_lower,0.12429504885639509,0.1,60083.33,0.5,0.0,0.0,0.0,,,False,2026-06-28 17:10:00+00:00,80873,59670.43,signal,8.709999999999855,0.0,0.0,8.709999999999855,0.12442857142856936,-88.38999999999942,185.61999999999534,-0.12627142857142773,0.2651714285714219,7,2100.0,10.0,113.84071428571458,186.75437517192614,newyork,Sun,16,False
1385,BTCUSDm,long,2026-06-28 17:40:00+00:00,80879,59373.75,0.1,58673.75,60373.75,700.0,close_below_lower,0.07525533488824897,0.1,59873.75,0.5,0.0,0.0,0.0,,,False,2026-06-28 18:05:00+00:00,80884,59572.14,signal,19.838999999999942,0.0,0.0,19.838999999999942,0.2834142857142849,-10.0,250.5899999999965,-0.014285714285714285,0.3579857142857093,5,1500.0,10.0,119.91000000000038,190.1425612725707,newyork,Sun,17,False
1386,BTCUSDm,long,2026-06-28 21:50:00+00:00,80929,59302.07,0.1,59302.07,60302.07,700.0,close_below_lower,0.44842587323958283,0.05,59802.07,0.5,0.05,59802.07,25.0,80931.0,2026-06-28 22:00:00+00:00,True,2026-06-28 22:05:00+00:00,80932,59703.71,signal,45.08199999999997,0.0,0.0,45.08199999999997,0.6440285714285711,-69.65999999999622,522.0,-0.09951428571428031,0.7457142857142857,3,900.0,10.0,72.260000000001,188.04780994823037,rollover,Sun,21,False
1387,BTCUSDm,long,2026-06-28 22:20:00+00:00,80935,59280.13,0.1,58580.13,60280.13,700.0,close_below_lower,0.22707612419726772,0.1,59780.13,0.5,0.0,0.0,0.0,,,False,2026-06-28 23:10:00+00:00,80945,59211.21,signal,-6.891999999999825,0.0,0.0,-6.891999999999825,-0.09845714285714036,-458.6399999999994,155.7300000000032,-0.6551999999999991,0.22247142857143315,10,3000.0,10.0,150.20357142857287,190.94161372421866,rollover,Sun,22,False
1388,BTCUSDm,short,2026-06-28 23:30:00+00:00,80949,59442.55,0.1,60142.55,58442.55,700.0,close_above_upper,0.12404434492874077,0.1,58942.55,0.5,0.0,0.0,0.0,,,False,2026-06-29 00:05:00+00:00,80956,59313.58,signal,12.897000000000117,0.0,0.0,12.897000000000117,0.18424285714285882,-315.29999999999563,154.88000000000466,-0.4504285714285652,0.2212571428571495,7,2100.0,10.0,207.03999999999982,200.39810504798936,rollover,Sun,23,False
1389,BTCUSDm,long,2026-06-29 00:30:00+00:00,80961,59128.17,0.1,58428.17,60128.17,700.0,close_below_lower,0.30718286484357954,0.1,59628.17,0.5,0.0,0.0,0.0,,,False,2026-06-29 00:55:00+00:00,80966,59407.14,signal,27.89700000000012,0.0,0.0,27.89700000000012,0.3985285714285731,-221.16999999999825,277.8700000000026,-0.3159571428571404,0.3969571428571466,5,1500.0,10.0,177.57714285714246,209.41573405947597,asian,Mon,0,False
1390,BTCUSDm,short,2026-06-29 01:00:00+00:00,80967,59557.14,0.1,60257.14,58557.14,700.0,close_above_upper,0.15311489902941752,0.1,59057.14,0.5,0.0,0.0,0.0,,,False,2026-06-29 01:20:00+00:00,80971,59218.85,signal,33.829000000000086,0.0,0.0,33.829000000000086,0.4832714285714298,-44.87000000000262,419.02999999999884,-0.06410000000000374,0.5986142857142841,4,1200.0,10.0,208.89928571428598,214.16667530154126,asian,Mon,1,False
1391,BTCUSDm,long,2026-06-29 02:15:00+00:00,80982,58951.1,0.1,58951.1,59951.1,700.0,close_below_lower,0.5851906772352177,0.05,59451.1,0.5,0.05,59451.1,25.0,80984.0,2026-06-29 02:25:00+00:00,True,2026-06-29 02:30:00+00:00,80985,59441.57,signal,49.523500000000055,0.0,0.0,49.523500000000055,0.7074785714285722,-64.56999999999971,550.4500000000044,-0.09224285714285672,0.7863571428571491,3,900.0,10.0,178.90214285714214,218.5448576180333,asian,Mon,2,False
1392,BTCUSDm,short,2026-06-29 02:40:00+00:00,80987,59547.9,0.1,60247.9,58547.9,700.0,close_above_upper,0.13733406296072556,0.1,59047.9,0.5,0.0,0.0,0.0,,,False,2026-06-29 04:10:00+00:00,81005,59869.8,signal,-32.19000000000015,0.0,0.0,-32.19000000000015,-0.45985714285714496,-596.3699999999953,14.599999999998545,-0.8519571428571362,0.020857142857140777,18,5400.0,10.0,194.03214285714265,222.4518195146846,asian,Mon,2,False
1393,BTCUSDm,long,2026-06-29 05:10:00+00:00,81017,59479.62,0.1,58779.62,60479.62,700.0,close_below_lower,0.13334700915636755,0.1,59979.62,0.5,0.0,0.0,0.0,,,False,2026-06-29 05:35:00+00:00,81022,59696.82,signal,21.71999999999971,0.0,0.0,21.71999999999971,0.31028571428571017,-194.74000000000524,227.97999999999593,-0.2782000000000075,0.32568571428570847,5,1500.0,10.0,106.17142857142815,243.96557078567162,asian,Mon,5,False
1394,BTCUSDm,short,2026-06-29 06:00:00+00:00,81027,60009.51,0.1,60709.51,59009.51,700.0,close_above_upper,0.13311967715474068,0.1,59509.51,0.5,0.0,0.0,0.0,,,False,2026-06-29 06:40:00+00:00,81035,59983.82,signal,2.569000000000233,0.0,0.0,2.569000000000233,0.03670000000000333,-245.6800000000003,39.270000000004075,-0.350971428571429,0.05610000000000582,8,2400.0,10.0,147.54071428571373,250.71125776213353,asian,Mon,6,False
1395,BTCUSDm,short,2026-06-29 10:10:00+00:00,81077,60194.39,0.1,60894.39,59194.39,700.0,close_above_upper,0.032045307987816345,0.1,59694.39,0.5,0.0,0.0,0.0,,,False,2026-06-29 10:40:00+00:00,81083,60041.39,signal,15.3,0.0,0.0,15.3,0.21857142857142858,-35.70999999999913,205.54000000000087,-0.051014285714284464,0.2936285714285727,6,1800.0,10.0,119.68214285714203,256.2723478541866,london,Mon,10,False
1396,BTCUSDm,short,2026-06-29 12:05:00+00:00,81100,60245.38,0.1,60945.38,59245.38,700.0,close_above_upper,0.3971879824589125,0.1,59745.38,0.5,0.0,0.0,0.0,,,False,2026-06-29 12:40:00+00:00,81107,59826.42,signal,41.895999999999916,0.0,0.0,41.895999999999916,0.5985142857142846,-462.2800000000061,474.11999999999534,-0.6604000000000088,0.6773142857142791,7,2100.0,10.0,157.37142857142732,261.99041894296545,overlap,Mon,12,False
1397,BTCUSDm,long,2026-06-29 12:50:00+00:00,81109,59842.84,0.1,59142.84,60842.84,700.0,close_below_lower,0.020044159070122775,0.1,60342.84,0.5,0.0,0.0,0.0,,,False,2026-06-29 13:15:00+00:00,81114,60127.55,signal,28.471000000000643,0.0,0.0,28.471000000000643,0.4067285714285806,-151.43999999999505,414.9100000000035,-0.21634285714285006,0.5927285714285764,5,1500.0,10.0,261.30142857142863,279.27345410160217,overlap,Mon,12,False
1398,BTCUSDm,long,2026-06-29 13:40:00+00:00,81119,59669.04,0.1,58969.04,60669.04,700.0,close_below_lower,0.22150135547453073,0.1,60169.04,0.5,0.0,0.0,0.0,,,False,2026-06-29 14:15:00+00:00,81126,58969.04,sl,-70.0,0.0,0.0,-70.0,-1.0,-689.4300000000003,42.529999999998836,-0.9849000000000004,0.06075714285714119,7,2100.0,10.0,223.78714285714366,276.54845892650957,overlap,Mon,13,False
1399,BTCUSDm,long,2026-06-29 14:20:00+00:00,81127,59062.92,0.1,59062.92,60062.92,700.0,close_below_lower,0.47250552640161475,0.05,59562.92,0.5,0.05,59562.92,25.0,81129.0,2026-06-29 14:30:00+00:00,True,2026-06-29 14:35:00+00:00,81130,59478.04,signal,45.75600000000013,0.0,0.0,45.75600000000013,0.6536571428571447,-118.19999999999709,543.1500000000015,-0.1688571428571387,0.7759285714285735,3,900.0,10.0,262.3842857142855,297.1249437318129,overlap,Mon,14,False
1400,BTCUSDm,short,2026-06-29 15:40:00+00:00,81143,59714.21,0.1,60414.21,58714.21,700.0,close_above_upper,0.2758530946990864,0.1,59214.21,0.5,0.0,0.0,0.0,,,False,2026-06-29 16:25:00+00:00,81152,59592.02,signal,12.219000000000234,0.0,0.0,12.219000000000234,0.17455714285714619,-131.19000000000233,168.5899999999965,-0.18741428571428903,0.24084285714285214,9,2700.0,10.0,235.9828571428578,303.5207095421464,overlap,Mon,15,False
1401,BTCUSDm,short,2026-06-29 17:05:00+00:00,81160,60072.78,0.1,60772.78,59072.78,700.0,close_above_upper,0.036081292834965514,0.1,59572.78,0.5,0.0,0.0,0.0,,,False,2026-06-29 18:25:00+00:00,81176,60349.68,signal,-27.690000000000147,0.0,0.0,-27.690000000000147,-0.3955714285714307,-524.1500000000015,15.360000000000582,-0.7487857142857164,0.021942857142857975,16,4800.0,10.0,139.05285714285543,311.086656225521,newyork,Mon,17,False
1402,BTCUSDm,long,2026-06-30 00:40:00+00:00,81251,59661.49,0.1,58961.49,60661.49,700.0,close_below_lower,0.11331320049100534,0.1,60161.49,0.5,0.0,0.0,0.0,,,False,2026-06-30 01:20:00+00:00,81259,59882.36,signal,22.087000000000263,0.0,0.0,22.087000000000263,0.31552857142857516,-48.20999999999913,245.58000000000175,-0.06887142857142732,0.35082857142857393,8,2400.0,10.0,104.44642857142857,340.462806804711,asian,Tue,0,False
1403,BTCUSDm,long,2026-06-30 13:00:00+00:00,81399,58318.73,0.1,57618.73,59318.73,700.0,close_below_lower,0.30539221560761115,0.1,58818.73,0.5,0.0,0.0,0.0,,,False,2026-06-30 13:45:00+00:00,81408,58459.48,signal,14.075000000000001,0.0,0.0,14.075000000000001,0.2010714285714286,-190.22000000000116,341.75999999999476,-0.2717428571428588,0.48822857142856396,9,2700.0,10.0,135.51857142857105,350.81850605171496,overlap,Tue,13,False
1404,BTCUSDm,short,2026-06-30 14:05:00+00:00,81412,58917.79,0.1,59617.79,57917.79,700.0,close_above_upper,0.16605667607254274,0.1,58417.79,0.5,0.0,0.0,0.0,,,False,2026-06-30 14:40:00+00:00,81419,58600.81,signal,31.69800000000032,0.0,0.0,31.69800000000032,0.452828571428576,-134.36000000000058,440.3899999999994,-0.19194285714285797,0.6291285714285706,7,2100.0,10.0,251.77214285714217,359.53598795861296,overlap,Tue,14,False
1405,BTCUSDm,long,2026-06-30 15:05:00+00:00,81424,58219.93,0.1,57519.93,59219.93,700.0,close_below_lower,0.13209052934968718,0.1,58719.93,0.5,0.0,0.0,0.0,,,False,2026-06-30 15:50:00+00:00,81433,58468.88,signal,24.894999999999712,0.0,0.0,24.894999999999712,0.35564285714285304,-136.02999999999884,474.8000000000029,-0.19432857142856977,0.6782857142857185,9,2700.0,10.0,256.89357142857,373.98100751844834,overlap,Tue,15,False
1406,BTCUSDm,short,2026-07-01 01:40:00+00:00,81539,58666.72,0.1,59366.72,57666.72,700.0,close_above_upper,0.00306626899297614,0.1,58166.72,0.5,0.0,0.0,0.0,,,False,2026-07-01 03:15:00+00:00,81558,58907.29,signal,-24.056999999999974,0.0,0.0,-24.056999999999974,-0.3436714285714282,-417.98999999999796,104.29000000000087,-0.5971285714285686,0.14898571428571553,19,5700.0,10.0,209.80857142857192,328.1194831759037,asian,Wed,1,False
1407,BTCUSDm,short,2026-07-01 13:45:00+00:00,81684,58935.34,0.1,59635.34,57935.34,700.0,close_above_upper,0.08947010629396188,0.1,58435.34,0.5,0.0,0.0,0.0,,,False,2026-07-01 14:10:00+00:00,81689,59645.34,sl,-71.0,0.0,0.0,-71.0,-1.0142857142857142,-514.8900000000067,75.88999999999942,-0.7355571428571525,0.10841428571428488,5,1500.0,10.0,155.69928571428733,289.061440503388,overlap,Wed,13,False
1408,BTCUSDm,short,2026-07-01 14:15:00+00:00,81690,59897.91,0.1,59897.91,58897.91,700.0,close_above_upper,1.6373923465772318,0.05,59397.91,0.5,0.05,59407.91,24.5,81696.0,2026-07-01 14:45:00+00:00,True,2026-07-01 15:00:00+00:00,81699,59494.68,signal,44.66150000000016,0.0,0.0,44.66150000000016,0.6380214285714308,-134.2699999999968,546.8300000000017,-0.19181428571428114,0.7811857142857168,9,2700.0,10.0,238.7764285714298,306.2957599326211,overlap,Wed,14,False
1409,BTCUSDm,short,2026-07-01 15:25:00+00:00,81704,60357.54,0.1,61057.54,59357.54,700.0,close_above_upper,0.9289999727053602,0.1,59857.54,0.5,0.0,0.0,0.0,,,False,2026-07-01 16:25:00+00:00,81716,59939.76,signal,41.777999999999885,0.0,0.0,41.777999999999885,0.5968285714285698,-51.48999999999796,471.7700000000041,-0.07355714285713995,0.6739571428571487,12,3600.0,10.0,244.80214285714413,322.6830128189143,overlap,Wed,15,False
1410,BTCUSDm,short,2026-07-01 21:20:00+00:00,81775,60446.19,0.1,61146.19,59446.19,700.0,close_above_upper,0.026012806897853492,0.1,59946.19,0.5,0.0,0.0,0.0,,,False,2026-07-01 22:20:00+00:00,81787,61156.19,sl,-71.0,0.0,0.0,-71.0,-1.0142857142857142,-340.5400000000009,144.11000000000058,-0.4864857142857155,0.2058714285714294,12,3600.0,10.0,111.58285714285687,332.67692320790627,rollover,Wed,21,False
1411,BTCUSDm,short,2026-07-02 04:00:00+00:00,81855,60988.81,0.1,61688.81,59988.81,700.0,close_above_upper,0.04939698648517973,0.1,60488.81,0.5,0.0,0.0,0.0,,,False,2026-07-02 04:35:00+00:00,81862,60697.31,signal,29.150000000000002,0.0,0.0,29.150000000000002,0.4164285714285715,0.0,305.9599999999991,0.0,0.437085714285713,7,2100.0,10.0,144.06857142857137,389.4729788535865,asian,Thu,4,False
1412,BTCUSDm,short,2026-07-02 09:40:00+00:00,81923,60845.65,0.1,61545.65,59845.65,700.0,close_above_upper,0.010372811732450447,0.1,60345.65,0.5,0.0,0.0,0.0,,,False,2026-07-02 11:55:00+00:00,81950,61203.07,signal,-35.74199999999983,0.0,0.0,-35.74199999999983,-0.5105999999999975,-513.0800000000017,72.12000000000262,-0.732971428571431,0.10302857142857517,27,8100.0,10.0,124.13642857142779,382.41325278435045,london,Thu,9,False
1413,BTCUSDm,short,2026-07-03 20:20:00+00:00,82339,62551.0,0.1,63251.0,61551.0,700.0,close_above_upper,0.12259224201455172,0.1,62051.0,0.5,0.0,0.0,0.0,,,False,2026-07-03 21:20:00+00:00,82351,62583.89,signal,-3.288999999999942,0.0,0.0,-3.288999999999942,-0.04698571428571346,-359.9599999999991,82.59999999999854,-0.5142285714285701,0.11799999999999793,12,3600.0,10.0,103.51499999999942,280.4784372769465,newyork,Fri,20,False
1414,BTCUSDm,short,2026-07-04 00:10:00+00:00,82385,62872.63,0.1,63572.63,61872.63,700.0,close_above_upper,0.11722820354397445,0.1,62372.63,0.5,0.0,0.0,0.0,,,False,2026-07-04 00:40:00+00:00,82391,62648.9,signal,22.372999999999593,0.0,0.0,22.372999999999593,0.3196142857142799,-15.25,243.90999999999622,-0.021785714285714287,0.3484428571428517,6,1800.0,10.0,79.99714285714279,266.8799291779357,asian,Sat,0,False
1415,BTCUSDm,short,2026-07-04 17:35:00+00:00,82594,63092.48,0.1,63792.48,62092.48,700.0,close_above_upper,0.11485731406024224,0.1,62592.48,0.5,0.0,0.0,0.0,,,False,2026-07-04 18:25:00+00:00,82604,63130.57,signal,-3.808999999999651,0.0,0.0,-3.808999999999651,-0.05441428571428073,-299.4799999999959,60.81000000000495,-0.4278285714285656,0.08687142857143564,10,3000.0,10.0,77.97071428571508,190.70417691767423,newyork,Sat,17,False
1416,BTCUSDm,long,2026-07-04 23:15:00+00:00,82662,62960.12,0.1,62260.12,63960.12,700.0,close_below_lower,0.05361474654744638,0.1,63460.12,0.5,0.0,0.0,0.0,,,False,2026-07-04 23:35:00+00:00,82666,63107.39,signal,14.72699999999968,0.0,0.0,14.72699999999968,0.21038571428570974,-88.88000000000466,148.62999999999738,-0.12697142857143523,0.21232857142856768,4,1200.0,10.0,70.30785714285801,187.67750108415433,rollover,Sat,23,False
1417,BTCUSDm,long,2026-07-05 09:40:00+00:00,82787,62519.35,0.1,61819.35,63519.35,700.0,close_below_lower,0.4801000881927455,0.1,63019.35,0.5,0.0,0.0,0.0,,,False,2026-07-05 10:20:00+00:00,82795,62635.24,signal,11.588999999999942,0.0,0.0,11.588999999999942,0.16555714285714201,-148.47999999999593,153.79000000000087,-0.2121142857142799,0.21970000000000126,8,2400.0,10.0,70.85642857142791,176.68492926363467,london,Sun,9,False
1418,BTCUSDm,short,2026-07-05 15:05:00+00:00,82852,62853.78,0.1,63553.78,61853.78,700.0,close_above_upper,0.002769347754682679,0.1,62353.78,0.5,0.0,0.0,0.0,,,False,2026-07-05 15:25:00+00:00,82856,62713.49,signal,14.029000000000089,0.0,0.0,14.029000000000089,0.200414285714287,-41.450000000004366,179.63999999999942,-0.05921428571429195,0.2566285714285706,4,1200.0,10.0,67.9842857142872,162.620201824136,overlap,Sun,15,False
1419,BTCUSDm,short,2026-07-05 21:20:00+00:00,82927,62845.28,0.1,63545.28,61845.28,700.0,close_above_upper,0.000879978041016432,0.1,62345.28,0.5,0.0,0.0,0.0,,,False,2026-07-05 22:20:00+00:00,82939,63555.28,sl,-71.0,0.0,0.0,-71.0,-1.0142857142857142,-535.6900000000023,56.69000000000233,-0.7652714285714319,0.08098571428571762,12,3600.0,10.0,61.37357142857114,153.81954197942463,rollover,Sun,21,False
1420,BTCUSDm,short,2026-07-05 22:25:00+00:00,82940,63486.08,0.1,64186.08,62486.08,700.0,close_above_upper,1.785545669616477,0.1,62986.08,0.5,0.0,0.0,0.0,,,False,2026-07-05 23:30:00+00:00,82953,63625.05,signal,-13.897000000000117,0.0,0.0,-13.897000000000117,-0.1985285714285731,-468.8799999999974,47.4800000000032,-0.6698285714285677,0.067828571428576,13,3900.0,10.0,154.00357142857163,165.0956803699753,rollover,Sun,22,False
1421,BTCUSDm,long,2026-07-06 00:30:00+00:00,82965,63357.49,0.1,62657.49,64357.49,700.0,close_below_lower,0.04935139071457967,0.1,63857.49,0.5,0.0,0.0,0.0,,,False,2026-07-06 00:45:00+00:00,82968,63550.07,signal,19.258000000000177,0.0,0.0,19.258000000000177,0.27511428571428825,-80.65000000000146,239.37000000000262,-0.1152142857142878,0.3419571428571466,3,900.0,10.0,130.5071428571438,183.54485320719107,asian,Mon,0,False
1422,BTCUSDm,short,2026-07-06 01:10:00+00:00,82973,63781.34,0.1,64481.34,62781.34,700.0,close_above_upper,0.12183100412686429,0.1,63281.34,0.5,0.0,0.0,0.0,,,False,2026-07-06 01:45:00+00:00,82980,63660.7,signal,12.063999999999943,0.0,0.0,12.063999999999943,0.17234285714285633,-86.88000000000466,242.42999999999302,-0.12411428571429237,0.34632857142856144,7,2100.0,10.0,150.13071428571544,186.37605999405798,asian,Mon,1,False
1423,BTCUSDm,long,2026-07-06 02:10:00+00:00,82985,63424.62,0.1,62724.62,64424.62,700.0,close_below_lower,0.03528710309242164,0.1,63924.62,0.5,0.0,0.0,0.0,,,False,2026-07-06 04:05:00+00:00,83008,63307.78,signal,-11.68400000000038,0.0,0.0,-11.68400000000038,-0.16691428571429112,-355.01000000000204,172.0899999999965,-0.5071571428571457,0.24584285714285214,23,6900.0,10.0,126.52285714285765,192.55431642607863,asian,Mon,2,False
1424,BTCUSDm,long,2026-07-06 05:30:00+00:00,83025,62958.73,0.1,62258.73,63958.73,700.0,close_below_lower,0.07104944928506825,0.1,63458.73,0.5,0.0,0.0,0.0,,,False,2026-07-06 07:25:00+00:00,83048,62939.8,signal,-1.893000000000029,0.0,0.0,-1.893000000000029,-0.02704285714285756,-139.20000000000437,150.3599999999933,-0.1988571428571491,0.21479999999999044,23,6900.0,10.0,90.76714285714375,204.78795473740706,asian,Mon,5,False
1425,BTCUSDm,long,2026-07-06 12:00:00+00:00,83103,62438.05,0.1,61738.05,63438.05,700.0,close_below_lower,0.7291733030092463,0.1,62938.05,0.5,0.0,0.0,0.0,,,False,2026-07-06 12:40:00+00:00,83111,61738.05,sl,-70.0,0.0,0.0,-70.0,-1.0,-638.1100000000006,0.0,-0.9115857142857151,0.0,8,2400.0,10.0,97.22071428571404,209.1180653651203,overlap,Mon,12,False
1426,BTCUSDm,long,2026-07-06 12:45:00+00:00,83112,61754.43,0.1,61054.43,62754.43,700.0,close_below_lower,0.8289328955551171,0.1,62254.43,0.5,0.0,0.0,0.0,,,False,2026-07-06 13:50:00+00:00,83125,61837.59,signal,8.315999999999622,0.0,0.0,8.315999999999622,0.1187999999999946,-502.4499999999971,85.98999999999796,-0.7177857142857101,0.12284285714285423,13,3900.0,10.0,206.49071428571395,232.7791990568279,overlap,Mon,12,False
1427,BTCUSDm,short,2026-07-06 14:30:00+00:00,83133,62021.23,0.1,62721.23,61021.23,700.0,close_above_upper,0.004711539637531831,0.1,61521.23,0.5,0.0,0.0,0.0,,,False,2026-07-06 15:40:00+00:00,83147,62731.23,sl,-71.0,0.0,0.0,-71.0,-1.0142857142857142,-509.02999999999884,197.15000000000146,-0.7271857142857127,0.28164285714285925,14,4200.0,10.0,241.40571428571533,251.56279038122526,overlap,Mon,14,False
1428,BTCUSDm,short,2026-07-06 15:45:00+00:00,83148,62853.17,0.1,63553.17,61853.17,700.0,close_above_upper,1.1428048781491291,0.1,62353.17,0.5,0.0,0.0,0.0,,,False,2026-07-06 16:05:00+00:00,83152,63563.17,sl,-71.0,0.0,0.0,-71.0,-1.0142857142857142,-690.0900000000038,105.43000000000029,-0.9858428571428626,0.15061428571428612,4,1200.0,10.0,196.19571428571518,266.27418327605244,overlap,Mon,15,False
1429,BTCUSDm,short,2026-07-06 16:10:00+00:00,83153,63576.61,0.1,64276.61,62576.61,700.0,close_above_upper,1.6733454950661082,0.1,63076.61,0.5,0.0,0.0,0.0,,,False,2026-07-06 17:40:00+00:00,83171,63723.95,signal,-14.733999999999652,0.0,0.0,-14.733999999999652,-0.2104857142857093,-368.1599999999962,214.66999999999825,-0.5259428571428517,0.3066714285714261,18,5400.0,10.0,249.288571428572,287.93070476189126,newyork,Mon,16,False
1430,BTCUSDm,short,2026-07-06 21:10:00+00:00,83213,64383.88,0.1,65083.88,63383.88,700.0,close_above_upper,0.8467703746477225,0.1,63883.88,0.5,0.0,0.0,0.0,,,False,2026-07-06 22:25:00+00:00,83228,64252.26,signal,13.161999999999535,0.0,0.0,13.161999999999535,0.1880285714285648,-285.75,281.48999999999796,-0.4082142857142857,0.4021285714285685,15,4500.0,10.0,124.6942857142858,313.36630044371464,rollover,Mon,21,False
1431,BTCUSDm,short,2026-07-07 12:10:00+00:00,83393,63717.13,0.1,64417.13,62717.13,700.0,close_above_upper,0.20677343214119684,0.1,63217.13,0.5,0.0,0.0,0.0,,,False,2026-07-07 12:50:00+00:00,83401,63425.9,signal,29.122999999999593,0.0,0.0,29.122999999999593,0.41604285714285133,-103.09000000000378,302.4699999999939,-0.14727142857143397,0.43209999999999127,8,2400.0,10.0,115.45285714285741,373.677701716353,overlap,Tue,12,False
1432,BTCUSDm,short,2026-07-07 15:00:00+00:00,83427,63506.53,0.1,64206.53,62506.53,700.0,close_above_upper,0.01460780903728418,0.1,63006.53,0.5,0.0,0.0,0.0,,,False,2026-07-07 17:20:00+00:00,83455,63942.16,signal,-43.56300000000047,0.0,0.0,-43.56300000000047,-0.6223285714285781,-697.7900000000009,194.5199999999968,-0.9968428571428584,0.27788571428570974,28,8400.0,10.0,263.8928571428566,398.5670415950027,overlap,Tue,15,False
1433,BTCUSDm,long,2026-07-08 01:40:00+00:00,83555,62986.55,0.1,62286.55,63986.55,700.0,close_below_lower,0.15295095409540713,0.1,63486.55,0.5,0.0,0.0,0.0,,,False,2026-07-08 02:45:00+00:00,83568,62930.94,signal,-5.561000000000059,0.0,0.0,-5.561000000000059,-0.07944285714285798,-517.760000000002,190.0199999999968,-0.7396571428571458,0.2714571428571383,13,3900.0,10.0,135.567142857142,405.91213932172724,asian,Wed,1,False
1434,BTCUSDm,long,2026-07-08 08:25:00+00:00,83636,62168.28,0.1,61468.28,63168.28,700.0,close_below_lower,0.33697434796579245,0.1,62668.28,0.5,0.0,0.0,0.0,,,False,2026-07-08 09:35:00+00:00,83650,62102.33,signal,-6.594999999999709,0.0,0.0,-6.594999999999709,-0.09421428571428156,-497.4599999999991,120.16000000000349,-0.7106571428571417,0.17165714285714784,14,4200.0,10.0,135.35500000000062,377.3622441616281,london,Wed,8,False
1435,BTCUSDm,short,2026-07-09 01:10:00+00:00,83837,62570.84,0.1,63270.84,61570.84,700.0,close_above_upper,0.2453933240169609,0.1,62070.84,0.5,0.0,0.0,0.0,,,False,2026-07-09 01:35:00+00:00,83842,62227.87,signal,34.29699999999939,0.0,0.0,34.29699999999939,0.4899571428571342,0.0,393.32999999999447,0.0,0.5618999999999921,5,1500.0,10.0,125.71000000000016,322.99101391669933,asian,Thu,1,False
1436,BTCUSDm,short,2026-07-09 18:10:00+00:00,84041,63308.57,0.1,64008.57,62308.57,700.0,close_above_upper,0.21318480614113303,0.1,62808.57,0.5,0.0,0.0,0.0,,,False,2026-07-09 18:55:00+00:00,84050,63188.91,signal,11.965999999999623,0.0,0.0,11.965999999999623,0.17094285714285176,-98.34000000000378,178.3399999999965,-0.14048571428571968,0.2547714285714236,9,2700.0,10.0,133.93928571428634,308.70365942572596,newyork,Thu,18,False
1437,BTCUSDm,short,2026-07-10 01:50:00+00:00,84133,63701.48,0.1,64401.48,62701.48,700.0,close_above_upper,0.6293083732840821,0.1,63201.48,0.5,0.0,0.0,0.0,,,False,2026-07-10 03:20:00+00:00,84151,63849.22,signal,-14.773999999999797,0.0,0.0,-14.773999999999797,-0.21105714285713995,-304.1800000000003,63.30000000000291,-0.43454285714285756,0.09042857142857559,18,5400.0,10.0,144.4114285714282,292.00933213872435,asian,Fri,1,False
1438,BTCUSDm,short,2026-07-10 08:20:00+00:00,84211,64223.91,0.1,64923.91,63223.91,700.0,close_above_upper,0.014838520497051325,0.1,63723.91,0.5,0.0,0.0,0.0,,,False,2026-07-10 10:05:00+00:00,84232,64323.99,signal,-10.007999999999448,0.0,0.0,-10.007999999999448,-0.1429714285714207,-223.8199999999997,171.6800000000003,-0.3197428571428567,0.24525714285714328,21,6300.0,10.0,76.12999999999946,271.5430364122312,london,Fri,8,False
1439,BTCUSDm,long,2026-07-11 15:40:00+00:00,84587,64087.33,0.1,63387.33,65087.33,700.0,close_below_lower,0.4213127716094344,0.1,64587.33,0.5,0.0,0.0,0.0,,,False,2026-07-11 16:30:00+00:00,84597,64167.54,signal,8.020999999999914,0.0,0.0,8.020999999999914,0.11458571428571306,-133.6800000000003,96.5199999999968,-0.19097142857142899,0.1378857142857097,10,3000.0,10.0,105.2971428571431,179.3186569068993,overlap,Sat,15,False
1440,BTCUSDm,long,2026-07-11 23:25:00+00:00,84680,63889.73,0.1,63189.73,64889.73,700.0,close_below_lower,0.7308699190971804,0.1,64389.73,0.5,0.0,0.0,0.0,,,False,2026-07-12 01:00:00+00:00,84699,63787.24,signal,-10.249000000000525,0.0,0.0,-10.249000000000525,-0.1464142857142932,-237.9300000000003,91.52999999999884,-0.3399000000000004,0.13075714285714118,19,5700.0,10.0,88.98428571428563,153.32211165018688,rollover,Sat,23,False
1441,BTCUSDm,short,2026-07-12 01:45:00+00:00,84708,64112.0,0.1,64812.0,63112.0,700.0,close_above_upper,0.2807967312418224,0.1,63612.0,0.5,0.0,0.0,0.0,,,False,2026-07-12 02:50:00+00:00,84721,64043.22,signal,6.877999999999884,0.0,0.0,6.877999999999884,0.0982571428571412,-11.410000000003492,128.91999999999825,-0.016300000000004988,0.18417142857142607,13,3900.0,10.0,81.74571428571342,161.40096174906478,asian,Sun,1,False
1442,BTCUSDm,long,2026-07-12 06:15:00+00:00,84762,63718.31,0.1,63018.31,64718.31,700.0,close_below_lower,0.1120569079401828,0.1,64218.31,0.5,0.0,0.0,0.0,,,False,2026-07-12 06:50:00+00:00,84769,63767.04,signal,4.873000000000321,0.0,0.0,4.873000000000321,0.06961428571429029,-132.84999999999854,49.17000000000553,-0.1897857142857122,0.07024285714286505,7,2100.0,10.0,53.63000000000102,156.78500963590213,asian,Sun,6,False
1443,BTCUSDm,short,2026-07-12 08:15:00+00:00,84785,64003.52,0.1,64703.52,63003.52,700.0,close_above_upper,0.043466190360046425,0.1,63503.52,0.5,0.0,0.0,0.0,,,False,2026-07-12 08:50:00+00:00,84792,63927.33,signal,7.618999999999506,0.0,0.0,7.618999999999506,0.10884285714285008,-44.75,127.69999999999709,-0.06392857142857143,0.18242857142856728,7,2100.0,10.0,54.52642857142824,151.61927636152456,london,Sun,8,False
1444,BTCUSDm,long,2026-07-12 09:25:00+00:00,84799,63749.95,0.1,63049.95,64749.95,700.0,close_below_lower,0.04963044097350521,0.1,64249.95,0.5,0.0,0.0,0.0,,,False,2026-07-12 09:40:00+00:00,84802,63893.72,signal,14.377000000000407,0.0,0.0,14.377000000000407,0.2053857142857201,-10.0,146.72000000000116,-0.014285714285714285,0.20960000000000167,3,900.0,10.0,50.440000000000246,147.588879279593,london,Sun,9,False
1445,BTCUSDm,short,2026-07-12 14:55:00+00:00,84865,64165.93,0.1,64865.93,63165.93,700.0,close_above_upper,0.08165316506609378,0.1,63665.93,0.5,0.0,0.0,0.0,,,False,2026-07-12 15:35:00+00:00,84873,64116.47,signal,4.945999999999913,0.0,0.0,4.945999999999913,0.07065714285714161,-55.400000000001455,78.56999999999971,-0.07914285714285922,0.11224285714285673,8,2400.0,10.0,61.64714285714217,142.00732768145292,overlap,Sun,14,False
1446,BTCUSDm,long,2026-07-12 21:50:00+00:00,84948,63924.44,0.1,63224.44,64924.44,700.0,close_below_lower,0.24611458997193747,0.1,64424.44,0.5,0.0,0.0,0.0,,,False,2026-07-12 23:00:00+00:00,84962,63839.9,signal,-8.454000000000088,0.0,0.0,-8.454000000000088,-0.12077142857142982,-301.51000000000204,0.0,-0.43072857142857435,0.0,14,4200.0,10.0,53.816428571429114,136.35752324592647,rollover,Sun,21,False
1447,BTCUSDm,short,2026-07-13 00:10:00+00:00,84976,63992.6,0.1,64692.6,62992.6,700.0,close_above_upper,0.33411509137976897,0.1,63492.6,0.5,0.0,0.0,0.0,,,False,2026-07-13 00:40:00+00:00,84982,63735.0,signal,25.759999999999856,0.0,0.0,25.759999999999856,0.36799999999999794,-406.0400000000009,289.91999999999825,-0.5800571428571442,0.4141714285714261,6,1800.0,10.0,98.05999999999923,146.9794449074602,asian,Mon,0,False
1448,BTCUSDm,long,2026-07-13 00:45:00+00:00,84983,63760.69,0.1,63060.69,64760.69,700.0,close_below_lower,0.21612324895012827,0.1,64260.69,0.5,0.0,0.0,0.0,,,False,2026-07-13 00:55:00+00:00,84985,63959.18,signal,19.848999999999798,0.0,0.0,19.848999999999798,0.28355714285713995,-25.450000000004366,264.4499999999971,-0.0363571428571491,0.3777857142857101,2,600.0,10.0,162.91999999999982,155.964665530459,asian,Mon,0,False
1449,BTCUSDm,long,2026-07-13 01:10:00+00:00,84988,63679.28,0.1,62979.28,64679.28,700.0,close_below_lower,0.5450013346348408,0.1,64179.28,0.5,0.0,0.0,0.0,,,False,2026-07-13 03:05:00+00:00,85011,62979.28,sl,-70.0,0.0,0.0,-70.0,-1.0,-491.2099999999991,273.6800000000003,-0.7017285714285701,0.39097142857142897,23,6900.0,10.0,203.15142857142877,158.4552380636763,asian,Mon,1,False
1450,BTCUSDm,long,2026-07-13 03:10:00+00:00,85012,62971.8,0.1,62271.8,63971.8,700.0,close_below_lower,1.1192192357218693,0.1,63471.8,0.5,0.0,0.0,0.0,,,False,2026-07-13 04:20:00+00:00,85026,62855.5,signal,-11.630000000000292,0.0,0.0,-11.630000000000292,-0.1661428571428613,-335.1800000000003,103.97999999999593,-0.4788285714285718,0.14854285714285131,14,4200.0,10.0,139.58500000000018,176.47851653561995,asian,Mon,3,False
1451,BTCUSDm,long,2026-07-13 12:40:00+00:00,85126,62536.88,0.1,61836.88,63536.88,700.0,close_below_lower,0.2613455744100642,0.1,63036.88,0.5,0.0,0.0,0.0,,,False,2026-07-13 13:35:00+00:00,85137,62645.18,signal,10.830000000000291,0.0,0.0,10.830000000000291,0.15471428571428988,-222.98999999999796,155.61000000000058,-0.31855714285713993,0.22230000000000083,11,3300.0,10.0,85.77857142857154,199.1707385659917,overlap,Mon,12,False
1452,BTCUSDm,long,2026-07-13 13:45:00+00:00,85139,62282.37,0.1,61582.37,63282.37,700.0,close_below_lower,0.16123368819928305,0.1,62782.37,0.5,0.0,0.0,0.0,,,False,2026-07-13 14:20:00+00:00,85146,62411.12,signal,12.875,0.0,0.0,12.875,0.18392857142857144,-257.2800000000061,148.20999999999913,-0.3675428571428659,0.21172857142857018,7,2100.0,10.0,128.4035714285705,207.32761888706517,overlap,Mon,13,False
1453,BTCUSDm,short,2026-07-13 14:50:00+00:00,85152,62663.38,0.1,63363.38,61663.38,700.0,close_above_upper,0.007501338498988519,0.1,62163.38,0.5,0.0,0.0,0.0,,,False,2026-07-13 15:35:00+00:00,85161,62660.24,signal,0.3139999999999418,0.0,0.0,0.3139999999999418,0.004485714285713455,-250.88999999999942,121.25,-0.3584142857142849,0.1732142857142857,9,2700.0,10.0,192.35785714285572,215.3255031281945,overlap,Mon,14,False
1454,BTCUSDm,long,2026-07-13 16:20:00+00:00,85170,62334.2,0.1,61634.2,63334.2,700.0,close_below_lower,0.07719878746443255,0.1,62834.2,0.5,0.0,0.0,0.0,,,False,2026-07-13 18:45:00+00:00,85199,61929.4,signal,-40.47999999999956,0.0,0.0,-40.47999999999956,-0.5782857142857081,-584.1499999999942,24.790000000000873,-0.8344999999999917,0.03541428571428696,29,8700.0,10.0,107.65714285714421,226.61576659900723,newyork,Mon,16,False
1455,BTCUSDm,short,2026-07-14 12:35:00+00:00,85413,63414.77,0.1,64114.77,62414.77,700.0,close_above_upper,1.15081057948432,0.1,62914.77,0.5,0.0,0.0,0.0,,,False,2026-07-14 13:20:00+00:00,85422,64124.77,sl,-71.0,0.0,0.0,-71.0,-1.0142857142857142,-515.3300000000017,93.25,-0.7361857142857168,0.1332142857142857,9,2700.0,10.0,131.41857142857094,254.55055941997196,overlap,Tue,12,False
1456,BTCUSDm,short,2026-07-14 13:25:00+00:00,85423,64033.56,0.1,64033.56,63033.56,700.0,close_above_upper,0.6658181049521055,0.05,63533.56,0.5,0.05,63543.56,24.5,85430.0,2026-07-14 14:00:00+00:00,True,2026-07-14 14:05:00+00:00,85431,63560.06,signal,48.175,0.0,0.0,48.175,0.6882142857142857,-8.319999999999709,521.9099999999962,-0.01188571428571387,0.7455857142857089,8,2400.0,10.0,225.12999999999946,279.8490354091373,overlap,Tue,13,False
1457,BTCUSDm,short,2026-07-14 15:00:00+00:00,85442,64234.12,0.1,64934.12,63234.12,700.0,close_above_upper,0.2039534003396577,0.1,63734.12,0.5,0.0,0.0,0.0,,,False,2026-07-14 16:50:00+00:00,85464,64731.55,signal,-49.74300000000003,0.0,0.0,-49.74300000000003,-0.7106142857142862,-691.0799999999945,100.9800000000032,-0.987257142857135,0.14425714285714744,22,6600.0,10.0,161.778571428571,290.39545852511156,overlap,Tue,15,False
1458,BTCUSDm,short,2026-07-14 22:25:00+00:00,85531,64957.16,0.1,65657.16,63957.16,700.0,close_above_upper,0.15962958476541353,0.1,64457.16,0.5,0.0,0.0,0.0,,,False,2026-07-14 23:05:00+00:00,85539,64795.12,signal,16.20400000000009,0.0,0.0,16.20400000000009,0.23148571428571557,-33.93999999999505,232.04000000000087,-0.04848571428570722,0.33148571428571555,8,2400.0,10.0,115.51285714285768,274.9838153962586,rollover,Tue,22,False
1459,BTCUSDm,short,2026-07-15 06:35:00+00:00,85629,65202.81,0.1,65902.81,64202.81,700.0,close_above_upper,0.14735634459378455,0.1,64702.81,0.5,0.0,0.0,0.0,,,False,2026-07-15 06:55:00+00:00,85633,64875.21,signal,32.759999999999856,0.0,0.0,32.759999999999856,0.4679999999999979,-38.580000000001746,337.1800000000003,-0.05511428571428821,0.4816857142857147,4,1200.0,10.0,103.78071428571535,287.5500730943867,asian,Wed,6,False
1460,BTCUSDm,long,2026-07-15 07:30:00+00:00,85640,64500.88,0.1,63800.88,65500.88,700.0,close_below_lower,0.08225934790602822,0.1,65000.88,0.5,0.0,0.0,0.0,,,False,2026-07-15 08:05:00+00:00,85647,64635.13,signal,13.425,0.0,0.0,13.425,0.1917857142857143,-30.169999999998254,136.26000000000204,-0.04309999999999751,0.19465714285714578,7,2100.0,10.0,130.48857142857065,287.3903375661047,london,Wed,7,False
1461,BTCUSDm,short,2026-07-15 12:55:00+00:00,85705,65145.66,0.1,65845.66,64145.66,700.0,close_above_upper,0.4803797145468799,0.1,64645.66,0.5,0.0,0.0,0.0,,,False,2026-07-15 13:50:00+00:00,85716,64927.94,signal,21.77200000000012,0.0,0.0,21.77200000000012,0.31102857142857315,-375.41999999999825,321.81000000000495,-0.5363142857142832,0.4597285714285785,11,3300.0,10.0,125.39714285714165,266.65411136164323,overlap,Wed,12,False
1462,BTCUSDm,long,2026-07-15 16:40:00+00:00,85750,64801.14,0.1,64101.14,65801.14,700.0,close_below_lower,0.24949474035418717,0.1,65301.14,0.5,0.0,0.0,0.0,,,False,2026-07-15 17:00:00+00:00,85754,65065.4,signal,26.426000000000204,0.0,0.0,26.426000000000204,0.37751428571428863,-57.169999999998254,265.0200000000041,-0.08167142857142608,0.3786000000000058,4,1200.0,10.0,144.98142857142895,288.79200477777937,newyork,Wed,16,False
1463,BTCUSDm,long,2026-07-16 07:40:00+00:00,85930,64221.65,0.1,63521.65,65221.65,700.0,close_below_lower,0.39480353881371527,0.1,64721.65,0.5,0.0,0.0,0.0,,,False,2026-07-16 08:40:00+00:00,85942,64261.97,signal,4.031999999999971,0.0,0.0,4.031999999999971,0.05759999999999958,-407.22000000000116,87.34999999999854,-0.5817428571428588,0.12478571428571221,12,3600.0,10.0,89.46785714285683,257.3924777949161,london,Thu,7,False
1464,BTCUSDm,short,2026-07-16 14:10:00+00:00,86008,64555.12,0.1,65255.12,63555.12,700.0,close_above_upper,0.46266825605031997,0.1,64055.12,0.5,0.0,0.0,0.0,,,False,2026-07-16 14:55:00+00:00,86017,64527.53,signal,2.7590000000003787,0.0,0.0,2.7590000000003787,0.03941428571429113,-256.7699999999968,67.17000000000553,-0.36681428571428115,0.09595714285715076,9,2700.0,10.0,143.3578571428578,243.15081159019735,overlap,Thu,14,False
1465,BTCUSDm,long,2026-07-16 17:15:00+00:00,86045,64125.98,0.1,63425.98,65125.98,700.0,close_below_lower,0.07021883843892218,0.1,64625.98,0.5,0.0,0.0,0.0,,,False,2026-07-16 18:15:00+00:00,86057,64148.98,signal,2.3000000000000003,0.0,0.0,2.3000000000000003,0.03285714285714286,-187.13000000000466,121.19999999999709,-0.2673285714285781,0.173142857142853,12,3600.0,10.0,118.0614285714286,256.4431520355234,newyork,Thu,17,False
1466,BTCUSDm,long,2026-07-17 01:55:00+00:00,86149,63464.45,0.1,62764.45,64464.45,700.0,close_below_lower,0.2601084644258127,0.1,63964.45,0.5,0.0,0.0,0.0,,,False,2026-07-17 03:05:00+00:00,86163,63499.59,signal,3.513999999999942,0.0,0.0,3.513999999999942,0.05019999999999917,-140.07999999999447,137.52000000000407,-0.2001142857142778,0.1964571428571487,14,4200.0,10.0,116.802857142857,242.72370412411806,asian,Fri,1,False
1467,BTCUSDm,long,2026-07-17 05:45:00+00:00,86195,62934.0,0.1,62234.0,63934.0,700.0,close_below_lower,0.28205681553924805,0.1,63434.0,0.5,0.0,0.0,0.0,,,False,2026-07-17 06:40:00+00:00,86206,62880.09,signal,-5.39100000000035,0.0,0.0,-5.39100000000035,-0.07701428571429071,-290.3399999999965,3.4800000000032014,-0.4147714285714236,0.004971428571433145,11,3300.0,10.0,90.03785714285758,257.56385750046576,asian,Fri,5,False
1468,BTCUSDm,long,2026-07-17 13:10:00+00:00,86284,62803.36,0.1,62103.36,63803.36,700.0,close_below_lower,0.11398476241771482,0.1,63303.36,0.5,0.0,0.0,0.0,,,False,2026-07-17 14:00:00+00:00,86294,63091.21,signal,28.784999999999854,0.0,0.0,28.784999999999854,0.41121428571428364,-334.7900000000009,316.08000000000175,-0.47827142857142985,0.45154285714285963,10,3000.0,10.0,88.00428571428711,242.0731226151117,overlap,Fri,13,False
1469,BTCUSDm,short,2026-07-17 14:05:00+00:00,86295,63119.57,0.1,63819.57,62119.57,700.0,close_above_upper,0.15715073307961855,0.1,62619.57,0.5,0.0,0.0,0.0,,,False,2026-07-17 14:55:00+00:00,86305,63128.2,signal,-0.8629999999997381,0.0,0.0,-0.8629999999997381,-0.012328571428567687,-341.0,103.27999999999884,-0.48714285714285716,0.14754285714285548,10,3000.0,10.0,177.7914285714292,253.99621685474,overlap,Fri,14,False
1470,BTCUSDm,short,2026-07-17 17:10:00+00:00,86332,63931.26,0.1,64631.26,62931.26,700.0,close_above_upper,0.546995506038067,0.1,63431.26,0.5,0.0,0.0,0.0,,,False,2026-07-17 18:20:00+00:00,86346,63951.57,signal,-2.0309999999997674,0.0,0.0,-2.0309999999997674,-0.02901428571428239,-252.82999999999447,62.720000000001164,-0.3611857142857064,0.08960000000000166,14,4200.0,10.0,149.096428571429,278.3334899489747,newyork,Fri,17,False
1471,BTCUSDm,long,2026-07-19 12:10:00+00:00,86848,64334.86,0.1,63634.86,65334.86,700.0,close_below_lower,0.3245604766469836,0.1,64834.86,0.5,0.0,0.0,0.0,,,False,2026-07-19 12:55:00+00:00,86857,64374.23,signal,3.9370000000002623,0.0,0.0,3.9370000000002623,0.05624285714286089,-97.16999999999825,69.95999999999913,-0.13881428571428323,0.09994285714285589,9,2700.0,10.0,54.316428571428595,109.16205972357551,overlap,Sun,12,False
1472,BTCUSDm,short,2026-07-19 14:50:00+00:00,86880,64566.08,0.1,65266.08,63566.08,700.0,close_above_upper,0.12229780483609032,0.1,64066.08,0.5,0.0,0.0,0.0,,,False,2026-07-19 15:25:00+00:00,86887,64495.8,signal,7.027999999999884,0.0,0.0,7.027999999999884,0.10039999999999834,-50.19999999999709,94.26000000000204,-0.07171428571428155,0.13465714285714578,7,2100.0,10.0,65.97214285714342,104.82454727908521,overlap,Sun,14,False
1473,BTCUSDm,short,2026-07-19 17:15:00+00:00,86909,64645.04,0.1,65345.04,63645.04,700.0,close_above_upper,0.14626957968085422,0.1,64145.04,0.5,0.0,0.0,0.0,,,False,2026-07-19 17:50:00+00:00,86916,64560.52,signal,8.452000000000409,0.0,0.0,8.452000000000409,0.12074285714286298,-65.08000000000175,109.62999999999738,-0.09297142857143106,0.15661428571428196,7,2100.0,10.0,77.73357142857016,101.76670973103407,newyork,Sun,17,False
1474,BTCUSDm,long,2026-07-19 18:05:00+00:00,86919,64447.25,0.1,63747.25,65447.25,700.0,close_below_lower,0.1317696857474769,0.1,64947.25,0.5,0.0,0.0,0.0,,,False,2026-07-19 19:10:00+00:00,86932,64410.73,signal,-3.65199999999968,0.0,0.0,-3.65199999999968,-0.052171428571424,-209.91999999999825,11.779999999998836,-0.2998857142857118,0.016828571428569767,13,3900.0,10.0,81.34928571428516,103.74716668860631,newyork,Sun,18,False
1475,BTCUSDm,long,2026-07-19 21:45:00+00:00,86963,64308.55,0.1,63608.55,65308.55,700.0,close_below_lower,0.14264072691686552,0.1,64808.55,0.5,0.0,0.0,0.0,,,False,2026-07-19 22:05:00+00:00,86967,64423.4,signal,11.484999999999856,0.0,0.0,11.484999999999856,0.1640714285714265,-21.92000000000553,280.27999999999884,-0.031314285714293615,0.4003999999999983,4,1200.0,10.0,48.04000000000087,110.77415276779124,rollover,Sun,21,False
1476,BTCUSDm,short,2026-07-19 22:15:00+00:00,86969,64611.9,0.1,65311.9,63611.9,700.0,close_above_upper,0.6681815794709864,0.1,64111.9,0.5,0.0,0.0,0.0,,,False,2026-07-19 23:00:00+00:00,86978,64635.99,signal,-2.4089999999996508,0.0,0.0,-2.4089999999996508,-0.03441428571428073,-244.90999999999622,0.0,-0.34987142857142317,0.0,9,2700.0,10.0,94.18714285714357,113.0859097641074,rollover,Sun,22,False
1477,BTCUSDm,short,2026-07-20 00:15:00+00:00,86993,64957.56,0.1,65657.56,63957.56,700.0,close_above_upper,1.2733527614342046,0.1,64457.56,0.5,0.0,0.0,0.0,,,False,2026-07-20 00:35:00+00:00,86997,64758.18,signal,19.93799999999974,0.0,0.0,19.93799999999974,0.2848285714285677,-100.24000000000524,219.11000000000058,-0.1432000000000075,0.3130142857142865,4,1200.0,10.0,116.21714285714188,123.82150363851261,asian,Mon,0,False
1478,BTCUSDm,long,2026-07-20 00:50:00+00:00,87000,64634.26,0.1,63934.26,65634.26,700.0,close_below_lower,0.09517687595126943,0.1,65134.26,0.5,0.0,0.0,0.0,,,False,2026-07-20 01:10:00+00:00,87004,64950.96,signal,31.66999999999971,0.0,0.0,31.66999999999971,0.4524285714285673,-272.0400000000009,326.1999999999971,-0.38862857142857266,0.46599999999999586,4,1200.0,10.0,144.12000000000054,127.92597426786281,asian,Mon,0,False
1479,BTCUSDm,long,2026-07-20 01:55:00+00:00,87013,64489.01,0.1,63789.01,65489.01,700.0,close_below_lower,0.8009835286069981,0.1,64989.01,0.5,0.0,0.0,0.0,,,False,2026-07-20 02:05:00+00:00,87015,64867.33,signal,37.83199999999997,0.0,0.0,37.83199999999997,0.5404571428571424,-37.400000000001455,401.1299999999974,-0.053428571428573504,0.5730428571428534,2,600.0,10.0,177.05142857142815,135.60922269649117,asian,Mon,1,False
1480,BTCUSDm,short,2026-07-20 02:50:00+00:00,87024,64865.05,0.1,65565.05,63865.05,700.0,close_above_upper,0.0024483133410798203,0.1,64365.05,0.5,0.0,0.0,0.0,,,False,2026-07-20 03:20:00+00:00,87030,64746.23,signal,11.881999999999971,0.0,0.0,11.881999999999971,0.16974285714285672,-15.619999999995343,142.97000000000116,-0.022314285714279063,0.2042428571428588,6,1800.0,10.0,158.69999999999968,140.80412065926836,asian,Mon,2,False
1481,BTCUSDm,long,2026-07-20 04:55:00+00:00,87049,64495.42,0.1,63795.42,65495.42,700.0,close_below_lower,0.29440594801224806,0.1,64995.42,0.5,0.0,0.0,0.0,,,False,2026-07-20 06:35:00+00:00,87069,63795.42,sl,-70.0,0.0,0.0,-70.0,-1.0,-626.3099999999977,42.49000000000524,-0.8947285714285681,0.060700000000007484,20,6000.0,10.0,82.62499999999896,147.87589011755483,asian,Mon,4,False
1482,BTCUSDm,long,2026-07-20 06:40:00+00:00,87070,63901.08,0.1,63201.08,64901.08,700.0,close_below_lower,0.21427052020806198,0.1,64401.08,0.5,0.0,0.0,0.0,,,False,2026-07-20 07:25:00+00:00,87079,64016.67,signal,11.558999999999651,0.0,0.0,11.558999999999651,0.16512857142856643,-199.13999999999942,125.63999999999942,-0.28448571428571345,0.17948571428571344,9,2700.0,10.0,112.49500000000002,164.13433947740856,asian,Mon,6,False
1483,BTCUSDm,long,2026-07-20 08:40:00+00:00,87094,63926.28,0.1,63226.28,64926.28,700.0,close_below_lower,0.2863013714648067,0.1,64426.28,0.5,0.0,0.0,0.0,,,False,2026-07-20 09:15:00+00:00,87101,64037.48,signal,11.120000000000438,0.0,0.0,11.120000000000438,0.1588571428571491,-70.77999999999884,126.20999999999913,-0.10111428571428405,0.18029999999999874,7,2100.0,10.0,106.72285714285681,173.61111187397293,london,Mon,8,False
1484,BTCUSDm,short,2026-07-20 11:35:00+00:00,87129,64744.04,0.1,65444.04,63744.04,700.0,close_above_upper,1.3900942776791723,0.1,64244.04,0.5,0.0,0.0,0.0,,,False,2026-07-20 12:20:00+00:00,87138,64637.99,signal,10.605000000000292,0.0,0.0,10.605000000000292,0.15150000000000416,-273.76000000000204,119.51000000000204,-0.3910857142857172,0.17072857142857434,9,2700.0,10.0,97.66000000000193,178.00862397665955,london,Mon,11,False
1485,BTCUSDm,long,2026-07-20 13:55:00+00:00,87157,64288.08,0.1,63588.08,65288.08,700.0,close_below_lower,0.5792129424672461,0.1,64788.08,0.5,0.0,0.0,0.0,,,False,2026-07-20 15:00:00+00:00,87170,64352.07,signal,6.398999999999797,0.0,0.0,6.398999999999797,0.09141428571428281,-287.5500000000029,224.80999999999767,-0.4107857142857184,0.32115714285713953,13,3900.0,10.0,149.72500000000113,191.35931442743453,overlap,Mon,13,False
1486,BTCUSDm,short,2026-07-20 15:10:00+00:00,87172,64740.37,0.1,65440.37,63740.37,700.0,close_above_upper,0.7420669899685053,0.1,64240.37,0.5,0.0,0.0,0.0,,,False,2026-07-20 15:50:00+00:00,87180,65450.37,sl,-71.0,0.0,0.0,-71.0,-1.0142857142857142,-625.6999999999971,31.340000000003783,-0.8938571428571387,0.04477142857143398,8,2400.0,10.0,173.302857142857,196.99074362928445,overlap,Mon,15,False
1487,BTCUSDm,short,2026-07-20 15:55:00+00:00,87181,65460.82,0.1,66160.82,64460.82,700.0,close_above_upper,1.7391121742165727,0.1,64960.82,0.5,0.0,0.0,0.0,,,False,2026-07-20 16:45:00+00:00,87191,65341.23,signal,11.958999999999651,0.0,0.0,11.958999999999651,0.17084285714285039,-126.92000000000553,184.5699999999997,-0.18131428571429362,0.26367142857142817,10,3000.0,10.0,197.8821428571417,215.08617374611657,overlap,Mon,15,False
1488,BTCUSDm,long,2026-07-20 18:55:00+00:00,87217,65185.22,0.1,64485.22,66185.22,700.0,close_below_lower,0.0933098282160127,0.1,65685.22,0.5,0.0,0.0,0.0,,,False,2026-07-20 20:15:00+00:00,87233,65174.7,signal,-1.0520000000004075,0.0,0.0,-1.0520000000004075,-0.01502857142857725,-194.84999999999854,44.849999999998545,-0.2783571428571408,0.06407142857142649,16,4800.0,10.0,122.27928571428492,237.17640774709702,newyork,Mon,18,False
1489,BTCUSDm,short,2026-07-21 14:15:00+00:00,87449,66902.93,0.1,67602.93,65902.93,700.0,close_above_upper,0.0016664786270698046,0.1,66402.93,0.5,0.0,0.0,0.0,,,False,2026-07-21 14:25:00+00:00,87451,66645.82,signal,25.710999999998606,0.0,0.0,25.710999999998606,0.3672999999999801,0.0,286.5,0.0,0.4092857142857143,2,600.0,10.0,140.88142857142626,296.5488047122908,overlap,Tue,14,False
1490,BTCUSDm,short,2026-07-22 16:40:00+00:00,87766,66319.92,0.1,67019.92,65319.92,700.0,close_above_upper,0.16582306275796885,0.1,65819.92,0.5,0.0,0.0,0.0,,,False,2026-07-22 17:15:00+00:00,87773,66143.65,signal,17.627000000000407,0.0,0.0,17.627000000000407,0.25181428571429154,-13.839999999996508,201.38000000000466,-0.019771428571423583,0.28768571428572093,7,2100.0,10.0,124.92571428571475,232.29893078180746,newyork,Wed,16,False
1491,BTCUSDm,long,2026-07-22 18:35:00+00:00,87789,65732.78,0.1,65032.78,66732.78,700.0,close_below_lower,0.024147166467373235,0.1,66232.78,0.5,0.0,0.0,0.0,,,False,2026-07-22 19:25:00+00:00,87799,65835.31,signal,10.252999999999885,0.0,0.0,10.252999999999885,0.14647142857142692,-85.55000000000291,161.00999999999476,-0.12221428571428987,0.23001428571427823,10,3000.0,10.0,102.35642857142895,234.46101361589706,newyork,Wed,18,False
1492,BTCUSDm,long,2026-07-23 01:40:00+00:00,87874,65750.49,0.1,65050.49,66750.49,700.0,close_below_lower,0.06703240969264536,0.1,66250.49,0.5,0.0,0.0,0.0,,,False,2026-07-23 02:35:00+00:00,87885,65785.33,signal,3.483999999999651,0.0,0.0,3.483999999999651,0.04977142857142358,-141.0500000000029,86.04999999998836,-0.20150000000000415,0.1229285714285548,11,3300.0,10.0,97.43714285714461,223.84840292144526,asian,Thu,1,False
1493,BTCUSDm,long,2026-07-23 07:15:00+00:00,87941,65429.11,0.1,64729.11,66429.11,700.0,close_below_lower,0.15127317766999984,0.1,65929.11,0.5,0.0,0.0,0.0,,,False,2026-07-23 08:10:00+00:00,87952,65467.98,signal,3.887000000000262,0.0,0.0,3.887000000000262,0.055528571428575174,-106.36000000000058,60.029999999998836,-0.15194285714285796,0.0857571428571412,11,3300.0,10.0,84.29285714285808,216.3535994523109,london,Thu,7,False
1494,BTCUSDm,long,2026-07-23 12:35:00+00:00,88005,65268.18,0.1,64568.18,66268.18,700.0,close_below_lower,0.0430608090096891,0.1,65768.18,0.5,0.0,0.0,0.0,,,False,2026-07-23 13:35:00+00:00,88017,65142.64,signal,-12.554000000000087,0.0,0.0,-12.554000000000087,-0.1793428571428584,-364.1900000000023,0.0,-0.5202714285714319,0.0,12,3600.0,10.0,79.34571428571404,211.9453059350337,overlap,Thu,12,False
1495,BTCUSDm,short,2026-07-23 20:20:00+00:00,88098,65068.15,0.1,65768.15,64068.15,700.0,close_above_upper,0.054005843892160094,0.1,64568.15,0.5,0.0,0.0,0.0,,,False,2026-07-23 21:10:00+00:00,88108,65036.57,signal,3.158000000000175,0.0,0.0,3.158000000000175,0.04511428571428868,-91.97000000000116,47.220000000001164,-0.13138571428571594,0.06745714285714452,10,3000.0,10.0,89.41785714285652,223.65173554819884,newyork,Thu,20,False
1496,BTCUSDm,short,2026-07-24 07:15:00+00:00,88229,65722.13,0.1,66422.13,64722.13,700.0,close_above_upper,0.23143940476737362,0.1,65222.13,0.5,0.0,0.0,0.0,,,False,2026-07-24 07:35:00+00:00,88233,65523.92,signal,19.82100000000064,0.0,0.0,19.82100000000064,0.283157142857152,-41.54999999998836,222.72000000000116,-0.059357142857126226,0.3181714285714302,4,1200.0,10.0,80.96928571428622,223.46161518309174,london,Fri,7,False
1497,BTCUSDm,long,2026-07-24 09:10:00+00:00,88252,65092.72,0.1,64392.72,66092.72,700.0,close_below_lower,0.0650124388323783,0.1,65592.72,0.5,0.0,0.0,0.0,,,False,2026-07-24 09:55:00+00:00,88261,65070.81,signal,-2.1910000000003493,0.0,0.0,-2.1910000000003493,-0.03130000000000499,-196.0500000000029,0.0,-0.28007142857143275,0.0,9,2700.0,10.0,71.83642857142642,217.5260396223674,london,Fri,9,False
1498,BTCUSDm,long,2026-07-24 13:05:00+00:00,88299,64658.55,0.1,63958.55,65658.55,700.0,close_below_lower,0.08548672345767196,0.1,65158.55,0.5,0.0,0.0,0.0,,,False,2026-07-24 13:50:00+00:00,88308,63958.55,sl,-70.0,0.0,0.0,-70.0,-1.0,-508.47000000000116,0.0,-0.726385714285716,0.0,9,2700.0,10.0,96.5457142857132,214.15830154634028,overlap,Fri,13,False
1499,BTCUSDm,long,2026-07-24 13:55:00+00:00,88309,63949.48,0.1,63249.48,64949.48,700.0,close_below_lower,0.9203281701928387,0.1,64449.48,0.5,0.0,0.0,0.0,,,False,2026-07-24 15:00:00+00:00,88322,63986.85,signal,3.7369999999995347,0.0,0.0,3.7369999999995347,0.05338571428570764,-304.8600000000006,186.13999999999942,-0.4355142857142865,0.2659142857142849,13,3900.0,10.0,166.39357142857105,231.7529269122869,overlap,Fri,13,False
1500,BTCUSDm,short,2026-07-24 15:40:00+00:00,88330,64221.46,0.1,64921.46,63221.46,700.0,close_above_upper,0.007035156598523941,0.1,63721.46,0.5,0.0,0.0,0.0,,,False,2026-07-24 16:30:00+00:00,88340,64036.52,signal,18.494000000000234,0.0,0.0,18.494000000000234,0.2642000000000033,-39.13999999999942,283.8600000000006,-0.05591428571428488,0.40551428571428655,10,3000.0,10.0,136.2807142857143,249.64310384879752,overlap,Fri,15,False
1501,BTCUSDm,long,2026-07-26 13:05:00+00:00,88875,64375.25,0.1,63675.25,65375.25,700.0,close_below_lower,0.000308622582498917,0.1,64875.25,0.5,0.0,0.0,0.0,,,False,2026-07-26 13:25:00+00:00,88879,64431.71,signal,5.645999999999913,0.0,0.0,5.645999999999913,0.08065714285714161,-36.68000000000029,80.76000000000204,-0.05240000000000042,0.11537142857143148,4,1200.0,10.0,50.56142857142758,84.84981006125453,overlap,Sun,13,False
1502,BTCUSDm,short,2026-07-26 14:05:00+00:00,88887,64550.05,0.1,65250.05,63550.05,700.0,close_above_upper,0.20470775628812704,0.1,64050.05,0.5,0.0,0.0,0.0,,,False,2026-07-26 16:05:00+00:00,88911,64689.94,signal,-13.988999999999942,0.0,0.0,-13.988999999999942,-0.19984285714285632,-226.15999999999622,16.270000000004075,-0.32308571428570887,0.023242857142862963,24,7200.0,10.0,45.855714285713994,86.15688072645551,overlap,Sun,14,False
1503,BTCUSDm,short,2026-07-26 16:35:00+00:00,88917,64801.57,0.1,65501.57,63801.57,700.0,close_above_upper,0.08035636455660039,0.1,64301.57,0.5,0.0,0.0,0.0,,,False,2026-07-26 16:55:00+00:00,88921,64700.36,signal,10.120999999999913,0.0,0.0,10.120999999999913,0.14458571428571304,-30.529999999998836,113.80000000000291,-0.04361428571428405,0.16257142857143272,4,1200.0,10.0,58.9692857142857,93.09876815488906,newyork,Sun,16,False
1504,BTCUSDm,short,2026-07-26 21:25:00+00:00,88975,64726.88,0.1,65426.88,63726.88,700.0,close_above_upper,0.05247326720349236,0.1,64226.88,0.5,0.0,0.0,0.0,,,False,2026-07-26 22:40:00+00:00,88990,65436.88,sl,-71.0,0.0,0.0,-71.0,-1.0142857142857142,-680.8000000000029,0.0,-0.9725714285714328,0.0,15,4500.0,10.0,35.17142857142763,95.09946186864043,rollover,Sun,21,False
1505,BTCUSDm,short,2026-07-26 22:45:00+00:00,88991,65408.19,0.1,66108.19,64408.19,700.0,close_above_upper,1.8053506725850161,0.1,64908.19,0.5,0.0,0.0,0.0,,,False,2026-07-26 23:25:00+00:00,88999,65292.36,signal,11.583000000000176,0.0,0.0,11.583000000000176,0.16547142857143107,-115.18000000000029,138.60000000000582,-0.16454285714285755,0.1980000000000083,8,2400.0,10.0,110.9942857142856,111.80261049409367,rollover,Sun,22,False
1506,BTCUSDm,long,2026-07-27 00:10:00+00:00,89008,65165.55,0.1,64465.55,66165.55,700.0,close_below_lower,0.24304098733036822,0.1,65665.55,0.5,0.0,0.0,0.0,,,False,2026-07-27 01:10:00+00:00,89020,65127.79,signal,-3.776000000000204,0.0,0.0,-3.776000000000204,-0.05394285714286006,-167.13999999999942,32.2899999999936,-0.23877142857142775,0.04612857142856228,12,3600.0,10.0,103.83428571428522,115.81422257188056,asian,Mon,0,False
1507,BTCUSDm,short,2026-07-27 06:05:00+00:00,89079,65473.29,0.1,66173.29,64473.29,700.0,close_above_upper,0.09925896543015425,0.1,64973.29,0.5,0.0,0.0,0.0,,,False,2026-07-27 06:50:00+00:00,89088,65401.81,signal,7.14800000000032,0.0,0.0,7.14800000000032,0.10211428571428924,-220.5300000000061,97.70000000000437,-0.3150428571428659,0.1395714285714348,9,2700.0,10.0,60.97857142857122,126.09792439037616,asian,Mon,6,False
1508,BTCUSDm,long,2026-07-27 07:40:00+00:00,89098,65195.6,0.1,64495.6,66195.6,700.0,close_below_lower,0.309167957484305,0.1,65695.6,0.5,0.0,0.0,0.0,,,False,2026-07-27 09:25:00+00:00,89119,65150.1,signal,-4.55,0.0,0.0,-4.55,-0.065,-164.52999999999884,69.83000000000175,-0.23504285714285547,0.09975714285714535,21,6300.0,10.0,73.28214285714265,130.59317161587995,london,Mon,7,False
1509,BTCUSDm,long,2026-07-27 11:30:00+00:00,89144,65073.96,0.1,64373.96,66073.96,700.0,close_below_lower,0.13523367762044525,0.1,65573.96,0.5,0.0,0.0,0.0,,,False,2026-07-27 12:05:00+00:00,89151,65139.24,signal,6.527999999999884,0.0,0.0,6.527999999999884,0.0932571428571412,-49.0,87.29000000000087,-0.07,0.12470000000000124,7,2100.0,10.0,62.99857142857114,141.85285075280174,london,Mon,11,False
1510,BTCUSDm,long,2026-07-27 12:35:00+00:00,89157,64822.7,0.1,64122.7,65822.7,700.0,close_below_lower,0.6127113816088656,0.1,65322.7,0.5,0.0,0.0,0.0,,,False,2026-07-27 12:50:00+00:00,89160,65027.23,signal,20.453000000000614,0.0,0.0,20.453000000000614,0.29218571428572304,-30.75999999999476,253.87000000000262,-0.04394285714284966,0.3626714285714323,3,900.0,10.0,84.62857142857112,144.4781915918748,overlap,Mon,12,False
1511,BTCUSDm,short,2026-07-27 13:40:00+00:00,89170,65360.02,0.1,66060.02,64360.02,700.0,close_above_upper,1.4132594968192052,0.1,64860.02,0.5,0.0,0.0,0.0,,,False,2026-07-27 14:20:00+00:00,89178,65139.02,signal,22.1,0.0,0.0,22.1,0.315714285714289,-295.330000000009,297.23999999999796,-0.4219000000000129,0.4246285714285685,8,2400.0,10.0,130.76499999999993,148.36693346040786,overlap,Mon,13,False
1512,BTCUSDm,long,2026-07-27 14:25:00+00:00,89179,64984.91,0.1,64284.91,65984.91,700.0,close_below_lower,0.4312725016201428,0.1,65484.91,0.5,0.0,0.0,0.0,,,False,2026-07-27 16:05:00+00:00,89199,64570.1,signal,-41.4810000000005,0.0,0.0,-41.4810000000005,-0.5925857142857214,-650.2100000000064,33.98999999999796,-0.9288714285714377,0.04855714285713995,20,6000.0,10.0,223.63642857142986,157.1738669951554,overlap,Mon,14,False
1513,BTCUSDm,short,2026-07-27 16:35:00+00:00,89205,64807.17,0.1,65507.17,63807.17,700.0,close_above_upper,0.33677967373578876,0.1,64307.17,0.5,0.0,0.0,0.0,,,False,2026-07-27 18:15:00+00:00,89225,64898.22,signal,-9.105000000000292,0.0,0.0,-9.105000000000292,-0.13007142857143275,-215.38999999999942,95.18000000000029,-0.30769999999999914,0.135971428571429,20,6000.0,10.0,117.38785714285872,179.34515521609455,newyork,Mon,16,False
1514,BTCUSDm,long,2026-07-27 22:35:00+00:00,89277,64485.3,0.1,63785.3,65485.3,700.0,close_below_lower,0.014474519850734509,0.1,64985.3,0.5,0.0,0.0,0.0,,,False,2026-07-27 22:55:00+00:00,89281,63785.3,sl,-70.0,0.0,0.0,-70.0,-1.0,-573.310000000005,25.709999999999127,-0.8190142857142928,0.03672857142857018,4,1200.0,10.0,72.1071428571439,201.01399070342205,rollover,Mon,22,False
1515,BTCUSDm,long,2026-07-27 23:00:00+00:00,89282,63743.6,0.1,63043.6,64743.6,700.0,close_below_lower,2.0285647448870034,0.1,64243.6,0.5,0.0,0.0,0.0,,,False,2026-07-28 00:20:00+00:00,89298,63710.48,signal,-3.3119999999995344,0.0,0.0,-3.3119999999995344,-0.047314285714279064,-315.23999999999796,141.22000000000116,-0.4503428571428542,0.2017428571428588,16,4800.0,10.0,128.54000000000192,213.90841595372865,rollover,Mon,23,False
1516,BTCUSDm,long,2026-07-28 01:10:00+00:00,89308,63152.0,0.1,62452.0,64152.0,700.0,close_below_lower,0.5680321153296916,0.1,63652.0,0.5,0.0,0.0,0.0,,,False,2026-07-28 02:25:00+00:00,89323,63221.79,signal,6.979000000000088,0.0,0.0,6.979000000000088,0.09970000000000126,-74.08000000000175,181.16999999999825,-0.10582857142857392,0.2588142857142832,15,4500.0,10.0,144.53642857142873,235.6925186334761,asian,Tue,1,False
1517,BTCUSDm,long,2026-07-28 13:40:00+00:00,89458,62912.11,0.1,62212.11,63912.11,700.0,close_below_lower,0.6511088268691677,0.1,63412.11,0.5,0.0,0.0,0.0,,,False,2026-07-28 14:25:00+00:00,89467,63135.11,signal,22.3,0.0,0.0,22.3,0.31857142857142856,-284.47000000000116,315.3199999999997,-0.40638571428571596,0.45045714285714245,9,2700.0,10.0,117.54357142857147,258.32455562633004,overlap,Tue,13,False
1518,BTCUSDm,short,2026-07-28 14:50:00+00:00,89472,63410.69,0.1,64110.69,62410.69,700.0,close_above_upper,0.06313910714633472,0.1,62910.69,0.5,0.0,0.0,0.0,,,False,2026-07-28 16:35:00+00:00,89493,63737.27,signal,-32.65799999999945,0.0,0.0,-32.65799999999945,-0.46654285714284927,-559.6599999999962,228.11000000000058,-0.7995142857142803,0.3258714285714294,21,6300.0,10.0,181.956428571428,268.680030054853,overlap,Tue,14,False
1519,BTCUSDm,short,2026-07-29 06:30:00+00:00,89660,64304.17,0.1,65004.17,63304.17,700.0,close_above_upper,0.04715661029399541,0.1,63804.17,0.5,0.0,0.0,0.0,,,False,2026-07-29 08:10:00+00:00,89680,64373.02,signal,-6.884999999999855,0.0,0.0,-6.884999999999855,-0.09835714285714078,-200.76000000000204,17.189999999995052,-0.2868000000000029,0.02455714285713579,20,6000.0,10.0,79.82714285714246,286.30975328844045,asian,Wed,6,False
1520,BTCUSDm,short,2026-07-29 13:50:00+00:00,89748,64555.91,0.1,65255.91,63555.91,700.0,close_above_upper,0.11413496001769685,0.1,64055.91,0.5,0.0,0.0,0.0,,,False,2026-07-29 14:15:00+00:00,89753,64207.95,signal,34.79600000000064,0.0,0.0,34.79600000000064,0.4970857142857234,-91.2699999999968,396.7700000000041,-0.13038571428570972,0.5668142857142915,5,1500.0,10.0,128.61142857142892,266.3185413211913,overlap,Wed,13,False
1521,BTCUSDm,short,2026-07-29 17:55:00+00:00,89797,64109.69,0.1,64809.69,63109.69,700.0,close_above_upper,0.23503853795545546,0.1,63609.69,0.5,0.0,0.0,0.0,,,False,2026-07-29 18:25:00+00:00,89803,64038.25,signal,7.144000000000233,0.0,0.0,7.144000000000233,0.10205714285714618,-513.4199999999983,82.44000000000233,-0.7334571428571404,0.1177714285714319,6,1800.0,10.0,116.90999999999985,254.8607355714756,newyork,Wed,17,False
1522,BTCUSDm,short,2026-07-29 18:50:00+00:00,89808,64426.04,0.1,65126.04,63426.04,700.0,close_above_upper,0.1518788351981898,0.1,63926.04,0.5,0.0,0.0,0.0,,,False,2026-07-29 19:10:00+00:00,89812,64151.37,signal,27.466999999999828,0.0,0.0,27.466999999999828,0.39238571428571184,-142.61000000000058,283.1600000000035,-0.20372857142857226,0.4045142857142907,4,1200.0,10.0,230.04428571428642,261.1197361238312,newyork,Wed,18,False
1523,BTCUSDm,long,2026-07-29 19:35:00+00:00,89817,63903.98,0.1,63203.98,64903.98,700.0,close_below_lower,0.06233674386690284,0.1,64403.98,0.5,0.0,0.0,0.0,,,False,2026-07-29 20:40:00+00:00,89830,63615.87,signal,-28.81100000000006,0.0,0.0,-28.81100000000006,-0.41158571428571517,-611.2400000000052,68.04999999999563,-0.8732000000000075,0.09721428571427948,13,3900.0,10.0,236.9414285714286,261.8472362320879,newyork,Wed,19,False
1524,BTCUSDm,short,2026-07-29 22:10:00+00:00,89848,63895.53,0.1,64595.53,62895.53,700.0,close_above_upper,0.06694386046514801,0.1,63395.53,0.5,0.0,0.0,0.0,,,False,2026-07-29 23:05:00+00:00,89859,63853.22,signal,4.230999999999767,0.0,0.0,4.230999999999767,0.060442857142853815,-159.19000000000233,81.98999999999796,-0.22741428571428904,0.11712857142856851,11,3300.0,10.0,142.2707142857159,287.73899896497943,rollover,Wed,22,False
1525,BTCUSDm,short,2026-07-30 01:50:00+00:00,89892,64147.08,0.1,64847.08,63147.08,700.0,close_above_upper,0.1681537735174643,0.1,63647.08,0.5,0.0,0.0,0.0,,,False,2026-07-30 02:55:00+00:00,89905,64170.78,signal,-2.3699999999997092,0.0,0.0,-2.3699999999997092,-0.0338571428571387,-182.16999999999825,59.80000000000291,-0.26024285714285467,0.08542857142857559,13,3900.0,10.0,120.33857142857129,297.6477759297758,asian,Thu,1,False
1526,BTCUSDm,short,2026-07-31 01:10:00+00:00,90172,65270.85,0.1,65970.85,64270.85,700.0,close_above_upper,0.8829310984502194,0.1,64770.85,0.5,0.0,0.0,0.0,,,False,2026-07-31 01:40:00+00:00,90178,64878.95,signal,39.19000000000015,0.0,0.0,39.19000000000015,0.5598571428571392,-85.20000000000437,436.98999999999796,-0.12171428571429195,0.6242714285714257,6,1800.0,10.0,110.35142857142844,263.1123396274836,asian,Fri,1,False
1527,BTCUSDm,long,2026-07-31 01:50:00+00:00,90180,64557.39,0.1,63857.39,65557.39,700.0,close_below_lower,0.24846207044635737,0.1,65057.39,0.5,0.0,0.0,0.0,,,False,2026-07-31 03:25:00+00:00,90199,64325.38,signal,-23.201000000000207,0.0,0.0,-23.201000000000207,-0.3314428571428601,-462.0500000000029,36.5,-0.6600714285714328,0.052142857142857144,19,5700.0,10.0,160.230714285714,269.7411391465447,asian,Fri,1,False
1528,BTCUSDm,long,2026-07-31 13:45:00+00:00,90323,63391.71,0.1,62691.71,64391.71,700.0,close_below_lower,0.04116869141645593,0.1,63891.71,0.5,0.0,0.0,0.0,,,False,2026-07-31 14:05:00+00:00,90327,62691.71,sl,-70.0,0.0,0.0,-70.0,-1.0,-489.6999999999971,65.52999999999884,-0.6995714285714244,0.09361428571428405,4,1200.0,10.0,100.13642857142986,244.79349283127112,overlap,Fri,13,False
1529,BTCUSDm,long,2026-07-31 14:10:00+00:00,90328,62594.71,0.1,61894.71,63594.71,700.0,close_below_lower,2.0959837844845017,0.1,63094.71,0.5,0.0,0.0,0.0,,,False,2026-07-31 15:40:00+00:00,90346,62628.89,signal,3.4180000000000295,0.0,0.0,3.4180000000000295,0.04882857142857185,-234.5199999999968,214.34999999999854,-0.33502857142856685,0.30621428571428366,18,5400.0,10.0,167.4792857142867,251.17186300794185,overlap,Fri,14,False
1530,BTCUSDm,long,2026-08-01 18:25:00+00:00,90655,62463.87,0.1,61763.87,63463.87,700.0,close_below_lower,0.0725914424754919,0.1,62963.87,0.5,0.0,0.0,0.0,,,False,2026-08-01 19:00:00+00:00,90662,62519.59,signal,5.571999999999389,0.0,0.0,5.571999999999389,0.07959999999999127,-271.6000000000058,65.37999999999738,-0.38800000000000834,0.09339999999999626,7,2100.0,10.0,79.49500000000002,202.33856386882567,newyork,Sat,18,False
1531,BTCUSDm,short,2026-08-02 02:10:00+00:00,90748,63323.54,0.1,64023.54,62323.54,700.0,close_above_upper,1.2013243717428412,0.1,62823.54,0.5,0.0,0.0,0.0,,,False,2026-08-02 03:55:00+00:00,90769,63381.98,signal,-5.844000000000233,0.0,0.0,-5.844000000000233,-0.08348571428571762,-167.45999999999913,69.15000000000146,-0.23922857142857018,0.09878571428571636,21,6300.0,10.0,86.86785714285672,174.1892277316585,asian,Sun,2,False
1532,BTCUSDm,long,2026-08-02 08:40:00+00:00,90826,63173.74,0.1,62473.74,64173.74,700.0,close_below_lower,0.32763983022482146,0.1,63673.74,0.5,0.0,0.0,0.0,,,False,2026-08-02 09:25:00+00:00,90835,63223.78,signal,5.0040000000000875,0.0,0.0,5.0040000000000875,0.07148571428571554,-155.13999999999942,51.69000000000233,-0.2216285714285706,0.07384285714286047,9,2700.0,10.0,46.0607142857147,160.08579776398815,london,Sun,8,False
1533,BTCUSDm,short,2026-08-02 17:25:00+00:00,90931,63271.09,0.1,63971.09,62271.09,700.0,close_above_upper,0.258585742245634,0.1,62771.09,0.5,0.0,0.0,0.0,,,False,2026-08-02 18:30:00+00:00,90944,63224.86,signal,4.6229999999995925,0.0,0.0,4.6229999999995925,0.06604285714285132,0.0,93.02999999999884,0.0,0.13289999999999833,13,3900.0,10.0,61.37499999999948,119.88751125437541,newyork,Sun,17,False
1534,BTCUSDm,short,2026-08-02 18:45:00+00:00,90947,63431.09,0.1,64131.09,62431.09,700.0,close_above_upper,0.4023417527436152,0.1,62931.09,0.5,0.0,0.0,0.0,,,False,2026-08-02 19:05:00+00:00,90951,63289.59,signal,14.15,0.0,0.0,14.15,0.20214285714285715,-6.830000000001746,167.45999999999913,-0.009757142857145351,0.23922857142857018,4,1200.0,10.0,51.28214285714213,122.99877412520021,newyork,Sun,18,False
1535,BTCUSDm,short,2026-08-02 21:45:00+00:00,90983,63615.39,0.1,64315.39,62615.39,700.0,close_above_upper,0.31697092992588627,0.1,63115.39,0.5,0.0,0.0,0.0,,,False,2026-08-02 22:30:00+00:00,90992,63533.13,signal,8.226000000000203,0.0,0.0,8.226000000000203,0.11751428571428862,-112.16999999999825,141.12999999999738,-0.16024285714285466,0.20161428571428197,9,2700.0,10.0,68.7485714285727,125.67705373369425,rollover,Sun,21,False
1536,BTCUSDm,long,2026-08-02 22:35:00+00:00,90993,63392.86,0.1,62692.86,64392.86,700.0,close_below_lower,0.23504257846862783,0.1,63892.86,0.5,0.0,0.0,0.0,,,False,2026-08-02 23:20:00+00:00,91002,63455.86,signal,6.300000000000001,0.0,0.0,6.300000000000001,0.09000000000000001,-137.22000000000116,111.47999999999593,-0.19602857142857308,0.15925714285713705,9,2700.0,10.0,115.5949999999996,129.17138199056552,rollover,Sun,22,False
1537,BTCUSDm,long,2026-08-03 00:30:00+00:00,91016,63196.09,0.1,62496.09,64196.09,700.0,close_below_lower,0.4119093460595795,0.1,63696.09,0.5,0.0,0.0,0.0,,,False,2026-08-03 02:20:00+00:00,91038,63151.9,signal,-4.418999999999506,0.0,0.0,-4.418999999999506,-0.06312857142856437,-167.5399999999936,154.04000000000087,-0.239342857142848,0.22005714285714412,22,6600.0,10.0,81.6692857142859,135.78380297418352,asian,Mon,0,False
1538,BTCUSDm,long,2026-08-03 03:50:00+00:00,91056,62854.69,0.1,62154.69,63854.69,700.0,close_below_lower,0.13656804342173903,0.1,63354.69,0.5,0.0,0.0,0.0,,,False,2026-08-03 04:30:00+00:00,91064,62885.34,signal,3.064999999999418,0.0,0.0,3.064999999999418,0.043785714285705976,-130.02999999999884,44.20999999999913,-0.1857571428571412,0.06315714285714161,8,2400.0,10.0,68.99785714285827,144.3062097577108,asian,Mon,3,False
1539,BTCUSDm,long,2026-08-03 06:45:00+00:00,91091,62560.51,0.1,61860.51,63560.51,700.0,close_below_lower,0.008905076625663484,0.1,63060.51,0.5,0.0,0.0,0.0,,,False,2026-08-03 07:35:00+00:00,91101,62607.16,signal,4.665000000000146,0.0,0.0,4.665000000000146,0.06664285714285922,-100.58000000000175,56.90999999999622,-0.14368571428571678,0.0812999999999946,10,3000.0,10.0,57.76928571428549,153.90182515581247,asian,Mon,6,False
1540,BTCUSDm,long,2026-08-03 08:25:00+00:00,91111,62347.07,0.1,61647.07,63347.07,700.0,close_below_lower,0.0197064963050149,0.1,62847.07,0.5,0.0,0.0,0.0,,,False,2026-08-03 08:55:00+00:00,91117,62393.5,signal,4.643000000000029,0.0,0.0,4.643000000000029,0.06632857142857185,-137.75,66.2699999999968,-0.19678571428571429,0.094671428571424,6,1800.0,10.0,76.03642857142871,160.53350620511486,london,Mon,8,False
1541,BTCUSDm,short,2026-08-03 10:00:00+00:00,91130,62739.16,0.1,63439.16,61739.16,700.0,close_above_upper,0.06514484191093467,0.1,62239.16,0.5,0.0,0.0,0.0,,,False,2026-08-03 10:35:00+00:00,91137,62626.5,signal,11.26600000000035,0.0,0.0,11.26600000000035,0.16094285714286213,-40.30999999999767,164.4100000000035,-0.05758571428571096,0.23487142857143356,7,2100.0,10.0,62.63285714285718,168.07863599499706,london,Mon,10,False
1542,BTCUSDm,short,2026-08-03 13:20:00+00:00,91170,62863.49,0.1,63563.49,61863.49,700.0,close_above_upper,0.4384160077711104,0.1,62363.49,0.5,0.0,0.0,0.0,,,False,2026-08-03 13:35:00+00:00,91173,62622.02,signal,24.14700000000012,0.0,0.0,24.14700000000012,0.34495714285714457,-59.81999999999971,392.5199999999968,-0.08545714285714244,0.5607428571428525,3,900.0,10.0,83.02214285714425,162.74081595764332,overlap,Mon,13,False
1543,BTCUSDm,short,2026-08-03 13:50:00+00:00,91176,62890.71,0.1,63590.71,61890.71,700.0,close_above_upper,0.05799320013408486,0.1,62390.71,0.5,0.0,0.0,0.0,,,False,2026-08-03 14:25:00+00:00,91183,63600.71,sl,-71.0,0.0,0.0,-71.0,-1.0142857142857142,-536.7099999999991,20.659999999996217,-0.7667285714285702,0.02951428571428031,7,2100.0,10.0,135.54785714285754,166.19917853164415,overlap,Mon,13,False
1544,BTCUSDm,short,2026-08-03 14:30:00+00:00,91184,63690.5,0.1,64390.5,62690.5,700.0,close_above_upper,2.114936021941185,0.1,63190.5,0.5,0.0,0.0,0.0,,,False,2026-08-03 15:30:00+00:00,91196,63641.28,signal,4.922000000000117,0.0,0.0,4.922000000000117,0.07031428571428738,-233.30999999999767,138.40000000000146,-0.33329999999999665,0.19771428571428779,12,3600.0,10.0,221.03214285714213,180.72770083592752,overlap,Mon,14,False
1545,BTCUSDm,long,2026-08-03 22:05:00+00:00,91275,63434.41,0.1,62734.41,64434.41,700.0,close_below_lower,0.024762628946236664,0.1,63934.41,0.5,0.0,0.0,0.0,,,False,2026-08-03 22:50:00+00:00,91284,63511.97,signal,7.7559999999997675,0.0,0.0,7.7559999999997675,0.11079999999999668,-114.91000000000349,179.5,-0.16415714285714786,0.25642857142857145,9,2700.0,10.0,62.84285714285787,187.38171411662734,rollover,Mon,22,False
1546,BTCUSDm,short,2026-08-04 01:35:00+00:00,91317,63616.1,0.1,64316.1,62616.1,700.0,close_above_upper,0.02630801392736018,0.1,63116.1,0.5,0.0,0.0,0.0,,,False,2026-08-04 02:25:00+00:00,91327,63652.94,signal,-3.6840000000003785,0.0,0.0,-3.6840000000003785,-0.05262857142857683,-260.8899999999994,48.68000000000029,-0.37269999999999914,0.06954285714285756,10,3000.0,10.0,88.50571428571493,195.12676709489253,asian,Tue,1,False
1547,BTCUSDm,short,2026-08-04 04:50:00+00:00,91356,64093.1,0.1,64793.1,63093.1,700.0,close_above_upper,0.2923602210952194,0.1,63593.1,0.5,0.0,0.0,0.0,,,False,2026-08-04 05:10:00+00:00,91360,63871.88,signal,22.122000000000117,0.0,0.0,22.122000000000117,0.3160285714285731,-20.830000000001746,241.86999999999534,-0.02975714285714535,0.3455285714285648,4,1200.0,10.0,64.94214285714303,203.27500167986855,asian,Tue,4,False
1548,BTCUSDm,short,2026-08-04 14:45:00+00:00,91475,64055.88,0.1,64755.88,63055.88,700.0,close_above_upper,0.099718065159271,0.1,63555.88,0.5,0.0,0.0,0.0,,,False,2026-08-04 15:25:00+00:00,91483,63948.56,signal,10.731999999999971,0.0,0.0,10.731999999999971,0.1533142857142853,-108.99000000000524,122.91999999999825,-0.15570000000000747,0.1755999999999975,8,2400.0,10.0,179.0942857142857,228.41968472297395,overlap,Tue,14,False
1549,BTCUSDm,short,2026-08-04 18:25:00+00:00,91519,64332.12,0.1,65032.12,63332.12,700.0,close_above_upper,0.11766749842676302,0.1,63832.12,0.5,0.0,0.0,0.0,,,False,2026-08-04 19:25:00+00:00,91531,64223.09,signal,10.903000000000612,0.0,0.0,10.903000000000612,0.1557571428571516,-27.56999999999971,172.19000000000233,-0.03938571428571387,0.2459857142857176,12,3600.0,10.0,103.84142857143004,230.22630614117622,newyork,Tue,18,False
1550,BTCUSDm,short,2026-08-05 02:05:00+00:00,91611,64385.03,0.1,65085.03,63385.03,700.0,close_above_upper,0.028358398208821224,0.1,63885.03,0.5,0.0,0.0,0.0,,,False,2026-08-05 03:00:00+00:00,91622,64324.04,signal,6.098999999999797,0.0,0.0,6.098999999999797,0.08712857142856853,-77.30999999999767,123.45999999999913,-0.11044285714285382,0.17637142857142732,11,3300.0,10.0,85.591428571429,238.13858370227376,asian,Wed,2,False
1551,BTCUSDm,long,2026-08-05 03:20:00+00:00,91626,64082.76,0.1,63382.76,65082.76,700.0,close_below_lower,0.026992203730406544,0.1,64582.76,0.5,0.0,0.0,0.0,,,False,2026-08-05 04:35:00+00:00,91641,64144.16,signal,6.140000000000146,0.0,0.0,6.140000000000146,0.0877142857142878,-92.81000000000495,85.56999999999971,-0.13258571428572136,0.12224285714285672,15,4500.0,10.0,94.86642857142839,238.1949395054299,asian,Wed,3,False
1552,BTCUSDm,short,2026-08-05 12:20:00+00:00,91734,64391.25,0.1,65091.25,63391.25,700.0,close_above_upper,0.4819967940615141,0.1,63891.25,0.5,0.0,0.0,0.0,,,False,2026-08-05 12:55:00+00:00,91741,64285.42,signal,10.583000000000176,0.0,0.0,10.583000000000176,0.1511857142857168,-148.66999999999825,120.91999999999825,-0.2123857142857118,0.17274285714285464,7,2100.0,10.0,73.76357142857316,207.31565846905593,overlap,Wed,12,False
1553,BTCUSDm,long,2026-08-05 13:35:00+00:00,91749,63885.38,0.1,63185.38,64885.38,700.0,close_below_lower,0.4242848213802039,0.1,64385.38,0.5,0.0,0.0,0.0,,,False,2026-08-05 13:50:00+00:00,91752,64201.71,signal,31.633000000000177,0.0,0.0,31.633000000000177,0.4519000000000025,-73.48999999999796,352.67000000000553,-0.10498571428571138,0.5038142857142937,3,900.0,10.0,104.58071428571358,217.23816969175053,overlap,Wed,13,False
1554,BTCUSDm,short,2026-08-05 14:20:00+00:00,91758,64484.87,0.1,65184.87,63484.87,700.0,close_above_upper,0.02725490527719439,0.1,63984.87,0.5,0.0,0.0,0.0,,,False,2026-08-05 14:40:00+00:00,91762,64272.8,signal,21.206999999999972,0.0,0.0,21.206999999999972,0.3029571428571425,-15.269999999996799,237.88000000000466,-0.02181428571428114,0.3398285714285781,4,1200.0,10.0,163.32999999999967,221.57584144732743,overlap,Wed,14,False
1555,BTCUSDm,short,2026-08-05 15:10:00+00:00,91768,64655.75,0.1,65355.75,63655.75,700.0,close_above_upper,0.17502423182521074,0.1,64155.75,0.5,0.0,0.0,0.0,,,False,2026-08-05 15:50:00+00:00,91776,64465.95,signal,18.98000000000029,0.0,0.0,18.98000000000029,0.2711428571428613,-54.4800000000032,255.45999999999913,-0.07782857142857601,0.3649428571428559,8,2400.0,10.0,145.57785714285743,220.56245427864064,overlap,Wed,15,False
1556,BTCUSDm,short,2026-08-06 05:10:00+00:00,91936,64889.24,0.1,65589.24,63889.24,700.0,close_above_upper,0.3134890651979952,0.1,64389.24,0.5,0.0,0.0,0.0,,,False,2026-08-06 06:10:00+00:00,91948,64791.73,signal,9.750999999999477,0.0,0.0,9.750999999999477,0.13929999999999398,-47.270000000004075,114.48999999999796,-0.06752857142857725,0.16355714285713996,12,3600.0,10.0,67.90928571428542,202.5338661910877,asian,Thu,5,False
1557,BTCUSDm,long,2026-08-06 13:10:00+00:00,92032,64144.97,0.1,63444.97,65144.97,700.0,close_below_lower,0.40821329143308,0.1,64644.97,0.5,0.0,0.0,0.0,,,False,2026-08-06 13:45:00+00:00,92039,64325.98,signal,18.101000000000205,0.0,0.0,18.101000000000205,0.2585857142857172,-60.919999999998254,212.0,-0.08702857142856893,0.3028571428571429,7,2100.0,10.0,78.08499999999913,187.5117515535946,overlap,Thu,13,False
1558,BTCUSDm,short,2026-08-06 14:45:00+00:00,92051,64741.2,0.1,65441.2,63741.2,700.0,close_above_upper,0.7222807975665982,0.1,64241.2,0.5,0.0,0.0,0.0,,,False,2026-08-06 15:45:00+00:00,92063,64693.45,signal,4.775,0.0,0.0,4.775,0.06821428571428571,-183.09000000000378,136.63999999999942,-0.26155714285714826,0.19519999999999918,12,3600.0,10.0,131.69785714285794,191.15445455730446,overlap,Thu,14,False
1559,BTCUSDm,short,2026-08-07 08:45:00+00:00,92267,64568.63,0.1,65268.63,63568.63,700.0,close_above_upper,0.244960525741386,0.1,64068.63,0.5,0.0,0.0,0.0,,,False,2026-08-07 10:25:00+00:00,92287,64772.59,signal,-20.395999999999916,0.0,0.0,-20.395999999999916,-0.29137142857142734,-348.1000000000058,55.81999999999971,-0.4972857142857226,0.07974285714285673,20,6000.0,10.0,58.974285714286715,160.27752095843977,london,Fri,8,False
1560,BTCUSDm,short,2026-08-07 11:25:00+00:00,92299,65097.44,0.1,65797.44,64097.44,700.0,close_above_upper,0.311672848271532,0.1,64597.44,0.5,0.0,0.0,0.0,,,False,2026-08-07 12:35:00+00:00,92313,64951.88,signal,14.556000000000495,0.0,0.0,14.556000000000495,0.2079428571428642,-183.27999999999884,169.99000000000524,-0.26182857142856975,0.24284285714286463,14,4200.0,10.0,69.49857142857218,165.33327126613955,london,Fri,11,False
1561,BTCUSDm,short,2026-08-07 12:55:00+00:00,92317,65302.02,0.1,66002.02,64302.02,700.0,close_above_upper,0.2805920918550867,0.1,64802.02,0.5,0.0,0.0,0.0,,,False,2026-08-07 13:25:00+00:00,92323,65141.01,signal,16.100999999999477,0.0,0.0,16.100999999999477,0.23001428571428062,-44.9800000000032,178.6099999999933,-0.06425714285714743,0.2551571428571333,6,1800.0,10.0,110.58214285714244,167.27326105573735,overlap,Fri,12,False
1562,BTCUSDm,long,2026-08-07 14:00:00+00:00,92330,64975.55,0.1,64275.55,65975.55,700.0,close_below_lower,0.15695255689012907,0.1,65475.55,0.5,0.0,0.0,0.0,,,False,2026-08-07 14:30:00+00:00,92336,65140.54,signal,16.498999999999796,0.0,0.0,16.498999999999796,0.23569999999999708,-248.37000000000262,208.9300000000003,-0.35481428571428947,0.298471428571429,6,1800.0,10.0,142.31857142857032,170.0432997286986,overlap,Fri,14,False
1563,BTCUSDm,long,2026-08-07 17:15:00+00:00,92369,64648.65,0.1,63948.65,65648.65,700.0,close_below_lower,0.051263758105537974,0.1,65148.65,0.5,0.0,0.0,0.0,,,False,2026-08-07 17:55:00+00:00,92377,64667.22,signal,1.856999999999971,0.0,0.0,1.856999999999971,0.026528571428571013,-187.6800000000003,41.979999999995925,-0.26811428571428614,0.05997142857142275,8,2400.0,10.0,85.25928571428605,175.16439173686047,newyork,Fri,17,False
1564,BTCUSDm,short,2026-08-09 10:15:00+00:00,92859,64893.46,0.1,65593.46,63893.46,700.0,close_above_upper,0.1593889726429002,0.1,64393.46,0.5,0.0,0.0,0.0,,,False,2026-08-09 11:55:00+00:00,92879,64918.93,signal,-2.5470000000001165,0.0,0.0,-2.5470000000001165,-0.036385714285716325,-62.80999999999767,15.099999999998545,-0.0897285714285681,0.021571428571426493,20,6000.0,10.0,24.078571428571845,78.22611276114169,london,Sun,10,False
1565,BTCUSDm,short,2026-08-09 13:30:00+00:00,92898,65024.75,0.1,65724.75,64024.75,700.0,close_above_upper,0.39009325565081726,0.1,64524.75,0.5,0.0,0.0,0.0,,,False,2026-08-09 14:40:00+00:00,92912,65121.79,signal,-9.704000000000088,0.0,0.0,-9.704000000000088,-0.13862857142857268,-197.37999999999738,0.0,-0.2819714285714248,0.0,14,4200.0,10.0,25.67357142857041,64.96388593364773,overlap,Sun,13,False
1566,BTCUSDm,long,2026-08-09 20:15:00+00:00,92979,65041.83,0.1,64341.83,66041.83,700.0,close_below_lower,0.4485370910626911,0.1,65541.83,0.5,0.0,0.0,0.0,,,False,2026-08-09 20:35:00+00:00,92983,65108.2,signal,6.636999999999535,0.0,0.0,6.636999999999535,0.09481428571427908,-19.540000000000873,79.34999999999854,-0.02791428571428696,0.11335714285714078,4,1200.0,10.0,24.89000000000046,65.95445095499463,newyork,Sun,20,False
1567,BTCUSDm,short,2026-08-09 21:40:00+00:00,92996,65187.29,0.1,65887.29,64187.29,700.0,close_above_upper,0.40381812828149183,0.1,64687.29,0.5,0.0,0.0,0.0,,,False,2026-08-09 22:25:00+00:00,93005,65165.86,signal,2.143000000000029,0.0,0.0,2.143000000000029,0.030614285714285813,-250.91999999999825,61.09000000000378,-0.35845714285714037,0.08727142857143398,9,2700.0,10.0,29.21785714285735,64.66876735988893,rollover,Sun,21,False
1568,BTCUSDm,long,2026-08-09 22:35:00+00:00,93007,65064.3,0.1,64364.3,66064.3,700.0,close_below_lower,0.8090387994342317,0.1,65564.3,0.5,0.0,0.0,0.0,,,False,2026-08-10 00:10:00+00:00,93026,64979.36,signal,-8.494000000000232,0.0,0.0,-8.494000000000232,-0.12134285714286046,-281.26000000000204,0.0,-0.40180000000000293,0.0,19,5700.0,10.0,86.15785714285708,67.47854887841541,rollover,Sun,22,False
1569,BTCUSDm,short,2026-08-10 00:15:00+00:00,93027,65097.45,0.1,65797.45,64097.45,700.0,close_above_upper,1.362221237795524,0.1,64597.45,0.5,0.0,0.0,0.0,,,False,2026-08-10 00:40:00+00:00,93032,64836.85,signal,26.059999999999857,0.0,0.0,26.059999999999857,0.3722857142857122,-17.0,274.07999999999447,-0.024285714285714285,0.39154285714284925,5,1500.0,10.0,97.30500000000029,78.89701367359278,asian,Mon,0,False
1570,BTCUSDm,long,2026-08-10 00:45:00+00:00,93033,64813.37,0.1,64113.37,65813.37,700.0,close_below_lower,0.3928136889560985,0.1,65313.37,0.5,0.0,0.0,0.0,,,False,2026-08-10 00:55:00+00:00,93035,64945.41,signal,13.204000000000088,0.0,0.0,13.204000000000088,0.18862857142857267,-21.860000000000582,177.23999999999796,-0.03122857142857226,0.2531999999999971,2,600.0,10.0,106.83642857142851,80.69009207244788,asian,Mon,0,False
1571,BTCUSDm,short,2026-08-10 01:50:00+00:00,93046,65186.99,0.1,65886.99,64186.99,700.0,close_above_upper,1.7556230554948005,0.1,64686.99,0.5,0.0,0.0,0.0,,,False,2026-08-10 02:20:00+00:00,93052,64891.46,signal,29.552999999999884,0.0,0.0,29.552999999999884,0.422185714285717,-160.94000000000233,313.68999999999505,-0.22991428571428904,0.4481285714285644,6,1800.0,10.0,95.9028571428571,82.84846185538032,asian,Mon,1,False
1572,BTCUSDm,long,2026-08-10 02:25:00+00:00,93053,64892.38,0.1,64192.38,65892.38,700.0,close_below_lower,0.43973170898998,0.1,65392.38,0.5,0.0,0.0,0.0,,,False,2026-08-10 02:45:00+00:00,93057,65133.81,signal,24.14300000000003,0.0,0.0,24.14300000000003,0.34490000000000043,-46.55999999999767,269.45000000000437,-0.06651428571428239,0.38492857142857767,4,1200.0,10.0,101.98500000000006,86.78352268132214,asian,Mon,2,False
1573,BTCUSDm,long,2026-08-10 03:15:00+00:00,93063,64914.02,0.1,64214.02,65914.02,700.0,close_below_lower,0.12225475889141992,0.1,65414.02,0.5,0.0,0.0,0.0,,,False,2026-08-10 03:25:00+00:00,93065,65070.84,signal,15.681999999999972,0.0,0.0,15.681999999999972,0.22402857142857102,-65.2899999999936,180.9600000000064,-0.09327142857141943,0.25851428571429486,2,600.0,10.0,86.49214285714386,89.34766160870156,asian,Mon,3,False
1574,BTCUSDm,short,2026-08-10 06:05:00+00:00,93097,65119.41,0.1,65819.41,64119.41,700.0,close_above_upper,0.12374117384688609,0.1,64619.41,0.5,0.0,0.0,0.0,,,False,2026-08-10 07:50:00+00:00,93118,65201.18,signal,-8.17699999999968,0.0,0.0,-8.17699999999968,-0.11681428571428114,-202.15999999999622,30.410000000003492,-0.2887999999999946,0.04344285714286213,21,6300.0,10.0,53.664285714285924,92.94441385638046,asian,Mon,6,False
1575,BTCUSDm,long,2026-08-10 09:40:00+00:00,93140,65031.25,0.1,64331.25,66031.25,700.0,close_below_lower,0.21812750632295472,0.1,65531.25,0.5,0.0,0.0,0.0,,,False,2026-08-10 10:50:00+00:00,93154,64987.97,signal,-4.327999999999884,0.0,0.0,-4.327999999999884,-0.06182857142856977,-137.36000000000058,0.0,-0.19622857142857225,0.0,14,4200.0,10.0,47.58142857142749,99.32518023234817,london,Mon,9,False
1576,BTCUSDm,short,2026-08-10 12:05:00+00:00,93169,65132.72,0.1,65832.72,64132.72,700.0,close_above_upper,0.07466379029082515,0.1,64632.72,0.5,0.0,0.0,0.0,,,False,2026-08-10 12:20:00+00:00,93172,65027.06,signal,10.56600000000035,0.0,0.0,10.56600000000035,0.15094285714286215,-13.269999999996799,120.87000000000262,-0.018957142857138284,0.1726714285714323,3,900.0,10.0,51.28428571428594,105.53481675502162,overlap,Mon,12,False
1577,BTCUSDm,long,2026-08-10 12:40:00+00:00,93176,64878.17,0.1,64178.17,65878.17,700.0,close_below_lower,0.35363852574245314,0.1,65378.17,0.5,0.0,0.0,0.0,,,False,2026-08-10 14:15:00+00:00,93195,64674.49,signal,-20.36800000000003,0.0,0.0,-20.36800000000003,-0.290971428571429,-435.7900000000009,90.61000000000058,-0.6225571428571441,0.12944285714285797,19,5700.0,10.0,60.97428571428775,106.61830873454394,overlap,Mon,12,False
1578,BTCUSDm,long,2026-08-10 15:15:00+00:00,93207,64508.04,0.1,63808.04,65508.04,700.0,close_below_lower,0.19739318669410716,0.1,65008.04,0.5,0.0,0.0,0.0,,,False,2026-08-10 16:50:00+00:00,93226,63808.04,sl,-70.0,0.0,0.0,-70.0,-1.0,-668.8099999999977,80.65999999999622,-0.9554428571428538,0.11522857142856602,19,5700.0,10.0,109.46214285714346,121.78244946943765,overlap,Mon,15,False
1579,BTCUSDm,long,2026-08-10 16:55:00+00:00,93227,63787.99,0.1,63087.99,64787.99,700.0,close_below_lower,0.9553193089406028,0.1,64287.99,0.5,0.0,0.0,0.0,,,False,2026-08-10 17:35:00+00:00,93235,63903.28,signal,11.529000000000089,0.0,0.0,11.529000000000089,0.16470000000000126,-35.279999999998836,161.59000000000378,-0.050399999999998335,0.23084285714286254,8,2400.0,10.0,118.40928571428542,141.3884695564531,newyork,Mon,16,False
1580,BTCUSDm,long,2026-08-11 14:25:00+00:00,93485,63899.94,0.1,63199.94,64899.94,700.0,close_below_lower,0.3104848900886784,0.1,64399.94,0.5,0.0,0.0,0.0,,,False,2026-08-11 17:25:00+00:00,93521,63495.67,signal,-40.42700000000041,0.0,0.0,-40.42700000000041,-0.5775285714285773,-514.9599999999991,105.86000000000058,-0.7356571428571416,0.15122857142857227,36,10800.0,10.0,113.57714285714194,166.43444648954394,overlap,Tue,14,False
1581,BTCUSDm,long,2026-08-11 18:40:00+00:00,93536,63291.3,0.1,62591.3,64291.3,700.0,close_below_lower,0.01261082219482541,0.1,63791.3,0.5,0.0,0.0,0.0,,,False,2026-08-11 19:35:00+00:00,93547,63309.99,signal,1.8689999999995053,0.0,0.0,1.8689999999995053,0.026699999999992934,-129.33000000000175,62.93999999999505,-0.18475714285714534,0.08991428571427865,11,3300.0,10.0,79.34428571428622,172.9606821058366,newyork,Tue,18,False
1582,BTCUSDm,short,2026-08-11 20:05:00+00:00,93553,63563.89,0.1,64263.89,62563.89,700.0,close_above_upper,0.17946387142127085,0.1,63063.89,0.5,0.0,0.0,0.0,,,False,2026-08-11 21:20:00+00:00,93568,63616.61,signal,-5.272000000000117,0.0,0.0,-5.272000000000117,-0.07531428571428737,-156.08000000000175,18.75,-0.22297142857143107,0.026785714285714284,15,4500.0,10.0,82.01999999999887,175.47283993679804,newyork,Tue,20,False
1583,BTCUSDm,short,2026-08-12 12:30:00+00:00,93750,64349.02,0.1,65049.02,63349.02,700.0,close_above_upper,0.05640505610171199,0.1,63849.02,0.5,0.0,0.0,0.0,,,False,2026-08-12 12:35:00+00:00,93751,64191.22,signal,15.779999999999564,0.0,0.0,15.779999999999564,0.2254285714285652,-72.84000000000378,331.98999999999796,-0.10405714285714826,0.4742714285714257,1,300.0,10.0,65.31928571428736,155.53044935174827,overlap,Wed,12,False
1584,BTCUSDm,long,2026-08-12 12:40:00+00:00,93752,64015.1,0.1,63315.1,65015.1,700.0,close_below_lower,0.12082415200208828,0.1,64515.1,0.5,0.0,0.0,0.0,,,False,2026-08-12 14:55:00+00:00,93779,63315.1,sl,-70.0,0.0,0.0,-70.0,-1.0,-596.010000000002,106.4800000000032,-0.85144285714286,0.15211428571429028,27,8100.0,10.0,106.42000000000189,156.43208444201898,overlap,Wed,12,False
1585,BTCUSDm,long,2026-08-12 15:00:00+00:00,93780,63315.02,0.1,62615.02,64315.02,700.0,close_below_lower,0.6691385655776996,0.1,63815.02,0.5,0.0,0.0,0.0,,,False,2026-08-12 15:45:00+00:00,93789,63450.93,signal,13.59100000000035,0.0,0.0,13.59100000000035,0.19415714285714786,-73.61999999999534,186.61000000000058,-0.10517142857142192,0.2665857142857151,9,2700.0,10.0,137.2814285714277,171.45594170007774,overlap,Wed,15,False
1586,BTCUSDm,short,2026-08-13 05:20:00+00:00,93952,63860.06,0.1,64560.06,62860.06,700.0,close_above_upper,0.06914705309099838,0.1,63360.06,0.5,0.0,0.0,0.0,,,False,2026-08-13 06:05:00+00:00,93961,63780.69,signal,7.936999999999535,0.0,0.0,7.936999999999535,0.11338571428570764,-47.31000000000495,107.84999999999854,-0.06758571428572135,0.1540714285714265,9,2700.0,10.0,71.26714285714168,182.69487622425493,asian,Thu,5,False
1587,BTCUSDm,long,2026-08-13 11:35:00+00:00,94027,63351.87,0.1,62651.87,64351.87,700.0,close_below_lower,0.015145573295671812,0.1,63851.87,0.5,0.0,0.0,0.0,,,False,2026-08-13 12:10:00+00:00,94034,63470.73,signal,11.88600000000006,0.0,0.0,11.88600000000006,0.16980000000000084,-78.29000000000087,120.80999999999767,-0.1118428571428584,0.17258571428571096,7,2100.0,10.0,45.125,169.77259441632447,london,Thu,11,False
1588,BTCUSDm,long,2026-08-13 15:30:00+00:00,94074,63579.05,0.1,62879.05,64579.05,700.0,close_below_lower,0.20883495743836655,0.1,64079.05,0.5,0.0,0.0,0.0,,,False,2026-08-13 16:40:00+00:00,94088,62879.05,sl,-70.0,0.0,0.0,-70.0,-1.0,-600.9700000000012,109.25,-0.8585285714285731,0.15607142857142858,14,4200.0,10.0,96.61857142857116,166.1679821480475,overlap,Thu,15,False
1589,BTCUSDm,long,2026-08-13 16:45:00+00:00,94089,62924.77,0.1,62224.77,63924.77,700.0,close_below_lower,1.4660372238688129,0.1,63424.77,0.5,0.0,0.0,0.0,,,False,2026-08-13 17:25:00+00:00,94097,63143.73,signal,21.89600000000064,0.0,0.0,21.89600000000064,0.3128000000000091,-65.30999999999767,250.67000000000553,-0.09329999999999668,0.3581000000000079,8,2400.0,10.0,146.32285714285743,179.94297558277884,newyork,Thu,16,False
1590,BTCUSDm,short,2026-08-13 19:10:00+00:00,94118,63405.45,0.1,64105.45,62405.45,700.0,close_above_upper,0.24021541573319238,0.1,62905.45,0.5,0.0,0.0,0.0,,,False,2026-08-13 20:45:00+00:00,94137,63356.73,signal,4.871999999999389,0.0,0.0,4.871999999999389,0.06959999999999127,-3.1000000000058208,116.98999999999796,-0.004428571428579744,0.16712857142856852,19,5700.0,10.0,88.69214285714406,185.56107351421946,newyork,Thu,19,False
1591,BTCUSDm,long,2026-08-14 06:55:00+00:00,94259,62975.07,0.1,62275.07,63975.07,700.0,close_below_lower,0.09379820925931083,0.1,63475.07,0.5,0.0,0.0,0.0,,,False,2026-08-14 08:50:00+00:00,94282,62820.45,signal,-15.462000000000263,0.0,0.0,-15.462000000000263,-0.22088571428571804,-359.3600000000006,68.5199999999968,-0.5133714285714294,0.09788571428570972,23,6900.0,10.0,63.197142857143,175.63751615975244,asian,Fri,6,False
1592,BTCUSDm,short,2026-08-14 15:40:00+00:00,94364,62941.68,0.1,63641.68,61941.68,700.0,close_above_upper,0.49113731944248407,0.1,62441.68,0.5,0.0,0.0,0.0,,,False,2026-08-14 17:40:00+00:00,94388,63078.44,signal,-13.676000000000204,0.0,0.0,-13.676000000000204,-0.1953714285714315,-241.7699999999968,75.79000000000087,-0.3453857142857097,0.10827142857142982,24,7200.0,10.0,90.26857142857158,171.98388292416854,overlap,Fri,15,False
1593,BTCUSDm,short,2026-08-16 16:15:00+00:00,94947,63131.4,0.1,63831.4,62131.4,700.0,close_above_upper,0.3936305980151602,0.1,62631.4,0.5,0.0,0.0,0.0,,,False,2026-08-16 17:15:00+00:00,94959,63159.68,signal,-2.827999999999884,0.0,0.0,-2.827999999999884,-0.04039999999999834,-195.55999999999767,13.760000000002037,-0.2793714285714252,0.019657142857145767,12,3600.0,10.0,23.921428571428674,55.223773285388475,newyork,Sun,16,False
1594,BTCUSDm,long,2026-08-16 17:35:00+00:00,94963,63083.19,0.1,62383.19,64083.19,700.0,close_below_lower,0.5611148913217107,0.1,63583.19,0.5,0.0,0.0,0.0,,,False,2026-08-16 19:05:00+00:00,94981,63081.25,signal,-0.19400000000023285,0.0,0.0,-0.19400000000023285,-0.0027714285714318977,-45.54000000000087,43.11999999999534,-0.0650571428571441,0.06159999999999335,18,5400.0,10.0,48.04357142857095,58.12820743185897,newyork,Sun,17,False
1595,BTCUSDm,long,2026-08-16 20:50:00+00:00,95002,62973.28,0.1,62273.28,63973.28,700.0,close_below_lower,0.21590387117879806,0.1,63473.28,0.5,0.0,0.0,0.0,,,False,2026-08-16 23:00:00+00:00,95028,62841.36,signal,-13.191999999999826,0.0,0.0,-13.191999999999826,-0.18845714285714038,-336.77999999999884,41.650000000001455,-0.48111428571428405,0.05950000000000208,26,7800.0,10.0,39.042857142858075,59.27499402614963,newyork,Sun,20,False
1596,BTCUSDm,short,2026-08-16 23:10:00+00:00,95030,62879.57,0.1,63579.57,61879.57,700.0,close_above_upper,0.20399278668724138,0.1,62379.57,0.5,0.0,0.0,0.0,,,False,2026-08-16 23:15:00+00:00,95031,62779.7,signal,9.987000000000263,0.0,0.0,9.987000000000263,0.14267142857143233,-14.769999999996799,114.70999999999913,-0.021099999999995428,0.16387142857142734,1,300.0,10.0,74.98571428571502,66.03615619947091,rollover,Sun,23,False
1597,BTCUSDm,long,2026-08-17 00:25:00+00:00,95045,62725.26,0.1,62025.26,63725.26,700.0,close_below_lower,0.3530272034811106,0.1,63225.26,0.5,0.0,0.0,0.0,,,False,2026-08-17 00:45:00+00:00,95049,62873.62,signal,14.836000000000059,0.0,0.0,14.836000000000059,0.211942857142858,-51.220000000001164,160.54999999999563,-0.07317142857143023,0.22935714285713663,4,1200.0,10.0,57.284999999999336,65.96678723820942,asian,Mon,0,False
1598,BTCUSDm,short,2026-08-17 01:05:00+00:00,95053,63050.77,0.1,63750.77,62050.77,700.0,close_above_upper,2.4005577813468455,0.1,62550.77,0.5,0.0,0.0,0.0,,,False,2026-08-17 02:00:00+00:00,95064,63043.49,signal,0.7279999999998836,0.0,0.0,0.7279999999998836,0.010399999999998338,-125.04000000000087,102.64999999999418,-0.17862857142857266,0.14664285714284883,11,3300.0,10.0,93.19999999999969,67.79481686666347,asian,Mon,1,False
1599,BTCUSDm,short,2026-08-17 02:35:00+00:00,95071,63217.48,0.1,63917.48,62217.48,700.0,close_above_upper,1.0520036380158952,0.1,62717.48,0.5,0.0,0.0,0.0,,,False,2026-08-17 05:10:00+00:00,95102,63422.34,signal,-20.485999999999333,0.0,0.0,-20.485999999999333,-0.29265714285713335,-307.52999999999884,49.43000000000029,-0.4393285714285698,0.07061428571428613,31,9300.0,10.0,84.08642857142902,75.99421148234674,asian,Mon,2,False
1600,BTCUSDm,short,2026-08-17 06:50:00+00:00,95122,63619.18,0.1,64319.18,62619.18,700.0,close_above_upper,0.26258309322808315,0.1,63119.18,0.5,0.0,0.0,0.0,,,False,2026-08-17 07:05:00+00:00,95125,63532.58,signal,8.659999999999854,0.0,0.0,8.659999999999854,0.12371428571428364,-8.44999999999709,119.98999999999796,-0.012071428571424413,0.1714142857142828,3,900.0,10.0,44.44000000000129,87.34160416766309,asian,Mon,6,False
1601,BTCUSDm,long,2026-08-17 08:15:00+00:00,95139,63375.7,0.1,62675.7,64375.7,700.0,close_below_lower,0.08766573014360207,0.1,63875.7,0.5,0.0,0.0,0.0,,,False,2026-08-17 09:10:00+00:00,95150,63349.71,signal,-2.5989999999997964,0.0,0.0,-2.5989999999997964,-0.03712857142856852,-106.46999999999389,17.450000000004366,-0.15209999999999127,0.024928571428577666,11,3300.0,10.0,39.264285714286544,90.13581394215048,london,Mon,8,False
1602,BTCUSDm,short,2026-08-17 10:30:00+00:00,95166,63376.49,0.1,64076.49,62376.49,700.0,close_above_upper,0.15695993190606247,0.1,62876.49,0.5,0.0,0.0,0.0,,,False,2026-08-17 11:55:00+00:00,95183,63577.58,signal,-20.10900000000038,0.0,0.0,-20.10900000000038,-0.28727142857143395,-331.2099999999991,10.259999999994761,-0.4731571428571416,0.014657142857135373,17,5100.0,10.0,43.05000000000083,95.60270017317688,london,Mon,10,False
1603,BTCUSDm,short,2026-08-17 13:35:00+00:00,95203,63610.52,0.1,64310.52,62610.52,700.0,close_above_upper,0.16693790538562522,0.1,63110.52,0.5,0.0,0.0,0.0,,,False,2026-08-17 14:30:00+00:00,95214,63561.86,signal,4.865999999999622,0.0,0.0,4.865999999999622,0.06951428571428031,-115.2300000000032,105.33999999999651,-0.1646142857142903,0.1504857142857093,11,3300.0,10.0,79.59071428571406,110.11725376987157,overlap,Mon,13,False
1604,BTCUSDm,short,2026-08-17 15:00:00+00:00,95220,63816.29,0.1,64516.29,62816.29,700.0,close_above_upper,0.739736415673496,0.1,63316.29,0.5,0.0,0.0,0.0,,,False,2026-08-17 16:45:00+00:00,95241,64039.91,signal,-22.362000000000265,0.0,0.0,-22.362000000000265,-0.31945714285714666,-354.91999999999825,73.37000000000262,-0.5070285714285689,0.10481428571428945,21,6300.0,10.0,97.4685714285723,116.0256178902757,overlap,Mon,15,False
1605,BTCUSDm,short,2026-08-17 17:20:00+00:00,95248,64198.05,0.1,64898.05,63198.05,700.0,close_above_upper,0.1571428922583973,0.1,63698.05,0.5,0.0,0.0,0.0,,,False,2026-08-17 19:05:00+00:00,95269,64292.06,signal,-9.400999999999476,0.0,0.0,-9.400999999999476,-0.1342999999999925,-380.73999999999796,188.15000000000146,-0.5439142857142828,0.26878571428571635,21,6300.0,10.0,85.89214285714375,130.5197586771988,newyork,Mon,17,False
1606,BTCUSDm,short,2026-08-17 23:35:00+00:00,95323,64497.82,0.1,65197.82,63497.82,700.0,close_above_upper,0.25183301173128725,0.1,63997.82,0.5,0.0,0.0,0.0,,,False,2026-08-18 00:10:00+00:00,95330,64386.73,signal,11.108999999999652,0.0,0.0,11.108999999999652,0.15869999999999504,-24.0199999999968,137.7699999999968,-0.03431428571428114,0.19681428571428114,7,2100.0,10.0,42.78714285714159,146.7121362280664,rollover,Mon,23,False
1607,BTCUSDm,short,2026-08-18 14:20:00+00:00,95500,64389.88,0.1,65089.88,63389.88,700.0,close_above_upper,0.2067863538047083,0.1,63889.88,0.5,0.0,0.0,0.0,,,False,2026-08-18 16:10:00+00:00,95522,64745.69,signal,-35.58100000000049,0.0,0.0,-35.58100000000049,-0.5083000000000071,-623.8700000000026,0.0,-0.8912428571428609,0.0,22,6600.0,10.0,114.55285714285648,177.6474935334537,overlap,Tue,14,False
1608,BTCUSDm,short,2026-08-19 12:35:00+00:00,95767,64594.03,0.1,65294.03,63594.03,700.0,close_above_upper,0.00948538203713841,0.1,64094.03,0.5,0.0,0.0,0.0,,,False,2026-08-19 13:40:00+00:00,95780,64782.73,signal,-18.870000000000438,0.0,0.0,-18.870000000000438,-0.26957142857143485,-570.8300000000017,73.27999999999884,-0.8154714285714311,0.10468571428571262,13,3900.0,10.0,48.09500000000013,141.92614464598316,overlap,Wed,12,False
1609,BTCUSDm,short,2026-08-19 14:05:00+00:00,95785,65081.11,0.1,65781.11,64081.11,700.0,close_above_upper,0.03678705025080632,0.1,64581.11,0.5,0.0,0.0,0.0,,,False,2026-08-19 14:55:00+00:00,95795,65791.11,sl,-71.0,0.0,0.0,-71.0,-1.0142857142857142,-642.5399999999936,11.889999999999418,-0.9179142857142766,0.016985714285713455,10,3000.0,10.0,148.2749999999999,156.14163196756112,overlap,Wed,14,False
1610,BTCUSDm,short,2026-08-19 15:00:00+00:00,95796,65872.34,0.1,66572.34,64872.34,700.0,close_above_upper,1.7757785685417602,0.1,65372.34,0.5,0.0,0.0,0.0,,,False,2026-08-19 15:10:00+00:00,95798,66582.34,sl,-71.0,0.0,0.0,-71.0,-1.0142857142857142,-622.9400000000023,32.01999999998952,-0.889914285714289,0.04574285714284217,2,600.0,10.0,153.24000000000004,173.17095489826707,overlap,Wed,15,False
1611,BTCUSDm,short,2026-08-19 15:15:00+00:00,95799,66617.98,0.1,67317.98,65617.98,700.0,close_above_upper,3.8805059741761676,0.1,66117.98,0.5,0.0,0.0,0.0,,,False,2026-08-19 15:25:00+00:00,95801,67327.98,sl,-71.0,0.0,0.0,-71.0,-1.0142857142857142,-626.1999999999971,74.72999999999593,-0.8945714285714245,0.10675714285713704,2,600.0,10.0,198.43428571428427,186.8137778792457,overlap,Wed,15,False
1612,BTCUSDm,short,2026-08-19 15:30:00+00:00,95802,68271.81,0.1,68971.81,67271.81,700.0,close_above_upper,8.620226475805097,0.1,67771.81,0.5,0.0,0.0,0.0,,,False,2026-08-19 16:05:00+00:00,95809,68981.81,sl,-71.0,0.0,0.0,-71.0,-1.0142857142857142,-556.4600000000064,551.7899999999936,-0.7949428571428663,0.7882714285714194,7,2100.0,10.0,460.2835714285689,210.69585558882926,overlap,Wed,15,False
1613,BTCUSDm,short,2026-08-19 16:10:00+00:00,95810,68707.46,0.1,69407.46,67707.46,700.0,close_above_upper,1.963893495574844,0.1,68207.46,0.5,0.0,0.0,0.0,,,False,2026-08-19 16:55:00+00:00,95819,68565.79,signal,14.16700000000128,0.0,0.0,14.16700000000128,0.20238571428573257,-184.90999999998894,223.61000000000058,-0.26415714285712705,0.31944285714285797,9,2700.0,10.0,614.8057142857122,269.99506531181015,newyork,Wed,16,False
1614,BTCUSDm,long,2026-08-19 17:15:00+00:00,95823,68224.45,0.1,67524.45,69224.45,700.0,close_below_lower,0.019927140042886128,0.1,68724.45,0.5,0.0,0.0,0.0,,,False,2026-08-19 18:00:00+00:00,95832,68164.33,signal,-6.011999999999535,0.0,0.0,-6.011999999999535,-0.08588571428570764,-434.3399999999965,68.51000000000931,-0.6204857142857093,0.09787142857144188,9,2700.0,10.0,190.3249999999971,286.7742990317814,newyork,Wed,17,False
1615,BTCUSDm,short,2026-08-19 20:25:00+00:00,95861,68773.74,0.1,69473.74,67773.74,700.0,close_above_upper,0.01917695803402165,0.1,68273.74,0.5,0.0,0.0,0.0,,,False,2026-08-19 20:50:00+00:00,95866,69483.74,sl,-71.0,0.0,0.0,-71.0,-1.0142857142857142,-20.59999999999127,183.02000000000407,-0.029428571428558956,0.26145714285714866,5,1500.0,10.0,152.5314285714256,306.1900671104055,newyork,Wed,20,False
1616,BTCUSDm,short,2026-08-19 20:55:00+00:00,95867,69084.76,0.1,69784.76,68084.76,700.0,close_above_upper,0.4008912947162845,0.1,68584.76,0.5,0.0,0.0,0.0,,,False,2026-08-19 21:05:00+00:00,95869,69794.76,sl,-71.0,0.0,0.0,-71.0,-1.0142857142857142,-338.0100000000093,132.41999999999825,-0.4828714285714419,0.18917142857142608,2,600.0,10.0,185.09357142856814,310.93234595396956,newyork,Wed,20,False
1617,BTCUSDm,short,2026-08-19 21:10:00+00:00,95870,69600.24,0.1,70300.24,68600.24,700.0,close_above_upper,1.2976196915700875,0.1,69100.24,0.5,0.0,0.0,0.0,,,False,2026-08-19 22:05:00+00:00,95881,69499.78,signal,10.04600000000064,0.0,0.0,10.04600000000064,0.14351428571429486,-454.58000000000175,469.5100000000093,-0.6494000000000025,0.6707285714285848,11,3300.0,10.0,265.15999999999724,320.54796499975674,rollover,Wed,21,False
1618,BTCUSDm,long,2026-08-19 22:35:00+00:00,95887,69038.41,0.1,68338.41,70038.41,700.0,close_below_lower,0.03240272401765068,0.1,69538.41,0.5,0.0,0.0,0.0,,,False,2026-08-19 23:05:00+00:00,95893,69303.61,signal,26.519999999999712,0.0,0.0,26.519999999999712,0.37885714285713873,-54.26000000000931,404.6100000000006,-0.07751428571429902,0.5780142857142866,6,1800.0,10.0,247.71928571428933,348.68005443351115,rollover,Wed,22,False
1619,BTCUSDm,short,2026-08-20 08:10:00+00:00,96002,70645.82,0.1,71345.82,69645.82,700.0,close_above_upper,1.1819563908381447,0.1,70145.82,0.5,0.0,0.0,0.0,,,False,2026-08-20 08:15:00+00:00,96003,71355.82,sl,-71.0,0.0,0.0,-71.0,-1.0142857142857142,-683.359999999986,46.060000000012224,-0.9762285714285515,0.06580000000001746,1,300.0,10.0,204.06642857143223,401.2752045116068,london,Thu,8,False
1620,BTCUSDm,short,2026-08-20 08:20:00+00:00,96004,71259.12,0.1,71959.12,70259.12,700.0,close_above_upper,1.8872618114454067,0.1,70759.12,0.5,0.0,0.0,0.0,,,False,2026-08-20 09:15:00+00:00,96015,71969.12,sl,-71.0,0.0,0.0,-71.0,-1.0142857142857142,-649.4900000000052,231.45999999999185,-0.9278428571428646,0.3306571428571312,11,3300.0,10.0,279.020714285718,412.0806075892083,london,Thu,8,False
1621,BTCUSDm,short,2026-08-20 10:20:00+00:00,96028,72335.69,0.1,72335.69,71335.69,700.0,close_above_upper,0.04788528949683425,0.05,71835.69,0.5,0.05,71845.69,24.5,96030.0,2026-08-20 10:30:00+00:00,True,2026-08-20 10:35:00+00:00,96031,71834.36,signal,49.56650000000009,0.0,0.0,49.56650000000009,0.7080928571428584,-104.83000000000175,599.2100000000064,-0.14975714285714536,0.8560142857142948,3,900.0,10.0,241.12071428571548,461.8867933068932,london,Thu,10,False
1622,BTCUSDm,short,2026-08-20 15:05:00+00:00,96085,72271.94,0.1,72971.94,71271.94,700.0,close_above_upper,0.22495939303817594,0.1,71771.94,0.5,0.0,0.0,0.0,,,False,2026-08-20 16:25:00+00:00,96101,72260.48,signal,1.1460000000006403,0.0,0.0,1.1460000000006403,0.016371428571437717,-529.9700000000012,351.1999999999971,-0.7571000000000017,0.5017142857142816,16,4800.0,10.0,260.63357142857006,496.9887074723382,overlap,Thu,15,False
1623,BTCUSDm,short,2026-08-21 01:20:00+00:00,96208,74612.73,0.1,75312.73,73612.73,700.0,close_above_upper,0.46190874385501574,0.1,74112.73,0.5,0.0,0.0,0.0,,,False,2026-08-21 01:45:00+00:00,96213,75322.73,sl,-71.0,0.0,0.0,-71.0,-1.0142857142857142,-415.7300000000105,379.4499999999971,-0.593900000000015,0.5420714285714244,5,1500.0,10.0,300.64642857142775,576.4910460858842,asian,Fri,1,False
1624,BTCUSDm,short,2026-08-21 01:50:00+00:00,96214,75542.75,0.1,75542.75,74542.75,700.0,close_above_upper,0.9411888148301708,0.05,75042.75,0.5,0.05,75052.75,24.5,96216.0,2026-08-21 02:00:00+00:00,True,2026-08-21 02:20:00+00:00,96220,74704.96,signal,66.38949999999969,0.0,0.0,66.38949999999969,0.9484214285714241,-26.070000000006985,917.7100000000064,-0.03724285714286712,1.3110142857142948,6,1800.0,10.0,369.22071428571405,600.1130242474411,asian,Fri,1,False
1625,BTCUSDm,short,2026-08-21 07:20:00+00:00,96280,76430.26,0.1,77130.26,75430.26,700.0,close_above_upper,0.22054314593794774,0.1,75930.26,0.5,0.0,0.0,0.0,,,False,2026-08-21 08:10:00+00:00,96290,77140.26,sl,-71.0,0.0,0.0,-71.0,-1.0142857142857142,-397.93000000000757,258.27999999999884,-0.5684714285714394,0.3689714285714269,10,3000.0,10.0,310.11928571428456,649.2982876934881,london,Fri,7,False
1626,BTCUSDm,short,2026-08-21 08:20:00+00:00,96292,77135.86,0.1,77835.86,76135.86,700.0,close_above_upper,0.0038617931906371875,0.1,76635.86,0.5,0.0,0.0,0.0,,,False,2026-08-21 08:45:00+00:00,96297,77845.86,sl,-71.0,0.0,0.0,-71.0,-1.0142857142857142,-655.8800000000047,239.24000000000524,-0.9369714285714352,0.34177142857143605,5,1500.0,10.0,369.49142857143096,664.987575978254,london,Fri,8,False
1627,BTCUSDm,short,2026-08-21 08:50:00+00:00,96298,77912.87,0.1,78612.87,76912.87,700.0,close_above_upper,0.2632870244203302,0.1,77412.87,0.5,0.0,0.0,0.0,,,False,2026-08-21 08:55:00+00:00,96299,78644.69,sl,-73.1820000000007,0.0,0.0,-73.1820000000007,-1.0454571428571529,-757.9100000000035,0.7200000000011642,-1.0827285714285764,0.0010285714285730916,1,300.0,10.0,372.7114285714321,672.9062330993373,london,Fri,8,False
1628,BTCUSDm,short,2026-08-21 09:00:00+00:00,96300,79244.25,0.1,79244.25,78244.25,700.0,close_above_upper,1.581622991604935,0.05,78744.25,0.5,0.05,77847.84,69.82050000000018,96301.0,2026-08-21 09:05:00+00:00,True,2026-08-21 09:05:00+00:00,96301,77847.84,tp,139.64100000000036,0.0,0.0,139.64100000000036,1.9948714285714337,-101.55999999999767,1658.4199999999983,-0.14508571428571096,2.369171428571426,1,300.0,10.0,457.2207142857172,681.3727197242272,london,Fri,9,False
1629,BTCUSDm,long,2026-08-21 11:35:00+00:00,96331,76474.74,0.1,76474.74,77474.74,700.0,close_below_lower,0.7639664591124561,0.05,76974.74,0.5,0.05,76974.74,25.0,96332.0,2026-08-21 11:40:00+00:00,True,2026-08-21 12:40:00+00:00,96344,77184.4,signal,60.48299999999945,0.0,0.0,60.48299999999945,0.8640428571428492,-13.010000000009313,776.4700000000012,-0.01858571428572759,1.1092428571428588,13,3900.0,10.0,315.64714285714166,603.4305833455151,london,Fri,11,False
1630,BTCUSDm,short,2026-08-21 21:35:00+00:00,96451,78409.66,0.1,79109.66,77409.66,700.0,close_above_upper,0.16837240375899526,0.1,77909.66,0.5,0.0,0.0,0.0,,,False,2026-08-21 22:35:00+00:00,96463,78300.63,signal,10.902999999999885,0.0,0.0,10.902999999999885,0.1557571428571412,-346.02999999999884,453.1399999999994,-0.4943285714285698,0.6473428571428563,12,3600.0,10.0,208.5378571428581,626.8632720252363,rollover,Fri,21,False
1631,BTCUSDm,long,2026-08-22 05:10:00+00:00,96542,77823.68,0.1,77123.68,78823.68,700.0,close_below_lower,0.05884812831613712,0.1,78323.68,0.5,0.0,0.0,0.0,,,False,2026-08-22 05:15:00+00:00,96543,77123.68,sl,-70.0,0.0,0.0,-70.0,-1.0,-1307.2199999999866,15.59000000001106,-1.8674571428571238,0.02227142857144437,1,300.0,10.0,218.75428571428347,595.1266088723512,asian,Sat,5,False
1632,BTCUSDm,long,2026-08-22 05:20:00+00:00,96544,76956.88,0.1,76956.88,77956.88,700.0,close_below_lower,1.052108997300193,0.05,77456.88,0.5,0.05,77456.88,25.0,96547.0,2026-08-22 05:35:00+00:00,True,2026-08-22 06:25:00+00:00,96557,77355.67,signal,44.93949999999968,0.0,0.0,44.93949999999968,0.6419928571428526,-205.68000000000757,602.3199999999924,-0.29382857142858226,0.860457142857132,13,3900.0,10.0,339.35928571428457,605.4896398300954,asian,Sat,5,False
1633,BTCUSDm,long,2026-08-23 05:10:00+00:00,96830,76302.85,0.1,75602.85,77302.85,700.0,close_below_lower,0.014224749445867524,0.1,76802.85,0.5,0.0,0.0,0.0,,,False,2026-08-23 05:15:00+00:00,96831,75602.85,sl,-70.0,0.0,0.0,-70.0,-1.0,-521.8400000000111,125.64999999999418,-0.7454857142857301,0.1794999999999917,1,300.0,10.0,192.37642857142887,423.7551869990113,asian,Sun,5,False
1634,BTCUSDm,long,2026-08-23 05:20:00+00:00,96832,76054.22,0.1,75354.22,77054.22,700.0,close_below_lower,0.23750731934713248,0.1,76554.22,0.5,0.0,0.0,0.0,,,False,2026-08-23 06:20:00+00:00,96844,76281.07,signal,22.685000000000585,0.0,0.0,22.685000000000585,0.32407142857143695,-207.80999999999767,275.99000000000524,-0.29687142857142523,0.39427142857143604,12,3600.0,10.0,246.22857142857225,421.91125015342425,asian,Sun,5,False
1635,BTCUSDm,short,2026-08-23 11:25:00+00:00,96905,77251.97,0.1,77951.97,76251.97,700.0,close_above_upper,0.11965234976063883,0.1,76751.97,0.5,0.0,0.0,0.0,,,False,2026-08-23 12:10:00+00:00,96914,77140.55,signal,11.141999999999825,0.0,0.0,11.141999999999825,0.15917142857142608,-140.99000000000524,197.85000000000582,-0.2014142857142932,0.28264285714286547,9,2700.0,10.0,137.57357142857032,376.0793500541728,london,Sun,11,False
1636,BTCUSDm,short,2026-08-23 13:20:00+00:00,96928,77621.67,0.1,78321.67,76621.67,700.0,close_above_upper,0.07665865136790877,0.1,77121.67,0.5,0.0,0.0,0.0,,,False,2026-08-23 14:10:00+00:00,96938,77415.36,signal,20.63099999999977,0.0,0.0,20.63099999999977,0.2947285714285681,-37.7100000000064,315.7299999999959,-0.053871428571437716,0.4510428571428513,10,3000.0,10.0,107.76285714285872,377.1937808476829,overlap,Sun,13,False
1637,BTCUSDm,long,2026-08-23 14:45:00+00:00,96945,77024.6,0.1,76324.6,78024.6,700.0,close_below_lower,0.049888028672829224,0.1,77524.6,0.5,0.0,0.0,0.0,,,False,2026-08-23 15:40:00+00:00,96956,77262.76,signal,23.815999999998894,0.0,0.0,23.815999999998894,0.3402285714285556,-125.9200000000128,298.3399999999965,-0.17988571428573258,0.426199999999995,11,3300.0,10.0,183.61142857142946,376.2471645070705,overlap,Sun,14,False
1638,BTCUSDm,short,2026-08-23 21:20:00+00:00,97024,77959.49,0.1,78659.49,76959.49,700.0,close_above_upper,0.4437903415654935,0.1,77459.49,0.5,0.0,0.0,0.0,,,False,2026-08-23 21:40:00+00:00,97028,77656.45,signal,30.304000000000816,0.0,0.0,30.304000000000816,0.43291428571429735,-91.8799999999901,368.7600000000093,-0.13125714285712872,0.5268000000000133,4,1200.0,10.0,96.24428571428663,316.51717489947504,rollover,Sun,21,False
1639,BTCUSDm,long,2026-08-24 00:45:00+00:00,97065,77238.15,0.1,76538.15,78238.15,700.0,close_below_lower,0.0038780481814003355,0.1,77738.15,0.5,0.0,0.0,0.0,,,False,2026-08-24 00:55:00+00:00,97067,77494.14,signal,25.599000000000526,0.0,0.0,25.599000000000526,0.3657000000000075,-102.19999999999709,282.40000000000873,-0.14599999999999586,0.4034285714285839,2,600.0,10.0,169.83357142857236,279.35961706405135,asian,Mon,0,False
1640,BTCUSDm,long,2026-08-24 02:00:00+00:00,97080,76922.09,0.1,76222.09,77922.09,700.0,close_below_lower,0.2835384213585775,0.1,77422.09,0.5,0.0,0.0,0.0,,,False,2026-08-24 02:15:00+00:00,97083,77352.05,signal,42.99600000000064,0.0,0.0,42.99600000000064,0.6142285714285806,-56.84999999999127,493.66999999999825,-0.08121428571427323,0.7052428571428546,3,900.0,10.0,176.72857142857018,287.0791572530221,asian,Mon,2,False
1641,BTCUSDm,short,2026-08-24 07:15:00+00:00,97143,77729.41,0.1,78429.41,76729.41,700.0,close_above_upper,0.10269898082457232,0.1,77229.41,0.5,0.0,0.0,0.0,,,False,2026-08-24 07:35:00+00:00,97147,77492.65,signal,23.676000000000933,0.0,0.0,23.676000000000933,0.33822857142858476,-2.8399999999965075,278.4600000000064,-0.004057142857137868,0.39780000000000915,4,1200.0,10.0,132.38499999999996,291.80814952306133,london,Mon,7,False
1642,BTCUSDm,long,2026-08-24 08:25:00+00:00,97157,76929.46,0.1,76229.46,77929.46,700.0,close_below_lower,0.3372041079719173,0.1,77429.46,0.5,0.0,0.0,0.0,,,False,2026-08-24 09:05:00+00:00,97165,77149.81,signal,22.03499999999913,0.0,0.0,22.03499999999913,0.31478571428570185,-117.73000000001048,242.59999999999127,-0.16818571428572926,0.3465714285714161,8,2400.0,10.0,137.0950000000001,297.60895963803284,london,Mon,8,False
1643,BTCUSDm,short,2026-08-24 10:15:00+00:00,97179,77812.23,0.1,78512.23,76812.23,700.0,close_above_upper,0.06538675028582361,0.1,77312.23,0.5,0.0,0.0,0.0,,,False,2026-08-24 10:45:00+00:00,97185,77712.79,signal,9.944000000000234,0.0,0.0,9.944000000000234,0.14205714285714618,-189.72000000000116,145.30999999999767,-0.2710285714285731,0.20758571428571096,6,1800.0,10.0,140.04999999999978,311.3459961899819,london,Mon,10,False
1644,BTCUSDm,short,2026-08-24 11:35:00+00:00,97195,78136.63,0.1,78836.63,77136.63,700.0,close_above_upper,0.08402014311263686,0.1,77636.63,0.5,0.0,0.0,0.0,,,False,2026-08-24 12:40:00+00:00,97208,78846.63,sl,-71.0,0.0,0.0,-71.0,-1.0142857142857142,-589.0299999999988,190.3700000000099,-0.8414714285714269,0.271957142857157,13,3900.0,10.0,170.81714285714406,316.2035421920024,london,Mon,11,False
1645,BTCUSDm,short,2026-08-24 12:45:00+00:00,97209,78713.76,0.1,79413.76,77713.76,700.0,close_above_upper,0.09635999874377299,0.1,78213.76,0.5,0.0,0.0,0.0,,,False,2026-08-24 13:10:00+00:00,97214,79423.76,sl,-71.0,0.0,0.0,-71.0,-1.0142857142857142,-597.1000000000058,22.65999999998894,-0.8530000000000083,0.03237142857141277,5,1500.0,10.0,263.3092857142869,335.3127195383986,overlap,Mon,12,False
1646,BTCUSDm,short,2026-08-24 13:15:00+00:00,97215,79201.92,0.1,79201.92,78201.92,700.0,close_above_upper,0.17913188743347416,0.05,78701.92,0.5,0.05,78711.92,24.5,97218.0,2026-08-24 13:30:00+00:00,True,2026-08-24 13:35:00+00:00,97219,78780.34,signal,45.57900000000009,0.0,0.0,45.57900000000009,0.6511285714285727,-15.809999999997672,664.6199999999953,-0.022585714285710958,0.9494571428571362,4,1200.0,10.0,259.5228571428597,352.02740143294113,overlap,Mon,13,False
1647,BTCUSDm,long,2026-08-24 13:45:00+00:00,97221,78269.83,0.1,78269.83,79269.83,700.0,close_below_lower,0.5975080193519406,0.05,78769.83,0.5,0.05,78769.83,25.0,97224.0,2026-08-24 14:00:00+00:00,True,2026-08-24 14:05:00+00:00,97225,78691.26,signal,46.07149999999965,0.0,0.0,46.07149999999965,0.6581642857142808,-451.91999999999825,576.5299999999988,-0.6455999999999975,0.8236142857142841,4,1200.0,10.0,308.36357142857014,357.13010336375737,overlap,Mon,13,False
1648,BTCUSDm,short,2026-08-24 14:15:00+00:00,97227,79169.75,0.1,79869.75,78169.75,700.0,close_above_upper,0.17377152525468972,0.1,78669.75,0.5,0.0,0.0,0.0,,,False,2026-08-24 15:20:00+00:00,97240,79879.75,sl,-71.0,0.0,0.0,-71.0,-1.0142857142857142,-654.6000000000058,332.6100000000006,-0.9351428571428655,0.47515714285714367,13,3900.0,10.0,334.9692857142841,365.39661212369276,overlap,Mon,14,False
1649,BTCUSDm,short,2026-08-24 15:25:00+00:00,97241,79883.82,0.1,80583.82,78883.82,700.0,close_above_upper,0.06254825991233345,0.1,79383.82,0.5,0.0,0.0,0.0,,,False,2026-08-24 15:40:00+00:00,97244,79549.14,signal,33.46800000000076,0.0,0.0,33.46800000000076,0.47811428571429654,-113.93999999998778,399.09000000001106,-0.1627714285714111,0.5701285714285872,3,900.0,10.0,349.7242857142836,386.5982238037476,overlap,Mon,15,False
1650,BTCUSDm,long,2026-08-24 16:55:00+00:00,97259,78937.59,0.1,78237.59,79937.59,700.0,close_below_lower,0.26888685528705025,0.1,79437.59,0.5,0.0,0.0,0.0,,,False,2026-08-24 18:05:00+00:00,97273,78890.3,signal,-4.72899999999936,0.0,0.0,-4.72899999999936,-0.06755714285713371,-491.77999999999884,249.7600000000093,-0.7025428571428555,0.35680000000001333,14,4200.0,10.0,266.4028571428581,404.84766487985434,newyork,Mon,16,False
1651,BTCUSDm,short,2026-08-25 00:45:00+00:00,97353,79354.17,0.1,80054.17,78354.17,700.0,close_above_upper,0.07663717958218146,0.1,78854.17,0.5,0.0,0.0,0.0,,,False,2026-08-25 01:55:00+00:00,97367,79612.4,signal,-25.822999999999595,0.0,0.0,-25.822999999999595,-0.36889999999999423,-618.8500000000058,45.270000000004075,-0.8840714285714368,0.06467142857143439,14,4200.0,10.0,161.1114285714284,407.6964162224806,asian,Tue,0,False
1652,BTCUSDm,short,2026-08-25 02:20:00+00:00,97372,80834.34,0.1,81534.34,79834.34,700.0,close_above_upper,1.2767646593649256,0.1,80334.34,0.5,0.0,0.0,0.0,,,False,2026-08-25 03:25:00+00:00,97385,80647.38,signal,18.695999999999184,0.0,0.0,18.695999999999184,0.26708571428570266,-430.070000000007,426.8899999999994,-0.6143857142857243,0.6098428571428564,13,3900.0,10.0,291.0278571428561,433.40243672461264,asian,Tue,2,False
1653,BTCUSDm,long,2026-08-25 07:50:00+00:00,97438,79861.77,0.1,79161.77,80861.77,700.0,close_below_lower,0.42233101871881623,0.1,80361.77,0.5,0.0,0.0,0.0,,,False,2026-08-25 08:25:00+00:00,97445,80100.66,signal,23.888999999999943,0.0,0.0,23.888999999999943,0.3412714285714277,-567.820000000007,303.679999999993,-0.8111714285714385,0.43382857142856146,7,2100.0,10.0,167.5442857142854,455.5412039759809,london,Tue,7,False
1654,BTCUSDm,long,2026-08-25 09:55:00+00:00,97463,79087.06,0.1,78387.06,80087.06,700.0,close_below_lower,0.40574808333981044,0.1,79587.06,0.5,0.0,0.0,0.0,,,False,2026-08-25 10:55:00+00:00,97475,79345.82,signal,25.876000000000932,0.0,0.0,25.876000000000932,0.3696571428571562,-120.63999999999942,381.58000000000175,-0.1723428571428563,0.5451142857142882,12,3600.0,10.0,207.88928571428656,473.86725580162704,london,Tue,9,False
1655,BTCUSDm,long,2026-08-25 20:50:00+00:00,97594,78238.67,0.1,77538.67,79238.67,700.0,close_below_lower,0.001825171297012535,0.1,78738.67,0.5,0.0,0.0,0.0,,,False,2026-08-25 21:20:00+00:00,97600,78441.25,signal,20.258000000000177,0.0,0.0,20.258000000000177,0.28940000000000254,-408.6499999999942,211.94000000000233,-0.583785714285706,0.3027714285714319,6,1800.0,10.0,177.85071428571766,509.94252252322406,newyork,Tue,20,False
1656,BTCUSDm,long,2026-08-26 15:05:00+00:00,97813,77662.08,0.1,76962.08,78662.08,700.0,close_below_lower,0.04251728466208534,0.1,78162.08,0.5,0.0,0.0,0.0,,,False,2026-08-26 15:30:00+00:00,97818,78140.15,signal,47.80699999999925,0.0,0.0,47.80699999999925,0.6829571428571322,-30.669999999998254,495.06999999999243,-0.04381428571428322,0.7072428571428463,5,1500.0,10.0,199.02642857142823,429.68662213409743,overlap,Wed,15,False
1657,BTCUSDm,short,2026-08-27 08:05:00+00:00,98017,79407.87,0.1,80107.87,78407.87,700.0,close_above_upper,0.5503895160451887,0.1,78907.87,0.5,0.0,0.0,0.0,,,False,2026-08-27 09:25:00+00:00,98033,80117.87,sl,-71.0,0.0,0.0,-71.0,-1.0142857142857142,-688.570000000007,143.59999999999127,-0.9836714285714385,0.20514285714284466,16,4800.0,10.0,101.93142857142708,325.26333252378873,london,Thu,8,False
1658,BTCUSDm,short,2026-08-27 09:30:00+00:00,98034,80486.12,0.1,80486.12,79486.12,700.0,close_above_upper,0.8080232710705352,0.05,79986.12,0.5,0.05,79996.12,24.5,98039.0,2026-08-27 09:55:00+00:00,True,2026-08-27 10:00:00+00:00,98040,79992.31,signal,49.190499999999886,0.0,0.0,49.190499999999886,0.7027214285714269,-39.80999999999767,582.3699999999953,-0.05687142857142524,0.8319571428571362,6,1800.0,10.0,178.93714285714253,345.406232594524,london,Thu,9,False
1659,BTCUSDm,long,2026-08-27 10:35:00+00:00,98047,79617.06,0.1,78917.06,80617.06,700.0,close_below_lower,0.0039601893379027095,0.1,80117.06,0.5,0.0,0.0,0.0,,,False,2026-08-27 11:15:00+00:00,98055,79744.15,signal,12.708999999999651,0.0,0.0,12.708999999999651,0.18155714285713787,-260.7399999999907,140.66999999999825,-0.372485714285701,0.20095714285714036,8,2400.0,10.0,222.1899999999992,352.1304782174199,london,Thu,10,False
1660,BTCUSDm,short,2026-08-27 14:05:00+00:00,98089,79680.75,0.1,80380.75,78680.75,700.0,close_above_upper,0.019296641762135486,0.1,79180.75,0.5,0.0,0.0,0.0,,,False,2026-08-27 14:40:00+00:00,98096,80390.75,sl,-71.0,0.0,0.0,-71.0,-1.0142857142857142,-590.5599999999977,339.8999999999942,-0.8436571428571396,0.48557142857142027,7,2100.0,10.0,192.87785714285877,353.8238719990747,overlap,Thu,14,False
1661,BTCUSDm,short,2026-08-27 14:45:00+00:00,98097,80362.06,0.1,81062.06,79362.06,700.0,close_above_upper,0.8189448227758029,0.1,79862.06,0.5,0.0,0.0,0.0,,,False,2026-08-27 15:50:00+00:00,98110,80358.85,signal,0.3209999999991851,0.0,0.0,0.3209999999991851,0.004585714285702644,-446.5100000000093,358.4899999999907,-0.6378714285714419,0.5121285714285582,13,3900.0,10.0,260.9635714285697,356.0795185605383,overlap,Thu,14,False
1662,BTCUSDm,long,2026-08-27 18:15:00+00:00,98139,80104.83,0.1,79404.83,81104.83,700.0,close_below_lower,0.10633285400086523,0.1,80604.83,0.5,0.0,0.0,0.0,,,False,2026-08-27 19:00:00+00:00,98148,80157.39,signal,5.2559999999997675,0.0,0.0,5.2559999999997675,0.07508571428571097,-361.6100000000006,107.11000000000058,-0.5165857142857151,0.15301428571428655,9,2700.0,10.0,172.5371428571421,362.7307157354132,newyork,Thu,18,False
1663,BTCUSDm,short,2026-08-28 01:20:00+00:00,98224,80980.35,0.1,81680.35,79980.35,700.0,close_above_upper,0.08732565907697723,0.1,80480.35,0.5,0.0,0.0,0.0,,,False,2026-08-28 01:50:00+00:00,98230,80738.2,signal,24.215000000000874,0.0,0.0,24.215000000000874,0.3459285714285839,-524.7999999999884,278.8600000000006,-0.7497142857142691,0.3983714285714294,6,1800.0,10.0,172.27571428571537,367.45429013448353,asian,Fri,1,False
1664,BTCUSDm,long,2026-08-28 02:15:00+00:00,98235,80248.21,0.1,79548.21,81248.21,700.0,close_below_lower,0.15910950380386527,0.1,80748.21,0.5,0.0,0.0,0.0,,,False,2026-08-28 03:25:00+00:00,98249,80059.0,signal,-18.921000000000642,0.0,0.0,-18.921000000000642,-0.2703000000000092,-537.5900000000111,60.55999999999767,-0.76798571428573,0.0865142857142824,14,4200.0,10.0,234.2985714285699,383.49318565058707,asian,Fri,2,False
1665,BTCUSDm,long,2026-08-28 14:05:00+00:00,98377,78820.54,0.1,78120.54,79820.54,700.0,close_below_lower,0.1742949680809124,0.1,79320.54,0.5,0.0,0.0,0.0,,,False,2026-08-28 14:35:00+00:00,98383,79276.12,signal,45.55800000000018,0.0,0.0,45.55800000000018,0.650828571428574,-393.54999999998836,458.08000000000175,-0.5622142857142691,0.6544000000000025,6,1800.0,10.0,228.97071428571613,378.95550536135755,overlap,Fri,14,False
1666,BTCUSDm,short,2026-08-28 14:40:00+00:00,98384,79474.45,0.1,80174.45,78474.45,700.0,close_above_upper,0.007888804634232085,0.1,78974.45,0.5,0.0,0.0,0.0,,,False,2026-08-28 15:35:00+00:00,98395,79200.56,signal,27.388999999999943,0.0,0.0,27.388999999999943,0.39127142857142777,-400.1000000000058,382.6399999999994,-0.5715714285714368,0.5466285714285706,11,3300.0,10.0,366.67357142857094,389.90370580595186,overlap,Fri,14,False
1667,BTCUSDm,long,2026-08-28 15:45:00+00:00,98397,78819.52,0.1,78119.52,79819.52,700.0,close_below_lower,0.18162063554334548,0.1,79319.52,0.5,0.0,0.0,0.0,,,False,2026-08-28 16:00:00+00:00,98400,78119.52,sl,-70.0,0.0,0.0,-70.0,-1.0,-513.4100000000035,106.83999999999651,-0.7334428571428622,0.15262857142856645,3,900.0,10.0,280.9657142857125,393.17618424483317,overlap,Fri,15,False
1668,BTCUSDm,long,2026-08-28 16:05:00+00:00,98401,78068.79,0.1,77368.79,79068.79,700.0,close_below_lower,1.155065351700372,0.1,78568.79,0.5,0.0,0.0,0.0,,,False,2026-08-28 16:20:00+00:00,98404,77368.79,sl,-70.0,0.0,0.0,-70.0,-1.0,-529.0899999999965,220.47000000000116,-0.7558428571428522,0.31495714285714455,3,900.0,10.0,257.8299999999966,407.62344571541195,newyork,Fri,16,False
1669,BTCUSDm,long,2026-08-28 16:25:00+00:00,98405,77112.8,0.1,77112.8,78112.8,700.0,close_below_lower,2.0019809938051774,0.05,77612.8,0.5,0.05,77612.8,25.0,98406.0,2026-08-28 16:30:00+00:00,True,2026-08-28 17:15:00+00:00,98415,77998.01,signal,69.2604999999996,0.0,0.0,69.2604999999996,0.9894357142857085,-254.41999999999825,927.1100000000006,-0.36345714285714037,1.324442857142858,10,3000.0,10.0,306.89285714285404,429.0457837259918,newyork,Fri,16,False
1670,BTCUSDm,short,2026-08-30 12:10:00+00:00,98930,78591.44,0.1,79291.44,77591.44,700.0,close_above_upper,1.5087404857827382,0.1,78091.44,0.5,0.0,0.0,0.0,,,False,2026-08-30 14:20:00+00:00,98956,78801.27,signal,-20.983000000000175,0.0,0.0,-20.983000000000175,-0.29975714285714533,-372.25999999999476,117.30000000000291,-0.5317999999999925,0.16757142857143273,26,7800.0,10.0,75.35928571428563,154.77925251208111,overlap,Sun,12,False
1671,BTCUSDm,short,2026-08-30 16:15:00+00:00,98979,79098.27,0.1,79798.27,78098.27,700.0,close_above_upper,0.688109253916408,0.1,78598.27,0.5,0.0,0.0,0.0,,,False,2026-08-30 17:20:00+00:00,98992,79007.1,signal,9.116999999999825,0.0,0.0,9.116999999999825,0.13024285714285463,-309.3799999999901,151.2600000000093,-0.4419714285714144,0.2160857142857276,13,3900.0,10.0,141.20214285714297,160.29119964429043,newyork,Sun,16,False
1672,BTCUSDm,long,2026-08-30 17:25:00+00:00,98993,78880.89,0.1,78180.89,79880.89,700.0,close_below_lower,0.4386392657848649,0.1,79380.89,0.5,0.0,0.0,0.0,,,False,2026-08-30 18:30:00+00:00,99006,78994.64,signal,11.375,0.0,0.0,11.375,0.1625,-133.35000000000582,195.11999999999534,-0.1905000000000083,0.27874285714285046,13,3900.0,10.0,149.96785714285423,165.64247527254787,newyork,Sun,17,False
1673,BTCUSDm,short,2026-08-30 18:35:00+00:00,99007,79149.86,0.1,79849.86,78149.86,700.0,close_above_upper,0.038781666063,0.1,78649.86,0.5,0.0,0.0,0.0,,,False,2026-08-30 19:05:00+00:00,99013,78994.21,signal,15.564999999999419,0.0,0.0,15.564999999999419,0.22235714285713457,-26.50999999999476,195.44000000000233,-0.03787142857142109,0.27920000000000333,6,1800.0,10.0,107.9914285714289,167.05722787024845,newyork,Sun,18,False
1674,BTCUSDm,long,2026-08-30 19:40:00+00:00,99020,78791.18,0.1,78091.18,79791.18,700.0,close_below_lower,0.07591401439488313,0.1,79291.18,0.5,0.0,0.0,0.0,,,False,2026-08-30 20:20:00+00:00,99028,78873.36,signal,8.218000000000757,0.0,0.0,8.218000000000757,0.11740000000001082,-94.85999999998603,122.3700000000099,-0.13551428571426577,0.17481428571429986,8,2400.0,10.0,83.95571428571462,167.79386412186815,newyork,Sun,19,False
1675,BTCUSDm,long,2026-08-30 20:45:00+00:00,99033,78490.6,0.1,77790.6,79490.6,700.0,close_below_lower,0.8979104473189379,0.1,78990.6,0.5,0.0,0.0,0.0,,,False,2026-08-30 21:35:00+00:00,99043,78704.34,signal,21.37399999999907,0.0,0.0,21.37399999999907,0.30534285714284387,-282.8000000000029,248.38999999999942,-0.40400000000000413,0.3548428571428563,10,3000.0,10.0,105.82714285714194,169.6952564494824,newyork,Sun,20,False
1676,BTCUSDm,long,2026-08-30 22:25:00+00:00,99053,78361.59,0.1,77661.59,79361.59,700.0,close_below_lower,0.2903903295354157,0.1,78861.59,0.5,0.0,0.0,0.0,,,False,2026-08-30 23:25:00+00:00,99065,77661.59,sl,-70.0,0.0,0.0,-70.0,-1.0,-542.7399999999907,181.41999999999825,-0.7753428571428438,0.25917142857142605,12,3600.0,10.0,134.1714285714292,176.77077121335478,rollover,Sun,22,False
1677,BTCUSDm,long,2026-08-30 23:30:00+00:00,99066,77681.23,0.1,76981.23,78681.23,700.0,close_below_lower,2.2924164726608383,0.1,78181.23,0.5,0.0,0.0,0.0,,,False,2026-08-30 23:45:00+00:00,99069,76981.23,sl,-70.0,0.0,0.0,-70.0,-1.0,-346.1100000000006,203.94000000000233,-0.49444285714285796,0.29134285714286046,3,900.0,10.0,189.42428571428692,186.5538806808932,rollover,Sun,23,False
1678,BTCUSDm,long,2026-08-30 23:50:00+00:00,99070,77371.5,0.1,77371.5,78371.5,700.0,close_below_lower,2.0848122640348716,0.05,77871.5,0.5,0.05,77871.5,25.0,99075.0,2026-08-31 00:15:00+00:00,True,2026-08-31 00:20:00+00:00,99076,77844.26,signal,48.637999999999735,0.0,0.0,48.637999999999735,0.6948285714285677,-15.639999999999418,527.3699999999953,-0.02234285714285631,0.7533857142857077,6,1800.0,10.0,244.95428571428678,199.06986376877308,rollover,Sun,23,False
1679,BTCUSDm,short,2026-08-31 00:25:00+00:00,99077,77962.37,0.1,78662.37,76962.37,700.0,close_above_upper,0.024359729946271277,0.1,77462.37,0.5,0.0,0.0,0.0,,,False,2026-08-31 01:05:00+00:00,99085,77765.42,signal,19.69499999999971,0.0,0.0,19.69499999999971,0.2813571428571387,-211.8700000000099,218.52999999999884,-0.3026714285714427,0.3121857142857126,8,2400.0,10.0,313.87785714285775,200.8786720731315,asian,Mon,0,False
1680,BTCUSDm,long,2026-08-31 01:10:00+00:00,99086,77645.34,0.1,76945.34,78645.34,700.0,close_below_lower,0.03525932365908388,0.1,78145.34,0.5,0.0,0.0,0.0,,,False,2026-08-31 01:25:00+00:00,99089,77836.14,signal,19.080000000000293,0.0,0.0,19.080000000000293,0.27257142857143274,-106.86000000000058,191.6999999999971,-0.15265714285714369,0.2738571428571387,3,900.0,10.0,181.70714285714453,207.02268845832822,asian,Mon,1,False
1681,BTCUSDm,long,2026-08-31 02:55:00+00:00,99107,77417.35,0.1,76717.35,78417.35,700.0,close_below_lower,0.4530425398117054,0.1,77917.35,0.5,0.0,0.0,0.0,,,False,2026-08-31 03:25:00+00:00,99113,77739.44,signal,32.208999999999655,0.0,0.0,32.208999999999655,0.4601285714285665,-53.70000000001164,327.86999999999534,-0.07671428571430235,0.46838571428570763,6,1800.0,10.0,134.35214285714133,212.51953290236457,asian,Mon,2,False
1682,BTCUSDm,short,2026-08-31 05:20:00+00:00,99136,78022.76,0.1,78722.76,77022.76,700.0,close_above_upper,0.6707810746939576,0.1,77522.76,0.5,0.0,0.0,0.0,,,False,2026-08-31 06:35:00+00:00,99151,77952.77,signal,6.998999999999069,0.0,0.0,6.998999999999069,0.09998571428570098,-124.36000000000058,192.80999999999767,-0.17765714285714368,0.2754428571428538,15,4500.0,10.0,123.86142857142944,223.8946118912238,asian,Mon,5,False
1683,BTCUSDm,short,2026-08-31 09:00:00+00:00,99180,78455.06,0.1,79155.06,77455.06,700.0,close_above_upper,0.009444035366943798,0.1,77955.06,0.5,0.0,0.0,0.0,,,False,2026-08-31 09:55:00+00:00,99191,78550.63,signal,-9.557000000000698,0.0,0.0,-9.557000000000698,-0.1365285714285814,-333.9799999999959,86.06999999999243,-0.4771142857142799,0.12295714285713205,11,3300.0,10.0,125.93357142857192,235.2565429474907,london,Mon,9,False
1684,BTCUSDm,long,2026-08-31 12:30:00+00:00,99222,78071.6,0.1,77371.6,79071.6,700.0,close_below_lower,0.1474371918863833,0.1,78571.6,0.5,0.0,0.0,0.0,,,False,2026-08-31 13:15:00+00:00,99231,78053.71,signal,-1.788999999999942,0.0,0.0,-1.788999999999942,-0.02555714285714203,-408.0600000000122,104.08999999999651,-0.5829428571428746,0.148699999999995,9,2700.0,10.0,126.50428571428763,254.32073440438816,overlap,Mon,12,False
1685,BTCUSDm,short,2026-08-31 14:45:00+00:00,99249,78490.31,0.1,79190.31,77490.31,700.0,close_above_upper,0.8313563806836236,0.1,77990.31,0.5,0.0,0.0,0.0,,,False,2026-08-31 15:20:00+00:00,99256,78248.0,signal,24.230999999999767,0.0,0.0,24.230999999999767,0.34615714285713955,-180.52999999999884,307.50999999999476,-0.25789999999999835,0.43929999999999253,7,2100.0,10.0,278.16214285713795,268.09484338266657,overlap,Mon,14,False
1686,BTCUSDm,short,2026-08-31 15:45:00+00:00,99261,78677.02,0.1,79377.02,77677.02,700.0,close_above_upper,0.051056753463292935,0.1,78177.02,0.5,0.0,0.0,0.0,,,False,2026-08-31 16:40:00+00:00,99272,78577.1,signal,9.991999999999827,0.0,0.0,9.991999999999827,0.14274285714285467,-106.55999999999767,195.08000000000175,-0.1522285714285681,0.27868571428571676,11,3300.0,10.0,229.35214285714235,280.9902194380178,overlap,Mon,15,False
1687,BTCUSDm,short,2026-09-01 03:40:00+00:00,99392,78819.76,0.1,79519.76,77819.76,700.0,close_above_upper,0.09168641714306063,0.1,78319.76,0.5,0.0,0.0,0.0,,,False,2026-09-01 04:45:00+00:00,99405,78691.09,signal,12.866999999999827,0.0,0.0,12.866999999999827,0.18381428571428324,-80.34000000001106,210.16999999999825,-0.11477142857144437,0.30024285714285465,13,3900.0,10.0,105.2085714285713,324.6706319670605,asian,Tue,3,False
1688,BTCUSDm,long,2026-09-01 08:10:00+00:00,99446,78297.11,0.1,77597.11,79297.11,700.0,close_below_lower,0.02758180617784679,0.1,78797.11,0.5,0.0,0.0,0.0,,,False,2026-09-01 09:25:00+00:00,99461,77951.11,signal,-34.6,0.0,0.0,-34.6,-0.49428571428571433,-552.3500000000058,30.39999999999418,-0.7890714285714369,0.043428571428563115,15,4500.0,10.0,110.95857142857338,332.82415666652554,london,Tue,8,False
1689,BTCUSDm,short,2026-09-01 14:10:00+00:00,99518,78318.63,0.1,79018.63,77318.63,700.0,close_above_upper,0.10546707953888668,0.1,77818.63,0.5,0.0,0.0,0.0,,,False,2026-09-01 15:00:00+00:00,99528,78149.55,signal,16.908000000000175,0.0,0.0,16.908000000000175,0.24154285714285964,-80.61999999999534,219.0500000000029,-0.11517142857142192,0.3129285714285756,10,3000.0,10.0,252.56714285714406,347.1064708684409,overlap,Tue,14,False
1690,BTCUSDm,long,2026-09-01 15:10:00+00:00,99530,77764.73,0.1,77064.73,78764.73,700.0,close_below_lower,0.06830984072097246,0.1,78264.73,0.5,0.0,0.0,0.0,,,False,2026-09-01 15:50:00+00:00,99538,78027.66,signal,26.29300000000076,0.0,0.0,26.29300000000076,0.37561428571429656,-75.17999999999302,271.2300000000105,-0.10739999999999002,0.38747142857144357,8,2400.0,10.0,183.55142857142658,355.9256616927486,overlap,Tue,15,False
1691,BTCUSDm,long,2026-09-01 18:40:00+00:00,99572,76673.47,0.1,75973.47,77673.47,700.0,close_below_lower,0.3950531261215331,0.1,77173.47,0.5,0.0,0.0,0.0,,,False,2026-09-01 19:00:00+00:00,99576,77128.74,signal,45.52700000000041,0.0,0.0,45.52700000000041,0.6503857142857202,-308.0500000000029,459.2700000000041,-0.4400714285714327,0.6561000000000058,4,1200.0,10.0,185.83428571428314,352.45580614675737,newyork,Tue,18,False
1692,BTCUSDm,long,2026-09-02 08:45:00+00:00,99741,76935.1,0.1,76235.1,77935.1,700.0,close_below_lower,0.07492632491071935,0.1,77435.1,0.5,0.0,0.0,0.0,,,False,2026-09-02 10:50:00+00:00,99766,76235.1,sl,-70.0,0.0,0.0,-70.0,-1.0,-555.9200000000128,78.63999999999942,-0.7941714285714468,0.11234285714285631,25,7500.0,10.0,105.84214285714448,345.0738269841662,london,Wed,8,False
1693,BTCUSDm,short,2026-09-02 13:45:00+00:00,99801,77345.3,0.1,78045.3,76345.3,700.0,close_above_upper,0.5750443775510917,0.1,76845.3,0.5,0.0,0.0,0.0,,,False,2026-09-02 14:55:00+00:00,99815,77093.68,signal,25.16200000000099,0.0,0.0,25.16200000000099,0.359457142857157,-122.13999999999942,404.77999999999884,-0.17448571428571347,0.5782571428571412,14,4200.0,10.0,179.71142857142695,346.2775938222036,overlap,Wed,13,False
1694,BTCUSDm,short,2026-09-03 02:35:00+00:00,99955,77839.76,0.1,78539.76,76839.76,700.0,close_above_upper,0.25745419497976185,0.1,77339.76,0.5,0.0,0.0,0.0,,,False,2026-09-03 03:30:00+00:00,99966,77714.43,signal,12.533000000000175,0.0,0.0,12.533000000000175,0.17904285714285964,-36.19000000000233,180.5,-0.05170000000000333,0.25785714285714284,11,3300.0,10.0,150.42785714285856,337.74426311779115,asian,Thu,2,False
1695,BTCUSDm,long,2026-09-03 05:30:00+00:00,99990,77184.16,0.1,76484.16,78184.16,700.0,close_below_lower,0.06941968952752328,0.1,77684.16,0.5,0.0,0.0,0.0,,,False,2026-09-03 05:50:00+00:00,99994,77475.48,signal,29.131999999999245,0.0,0.0,29.131999999999245,0.41617142857141776,-49.41000000000349,309.4899999999907,-0.07058571428571928,0.4421285714285581,4,1200.0,10.0,118.4028571428571,345.1813097163752,asian,Thu,5,False
1696,BTCUSDm,short,2026-09-03 07:05:00+00:00,100009,78094.74,0.1,78794.74,77094.74,700.0,close_above_upper,0.02160550798220196,0.1,77594.74,0.5,0.0,0.0,0.0,,,False,2026-09-03 07:45:00+00:00,100017,77866.92,signal,22.7820000000007,0.0,0.0,22.7820000000007,0.3254571428571529,-52.25999999999476,277.54000000000815,-0.07465714285713537,0.39648571428572593,8,2400.0,10.0,105.42000000000242,350.9227727066199,london,Thu,7,False
1697,BTCUSDm,short,2026-09-03 12:40:00+00:00,100076,78321.32,0.1,79021.32,77321.32,700.0,close_above_upper,0.059857832765873385,0.1,77821.32,0.5,0.0,0.0,0.0,,,False,2026-09-03 14:15:00+00:00,100095,79031.32,sl,-71.0,0.0,0.0,-71.0,-1.0142857142857142,-667.0299999999988,119.35000000000582,-0.9528999999999983,0.1705000000000083,19,5700.0,10.0,140.22285714285368,320.23969747206866,overlap,Thu,12,False
1698,BTCUSDm,short,2026-09-03 14:25:00+00:00,100097,79353.39,0.1,80053.39,78353.39,700.0,close_above_upper,0.5341654271673767,0.1,78853.39,0.5,0.0,0.0,0.0,,,False,2026-09-03 14:45:00+00:00,100101,80063.39,sl,-71.0,0.0,0.0,-71.0,-1.0142857142857142,-522.1800000000076,16.05999999999767,-0.7459714285714394,0.022942857142853816,4,1200.0,10.0,200.1107142857145,337.91919173603617,overlap,Thu,14,False
1699,BTCUSDm,short,2026-09-03 14:50:00+00:00,100102,80342.88,0.1,81042.88,79342.88,700.0,close_above_upper,1.8377110531269727,0.1,79842.88,0.5,0.0,0.0,0.0,,,False,2026-09-03 15:50:00+00:00,100114,81052.88,sl,-71.0,0.0,0.0,-71.0,-1.0142857142857142,-670.5599999999977,258.1399999999994,-0.9579428571428538,0.36877142857142775,12,3600.0,10.0,261.4800000000011,357.8482912195458,overlap,Thu,14,False
1700,BTCUSDm,short,2026-09-03 15:55:00+00:00,100115,81277.2,0.1,81277.2,80277.2,700.0,close_above_upper,0.5383267914864516,0.05,80777.2,0.5,0.05,80787.2,24.5,100119.0,2026-09-03 16:15:00+00:00,True,2026-09-03 16:20:00+00:00,100120,80716.28,signal,52.545999999999914,0.0,0.0,52.545999999999914,0.7506571428571416,-94.36000000000058,577.8499999999913,-0.13480000000000084,0.8254999999999876,5,1500.0,10.0,329.6435714285752,396.6671504745725,overlap,Thu,15,False
1701,BTCUSDm,short,2026-09-03 21:35:00+00:00,100183,82078.29,0.1,82078.29,81078.29,700.0,close_above_upper,0.2500947277259676,0.05,81578.29,0.5,0.05,81588.29,24.5,100184.0,2026-09-03 21:40:00+00:00,True,2026-09-03 21:45:00+00:00,100185,81537.63,signal,51.53299999999945,0.0,0.0,51.53299999999945,0.7361857142857063,-6.120000000009895,556.3999999999942,-0.008742857142871279,0.7948571428571345,2,600.0,10.0,199.1692857142854,399.20472228067865,rollover,Thu,21,False
