trade_id,symbol,side,entry_time,entry_index,entry_price,volume,sl_price,tp_price,r_price,entry_reason,signal_strength,remaining_volume,be_trigger_price,partial_fraction,partial_volume,partial_price,partial_pl,partial_index,partial_time,be_moved,exit_time,exit_index,exit_price,exit_reason,gross_pl,commission,swap,net_pl,pnl_r,mae_price,mfe_price,mae_r,mfe_r,bars_held,duration_s,spread_at_entry,atr_at_entry,band_at_entry,session,day_of_week,hour_utc,is_open
1,XAUUSDm,short,2025-09-01 01:50:00+00:00,1020,3448.495,0.1,3455.495,3438.495,7.0,close_above_upper,0.027890315428381038,0.1,3443.495,0.5,0.0,0.0,0.0,,,False,2025-09-01 01:55:00+00:00,1021,3455.6549999999997,sl,-71.59999999999854,0.0,0.0,-71.59999999999854,-1.022857142857122,-3.14200000000028,0.23799999999982901,-0.44885714285718287,0.03399999999997557,1,300.0,0.16,2.587785714285766,5.684006656911838,asian,Mon,1,False
2,XAUUSDm,short,2025-09-01 02:00:00+00:00,1022,3457.272,0.1,3464.272,3447.272,7.0,close_above_upper,1.1504235159489697,0.1,3452.272,0.5,0.0,0.0,0.0,,,False,2025-09-01 02:05:00+00:00,1023,3464.432,sl,-71.59999999999854,0.0,0.0,-71.59999999999854,-1.022857142857122,-1.3609999999998763,2.1019999999998618,-0.19442857142855377,0.30028571428569456,1,300.0,0.16,3.294642857142922,5.7809483178858745,asian,Mon,2,False
3,XAUUSDm,short,2025-09-01 02:10:00+00:00,1024,3466.404,0.1,3466.404,3456.404,7.0,close_above_upper,2.011485299355914,0.05,3461.404,0.5,0.05,3458.7599999999998,38.220000000001164,1025.0,2025-09-01 02:15:00+00:00,True,2025-09-01 02:15:00+00:00,1025,3456.564,tp,87.42000000000189,0.0,0.0,87.42000000000189,1.24885714285717,-1.2130000000001928,8.32699999999977,-0.17328571428574183,1.1895714285713959,1,300.0,0.16,4.361928571428637,5.945023267455564,asian,Mon,2,False
4,XAUUSDm,short,2025-09-01 02:20:00+00:00,1026,3459.947,0.1,3466.947,3449.947,7.0,close_above_upper,0.4380346756411136,0.1,3454.947,0.5,0.0,0.0,0.0,,,False,2025-09-01 02:25:00+00:00,1027,3467.107,sl,-71.59999999999854,0.0,0.0,-71.59999999999854,-1.022857142857122,-2.8919999999998254,2.144999999999982,-0.4131428571428322,0.30642857142856883,1,300.0,0.16,4.887285714285781,6.042465550789711,asian,Mon,2,False
5,XAUUSDm,short,2025-09-01 02:30:00+00:00,1028,3466.37,0.1,3473.37,3456.37,7.0,close_above_upper,0.9234221435393478,0.1,3461.37,0.5,0.0,0.0,0.0,,,False,2025-09-01 02:40:00+00:00,1030,3473.5299999999997,sl,-71.59999999999854,0.0,0.0,-71.59999999999854,-1.022857142857122,-6.0,0.9519999999997708,-0.8571428571428571,0.13599999999996726,2,600.0,0.16,5.548357142857152,6.121093923516748,asian,Mon,2,False
6,XAUUSDm,short,2025-09-01 02:45:00+00:00,1031,3475.431,0.1,3482.431,3465.431,7.0,close_above_upper,1.3377959380059532,0.1,3470.431,0.5,0.0,0.0,0.0,,,False,2025-09-01 02:55:00+00:00,1033,3482.591,sl,-71.59999999999854,0.0,0.0,-71.59999999999854,-1.022857142857122,-3.1729999999997744,1.1159999999999854,-0.45328571428568204,0.15942857142856934,2,600.0,0.16,5.934428571428563,6.30756875670312,asian,Mon,2,False
7,XAUUSDm,short,2025-09-01 03:00:00+00:00,1034,3483.592,0.1,3483.592,3473.592,7.0,close_above_upper,1.521741220467435,0.05,3478.592,0.5,0.05,3478.752,24.200000000000728,1035.0,2025-09-01 03:05:00+00:00,True,2025-09-01 03:10:00+00:00,1036,3473.752,tp,73.40000000000146,0.0,0.0,73.40000000000146,1.0485714285714494,-2.5149999999998727,9.715999999999894,-0.3592857142856961,1.387999999999985,2,600.0,0.16,6.3289285714285075,6.505862019791644,asian,Mon,3,False
8,XAUUSDm,long,2025-09-01 07:20:00+00:00,1086,3474.406,0.1,3467.406,3484.406,7.0,close_below_lower,0.06939787080453894,0.1,3479.406,0.5,0.0,0.0,0.0,,,False,2025-09-01 08:00:00+00:00,1094,3477.851,cross_center,34.45000000000164,0.0,0.0,34.45000000000164,0.49214285714288053,-6.570000000000164,3.6530000000002474,-0.9385714285714519,0.5218571428571782,8,2400.0,0.16,3.623928571428548,6.788663645734976,london,Mon,7,False
9,XAUUSDm,short,2025-09-01 13:10:00+00:00,1156,3477.455,0.1,3484.455,3467.455,7.0,close_above_upper,0.08237320884841239,0.1,3472.455,0.5,0.0,0.0,0.0,,,False,2025-09-01 14:00:00+00:00,1166,3475.46,cross_center,19.94999999999891,0.0,0.0,19.94999999999891,0.28499999999998443,-1.6289999999999054,2.3640000000000327,-0.2327142857142722,0.3377142857142904,10,3000.0,0.16,2.2842142857142074,6.3822946124063655,overlap,Mon,13,False
10,XAUUSDm,short,2025-09-02 01:15:00+00:00,1256,3488.835,0.1,3495.835,3478.835,7.0,close_above_upper,0.08666238174527137,0.1,3483.835,0.5,0.0,0.0,0.0,,,False,2025-09-02 01:20:00+00:00,1257,3495.995,sl,-71.59999999999854,0.0,0.0,-71.59999999999854,-1.022857142857122,-5.61200000000008,0.7130000000001928,-0.8017142857142971,0.1018571428571704,1,300.0,0.16,2.960642857142862,6.609298197299578,asian,Tue,1,False
11,XAUUSDm,short,2025-09-02 01:25:00+00:00,1258,3494.412,0.1,3501.412,3484.412,7.0,close_above_upper,0.550120591738038,0.1,3489.412,0.5,0.0,0.0,0.0,,,False,2025-09-02 01:40:00+00:00,1261,3501.5719999999997,sl,-71.59999999999854,0.0,0.0,-71.59999999999854,-1.022857142857122,-4.9900000000002365,0.9829999999997199,-0.7128571428571766,0.1404285714285314,3,900.0,0.16,3.277928571428642,6.7284614238865155,asian,Tue,1,False
12,XAUUSDm,short,2025-09-02 01:45:00+00:00,1262,3502.436,0.1,3502.436,3492.436,7.0,close_above_upper,0.7363131408670854,0.05,3497.436,0.5,0.05,3494.0,42.180000000000746,1263.0,2025-09-02 01:50:00+00:00,True,2025-09-02 01:50:00+00:00,1263,3492.596,tp,91.38000000000147,0.0,0.0,91.38000000000147,1.3054285714285925,-6.304999999999836,10.115000000000236,-0.9007142857142624,1.4450000000000338,1,300.0,0.16,3.7195714285715633,6.980620505044292,asian,Tue,1,False
13,XAUUSDm,long,2025-09-02 07:55:00+00:00,1336,3474.783,0.1,3467.783,3484.783,7.0,close_below_lower,0.11818728352193192,0.1,3479.783,0.5,0.0,0.0,0.0,,,False,2025-09-02 08:35:00+00:00,1344,3477.918,cross_center,31.350000000002183,0.0,0.0,31.350000000002183,0.44785714285717404,-4.565000000000055,3.9670000000000982,-0.6521428571428649,0.5667142857142997,8,2400.0,0.16,3.381571428571403,7.318597345802619,london,Tue,7,False
14,XAUUSDm,short,2025-09-02 12:05:00+00:00,1386,3493.108,0.1,3493.108,3483.108,7.0,close_above_upper,0.10680900036868297,0.05,3488.108,0.5,0.05,3488.268,24.200000000000728,1388.0,2025-09-02 12:15:00+00:00,True,2025-09-02 12:15:00+00:00,1388,3483.268,tp,73.40000000000146,0.0,0.0,73.40000000000146,1.0485714285714494,-0.15599999999994907,3.6970000000001164,-0.02228571428570701,0.5281428571428738,2,600.0,0.16,2.7066428571428918,7.397521390607499,overlap,Tue,12,False
15,XAUUSDm,long,2025-09-02 12:40:00+00:00,1393,3475.2239999999997,0.1,3475.2239999999997,3485.224,7.0,close_below_lower,0.32132801578120007,0.05,3480.224,0.5,0.05,3480.224,25.000000000002274,1394.0,2025-09-02 12:45:00+00:00,True,2025-09-02 12:50:00+00:00,1395,3485.224,tp,75.00000000000455,0.0,0.0,75.00000000000455,1.0714285714286365,-1.0339999999996508,5.4330000000004475,-0.1477142857142358,0.7761428571429211,2,600.0,0.16,4.218214285714339,7.274874792263618,overlap,Tue,12,False
16,XAUUSDm,short,2025-09-02 14:05:00+00:00,1410,3493.021,0.1,3500.021,3483.021,7.0,close_above_upper,0.03807357890551881,0.1,3488.021,0.5,0.0,0.0,0.0,,,False,2025-09-02 14:20:00+00:00,1413,3500.181,sl,-71.59999999999854,0.0,0.0,-71.59999999999854,-1.022857142857122,-6.630999999999858,3.5570000000002437,-0.947285714285694,0.508142857142892,3,900.0,0.16,5.233499999999984,6.9688971471822265,overlap,Tue,14,False
17,XAUUSDm,short,2025-09-02 14:25:00+00:00,1414,3500.91,0.1,3500.91,3490.91,7.0,close_above_upper,0.36121627609311274,0.05,3495.91,0.5,0.05,3496.0699999999997,24.200000000000728,1415.0,2025-09-02 14:30:00+00:00,True,2025-09-02 14:35:00+00:00,1416,3501.0699999999997,be_stop,23.400000000001455,0.0,0.0,23.400000000001455,0.33428571428573506,-3.867000000000189,5.527000000000044,-0.5524285714285985,0.7895714285714348,2,600.0,0.16,5.511714285714269,7.111318582582154,overlap,Tue,14,False
18,XAUUSDm,short,2025-09-02 14:40:00+00:00,1417,3503.467,0.1,3510.467,3493.467,7.0,close_above_upper,0.13964034224825012,0.1,3498.467,0.5,0.0,0.0,0.0,,,False,2025-09-02 14:45:00+00:00,1418,3510.747,sl,-72.79999999999745,0.0,0.0,-72.79999999999745,-1.0399999999999636,-7.152000000000044,0.27300000000013824,-1.021714285714292,0.03900000000001975,1,300.0,0.16,5.923928571428568,7.224953618759912,overlap,Tue,14,False
19,XAUUSDm,short,2025-09-02 14:50:00+00:00,1419,3510.066,0.1,3517.066,3500.066,7.0,close_above_upper,0.5170826118329335,0.1,3505.066,0.5,0.0,0.0,0.0,,,False,2025-09-02 15:45:00+00:00,1430,3517.2259999999997,sl,-71.59999999999854,0.0,0.0,-71.59999999999854,-1.022857142857122,-6.585000000000036,2.1039999999998145,-0.9407142857142909,0.30057142857140207,11,3300.0,0.16,5.79757142857144,7.356700992898043,overlap,Tue,14,False
20,XAUUSDm,short,2025-09-02 16:15:00+00:00,1436,3526.148,0.1,3526.148,3516.148,7.0,close_above_upper,0.1576607688873815,0.05,3521.148,0.5,0.05,3521.308,24.200000000000728,1437.0,2025-09-02 16:20:00+00:00,True,2025-09-02 16:30:00+00:00,1439,3526.308,be_stop,23.400000000001455,0.0,0.0,23.400000000001455,0.33428571428573506,-0.19699999999966167,6.144999999999982,-0.02814285714280881,0.8778571428571402,3,900.0,0.16,3.546785714285664,7.848031391246873,newyork,Tue,16,False
21,XAUUSDm,short,2025-09-03 00:25:00+00:00,1522,3544.259,0.1,3544.259,3534.259,7.0,close_above_upper,0.6021621117830354,0.05,3539.259,0.5,0.05,3537.174,35.42500000000018,1523.0,2025-09-03 00:30:00+00:00,True,2025-09-03 01:00:00+00:00,1529,3536.234,cross_center,75.55000000000064,0.0,0.0,75.55000000000064,1.0792857142857233,-2.6909999999998035,9.289999999999964,-0.38442857142854336,1.3271428571428519,7,2100.0,0.16,2.9404285714285834,8.08553069049303,asian,Wed,0,False
22,XAUUSDm,short,2025-09-03 13:15:00+00:00,1676,3556.964,0.1,3556.964,3546.964,7.0,close_above_upper,0.002675147447479241,0.05,3551.964,0.5,0.05,3552.124,24.200000000000728,1680.0,2025-09-03 13:35:00+00:00,True,2025-09-03 13:45:00+00:00,1682,3551.7909999999997,cross_center,50.065000000001874,0.0,0.0,50.065000000001874,0.7152142857143124,-4.413000000000011,7.5949999999998,-0.630428571428573,1.0849999999999713,6,1800.0,0.16,3.9130714285714214,7.540776652109731,overlap,Wed,13,False
23,XAUUSDm,short,2025-09-03 14:25:00+00:00,1690,3564.62,0.1,3564.62,3554.62,7.0,close_above_upper,0.16344707614751028,0.05,3559.62,0.5,0.05,3559.7799999999997,24.200000000000728,1691.0,2025-09-03 14:30:00+00:00,True,2025-09-03 14:50:00+00:00,1695,3554.7799999999997,tp,73.40000000000146,0.0,0.0,73.40000000000146,1.0485714285714494,-0.9520000000002256,5.7280000000000655,-0.13600000000003223,0.8182857142857236,5,1500.0,0.16,5.204642857142874,7.718312491691709,overlap,Wed,14,False
24,XAUUSDm,long,2025-09-04 01:40:00+00:00,1813,3544.243,0.1,3544.243,3554.243,7.0,close_below_lower,0.41598622158485904,0.05,3549.243,0.5,0.05,3549.243,25.0,1817.0,2025-09-04 02:00:00+00:00,True,2025-09-04 02:05:00+00:00,1818,3544.243,be_stop,25.0,0.0,0.0,25.0,0.35714285714285715,-0.650000000000091,6.288000000000011,-0.09285714285715585,0.8982857142857158,5,1500.0,0.16,3.5799285714285816,8.202665436254442,asian,Thu,1,False
25,XAUUSDm,long,2025-09-04 02:50:00+00:00,1827,3531.132,0.1,3524.132,3541.132,7.0,close_below_lower,0.45677448679005495,0.1,3536.132,0.5,0.0,0.0,0.0,,,False,2025-09-04 03:10:00+00:00,1831,3524.132,sl,-70.0,0.0,0.0,-70.0,-1.0,-4.787000000000262,1.22400000000016,-0.6838571428571802,0.17485714285716572,4,1200.0,0.16,4.1532142857142516,8.362759518147357,asian,Thu,2,False
26,XAUUSDm,long,2025-09-04 03:15:00+00:00,1832,3515.303,0.1,3515.303,3525.303,7.0,close_below_lower,1.2451272834606364,0.05,3520.303,0.5,0.05,3522.697,36.970000000001164,1833.0,2025-09-04 03:20:00+00:00,True,2025-09-04 03:20:00+00:00,1833,3525.303,tp,86.97000000000116,0.0,0.0,86.97000000000116,1.242428571428588,-0.6410000000000764,8.853000000000065,-0.09157142857143949,1.264714285714295,1,300.0,0.16,5.533571428571382,8.639466034739137,asian,Thu,3,False
27,XAUUSDm,short,2025-09-04 13:40:00+00:00,1957,3557.908,0.1,3557.908,3547.908,7.0,close_above_upper,0.1780900926351992,0.05,3552.908,0.5,0.05,3550.995,34.565000000000055,1958.0,2025-09-04 13:45:00+00:00,True,2025-09-04 13:45:00+00:00,1958,3548.0679999999998,tp,83.76500000000078,0.0,0.0,83.76500000000078,1.1966428571428682,-0.2919999999999163,8.663000000000011,-0.04171428571427376,1.23757142857143,1,300.0,0.16,4.374357142857044,7.371783879753199,overlap,Thu,13,False
28,XAUUSDm,long,2025-09-04 14:05:00+00:00,1962,3537.141,0.1,3537.141,3547.141,7.0,close_below_lower,0.4840290297054573,0.05,3542.141,0.5,0.05,3542.141,25.0,1963.0,2025-09-04 14:10:00+00:00,True,2025-09-04 14:20:00+00:00,1965,3537.141,be_stop,25.0,0.0,0.0,25.0,0.35714285714285715,-0.15999999999985448,9.150000000000091,-0.022857142857122068,1.30714285714287,3,900.0,0.16,5.445785714285648,7.4577538877069465,overlap,Thu,14,False
29,XAUUSDm,short,2025-09-04 23:55:00+00:00,2068,3554.105,0.1,3554.105,3544.105,7.0,close_above_upper,0.06989451664525878,0.05,3549.105,0.5,0.05,3549.265,24.200000000000728,2072.0,2025-09-05 00:15:00+00:00,True,2025-09-05 00:30:00+00:00,2075,3554.265,be_stop,23.400000000001455,0.0,0.0,23.400000000001455,0.33428571428573506,-2.400000000000091,5.135999999999967,-0.34285714285715585,0.733714285714281,7,2100.0,0.16,2.3590714285714967,7.4717447610315055,rollover,Thu,23,False
30,XAUUSDm,short,2025-09-05 12:35:00+00:00,2220,3577.156,0.1,3584.156,3567.156,7.0,close_above_upper,2.3312997982729393,0.1,3572.156,0.5,0.0,0.0,0.0,,,False,2025-09-05 12:40:00+00:00,2221,3584.673,sl,-75.16999999999825,0.0,0.0,-75.16999999999825,-1.073857142857118,-8.963000000000193,2.9850000000001273,-1.280428571428599,0.42642857142858964,1,300.0,0.16,4.680357142857117,6.842730712480617,overlap,Fri,12,False
31,XAUUSDm,short,2025-09-05 12:45:00+00:00,2222,3583.784,0.1,3583.784,3573.784,7.0,close_above_upper,2.2913835612028173,0.05,3578.784,0.5,0.05,3578.944,24.200000000000728,2223.0,2025-09-05 12:50:00+00:00,True,2025-09-05 13:05:00+00:00,2226,3573.944,tp,73.40000000000146,0.0,0.0,73.40000000000146,1.0485714285714494,-0.056999999999789,11.797000000000025,-0.008142857142827,1.6852857142857178,4,1200.0,0.16,6.004499999999974,7.089751080005126,overlap,Fri,12,False
32,XAUUSDm,short,2025-09-05 13:15:00+00:00,2228,3581.322,0.1,3581.322,3571.322,7.0,close_above_upper,0.21549578264460656,0.05,3576.322,0.5,0.05,3576.482,24.200000000000728,2229.0,2025-09-05 13:20:00+00:00,True,2025-09-05 13:25:00+00:00,2230,3581.8669999999997,be_stop,21.475000000002638,0.0,0.0,21.475000000002638,0.30678571428575196,-3.673999999999978,6.178000000000338,-0.5248571428571397,0.8825714285714769,2,600.0,0.16,7.815571428571404,7.40399658483191,overlap,Fri,13,False
33,XAUUSDm,short,2025-09-05 13:50:00+00:00,2235,3590.821,0.1,3597.821,3580.821,7.0,close_above_upper,0.40946853727158256,0.1,3585.821,0.5,0.0,0.0,0.0,,,False,2025-09-05 14:05:00+00:00,2238,3597.9809999999998,sl,-71.59999999999854,0.0,0.0,-71.59999999999854,-1.022857142857122,-6.572999999999865,1.025000000000091,-0.9389999999999807,0.14642857142858443,3,900.0,0.16,6.8740714285713365,7.52947526891959,overlap,Fri,13,False
34,XAUUSDm,long,2025-09-05 14:30:00+00:00,2243,3579.446,0.1,3579.446,3589.446,7.0,close_below_lower,0.07238515555263993,0.05,3584.446,0.5,0.05,3584.446,25.0,2244.0,2025-09-05 14:35:00+00:00,True,2025-09-05 14:40:00+00:00,2245,3576.37,be_stop,9.61999999999989,0.0,0.0,9.61999999999989,0.13742857142856987,-6.2599999999997635,7.177999999999884,-0.8942857142856805,1.0254285714285547,2,600.0,0.16,6.077285714285706,7.719549664705296,overlap,Fri,14,False
35,XAUUSDm,short,2025-09-08 07:15:00+00:00,2431,3604.561,0.1,3611.561,3594.561,7.0,close_above_upper,0.08271272911660521,0.1,3599.561,0.5,0.0,0.0,0.0,,,False,2025-09-08 07:30:00+00:00,2434,3611.721,sl,-71.59999999999854,0.0,0.0,-71.59999999999854,-1.022857142857122,-5.701000000000022,0.09900000000016007,-0.8144285714285745,0.01414285714288001,3,900.0,0.16,2.931500000000077,7.371330396502946,london,Mon,7,False
36,XAUUSDm,short,2025-09-08 07:35:00+00:00,2435,3610.951,0.1,3617.951,3600.951,7.0,close_above_upper,0.20262486777349825,0.1,3605.951,0.5,0.0,0.0,0.0,,,False,2025-09-08 08:55:00+00:00,2451,3611.1949999999997,cross_center,-2.4399999999968713,0.0,0.0,-2.4399999999968713,-0.034857142857098164,-6.393999999999778,4.657000000000153,-0.9134285714285397,0.6652857142857361,16,4800.0,0.16,3.0820000000001073,7.504687928320998,london,Mon,7,False
37,XAUUSDm,short,2025-09-08 13:10:00+00:00,2502,3628.703,0.1,3628.703,3618.703,7.0,close_above_upper,0.04954373228913798,0.05,3623.703,0.5,0.05,3623.863,24.200000000000728,2506.0,2025-09-08 13:30:00+00:00,True,2025-09-08 13:40:00+00:00,2508,3624.3889999999997,cross_center,45.770000000002256,0.0,0.0,45.770000000002256,0.6538571428571751,-3.425999999999931,8.378999999999905,-0.48942857142856155,1.1969999999999865,6,1800.0,0.16,3.351642857142841,7.231582404402291,overlap,Mon,13,False
38,XAUUSDm,short,2025-09-08 13:50:00+00:00,2510,3633.707,0.1,3633.707,3623.707,7.0,close_above_upper,0.045116909263783075,0.05,3628.707,0.5,0.05,3628.8669999999997,24.200000000000728,2511.0,2025-09-08 13:55:00+00:00,True,2025-09-08 14:00:00+00:00,2512,3633.8669999999997,be_stop,23.400000000001455,0.0,0.0,23.400000000001455,0.33428571428573506,-3.19800000000032,5.199999999999818,-0.4568571428571886,0.7428571428571169,2,600.0,0.16,4.358642857142773,7.191481428679404,overlap,Mon,13,False
39,XAUUSDm,short,2025-09-08 14:10:00+00:00,2514,3637.142,0.1,3637.142,3627.142,7.0,close_above_upper,0.008483402759931495,0.05,3632.142,0.5,0.05,3632.3019999999997,24.200000000000728,2515.0,2025-09-08 14:15:00+00:00,True,2025-09-08 14:25:00+00:00,2517,3631.0119999999997,cross_center,54.85000000000127,0.0,0.0,54.85000000000127,0.7835714285714468,-0.5289999999999964,7.822999999999865,-0.07557142857142805,1.1175714285714093,3,900.0,0.16,4.947142857142775,7.287554674124591,overlap,Mon,14,False
40,XAUUSDm,short,2025-09-08 15:05:00+00:00,2525,3644.203,0.1,3644.203,3634.203,7.0,close_above_upper,0.15497443381174383,0.05,3639.203,0.5,0.05,3639.363,24.200000000000728,2529.0,2025-09-08 15:25:00+00:00,True,2025-09-08 15:30:00+00:00,2530,3636.739,cross_center,61.52000000000044,0.0,0.0,61.52000000000044,0.8788571428571491,-2.132999999999811,7.777999999999793,-0.3047142857142587,1.1111428571428275,5,1500.0,0.16,3.837999999999933,7.448030455352318,overlap,Mon,15,False
41,XAUUSDm,short,2025-09-09 02:10:00+00:00,2646,3653.068,0.1,3653.068,3643.068,7.0,close_above_upper,0.1458575104879374,0.05,3648.068,0.5,0.05,3648.228,24.200000000000728,2654.0,2025-09-09 02:50:00+00:00,True,2025-09-09 02:55:00+00:00,2655,3647.511,cross_center,51.985000000001946,0.0,0.0,51.985000000001946,0.7426428571428849,-1.5289999999999964,5.914000000000215,-0.21842857142857092,0.8448571428571735,9,2700.0,0.16,3.9121428571428885,7.431503763523029,asian,Tue,2,False
42,XAUUSDm,long,2025-09-09 06:10:00+00:00,2694,3640.6209999999996,0.1,3640.6209999999996,3650.621,7.0,close_below_lower,0.7180036920538914,0.05,3645.621,0.5,0.05,3645.621,25.000000000002274,2695.0,2025-09-09 06:15:00+00:00,True,2025-09-09 06:20:00+00:00,2696,3640.6209999999996,be_stop,25.000000000002274,0.0,0.0,25.000000000002274,0.3571428571428896,-2.449999999999818,5.8090000000001965,-0.349999999999974,0.8298571428571709,2,600.0,0.16,3.3351428571429227,7.892116456197743,asian,Tue,6,False
43,XAUUSDm,long,2025-09-09 06:25:00+00:00,2697,3640.823,0.1,3640.823,3650.823,7.0,close_below_lower,0.21407422477017543,0.05,3645.823,0.5,0.05,3645.823,25.0,2700.0,2025-09-09 06:40:00+00:00,True,2025-09-09 06:45:00+00:00,2701,3649.645,cross_center,69.11000000000058,0.0,0.0,69.11000000000058,0.9872857142857226,-4.337999999999738,9.050000000000182,-0.6197142857142482,1.292857142857169,4,1200.0,0.16,4.123071428571426,8.053490933668455,asian,Tue,6,False
44,XAUUSDm,short,2025-09-09 13:30:00+00:00,2782,3660.564,0.1,3667.564,3650.564,7.0,close_above_upper,0.29495362188171537,0.1,3655.564,0.5,0.0,0.0,0.0,,,False,2025-09-09 13:35:00+00:00,2783,3667.7239999999997,sl,-71.59999999999854,0.0,0.0,-71.59999999999854,-1.022857142857122,-3.294000000000324,2.3989999999998872,-0.4705714285714748,0.3427142857142696,1,300.0,0.16,3.829857142857171,6.854456917204693,overlap,Tue,13,False
45,XAUUSDm,short,2025-09-09 13:40:00+00:00,2784,3664.527,0.1,3671.527,3654.527,7.0,close_above_upper,0.46077293271579123,0.1,3659.527,0.5,0.0,0.0,0.0,,,False,2025-09-09 14:00:00+00:00,2788,3671.687,sl,-71.59999999999854,0.0,0.0,-71.59999999999854,-1.022857142857122,-3.7950000000000728,3.463000000000193,-0.5421428571428676,0.49471428571431325,4,1200.0,0.16,4.046000000000049,6.965478897299354,overlap,Tue,13,False
46,XAUUSDm,long,2025-09-09 14:10:00+00:00,2790,3648.846,0.1,3648.846,3658.846,7.0,close_below_lower,0.44456347752661696,0.05,3653.846,0.5,0.05,3653.846,25.0,2791.0,2025-09-09 14:15:00+00:00,True,2025-09-09 14:20:00+00:00,2792,3648.846,be_stop,25.0,0.0,0.0,25.0,0.35714285714285715,-3.7289999999998145,8.429000000000087,-0.5327142857142592,1.2041428571428696,2,600.0,0.16,6.893214285714358,7.187474909621564,overlap,Tue,14,False
47,XAUUSDm,long,2025-09-09 14:35:00+00:00,2795,3642.048,0.1,3642.048,3652.048,7.0,close_below_lower,0.8193087152181616,0.05,3647.048,0.5,0.05,3647.048,25.0,2796.0,2025-09-09 14:40:00+00:00,True,2025-09-09 15:00:00+00:00,2800,3642.048,be_stop,25.0,0.0,0.0,25.0,0.35714285714285715,-5.960999999999785,7.074000000000069,-0.8515714285713979,1.0105714285714384,5,1500.0,0.16,8.088785714285775,7.384229871921695,overlap,Tue,14,False
48,XAUUSDm,long,2025-09-09 15:15:00+00:00,2803,3635.258,0.1,3635.258,3645.258,7.0,close_below_lower,0.4200597992488504,0.05,3640.258,0.5,0.05,3640.258,25.0,2805.0,2025-09-09 15:25:00+00:00,True,2025-09-09 15:45:00+00:00,2809,3643.256,cross_center,64.99000000000024,0.0,0.0,64.99000000000024,0.9284285714285748,-8.413000000000011,8.584000000000287,-1.2018571428571445,1.2262857142857553,6,1800.0,0.16,7.3208571428571565,7.7010987086098,overlap,Tue,15,False
49,XAUUSDm,long,2025-09-11 09:15:00+00:00,3283,3618.866,0.1,3611.866,3628.866,7.0,close_below_lower,0.06006534160576019,0.1,3623.866,0.5,0.0,0.0,0.0,,,False,2025-09-11 09:50:00+00:00,3290,3622.293,cross_center,34.270000000001346,0.0,0.0,34.270000000001346,0.4895714285714478,-4.730000000000018,3.8989999999998872,-0.6757142857142883,0.5569999999999838,7,2100.0,0.16,2.429142857142909,7.105142100438461,london,Thu,9,False
50,XAUUSDm,short,2025-09-11 12:35:00+00:00,3323,3638.909,0.1,3638.909,3628.909,7.0,close_above_upper,1.694444089617473,0.05,3633.909,0.5,0.05,3634.069,24.200000000000728,3324.0,2025-09-11 12:40:00+00:00,True,2025-09-11 12:45:00+00:00,3325,3629.069,tp,73.40000000000146,0.0,0.0,73.40000000000146,1.0485714285714494,-4.998000000000047,7.027000000000044,-0.7140000000000067,1.003857142857149,2,600.0,0.16,4.460785714285813,6.382860783259639,overlap,Thu,12,False
51,XAUUSDm,long,2025-09-11 13:30:00+00:00,3334,3621.545,0.1,3621.545,3631.545,7.0,close_below_lower,0.17755877417878352,0.05,3626.545,0.5,0.05,3626.545,25.0,3336.0,2025-09-11 13:40:00+00:00,True,2025-09-11 13:45:00+00:00,3337,3628.707,cross_center,60.809999999999036,0.0,0.0,60.809999999999036,0.8687142857142719,-3.2200000000002547,9.010999999999967,-0.4600000000000364,1.2872857142857097,3,900.0,0.16,8.277642857142999,6.698170835386464,overlap,Thu,13,False
52,XAUUSDm,short,2025-09-12 01:15:00+00:00,3463,3642.712,0.1,3649.712,3632.712,7.0,close_above_upper,0.12961884348487046,0.1,3637.712,0.5,0.0,0.0,0.0,,,False,2025-09-12 02:20:00+00:00,3476,3649.872,sl,-71.59999999999854,0.0,0.0,-71.59999999999854,-1.022857142857122,-6.902999999999793,3.7829999999999018,-0.9861428571428276,0.5404285714285574,13,3900.0,0.16,2.4635000000000673,5.940078373254557,asian,Fri,1,False
53,XAUUSDm,long,2025-09-12 12:35:00+00:00,3599,3639.421,0.1,3639.421,3649.421,7.0,close_below_lower,0.06940491612749733,0.05,3644.421,0.5,0.05,3644.421,25.0,3602.0,2025-09-12 12:50:00+00:00,True,2025-09-12 12:55:00+00:00,3603,3644.149,cross_center,48.64000000000033,0.0,0.0,48.64000000000033,0.6948571428571475,-1.1789999999996326,6.015000000000327,-0.16842857142851894,0.8592857142857611,4,1200.0,0.16,2.46157142857133,6.011491618538026,overlap,Fri,12,False
54,XAUUSDm,short,2025-09-15 02:10:00+00:00,3749,3639.413,0.1,3646.413,3629.413,7.0,close_above_upper,0.008492577371984006,0.1,3634.413,0.5,0.0,0.0,0.0,,,False,2025-09-15 03:05:00+00:00,3760,3641.259,cross_center,-18.460000000000036,0.0,0.0,-18.460000000000036,-0.26371428571428623,-6.086999999999989,0.8330000000000837,-0.869571428571427,0.11900000000001196,11,3300.0,0.16,3.250928571428566,6.178428020294838,asian,Mon,2,False
55,XAUUSDm,short,2025-09-15 12:50:00+00:00,3877,3648.824,0.1,3655.824,3638.824,7.0,close_above_upper,0.07780441330504234,0.1,3643.824,0.5,0.0,0.0,0.0,,,False,2025-09-15 13:35:00+00:00,3886,3655.984,sl,-71.59999999999854,0.0,0.0,-71.59999999999854,-1.022857142857122,-6.809999999999945,2.0019999999999527,-0.9728571428571351,0.28599999999999326,9,2700.0,0.16,2.803785714285758,5.694177571298242,overlap,Mon,12,False
56,XAUUSDm,short,2025-09-15 13:40:00+00:00,3887,3661.829,0.1,3661.829,3651.829,7.0,close_above_upper,0.9465000195084328,0.05,3656.829,0.5,0.05,3656.989,24.200000000000728,3890.0,2025-09-15 13:55:00+00:00,True,2025-09-15 14:20:00+00:00,3895,3657.042,cross_center,48.13500000000204,0.0,0.0,48.13500000000204,0.6876428571428862,-2.5419999999999163,8.019000000000233,-0.36314285714284517,1.1455714285714618,8,2400.0,0.16,3.4708571428572474,5.961811991028064,overlap,Mon,13,False
57,XAUUSDm,short,2025-09-15 15:50:00+00:00,3913,3673.697,0.1,3680.697,3663.697,7.0,close_above_upper,0.23914863919607693,0.1,3668.697,0.5,0.0,0.0,0.0,,,False,2025-09-15 15:55:00+00:00,3914,3680.857,sl,-71.59999999999854,0.0,0.0,-71.59999999999854,-1.022857142857122,-5.346000000000004,0.8730000000000473,-0.7637142857142862,0.12471428571429247,1,300.0,0.16,2.2249285714285634,6.303554870992007,overlap,Mon,15,False
58,XAUUSDm,short,2025-09-15 16:00:00+00:00,3915,3680.497,0.1,3687.497,3670.497,7.0,close_above_upper,0.8028652997794109,0.1,3675.497,0.5,0.0,0.0,0.0,,,False,2025-09-15 16:40:00+00:00,3923,3677.759,cross_center,27.37999999999829,0.0,0.0,27.37999999999829,0.3911428571428327,-5.126000000000204,3.0919999999996435,-0.7322857142857434,0.44171428571423477,8,2400.0,0.16,2.59757142857146,6.433630389079312,newyork,Mon,16,False
59,XAUUSDm,short,2025-09-16 07:00:00+00:00,4083,3693.322,0.1,3700.322,3683.322,7.0,close_above_upper,0.024249212019434755,0.1,3688.322,0.5,0.0,0.0,0.0,,,False,2025-09-16 07:35:00+00:00,4090,3690.1589999999997,cross_center,31.630000000004657,0.0,0.0,31.630000000004657,0.4518571428572094,-0.8479999999999563,3.6150000000002365,-0.1211428571428509,0.5164285714286052,7,2100.0,0.16,2.4700000000000273,6.136759324576628,london,Tue,7,False
60,XAUUSDm,short,2025-09-16 13:40:00+00:00,4163,3698.479,0.1,3698.479,3688.479,7.0,close_above_upper,0.1926455187453378,0.05,3693.479,0.5,0.05,3693.374,25.52500000000009,4164.0,2025-09-16 13:45:00+00:00,True,2025-09-16 14:10:00+00:00,4169,3698.6389999999997,be_stop,24.72500000000082,0.0,0.0,24.72500000000082,0.3532142857142974,-0.02400000000034197,6.0470000000000255,-0.0034285714286202812,0.8638571428571465,6,1800.0,0.16,3.4161428571428263,6.152286955598859,overlap,Tue,13,False
61,XAUUSDm,short,2025-09-16 14:20:00+00:00,4171,3701.95,0.1,3701.95,3691.95,7.0,close_above_upper,0.011294036956478104,0.05,3696.95,0.5,0.05,3697.1099999999997,24.200000000000728,4172.0,2025-09-16 14:25:00+00:00,True,2025-09-16 14:25:00+00:00,4172,3692.1099999999997,tp,73.40000000000146,0.0,0.0,73.40000000000146,1.0485714285714494,0.0,3.43100000000004,0.0,0.4901428571428629,1,300.0,0.16,3.791642857142798,6.304043229173794,overlap,Tue,14,False
62,XAUUSDm,long,2025-09-16 15:00:00+00:00,4179,3686.5339999999997,0.1,3679.534,3696.534,7.0,close_below_lower,0.05510730212987177,0.1,3691.534,0.5,0.0,0.0,0.0,,,False,2025-09-16 15:30:00+00:00,4185,3679.534,sl,-69.99999999999545,0.0,0.0,-69.99999999999545,-0.999999999999935,-6.5099999999997635,2.2520000000004075,-0.9299999999999662,0.3217142857143439,6,1800.0,0.16,4.258285714285746,6.496423515344491,overlap,Tue,15,False
63,XAUUSDm,long,2025-09-16 15:35:00+00:00,4186,3679.984,0.1,3679.984,3689.984,7.0,close_below_lower,0.006756293646113314,0.05,3684.984,0.5,0.05,3684.984,25.0,4189.0,2025-09-16 15:50:00+00:00,True,2025-09-16 15:55:00+00:00,4190,3685.644,cross_center,53.29999999999927,0.0,0.0,53.29999999999927,0.761428571428561,-1.1159999999999854,6.144999999999982,-0.15942857142856934,0.8778571428571402,4,1200.0,0.16,4.554428571428616,6.699222017688426,overlap,Tue,15,False
64,XAUUSDm,long,2025-09-17 01:35:00+00:00,4294,3681.91,0.1,3674.91,3691.91,7.0,close_below_lower,0.32620212833923296,0.1,3686.91,0.5,0.0,0.0,0.0,,,False,2025-09-17 02:35:00+00:00,4306,3674.91,sl,-70.0,0.0,0.0,-70.0,-1.0,-5.903999999999996,0.8099999999999454,-0.8434285714285709,0.11571428571427791,12,3600.0,0.16,1.9029285714285769,6.25518150988883,asian,Wed,1,False
65,XAUUSDm,short,2025-09-17 12:50:00+00:00,4429,3676.863,0.1,3683.863,3666.863,7.0,close_above_upper,0.0678705880227853,0.1,3671.863,0.5,0.0,0.0,0.0,,,False,2025-09-17 13:55:00+00:00,4442,3677.647,cross_center,-7.840000000001055,0.0,0.0,-7.840000000001055,-0.11200000000001507,-5.691000000000258,4.065000000000055,-0.8130000000000369,0.5807142857142935,13,3900.0,0.16,2.654499999999968,5.552085022901307,overlap,Wed,12,False
66,XAUUSDm,short,2025-09-17 18:05:00+00:00,4492,3691.232,0.1,3698.232,3681.232,7.0,close_above_upper,0.007829454387420002,0.1,3686.232,0.5,0.0,0.0,0.0,,,False,2025-09-17 18:10:00+00:00,4493,3705.459,sl,-142.26999999999862,0.0,0.0,-142.26999999999862,-2.0324285714285515,-16.222999999999956,1.0729999999998654,-2.3175714285714224,0.15328571428569507,1,300.0,0.16,5.088142857142884,5.948144486614407,newyork,Wed,18,False
67,XAUUSDm,long,2025-09-17 18:35:00+00:00,4498,3673.906,0.1,3666.906,3683.906,7.0,close_below_lower,1.0236095110841814,0.1,3678.906,0.5,0.0,0.0,0.0,,,False,2025-09-17 18:40:00+00:00,4499,3665.654,sl,-82.51999999999953,0.0,0.0,-82.51999999999953,-1.1788571428571362,-9.115999999999985,5.21100000000024,-1.3022857142857123,0.7444285714286057,1,300.0,0.16,9.584428571428523,6.155134153788955,newyork,Wed,18,False
68,XAUUSDm,long,2025-09-17 18:45:00+00:00,4500,3663.658,0.1,3656.658,3673.658,7.0,close_below_lower,1.9066286962235042,0.1,3668.658,0.5,0.0,0.0,0.0,,,False,2025-09-17 18:50:00+00:00,4501,3655.591,sl,-80.67000000000007,0.0,0.0,-80.67000000000007,-1.1524285714285725,-9.217999999999847,0.6289999999999054,-1.316857142857121,0.08985714285712934,1,300.0,0.16,11.24978571428567,6.361811339318761,newyork,Wed,18,False
69,XAUUSDm,long,2025-09-17 18:55:00+00:00,4502,3647.181,0.1,3647.181,3657.181,7.0,close_below_lower,3.2811664243774805,0.05,3652.181,0.5,0.05,3652.181,25.0,4503.0,2025-09-17 19:00:00+00:00,True,2025-09-17 19:00:00+00:00,4503,3657.181,tp,75.0,0.0,0.0,75.0,1.0714285714285714,-1.0050000000001091,8.454000000000178,-0.14357142857144417,1.2077142857143113,1,300.0,0.16,12.59628571428568,6.6642169114509695,newyork,Wed,18,False
70,XAUUSDm,long,2025-09-17 19:05:00+00:00,4504,3657.8289999999997,0.1,3650.829,3667.829,7.0,close_below_lower,0.8163190217652061,0.1,3662.829,0.5,0.0,0.0,0.0,,,False,2025-09-17 19:10:00+00:00,4505,3650.829,sl,-69.99999999999545,0.0,0.0,-69.99999999999545,-0.999999999999935,-1.6499999999996362,6.562000000000353,-0.23571428571423375,0.9374285714286218,1,300.0,0.16,14.035142857142805,6.837900610864519,newyork,Wed,19,False
71,XAUUSDm,long,2025-09-17 19:15:00+00:00,4506,3651.1299999999997,0.1,3651.1299999999997,3661.13,7.0,close_below_lower,1.133771093071572,0.05,3656.13,0.5,0.05,3656.13,25.000000000002274,4507.0,2025-09-17 19:20:00+00:00,True,2025-09-17 19:20:00+00:00,4507,3661.13,tp,75.00000000000455,0.0,0.0,75.00000000000455,1.0714285714286365,-2.60799999999972,6.449000000000524,-0.37257142857138853,0.9212857142857891,1,300.0,0.16,12.212785714285669,6.91940655183063,newyork,Wed,19,False
72,XAUUSDm,long,2025-09-18 01:20:00+00:00,4567,3653.5769999999998,0.1,3646.577,3663.577,7.0,close_below_lower,0.12984277063405245,0.1,3658.577,0.5,0.0,0.0,0.0,,,False,2025-09-18 02:00:00+00:00,4575,3657.102,cross_center,35.25000000000091,0.0,0.0,35.25000000000091,0.5035714285714415,-1.750999999999749,4.744000000000142,-0.2501428571428213,0.677714285714306,8,2400.0,0.16,3.9027857142856583,7.230023937206571,asian,Thu,1,False
73,XAUUSDm,long,2025-09-18 06:05:00+00:00,4624,3644.236,0.1,3637.236,3654.236,7.0,close_below_lower,0.26584948560048643,0.1,3649.236,0.5,0.0,0.0,0.0,,,False,2025-09-18 06:10:00+00:00,4625,3637.236,sl,-70.0,0.0,0.0,-70.0,-1.0,-3.3849999999997635,0.03900000000021464,-0.4835714285713948,0.005571428571459235,1,300.0,0.16,3.0497142857142143,7.341275163340231,asian,Thu,6,False
74,XAUUSDm,long,2025-09-18 06:15:00+00:00,4626,3637.404,0.1,3630.404,3647.404,7.0,close_below_lower,0.7598988011284684,0.1,3642.404,0.5,0.0,0.0,0.0,,,False,2025-09-18 07:10:00+00:00,4637,3640.941,cross_center,35.36999999999807,0.0,0.0,35.36999999999807,0.5052857142856867,-3.186999999999898,4.855000000000018,-0.45528571428569975,0.6935714285714312,11,3300.0,0.16,3.6570714285713035,7.479248952844708,asian,Thu,6,False
75,XAUUSDm,short,2025-09-18 07:35:00+00:00,4642,3651.333,0.1,3658.333,3641.333,7.0,close_above_upper,0.022967500027776998,0.1,3646.333,0.5,0.0,0.0,0.0,,,False,2025-09-18 07:40:00+00:00,4643,3658.493,sl,-71.59999999999854,0.0,0.0,-71.59999999999854,-1.022857142857122,-2.1349999999997635,1.2090000000002874,-0.30499999999996624,0.17271428571432676,1,300.0,0.16,3.6885714285714193,7.81779722122204,london,Thu,7,False
76,XAUUSDm,short,2025-09-18 07:45:00+00:00,4644,3658.695,0.1,3658.695,3648.695,7.0,close_above_upper,0.5863364269541543,0.05,3653.695,0.5,0.05,3653.855,24.200000000000728,4650.0,2025-09-18 08:15:00+00:00,True,2025-09-18 08:35:00+00:00,4654,3658.855,be_stop,23.400000000001455,0.0,0.0,23.400000000001455,0.33428571428573506,-1.1399999999998727,5.008000000000266,-0.16285714285712466,0.7154285714286094,10,3000.0,0.16,3.788142857142865,7.923147812354577,london,Thu,7,False
77,XAUUSDm,long,2025-09-18 13:30:00+00:00,4713,3654.127,0.1,3647.127,3664.127,7.0,close_below_lower,0.042410478252202635,0.1,3659.127,0.5,0.0,0.0,0.0,,,False,2025-09-18 13:35:00+00:00,4714,3647.127,sl,-70.0,0.0,0.0,-70.0,-1.0,-7.4409999999998035,0.7970000000000255,-1.062999999999972,0.1138571428571465,1,300.0,0.16,4.253428571428556,7.9755630803968955,overlap,Thu,13,False
78,XAUUSDm,long,2025-09-18 13:40:00+00:00,4715,3641.056,0.1,3634.056,3651.056,7.0,close_below_lower,1.152354766714311,0.1,3646.056,0.5,0.0,0.0,0.0,,,False,2025-09-18 13:45:00+00:00,4716,3629.964,sl,-110.92000000000098,0.0,0.0,-110.92000000000098,-1.5845714285714425,-11.134000000000015,0.01999999999998181,-1.5905714285714307,0.0028571428571402585,1,300.0,0.16,5.028499999999959,8.1516064278301,overlap,Thu,13,False
79,XAUUSDm,long,2025-09-18 13:50:00+00:00,4717,3636.3269999999998,0.1,3636.3269999999998,3646.327,7.0,close_below_lower,0.9673794250469342,0.05,3641.327,0.5,0.05,3641.327,25.000000000002274,4718.0,2025-09-18 13:55:00+00:00,True,2025-09-18 14:15:00+00:00,4722,3636.3269999999998,be_stop,25.000000000002274,0.0,0.0,25.000000000002274,0.3571428571428896,-1.988999999999578,9.865000000000236,-0.28414285714279686,1.409285714285748,5,1500.0,0.16,5.734214285714253,8.395863899228729,overlap,Thu,13,False
80,XAUUSDm,short,2025-09-19 01:10:00+00:00,4841,3649.913,0.1,3649.913,3639.913,7.0,close_above_upper,0.11267915491749647,0.05,3644.913,0.5,0.05,3645.073,24.200000000000728,4848.0,2025-09-19 01:45:00+00:00,True,2025-09-19 01:50:00+00:00,4849,3641.5049999999997,cross_center,66.24000000000251,0.0,0.0,66.24000000000251,0.9462857142857501,-1.2590000000000146,8.54300000000012,-0.17985714285714494,1.2204285714285885,8,2400.0,0.16,2.6599999999999846,8.519981238986452,asian,Fri,1,False
81,XAUUSDm,short,2025-09-22 06:30:00+00:00,5180,3706.21,0.1,3713.21,3696.21,7.0,close_above_upper,0.03205933997677767,0.1,3701.21,0.5,0.0,0.0,0.0,,,False,2025-09-22 06:35:00+00:00,5181,3713.37,sl,-71.59999999999854,0.0,0.0,-71.59999999999854,-1.022857142857122,-3.2539999999999054,1.300000000000182,-0.46485714285712937,0.1857142857143117,1,300.0,0.16,2.438214285714236,6.776009358473862,asian,Mon,6,False
82,XAUUSDm,short,2025-09-22 06:40:00+00:00,5182,3713.278,0.1,3720.278,3703.278,7.0,close_above_upper,0.6747099939928624,0.1,3708.278,0.5,0.0,0.0,0.0,,,False,2025-09-22 07:25:00+00:00,5191,3709.712,cross_center,35.659999999998035,0.0,0.0,35.659999999998035,0.5094285714285434,-6.579000000000178,4.668999999999869,-0.9398571428571684,0.6669999999999813,9,2700.0,0.16,2.9542142857142477,6.883205414626575,asian,Mon,6,False
83,XAUUSDm,long,2025-09-22 12:25:00+00:00,5251,3713.575,0.1,3713.575,3723.575,7.0,close_below_lower,0.3965124247382606,0.05,3718.575,0.5,0.05,3718.575,25.0,5253.0,2025-09-22 12:35:00+00:00,True,2025-09-22 12:50:00+00:00,5256,3719.511,cross_center,54.680000000000746,0.0,0.0,54.680000000000746,0.7811428571428678,-1.5209999999997308,6.329000000000178,-0.21728571428567584,0.9041428571428826,5,1500.0,0.16,2.8844999999999863,6.54175430297488,overlap,Mon,12,False
84,XAUUSDm,short,2025-09-22 15:35:00+00:00,5289,3732.629,0.1,3739.629,3722.629,7.0,close_above_upper,0.0005411128754171344,0.1,3727.629,0.5,0.0,0.0,0.0,,,False,2025-09-22 16:45:00+00:00,5303,3739.7889999999998,sl,-71.59999999999854,0.0,0.0,-71.59999999999854,-1.022857142857122,-6.876000000000204,2.0239999999998872,-0.9822857142857434,0.28914285714284105,14,4200.0,0.16,3.130499999999919,6.977298160333045,overlap,Mon,15,False
85,XAUUSDm,short,2025-09-23 01:20:00+00:00,5394,3757.017,0.1,3757.017,3747.017,7.0,close_above_upper,0.015428228761363589,0.05,3752.017,0.5,0.05,3752.1769999999997,24.200000000000728,5395.0,2025-09-23 01:25:00+00:00,True,2025-09-23 01:30:00+00:00,5396,3750.002,cross_center,59.27500000000009,0.0,0.0,59.27500000000009,0.8467857142857156,0.0,9.201000000000022,0.0,1.3144285714285746,2,600.0,0.16,2.577571428571478,6.991044081308368,asian,Tue,1,False
86,XAUUSDm,long,2025-09-23 02:15:00+00:00,5405,3743.861,0.1,3736.861,3753.861,7.0,close_below_lower,0.18096014295054724,0.1,3748.861,0.5,0.0,0.0,0.0,,,False,2025-09-23 02:55:00+00:00,5413,3736.861,sl,-70.0,0.0,0.0,-70.0,-1.0,-5.181999999999789,1.6539999999999964,-0.7402857142856841,0.23628571428571377,8,2400.0,0.16,4.437214285714357,6.983542306021033,asian,Tue,2,False
87,XAUUSDm,short,2025-09-23 05:40:00+00:00,5446,3755.838,0.1,3762.838,3745.838,7.0,close_above_upper,0.09095589983764835,0.1,3750.838,0.5,0.0,0.0,0.0,,,False,2025-09-23 06:40:00+00:00,5458,3753.998,cross_center,18.400000000001455,0.0,0.0,18.400000000001455,0.26285714285716366,-2.9529999999999745,4.551000000000386,-0.4218571428571392,0.6501428571429122,12,3600.0,0.16,2.165285714285671,7.138528932883387,asian,Tue,5,False
88,XAUUSDm,short,2025-09-23 08:35:00+00:00,5481,3764.218,0.1,3771.218,3754.218,7.0,close_above_upper,0.06438804807013494,0.1,3759.218,0.5,0.0,0.0,0.0,,,False,2025-09-23 08:45:00+00:00,5483,3771.3779999999997,sl,-71.59999999999854,0.0,0.0,-71.59999999999854,-1.022857142857122,-6.04300000000012,0.5409999999997126,-0.8632857142857314,0.07728571428567323,2,600.0,0.16,2.7700714285714247,7.208794006392944,london,Tue,8,False
89,XAUUSDm,short,2025-09-23 08:50:00+00:00,5484,3774.188,0.1,3781.188,3764.188,7.0,close_above_upper,0.795830504545747,0.1,3769.188,0.5,0.0,0.0,0.0,,,False,2025-09-23 09:05:00+00:00,5487,3781.348,sl,-71.59999999999854,0.0,0.0,-71.59999999999854,-1.022857142857122,-6.336999999999989,2.950000000000273,-0.9052857142857127,0.4214285714286104,3,900.0,0.16,3.2254285714286004,7.401545496614534,london,Tue,8,False
90,XAUUSDm,short,2025-09-23 09:10:00+00:00,5488,3781.378,0.1,3788.378,3771.378,7.0,close_above_upper,0.755679375546951,0.1,3776.378,0.5,0.0,0.0,0.0,,,False,2025-09-23 09:20:00+00:00,5490,3788.538,sl,-71.59999999999854,0.0,0.0,-71.59999999999854,-1.022857142857122,-3.8599999999996726,0.8980000000001382,-0.5514285714285246,0.12828571428573404,2,600.0,0.16,3.7950000000000728,7.593288284948178,london,Tue,9,False
91,XAUUSDm,short,2025-09-23 09:25:00+00:00,5491,3790.151,0.1,3790.151,3780.151,7.0,close_above_upper,1.0415213767131546,0.05,3785.151,0.5,0.05,3785.3109999999997,24.200000000000728,5492.0,2025-09-23 09:30:00+00:00,True,2025-09-23 09:40:00+00:00,5494,3780.3109999999997,tp,73.40000000000146,0.0,0.0,73.40000000000146,1.0485714285714494,0.0,7.507999999999811,0.0,1.0725714285714016,3,900.0,0.16,4.41578571428574,7.752676282168542,london,Tue,9,False
92,XAUUSDm,long,2025-09-23 14:20:00+00:00,5550,3773.131,0.1,3766.131,3783.131,7.0,close_below_lower,0.028899979807218347,0.1,3778.131,0.5,0.0,0.0,0.0,,,False,2025-09-23 15:10:00+00:00,5560,3775.704,cross_center,25.7300000000032,0.0,0.0,25.7300000000032,0.3675714285714743,-5.513999999999669,2.79300000000012,-0.7877142857142384,0.3990000000000172,10,3000.0,0.16,5.120142857142874,7.42426520938852,overlap,Tue,14,False
93,XAUUSDm,long,2025-09-23 18:55:00+00:00,5605,3768.1079999999997,0.1,3761.108,3778.108,7.0,close_below_lower,0.275532027597116,0.1,3773.108,0.5,0.0,0.0,0.0,,,False,2025-09-23 19:00:00+00:00,5606,3756.735,sl,-113.72999999999593,0.0,0.0,-113.72999999999593,-1.6247142857142276,-11.898999999999887,0.7950000000000728,-1.6998571428571267,0.11357142857143897,1,300.0,0.16,2.9633571428572134,7.658105635603123,newyork,Tue,18,False
94,XAUUSDm,long,2025-09-23 19:05:00+00:00,5607,3762.151,0.1,3755.151,3772.151,7.0,close_below_lower,0.5410501562356315,0.1,3767.151,0.5,0.0,0.0,0.0,,,False,2025-09-23 19:15:00+00:00,5609,3755.151,sl,-70.0,0.0,0.0,-70.0,-1.0,-6.9539999999997235,0.1430000000000291,-0.9934285714285319,0.020428571428575588,2,600.0,0.16,4.135928571428654,7.832614454914968,newyork,Tue,19,False
95,XAUUSDm,long,2025-09-23 19:20:00+00:00,5610,3752.8869999999997,0.1,3752.8869999999997,3762.887,7.0,close_below_lower,0.9199669325491553,0.05,3757.887,0.5,0.05,3757.887,25.000000000002274,5611.0,2025-09-23 19:25:00+00:00,True,2025-09-23 19:35:00+00:00,5613,3762.887,tp,75.00000000000455,0.0,0.0,75.00000000000455,1.0714285714286365,-0.15999999999985448,8.771000000000186,-0.022857142857122068,1.2530000000000265,3,900.0,0.16,4.776857142857125,8.068311857399808,newyork,Tue,19,False
96,XAUUSDm,long,2025-09-24 15:35:00+00:00,5841,3746.04,0.1,3739.04,3756.04,7.0,close_below_lower,0.025040140889644593,0.1,3751.04,0.5,0.0,0.0,0.0,,,False,2025-09-24 16:15:00+00:00,5849,3739.04,sl,-70.0,0.0,0.0,-70.0,-1.0,-6.66800000000012,2.481000000000222,-0.9525714285714457,0.3544285714286031,8,2400.0,0.16,4.047785714285673,7.984212342430612,overlap,Wed,15,False
97,XAUUSDm,long,2025-09-25 11:10:00+00:00,6064,3747.037,0.1,3747.037,3757.037,7.0,close_below_lower,0.07239796579727409,0.05,3752.037,0.5,0.05,3752.037,25.0,6068.0,2025-09-25 11:30:00+00:00,True,2025-09-25 11:50:00+00:00,6072,3751.467,cross_center,47.150000000001455,0.0,0.0,47.150000000001455,0.6735714285714494,-5.9699999999998,5.898000000000138,-0.8528571428571142,0.8425714285714483,8,2400.0,0.16,3.05428571428573,8.289334445051956,london,Thu,11,False
98,XAUUSDm,long,2025-09-25 12:40:00+00:00,6082,3741.5229999999997,0.1,3734.523,3751.523,7.0,close_below_lower,0.10557104689984351,0.1,3746.523,0.5,0.0,0.0,0.0,,,False,2025-09-25 12:50:00+00:00,6084,3734.523,sl,-69.99999999999545,0.0,0.0,-69.99999999999545,-0.999999999999935,-6.351999999999862,1.7130000000001928,-0.9074285714285517,0.24471428571431325,2,600.0,0.16,4.037285714285645,8.429850142774738,overlap,Thu,12,False
99,XAUUSDm,long,2025-09-25 12:55:00+00:00,6085,3732.8109999999997,0.1,3732.8109999999997,3742.811,7.0,close_below_lower,0.6194465035327539,0.05,3737.811,0.5,0.05,3738.827,30.080000000002656,6086.0,2025-09-25 13:00:00+00:00,True,2025-09-25 13:20:00+00:00,6090,3742.015,cross_center,76.10000000000355,0.0,0.0,76.10000000000355,1.0871428571429078,-0.6039999999998145,9.855000000000473,-0.08628571428568778,1.4078571428572104,5,1500.0,0.16,4.877071428571396,8.579476230772507,overlap,Thu,12,False
100,XAUUSDm,long,2025-09-25 13:45:00+00:00,6095,3726.507,0.1,3726.507,3736.507,7.0,close_below_lower,0.3414560916245797,0.05,3731.507,0.5,0.05,3731.507,25.0,6097.0,2025-09-25 13:55:00+00:00,True,2025-09-25 14:00:00+00:00,6098,3726.507,be_stop,25.0,0.0,0.0,25.0,0.35714285714285715,-4.552000000000135,7.438999999999851,-0.6502857142857336,1.0627142857142644,3,900.0,0.16,6.694285714285765,8.782710245856602,overlap,Thu,13,False
101,XAUUSDm,short,2025-09-25 18:40:00+00:00,6154,3755.093,0.1,3762.093,3745.093,7.0,close_above_upper,0.2536415183196011,0.1,3750.093,0.5,0.0,0.0,0.0,,,False,2025-09-25 19:25:00+00:00,6163,3751.622,cross_center,34.710000000000036,0.0,0.0,34.710000000000036,0.4958571428571434,-3.2029999999999745,4.173999999999978,-0.4575714285714249,0.5962857142857112,9,2700.0,0.16,3.3709285714285215,8.854593676376497,newyork,Thu,18,False
102,XAUUSDm,long,2025-09-25 23:20:00+00:00,6198,3738.6389999999997,0.1,3738.6389999999997,3748.639,7.0,close_below_lower,0.06155376212350054,0.05,3743.639,0.5,0.05,3743.639,25.000000000002274,6203.0,2025-09-25 23:45:00+00:00,True,2025-09-25 23:50:00+00:00,6204,3744.538,cross_center,54.495000000003984,0.0,0.0,54.495000000003984,0.7785000000000569,-0.15999999999985448,6.109000000000378,-0.022857142857122068,0.8727142857143397,6,1800.0,0.16,2.3351428571428903,8.811334879938977,rollover,Thu,23,False
103,XAUUSDm,short,2025-09-26 13:10:00+00:00,6364,3761.647,0.1,3761.647,3751.647,7.0,close_above_upper,0.025634116940772417,0.05,3756.647,0.5,0.05,3756.807,24.200000000000728,6366.0,2025-09-26 13:20:00+00:00,True,2025-09-26 13:25:00+00:00,6367,3755.341,cross_center,55.73000000000093,0.0,0.0,55.73000000000093,0.7961428571428704,-4.713999999999942,7.050999999999931,-0.6734285714285632,1.0072857142857043,3,900.0,0.16,4.083571428571498,8.373198401991374,overlap,Fri,13,False
104,XAUUSDm,short,2025-09-26 14:05:00+00:00,6375,3769.021,0.1,3776.021,3759.021,7.0,close_above_upper,0.15744801681417822,0.1,3764.021,0.5,0.0,0.0,0.0,,,False,2025-09-26 14:15:00+00:00,6377,3776.181,sl,-71.59999999999854,0.0,0.0,-71.59999999999854,-1.022857142857122,-5.791999999999916,0.8200000000001637,-0.8274285714285595,0.11714285714288053,2,600.0,0.16,5.360428571428591,8.430682022404557,overlap,Fri,14,False
105,XAUUSDm,short,2025-09-26 14:20:00+00:00,6378,3777.5,0.1,3784.5,3767.5,7.0,close_above_upper,0.5743845052681819,0.1,3772.5,0.5,0.0,0.0,0.0,,,False,2025-09-26 15:10:00+00:00,6388,3775.3469999999998,cross_center,21.530000000002474,0.0,0.0,21.530000000002474,0.3075714285714639,-6.349999999999909,4.4520000000002256,-0.9071428571428442,0.6360000000000322,10,3000.0,0.16,5.535285714285725,8.62212868514816,overlap,Fri,14,False
106,XAUUSDm,short,2025-09-29 02:20:00+00:00,6497,3791.181,0.1,3798.181,3781.181,7.0,close_above_upper,0.30989372919421526,0.1,3786.181,0.5,0.0,0.0,0.0,,,False,2025-09-29 03:10:00+00:00,6507,3798.341,sl,-71.59999999999854,0.0,0.0,-71.59999999999854,-1.022857142857122,-7.616999999999734,3.1390000000001237,-1.088142857142819,0.4484285714285891,10,3000.0,0.16,4.251571428571424,8.542926407972256,asian,Mon,2,False
107,XAUUSDm,long,2025-09-29 12:35:00+00:00,6620,3814.261,0.1,3814.261,3824.261,7.0,close_below_lower,0.01531858008449299,0.05,3819.261,0.5,0.05,3819.261,25.0,6628.0,2025-09-29 13:15:00+00:00,True,2025-09-29 13:20:00+00:00,6629,3820.01,cross_center,53.745000000001255,0.0,0.0,53.745000000001255,0.7677857142857322,-5.072000000000116,6.820999999999913,-0.7245714285714452,0.974428571428559,9,2700.0,0.16,3.9809999999998644,8.774712848735442,overlap,Mon,12,False
108,XAUUSDm,short,2025-09-30 03:45:00+00:00,6790,3863.829,0.1,3870.829,3853.829,7.0,close_above_upper,0.10974307317254708,0.1,3858.829,0.5,0.0,0.0,0.0,,,False,2025-09-30 05:10:00+00:00,6807,3864.413,cross_center,-5.8399999999983265,0.0,0.0,-5.8399999999983265,-0.08342857142854752,-6.170999999999822,1.830000000000382,-0.8815714285714031,0.261428571428626,17,5100.0,0.16,2.804142857142909,8.633217721849546,asian,Tue,3,False
109,XAUUSDm,long,2025-09-30 06:55:00+00:00,6828,3856.632,0.1,3849.632,3866.632,7.0,close_below_lower,0.1472653180291972,0.1,3861.632,0.5,0.0,0.0,0.0,,,False,2025-09-30 07:25:00+00:00,6834,3849.632,sl,-70.0,0.0,0.0,-70.0,-1.0,-5.809999999999945,3.599999999999909,-0.8299999999999922,0.5142857142857012,6,1800.0,0.16,3.917571428571461,8.728213460209727,asian,Tue,6,False
110,XAUUSDm,long,2025-09-30 07:50:00+00:00,6839,3845.1369999999997,0.1,3838.137,3855.137,7.0,close_below_lower,0.0011684305305419947,0.1,3850.137,0.5,0.0,0.0,0.0,,,False,2025-09-30 08:05:00+00:00,6842,3838.137,sl,-69.99999999999545,0.0,0.0,-69.99999999999545,-0.999999999999935,-5.665999999999713,2.1070000000004256,-0.8094285714285304,0.30100000000006083,3,900.0,0.16,4.850214285714238,9.060159487459627,london,Tue,7,False
111,XAUUSDm,long,2025-09-30 08:10:00+00:00,6843,3835.862,0.1,3828.862,3845.862,7.0,close_below_lower,0.40550537611622334,0.1,3840.862,0.5,0.0,0.0,0.0,,,False,2025-09-30 08:20:00+00:00,6845,3828.862,sl,-70.0,0.0,0.0,-70.0,-1.0,-3.4729999999999563,3.299999999999727,-0.4961428571428509,0.47142857142853245,2,600.0,0.16,5.031214285714278,9.22799971471865,london,Tue,8,False
112,XAUUSDm,long,2025-09-30 08:25:00+00:00,6846,3829.912,0.1,3822.912,3839.912,7.0,close_below_lower,0.4377959221620304,0.1,3834.912,0.5,0.0,0.0,0.0,,,False,2025-09-30 08:30:00+00:00,6847,3822.912,sl,-70.0,0.0,0.0,-70.0,-1.0,-6.360999999999876,3.3590000000003783,-0.908714285714268,0.4798571428571969,1,300.0,0.16,5.632642857142822,9.381371416340226,london,Tue,8,False
113,XAUUSDm,long,2025-09-30 08:35:00+00:00,6848,3816.846,0.1,3809.846,3826.846,7.0,close_below_lower,1.2295177230971286,0.1,3821.846,0.5,0.0,0.0,0.0,,,False,2025-09-30 08:40:00+00:00,6849,3807.776,sl,-90.70000000000164,0.0,0.0,-90.70000000000164,-1.2957142857143091,-9.278999999999996,2.3339999999998327,-1.325571428571428,0.33342857142854754,1,300.0,0.16,6.6201428571428425,9.57793859931836,london,Tue,8,False
114,XAUUSDm,long,2025-09-30 08:45:00+00:00,6850,3815.661,0.1,3815.661,3825.661,7.0,close_below_lower,0.6568751267770657,0.05,3820.661,0.5,0.05,3820.661,25.0,6851.0,2025-09-30 08:50:00+00:00,True,2025-09-30 09:05:00+00:00,6854,3815.661,be_stop,25.0,0.0,0.0,25.0,0.35714285714285715,-0.9679999999998472,6.451999999999771,-0.13828571428569245,0.921714285714253,4,1200.0,0.16,7.444785714285705,9.824719543324612,london,Tue,8,False
115,XAUUSDm,long,2025-09-30 09:10:00+00:00,6855,3811.676,0.1,3804.676,3821.676,7.0,close_below_lower,0.07162844543724489,0.1,3816.676,0.5,0.0,0.0,0.0,,,False,2025-09-30 09:15:00+00:00,6856,3799.439,sl,-122.3700000000008,0.0,0.0,-122.3700000000008,-1.7481428571428685,-14.445999999999913,0.5700000000001637,-2.063714285714273,0.08142857142859482,1,300.0,0.16,8.14735714285715,10.074534526221935,london,Tue,9,False
116,XAUUSDm,long,2025-09-30 09:20:00+00:00,6857,3801.893,0.1,3794.893,3811.893,7.0,close_below_lower,0.4956201074945971,0.1,3806.893,0.5,0.0,0.0,0.0,,,False,2025-09-30 09:45:00+00:00,6862,3794.893,sl,-70.0,0.0,0.0,-70.0,-1.0,-3.782000000000153,4.920999999999822,-0.5402857142857361,0.7029999999999745,5,1500.0,0.16,8.51421428571429,10.264110668346142,london,Tue,9,False
117,XAUUSDm,short,2025-09-30 14:10:00+00:00,6915,3838.467,0.1,3845.467,3828.467,7.0,close_above_upper,0.4729219178044577,0.1,3833.467,0.5,0.0,0.0,0.0,,,False,2025-09-30 14:15:00+00:00,6916,3845.627,sl,-71.59999999999854,0.0,0.0,-71.59999999999854,-1.022857142857122,-8.616999999999734,0.69399999999996,-1.2309999999999621,0.09914285714285143,1,300.0,0.16,5.628928571428527,10.440842029845598,overlap,Tue,14,False
118,XAUUSDm,short,2025-09-30 14:20:00+00:00,6917,3849.265,0.1,3849.265,3839.265,7.0,close_above_upper,0.9703578896668626,0.05,3844.265,0.5,0.05,3844.4249999999997,24.200000000000728,6918.0,2025-09-30 14:25:00+00:00,True,2025-09-30 14:40:00+00:00,6921,3849.4249999999997,be_stop,23.400000000001455,0.0,0.0,23.400000000001455,0.33428571428573506,-3.374000000000251,6.60799999999972,-0.48200000000003584,0.94399999999996,4,1200.0,0.16,6.14714285714282,10.653560419067036,overlap,Tue,14,False
119,XAUUSDm,short,2025-09-30 14:45:00+00:00,6922,3849.846,0.1,3849.846,3839.846,7.0,close_above_upper,0.01737887515330746,0.05,3844.846,0.5,0.05,3845.006,24.200000000000728,6926.0,2025-09-30 15:05:00+00:00,True,2025-09-30 15:05:00+00:00,6926,3840.006,tp,73.40000000000146,0.0,0.0,73.40000000000146,1.0485714285714494,-4.697000000000116,4.260999999999967,-0.6710000000000166,0.608714285714281,4,1200.0,0.16,6.5940714285714295,10.927368262122295,overlap,Tue,14,False
120,XAUUSDm,short,2025-10-01 08:05:00+00:00,7118,3884.699,0.1,3891.699,3874.699,7.0,close_above_upper,0.26187390623273793,0.1,3879.699,0.5,0.0,0.0,0.0,,,False,2025-10-01 08:15:00+00:00,7120,3891.859,sl,-71.59999999999854,0.0,0.0,-71.59999999999854,-1.022857142857122,-4.436999999999898,2.4650000000001455,-0.6338571428571284,0.3521428571428779,2,600.0,0.16,4.239785714285712,10.204271441857852,london,Wed,8,False
121,XAUUSDm,short,2025-10-01 08:20:00+00:00,7121,3892.673,0.1,3899.673,3882.673,7.0,close_above_upper,0.4810519190795711,0.1,3887.673,0.5,0.0,0.0,0.0,,,False,2025-10-01 09:20:00+00:00,7133,3888.825,cross_center,38.47999999999956,0.0,0.0,38.47999999999956,0.5497142857142795,-2.7030000000004293,4.778999999999996,-0.38614285714291846,0.6827142857142852,12,3600.0,0.16,4.426000000000029,10.321842214824857,london,Wed,8,False
122,XAUUSDm,long,2025-10-02 13:50:00+00:00,7463,3877.748,0.1,3870.748,3887.748,7.0,close_below_lower,0.24134205388352392,0.1,3882.748,0.5,0.0,0.0,0.0,,,False,2025-10-02 14:05:00+00:00,7466,3870.748,sl,-70.0,0.0,0.0,-70.0,-1.0,-6.505999999999858,0.79300000000012,-0.9294285714285512,0.11328571428573143,3,900.0,0.16,4.872428571428535,7.545023936418915,overlap,Thu,13,False
123,XAUUSDm,long,2025-10-02 14:10:00+00:00,7467,3874.375,0.1,3867.375,3884.375,7.0,close_below_lower,0.04350989305529849,0.1,3879.375,0.5,0.0,0.0,0.0,,,False,2025-10-02 14:15:00+00:00,7468,3867.375,sl,-70.0,0.0,0.0,-70.0,-1.0,-4.898999999999887,2.286000000000058,-0.6998571428571267,0.3265714285714369,1,300.0,0.16,5.324714285714208,7.725286578975499,overlap,Thu,14,False
124,XAUUSDm,long,2025-10-02 14:20:00+00:00,7469,3866.671,0.1,3859.671,3876.671,7.0,close_below_lower,0.6257590059922528,0.1,3871.671,0.5,0.0,0.0,0.0,,,False,2025-10-02 14:25:00+00:00,7470,3859.671,sl,-70.0,0.0,0.0,-70.0,-1.0,-4.7590000000000146,0.16300000000001091,-0.6798571428571449,0.023285714285715846,1,300.0,0.16,5.674357142857064,7.845000964634361,overlap,Thu,14,False
125,XAUUSDm,long,2025-10-02 14:30:00+00:00,7471,3864.002,0.1,3857.002,3874.002,7.0,close_below_lower,0.4776281358386086,0.1,3869.002,0.5,0.0,0.0,0.0,,,False,2025-10-02 14:35:00+00:00,7472,3857.002,sl,-70.0,0.0,0.0,-70.0,-1.0,-7.641000000000076,2.036000000000058,-1.0915714285714395,0.2908571428571512,1,300.0,0.16,5.975357142857059,7.965171747524476,overlap,Thu,14,False
126,XAUUSDm,long,2025-10-02 14:40:00+00:00,7473,3844.975,0.1,3837.975,3854.975,7.0,close_below_lower,2.0701593941108607,0.1,3849.975,0.5,0.0,0.0,0.0,,,False,2025-10-02 14:45:00+00:00,7474,3837.975,sl,-70.0,0.0,0.0,-70.0,-1.0,-8.569999999999709,0.5920000000000982,-1.2242857142856727,0.0845714285714426,1,300.0,0.16,7.1947142857142286,8.177436963540906,overlap,Thu,14,False
127,XAUUSDm,long,2025-10-02 14:50:00+00:00,7475,3830.029,0.1,3830.029,3840.029,7.0,close_below_lower,2.756153544588394,0.05,3835.029,0.5,0.05,3835.029,25.0,7476.0,2025-10-02 14:55:00+00:00,True,2025-10-02 14:55:00+00:00,7476,3840.029,tp,75.0,0.0,0.0,75.0,1.0714285714285714,-4.748000000000047,6.239000000000033,-0.678285714285721,0.891285714285719,1,300.0,0.16,7.57721428571423,8.493597362455407,overlap,Thu,14,False
128,XAUUSDm,long,2025-10-02 15:00:00+00:00,7477,3839.99,0.1,3832.99,3849.99,7.0,close_below_lower,0.6933508265854362,0.1,3844.99,0.5,0.0,0.0,0.0,,,False,2025-10-02 15:10:00+00:00,7479,3832.99,sl,-70.0,0.0,0.0,-70.0,-1.0,-6.983999999999924,4.824000000000069,-0.9977142857142748,0.689142857142867,2,600.0,0.16,8.24099999999992,8.713024612924029,overlap,Thu,15,False
129,XAUUSDm,long,2025-10-02 15:15:00+00:00,7480,3836.652,0.1,3829.652,3846.652,7.0,close_below_lower,0.17143080008497008,0.1,3841.652,0.5,0.0,0.0,0.0,,,False,2025-10-02 15:30:00+00:00,7483,3829.652,sl,-70.0,0.0,0.0,-70.0,-1.0,-7.268000000000029,2.8079999999999927,-1.0382857142857185,0.4011428571428561,3,900.0,0.16,8.970071428571373,8.857785122240388,overlap,Thu,15,False
130,XAUUSDm,long,2025-10-02 15:35:00+00:00,7484,3828.9539999999997,0.1,3828.9539999999997,3838.954,7.0,close_below_lower,0.20038060453029166,0.05,3833.954,0.5,0.05,3833.954,25.000000000002274,7485.0,2025-10-02 15:40:00+00:00,True,2025-10-02 15:50:00+00:00,7487,3828.9539999999997,be_stop,25.000000000002274,0.0,0.0,25.000000000002274,0.3571428571428896,-9.623999999999796,7.247000000000298,-1.3748571428571137,1.035285714285757,3,900.0,0.16,9.054785714285734,8.949788480375066,overlap,Thu,15,False
131,XAUUSDm,short,2025-10-03 13:20:00+00:00,7733,3879.542,0.1,3879.542,3869.542,7.0,close_above_upper,0.005940861815182469,0.05,3874.542,0.5,0.05,3874.7019999999998,24.200000000000728,7735.0,2025-10-03 13:30:00+00:00,True,2025-10-03 13:35:00+00:00,7736,3884.6589999999997,be_stop,-1.3849999999979445,0.0,0.0,-1.3849999999979445,-0.019785714285684923,-5.260999999999967,6.85799999999972,-0.7515714285714239,0.9797142857142457,3,900.0,0.16,3.760500000000028,8.700366138721765,overlap,Fri,13,False
132,XAUUSDm,short,2025-10-03 13:45:00+00:00,7738,3886.758,0.1,3886.758,3876.758,7.0,close_above_upper,0.0454377422641165,0.05,3881.758,0.5,0.05,3881.9179999999997,24.200000000000728,7739.0,2025-10-03 13:50:00+00:00,True,2025-10-03 14:05:00+00:00,7742,3879.9269999999997,cross_center,58.35500000000138,0.0,0.0,58.35500000000138,0.8336428571428769,-3.893000000000029,7.464999999999691,-0.5561428571428613,1.0664285714285273,4,1200.0,0.16,4.4819285714285275,8.777653826072061,overlap,Fri,13,False
133,XAUUSDm,long,2025-10-03 14:15:00+00:00,7744,3867.3599999999997,0.1,3867.3599999999997,3877.36,7.0,close_below_lower,0.357816708697834,0.05,3872.36,0.5,0.05,3874.39,35.150000000001,7745.0,2025-10-03 14:20:00+00:00,True,2025-10-03 14:25:00+00:00,7746,3877.36,tp,85.15000000000327,0.0,0.0,85.15000000000327,1.2164285714286183,-0.4849999999996726,9.645000000000437,-0.06928571428566752,1.3778571428572053,2,600.0,0.16,6.648571428571358,8.853680448580057,overlap,Fri,14,False
134,XAUUSDm,short,2025-10-05 23:05:00+00:00,7837,3917.633,0.1,3917.633,3907.633,7.0,close_above_upper,1.4832237351930706,0.05,3912.633,0.5,0.05,3912.609,25.119999999999436,7838.0,2025-10-05 23:10:00+00:00,True,2025-10-05 23:15:00+00:00,7839,3907.7929999999997,tp,74.32000000000016,0.0,0.0,74.32000000000016,1.061714285714288,-3.3530000000000655,9.930999999999585,-0.47900000000000936,1.4187142857142265,2,600.0,0.16,4.817071428571418,9.239758316643481,rollover,Sun,23,False
135,XAUUSDm,short,2025-10-06 02:05:00+00:00,7873,3921.948,0.1,3928.948,3911.948,7.0,close_above_upper,0.24389756826046213,0.1,3916.948,0.5,0.0,0.0,0.0,,,False,2025-10-06 03:25:00+00:00,7889,3922.017,cross_center,-0.6899999999995998,0.0,0.0,-0.6899999999995998,-0.00985714285713714,-4.751000000000204,3.2649999999998727,-0.6787142857143148,0.46642857142855326,16,4800.0,0.16,3.837642857142847,9.947508453481298,asian,Mon,2,False
136,XAUUSDm,short,2025-10-06 13:45:00+00:00,8013,3944.769,0.1,3951.769,3934.769,7.0,close_above_upper,0.0849469808001667,0.1,3939.769,0.5,0.0,0.0,0.0,,,False,2025-10-06 14:30:00+00:00,8022,3951.9289999999996,sl,-71.59999999999854,0.0,0.0,-71.59999999999854,-1.022857142857122,-5.428000000000338,4.536999999999807,-0.7754285714286198,0.6481428571428296,9,2700.0,0.16,5.058499999999997,8.791158043959346,overlap,Mon,13,False
137,XAUUSDm,short,2025-10-06 14:35:00+00:00,8023,3954.536,0.1,3961.536,3944.536,7.0,close_above_upper,0.03887562651620604,0.1,3949.536,0.5,0.0,0.0,0.0,,,False,2025-10-06 15:10:00+00:00,8030,3951.381,cross_center,31.550000000002,0.0,0.0,31.550000000002,0.4507142857143143,-4.351999999999862,3.48700000000008,-0.621714285714266,0.4981428571428686,7,2100.0,0.16,6.150785714285673,9.099992874765462,overlap,Mon,14,False
138,XAUUSDm,short,2025-10-07 13:10:00+00:00,8282,3984.732,0.1,3984.732,3974.732,7.0,close_above_upper,0.11100256254310092,0.05,3979.732,0.5,0.05,3979.892,24.200000000000728,8284.0,2025-10-07 13:20:00+00:00,True,2025-10-07 13:30:00+00:00,8286,3974.892,tp,73.40000000000146,0.0,0.0,73.40000000000146,1.0485714285714494,-0.9050000000002001,7.336999999999989,-0.12928571428574287,1.0481428571428555,4,1200.0,0.16,3.937357142857146,9.917584777035373,overlap,Tue,13,False
139,XAUUSDm,long,2025-10-07 15:45:00+00:00,8313,3972.296,0.1,3965.296,3982.296,7.0,close_below_lower,0.010112419158057795,0.1,3977.296,0.5,0.0,0.0,0.0,,,False,2025-10-07 15:50:00+00:00,8314,3963.513,sl,-87.82999999999902,0.0,0.0,-87.82999999999902,-1.2547142857142717,-10.15899999999965,0.9190000000003238,-1.4512857142856643,0.13128571428576055,1,300.0,0.16,5.30114285714285,10.429457529946493,overlap,Tue,15,False
140,XAUUSDm,long,2025-10-07 15:55:00+00:00,8315,3965.094,0.1,3965.094,3975.094,7.0,close_below_lower,0.33042532446271655,0.05,3970.094,0.5,0.05,3970.094,25.0,8316.0,2025-10-07 16:00:00+00:00,True,2025-10-07 16:05:00+00:00,8317,3975.094,tp,75.0,0.0,0.0,75.0,1.0714285714285714,-3.2780000000002474,6.795000000000073,-0.4682857142857496,0.9707142857142961,2,600.0,0.16,5.8356428571428625,10.616446342788144,overlap,Tue,15,False
141,XAUUSDm,long,2025-10-08 19:10:00+00:00,8630,4034.0879999999997,0.1,4034.0879999999997,4044.088,7.0,close_below_lower,0.29942815857351207,0.05,4039.088,0.5,0.05,4041.514,37.13000000000193,8631.0,2025-10-08 19:15:00+00:00,True,2025-10-08 19:20:00+00:00,8632,4044.088,tp,87.1300000000042,0.0,0.0,87.1300000000042,1.2447142857143458,-0.15999999999985448,7.786000000000058,-0.022857142857122068,1.1122857142857225,2,600.0,0.16,5.477857142857082,10.294827267178228,newyork,Wed,19,False
142,XAUUSDm,long,2025-10-08 22:10:00+00:00,8654,4020.5409999999997,0.1,4020.5409999999997,4030.541,7.0,close_below_lower,0.9075816497417216,0.05,4025.541,0.5,0.05,4025.629,25.440000000000964,8655.0,2025-10-08 22:15:00+00:00,True,2025-10-08 22:40:00+00:00,8660,4020.5409999999997,be_stop,25.440000000000964,0.0,0.0,25.440000000000964,0.3634285714285852,-1.7679999999995744,7.456000000000131,-0.2525714285713678,1.0651428571428758,6,1800.0,0.16,4.925714285714354,10.149626059090558,rollover,Wed,22,False
143,XAUUSDm,long,2025-10-08 23:05:00+00:00,8665,4014.433,0.1,4014.433,4024.433,7.0,close_below_lower,0.016902405813912988,0.05,4019.433,0.5,0.05,4019.433,25.0,8666.0,2025-10-08 23:10:00+00:00,True,2025-10-08 23:20:00+00:00,8668,4014.433,be_stop,25.0,0.0,0.0,25.0,0.35714285714285715,-2.4850000000001273,7.550999999999931,-0.3550000000000182,1.0787142857142757,3,900.0,0.16,5.495500000000058,10.52567343247949,rollover,Wed,23,False
144,XAUUSDm,long,2025-10-08 23:50:00+00:00,8674,4005.449,0.1,4005.449,4015.449,7.0,close_below_lower,0.03606603197312278,0.05,4010.449,0.5,0.05,4012.016,32.835000000000036,8675.0,2025-10-08 23:55:00+00:00,True,2025-10-09 00:05:00+00:00,8677,4015.449,tp,82.83500000000004,0.0,0.0,82.83500000000004,1.1833571428571434,-4.219000000000051,9.596000000000004,-0.602714285714293,1.3708571428571434,3,900.0,0.16,4.93721428571426,10.598422906726363,rollover,Wed,23,False
145,XAUUSDm,short,2025-10-09 00:25:00+00:00,8681,4027.035,0.1,4027.035,4017.035,7.0,close_above_upper,0.02951983291356492,0.05,4022.035,0.5,0.05,4022.1949999999997,24.200000000000728,8685.0,2025-10-09 00:45:00+00:00,True,2025-10-09 01:00:00+00:00,8688,4017.1949999999997,tp,73.40000000000146,0.0,0.0,73.40000000000146,1.0485714285714494,-0.9160000000001673,7.339999999999691,-0.13085714285716676,1.0485714285713843,7,2100.0,0.16,5.800428571428548,10.709401816695658,asian,Thu,0,False
146,XAUUSDm,long,2025-10-09 01:05:00+00:00,8689,4009.227,0.1,4009.227,4019.227,7.0,close_below_lower,0.08451404181368834,0.05,4014.227,0.5,0.05,4014.227,25.0,8690.0,2025-10-09 01:10:00+00:00,True,2025-10-09 01:10:00+00:00,8690,4019.227,tp,75.0,0.0,0.0,75.0,1.0714285714285714,-0.8999999999996362,5.169000000000324,-0.1285714285713766,0.7384285714286177,1,300.0,0.16,5.401714285714304,10.776901021433265,asian,Thu,1,False
147,XAUUSDm,long,2025-10-09 02:05:00+00:00,8701,4012.12,0.1,4012.12,4022.12,7.0,close_below_lower,0.08204504144360046,0.05,4017.12,0.5,0.05,4017.12,25.0,8702.0,2025-10-09 02:10:00+00:00,True,2025-10-09 02:15:00+00:00,8703,4012.12,be_stop,25.0,0.0,0.0,25.0,0.35714285714285715,-1.5360000000000582,5.405999999999949,-0.21942857142857974,0.772285714285707,2,600.0,0.16,7.201142857142811,11.030276618423308,asian,Thu,2,False
148,XAUUSDm,long,2025-10-09 02:20:00+00:00,8704,4008.72,0.1,4008.72,4018.72,7.0,close_below_lower,0.07362419832260167,0.05,4013.72,0.5,0.05,4014.13,27.050000000001546,8705.0,2025-10-09 02:25:00+00:00,True,2025-10-09 02:30:00+00:00,8706,4008.72,be_stop,27.050000000001546,0.0,0.0,27.050000000001546,0.3864285714285935,-0.24399999999968713,6.232000000000426,-0.034857142857098164,0.8902857142857751,2,600.0,0.16,7.053214285714278,11.164315131820825,asian,Thu,2,False
149,XAUUSDm,long,2025-10-09 13:45:00+00:00,8841,4031.538,0.1,4024.538,4041.538,7.0,close_below_lower,0.637208025209798,0.1,4036.538,0.5,0.0,0.0,0.0,,,False,2025-10-09 13:50:00+00:00,8842,4024.538,sl,-70.0,0.0,0.0,-70.0,-1.0,-12.365999999999985,3.407000000000153,-1.7665714285714265,0.4867142857143075,1,300.0,0.16,6.233714285714346,10.449826257019556,overlap,Thu,13,False
150,XAUUSDm,long,2025-10-09 13:55:00+00:00,8843,4021.9759999999997,0.1,4014.976,4031.976,7.0,close_below_lower,1.0701015907980873,0.1,4026.976,0.5,0.0,0.0,0.0,,,False,2025-10-09 14:00:00+00:00,8844,4014.976,sl,-69.99999999999545,0.0,0.0,-69.99999999999545,-0.999999999999935,-5.20299999999952,6.027000000000498,-0.7432857142856457,0.8610000000000712,1,300.0,0.16,7.49800000000008,10.667370368556568,overlap,Thu,13,False
151,XAUUSDm,long,2025-10-09 14:05:00+00:00,8845,4022.752,0.1,4022.752,4032.752,7.0,close_below_lower,0.46362276099542077,0.05,4027.752,0.5,0.05,4027.752,25.0,8847.0,2025-10-09 14:15:00+00:00,True,2025-10-09 14:20:00+00:00,8848,4022.752,be_stop,25.0,0.0,0.0,25.0,0.35714285714285715,-3.5109999999999673,6.295999999999822,-0.5015714285714239,0.8994285714285459,3,900.0,0.16,8.24950000000006,10.899015802039628,overlap,Thu,14,False
152,XAUUSDm,long,2025-10-09 14:25:00+00:00,8849,4010.287,0.1,4010.287,4020.287,7.0,close_below_lower,0.784025292493951,0.05,4015.287,0.5,0.05,4015.287,25.0,8851.0,2025-10-09 14:35:00+00:00,True,2025-10-09 14:40:00+00:00,8852,4010.287,be_stop,25.0,0.0,0.0,25.0,0.35714285714285715,-6.35799999999972,6.381000000000313,-0.9082857142856743,0.9115714285714732,3,900.0,0.16,9.754071428571478,11.168284284713607,overlap,Thu,14,False
153,XAUUSDm,long,2025-10-09 16:35:00+00:00,8875,3998.8289999999997,0.1,3991.829,4008.829,7.0,close_below_lower,0.2771793586083849,0.1,4003.829,0.5,0.0,0.0,0.0,,,False,2025-10-09 16:40:00+00:00,8876,3986.594,sl,-122.34999999999673,0.0,0.0,-122.34999999999673,-1.7478571428570961,-12.692999999999756,3.0780000000004293,-1.8132857142856795,0.43971428571434706,1,300.0,0.16,6.197857142857109,11.938601959918653,newyork,Thu,16,False
154,XAUUSDm,long,2025-10-09 16:45:00+00:00,8877,3986.787,0.1,3979.787,3996.787,7.0,close_below_lower,0.7817908780627816,0.1,3991.787,0.5,0.0,0.0,0.0,,,False,2025-10-09 16:50:00+00:00,8878,3979.787,sl,-70.0,0.0,0.0,-70.0,-1.0,-9.952999999999975,0.0,-1.4218571428571392,0.0,1,300.0,0.16,7.355714285714287,12.190283825527839,newyork,Thu,16,False
155,XAUUSDm,long,2025-10-09 16:55:00+00:00,8879,3970.6279999999997,0.1,3963.628,3980.628,7.0,close_below_lower,1.4788982020551258,0.1,3975.628,0.5,0.0,0.0,0.0,,,False,2025-10-09 17:05:00+00:00,8881,3963.628,sl,-69.99999999999545,0.0,0.0,-69.99999999999545,-0.999999999999935,-6.62099999999964,3.7960000000002765,-0.9458571428570914,0.5422857142857538,2,600.0,0.16,8.332857142857133,12.461174866551994,newyork,Thu,16,False
156,XAUUSDm,long,2025-10-09 17:10:00+00:00,8882,3967.7149999999997,0.1,3960.715,3977.715,7.0,close_below_lower,0.767610586184173,0.1,3972.715,0.5,0.0,0.0,0.0,,,False,2025-10-09 17:15:00+00:00,8883,3952.099,sl,-156.1599999999953,0.0,0.0,-156.1599999999953,-2.230857142857076,-16.835999999999785,1.7780000000002474,-2.4051428571428266,0.25400000000003536,1,300.0,0.16,8.993142857142857,12.835003609667123,newyork,Thu,17,False
157,XAUUSDm,long,2025-10-09 17:20:00+00:00,8884,3963.8109999999997,0.1,3956.811,3973.811,7.0,close_below_lower,0.3968762440393084,0.1,3968.811,0.5,0.0,0.0,0.0,,,False,2025-10-09 17:25:00+00:00,8885,3956.454,sl,-73.56999999999516,0.0,0.0,-73.56999999999516,-1.0509999999999309,-7.62099999999964,3.7350000000001273,-1.0887142857142342,0.5335714285714468,1,300.0,0.16,10.967500000000005,13.112430705475003,newyork,Thu,17,False
158,XAUUSDm,long,2025-10-09 17:30:00+00:00,8886,3959.334,0.1,3952.334,3969.334,7.0,close_below_lower,0.1976450354131643,0.1,3964.334,0.5,0.0,0.0,0.0,,,False,2025-10-09 17:45:00+00:00,8889,3952.334,sl,-70.0,0.0,0.0,-70.0,-1.0,-3.592999999999847,4.2150000000001455,-0.5132857142856925,0.602142857142878,3,900.0,0.16,11.53592857142855,13.321984102890706,newyork,Thu,17,False
159,XAUUSDm,long,2025-10-10 04:15:00+00:00,9003,3948.1969999999997,0.1,3948.1969999999997,3958.197,7.0,close_below_lower,0.20979088761267645,0.05,3953.197,0.5,0.05,3955.772,37.875000000001364,9004.0,2025-10-10 04:20:00+00:00,True,2025-10-10 04:25:00+00:00,9005,3958.197,tp,87.87500000000364,0.0,0.0,87.87500000000364,1.2553571428571948,-0.15999999999985448,9.674000000000433,-0.022857142857122068,1.3820000000000618,2,600.0,0.16,5.569714285714293,14.245763762567472,asian,Fri,4,False
160,XAUUSDm,short,2025-10-10 08:10:00+00:00,9050,3985.574,0.1,3992.574,3975.574,7.0,close_above_upper,0.12752013576498106,0.1,3980.574,0.5,0.0,0.0,0.0,,,False,2025-10-10 08:45:00+00:00,9057,3992.734,sl,-71.59999999999854,0.0,0.0,-71.59999999999854,-1.022857142857122,-4.976000000000113,1.5,-0.710857142857159,0.21428571428571427,7,2100.0,0.16,5.911571428571473,14.578186912203858,london,Fri,8,False
161,XAUUSDm,short,2025-10-10 15:10:00+00:00,9134,4010.664,0.1,4010.664,4000.664,7.0,close_above_upper,0.45177337355972136,0.05,4005.664,0.5,0.05,4005.824,24.200000000000728,9136.0,2025-10-10 15:20:00+00:00,True,2025-10-10 15:25:00+00:00,9137,4015.287,be_stop,1.0850000000027649,0.0,0.0,1.0850000000027649,0.015500000000039498,-4.584999999999582,8.583000000000084,-0.6549999999999402,1.2261428571428692,3,900.0,0.16,7.862214285714377,15.141825153655859,overlap,Fri,15,False
162,XAUUSDm,short,2025-10-10 15:30:00+00:00,9138,4016.726,0.1,4016.726,4006.726,7.0,close_above_upper,0.18269444823622394,0.05,4011.726,0.5,0.05,4011.515,26.0550000000012,9139.0,2025-10-10 15:35:00+00:00,True,2025-10-10 15:40:00+00:00,9140,4006.886,tp,75.25500000000193,0.0,0.0,75.25500000000193,1.0750714285714562,-6.098999999999705,5.523000000000138,-0.8712857142856721,0.7890000000000198,2,600.0,0.16,7.972214285714342,15.460305048565495,overlap,Fri,15,False
163,XAUUSDm,long,2025-10-10 16:20:00+00:00,9148,3977.816,0.1,3977.816,3987.816,7.0,close_below_lower,0.3502808359262506,0.05,3982.816,0.5,0.05,3984.662,34.23000000000002,9149.0,2025-10-10 16:25:00+00:00,True,2025-10-10 16:25:00+00:00,9149,3987.816,tp,84.23000000000002,0.0,0.0,84.23000000000002,1.2032857142857145,-0.15999999999985448,8.805000000000291,-0.022857142857122068,1.2578571428571845,1,300.0,0.16,10.147785714285646,15.90770628234554,newyork,Fri,16,False
164,XAUUSDm,short,2025-10-12 22:25:00+00:00,9208,4039.694,0.1,4039.694,4029.694,7.0,close_above_upper,0.44324593602608037,0.05,4034.694,0.5,0.05,4034.854,24.200000000000728,9209.0,2025-10-12 22:30:00+00:00,True,2025-10-12 22:55:00+00:00,9214,4039.854,be_stop,23.400000000001455,0.0,0.0,23.400000000001455,0.33428571428573506,-5.641000000000076,7.032999999999902,-0.8058571428571538,1.0047142857142717,6,1800.0,0.16,7.494142857142833,15.4863510779483,rollover,Sun,22,False
165,XAUUSDm,short,2025-10-12 23:05:00+00:00,9216,4050.223,0.1,4057.223,4040.223,7.0,close_above_upper,0.04288256573405468,0.1,4045.223,0.5,0.0,0.0,0.0,,,False,2025-10-12 23:10:00+00:00,9217,4060.131,sl,-99.07999999999902,0.0,0.0,-99.07999999999902,-1.4154285714285575,-9.970000000000255,2.1790000000000873,-1.4242857142857506,0.31128571428572677,1,300.0,0.16,8.68285714285714,15.974108860682978,rollover,Sun,23,False
166,XAUUSDm,short,2025-10-13 00:45:00+00:00,9236,4057.037,0.1,4057.037,4047.037,7.0,close_above_upper,0.06733463588150626,0.05,4052.037,0.5,0.05,4046.384,53.26499999999896,9237.0,2025-10-13 00:50:00+00:00,True,2025-10-13 00:50:00+00:00,9237,4046.384,tp,106.52999999999793,0.0,0.0,106.52999999999793,1.5218571428571133,-2.8890000000001237,14.41399999999976,-0.4127142857143034,2.059142857142823,1,300.0,0.16,8.017785714285699,16.29536536954583,asian,Mon,0,False
167,XAUUSDm,short,2025-10-13 23:40:00+00:00,9499,4129.865,0.1,4129.865,4119.865,7.0,close_above_upper,0.04593155455890501,0.05,4124.865,0.5,0.05,4125.025,24.200000000000728,9503.0,2025-10-14 00:00:00+00:00,True,2025-10-14 00:05:00+00:00,9504,4121.512,cross_center,65.96500000000106,0.0,0.0,65.96500000000106,0.9423571428571579,-2.157000000000153,9.664999999999964,-0.308142857142879,1.3807142857142805,5,1500.0,0.16,3.579285714285496,13.057007674155322,rollover,Mon,23,False
168,XAUUSDm,short,2025-10-14 01:25:00+00:00,9520,4146.345,0.1,4146.345,4136.345,7.0,close_above_upper,0.14441946653702337,0.05,4141.345,0.5,0.05,4141.505,24.200000000000728,9521.0,2025-10-14 01:30:00+00:00,True,2025-10-14 01:35:00+00:00,9522,4146.715,be_stop,22.350000000001273,0.0,0.0,22.350000000001273,0.3192857142857325,-3.581999999999425,5.064000000000306,-0.5117142857142036,0.723428571428615,2,600.0,0.16,5.1556428571429285,12.916719633130757,asian,Tue,1,False
169,XAUUSDm,long,2025-10-14 05:40:00+00:00,9571,4141.289,0.1,4134.289,4151.289,7.0,close_below_lower,1.1379170589456447,0.1,4146.289,0.5,0.0,0.0,0.0,,,False,2025-10-14 05:45:00+00:00,9572,4119.737,sl,-215.5199999999968,0.0,0.0,-215.5199999999968,-3.078857142857097,-22.12199999999939,10.351000000000568,-3.160285714285627,1.4787142857143667,1,300.0,0.16,7.111357142857157,12.979314091809513,asian,Tue,5,False
170,XAUUSDm,long,2025-10-14 05:50:00+00:00,9573,4116.2699999999995,0.1,4116.2699999999995,4126.27,7.0,close_below_lower,2.2074507805587813,0.05,4121.27,0.5,0.05,4136.972,103.51000000000113,9574.0,2025-10-14 05:55:00+00:00,True,2025-10-14 05:55:00+00:00,9574,4136.972,tp,207.02000000000226,0.0,0.0,207.02000000000226,2.9574285714286037,-0.4029999999993379,21.218000000000757,-0.05757142857133398,3.031142857142965,1,300.0,0.16,9.961714285714281,13.488857966764675,asian,Tue,5,False
171,XAUUSDm,long,2025-10-14 06:00:00+00:00,9575,4121.326,0.1,4121.326,4131.326,7.0,close_below_lower,1.256347940276728,0.05,4126.326,0.5,0.05,4126.326,25.0,9576.0,2025-10-14 06:05:00+00:00,True,2025-10-14 06:10:00+00:00,9577,4121.326,be_stop,25.0,0.0,0.0,25.0,0.35714285714285715,-5.653000000000247,12.556999999999789,-0.8075714285714639,1.7938571428571126,2,600.0,0.16,12.575571428571427,13.755326454823116,asian,Tue,6,False
172,XAUUSDm,long,2025-10-14 06:15:00+00:00,9578,4111.43,0.1,4104.43,4121.43,7.0,close_below_lower,1.074146008928287,0.1,4116.43,0.5,0.0,0.0,0.0,,,False,2025-10-14 06:20:00+00:00,9579,4104.43,sl,-70.0,0.0,0.0,-70.0,-1.0,-1.9160000000001673,7.121000000000095,-0.2737142857143096,1.017285714285728,1,300.0,0.16,15.222571428571362,14.157146799418722,asian,Tue,6,False
173,XAUUSDm,long,2025-10-14 06:25:00+00:00,9580,4099.548,0.1,4099.548,4109.548,7.0,close_below_lower,1.2292207893963079,0.05,4104.548,0.5,0.05,4114.045,72.48500000000149,9581.0,2025-10-14 06:30:00+00:00,True,2025-10-14 06:30:00+00:00,9581,4114.045,tp,144.97000000000298,0.0,0.0,144.97000000000298,2.071000000000043,-0.5540000000000873,15.42200000000048,-0.07914285714286962,2.2031428571429257,1,300.0,0.16,16.65942857142857,14.477914572108876,asian,Tue,6,False
174,XAUUSDm,long,2025-10-14 06:40:00+00:00,9583,4104.304,0.1,4097.304,4114.304,7.0,close_below_lower,0.231019003020824,0.1,4109.304,0.5,0.0,0.0,0.0,,,False,2025-10-14 06:45:00+00:00,9584,4097.304,sl,-70.0,0.0,0.0,-70.0,-1.0,-5.618999999999687,4.194999999999709,-0.802714285714241,0.5992857142856727,1,300.0,0.16,18.299785714285786,14.71891976135268,asian,Tue,6,False
175,XAUUSDm,long,2025-10-14 06:50:00+00:00,9585,4098.705,0.1,4098.705,4108.705,7.0,close_below_lower,0.15128100502160735,0.05,4103.705,0.5,0.05,4109.378,53.36499999999887,9586.0,2025-10-14 06:55:00+00:00,True,2025-10-14 06:55:00+00:00,9586,4109.378,tp,106.72999999999774,0.0,0.0,106.72999999999774,1.5247142857142535,-0.15999999999985448,11.694000000000415,-0.022857142857122068,1.6705714285714879,1,300.0,0.16,16.483499999999985,14.92418750588771,asian,Tue,6,False
176,XAUUSDm,short,2025-10-14 08:15:00+00:00,9602,4140.846,0.1,4140.846,4130.846,7.0,close_above_upper,0.1231852285810198,0.05,4135.846,0.5,0.05,4136.005999999999,24.200000000000728,9607.0,2025-10-14 08:40:00+00:00,True,2025-10-14 08:40:00+00:00,9607,4131.005999999999,tp,73.40000000000146,0.0,0.0,73.40000000000146,1.0485714285714494,-4.371000000000095,4.03899999999976,-0.624428571428585,0.5769999999999657,5,1500.0,0.16,7.359285714285761,15.411299211039301,london,Tue,8,False
177,XAUUSDm,long,2025-10-14 12:40:00+00:00,9655,4110.764999999999,0.1,4103.765,4120.765,7.0,close_below_lower,0.008589728669416123,0.1,4115.765,0.5,0.0,0.0,0.0,,,False,2025-10-14 12:55:00+00:00,9658,4103.765,sl,-69.9999999999909,0.0,0.0,-69.9999999999909,-0.9999999999998701,-4.518999999999323,4.199000000000524,-0.6455714285713319,0.5998571428572177,3,900.0,0.16,5.155071428571448,14.77090443368658,overlap,Tue,12,False
178,XAUUSDm,short,2025-10-14 22:15:00+00:00,9758,4160.974,0.1,4160.974,4150.974,7.0,close_above_upper,0.1076859851626378,0.05,4155.974,0.5,0.05,4156.134,24.200000000000728,9759.0,2025-10-14 22:20:00+00:00,True,2025-10-14 22:30:00+00:00,9761,4151.134,tp,73.40000000000146,0.0,0.0,73.40000000000146,1.0485714285714494,-2.90099999999984,9.829999999999927,-0.41442857142854855,1.404285714285704,3,900.0,0.16,3.5508571428569797,13.931472066504863,rollover,Tue,22,False
179,XAUUSDm,long,2025-10-15 09:20:00+00:00,9891,4192.187,0.1,4185.187,4202.187,7.0,close_below_lower,0.1301174331470886,0.1,4197.187,0.5,0.0,0.0,0.0,,,False,2025-10-15 09:25:00+00:00,9892,4184.307,sl,-78.80000000000109,0.0,0.0,-78.80000000000109,-1.1257142857143012,-27.436999999999898,0.6859999999996944,-3.919571428571414,0.09799999999995634,1,300.0,0.16,5.2457857142857005,15.282337831688952,london,Wed,9,False
180,XAUUSDm,long,2025-10-16 05:35:00+00:00,10122,4210.902,0.1,4203.902,4220.902,7.0,close_below_lower,0.4226696847612103,0.1,4215.902,0.5,0.0,0.0,0.0,,,False,2025-10-16 05:55:00+00:00,10126,4203.902,sl,-70.0,0.0,0.0,-70.0,-1.0,-6.945999999999913,3.4049999999997453,-0.9922857142857018,0.4864285714285351,4,1200.0,0.16,5.248571428571462,12.676869845938404,asian,Thu,5,False
181,XAUUSDm,long,2025-10-16 06:00:00+00:00,10127,4205.075,0.1,4205.075,4215.075,7.0,close_below_lower,0.021791504585782065,0.05,4210.075,0.5,0.05,4216.808,58.66500000000087,10128.0,2025-10-16 06:05:00+00:00,True,2025-10-16 06:05:00+00:00,10128,4216.808,tp,117.33000000000175,0.0,0.0,117.33000000000175,1.676142857142882,-1.4229999999997744,11.704999999999927,-0.20328571428568207,1.6721428571428467,1,300.0,0.16,6.597928571428513,12.940589915310117,asian,Thu,6,False
182,XAUUSDm,short,2025-10-16 14:15:00+00:00,10226,4265.243,0.1,4265.243,4255.243,7.0,close_above_upper,0.038148192564812985,0.05,4260.243,0.5,0.05,4260.403,24.200000000000728,10227.0,2025-10-16 14:20:00+00:00,True,2025-10-16 14:30:00+00:00,10229,4265.403,be_stop,23.400000000001455,0.0,0.0,23.400000000001455,0.33428571428573506,0.0,9.469000000000051,0.0,1.352714285714293,3,900.0,0.16,7.4334999999999,12.169564053256956,overlap,Thu,14,False
183,XAUUSDm,short,2025-10-16 20:05:00+00:00,10296,4314.694,0.1,4321.694,4304.694,7.0,close_above_upper,0.2865852327414697,0.1,4309.694,0.5,0.0,0.0,0.0,,,False,2025-10-16 20:45:00+00:00,10304,4321.854,sl,-71.59999999999854,0.0,0.0,-71.59999999999854,-1.022857142857122,-5.936999999999898,2.9550000000008367,-0.8481428571428425,0.42214285714297667,8,2400.0,0.16,5.692571428571227,12.711351849383995,newyork,Thu,20,False
184,XAUUSDm,short,2025-10-16 20:55:00+00:00,10306,4329.294,0.1,4336.294,4319.294,7.0,close_above_upper,0.11738732723449179,0.1,4324.294,0.5,0.0,0.0,0.0,,,False,2025-10-16 22:00:00+00:00,10307,4345.235,sl,-159.40999999999804,0.0,0.0,-159.40999999999804,-2.277285714285686,-0.8900000000003274,3.367000000000189,-0.1271428571429039,0.481000000000027,1,3900.0,0.16,6.085571428571582,13.021059141965761,newyork,Thu,20,False
185,XAUUSDm,short,2025-10-16 22:05:00+00:00,10308,4337.289,0.1,4344.289,4327.289,7.0,close_above_upper,0.3696779351041492,0.1,4332.289,0.5,0.0,0.0,0.0,,,False,2025-10-16 22:10:00+00:00,10309,4351.8189999999995,sl,-145.29999999999745,0.0,0.0,-145.29999999999745,-2.075714285714249,-16.123999999999796,4.592999999999847,-2.3034285714285425,0.6561428571428353,1,300.0,0.16,6.3815000000001545,13.18269190839344,rollover,Thu,22,False
186,XAUUSDm,short,2025-10-16 22:15:00+00:00,10310,4349.839,0.1,4356.839,4339.839,7.0,close_above_upper,0.7534486473505466,0.1,4344.839,0.5,0.0,0.0,0.0,,,False,2025-10-16 22:20:00+00:00,10311,4369.191,sl,-193.51999999999862,0.0,0.0,-193.51999999999862,-2.7645714285714087,-30.234999999999673,0.6779999999998836,-4.319285714285668,0.09685714285712622,1,300.0,0.16,7.344071428571559,13.423059930050663,rollover,Thu,22,False
187,XAUUSDm,short,2025-10-16 22:25:00+00:00,10312,4360.478,0.1,4367.478,4350.478,7.0,close_above_upper,0.8471925572165009,0.1,4355.478,0.5,0.0,0.0,0.0,,,False,2025-10-16 22:30:00+00:00,10313,4367.956,sl,-74.78000000000065,0.0,0.0,-74.78000000000065,-1.0682857142857236,-7.438000000000102,0.5510000000003856,-1.0625714285714432,0.0787142857143408,1,300.0,0.16,9.72364285714288,13.716824409670362,rollover,Thu,22,False
188,XAUUSDm,short,2025-10-16 22:35:00+00:00,10314,4356.669,0.1,4363.669,4346.669,7.0,close_above_upper,0.0304905824038618,0.1,4351.669,0.5,0.0,0.0,0.0,,,False,2025-10-16 22:45:00+00:00,10316,4363.829,sl,-71.59999999999854,0.0,0.0,-71.59999999999854,-1.022857142857122,-4.354000000000269,13.657000000000153,-0.6220000000000384,1.9510000000000218,2,600.0,0.16,10.529785714285676,13.926249147093497,rollover,Thu,22,False
189,XAUUSDm,long,2025-10-17 01:20:00+00:00,10347,4337.077,0.1,4330.077,4347.077,7.0,close_below_lower,0.4042809666987935,0.1,4342.077,0.5,0.0,0.0,0.0,,,False,2025-10-17 01:30:00+00:00,10349,4330.077,sl,-70.0,0.0,0.0,-70.0,-1.0,-9.076000000000022,4.074999999999818,-1.2965714285714316,0.5821428571428312,2,600.0,0.16,9.768857142857152,14.253039299326382,asian,Fri,1,False
190,XAUUSDm,long,2025-10-17 01:35:00+00:00,10350,4322.892,0.1,4315.892,4332.892,7.0,close_below_lower,0.7901425744436553,0.1,4327.892,0.5,0.0,0.0,0.0,,,False,2025-10-17 01:40:00+00:00,10351,4315.892,sl,-70.0,0.0,0.0,-70.0,-1.0,-10.17699999999968,4.4210000000002765,-1.4538571428570972,0.6315714285714681,1,300.0,0.16,11.235714285714298,14.55918618184612,asian,Fri,1,False
191,XAUUSDm,long,2025-10-17 01:45:00+00:00,10352,4290.988,0.1,4290.988,4300.988,7.0,close_below_lower,2.238139955313472,0.05,4295.988,0.5,0.05,4300.572,47.91999999999916,10353.0,2025-10-17 01:50:00+00:00,True,2025-10-17 01:50:00+00:00,10353,4300.988,tp,97.91999999999916,0.0,0.0,97.91999999999916,1.3988571428571308,-11.280999999999949,17.69499999999971,-1.6115714285714213,2.5278571428571013,1,300.0,0.16,14.772714285714367,14.989726898079354,asian,Fri,1,False
192,XAUUSDm,long,2025-10-17 01:55:00+00:00,10354,4293.1179999999995,0.1,4293.1179999999995,4303.118,7.0,close_below_lower,1.3528295342861283,0.05,4298.118,0.5,0.05,4314.035,104.58500000000186,10355.0,2025-10-17 02:00:00+00:00,True,2025-10-17 02:00:00+00:00,10355,4314.035,tp,209.1700000000037,0.0,0.0,209.1700000000037,2.9881428571429103,-1.9219999999995707,21.090000000000146,-0.27457142857136724,3.0128571428571638,1,300.0,0.16,16.877642857142877,15.364281345485708,asian,Fri,1,False
193,XAUUSDm,short,2025-10-17 02:50:00+00:00,10365,4345.662,0.1,4345.662,4335.662,7.0,close_above_upper,0.021961796458042946,0.05,4340.662,0.5,0.05,4340.822,24.200000000000728,10366.0,2025-10-17 02:55:00+00:00,True,2025-10-17 03:00:00+00:00,10367,4345.822,be_stop,23.400000000001455,0.0,0.0,23.400000000001455,0.33428571428573506,-2.8539999999993597,6.9780000000000655,-0.40771428571419427,0.9968571428571522,2,600.0,0.16,14.677285714285713,15.716880433904027,asian,Fri,2,False
194,XAUUSDm,short,2025-10-17 03:15:00+00:00,10370,4358.721,0.1,4365.721,4348.721,7.0,close_above_upper,0.19230018056939893,0.1,4353.721,0.5,0.0,0.0,0.0,,,False,2025-10-17 03:55:00+00:00,10378,4365.880999999999,sl,-71.59999999999854,0.0,0.0,-71.59999999999854,-1.022857142857122,-4.926000000000386,4.489999999999782,-0.7037142857143408,0.6414285714285403,8,2400.0,0.16,8.657285714285665,15.996417550340354,asian,Fri,3,False
195,XAUUSDm,long,2025-10-17 07:20:00+00:00,10419,4341.9169999999995,0.1,4341.9169999999995,4351.917,7.0,close_below_lower,0.010654795574634748,0.05,4346.917,0.5,0.05,4346.917,25.000000000004547,10420.0,2025-10-17 07:25:00+00:00,True,2025-10-17 07:30:00+00:00,10421,4338.687,be_stop,8.85000000000673,0.0,0.0,8.85000000000673,0.12642857142866756,-32.96599999999944,9.917000000000371,-4.709428571428491,1.4167142857143387,2,600.0,0.16,8.803500000000115,16.045187769030406,london,Fri,7,False
196,XAUUSDm,long,2025-10-17 08:10:00+00:00,10429,4323.465,0.1,4323.465,4333.465,7.0,close_below_lower,0.18261431654997123,0.05,4328.465,0.5,0.05,4334.211,53.73000000000047,10430.0,2025-10-17 08:15:00+00:00,True,2025-10-17 08:15:00+00:00,10430,4334.211,tp,107.46000000000095,0.0,0.0,107.46000000000095,1.5351428571428707,-0.36999999999989086,12.536000000000058,-0.05285714285712727,1.7908571428571511,1,300.0,0.16,13.413642857143063,16.31969418903322,london,Fri,8,False
197,XAUUSDm,long,2025-10-17 11:35:00+00:00,10470,4308.8369999999995,0.1,4308.8369999999995,4318.837,7.0,close_below_lower,0.18040551494309742,0.05,4313.837,0.5,0.05,4319.199,51.8100000000004,10471.0,2025-10-17 11:40:00+00:00,True,2025-10-17 11:40:00+00:00,10471,4319.199,tp,103.6200000000008,0.0,0.0,103.6200000000008,1.4802857142857258,-3.9549999999999272,10.569000000000415,-0.5649999999999896,1.509857142857202,1,300.0,0.16,10.192999999999822,16.23297061610434,london,Fri,11,False
198,XAUUSDm,long,2025-10-17 11:45:00+00:00,10472,4307.683,0.1,4300.683,4317.683,7.0,close_below_lower,0.019819116368811947,0.1,4312.683,0.5,0.0,0.0,0.0,,,False,2025-10-17 11:50:00+00:00,10473,4300.683,sl,-70.0,0.0,0.0,-70.0,-1.0,-1.863999999999578,6.657000000000153,-0.266285714285654,0.9510000000000218,1,300.0,0.16,11.155285714285583,16.330387115733387,london,Fri,11,False
199,XAUUSDm,long,2025-10-17 11:55:00+00:00,10474,4302.396,0.1,4295.396,4312.396,7.0,close_below_lower,0.0653286874027717,0.1,4307.396,0.5,0.0,0.0,0.0,,,False,2025-10-17 12:00:00+00:00,10475,4287.178,sl,-152.17999999999847,0.0,0.0,-152.17999999999847,-2.173999999999978,-15.742999999999483,2.717000000000553,-2.2489999999999264,0.3881428571429361,1,300.0,0.16,10.649071428571265,16.49525862241238,london,Fri,11,False
200,XAUUSDm,long,2025-10-17 12:05:00+00:00,10476,4287.964,0.1,4287.964,4297.964,7.0,close_below_lower,0.46546557459376775,0.05,4292.964,0.5,0.05,4303.18,76.08000000000175,10477.0,2025-10-17 12:10:00+00:00,True,2025-10-17 12:10:00+00:00,10477,4303.18,tp,152.1600000000035,0.0,0.0,152.1600000000035,2.1737142857143357,-0.7439999999996871,17.77599999999984,-0.10628571428566959,2.5394285714285485,1,300.0,0.16,11.674785714285592,16.781164184058657,overlap,Fri,12,False
201,XAUUSDm,long,2025-10-17 13:40:00+00:00,10495,4281.593,0.1,4281.593,4291.593,7.0,close_below_lower,0.4297033387485091,0.05,4286.593,0.5,0.05,4286.593,25.0,10496.0,2025-10-17 13:45:00+00:00,True,2025-10-17 13:45:00+00:00,10496,4291.593,tp,75.0,0.0,0.0,75.0,1.0714285714285714,-4.871000000000095,9.833999999999833,-0.6958571428571564,1.404857142857119,1,300.0,0.16,12.791785714285586,17.255545726355248,overlap,Fri,13,False
202,XAUUSDm,long,2025-10-17 13:50:00+00:00,10497,4282.806,0.1,4275.806,4292.806,7.0,close_below_lower,0.08665910920100708,0.1,4287.806,0.5,0.0,0.0,0.0,,,False,2025-10-17 13:55:00+00:00,10498,4275.806,sl,-70.0,0.0,0.0,-70.0,-1.0,-5.0349999999998545,8.376000000000204,-0.7192857142856935,1.1965714285714577,1,300.0,0.16,12.976785714285532,17.383257401845263,overlap,Fri,13,False
203,XAUUSDm,long,2025-10-17 14:00:00+00:00,10499,4274.124,0.1,4267.124,4284.124,7.0,close_below_lower,0.31485918119103046,0.1,4279.124,0.5,0.0,0.0,0.0,,,False,2025-10-17 14:05:00+00:00,10500,4238.355,sl,-357.6900000000023,0.0,0.0,-357.6900000000023,-5.109857142857176,-37.396999999999935,0.555000000000291,-5.342428571428562,0.07928571428575586,1,300.0,0.16,14.28685714285705,17.532443127245774,overlap,Fri,14,False
204,XAUUSDm,long,2025-10-17 14:10:00+00:00,10501,4237.672,0.1,4230.672,4247.672,7.0,close_below_lower,1.5910897407734694,0.1,4242.672,0.5,0.0,0.0,0.0,,,False,2025-10-17 14:15:00+00:00,10502,4217.58,sl,-200.91999999999643,0.0,0.0,-200.91999999999643,-2.8702857142856635,-20.738999999999578,15.057999999999993,-2.9627142857142252,2.151142857142856,1,300.0,0.16,17.546785714285697,18.105579688906754,overlap,Fri,14,False
205,XAUUSDm,long,2025-10-17 14:20:00+00:00,10503,4236.4,0.1,4229.4,4246.4,7.0,close_below_lower,0.8716756198438115,0.1,4241.4,0.5,0.0,0.0,0.0,,,False,2025-10-17 14:25:00+00:00,10504,4226.003,sl,-103.96999999999935,0.0,0.0,-103.96999999999935,-1.485285714285705,-19.549999999999272,1.430000000000291,-2.792857142857039,0.20428571428575587,1,300.0,0.16,20.330642857142784,18.65135538005589,overlap,Fri,14,False
206,XAUUSDm,long,2025-10-17 14:30:00+00:00,10505,4241.117,0.1,4234.117,4251.117,7.0,close_below_lower,0.040559094095893894,0.1,4246.117,0.5,0.0,0.0,0.0,,,False,2025-10-17 14:35:00+00:00,10506,4234.117,sl,-70.0,0.0,0.0,-70.0,-1.0,-4.887000000000626,6.697999999999411,-0.6981428571429465,0.9568571428570587,1,300.0,0.16,21.594999999999995,18.993998921744705,overlap,Fri,14,False
207,XAUUSDm,long,2025-10-17 16:30:00+00:00,10529,4214.973,0.1,4207.973,4224.973,7.0,close_below_lower,0.17320814744488477,0.1,4219.973,0.5,0.0,0.0,0.0,,,False,2025-10-17 16:35:00+00:00,10530,4207.973,sl,-70.0,0.0,0.0,-70.0,-1.0,-9.350000000000364,5.106999999999971,-1.3357142857143376,0.7295714285714244,1,300.0,0.16,10.873785714285791,19.616016288149495,newyork,Fri,16,False
208,XAUUSDm,long,2025-10-17 16:45:00+00:00,10532,4208.885,0.1,4208.885,4218.885,7.0,close_below_lower,0.04205533211371159,0.05,4213.885,0.5,0.05,4216.029,35.720000000001164,10533.0,2025-10-17 16:50:00+00:00,True,2025-10-17 16:50:00+00:00,10533,4218.885,tp,85.72000000000116,0.0,0.0,85.72000000000116,1.2245714285714453,-5.51299999999992,7.746999999999389,-0.7875714285714172,1.1067142857141985,1,300.0,0.16,11.39321428571436,19.927365278814143,newyork,Fri,16,False
209,XAUUSDm,long,2025-10-17 17:05:00+00:00,10536,4195.605,0.1,4195.605,4205.605,7.0,close_below_lower,0.147601567057516,0.05,4200.605,0.5,0.05,4200.605,25.0,10537.0,2025-10-17 17:10:00+00:00,True,2025-10-17 17:10:00+00:00,10537,4205.605,tp,75.0,0.0,0.0,75.0,1.0714285714285714,-3.631999999999607,8.061000000000604,-0.5188571428570867,1.1515714285715148,1,300.0,0.16,13.46428571428578,20.26583280851058,newyork,Fri,17,False
210,XAUUSDm,short,2025-10-20 12:35:00+00:00,10757,4305.05,0.1,4312.05,4295.05,7.0,close_above_upper,0.037339794066264774,0.1,4300.05,0.5,0.0,0.0,0.0,,,False,2025-10-20 12:40:00+00:00,10758,4318.192,sl,-131.41999999999825,0.0,0.0,-131.41999999999825,-1.8774285714285466,-13.412000000000262,0.511000000000422,-1.9160000000000375,0.07300000000006028,1,300.0,0.16,6.885000000000024,23.86906517413084,overlap,Mon,12,False
211,XAUUSDm,short,2025-10-20 12:45:00+00:00,10759,4320.015,0.1,4320.015,4310.015,7.0,close_above_upper,0.2695587771478623,0.05,4315.015,0.5,0.05,4315.175,24.200000000000728,10760.0,2025-10-20 12:50:00+00:00,True,2025-10-20 12:55:00+00:00,10761,4320.175,be_stop,23.400000000001455,0.0,0.0,23.400000000001455,0.33428571428573506,-2.108999999999469,7.494999999999891,-0.3012857142856384,1.0707142857142702,2,600.0,0.16,8.052642857142928,24.21155981771858,overlap,Mon,12,False
212,XAUUSDm,long,2025-10-21 07:35:00+00:00,10973,4301.866,0.1,4294.866,4311.866,7.0,close_below_lower,0.273522523398136,0.1,4306.866,0.5,0.0,0.0,0.0,,,False,2025-10-21 07:40:00+00:00,10974,4294.866,sl,-70.0,0.0,0.0,-70.0,-1.0,-8.497999999999593,3.8760000000002037,-1.2139999999999418,0.5537142857143148,1,300.0,0.16,7.079500000000086,21.983600707623356,london,Tue,7,False
213,XAUUSDm,long,2025-10-21 07:45:00+00:00,10975,4300.994,0.1,4300.994,4310.994,7.0,close_below_lower,0.02807388403352536,0.05,4305.994,0.5,0.05,4305.994,25.0,10976.0,2025-10-21 07:50:00+00:00,True,2025-10-21 07:55:00+00:00,10977,4300.994,be_stop,25.0,0.0,0.0,25.0,0.35714285714285715,-0.4639999999999418,6.325000000000728,-0.06628571428570597,0.9035714285715325,2,600.0,0.16,8.340785714285825,22.014896347910557,london,Tue,7,False
214,XAUUSDm,long,2025-10-21 08:05:00+00:00,10979,4273.088,0.1,4266.088,4283.088,7.0,close_below_lower,0.6960829231312486,0.1,4278.088,0.5,0.0,0.0,0.0,,,False,2025-10-21 08:10:00+00:00,10980,4266.088,sl,-70.0,0.0,0.0,-70.0,-1.0,-3.95299999999952,8.874000000000706,-0.5647142857142171,1.2677142857143866,1,300.0,0.16,9.940142857143071,22.309441328647367,london,Tue,8,False
215,XAUUSDm,long,2025-10-21 08:15:00+00:00,10981,4245.083,0.1,4245.083,4255.083,7.0,close_below_lower,1.4204284337178643,0.05,4250.083,0.5,0.05,4265.053,99.85000000000127,10982.0,2025-10-21 08:20:00+00:00,True,2025-10-21 08:20:00+00:00,10982,4265.053,tp,199.70000000000255,0.0,0.0,199.70000000000255,2.852857142857179,-0.18399999999928696,25.644000000000233,-0.02628571428561242,3.6634285714286046,1,300.0,0.16,12.614071428571606,22.641004710408403,london,Tue,8,False
216,XAUUSDm,long,2025-10-21 08:25:00+00:00,10983,4266.014,0.1,4266.014,4276.014,7.0,close_below_lower,0.0767184059365475,0.05,4271.014,0.5,0.05,4271.014,25.0,10986.0,2025-10-21 08:40:00+00:00,True,2025-10-21 09:00:00+00:00,10990,4276.014,tp,75.0,0.0,0.0,75.0,1.0714285714285714,-6.764000000000124,8.081999999999425,-0.966285714285732,1.1545714285713464,7,2100.0,0.16,14.560071428571584,22.91874553414938,london,Tue,8,False
217,XAUUSDm,long,2025-10-21 12:15:00+00:00,11029,4225.736,0.1,4225.736,4235.736,7.0,close_below_lower,0.3980242742129163,0.05,4230.736,0.5,0.05,4230.93,25.970000000002074,11030.0,2025-10-21 12:20:00+00:00,True,2025-10-21 12:25:00+00:00,11031,4222.333,be_stop,8.955000000000837,0.0,0.0,8.955000000000837,0.12792857142858338,-4.1899999999996,7.469000000000051,-0.5985714285713714,1.0670000000000073,2,600.0,0.16,9.640500000000234,20.803274536579682,overlap,Tue,12,False
218,XAUUSDm,long,2025-10-21 12:35:00+00:00,11033,4218.489,0.1,4218.489,4228.489,7.0,close_below_lower,0.1513358032424423,0.05,4223.489,0.5,0.05,4223.489,25.0,11034.0,2025-10-21 12:40:00+00:00,True,2025-10-21 12:45:00+00:00,11035,4218.033,be_stop,22.720000000003893,0.0,0.0,22.720000000003893,0.3245714285714842,-2.092999999999847,7.36200000000008,-0.29899999999997817,1.0517142857142971,2,600.0,0.16,10.701285714285794,20.921547069654014,overlap,Tue,12,False
219,XAUUSDm,long,2025-10-21 12:55:00+00:00,11037,4207.995,0.1,4200.995,4217.995,7.0,close_below_lower,0.06800188390045765,0.1,4212.995,0.5,0.0,0.0,0.0,,,False,2025-10-21 13:00:00+00:00,11038,4200.995,sl,-70.0,0.0,0.0,-70.0,-1.0,-0.21900000000005093,8.301000000000386,-0.031285714285721564,1.185857142857198,1,300.0,0.16,11.944285714285797,20.909011659233585,overlap,Tue,12,False
220,XAUUSDm,long,2025-10-21 13:50:00+00:00,11048,4184.571,0.1,4177.571,4194.571,7.0,close_below_lower,0.028587879355329388,0.1,4189.571,0.5,0.0,0.0,0.0,,,False,2025-10-21 13:55:00+00:00,11049,4176.714,sl,-78.56999999999971,0.0,0.0,-78.56999999999971,-1.1224285714285673,-17.024999999999636,0.2390000000004875,-2.432142857142805,0.03414285714292679,1,300.0,0.16,15.783714285714398,21.258638095281647,overlap,Tue,13,False
221,XAUUSDm,long,2025-10-21 14:00:00+00:00,11050,4173.9929999999995,0.1,4173.9929999999995,4183.993,7.0,close_below_lower,0.20101023050385014,0.05,4178.993,0.5,0.05,4178.993,25.000000000004547,11051.0,2025-10-21 14:05:00+00:00,True,2025-10-21 14:05:00+00:00,11051,4183.993,tp,75.0000000000091,0.0,0.0,75.0000000000091,1.0714285714287013,-8.670999999999367,2.493000000000393,-1.2387142857141953,0.35614285714291327,1,300.0,0.16,15.97571428571447,21.36097128980073,overlap,Tue,14,False
222,XAUUSDm,long,2025-10-21 14:20:00+00:00,11054,4166.663,0.1,4159.663,4176.663,7.0,close_below_lower,0.007442595880293281,0.1,4171.663,0.5,0.0,0.0,0.0,,,False,2025-10-21 14:25:00+00:00,11055,4152.833,sl,-138.29999999999927,0.0,0.0,-138.29999999999927,-1.9757142857142753,-17.829999999999927,2.8720000000002983,-2.547142857142847,0.4102857142857569,1,300.0,0.16,16.771928571428557,21.440405381518552,overlap,Tue,14,False
223,XAUUSDm,long,2025-10-21 14:30:00+00:00,11056,4137.148999999999,0.1,4130.149,4147.149,7.0,close_below_lower,0.8996668672853047,0.1,4142.149,0.5,0.0,0.0,0.0,,,False,2025-10-21 14:35:00+00:00,11057,4130.149,sl,-69.9999999999909,0.0,0.0,-69.9999999999909,-0.9999999999998701,-15.781999999999243,0.397000000000844,-2.2545714285713205,0.05671428571440629,1,300.0,0.16,18.42728571428558,21.792332118030735,overlap,Tue,14,False
224,XAUUSDm,long,2025-10-21 14:40:00+00:00,11058,4118.883,0.1,4111.883,4128.883,7.0,close_below_lower,1.1335612912441526,0.1,4123.883,0.5,0.0,0.0,0.0,,,False,2025-10-21 14:45:00+00:00,11059,4101.665,sl,-172.17999999999847,0.0,0.0,-172.17999999999847,-2.4597142857142638,-21.34099999999944,4.524000000000342,-3.0487142857142056,0.6462857142857631,1,300.0,0.16,19.927357142857026,22.25829832835958,overlap,Tue,14,False
225,XAUUSDm,long,2025-10-21 14:50:00+00:00,11060,4113.380999999999,0.1,4113.380999999999,4123.381,7.0,close_below_lower,0.7101293829463732,0.05,4118.381,0.5,0.05,4123.026,48.22500000000218,11061.0,2025-10-21 14:55:00+00:00,True,2025-10-21 14:55:00+00:00,11061,4123.381,tp,98.22500000000673,0.0,0.0,98.22500000000673,1.403214285714382,-2.3259999999991123,11.196000000000822,-0.33228571428558745,1.5994285714286889,1,300.0,0.16,21.12671428571418,22.81394091781073,overlap,Tue,14,False
226,XAUUSDm,long,2025-10-22 00:00:00+00:00,11158,4093.3419999999996,0.1,4086.342,4103.342,7.0,close_below_lower,0.10399645793686253,0.1,4098.342,0.5,0.0,0.0,0.0,,,False,2025-10-22 00:05:00+00:00,11159,4060.427,sl,-329.1499999999951,0.0,0.0,-329.1499999999951,-4.702142857142787,-38.05999999999949,0.7100000000004911,-5.437142857142784,0.10142857142864159,1,300.0,0.16,6.9178571428571365,22.096869201537885,asian,Wed,0,False
227,XAUUSDm,long,2025-10-22 00:10:00+00:00,11160,4037.482,0.1,4030.482,4047.482,7.0,close_below_lower,1.9218513225957181,0.1,4042.482,0.5,0.0,0.0,0.0,,,False,2025-10-22 00:15:00+00:00,11161,4030.482,sl,-70.0,0.0,0.0,-70.0,-1.0,-33.297000000000025,1.5280000000002474,-4.756714285714289,0.21828571428574964,1,300.0,0.16,11.145214285714312,22.76790822681074,asian,Wed,0,False
228,XAUUSDm,long,2025-10-22 00:20:00+00:00,11162,4053.419,0.1,4046.419,4063.419,7.0,close_below_lower,0.5842650891660456,0.1,4058.419,0.5,0.0,0.0,0.0,,,False,2025-10-22 00:30:00+00:00,11164,4046.419,sl,-70.0,0.0,0.0,-70.0,-1.0,-16.152999999999793,4.152000000000044,-2.307571428571399,0.5931428571428634,2,600.0,0.16,14.606071428571438,23.30539937867851,asian,Wed,0,False
229,XAUUSDm,short,2025-10-22 01:05:00+00:00,11171,4099.345,0.1,4106.345,4089.345,7.0,close_above_upper,0.02769823762022972,0.1,4094.345,0.5,0.0,0.0,0.0,,,False,2025-10-22 01:10:00+00:00,11172,4111.3369999999995,sl,-119.9199999999928,0.0,0.0,-119.9199999999928,-1.7131428571427543,-13.25799999999981,4.721000000000458,-1.893999999999973,0.6744285714286369,1,300.0,0.16,22.216142857142813,23.781756927203247,asian,Wed,1,False
230,XAUUSDm,short,2025-10-22 01:15:00+00:00,11173,4116.792,0.1,4116.792,4106.792,7.0,close_above_upper,0.42708106950317826,0.05,4111.792,0.5,0.05,4109.074,38.59000000000378,11174.0,2025-10-22 01:20:00+00:00,True,2025-10-22 01:20:00+00:00,11174,4106.952,tp,87.79000000000451,0.0,0.0,87.79000000000451,1.2541428571429216,-4.359999999999673,13.523000000000138,-0.622857142857096,1.9318571428571627,1,300.0,0.16,20.306571428571356,24.13097716319453,asian,Wed,1,False
231,XAUUSDm,long,2025-10-22 08:10:00+00:00,11256,4103.064,0.1,4096.064,4113.064,7.0,close_below_lower,0.29488919076650516,0.1,4108.064,0.5,0.0,0.0,0.0,,,False,2025-10-22 08:15:00+00:00,11257,4087.905,sl,-151.59000000000106,0.0,0.0,-151.59000000000106,-2.1655714285714436,-18.139000000000124,4.201000000000022,-2.591285714285732,0.6001428571428603,1,300.0,0.16,10.68271428571435,24.42173280620797,london,Wed,8,False
232,XAUUSDm,long,2025-10-22 08:20:00+00:00,11258,4081.241,0.1,4081.241,4091.241,7.0,close_below_lower,0.7378122131476047,0.05,4086.241,0.5,0.05,4104.566,116.62499999999909,11259.0,2025-10-22 08:25:00+00:00,True,2025-10-22 08:25:00+00:00,11259,4104.566,tp,233.24999999999818,0.0,0.0,233.24999999999818,3.332142857142831,-1.650000000000091,33.202000000000226,-0.2357142857142987,4.74314285714289,1,300.0,0.16,12.32564285714287,24.579864301609376,london,Wed,8,False
233,XAUUSDm,long,2025-10-22 09:00:00+00:00,11266,4070.7039999999997,0.1,4070.7039999999997,4080.704,7.0,close_below_lower,0.19801702174110472,0.05,4075.704,0.5,0.05,4087.335,83.15500000000156,11267.0,2025-10-22 09:05:00+00:00,True,2025-10-22 09:05:00+00:00,11267,4087.335,tp,166.31000000000313,0.0,0.0,166.31000000000313,2.3758571428571877,-0.2919999999999163,23.508000000000266,-0.04171428571427376,3.3582857142857523,1,300.0,0.16,17.11071428571433,24.486028794837587,london,Wed,9,False
234,XAUUSDm,long,2025-10-22 10:55:00+00:00,11289,4034.774,0.1,4027.774,4044.774,7.0,close_below_lower,0.31870055672639613,0.1,4039.774,0.5,0.0,0.0,0.0,,,False,2025-10-22 11:00:00+00:00,11290,4027.774,sl,-70.0,0.0,0.0,-70.0,-1.0,-11.094000000000051,3.7510000000002037,-1.58485714285715,0.535857142857172,1,300.0,0.16,12.581642857142858,24.785056944947446,london,Wed,10,False
235,XAUUSDm,long,2025-10-22 11:05:00+00:00,11291,4025.2079999999996,0.1,4025.2079999999996,4035.208,7.0,close_below_lower,0.37739049018258786,0.05,4030.208,0.5,0.05,4030.208,25.000000000002274,11292.0,2025-10-22 11:10:00+00:00,True,2025-10-22 11:15:00+00:00,11293,4035.208,tp,75.00000000000455,0.0,0.0,75.00000000000455,1.0714285714286365,-1.9989999999997963,15.575000000000273,-0.28557142857139944,2.225000000000039,2,600.0,0.16,14.011785714285711,24.954450686759913,london,Wed,11,False
236,XAUUSDm,long,2025-10-22 14:50:00+00:00,11336,4023.864,0.1,4016.864,4033.864,7.0,close_below_lower,0.05227760307983097,0.1,4028.864,0.5,0.0,0.0,0.0,,,False,2025-10-22 14:55:00+00:00,11337,4012.999,sl,-108.65000000000236,0.0,0.0,-108.65000000000236,-1.552142857142891,-12.543999999999869,3.880000000000109,-1.7919999999999814,0.5542857142857299,1,300.0,0.16,13.775785714285673,27.20674441073212,overlap,Wed,14,False
237,XAUUSDm,long,2025-10-22 15:00:00+00:00,11338,4015.104,0.1,4015.104,4025.104,7.0,close_below_lower,0.036754662495022954,0.05,4020.104,0.5,0.05,4027.853,63.745000000001255,11339.0,2025-10-22 15:05:00+00:00,True,2025-10-22 15:05:00+00:00,11339,4027.853,tp,127.49000000000251,0.0,0.0,127.49000000000251,1.8212857142857501,-0.3289999999997235,13.926000000000386,-0.046999999999960504,1.9894285714286266,1,300.0,0.16,13.45385714285713,27.49343583942739,overlap,Wed,15,False
238,XAUUSDm,long,2025-10-24 06:15:00+00:00,11785,4083.5719999999997,0.1,4083.5719999999997,4093.572,7.0,close_below_lower,0.13048772836299313,0.05,4088.572,0.5,0.05,4088.572,25.000000000002274,11786.0,2025-10-24 06:20:00+00:00,True,2025-10-24 06:25:00+00:00,11787,4083.5719999999997,be_stop,25.000000000002274,0.0,0.0,25.000000000002274,0.3571428571428896,-2.1799999999998363,5.636000000000422,-0.311428571428548,0.8051428571429174,2,600.0,0.16,5.875428571428723,18.735077794083438,asian,Fri,6,False
239,XAUUSDm,long,2025-10-24 08:05:00+00:00,11807,4065.6639999999998,0.1,4058.664,4075.664,7.0,close_below_lower,0.06988086193487403,0.1,4070.664,0.5,0.0,0.0,0.0,,,False,2025-10-24 08:10:00+00:00,11808,4058.664,sl,-69.99999999999545,0.0,0.0,-69.99999999999545,-0.999999999999935,-2.7489999999997963,3.7510000000002037,-0.3927142857142566,0.535857142857172,1,300.0,0.16,6.51307142857146,17.618384744626052,london,Fri,8,False
240,XAUUSDm,long,2025-10-24 08:15:00+00:00,11809,4054.431,0.1,4054.431,4064.431,7.0,close_below_lower,0.3875304154470586,0.05,4059.431,0.5,0.05,4059.431,25.0,11813.0,2025-10-24 08:35:00+00:00,True,2025-10-24 08:40:00+00:00,11814,4054.431,be_stop,25.0,0.0,0.0,25.0,0.35714285714285715,-6.947000000000116,9.666999999999916,-0.9924285714285881,1.380999999999988,5,1500.0,0.16,7.266357142857162,17.71516402052601,london,Fri,8,False
241,XAUUSDm,short,2025-10-24 12:35:00+00:00,11861,4090.442,0.1,4090.442,4080.442,7.0,close_above_upper,0.6410420846000184,0.05,4085.442,0.5,0.05,4080.487,49.774999999999636,11862.0,2025-10-24 12:40:00+00:00,True,2025-10-24 12:40:00+00:00,11862,4080.487,tp,99.54999999999927,0.0,0.0,99.54999999999927,1.4221428571428467,-1.1320000000000618,14.007000000000062,-0.16171428571429455,2.0010000000000088,1,300.0,0.16,6.473000000000086,16.074097769436417,overlap,Fri,12,False
242,XAUUSDm,short,2025-10-24 13:10:00+00:00,11868,4110.779,0.1,4117.779,4100.779,7.0,close_above_upper,0.9521588676854267,0.1,4105.779,0.5,0.0,0.0,0.0,,,False,2025-10-24 13:15:00+00:00,11869,4117.939,sl,-71.59999999999854,0.0,0.0,-71.59999999999854,-1.022857142857122,-4.971999999999753,5.063000000000102,-0.710285714285679,0.7232857142857289,1,300.0,0.16,10.150642857142818,16.487504292332563,overlap,Fri,13,False
243,XAUUSDm,short,2025-10-24 13:20:00+00:00,11870,4118.632,0.1,4118.632,4108.632,7.0,close_above_upper,0.8782966079827838,0.05,4113.632,0.5,0.05,4113.7919999999995,24.200000000000728,11871.0,2025-10-24 13:25:00+00:00,True,2025-10-24 13:30:00+00:00,11872,4118.7919999999995,be_stop,23.400000000001455,0.0,0.0,23.400000000001455,0.33428571428573506,-3.6920000000000073,6.607999999999265,-0.5274285714285725,0.943999999999895,2,600.0,0.16,11.033357142857085,16.809019953399527,overlap,Fri,13,False
244,XAUUSDm,short,2025-10-24 13:35:00+00:00,11873,4117.586,0.1,4117.586,4107.586,7.0,close_above_upper,0.16602291534542732,0.05,4112.586,0.5,0.05,4112.686,24.50000000000273,11874.0,2025-10-24 13:40:00+00:00,True,2025-10-24 13:40:00+00:00,11874,4107.746,tp,73.70000000000346,0.0,0.0,73.70000000000346,1.0528571428571922,-1.9340000000001965,6.056999999999789,-0.27628571428574233,0.8652857142856841,1,300.0,0.16,12.117428571428425,17.056061836889658,overlap,Fri,13,False
245,XAUUSDm,short,2025-10-24 14:15:00+00:00,11881,4132.144,0.1,4132.144,4122.144,7.0,close_above_upper,0.3025744947763214,0.05,4127.144,0.5,0.05,4127.0599999999995,25.42000000000371,11882.0,2025-10-24 14:20:00+00:00,True,2025-10-24 14:25:00+00:00,11883,4122.304,tp,74.62000000000444,0.0,0.0,74.62000000000444,1.0660000000000633,-2.706999999999425,8.99200000000019,-0.3867142857142036,1.2845714285714556,2,600.0,0.16,11.625285714285642,16.84492076362337,overlap,Fri,14,False
246,XAUUSDm,long,2025-10-26 22:45:00+00:00,11970,4080.614,0.1,4073.614,4090.614,7.0,close_below_lower,0.14704920353999346,0.1,4085.614,0.5,0.0,0.0,0.0,,,False,2025-10-26 22:50:00+00:00,11971,4073.614,sl,-70.0,0.0,0.0,-70.0,-1.0,-8.934000000000196,3.7100000000000364,-1.2762857142857424,0.5300000000000052,1,300.0,0.16,9.930000000000193,16.71918564139083,rollover,Sun,22,False
247,XAUUSDm,long,2025-10-26 22:55:00+00:00,11972,4076.216,0.1,4076.216,4086.216,7.0,close_below_lower,0.10967522610186355,0.05,4081.216,0.5,0.05,4081.833,28.085000000000946,11973.0,2025-10-26 23:00:00+00:00,True,2025-10-26 23:00:00+00:00,11973,4086.216,tp,78.08500000000095,0.0,0.0,78.08500000000095,1.1155000000000135,-0.19000000000005457,8.798999999999978,-0.027142857142864938,1.2569999999999968,1,300.0,0.16,10.658357142857344,16.906796748075678,rollover,Sun,22,False
248,XAUUSDm,short,2025-10-27 01:10:00+00:00,11999,4094.355,0.1,4094.355,4084.355,7.0,close_above_upper,0.03483344621331639,0.05,4089.355,0.5,0.05,4089.515,24.200000000000728,12000.0,2025-10-27 01:15:00+00:00,True,2025-10-27 01:25:00+00:00,12002,4094.515,be_stop,23.400000000001455,0.0,0.0,23.400000000001455,0.33428571428575676,-1.6050000000000182,5.420999999999822,-0.2292857142857169,0.7744285714285459,3,900.0,0.16,7.272857142857187,17.543274798289033,asian,Mon,1,False
249,XAUUSDm,long,2025-10-27 08:55:00+00:00,12092,4040.7,0.1,4040.7,4050.7,7.0,close_below_lower,0.17900377847822768,0.05,4045.7,0.5,0.05,4045.7,25.0,12093.0,2025-10-27 09:00:00+00:00,True,2025-10-27 09:05:00+00:00,12094,4040.7,be_stop,25.0,0.0,0.0,25.0,0.35714285714285715,-17.348999999999705,9.57400000000007,-2.4784285714285295,1.3677142857142957,2,600.0,0.16,5.558357142857274,17.217903947213347,london,Mon,8,False
250,XAUUSDm,long,2025-10-27 09:10:00+00:00,12095,4036.2259999999997,0.1,4036.2259999999997,4046.226,7.0,close_below_lower,0.06446202362153029,0.05,4041.226,0.5,0.05,4041.226,25.000000000002274,12096.0,2025-10-27 09:15:00+00:00,True,2025-10-27 09:25:00+00:00,12098,4036.2259999999997,be_stop,25.000000000002274,0.0,0.0,25.000000000002274,0.3571428571428896,-6.1729999999997744,6.860000000000127,-0.8818571428571106,0.9800000000000182,3,900.0,0.16,7.973928571428652,17.203702659914168,london,Mon,9,False
251,XAUUSDm,long,2025-10-27 14:05:00+00:00,12154,4010.899,0.1,4003.899,4020.899,7.0,close_below_lower,0.02470223065460946,0.1,4015.899,0.5,0.0,0.0,0.0,,,False,2025-10-27 14:10:00+00:00,12155,4003.899,sl,-70.0,0.0,0.0,-70.0,-1.0,-10.830999999999676,7.161000000000058,-1.547285714285668,1.0230000000000083,1,300.0,0.16,9.259071428571426,17.848800521268473,overlap,Mon,14,False
252,XAUUSDm,long,2025-10-27 14:15:00+00:00,12156,4004.941,0.1,3997.941,4014.941,7.0,close_below_lower,0.040936485554255345,0.1,4009.941,0.5,0.0,0.0,0.0,,,False,2025-10-27 14:20:00+00:00,12157,3993.33,sl,-116.10999999999876,0.0,0.0,-116.10999999999876,-1.658714285714268,-16.723999999999705,2.687000000000353,-2.389142857142815,0.38385714285719325,1,300.0,0.16,10.189714285714249,18.020770043379876,overlap,Mon,14,False
253,XAUUSDm,long,2025-10-27 14:25:00+00:00,12158,3992.2239999999997,0.1,3992.2239999999997,4002.224,7.0,close_below_lower,0.32915639449117207,0.05,3997.224,0.5,0.05,3998.868,33.220000000001164,12159.0,2025-10-27 14:30:00+00:00,True,2025-10-27 14:35:00+00:00,12160,3992.2239999999997,be_stop,33.220000000001164,0.0,0.0,33.220000000001164,0.4745714285714452,-4.623999999999796,12.513000000000375,-0.6605714285713995,1.787571428571482,2,600.0,0.16,11.392214285714285,18.303887938949753,overlap,Mon,14,False
254,XAUUSDm,long,2025-10-27 14:40:00+00:00,12161,3986.821,0.1,3986.821,3996.821,7.0,close_below_lower,0.13361778363602358,0.05,3991.821,0.5,0.05,3994.445,38.120000000001255,12162.0,2025-10-27 14:45:00+00:00,True,2025-10-27 14:45:00+00:00,12162,3996.821,tp,88.12000000000126,0.0,0.0,88.12000000000126,1.2588571428571609,-0.19499999999970896,12.41000000000031,-0.02785714285710128,1.772857142857187,1,300.0,0.16,12.801857142857118,18.580694773683252,overlap,Mon,14,False
255,XAUUSDm,long,2025-10-27 15:10:00+00:00,12167,3974.748,0.1,3974.748,3984.748,7.0,close_below_lower,0.00027652235034444185,0.05,3979.748,0.5,0.05,3979.748,25.0,12168.0,2025-10-27 15:15:00+00:00,True,2025-10-27 15:25:00+00:00,12170,3984.748,tp,75.0,0.0,0.0,75.0,1.0714285714285714,-3.31899999999996,9.992999999999938,-0.4741428571428514,1.4275714285714198,3,900.0,0.16,12.013428571428546,18.93323847661375,overlap,Mon,15,False
256,XAUUSDm,long,2025-10-28 09:10:00+00:00,12371,3890.3979999999997,0.1,3890.3979999999997,3900.398,7.0,close_below_lower,0.014279271065577918,0.05,3895.398,0.5,0.05,3897.335,34.685000000001764,12372.0,2025-10-28 09:15:00+00:00,True,2025-10-28 09:15:00+00:00,12372,3900.398,tp,84.68500000000404,0.0,0.0,84.68500000000404,1.209785714285772,-2.3919999999998254,9.557000000000244,-0.34171428571426077,1.365285714285749,1,300.0,0.16,8.054357142857075,18.725102438401812,london,Tue,9,False
257,XAUUSDm,long,2025-10-28 22:10:00+00:00,12515,3934.5029999999997,0.1,3934.5029999999997,3944.503,7.0,close_below_lower,0.022511758127164612,0.05,3939.503,0.5,0.05,3939.503,25.000000000002274,12516.0,2025-10-28 22:15:00+00:00,True,2025-10-28 22:20:00+00:00,12517,3934.5029999999997,be_stop,25.000000000002274,0.0,0.0,25.000000000002274,0.3571428571428896,-0.42899999999963256,12.087000000000444,-0.0612857142856618,1.7267142857143492,2,600.0,0.16,6.747857142857226,17.37449174876801,rollover,Tue,22,False
258,XAUUSDm,long,2025-10-29 18:40:00+00:00,12761,3951.964,0.1,3951.964,3961.964,7.0,close_below_lower,1.0016996314377302,0.05,3956.964,0.5,0.05,3956.964,25.0,12762.0,2025-10-29 18:45:00+00:00,True,2025-10-29 18:45:00+00:00,12762,3961.964,tp,75.0,0.0,0.0,75.0,1.0714285714285714,-9.105999999999767,5.429999999999836,-1.3008571428571096,0.7757142857142624,1,300.0,0.16,10.276428571428466,16.781867209324954,newyork,Wed,18,False
259,XAUUSDm,long,2025-10-29 18:50:00+00:00,12763,3951.0499999999997,0.1,3951.0499999999997,3961.05,7.0,close_below_lower,0.6069056352338106,0.05,3956.05,0.5,0.05,3956.484,27.170000000000982,12764.0,2025-10-29 18:55:00+00:00,True,2025-10-29 18:55:00+00:00,12764,3961.05,tp,77.17000000000326,0.0,0.0,77.17000000000326,1.102428571428618,-0.9719999999997526,9.334000000000287,-0.1388571428571075,1.3334285714286125,1,300.0,0.16,11.622214285714174,17.06623002235165,newyork,Wed,18,False
260,XAUUSDm,long,2025-10-29 19:40:00+00:00,12773,3939.9579999999996,0.1,3932.958,3949.958,7.0,close_below_lower,0.17613439087031518,0.1,3944.958,0.5,0.0,0.0,0.0,,,False,2025-10-29 19:45:00+00:00,12774,3929.294,sl,-106.6399999999976,0.0,0.0,-106.6399999999976,-1.5234285714285372,-12.047999999999774,1.7980000000002292,-1.721142857142825,0.2568571428571756,1,300.0,0.16,15.55549999999997,17.18475349965045,newyork,Wed,19,False
261,XAUUSDm,short,2025-10-30 04:30:00+00:00,12855,3959.367,0.1,3966.367,3949.367,7.0,close_above_upper,0.08268748824944162,0.1,3954.367,0.5,0.0,0.0,0.0,,,False,2025-10-30 04:35:00+00:00,12856,3969.3219999999997,sl,-99.54999999999472,0.0,0.0,-99.54999999999472,-1.4221428571427819,-11.131999999999607,0.9100000000003092,-1.5902857142856581,0.13000000000004416,1,300.0,0.16,5.505071428571422,17.182469936065218,asian,Thu,4,False
262,XAUUSDm,short,2025-10-30 04:40:00+00:00,12857,3972.929,0.1,3979.929,3962.929,7.0,close_above_upper,0.46478050468885757,0.1,3967.929,0.5,0.0,0.0,0.0,,,False,2025-10-30 04:45:00+00:00,12858,3980.089,sl,-71.59999999999854,0.0,0.0,-71.59999999999854,-1.022857142857122,-7.498000000000047,0.4210000000002765,-1.0711428571428638,0.06014285714289664,1,300.0,0.16,6.931285714285715,17.44458017358213,asian,Thu,4,False
263,XAUUSDm,short,2025-10-30 04:50:00+00:00,12859,3978.147,0.1,3978.147,3968.147,7.0,close_above_upper,0.3231607789460343,0.05,3973.147,0.5,0.05,3973.307,24.200000000000728,12860.0,2025-10-30 04:55:00+00:00,True,2025-10-30 05:00:00+00:00,12861,3978.307,be_stop,23.400000000001455,0.0,0.0,23.400000000001455,0.33428571428573506,-3.8350000000000364,6.677999999999884,-0.547857142857148,0.9539999999999834,2,600.0,0.16,7.50985714285717,17.657049173436633,asian,Thu,4,False
264,XAUUSDm,short,2025-10-30 09:05:00+00:00,12910,3989.274,0.1,3996.274,3979.274,7.0,close_above_upper,0.006451234976476019,0.1,3984.274,0.5,0.0,0.0,0.0,,,False,2025-10-30 09:10:00+00:00,12911,3996.4339999999997,sl,-71.59999999999854,0.0,0.0,-71.59999999999854,-1.022857142857122,-8.733000000000175,0.2739999999998872,-1.2475714285714534,0.039142857142841034,1,300.0,0.16,5.751785714285591,17.128943711954147,london,Thu,9,False
265,XAUUSDm,short,2025-10-30 09:15:00+00:00,12912,4004.949,0.1,4004.949,3994.949,7.0,close_above_upper,0.546487818752423,0.05,3999.949,0.5,0.05,4000.109,24.200000000000728,12914.0,2025-10-30 09:25:00+00:00,True,2025-10-30 09:30:00+00:00,12915,4005.109,be_stop,23.400000000001455,0.0,0.0,23.400000000001455,0.33428571428573506,-6.905999999999949,5.273000000000138,-0.9865714285714213,0.753285714285734,3,900.0,0.16,6.331357142856989,17.384132618835796,london,Thu,9,False
266,XAUUSDm,short,2025-10-30 14:00:00+00:00,12969,3995.414,0.1,4002.414,3985.414,7.0,close_above_upper,0.10572016552515591,0.1,3990.414,0.5,0.0,0.0,0.0,,,False,2025-10-30 14:05:00+00:00,12970,4002.574,sl,-71.59999999999854,0.0,0.0,-71.59999999999854,-1.022857142857122,-5.448999999999614,3.5780000000004293,-0.7784285714285163,0.5111428571429185,1,300.0,0.16,9.243142857142825,17.375188552914246,overlap,Thu,14,False
267,XAUUSDm,short,2025-10-30 14:10:00+00:00,12971,4009.66,0.1,4009.66,3999.66,7.0,close_above_upper,0.5710970419700905,0.05,4004.66,0.5,0.05,4004.8199999999997,24.200000000000728,12973.0,2025-10-30 14:20:00+00:00,True,2025-10-30 14:20:00+00:00,12973,3999.8199999999997,tp,73.40000000000146,0.0,0.0,73.40000000000146,1.0485714285714494,-5.178000000000338,4.976999999999862,-0.7397142857143341,0.7109999999999802,2,600.0,0.16,9.663428571428572,17.588550428859715,overlap,Thu,14,False
268,XAUUSDm,long,2025-10-31 16:10:00+00:00,13271,3998.419,0.1,3991.419,4008.419,7.0,close_below_lower,0.03777304067330657,0.1,4003.419,0.5,0.0,0.0,0.0,,,False,2025-10-31 16:15:00+00:00,13272,3979.032,sl,-193.86999999999716,0.0,0.0,-193.86999999999716,-2.769571428571388,-20.047999999999774,0.36599999999998545,-2.863999999999968,0.05228571428571221,1,300.0,0.16,6.889785714285771,16.077867793178072,newyork,Fri,16,False
269,XAUUSDm,long,2025-10-31 16:20:00+00:00,13273,3978.3089999999997,0.1,3978.3089999999997,3988.309,7.0,close_below_lower,0.8128052694882554,0.05,3983.309,0.5,0.05,3985.655,36.73000000000229,13274.0,2025-10-31 16:25:00+00:00,True,2025-10-31 16:25:00+00:00,13274,3988.309,tp,86.73000000000457,0.0,0.0,86.73000000000457,1.2390000000000652,-0.7799999999997453,8.395000000000437,-0.11142857142853504,1.1992857142857767,1,300.0,0.16,7.823928571428594,16.23064978158018,newyork,Fri,16,False
270,XAUUSDm,long,2025-10-31 16:30:00+00:00,13275,3986.0499999999997,0.1,3979.05,3996.05,7.0,close_below_lower,0.004822247243059794,0.1,3991.05,0.5,0.0,0.0,0.0,,,False,2025-10-31 16:55:00+00:00,13280,3979.05,sl,-69.99999999999545,0.0,0.0,-69.99999999999545,-0.999999999999935,-5.477999999999611,4.416000000000167,-0.782571428571373,0.6308571428571668,5,1500.0,0.16,8.268214285714294,16.204647059402962,newyork,Fri,16,False
271,XAUUSDm,long,2025-11-03 00:15:00+00:00,13344,3968.575,0.1,3968.575,3978.575,7.0,close_below_lower,0.011712321360997483,0.05,3973.575,0.5,0.05,3973.575,25.0,13348.0,2025-11-03 00:35:00+00:00,True,2025-11-03 00:50:00+00:00,13351,3968.575,be_stop,25.0,0.0,0.0,25.0,0.35714285714285715,-6.268999999999778,9.041000000000167,-0.8955714285713968,1.2915714285714526,7,2100.0,0.16,6.571785714285754,15.849730639789,asian,Mon,0,False
272,XAUUSDm,short,2025-11-03 01:20:00+00:00,13357,3993.294,0.1,4000.294,3983.294,7.0,close_above_upper,0.07940900511035676,0.1,3988.294,0.5,0.0,0.0,0.0,,,False,2025-11-03 01:30:00+00:00,13359,4000.4539999999997,sl,-71.59999999999854,0.0,0.0,-71.59999999999854,-1.022857142857122,-6.1159999999999854,5.5349999999998545,-0.8737142857142837,0.7907142857142649,2,600.0,0.16,8.110071428571311,15.6626213566079,asian,Mon,1,False
273,XAUUSDm,short,2025-11-03 01:35:00+00:00,13360,3999.826,0.1,3999.826,3989.826,7.0,close_above_upper,0.09270604854721488,0.05,3994.826,0.5,0.05,3994.986,24.200000000000728,13361.0,2025-11-03 01:40:00+00:00,True,2025-11-03 01:55:00+00:00,13364,3999.986,be_stop,23.400000000001455,0.0,0.0,23.400000000001455,0.33428571428573506,-0.9540000000001783,9.663000000000011,-0.13628571428573974,1.380428571428573,4,1200.0,0.16,7.240714285714181,15.552598801824463,asian,Mon,1,False
274,XAUUSDm,long,2025-11-03 09:45:00+00:00,13458,3997.343,0.1,3997.343,4007.343,7.0,close_below_lower,0.07053399996641949,0.05,4002.343,0.5,0.05,4002.343,25.0,13459.0,2025-11-03 09:50:00+00:00,True,2025-11-03 10:00:00+00:00,13461,3997.343,be_stop,25.0,0.0,0.0,25.0,0.35714285714285715,-4.375,7.961999999999989,-0.625,1.13742857142857,3,900.0,0.16,5.39650000000006,14.449504686375398,london,Mon,9,False
275,XAUUSDm,long,2025-11-04 14:05:00+00:00,13786,3968.852,0.1,3968.852,3978.852,7.0,close_below_lower,0.0681328373553365,0.05,3973.852,0.5,0.05,3973.852,25.0,13787.0,2025-11-04 14:10:00+00:00,True,2025-11-04 14:20:00+00:00,13789,3968.852,be_stop,25.0,0.0,0.0,25.0,0.35714285714285715,-4.55600000000004,8.883000000000266,-0.6508571428571486,1.2690000000000379,3,900.0,0.16,5.794071428571409,12.026420085719518,overlap,Tue,14,False
276,XAUUSDm,long,2025-11-04 14:30:00+00:00,13791,3951.399,0.1,3944.399,3961.399,7.0,close_below_lower,0.8827544032730215,0.1,3956.399,0.5,0.0,0.0,0.0,,,False,2025-11-04 14:35:00+00:00,13792,3938.511,sl,-128.8799999999992,0.0,0.0,-128.8799999999992,-1.8411428571428456,-17.647999999999683,5.189000000000306,-2.521142857142812,0.741285714285758,1,300.0,0.16,7.524071428571427,12.147800276138032,overlap,Tue,14,False
277,XAUUSDm,long,2025-11-04 14:40:00+00:00,13793,3934.383,0.1,3934.383,3944.383,7.0,close_below_lower,1.5528004486066647,0.05,3939.383,0.5,0.05,3939.383,25.0,13794.0,2025-11-04 14:45:00+00:00,True,2025-11-04 14:50:00+00:00,13795,3944.383,tp,75.0,0.0,0.0,75.0,1.0714285714285714,-5.572999999999865,6.29300000000012,-0.796142857142838,0.8990000000000171,2,600.0,0.16,8.802428571428566,12.430191776235155,overlap,Tue,14,False
278,XAUUSDm,short,2025-11-04 15:40:00+00:00,13805,3966.909,0.1,3966.909,3956.909,7.0,close_above_upper,0.21076458192210568,0.05,3961.909,0.5,0.05,3962.069,24.200000000000728,13806.0,2025-11-04 15:45:00+00:00,True,2025-11-04 15:55:00+00:00,13808,3957.069,tp,73.40000000000146,0.0,0.0,73.40000000000146,1.0485714285714494,-1.1459999999997308,9.103000000000065,-0.16371428571424726,1.3004285714285808,3,900.0,0.16,10.074571428571451,12.564532370910005,overlap,Tue,15,False
279,XAUUSDm,short,2025-11-04 16:25:00+00:00,13814,3974.367,0.1,3974.367,3964.367,7.0,close_above_upper,0.053947320061661384,0.05,3969.367,0.5,0.05,3969.527,24.200000000000728,13815.0,2025-11-04 16:30:00+00:00,True,2025-11-04 16:50:00+00:00,13819,3965.7329999999997,cross_center,67.37000000000307,0.0,0.0,67.37000000000307,0.9624285714286154,-0.6419999999998254,8.820000000000164,-0.09171428571426077,1.2600000000000233,5,1500.0,0.16,6.451285714285665,12.773168358813738,newyork,Tue,16,False
280,XAUUSDm,long,2025-11-04 18:40:00+00:00,13841,3935.2509999999997,0.1,3935.2509999999997,3945.251,7.0,close_below_lower,0.29966379704900514,0.05,3940.251,0.5,0.05,3940.251,25.000000000002274,13842.0,2025-11-04 18:45:00+00:00,True,2025-11-04 19:00:00+00:00,13845,3935.2509999999997,be_stop,25.000000000002274,0.0,0.0,25.000000000002274,0.3571428571428896,-3.182999999999538,6.020000000000437,-0.45471428571421973,0.8600000000000624,4,1200.0,0.16,5.44771428571432,12.921053683669452,newyork,Tue,18,False
281,XAUUSDm,short,2025-11-05 08:10:00+00:00,13991,3986.168,0.1,3986.168,3976.168,7.0,close_above_upper,0.2639558629600474,0.05,3981.168,0.5,0.05,3981.328,24.200000000000728,13993.0,2025-11-05 08:20:00+00:00,True,2025-11-05 09:00:00+00:00,14001,3979.975,cross_center,55.16500000000178,0.0,0.0,55.16500000000178,0.7880714285714541,-0.5489999999999782,7.932999999999993,-0.07842857142856831,1.1332857142857133,10,3000.0,0.16,3.8577857142857153,11.879527209876315,london,Wed,8,False
282,XAUUSDm,long,2025-11-05 23:05:00+00:00,14158,3968.699,0.1,3968.699,3978.699,7.0,close_below_lower,0.07950265720269147,0.05,3973.699,0.5,0.05,3973.699,25.0,14163.0,2025-11-05 23:30:00+00:00,True,2025-11-05 23:40:00+00:00,14165,3975.014,cross_center,56.57500000000027,0.0,0.0,56.57500000000027,0.8082142857142897,-1.9850000000001273,6.313000000000102,-0.28357142857144674,0.9018571428571575,7,2100.0,0.16,2.5228571428571547,11.450312708427514,rollover,Wed,23,False
283,XAUUSDm,short,2025-11-06 07:25:00+00:00,14258,4005.659,0.1,4012.659,3995.659,7.0,close_above_upper,0.1587934910999203,0.1,4000.659,0.5,0.0,0.0,0.0,,,False,2025-11-06 08:15:00+00:00,14268,4012.819,sl,-71.59999999999854,0.0,0.0,-71.59999999999854,-1.022857142857122,-3.9859999999998763,2.0720000000001164,-0.5694285714285537,0.29600000000001664,10,3000.0,0.16,3.497714285714307,10.896583890616181,london,Thu,7,False
284,XAUUSDm,long,2025-11-06 14:25:00+00:00,14342,3995.276,0.1,3995.276,4005.276,7.0,close_below_lower,0.5141737888588147,0.05,4000.276,0.5,0.05,4000.276,25.0,14344.0,2025-11-06 14:35:00+00:00,True,2025-11-06 14:40:00+00:00,14345,3995.276,be_stop,25.0,0.0,0.0,25.0,0.35714285714285715,-6.435999999999694,7.83600000000024,-0.9194285714285277,1.1194285714286056,3,900.0,0.16,4.13742857142844,9.201848955314746,overlap,Thu,14,False
285,XAUUSDm,long,2025-11-06 15:05:00+00:00,14350,3979.598,0.1,3979.598,3989.598,7.0,close_below_lower,1.028880583150874,0.05,3984.598,0.5,0.05,3984.598,25.0,14351.0,2025-11-06 15:10:00+00:00,True,2025-11-06 15:20:00+00:00,14353,3989.598,tp,75.0,0.0,0.0,75.0,1.0714285714285714,-0.6779999999998836,9.952999999999975,-0.09685714285712622,1.4218571428571392,3,900.0,0.16,6.4588571428570765,9.36927645653035,overlap,Thu,15,False
286,XAUUSDm,long,2025-11-06 17:25:00+00:00,14378,3967.788,0.1,3967.788,3977.788,7.0,close_below_lower,0.22335238407201904,0.05,3972.788,0.5,0.05,3972.788,25.0,14379.0,2025-11-06 17:30:00+00:00,True,2025-11-06 17:40:00+00:00,14381,3977.788,tp,75.0,0.0,0.0,75.0,1.0714285714285714,-2.0459999999998217,7.559999999999945,-0.29228571428568884,1.0799999999999923,3,900.0,0.16,5.400428571428587,9.705543693995462,newyork,Thu,17,False
287,XAUUSDm,long,2025-11-07 14:40:00+00:00,14621,3986.576,0.1,3986.576,3996.576,7.0,close_below_lower,0.29804890983633864,0.05,3991.576,0.5,0.05,3991.576,25.0,14622.0,2025-11-07 14:45:00+00:00,True,2025-11-07 14:50:00+00:00,14623,3986.576,be_stop,25.0,0.0,0.0,25.0,0.35714285714285715,-1.2220000000002074,7.9340000000001965,-0.1745714285714582,1.1334285714285994,2,600.0,0.16,4.851428571428577,8.876891925215055,overlap,Fri,14,False
288,XAUUSDm,short,2025-11-07 16:25:00+00:00,14642,4005.118,0.1,4012.118,3995.118,7.0,close_above_upper,0.1682822108356485,0.1,4000.118,0.5,0.0,0.0,0.0,,,False,2025-11-07 16:30:00+00:00,14643,4012.278,sl,-71.59999999999854,0.0,0.0,-71.59999999999854,-1.022857142857122,-4.288000000000011,0.0,-0.6125714285714301,0.0,1,300.0,0.16,4.883642857142864,9.064667388603365,newyork,Fri,16,False
289,XAUUSDm,short,2025-11-07 16:35:00+00:00,14644,4017.742,0.1,4024.742,4007.742,7.0,close_above_upper,1.1178583051433064,0.1,4012.742,0.5,0.0,0.0,0.0,,,False,2025-11-07 16:40:00+00:00,14645,4025.923,sl,-81.80999999999585,0.0,0.0,-81.80999999999585,-1.1687142857142265,-9.511999999999716,2.419000000000324,-1.3588571428571024,0.3455714285714748,1,300.0,0.16,5.091285714285699,9.208510307727538,newyork,Fri,16,False
290,XAUUSDm,short,2025-11-07 16:45:00+00:00,14646,4020.834,0.1,4020.834,4010.834,7.0,close_above_upper,0.7939709013733088,0.05,4015.834,0.5,0.05,4015.9939999999997,24.200000000000728,14647.0,2025-11-07 16:50:00+00:00,True,2025-11-07 16:55:00+00:00,14648,4010.9939999999997,tp,73.40000000000146,0.0,0.0,73.40000000000146,1.0485714285714494,-1.3230000000003201,7.643999999999778,-0.18900000000004574,1.0919999999999683,2,600.0,0.16,6.132214285714261,9.441118277651977,newyork,Fri,16,False
291,XAUUSDm,long,2025-11-07 17:20:00+00:00,14653,3995.243,0.1,3995.243,4005.243,7.0,close_below_lower,0.1851990638141145,0.05,4000.243,0.5,0.05,4000.243,25.0,14658.0,2025-11-07 17:45:00+00:00,True,2025-11-07 17:55:00+00:00,14660,4001.539,cross_center,56.48000000000138,0.0,0.0,56.48000000000138,0.8068571428571626,-2.532000000000153,6.360999999999876,-0.3617142857143075,0.908714285714268,7,2100.0,0.16,7.581857142857059,9.679706073592335,newyork,Fri,17,False
292,XAUUSDm,short,2025-11-10 01:20:00+00:00,14737,4034.476,0.1,4041.476,4024.476,7.0,close_above_upper,0.4072119429223838,0.1,4029.476,0.5,0.0,0.0,0.0,,,False,2025-11-10 01:25:00+00:00,14738,4045.689,sl,-112.12999999999738,0.0,0.0,-112.12999999999738,-1.6018571428571053,-12.635999999999967,0.805000000000291,-1.8051428571428525,0.11500000000004158,1,300.0,0.16,4.360714285714396,10.05515340197372,asian,Mon,1,False
293,XAUUSDm,short,2025-11-10 01:30:00+00:00,14739,4047.935,0.1,4047.935,4037.935,7.0,close_above_upper,1.1336365085941542,0.05,4042.935,0.5,0.05,4043.095,24.200000000000728,14743.0,2025-11-10 01:50:00+00:00,True,2025-11-10 02:10:00+00:00,14747,4039.745,cross_center,65.150000000001,0.0,0.0,65.150000000001,0.9307142857143,-5.320999999999913,8.652000000000044,-0.7601428571428447,1.2360000000000062,8,2400.0,0.16,5.558428571428716,10.314690621583212,asian,Mon,1,False
294,XAUUSDm,short,2025-11-10 13:05:00+00:00,14878,4104.871,0.1,4104.871,4094.871,7.0,close_above_upper,0.04146920602766798,0.05,4099.871,0.5,0.05,4100.031,24.200000000000728,14879.0,2025-11-10 13:10:00+00:00,True,2025-11-10 13:20:00+00:00,14881,4105.031,be_stop,23.400000000001455,0.0,0.0,23.400000000001455,0.33428571428573506,-0.9679999999998472,6.194000000000415,-0.13828571428569245,0.8848571428572021,3,900.0,0.16,3.864428571428529,10.105915302070647,overlap,Mon,13,False
295,XAUUSDm,long,2025-11-10 14:20:00+00:00,14893,4083.345,0.1,4083.345,4093.345,7.0,close_below_lower,0.011183915101602377,0.05,4088.345,0.5,0.05,4088.345,25.0,14894.0,2025-11-10 14:25:00+00:00,True,2025-11-10 14:30:00+00:00,14895,4083.345,be_stop,25.0,0.0,0.0,25.0,0.35714285714285715,-1.324999999999818,5.427000000000135,-0.1892857142856883,0.7752857142857336,2,600.0,0.16,5.018428571428688,10.182488895187989,overlap,Mon,14,False
296,XAUUSDm,long,2025-11-10 14:35:00+00:00,14896,4078.594,0.1,4078.594,4088.594,7.0,close_below_lower,0.12578053038675158,0.05,4083.594,0.5,0.05,4083.594,25.0,14898.0,2025-11-10 14:45:00+00:00,True,2025-11-10 14:50:00+00:00,14899,4078.594,be_stop,25.0,0.0,0.0,25.0,0.35714285714285715,-4.188999999999851,6.846999999999753,-0.5984285714285501,0.9781428571428218,3,900.0,0.16,5.488857142857179,10.252417920304383,overlap,Mon,14,False
297,XAUUSDm,short,2025-11-10 18:30:00+00:00,14943,4114.069,0.1,4114.069,4104.069,7.0,close_above_upper,0.062048470110651115,0.05,4109.069,0.5,0.05,4109.229,24.200000000000728,14945.0,2025-11-10 18:40:00+00:00,True,2025-11-10 19:10:00+00:00,14951,4114.229,be_stop,23.400000000001455,0.0,0.0,23.400000000001455,0.33428571428573506,-1.764999999999418,8.288000000000466,-0.252142857142774,1.1840000000000666,8,2400.0,0.16,3.1231428571428688,10.527753378379828,newyork,Mon,18,False
298,XAUUSDm,long,2025-11-11 05:40:00+00:00,15065,4127.522,0.1,4127.522,4137.522,7.0,close_below_lower,0.04701091077205992,0.05,4132.522,0.5,0.05,4132.522,25.0,15066.0,2025-11-11 05:45:00+00:00,True,2025-11-11 06:00:00+00:00,15069,4127.522,be_stop,25.0,0.0,0.0,25.0,0.35714285714285715,-0.4830000000001746,8.0,-0.06900000000002494,1.1428571428571428,4,1200.0,0.16,3.6907142857142907,10.71207521478257,asian,Tue,5,False
299,XAUUSDm,long,2025-11-11 14:35:00+00:00,15172,4125.392,0.1,4125.392,4135.392,7.0,close_below_lower,0.267125657075749,0.05,4130.392,0.5,0.05,4130.392,25.0,15173.0,2025-11-11 14:40:00+00:00,True,2025-11-11 14:45:00+00:00,15174,4125.392,be_stop,25.0,0.0,0.0,25.0,0.35714285714285715,-0.9250000000001819,8.096999999999753,-0.13214285714288312,1.1567142857142503,2,600.0,0.16,4.48435714285714,9.843263965710483,overlap,Tue,14,False
300,XAUUSDm,long,2025-11-11 14:50:00+00:00,15175,4120.549,0.1,4120.549,4130.549,7.0,close_below_lower,0.3728903526892451,0.05,4125.549,0.5,0.05,4125.549,25.0,15176.0,2025-11-11 14:55:00+00:00,True,2025-11-11 15:05:00+00:00,15178,4120.549,be_stop,25.0,0.0,0.0,25.0,0.35714285714285715,-0.5469999999995707,8.15899999999965,-0.07814285714279581,1.1655714285713787,3,900.0,0.16,5.58257142857136,9.959612427658033,overlap,Tue,14,False
301,XAUUSDm,long,2025-11-11 15:20:00+00:00,15181,4116.196,0.1,4109.196,4126.196,7.0,close_below_lower,0.022112877375250393,0.1,4121.196,0.5,0.0,0.0,0.0,,,False,2025-11-11 15:25:00+00:00,15182,4108.069,sl,-81.26999999999498,0.0,0.0,-81.26999999999498,-1.1609999999999283,-10.800000000000182,0.4650000000001455,-1.542857142857169,0.06642857142859222,1,300.0,0.16,6.451571428571307,10.203139306600914,overlap,Tue,15,False
302,XAUUSDm,long,2025-11-11 15:30:00+00:00,15183,4101.674,0.1,4101.674,4111.674,7.0,close_below_lower,0.9242020544783971,0.05,4106.674,0.5,0.05,4106.674,25.0,15184.0,2025-11-11 15:35:00+00:00,True,2025-11-11 15:50:00+00:00,15187,4111.674,tp,75.0,0.0,0.0,75.0,1.0714285714285714,-4.567000000000007,8.909999999999854,-0.6524285714285725,1.272857142857122,4,1200.0,0.16,7.670714285714114,10.39507636347992,overlap,Tue,15,False
303,XAUUSDm,long,2025-11-12 04:05:00+00:00,15322,4108.221,0.1,4101.221,4118.221,7.0,close_below_lower,0.0202742486843381,0.1,4113.221,0.5,0.0,0.0,0.0,,,False,2025-11-12 04:50:00+00:00,15331,4110.809,cross_center,25.880000000006476,0.0,0.0,25.880000000006476,0.3697142857143782,-4.610999999999876,4.025000000000546,-0.658714285714268,0.575000000000078,9,2700.0,0.16,3.4357142857141167,10.027511147149923,asian,Wed,4,False
304,XAUUSDm,short,2025-11-12 15:15:00+00:00,15456,4161.677,0.1,4168.677,4151.677,7.0,close_above_upper,1.399274966930127,0.1,4156.677,0.5,0.0,0.0,0.0,,,False,2025-11-12 15:25:00+00:00,15458,4168.8369999999995,sl,-71.59999999999854,0.0,0.0,-71.59999999999854,-1.022857142857122,-10.704999999999927,1.91399999999976,-1.529285714285704,0.2734285714285371,2,600.0,0.16,6.497357142856929,9.749344708485667,overlap,Wed,15,False
305,XAUUSDm,short,2025-11-12 15:30:00+00:00,15459,4166.623,0.1,4173.623,4156.623,7.0,close_above_upper,0.9261328943220573,0.1,4161.623,0.5,0.0,0.0,0.0,,,False,2025-11-12 15:35:00+00:00,15460,4177.915,sl,-112.92000000000371,0.0,0.0,-112.92000000000371,-1.61314285714291,-12.97400000000016,0.5670000000000073,-1.8534285714285943,0.08100000000000104,1,300.0,0.16,7.504071428571284,10.131399426110118,overlap,Wed,15,False
306,XAUUSDm,short,2025-11-12 15:40:00+00:00,15461,4177.207,0.1,4184.207,4167.207,7.0,close_above_upper,1.1911880313167669,0.1,4172.207,0.5,0.0,0.0,0.0,,,False,2025-11-12 15:50:00+00:00,15463,4184.367,sl,-71.59999999999854,0.0,0.0,-71.59999999999854,-1.022857142857122,-6.857999999999265,2.643000000000029,-0.9797142857141807,0.3775714285714327,2,600.0,0.16,8.455071428571305,10.416992313113491,overlap,Wed,15,False
307,XAUUSDm,short,2025-11-12 15:55:00+00:00,15464,4175.679,0.1,4182.679,4165.679,7.0,close_above_upper,0.11404254637858828,0.1,4170.679,0.5,0.0,0.0,0.0,,,False,2025-11-12 16:00:00+00:00,15465,4182.839,sl,-71.59999999999854,0.0,0.0,-71.59999999999854,-1.022857142857122,-6.744999999999891,0.19700000000011642,-0.963571428571413,0.028142857142873772,1,300.0,0.16,8.373285714285625,10.72519950010173,overlap,Wed,15,False
308,XAUUSDm,short,2025-11-12 16:05:00+00:00,15466,4187.208,0.1,4187.208,4177.208,7.0,close_above_upper,0.626867298011677,0.05,4182.208,0.5,0.05,4182.3679999999995,24.200000000000728,15467.0,2025-11-12 16:10:00+00:00,True,2025-11-12 16:25:00+00:00,15470,4187.3679999999995,be_stop,23.400000000001455,0.0,0.0,23.400000000001455,0.33428571428573506,-2.4520000000002256,6.647999999999229,-0.3502857142857465,0.9497142857141755,4,1200.0,0.16,8.65749999999993,10.889429771004686,newyork,Wed,16,False
309,XAUUSDm,short,2025-11-12 16:35:00+00:00,15472,4194.022,0.1,4194.022,4184.022,7.0,close_above_upper,0.1463237349573236,0.05,4189.022,0.5,0.05,4187.93,30.459999999998217,15473.0,2025-11-12 16:40:00+00:00,True,2025-11-12 16:45:00+00:00,15474,4194.182,be_stop,29.659999999998945,0.0,0.0,29.659999999998945,0.42371428571427067,-2.0739999999996144,6.661000000000058,-0.2962857142856592,0.9515714285714368,2,600.0,0.16,7.3120714285713415,11.195911854485232,newyork,Wed,16,False
310,XAUUSDm,short,2025-11-12 17:05:00+00:00,15478,4202.117,0.1,4202.117,4192.117,7.0,close_above_upper,0.0879929041533485,0.05,4197.117,0.5,0.05,4197.277,24.200000000000728,15479.0,2025-11-12 17:10:00+00:00,True,2025-11-12 17:35:00+00:00,15484,4202.277,be_stop,23.400000000001455,0.0,0.0,23.400000000001455,0.33428571428573506,0.0,9.86999999999989,0.0,1.4099999999999844,6,1800.0,0.16,6.47628571428556,11.455102844508303,newyork,Wed,17,False
311,XAUUSDm,long,2025-11-13 01:20:00+00:00,15565,4183.702,0.1,4183.702,4193.702,7.0,close_below_lower,0.10460741229142446,0.05,4188.702,0.5,0.05,4190.786,35.41999999999916,15566.0,2025-11-13 01:25:00+00:00,True,2025-11-13 01:30:00+00:00,15567,4183.702,be_stop,35.41999999999916,0.0,0.0,35.41999999999916,0.505999999999988,-0.2579999999998108,7.173999999999978,-0.03685714285711583,1.0248571428571398,2,600.0,0.16,6.308571428571473,11.77755000247677,asian,Thu,1,False
312,XAUUSDm,short,2025-11-13 04:10:00+00:00,15599,4218.212,0.1,4218.212,4208.212,7.0,close_above_upper,0.007391756475602471,0.05,4213.212,0.5,0.05,4213.372,24.200000000000728,15600.0,2025-11-13 04:15:00+00:00,True,2025-11-13 04:25:00+00:00,15602,4208.372,tp,73.40000000000146,0.0,0.0,73.40000000000146,1.0485714285714494,-0.13299999999981083,9.467000000000553,-0.018999999999972976,1.3524285714286504,3,900.0,0.16,4.854785714285429,12.273697956396111,asian,Thu,4,False
313,XAUUSDm,short,2025-11-13 08:20:00+00:00,15649,4234.311,0.1,4234.311,4224.311,7.0,close_above_upper,0.08938677584422884,0.05,4229.311,0.5,0.05,4229.471,24.200000000000728,15657.0,2025-11-13 09:00:00+00:00,True,2025-11-13 09:05:00+00:00,15658,4229.84,cross_center,46.55499999999847,0.0,0.0,46.55499999999847,0.6650714285714068,-5.204000000000633,6.5649999999996,-0.7434285714286618,0.9378571428570857,9,2700.0,0.16,4.428428571428348,12.71287487695444,london,Thu,8,False
314,XAUUSDm,long,2025-11-13 14:45:00+00:00,15726,4188.285,0.1,4188.285,4198.285,7.0,close_below_lower,1.209634874013018,0.05,4193.285,0.5,0.05,4193.285,25.0,15727.0,2025-11-13 14:50:00+00:00,True,2025-11-13 14:55:00+00:00,15728,4198.285,tp,75.0,0.0,0.0,75.0,1.0714285714285714,-3.0460000000002765,6.404999999999745,-0.43514285714289663,0.9149999999999636,2,600.0,0.16,9.375071428571443,13.056464664168738,overlap,Thu,14,False
315,XAUUSDm,long,2025-11-13 18:35:00+00:00,15772,4165.97,0.1,4158.97,4175.97,7.0,close_below_lower,1.3263869745128303,0.1,4170.97,0.5,0.0,0.0,0.0,,,False,2025-11-13 18:40:00+00:00,15773,4148.394,sl,-175.76000000000022,0.0,0.0,-175.76000000000022,-2.510857142857146,-20.601000000000568,0.0,-2.943000000000081,0.0,1,300.0,0.16,6.469214285714315,13.429303625738875,newyork,Thu,18,False
316,XAUUSDm,long,2025-11-13 18:45:00+00:00,15774,4155.938,0.1,4155.938,4165.938,7.0,close_below_lower,1.3169202315788562,0.05,4160.938,0.5,0.05,4160.938,25.0,15775.0,2025-11-13 18:50:00+00:00,True,2025-11-13 18:55:00+00:00,15776,4155.231,be_stop,21.464999999998327,0.0,0.0,21.464999999998327,0.30664285714283324,-5.838999999999942,5.9520000000002256,-0.8341428571428489,0.8502857142857465,2,600.0,0.16,8.17428571428575,13.819219054404835,newyork,Thu,18,False
317,XAUUSDm,long,2025-11-13 19:00:00+00:00,15777,4158.086,0.1,4151.086,4168.086,7.0,close_below_lower,0.3343059619997402,0.1,4163.086,0.5,0.0,0.0,0.0,,,False,2025-11-13 19:05:00+00:00,15778,4150.208,sl,-78.78000000000611,0.0,0.0,-78.78000000000611,-1.1254285714286587,-12.248000000000502,0.0,-1.7497142857143575,0.0,1,300.0,0.16,8.646714285714356,14.182885564983506,newyork,Thu,19,False
318,XAUUSDm,long,2025-11-13 19:10:00+00:00,15779,4154.903,0.1,4154.903,4164.903,7.0,close_below_lower,0.071834314141309,0.05,4159.903,0.5,0.05,4159.903,25.0,15782.0,2025-11-13 19:25:00+00:00,True,2025-11-13 19:35:00+00:00,15784,4161.984,cross_center,60.405000000000655,0.0,0.0,60.405000000000655,0.8629285714285808,-4.265000000000327,8.765999999999622,-0.6092857142857611,1.2522857142856603,5,1500.0,0.16,9.586285714285752,14.408869825505938,newyork,Thu,19,False
319,XAUUSDm,long,2025-11-14 11:20:00+00:00,15961,4148.803,0.1,4148.803,4158.803,7.0,close_below_lower,0.015003537465025828,0.05,4153.803,0.5,0.05,4153.803,25.0,15964.0,2025-11-14 11:35:00+00:00,True,2025-11-14 11:45:00+00:00,15966,4148.803,be_stop,25.0,0.0,0.0,25.0,0.35714285714285715,-6.074999999999818,8.917000000000371,-0.8678571428571169,1.2738571428571959,5,1500.0,0.16,5.829857142857171,14.90198057975725,london,Fri,11,False
320,XAUUSDm,long,2025-11-14 11:55:00+00:00,15968,4137.9929999999995,0.1,4130.993,4147.993,7.0,close_below_lower,0.09556227705750651,0.1,4142.993,0.5,0.0,0.0,0.0,,,False,2025-11-14 12:00:00+00:00,15969,4130.993,sl,-69.9999999999909,0.0,0.0,-69.9999999999909,-0.9999999999998701,-7.21599999999944,2.4350000000004,-1.0308571428570628,0.34785714285720004,1,300.0,0.16,6.766285714285589,14.611855566905673,london,Fri,11,False
321,XAUUSDm,long,2025-11-14 12:15:00+00:00,15972,4126.139,0.1,4119.139,4136.139,7.0,close_below_lower,0.2773775856388418,0.1,4131.139,0.5,0.0,0.0,0.0,,,False,2025-11-14 12:20:00+00:00,15973,4118.524,sl,-76.14999999999782,0.0,0.0,-76.14999999999782,-1.0878571428571118,-10.355999999999767,2.506999999999607,-1.4794285714285382,0.35814285714280103,1,300.0,0.16,8.117785714285544,14.778132383982033,overlap,Fri,12,False
322,XAUUSDm,long,2025-11-14 12:25:00+00:00,15974,4120.182,0.1,4113.182,4130.182,7.0,close_below_lower,0.2617466332390679,0.1,4125.182,0.5,0.0,0.0,0.0,,,False,2025-11-14 12:30:00+00:00,15975,4113.182,sl,-70.0,0.0,0.0,-70.0,-1.0,-9.30999999999949,1.2089999999998327,-1.3299999999999272,0.1727142857142618,1,300.0,0.16,8.163142857142702,14.941690932228155,overlap,Fri,12,False
323,XAUUSDm,long,2025-11-14 12:35:00+00:00,15976,4114.9,0.1,4107.9,4124.9,7.0,close_below_lower,0.18418866178441048,0.1,4119.9,0.5,0.0,0.0,0.0,,,False,2025-11-14 12:40:00+00:00,15977,4107.9,sl,-70.0,0.0,0.0,-70.0,-1.0,-6.170999999999367,4.354000000000269,-0.8815714285713382,0.6220000000000384,1,300.0,0.16,8.2689285714284,15.096909105910878,overlap,Fri,12,False
324,XAUUSDm,long,2025-11-14 13:15:00+00:00,15984,4086.4089999999997,0.1,4079.409,4096.409,7.0,close_below_lower,0.8228993332754677,0.1,4091.409,0.5,0.0,0.0,0.0,,,False,2025-11-14 13:20:00+00:00,15985,4077.056,sl,-93.52999999999611,0.0,0.0,-93.52999999999611,-1.3361428571428016,-9.984999999999673,5.550000000000182,-1.4264285714285247,0.7928571428571688,1,300.0,0.16,9.811785714285666,15.43599051933297,overlap,Fri,13,False
325,XAUUSDm,long,2025-11-14 13:25:00+00:00,15986,4071.404,0.1,4064.404,4081.404,7.0,close_below_lower,1.1708882984239595,0.1,4076.404,0.5,0.0,0.0,0.0,,,False,2025-11-14 13:30:00+00:00,15987,4055.716,sl,-156.88000000000102,0.0,0.0,-156.88000000000102,-2.2411428571428718,-17.88500000000022,0.36200000000008004,-2.5550000000000312,0.05171428571429715,1,300.0,0.16,11.060428571428474,15.759839927506835,overlap,Fri,13,False
326,XAUUSDm,long,2025-11-14 13:35:00+00:00,15988,4055.383,0.1,4048.383,4065.383,7.0,close_below_lower,1.3918072526064105,0.1,4060.383,0.5,0.0,0.0,0.0,,,False,2025-11-14 13:50:00+00:00,15991,4048.383,sl,-70.0,0.0,0.0,-70.0,-1.0,-9.049999999999727,7.619000000000142,-1.2928571428571038,1.0884285714285917,3,900.0,0.16,11.524571428571335,16.20846720736767,overlap,Fri,13,False
327,XAUUSDm,long,2025-11-14 13:55:00+00:00,15992,4050.687,0.1,4043.687,4060.687,7.0,close_below_lower,0.44732300738145075,0.1,4055.687,0.5,0.0,0.0,0.0,,,False,2025-11-14 14:00:00+00:00,15993,4043.687,sl,-70.0,0.0,0.0,-70.0,-1.0,-0.22299999999995634,6.503000000000156,-0.031857142857136624,0.9290000000000224,1,300.0,0.16,12.264142857142847,16.82315109677595,overlap,Fri,13,False
328,XAUUSDm,long,2025-11-14 14:05:00+00:00,15994,4049.23,0.1,4049.23,4059.23,7.0,close_below_lower,0.10247930947504731,0.05,4054.23,0.5,0.05,4054.23,25.0,15995.0,2025-11-14 14:10:00+00:00,True,2025-11-14 14:15:00+00:00,15996,4049.23,be_stop,25.0,0.0,0.0,25.0,0.35714285714285715,-4.048000000000229,5.139000000000124,-0.578285714285747,0.7341428571428749,2,600.0,0.16,13.173285714285774,17.00055458924382,overlap,Fri,14,False
329,XAUUSDm,short,2025-11-14 15:00:00+00:00,16005,4082.731,0.1,4082.731,4072.731,7.0,close_above_upper,0.2440115903811109,0.05,4077.731,0.5,0.05,4074.578,40.76500000000124,16006.0,2025-11-14 15:05:00+00:00,True,2025-11-14 15:05:00+00:00,16006,4072.891,tp,89.96500000000196,0.0,0.0,89.96500000000196,1.2852142857143138,0.0,12.494000000000142,0.0,1.7848571428571631,1,300.0,0.16,12.884142857142868,17.377695310114927,overlap,Fri,15,False
330,XAUUSDm,long,2025-11-17 05:35:00+00:00,16168,4053.404,0.1,4053.404,4063.404,7.0,close_below_lower,0.07991991264630358,0.05,4058.404,0.5,0.05,4058.404,25.0,16170.0,2025-11-17 05:45:00+00:00,True,2025-11-17 05:55:00+00:00,16172,4053.404,be_stop,25.0,0.0,0.0,25.0,0.35714285714285715,-3.755000000000109,7.045999999999822,-0.536428571428587,1.0065714285714031,4,1200.0,0.16,4.7549999999999795,18.41764566735896,asian,Mon,5,False
331,XAUUSDm,long,2025-11-17 19:35:00+00:00,16336,4038.671,0.1,4031.671,4048.671,7.0,close_below_lower,0.2900667081789594,0.1,4043.671,0.5,0.0,0.0,0.0,,,False,2025-11-17 19:40:00+00:00,16337,4031.618,sl,-70.52999999999884,0.0,0.0,-70.52999999999884,-1.007571428571412,-8.166999999999916,1.0670000000000073,-1.1667142857142738,0.15242857142857247,1,300.0,0.16,6.067499999999947,17.85597159067029,newyork,Mon,19,False
332,XAUUSDm,long,2025-11-17 19:45:00+00:00,16338,4019.582,0.1,4019.582,4029.582,7.0,close_below_lower,0.8918959340090528,0.05,4024.582,0.5,0.05,4024.582,25.0,16339.0,2025-11-17 19:50:00+00:00,True,2025-11-17 19:55:00+00:00,16340,4019.582,be_stop,25.0,0.0,0.0,25.0,0.35714285714285715,-5.3659999999999854,6.316000000000258,-0.7665714285714265,0.9022857142857512,2,600.0,0.16,7.128214285714226,18.20066848282604,newyork,Mon,19,False
333,XAUUSDm,long,2025-11-17 20:00:00+00:00,16341,4011.4179999999997,0.1,4011.4179999999997,4021.418,7.0,close_below_lower,0.6408674774418477,0.05,4016.418,0.5,0.05,4016.418,25.000000000002274,16342.0,2025-11-17 20:05:00+00:00,True,2025-11-17 20:05:00+00:00,16342,4021.418,tp,75.00000000000455,0.0,0.0,75.00000000000455,1.0714285714286365,-4.59099999999944,3.854000000000269,-0.6558571428570629,0.550571428571467,1,300.0,0.16,8.384142857142772,18.660697024601408,newyork,Mon,20,False
334,XAUUSDm,short,2025-11-18 08:40:00+00:00,16481,4041.319,0.1,4041.319,4031.319,7.0,close_above_upper,0.08889771113417258,0.05,4036.319,0.5,0.05,4036.479,24.200000000000728,16482.0,2025-11-18 08:45:00+00:00,True,2025-11-18 08:50:00+00:00,16483,4041.479,be_stop,23.400000000001455,0.0,0.0,23.400000000001455,0.33428571428573506,-1.4209999999998217,7.503000000000156,-0.20299999999997453,1.0718571428571653,2,600.0,0.16,6.733357142857163,18.129875641063656,london,Tue,8,False
335,XAUUSDm,short,2025-11-18 13:40:00+00:00,16541,4065.938,0.1,4072.938,4055.938,7.0,close_above_upper,0.3929682410939197,0.1,4060.938,0.5,0.0,0.0,0.0,,,False,2025-11-18 14:00:00+00:00,16545,4073.098,sl,-71.59999999999854,0.0,0.0,-71.59999999999854,-1.022857142857122,-4.391999999999825,3.8520000000003165,-0.6274285714285465,0.5502857142857595,4,1200.0,0.16,6.733357142857228,15.347796960629076,overlap,Tue,13,False
336,XAUUSDm,short,2025-11-18 14:05:00+00:00,16546,4074.235,0.1,4074.235,4064.235,7.0,close_above_upper,0.12251810392519523,0.05,4069.235,0.5,0.05,4069.395,24.200000000000728,16547.0,2025-11-18 14:10:00+00:00,True,2025-11-18 14:15:00+00:00,16548,4074.395,be_stop,23.400000000001455,0.0,0.0,23.400000000001455,0.33428571428573506,-0.9469999999996617,5.617000000000189,-0.13528571428566596,0.8024285714285985,2,600.0,0.16,7.36000000000003,15.559092655697647,overlap,Tue,14,False
337,XAUUSDm,short,2025-11-18 14:20:00+00:00,16549,4080.269,0.1,4080.269,4070.269,7.0,close_above_upper,0.050111579018276974,0.05,4075.269,0.5,0.05,4075.4289999999996,24.200000000000728,16550.0,2025-11-18 14:25:00+00:00,True,2025-11-18 14:30:00+00:00,16551,4080.4289999999996,be_stop,23.400000000001455,0.0,0.0,23.400000000001455,0.33428571428573506,0.0,7.089999999999691,0.0,1.0128571428570987,2,600.0,0.16,6.686642857142813,15.750556126955704,overlap,Tue,14,False
338,XAUUSDm,short,2025-11-19 10:00:00+00:00,16773,4113.364,0.1,4113.364,4103.364,7.0,close_above_upper,0.26201049649870645,0.05,4108.364,0.5,0.05,4108.523999999999,24.200000000000728,16784.0,2025-11-19 10:55:00+00:00,True,2025-11-19 11:00:00+00:00,16785,4109.09,cross_center,45.56999999999789,0.0,0.0,45.56999999999789,0.6509999999999698,-5.8090000000001965,6.279999999999745,-0.8298571428571709,0.8971428571428207,12,3600.0,0.16,5.141571428571329,14.875086501675842,london,Wed,10,False
339,XAUUSDm,long,2025-11-19 15:55:00+00:00,16844,4092.161,0.1,4085.161,4102.161,7.0,close_below_lower,0.665945142185379,0.1,4097.161,0.5,0.0,0.0,0.0,,,False,2025-11-19 16:00:00+00:00,16845,4085.161,sl,-70.0,0.0,0.0,-70.0,-1.0,-1.0360000000000582,4.854000000000269,-0.14800000000000832,0.6934285714286099,1,300.0,0.16,8.02307142857155,14.077297147679078,overlap,Wed,15,False
340,XAUUSDm,long,2025-11-19 16:05:00+00:00,16846,4091.178,0.1,4084.178,4101.178,7.0,close_below_lower,0.38928122389419423,0.1,4096.178,0.5,0.0,0.0,0.0,,,False,2025-11-19 16:15:00+00:00,16848,4084.178,sl,-70.0,0.0,0.0,-70.0,-1.0,-4.467999999999847,3.881000000000313,-0.6382857142856925,0.5544285714286161,2,600.0,0.16,8.51000000000012,14.188041207252105,newyork,Wed,16,False
341,XAUUSDm,long,2025-11-19 16:20:00+00:00,16849,4084.362,0.1,4077.362,4094.362,7.0,close_below_lower,0.3107333030010371,0.1,4089.362,0.5,0.0,0.0,0.0,,,False,2025-11-19 16:25:00+00:00,16850,4077.362,sl,-70.0,0.0,0.0,-70.0,-1.0,-0.1950000000001637,7.06899999999996,-0.027857142857166246,1.0098571428571372,1,300.0,0.16,8.795928571428735,14.467351890960066,newyork,Wed,16,False
342,XAUUSDm,long,2025-11-19 16:30:00+00:00,16851,4074.72,0.1,4067.72,4084.72,7.0,close_below_lower,0.5618913783121613,0.1,4079.72,0.5,0.0,0.0,0.0,,,False,2025-11-19 16:35:00+00:00,16852,4067.72,sl,-70.0,0.0,0.0,-70.0,-1.0,-2.8539999999998145,4.582000000000335,-0.4077142857142592,0.6545714285714764,1,300.0,0.16,9.381571428571565,14.618039007705285,newyork,Wed,16,False
343,XAUUSDm,long,2025-11-19 16:40:00+00:00,16853,4074.411,0.1,4067.411,4084.411,7.0,close_below_lower,0.19107049540478885,0.1,4079.411,0.5,0.0,0.0,0.0,,,False,2025-11-19 17:00:00+00:00,16857,4067.411,sl,-70.0,0.0,0.0,-70.0,-1.0,-5.0770000000002256,3.8170000000000073,-0.7252857142857465,0.5452857142857154,4,1200.0,0.16,9.683785714285802,14.6906642648724,newyork,Wed,16,False
344,XAUUSDm,long,2025-11-19 17:05:00+00:00,16858,4061.123,0.1,4061.123,4071.123,7.0,close_below_lower,0.3034820317679461,0.05,4066.123,0.5,0.05,4066.123,25.0,16859.0,2025-11-19 17:10:00+00:00,True,2025-11-19 17:25:00+00:00,16862,4071.123,tp,75.0,0.0,0.0,75.0,1.0714285714285714,-5.550999999999931,9.924999999999727,-0.7929999999999902,1.4178571428571038,4,1200.0,0.16,9.704142857142902,14.75269568207613,newyork,Wed,17,False
345,XAUUSDm,short,2025-11-19 23:55:00+00:00,16928,4105.949,0.1,4112.949,4095.949,7.0,close_above_upper,0.02535045049628492,0.1,4100.949,0.5,0.0,0.0,0.0,,,False,2025-11-20 00:50:00+00:00,16939,4103.339,cross_center,26.099999999996726,0.0,0.0,26.099999999996726,0.3728571428570961,-4.392000000000735,4.4979999999995925,-0.6274285714286764,0.6425714285713704,11,3300.0,0.16,4.803357142857229,14.724861113779077,rollover,Wed,23,False
346,XAUUSDm,long,2025-11-20 02:05:00+00:00,16954,4071.075,0.1,4064.075,4081.075,7.0,close_below_lower,0.4037407173049624,0.1,4076.075,0.5,0.0,0.0,0.0,,,False,2025-11-20 02:10:00+00:00,16955,4063.479,sl,-75.96000000000004,0.0,0.0,-75.96000000000004,-1.0851428571428576,-11.957999999999629,0.11400000000003274,-1.7082857142856613,0.016285714285718962,1,300.0,0.16,6.133642857142994,15.110528236735533,asian,Thu,2,False
347,XAUUSDm,long,2025-11-20 02:15:00+00:00,16956,4063.468,0.1,4056.468,4073.468,7.0,close_below_lower,0.45352562131889185,0.1,4068.468,0.5,0.0,0.0,0.0,,,False,2025-11-20 02:20:00+00:00,16957,4050.689,sl,-127.78999999999996,0.0,0.0,-127.78999999999996,-1.825571428571428,-23.603000000000065,0.7440000000001419,-3.371857142857152,0.10628571428573455,1,300.0,0.16,6.8390000000000395,15.371683748644667,asian,Thu,2,False
348,XAUUSDm,long,2025-11-20 02:25:00+00:00,16958,4054.644,0.1,4054.644,4064.644,7.0,close_below_lower,0.5006287132401804,0.05,4059.644,0.5,0.05,4059.644,25.0,16959.0,2025-11-20 02:30:00+00:00,True,2025-11-20 02:35:00+00:00,16960,4054.38,be_stop,23.680000000001655,0.0,0.0,23.680000000001655,0.33828571428573795,-2.4079999999999018,5.837000000000444,-0.343999999999986,0.8338571428572062,2,600.0,0.16,8.287642857142957,15.645844936533575,asian,Thu,2,False
349,XAUUSDm,short,2025-11-20 03:10:00+00:00,16967,4083.077,0.1,4083.077,4073.077,7.0,close_above_upper,0.0051626587149729295,0.05,4078.077,0.5,0.05,4078.237,24.200000000000728,16968.0,2025-11-20 03:15:00+00:00,True,2025-11-20 03:20:00+00:00,16969,4073.237,tp,73.40000000000146,0.0,0.0,73.40000000000146,1.0485714285714494,0.0,9.731000000000222,0.0,1.3901428571428889,2,600.0,0.16,8.958999999999962,15.930911349268777,asian,Thu,3,False
350,XAUUSDm,short,2025-11-20 14:50:00+00:00,17107,4102.834,0.1,4102.834,4092.834,7.0,close_above_upper,0.22114332420590474,0.05,4097.834,0.5,0.05,4097.994,24.200000000000728,17108.0,2025-11-20 14:55:00+00:00,True,2025-11-20 14:55:00+00:00,17108,4092.9939999999997,tp,73.40000000000146,0.0,0.0,73.40000000000146,1.0485714285714494,-4.311999999999898,2.58600000000024,-0.6159999999999854,0.36942857142860575,1,300.0,0.16,10.539571428571533,15.084558736625608,overlap,Thu,14,False
351,XAUUSDm,long,2025-11-20 16:00:00+00:00,17121,4070.473,0.1,4070.473,4080.473,7.0,close_below_lower,0.0472042418769768,0.05,4075.473,0.5,0.05,4075.916,27.215000000001055,17122.0,2025-11-20 16:05:00+00:00,True,2025-11-20 16:05:00+00:00,17122,4080.473,tp,77.21500000000106,0.0,0.0,77.21500000000106,1.1030714285714436,-1.8969999999999345,7.6460000000001855,-0.27099999999999064,1.0922857142857407,1,300.0,0.16,9.278642857142943,15.337519852746627,newyork,Thu,16,False
352,XAUUSDm,long,2025-11-20 17:00:00+00:00,17133,4049.174,0.1,4049.174,4059.174,7.0,close_below_lower,0.10374713026602621,0.05,4054.174,0.5,0.05,4054.174,25.0,17135.0,2025-11-20 17:10:00+00:00,True,2025-11-20 17:20:00+00:00,17137,4059.174,tp,75.0,0.0,0.0,75.0,1.0714285714285714,-5.5,8.68600000000015,-0.7857142857142857,1.2408571428571642,4,1200.0,0.16,9.065714285714291,15.87581167302272,newyork,Thu,17,False
353,XAUUSDm,short,2025-11-20 19:30:00+00:00,17163,4084.275,0.1,4084.275,4074.275,7.0,close_above_upper,0.0214178093911346,0.05,4079.275,0.5,0.05,4079.435,24.200000000000728,17170.0,2025-11-20 20:05:00+00:00,True,2025-11-20 20:10:00+00:00,17171,4074.435,tp,73.40000000000146,0.0,0.0,73.40000000000146,1.0485714285714494,-3.0229999999996835,5.454000000000178,-0.43185714285709764,0.7791428571428826,8,2400.0,0.16,6.055857142857186,16.433269366913542,newyork,Thu,19,False
354,XAUUSDm,long,2025-11-21 06:30:00+00:00,17283,4032.0719999999997,0.1,4032.0719999999997,4042.072,7.0,close_below_lower,0.0855966716157129,0.05,4037.072,0.5,0.05,4037.171,25.4950000000008,17284.0,2025-11-21 06:35:00+00:00,True,2025-11-21 07:00:00+00:00,17289,4032.0719999999997,be_stop,25.4950000000008,0.0,0.0,25.4950000000008,0.36421428571429715,-2.7099999999995816,8.631000000000313,-0.3871428571427974,1.2330000000000447,6,1800.0,0.16,7.246857142857119,16.028909863680372,asian,Fri,6,False
355,XAUUSDm,short,2025-11-21 09:20:00+00:00,17317,4062.549,0.1,4062.549,4052.549,7.0,close_above_upper,0.03246799553363236,0.05,4057.549,0.5,0.05,4057.709,24.200000000000728,17318.0,2025-11-21 09:25:00+00:00,True,2025-11-21 09:40:00+00:00,17321,4052.709,tp,73.40000000000146,0.0,0.0,73.40000000000146,1.0485714285714494,-0.4960000000000946,9.851000000000113,-0.07085714285715637,1.4072857142857305,4,1200.0,0.16,7.079857142857106,16.549346597021522,london,Fri,9,False
356,XAUUSDm,short,2025-11-21 12:40:00+00:00,17357,4062.715,0.1,4069.715,4052.715,7.0,close_above_upper,0.184953518829237,0.1,4057.715,0.5,0.0,0.0,0.0,,,False,2025-11-21 12:45:00+00:00,17358,4069.875,sl,-71.59999999999854,0.0,0.0,-71.59999999999854,-1.022857142857122,-0.1839999999997417,4.7280000000000655,-0.026285714285677386,0.6754285714285808,1,300.0,0.16,6.5218571428571455,15.612000317187992,overlap,Fri,12,False
357,XAUUSDm,short,2025-11-21 12:50:00+00:00,17359,4067.489,0.1,4067.489,4057.489,7.0,close_above_upper,0.19990195262356064,0.05,4062.489,0.5,0.05,4061.477,30.060000000000855,17360.0,2025-11-21 12:55:00+00:00,True,2025-11-21 13:20:00+00:00,17365,4067.649,be_stop,29.260000000001583,0.0,0.0,29.260000000001583,0.41800000000002263,-1.9679999999998472,8.318000000000211,-0.2811428571428353,1.1882857142857444,6,1800.0,0.16,6.978714285714334,15.599288103805428,overlap,Fri,12,False
358,XAUUSDm,short,2025-11-21 16:55:00+00:00,17408,4093.815,0.1,4100.815,4083.815,7.0,close_above_upper,0.22330258852932894,0.1,4088.815,0.5,0.0,0.0,0.0,,,False,2025-11-21 17:00:00+00:00,17409,4100.974999999999,sl,-71.599999999994,0.0,0.0,-71.599999999994,-1.0228571428569906,-6.830999999999676,0.1750000000001819,-0.9758571428570966,0.025000000000025984,1,300.0,0.16,6.3805000000000485,16.023811003697244,newyork,Fri,16,False
359,XAUUSDm,long,2025-11-21 20:35:00+00:00,17452,4063.6589999999997,0.1,4056.659,4073.659,7.0,close_below_lower,0.10383424000897486,0.1,4068.659,0.5,0.0,0.0,0.0,,,False,2025-11-21 20:40:00+00:00,17453,4056.659,sl,-69.99999999999545,0.0,0.0,-69.99999999999545,-0.999999999999935,-7.123999999999796,1.499000000000251,-1.0177142857142567,0.214142857142893,1,300.0,0.16,5.146357142857141,15.526582922269878,newyork,Fri,20,False
360,XAUUSDm,long,2025-11-21 20:45:00+00:00,17454,4059.412,0.1,4059.412,4069.412,7.0,close_below_lower,0.08902151685774,0.05,4064.412,0.5,0.05,4064.412,25.0,17456.0,2025-11-21 20:55:00+00:00,True,2025-11-21 20:55:00+00:00,17456,4069.412,tp,75.0,0.0,0.0,75.0,1.0714285714285714,-4.270999999999731,4.356999999999971,-0.6101428571428187,0.6224285714285672,2,600.0,0.16,5.623857142857138,15.5184696162267,newyork,Fri,20,False
361,XAUUSDm,short,2025-11-24 18:40:00+00:00,17705,4111.666,0.1,4118.666,4101.666,7.0,close_above_upper,0.28258158931214533,0.1,4106.666,0.5,0.0,0.0,0.0,,,False,2025-11-24 18:50:00+00:00,17707,4118.826,sl,-71.59999999999854,0.0,0.0,-71.59999999999854,-1.022857142857122,-4.032000000000153,1.3950000000004366,-0.5760000000000218,0.19928571428577666,2,600.0,0.16,4.042000000000014,12.55613544519678,newyork,Mon,18,False
362,XAUUSDm,short,2025-11-24 18:55:00+00:00,17708,4120.147,0.1,4120.147,4110.147,7.0,close_above_upper,0.4621768217919405,0.05,4115.147,0.5,0.05,4115.307,24.200000000000728,17712.0,2025-11-24 19:15:00+00:00,True,2025-11-24 19:40:00+00:00,17717,4114.8369999999995,cross_center,50.75000000000273,0.0,0.0,50.75000000000273,0.725000000000039,-4.029000000000451,6.234000000000378,-0.575571428571493,0.8905714285714826,9,2700.0,0.16,5.333642857142975,12.80194262207073,newyork,Mon,18,False
363,XAUUSDm,long,2025-11-25 08:55:00+00:00,17864,4112.081,0.1,4112.081,4122.081,7.0,close_below_lower,0.6101083533977042,0.05,4117.081,0.5,0.05,4117.081,25.0,17865.0,2025-11-25 09:00:00+00:00,True,2025-11-25 09:00:00+00:00,17865,4122.081,tp,75.0,0.0,0.0,75.0,1.0714285714285714,-0.15999999999985448,6.0109999999995125,-0.022857142857122068,0.858714285714216,1,300.0,0.16,5.546499999999924,11.532016981914923,london,Tue,8,False
364,XAUUSDm,long,2025-11-25 12:45:00+00:00,17910,4117.072,0.1,4117.072,4127.072,7.0,close_below_lower,0.45738504462891844,0.05,4122.072,0.5,0.05,4122.072,25.0,17911.0,2025-11-25 12:50:00+00:00,True,2025-11-25 12:50:00+00:00,17911,4127.072,tp,75.0,0.0,0.0,75.0,1.0714285714285714,-1.0650000000005093,8.74200000000019,-0.1521428571429299,1.24885714285717,1,300.0,0.16,4.141285714285524,10.778196676133632,overlap,Tue,12,False
365,XAUUSDm,long,2025-11-25 14:35:00+00:00,17932,4128.807,0.1,4121.807,4138.807,7.0,close_below_lower,0.07971286922656225,0.1,4133.807,0.5,0.0,0.0,0.0,,,False,2025-11-25 14:40:00+00:00,17933,4121.807,sl,-70.0,0.0,0.0,-70.0,-1.0,-11.280999999999949,3.811000000000604,-1.6115714285714213,0.5444285714286577,1,300.0,0.16,5.7295714285714245,11.29526693342671,overlap,Tue,14,False
366,XAUUSDm,long,2025-11-25 14:45:00+00:00,17934,4119.996,0.1,4112.996,4129.996,7.0,close_below_lower,0.48599103857133863,0.1,4124.996,0.5,0.0,0.0,0.0,,,False,2025-11-25 14:50:00+00:00,17935,4112.996,sl,-70.0,0.0,0.0,-70.0,-1.0,-8.962000000000444,0.22800000000006548,-1.2802857142857778,0.032571428571437924,1,300.0,0.16,6.664142857142906,11.478185594771627,overlap,Tue,14,False
367,XAUUSDm,short,2025-11-25 17:10:00+00:00,17963,4150.428,0.1,4150.428,4140.428,7.0,close_above_upper,0.10551889457516608,0.05,4145.428,0.5,0.05,4145.588,24.200000000000728,17964.0,2025-11-25 17:15:00+00:00,True,2025-11-25 17:20:00+00:00,17965,4150.588,be_stop,23.400000000001455,0.0,0.0,23.400000000001455,0.33428571428573506,-3.007999999999811,5.083999999999833,-0.4297142857142587,0.7262857142856903,2,600.0,0.16,5.918071428571303,11.223020884219164,newyork,Tue,17,False
368,XAUUSDm,short,2025-11-25 17:35:00+00:00,17968,4157.538,0.1,4157.538,4147.538,7.0,close_above_upper,0.10320214434957661,0.05,4152.538,0.5,0.05,4152.695,24.214999999999236,17969.0,2025-11-25 17:40:00+00:00,True,2025-11-25 17:50:00+00:00,17971,4147.697999999999,tp,73.41499999999996,0.0,0.0,73.41499999999996,1.0487857142857138,-0.30600000000049477,8.483999999999469,-0.04371428571435639,1.211999999999924,3,900.0,0.16,5.676285714285508,11.434848174925927,newyork,Tue,17,False
369,XAUUSDm,long,2025-11-27 01:20:00+00:00,18325,4151.187,0.1,4151.187,4161.187,7.0,close_below_lower,0.08897516083140491,0.05,4156.187,0.5,0.05,4156.187,25.0,18327.0,2025-11-27 01:30:00+00:00,True,2025-11-27 01:45:00+00:00,18330,4151.187,be_stop,25.0,0.0,0.0,25.0,0.35714285714285715,-2.395999999999731,5.319999999999709,-0.34228571428567584,0.7599999999999584,5,1500.0,0.16,2.9427857142857516,10.109272633955833,asian,Thu,1,False
370,XAUUSDm,long,2025-11-27 09:20:00+00:00,18421,4150.677,0.1,4150.677,4160.677,7.0,close_below_lower,0.09686034371100216,0.05,4155.677,0.5,0.05,4155.677,25.0,18422.0,2025-11-27 09:25:00+00:00,True,2025-11-27 09:55:00+00:00,18428,4159.085,cross_center,67.04000000000178,0.0,0.0,67.04000000000178,0.9577142857143112,-2.415999999999258,9.277000000000044,-0.3451428571427511,1.3252857142857206,7,2100.0,0.16,3.497285714285746,9.55660576088972,london,Thu,9,False
371,XAUUSDm,short,2025-11-28 00:35:00+00:00,18562,4180.29,0.1,4187.29,4170.29,7.0,close_above_upper,0.6915416862294792,0.1,4175.29,0.5,0.0,0.0,0.0,,,False,2025-11-28 01:00:00+00:00,18567,4187.45,sl,-71.59999999999854,0.0,0.0,-71.59999999999854,-1.022857142857122,-2.5979999999999563,4.175000000000182,-0.3711428571428509,0.5964285714285974,5,1500.0,0.16,2.7122142857142535,7.725373411971757,asian,Fri,0,False
372,XAUUSDm,short,2025-11-28 01:05:00+00:00,18568,4189.919,0.1,4189.919,4179.919,7.0,close_above_upper,0.8163182649002982,0.05,4184.919,0.5,0.05,4185.079,24.200000000000728,18569.0,2025-11-28 01:10:00+00:00,True,2025-11-28 01:25:00+00:00,18572,4190.079,be_stop,23.400000000001455,0.0,0.0,23.400000000001455,0.33428571428573506,-1.7399999999997817,6.829999999999927,-0.24857142857139738,0.9757142857142753,4,1200.0,0.16,4.329357142857134,7.782747382760731,asian,Fri,1,False
373,XAUUSDm,long,2025-11-28 08:05:00+00:00,18652,4164.634,0.1,4157.634,4174.634,7.0,close_below_lower,0.9415947799322301,0.1,4169.634,0.5,0.0,0.0,0.0,,,False,2025-11-28 08:10:00+00:00,18653,4157.634,sl,-70.0,0.0,0.0,-70.0,-1.0,-15.520000000000437,15.50500000000011,-2.2171428571429197,2.2150000000000154,1,300.0,0.56,2.6190714285713903,7.616475683204422,london,Fri,8,False
374,XAUUSDm,long,2025-11-28 08:55:00+00:00,18654,4167.405,0.1,4160.405,4177.405,7.0,close_below_lower,0.1502721805688573,0.1,4172.405,0.5,0.0,0.0,0.0,,,False,2025-11-28 09:10:00+00:00,18657,4160.405,sl,-70.0,0.0,0.0,-70.0,-1.0,-4.61200000000008,5.880000000000109,-0.6588571428571542,0.8400000000000156,3,900.0,3.352,6.596000000000004,7.6933191767713645,london,Fri,8,False
375,XAUUSDm,long,2025-11-28 09:15:00+00:00,18658,4162.08,0.1,4155.08,4172.08,7.0,close_below_lower,0.21227259892235903,0.1,4167.08,0.5,0.0,0.0,0.0,,,False,2025-11-28 09:50:00+00:00,18665,4165.669,cross_center,35.88999999999942,0.0,0.0,35.88999999999942,0.5127142857142774,-4.445999999999913,3.9160000000001673,-0.6351428571428447,0.5594285714285954,7,2100.0,0.32,7.7734285714284725,7.86987571637615,london,Fri,9,False
376,XAUUSDm,short,2025-11-28 10:20:00+00:00,18671,4175.643,0.1,4175.643,4165.643,7.0,close_above_upper,0.007864254377418408,0.05,4170.643,0.5,0.05,4171.123,22.600000000002183,18672.0,2025-11-28 10:25:00+00:00,True,2025-11-28 10:30:00+00:00,18673,4166.123,tp,70.20000000000437,0.0,0.0,70.20000000000437,1.0028571428572053,0.0,7.810999999999694,0.0,1.1158571428570991,2,600.0,0.32,4.523857142857131,8.039610843882036,london,Fri,10,False
377,XAUUSDm,short,2025-11-28 14:05:00+00:00,18716,4187.23,0.1,4194.23,4177.23,7.0,close_above_upper,0.43572222854848264,0.1,4182.23,0.5,0.0,0.0,0.0,,,False,2025-11-28 14:15:00+00:00,18718,4194.389999999999,sl,-71.59999999999854,0.0,0.0,-71.59999999999854,-1.022857142857122,-4.719000000000051,2.905999999999949,-0.6741428571428644,0.4151428571428499,2,600.0,0.16,3.9813571428572425,7.518426281168981,overlap,Fri,14,False
378,XAUUSDm,short,2025-11-28 14:20:00+00:00,18719,4193.793,0.1,4200.793,4183.793,7.0,close_above_upper,0.7105286392455585,0.1,4188.793,0.5,0.0,0.0,0.0,,,False,2025-11-28 14:35:00+00:00,18722,4200.9529999999995,sl,-71.59999999999854,0.0,0.0,-71.59999999999854,-1.022857142857122,-6.624000000000706,0.027999999999337888,-0.9462857142858151,0.0039999999999054126,3,900.0,0.16,4.63014285714293,7.6083850058138935,overlap,Fri,14,False
379,XAUUSDm,short,2025-11-28 14:40:00+00:00,18723,4203.088,0.1,4203.088,4193.088,7.0,close_above_upper,0.8677409515025828,0.05,4198.088,0.5,0.05,4198.248,24.200000000000728,18724.0,2025-11-28 14:45:00+00:00,True,2025-11-28 15:00:00+00:00,18727,4193.248,tp,73.40000000000146,0.0,0.0,73.40000000000146,1.0485714285714494,-5.907000000000153,8.289999999999964,-0.8438571428571647,1.184285714285709,4,1200.0,0.16,5.442499999999915,7.741196285141638,overlap,Fri,14,False
380,XAUUSDm,short,2025-11-28 16:30:00+00:00,18745,4209.488,0.1,4209.488,4199.488,7.0,close_above_upper,0.04265837521519752,0.05,4204.488,0.5,0.05,4204.648,24.200000000000728,18747.0,2025-11-28 16:40:00+00:00,True,2025-11-28 17:00:00+00:00,18751,4209.648,be_stop,23.400000000001455,0.0,0.0,23.400000000001455,0.33428571428573506,-1.3179999999993015,7.052999999999884,-0.1882857142856145,1.007571428571412,6,1800.0,0.16,4.862571428571365,7.921580661100322,newyork,Fri,16,False
381,XAUUSDm,long,2025-11-30 23:10:00+00:00,18785,4209.363,0.1,4209.363,4219.363,7.0,close_below_lower,0.08889576451378452,0.05,4214.363,0.5,0.05,4217.076,38.56499999999869,18786.0,2025-11-30 23:15:00+00:00,True,2025-11-30 23:20:00+00:00,18787,4219.363,tp,88.56499999999869,0.0,0.0,88.56499999999869,1.265214285714267,-0.8040000000000873,9.168999999999869,-0.11485714285715533,1.3098571428571242,2,600.0,0.16,3.2406428571428347,8.250800081166032,rollover,Sun,23,False
382,XAUUSDm,short,2025-12-01 01:30:00+00:00,18813,4238.518,0.1,4245.518,4228.518,7.0,close_above_upper,0.1833114029656502,0.1,4233.518,0.5,0.0,0.0,0.0,,,False,2025-12-01 01:50:00+00:00,18817,4245.678,sl,-71.59999999999854,0.0,0.0,-71.59999999999854,-1.022857142857122,-5.3270000000002256,3.7830000000003565,-0.7610000000000322,0.5404285714286223,4,1200.0,0.16,6.884142857142771,8.602996612954197,asian,Mon,1,False
383,XAUUSDm,short,2025-12-01 01:55:00+00:00,18818,4245.97,0.1,4252.97,4235.97,7.0,close_above_upper,0.2689378882206786,0.1,4240.97,0.5,0.0,0.0,0.0,,,False,2025-12-01 02:00:00+00:00,18819,4255.474,sl,-95.03999999999905,0.0,0.0,-95.03999999999905,-1.357714285714272,-10.179999999999382,1.0450000000000728,-1.454285714285626,0.14928571428572468,1,300.0,0.16,7.130285714285882,8.872683331103328,asian,Mon,1,False
384,XAUUSDm,short,2025-12-01 02:05:00+00:00,18820,4251.537,0.1,4251.537,4241.537,7.0,close_above_upper,0.39509044192084564,0.05,4246.537,0.5,0.05,4246.697,24.200000000000728,18821.0,2025-12-01 02:10:00+00:00,True,2025-12-01 02:25:00+00:00,18824,4241.697,tp,73.40000000000146,0.0,0.0,73.40000000000146,1.0485714285714494,-4.9099999999998545,9.213000000000648,-0.7014285714285506,1.3161428571429497,4,1200.0,0.16,7.523142857142959,9.035009324435734,asian,Mon,2,False
385,XAUUSDm,long,2025-12-01 05:20:00+00:00,18859,4226.593,0.1,4219.593,4236.593,7.0,close_below_lower,0.4483767602261573,0.1,4231.593,0.5,0.0,0.0,0.0,,,False,2025-12-01 05:25:00+00:00,18860,4219.593,sl,-70.0,0.0,0.0,-70.0,-1.0,-7.777000000000044,0.23000000000047294,-1.1110000000000062,0.03285714285721042,1,300.0,0.16,4.040857142857151,9.077944833639828,asian,Mon,5,False
386,XAUUSDm,long,2025-12-01 05:30:00+00:00,18861,4220.411,0.1,4220.411,4230.411,7.0,close_below_lower,0.6974010466281625,0.05,4225.411,0.5,0.05,4226.832,32.10500000000138,18862.0,2025-12-01 05:35:00+00:00,True,2025-12-01 05:50:00+00:00,18865,4230.411,tp,82.10500000000138,0.0,0.0,82.10500000000138,1.172928571428591,-2.6810000000004948,9.46600000000035,-0.3830000000000707,1.3522857142857643,4,1200.0,0.16,4.9402857142856975,9.259647176062353,asian,Mon,5,False
387,XAUUSDm,short,2025-12-01 10:05:00+00:00,18916,4259.071,0.1,4259.071,4249.071,7.0,close_above_upper,0.05777641224444966,0.05,4254.071,0.5,0.05,4254.231,24.200000000000728,18919.0,2025-12-01 10:20:00+00:00,True,2025-12-01 10:35:00+00:00,18922,4253.1669999999995,cross_center,53.72000000000298,0.0,0.0,53.72000000000298,0.7674285714286141,-3.2539999999999054,6.774000000000342,-0.46485714285712937,0.9677142857143346,6,1800.0,0.16,3.906428571428608,9.642039160679635,london,Mon,10,False
388,XAUUSDm,long,2025-12-01 14:40:00+00:00,18971,4231.5869999999995,0.1,4224.587,4241.587,7.0,close_below_lower,0.5995653171187403,0.1,4236.587,0.5,0.0,0.0,0.0,,,False,2025-12-01 14:45:00+00:00,18972,4224.587,sl,-69.9999999999909,0.0,0.0,-69.9999999999909,-0.9999999999998701,-11.910999999999149,1.491000000000895,-1.701571428571307,0.21300000000012784,1,300.0,0.16,6.3954285714285755,9.964090527856298,overlap,Mon,14,False
389,XAUUSDm,long,2025-12-01 15:20:00+00:00,18979,4225.5779999999995,0.1,4225.5779999999995,4235.578,7.0,close_below_lower,0.2382821959927245,0.05,4230.578,0.5,0.05,4230.578,25.000000000004547,18982.0,2025-12-01 15:35:00+00:00,True,2025-12-01 15:35:00+00:00,18982,4235.578,tp,75.0000000000091,0.0,0.0,75.0000000000091,1.0714285714287013,-5.988999999999578,3.7070000000003347,-0.8555714285713683,0.5295714285714764,3,900.0,0.16,7.9019285714286,10.232605369796598,overlap,Mon,15,False
390,XAUUSDm,long,2025-12-02 01:10:00+00:00,19085,4206.407,0.1,4206.407,4216.407,7.0,close_below_lower,0.6580391943128487,0.05,4211.407,0.5,0.05,4211.407,25.0,19086.0,2025-12-02 01:15:00+00:00,True,2025-12-02 01:30:00+00:00,19089,4216.407,tp,75.0,0.0,0.0,75.0,1.0714285714285714,-5.996000000000095,9.666000000000167,-0.8565714285714421,1.3808571428571668,4,1200.0,0.16,5.800785714285602,10.339012820175046,asian,Tue,1,False
391,XAUUSDm,long,2025-12-02 06:30:00+00:00,19149,4205.856,0.1,4205.856,4215.856,7.0,close_below_lower,0.33799688742208794,0.05,4210.856,0.5,0.05,4210.856,25.0,19152.0,2025-12-02 06:45:00+00:00,True,2025-12-02 07:15:00+00:00,19158,4213.793,cross_center,64.68499999999949,0.0,0.0,64.68499999999949,0.9240714285714213,-2.5979999999999563,9.509000000000015,-0.3711428571428509,1.3584285714285735,9,2700.0,0.16,4.022999999999878,10.86137425936677,asian,Tue,6,False
392,XAUUSDm,long,2025-12-02 09:30:00+00:00,19185,4194.813,0.1,4187.813,4204.813,7.0,close_below_lower,0.29566131658517064,0.1,4199.813,0.5,0.0,0.0,0.0,,,False,2025-12-02 09:35:00+00:00,19186,4187.813,sl,-70.0,0.0,0.0,-70.0,-1.0,-4.2830000000003565,1.1480000000001382,-0.6118571428571938,0.16400000000001974,1,300.0,0.16,4.347857142857265,10.480994289412816,london,Tue,9,False
393,XAUUSDm,long,2025-12-02 09:40:00+00:00,19187,4189.795,0.1,4182.795,4199.795,7.0,close_below_lower,0.3934075194633512,0.1,4194.795,0.5,0.0,0.0,0.0,,,False,2025-12-02 10:20:00+00:00,19195,4182.795,sl,-70.0,0.0,0.0,-70.0,-1.0,-5.869999999999891,4.32799999999952,-0.838571428571413,0.6182857142856457,8,2400.0,0.16,5.099642857143018,10.595964458456503,london,Tue,9,False
394,XAUUSDm,short,2025-12-02 14:10:00+00:00,19241,4220.584,0.1,4227.584,4210.584,7.0,close_above_upper,0.08745790742964689,0.1,4215.584,0.5,0.0,0.0,0.0,,,False,2025-12-02 14:25:00+00:00,19244,4227.744,sl,-71.59999999999854,0.0,0.0,-71.59999999999854,-1.022857142857122,-4.640000000000327,1.0720000000001164,-0.6628571428571897,0.15314285714287376,3,900.0,0.16,5.406214285714084,10.748659957841802,overlap,Tue,14,False
395,XAUUSDm,short,2025-12-02 14:30:00+00:00,19245,4227.796,0.1,4227.796,4217.796,7.0,close_above_upper,0.12153295543480165,0.05,4222.796,0.5,0.05,4222.956,24.200000000000728,19246.0,2025-12-02 14:35:00+00:00,True,2025-12-02 14:40:00+00:00,19247,4217.956,tp,73.40000000000146,0.0,0.0,73.40000000000146,1.0485714285714494,-1.7039999999997235,6.704999999999927,-0.24342857142853194,0.9578571428571324,2,600.0,0.16,4.855785714285568,10.898933985727002,overlap,Tue,14,False
396,XAUUSDm,long,2025-12-02 15:15:00+00:00,19254,4206.197,0.1,4199.197,4216.197,7.0,close_below_lower,0.09129857709543643,0.1,4211.197,0.5,0.0,0.0,0.0,,,False,2025-12-02 15:20:00+00:00,19255,4197.91,sl,-82.87000000000262,0.0,0.0,-82.87000000000262,-1.1838571428571802,-9.359000000000378,2.4099999999998545,-1.3370000000000541,0.3442857142856935,1,300.0,0.16,6.503785714285641,11.002226793316128,overlap,Tue,15,False
397,XAUUSDm,long,2025-12-02 15:25:00+00:00,19256,4192.474999999999,0.1,4185.475,4202.475,7.0,close_below_lower,0.8878639042891249,0.1,4197.475,0.5,0.0,0.0,0.0,,,False,2025-12-02 15:30:00+00:00,19257,4185.475,sl,-69.9999999999909,0.0,0.0,-69.9999999999909,-0.9999999999998701,-5.836999999999534,1.504000000000815,-0.8338571428570763,0.21485714285725926,1,300.0,0.16,7.066714285714235,11.228864370443869,overlap,Tue,15,False
398,XAUUSDm,long,2025-12-02 15:35:00+00:00,19258,4183.566,0.1,4183.566,4193.566,7.0,close_below_lower,1.0869762004628307,0.05,4188.566,0.5,0.05,4188.566,25.0,19259.0,2025-12-02 15:40:00+00:00,True,2025-12-02 15:45:00+00:00,19260,4183.566,be_stop,25.0,0.0,0.0,25.0,0.35714285714285715,-3.6489999999994325,8.515000000000327,-0.5212857142856332,1.2164285714286183,2,600.0,0.16,7.683499999999965,11.490427372403003,overlap,Tue,15,False
399,XAUUSDm,long,2025-12-02 15:50:00+00:00,19261,4185.878,0.1,4178.878,4195.878,7.0,close_below_lower,0.21940120875822894,0.1,4190.878,0.5,0.0,0.0,0.0,,,False,2025-12-02 15:55:00+00:00,19262,4171.149,sl,-147.2899999999936,0.0,0.0,-147.2899999999936,-2.1041428571427656,-14.992999999999483,2.0380000000004657,-2.141857142857069,0.29114285714292365,1,300.0,0.16,7.780999999999949,11.68822110189792,overlap,Tue,15,False
400,XAUUSDm,long,2025-12-02 16:00:00+00:00,19263,4169.625,0.1,4169.625,4179.625,7.0,close_below_lower,0.9599861166483475,0.05,4174.625,0.5,0.05,4174.625,25.0,19264.0,2025-12-02 16:05:00+00:00,True,2025-12-02 16:25:00+00:00,19268,4179.625,tp,75.0,0.0,0.0,75.0,1.0714285714285714,-2.757999999999811,9.970000000000255,-0.393999999999973,1.4242857142857506,5,1500.0,0.16,8.432785714285663,11.908993783173111,newyork,Tue,16,False
401,XAUUSDm,long,2025-12-03 05:50:00+00:00,19417,4205.767,0.1,4205.767,4215.767,7.0,close_below_lower,0.014451918497107325,0.05,4210.767,0.5,0.05,4210.767,25.0,19423.0,2025-12-03 06:20:00+00:00,True,2025-12-03 06:25:00+00:00,19424,4211.497,cross_center,53.650000000002365,0.0,0.0,53.650000000002365,0.7664285714286052,-1.707999999999629,5.858000000000175,-0.24399999999994698,0.8368571428571678,7,2100.0,0.16,3.397285714285707,11.427209737584477,asian,Wed,5,False
402,XAUUSDm,short,2025-12-03 13:55:00+00:00,19514,4235.927,0.1,4235.927,4225.927,7.0,close_above_upper,0.4550785922341618,0.05,4230.927,0.5,0.05,4231.0869999999995,24.200000000000728,19516.0,2025-12-03 14:05:00+00:00,True,2025-12-03 14:05:00+00:00,19516,4226.0869999999995,tp,73.40000000000146,0.0,0.0,73.40000000000146,1.0485714285714494,-4.807999999999993,3.045999999999367,-0.6868571428571418,0.43514285714276674,2,600.0,0.16,4.717428571428562,10.953964519165472,overlap,Wed,13,False
403,XAUUSDm,short,2025-12-03 14:35:00+00:00,19522,4239.031,0.1,4239.031,4229.031,7.0,close_above_upper,0.10908123178920352,0.05,4234.031,0.5,0.05,4234.191,24.200000000000728,19523.0,2025-12-03 14:40:00+00:00,True,2025-12-03 14:40:00+00:00,19523,4229.191,tp,73.40000000000146,0.0,0.0,73.40000000000146,1.0485714285714494,-2.5479999999997744,10.283000000000357,-0.3639999999999678,1.469000000000051,1,300.0,0.16,7.435071428571258,11.069544758287861,overlap,Wed,14,False
404,XAUUSDm,long,2025-12-03 14:55:00+00:00,19526,4209.206999999999,0.1,4209.206999999999,4219.207,7.0,close_below_lower,0.47108330518505004,0.05,4214.207,0.5,0.05,4214.207,25.000000000004547,19527.0,2025-12-03 15:00:00+00:00,True,2025-12-03 15:05:00+00:00,19528,4219.207,tp,75.0000000000091,0.0,0.0,75.0000000000091,1.0714285714287013,-4.0549999999993815,7.056000000000495,-0.5792857142856259,1.0080000000000706,2,600.0,0.16,9.16249999999978,11.23691201270301,overlap,Wed,14,False
405,XAUUSDm,long,2025-12-03 16:55:00+00:00,19550,4207.095,0.1,4207.095,4217.095,7.0,close_below_lower,0.010028886169542565,0.05,4212.095,0.5,0.05,4212.095,25.0,19553.0,2025-12-03 17:10:00+00:00,True,2025-12-03 17:40:00+00:00,19559,4213.598,cross_center,57.51499999999851,0.0,0.0,57.51499999999851,0.8216428571428358,-11.337000000000444,8.407999999999447,-1.619571428571492,1.2011428571427782,9,2700.0,0.16,5.828500000000206,11.577081574065787,newyork,Wed,16,False
406,XAUUSDm,long,2025-12-04 05:50:00+00:00,19693,4180.485,0.1,4180.485,4190.485,7.0,close_below_lower,0.07064216189995977,0.05,4185.485,0.5,0.05,4185.485,25.0,19696.0,2025-12-04 06:05:00+00:00,True,2025-12-04 06:10:00+00:00,19697,4180.485,be_stop,25.0,0.0,0.0,25.0,0.35714285714285715,-5.65099999999984,5.265000000000327,-0.8072857142856914,0.752142857142904,4,1200.0,0.16,3.928857142857201,10.946284826471272,asian,Thu,5,False
407,XAUUSDm,short,2025-12-04 14:10:00+00:00,19793,4205.735,0.1,4212.735,4195.735,7.0,close_above_upper,0.24048808945662203,0.1,4200.735,0.5,0.0,0.0,0.0,,,False,2025-12-04 14:30:00+00:00,19797,4212.8949999999995,sl,-71.59999999999854,0.0,0.0,-71.59999999999854,-1.022857142857122,-4.538000000000466,3.1729999999997744,-0.6482857142857809,0.45328571428568204,4,1200.0,0.16,5.236499999999784,8.901144791475822,overlap,Thu,14,False
408,XAUUSDm,short,2025-12-05 13:40:00+00:00,20063,4236.02,0.1,4236.02,4226.02,7.0,close_above_upper,0.004717111409467872,0.05,4231.02,0.5,0.05,4231.18,24.200000000000728,20064.0,2025-12-05 13:45:00+00:00,True,2025-12-05 13:50:00+00:00,20065,4236.18,be_stop,23.400000000001455,0.0,0.0,23.400000000001455,0.33428571428573506,0.0,6.080000000000837,0.0,0.8685714285715481,2,600.0,0.16,4.073499999999902,7.38941249440858,overlap,Fri,13,False
409,XAUUSDm,short,2025-12-05 14:50:00+00:00,20077,4242.457,0.1,4242.457,4232.457,7.0,close_above_upper,0.06778045828146102,0.05,4237.457,0.5,0.05,4237.617,24.200000000000728,20079.0,2025-12-05 15:00:00+00:00,True,2025-12-05 15:15:00+00:00,20082,4242.617,be_stop,23.400000000001455,0.0,0.0,23.400000000001455,0.33428571428573506,-3.2289999999993597,8.283000000000357,-0.4612857142856228,1.1832857142857651,5,1500.0,0.16,4.635499999999995,7.314056617710908,overlap,Fri,14,False
410,XAUUSDm,short,2025-12-05 15:30:00+00:00,20085,4248.645,0.1,4255.645,4238.645,7.0,close_above_upper,0.14444863338793154,0.1,4243.645,0.5,0.0,0.0,0.0,,,False,2025-12-05 15:35:00+00:00,20086,4255.805,sl,-71.59999999999854,0.0,0.0,-71.59999999999854,-1.022857142857122,-5.214999999999236,2.417000000000371,-0.7449999999998909,0.3452857142857673,1,300.0,0.16,5.160142857142936,7.394865049239856,overlap,Fri,15,False
411,XAUUSDm,short,2025-12-05 15:40:00+00:00,20087,4257.337,0.1,4257.337,4247.337,7.0,close_above_upper,0.8630079582775095,0.05,4252.337,0.5,0.05,4252.497,24.200000000000728,20088.0,2025-12-05 15:45:00+00:00,True,2025-12-05 15:45:00+00:00,20088,4247.497,tp,73.40000000000146,0.0,0.0,73.40000000000146,1.0485714285714494,-0.9769999999998618,4.318000000000211,-0.13957142857140883,0.616857142857173,1,300.0,0.16,5.690999999999998,7.513153464105106,overlap,Fri,15,False
412,XAUUSDm,long,2025-12-05 16:10:00+00:00,20093,4226.413,0.1,4219.413,4236.413,7.0,close_below_lower,1.2980235543520642,0.1,4231.413,0.5,0.0,0.0,0.0,,,False,2025-12-05 16:15:00+00:00,20094,4203.483,sl,-229.29999999999382,0.0,0.0,-229.29999999999382,-3.2757142857141974,-23.445999999999913,0.7660000000005311,-3.3494285714285588,0.1094285714286473,1,300.0,0.16,6.978642857142859,7.664081550993849,newyork,Fri,16,False
413,XAUUSDm,long,2025-12-05 16:20:00+00:00,20095,4205.074,0.1,4205.074,4215.074,7.0,close_below_lower,2.889029447627872,0.05,4210.074,0.5,0.05,4210.074,25.0,20096.0,2025-12-05 16:25:00+00:00,True,2025-12-05 16:25:00+00:00,20096,4215.074,tp,75.0,0.0,0.0,75.0,1.0714285714285714,-6.4229999999997744,6.720000000000255,-0.9175714285713964,0.9600000000000364,1,300.0,0.16,8.35107142857149,8.06440443515117,newyork,Fri,16,False
414,XAUUSDm,long,2025-12-05 16:30:00+00:00,20097,4216.681,0.1,4209.681,4226.681,7.0,close_below_lower,0.6903977454551159,0.1,4221.681,0.5,0.0,0.0,0.0,,,False,2025-12-05 16:40:00+00:00,20099,4209.681,sl,-70.0,0.0,0.0,-70.0,-1.0,-8.931999999999789,0.43700000000080763,-1.2759999999999698,0.062428571428686803,2,600.0,0.16,9.47092857142856,8.276974516480912,newyork,Fri,16,False
415,XAUUSDm,long,2025-12-05 16:45:00+00:00,20100,4211.059,0.1,4211.059,4221.059,7.0,close_below_lower,0.458343368429449,0.05,4216.059,0.5,0.05,4216.059,25.0,20101.0,2025-12-05 16:50:00+00:00,True,2025-12-05 17:00:00+00:00,20103,4211.059,be_stop,25.0,0.0,0.0,25.0,0.35714285714285715,-3.518000000000029,6.572999999999411,-0.5025714285714328,0.9389999999999158,3,900.0,0.16,9.52564285714295,8.493320796491238,newyork,Fri,16,False
416,XAUUSDm,long,2025-12-08 15:05:00+00:00,20352,4188.826,0.1,4181.826,4198.826,7.0,close_below_lower,0.7058288244052895,0.1,4193.826,0.5,0.0,0.0,0.0,,,False,2025-12-08 15:10:00+00:00,20353,4180.366,sl,-84.60000000000036,0.0,0.0,-84.60000000000036,-1.2085714285714337,-11.69800000000032,0.0,-1.6711428571429028,0.0,1,300.0,0.16,6.22135714285722,8.078547311893956,overlap,Mon,15,False
417,XAUUSDm,long,2025-12-08 15:15:00+00:00,20354,4178.467,0.1,4178.467,4188.467,7.0,close_below_lower,1.3609092904010816,0.05,4183.467,0.5,0.05,4186.461,39.97000000000298,20355.0,2025-12-08 15:20:00+00:00,True,2025-12-08 15:20:00+00:00,20355,4188.467,tp,89.97000000000298,0.0,0.0,89.97000000000298,1.285285714285757,-2.3299999999999272,9.303000000000793,-0.33285714285713247,1.3290000000001132,1,300.0,0.16,6.762142857142862,8.229104529179871,overlap,Mon,15,False
418,XAUUSDm,long,2025-12-08 16:05:00+00:00,20364,4179.48,0.1,4179.48,4189.48,7.0,close_below_lower,0.018533468168184963,0.05,4184.48,0.5,0.05,4184.48,25.0,20366.0,2025-12-08 16:15:00+00:00,True,2025-12-08 16:15:00+00:00,20366,4189.48,tp,75.0,0.0,0.0,75.0,1.0714285714285714,-2.3619999999991705,4.426000000000386,-0.33742857142845295,0.6322857142857694,2,600.0,0.16,7.073500000000162,8.410991033542462,newyork,Mon,16,False
419,XAUUSDm,short,2025-12-09 09:05:00+00:00,20556,4198.108,0.1,4205.108,4188.108,7.0,close_above_upper,0.06836542659250387,0.1,4193.108,0.5,0.0,0.0,0.0,,,False,2025-12-09 09:15:00+00:00,20558,4205.268,sl,-71.59999999999854,0.0,0.0,-71.59999999999854,-1.022857142857122,-7.75,0.38700000000062573,-1.1071428571428572,0.05528571428580368,2,600.0,0.16,3.08007142857137,8.861795734389464,london,Tue,9,False
420,XAUUSDm,short,2025-12-09 09:20:00+00:00,20559,4208.585,0.1,4208.585,4198.585,7.0,close_above_upper,0.6342088236954494,0.05,4203.585,0.5,0.05,4203.745,24.200000000000728,20562.0,2025-12-09 09:35:00+00:00,True,2025-12-09 10:40:00+00:00,20575,4202.678,cross_center,53.73500000000149,0.0,0.0,53.73500000000149,0.7676428571428785,-4.55199999999968,7.949999999999818,-0.6502857142856685,1.1357142857142597,16,4800.0,0.16,3.66092857142855,9.072455294925918,london,Tue,9,False
421,XAUUSDm,long,2025-12-09 14:15:00+00:00,20618,4192.224999999999,0.1,4192.224999999999,4202.225,7.0,close_below_lower,0.05728242253160086,0.05,4197.225,0.5,0.05,4197.225,25.000000000004547,20621.0,2025-12-09 14:30:00+00:00,True,2025-12-09 14:30:00+00:00,20621,4202.225,tp,75.0000000000091,0.0,0.0,75.0000000000091,1.0714285714287013,-2.7969999999995707,2.2830000000003565,-0.39957142857136724,0.3261428571429081,3,900.0,0.16,4.621857142857152,7.702566546343758,overlap,Tue,14,False
422,XAUUSDm,short,2025-12-09 14:55:00+00:00,20626,4207.855,0.1,4207.855,4197.855,7.0,close_above_upper,0.05010846588583977,0.05,4202.855,0.5,0.05,4203.014999999999,24.200000000000728,20627.0,2025-12-09 15:00:00+00:00,True,2025-12-09 15:00:00+00:00,20627,4198.014999999999,tp,73.40000000000146,0.0,0.0,73.40000000000146,1.0485714285714494,-0.3400000000001455,5.665999999999258,-0.04857142857144936,0.8094285714284654,1,300.0,0.16,5.480285714285726,7.873354200373786,overlap,Tue,14,False
423,XAUUSDm,short,2025-12-09 16:00:00+00:00,20639,4212.528,0.1,4219.528,4202.528,7.0,close_above_upper,0.14573562415998192,0.1,4207.528,0.5,0.0,0.0,0.0,,,False,2025-12-09 16:10:00+00:00,20641,4219.688,sl,-71.59999999999854,0.0,0.0,-71.59999999999854,-1.022857142857122,-5.481999999999971,2.386000000000422,-0.783142857142853,0.34085714285720314,2,600.0,0.16,6.2080714285713965,7.9231206083589285,newyork,Tue,16,False
424,XAUUSDm,short,2025-12-09 16:15:00+00:00,20642,4218.463,0.1,4218.463,4208.463,7.0,close_above_upper,0.35568448749859793,0.05,4213.463,0.5,0.05,4213.623,24.200000000000728,20643.0,2025-12-09 16:20:00+00:00,True,2025-12-09 16:40:00+00:00,20647,4218.623,be_stop,23.400000000001455,0.0,0.0,23.400000000001455,0.33428571428573506,-1.530999999999949,8.271999999999935,-0.21871428571427845,1.1817142857142764,5,1500.0,0.16,6.239285714285676,8.063950827317505,newyork,Tue,16,False
425,XAUUSDm,short,2025-12-10 19:05:00+00:00,20952,4206.169,0.1,4213.169,4196.169,7.0,close_above_upper,0.2681832154467712,0.1,4201.169,0.5,0.0,0.0,0.0,,,False,2025-12-10 19:10:00+00:00,20953,4215.941,sl,-97.71999999999935,0.0,0.0,-97.71999999999935,-1.3959999999999906,-12.971999999999753,2.7219999999997526,-1.853142857142822,0.38885714285710754,1,300.0,0.16,3.672857142857148,7.210127409815874,newyork,Wed,19,False
426,XAUUSDm,short,2025-12-10 19:15:00+00:00,20954,4212.279,0.1,4212.279,4202.279,7.0,close_above_upper,0.6255307961316594,0.05,4207.279,0.5,0.05,4207.439,24.200000000000728,20955.0,2025-12-10 19:20:00+00:00,True,2025-12-10 19:25:00+00:00,20956,4202.439,tp,73.40000000000146,0.0,0.0,73.40000000000146,1.0485714285714494,-4.448999999999614,7.264000000000124,-0.6355714285713735,1.0377142857143034,2,600.0,0.16,5.355714285714124,7.372260882505396,newyork,Wed,19,False
427,XAUUSDm,long,2025-12-10 19:45:00+00:00,20960,4187.656,0.1,4187.656,4197.656,7.0,close_below_lower,0.9781500827366792,0.05,4192.656,0.5,0.05,4192.656,25.0,20961.0,2025-12-10 19:50:00+00:00,True,2025-12-10 19:50:00+00:00,20961,4197.656,tp,75.0,0.0,0.0,75.0,1.0714285714285714,-1.2359999999998763,7.524000000000342,-0.1765714285714109,1.0748571428571918,1,300.0,0.16,11.070214285714233,7.572051262263857,newyork,Wed,19,False
428,XAUUSDm,short,2025-12-10 20:00:00+00:00,20963,4216.346,0.1,4223.346,4206.346,7.0,close_above_upper,0.7244060498404237,0.1,4211.346,0.5,0.0,0.0,0.0,,,False,2025-12-10 20:05:00+00:00,20964,4223.934,sl,-75.88000000000648,0.0,0.0,-75.88000000000648,-1.0840000000000924,-8.726000000000568,5.357999999999265,-1.2465714285715097,0.7654285714284664,1,300.0,0.16,13.4157142857142,7.686047029619778,newyork,Wed,20,False
429,XAUUSDm,short,2025-12-10 20:10:00+00:00,20965,4227.746,0.1,4234.746,4217.746,7.0,close_above_upper,1.5605549821585118,0.1,4222.746,0.5,0.0,0.0,0.0,,,False,2025-12-10 20:15:00+00:00,20966,4235.089,sl,-73.42999999999847,0.0,0.0,-73.42999999999847,-1.0489999999999782,-8.059000000000196,4.292000000000371,-1.1512857142857424,0.6131428571429102,1,300.0,0.16,14.679928571428523,7.9129565653214975,newyork,Wed,20,False
430,XAUUSDm,short,2025-12-10 20:20:00+00:00,20967,4233.843,0.1,4233.843,4223.843,7.0,close_above_upper,1.5288990342498565,0.05,4228.843,0.5,0.05,4229.003,24.200000000000728,20968.0,2025-12-10 20:25:00+00:00,True,2025-12-10 20:30:00+00:00,20969,4234.003,be_stop,23.400000000001455,0.0,0.0,23.400000000001455,0.33428571428573506,-4.329999999999927,7.41399999999976,-0.6185714285714182,1.0591428571428227,2,600.0,0.16,13.501428571428603,8.166638480416855,newyork,Wed,20,False
431,XAUUSDm,short,2025-12-10 20:35:00+00:00,20970,4233.793,0.1,4233.793,4223.793,7.0,close_above_upper,0.6168892389476579,0.05,4228.793,0.5,0.05,4228.9529999999995,24.200000000000728,20975.0,2025-12-10 21:00:00+00:00,True,2025-12-10 21:05:00+00:00,20976,4223.9529999999995,tp,73.40000000000146,0.0,0.0,73.40000000000146,1.0485714285714494,-3.611000000000786,5.335000000000036,-0.5158571428572551,0.7621428571428623,6,1800.0,0.16,13.385428571428617,8.399011631182695,newyork,Wed,20,False
432,XAUUSDm,short,2025-12-11 00:15:00+00:00,21002,4242.942,0.1,4242.942,4232.942,7.0,close_above_upper,0.3040571643159496,0.05,4237.942,0.5,0.05,4238.102,24.200000000000728,21009.0,2025-12-11 00:50:00+00:00,True,2025-12-11 00:55:00+00:00,21010,4238.340999999999,cross_center,47.205000000003565,0.0,0.0,47.205000000003565,0.6743571428571938,-2.2030000000004293,5.457999999999629,-0.31471428571434706,0.7797142857142327,8,2400.0,0.16,3.0776428571428887,8.593286111211418,asian,Thu,0,False
433,XAUUSDm,long,2025-12-11 02:40:00+00:00,21031,4223.433,0.1,4216.433,4233.433,7.0,close_below_lower,0.2075799801895275,0.1,4228.433,0.5,0.0,0.0,0.0,,,False,2025-12-11 03:05:00+00:00,21036,4216.433,sl,-70.0,0.0,0.0,-70.0,-1.0,-3.0100000000002183,4.890999999999622,-0.4300000000000312,0.6987142857142317,5,1500.0,0.16,3.5203571428570677,8.56348256016126,asian,Thu,2,False
434,XAUUSDm,long,2025-12-11 03:10:00+00:00,21037,4213.753,0.1,4206.753,4223.753,7.0,close_below_lower,0.5178307843073554,0.1,4218.753,0.5,0.0,0.0,0.0,,,False,2025-12-11 03:50:00+00:00,21045,4218.033,cross_center,42.80000000000655,0.0,0.0,42.80000000000655,0.611428571428665,-4.364999999999782,4.805000000000291,-0.6235714285713974,0.686428571428613,8,2400.0,0.16,4.424428571428637,8.73899034823912,asian,Thu,3,False
435,XAUUSDm,short,2025-12-11 14:15:00+00:00,21170,4227.236,0.1,4234.236,4217.236,7.0,close_above_upper,0.043699595971604104,0.1,4222.236,0.5,0.0,0.0,0.0,,,False,2025-12-11 14:30:00+00:00,21173,4234.396,sl,-71.59999999999854,0.0,0.0,-71.59999999999854,-1.022857142857122,-4.720000000000255,3.8530000000000655,-0.6742857142857507,0.5504285714285808,3,900.0,0.16,5.152285714285687,7.955471499094777,overlap,Thu,14,False
436,XAUUSDm,short,2025-12-11 14:35:00+00:00,21174,4235.805,0.1,4242.805,4225.805,7.0,close_above_upper,0.4644049996358562,0.1,4230.805,0.5,0.0,0.0,0.0,,,False,2025-12-11 14:40:00+00:00,21175,4242.965,sl,-71.59999999999854,0.0,0.0,-71.59999999999854,-1.022857142857122,-7.664999999999964,0.48700000000008004,-1.0949999999999949,0.06957142857144001,1,300.0,0.16,5.416357142857123,8.147435849019146,overlap,Thu,14,False
437,XAUUSDm,short,2025-12-11 14:45:00+00:00,21176,4243.712,0.1,4243.712,4233.712,7.0,close_above_upper,0.8998698158787563,0.05,4238.712,0.5,0.05,4232.701,55.05500000000211,21177.0,2025-12-11 14:50:00+00:00,True,2025-12-11 14:50:00+00:00,21177,4232.701,tp,110.11000000000422,0.0,0.0,110.11000000000422,1.5730000000000603,-0.7579999999998108,11.619000000000597,-0.10828571428568726,1.6598571428572282,1,300.0,0.16,5.703214285714239,8.28427288449359,overlap,Thu,14,False
438,XAUUSDm,short,2025-12-11 15:35:00+00:00,21186,4244.826,0.1,4251.826,4234.826,7.0,close_above_upper,0.015747481828092647,0.1,4239.826,0.5,0.0,0.0,0.0,,,False,2025-12-11 15:40:00+00:00,21187,4251.986,sl,-71.59999999999854,0.0,0.0,-71.59999999999854,-1.022857142857122,-0.23400000000037835,2.6890000000003056,-0.03342857142862548,0.3841428571429008,1,300.0,0.16,6.405499999999977,8.43083688446071,overlap,Thu,15,False
439,XAUUSDm,short,2025-12-11 15:45:00+00:00,21188,4254.548,0.1,4261.548,4244.548,7.0,close_above_upper,0.8000454748234233,0.1,4249.548,0.5,0.0,0.0,0.0,,,False,2025-12-11 16:20:00+00:00,21195,4261.708,sl,-71.59999999999854,0.0,0.0,-71.59999999999854,-1.022857142857122,-6.992000000000189,4.4539999999997235,-0.9988571428571699,0.6362857142856748,7,2100.0,0.16,6.819428571428554,8.53359570882473,overlap,Thu,15,False
440,XAUUSDm,short,2025-12-11 16:50:00+00:00,21201,4274.163,0.1,4281.163,4264.163,7.0,close_above_upper,0.7930378551179901,0.1,4269.163,0.5,0.0,0.0,0.0,,,False,2025-12-11 17:15:00+00:00,21206,4281.322999999999,sl,-71.59999999999854,0.0,0.0,-71.59999999999854,-1.022857142857122,-6.914000000000669,2.980999999999767,-0.9877142857143814,0.42585714285710957,5,1500.0,0.16,6.546785714285761,9.127583340772539,newyork,Thu,16,False
441,XAUUSDm,short,2025-12-11 17:20:00+00:00,21207,4279.631,0.1,4279.631,4269.631,7.0,close_above_upper,0.12393417556981934,0.05,4274.631,0.5,0.05,4274.791,24.200000000000728,21209.0,2025-12-11 17:30:00+00:00,True,2025-12-11 17:55:00+00:00,21214,4279.791,be_stop,23.400000000001455,0.0,0.0,23.400000000001455,0.33428571428573506,-2.2609999999995125,7.527000000000044,-0.32299999999993034,1.0752857142857206,7,2100.0,0.16,5.901714285714401,9.52459972405907,newyork,Thu,17,False
442,XAUUSDm,long,2025-12-11 19:00:00+00:00,21227,4268.293,0.1,4268.293,4278.293,7.0,close_below_lower,0.1418768731919723,0.05,4273.293,0.5,0.05,4273.293,25.0,21230.0,2025-12-11 19:15:00+00:00,True,2025-12-11 19:40:00+00:00,21235,4276.62,cross_center,66.63500000000113,0.0,0.0,66.63500000000113,0.9519285714285876,-5.347999999999956,9.434000000000196,-0.7639999999999938,1.3477142857143138,8,2400.0,0.16,4.37557142857148,9.84553056545434,newyork,Thu,19,False
443,XAUUSDm,short,2025-12-12 08:45:00+00:00,21380,4303.857,0.1,4310.857,4293.857,7.0,close_above_upper,0.005335545620853906,0.1,4298.857,0.5,0.0,0.0,0.0,,,False,2025-12-12 09:00:00+00:00,21383,4311.017,sl,-71.59999999999854,0.0,0.0,-71.59999999999854,-1.022857142857122,-5.694999999999709,2.4200000000000728,-0.813571428571387,0.34571428571429613,3,900.0,0.16,3.4427142857143087,10.700535137463064,london,Fri,8,False
444,XAUUSDm,short,2025-12-12 09:05:00+00:00,21384,4312.871,0.1,4312.871,4302.871,7.0,close_above_upper,0.20913420032552454,0.05,4307.871,0.5,0.05,4308.031,24.200000000000728,21389.0,2025-12-12 09:30:00+00:00,True,2025-12-12 09:45:00+00:00,21392,4313.031,be_stop,23.400000000001455,0.0,0.0,23.400000000001455,0.33428571428573506,-5.092999999999847,5.635000000000218,-0.7275714285714068,0.8050000000000311,8,2400.0,0.16,3.721142857142955,10.954376284331172,london,Fri,9,False
445,XAUUSDm,long,2025-12-12 15:20:00+00:00,21459,4326.766,0.1,4319.766,4336.766,7.0,close_below_lower,0.2588256438075434,0.1,4331.766,0.5,0.0,0.0,0.0,,,False,2025-12-12 15:25:00+00:00,21460,4309.634,sl,-171.31999999999607,0.0,0.0,-171.31999999999607,-2.447428571428515,-19.10399999999936,1.3240000000005239,-2.7291428571427656,0.18914285714293197,1,300.0,0.16,7.9075714285715675,11.662291242450781,overlap,Fri,15,False
446,XAUUSDm,long,2025-12-12 15:30:00+00:00,21461,4301.144,0.1,4301.144,4311.144,7.0,close_below_lower,1.807104776832709,0.05,4306.144,0.5,0.05,4306.144,25.0,21462.0,2025-12-12 15:35:00+00:00,True,2025-12-12 15:35:00+00:00,21462,4311.144,tp,75.0,0.0,0.0,75.0,1.0714285714285714,-5.918999999999869,13.13799999999992,-0.8455714285714099,1.8768571428571315,1,300.0,0.16,10.051642857142983,11.884783280700729,overlap,Fri,15,False
447,XAUUSDm,long,2025-12-12 15:40:00+00:00,21463,4315.755,0.1,4315.755,4325.755,7.0,close_below_lower,0.09344057700369356,0.05,4320.755,0.5,0.05,4320.755,25.0,21464.0,2025-12-12 15:45:00+00:00,True,2025-12-12 15:50:00+00:00,21465,4315.755,be_stop,25.0,0.0,0.0,25.0,0.35714285714285715,-6.9409999999998035,6.153999999999542,-0.9915714285714005,0.8791428571427916,2,600.0,0.16,11.886571428571576,12.023994034689537,overlap,Fri,15,False
448,XAUUSDm,long,2025-12-12 15:55:00+00:00,21466,4300.5109999999995,0.1,4293.511,4310.511,7.0,close_below_lower,0.8210464469260718,0.1,4305.511,0.5,0.0,0.0,0.0,,,False,2025-12-12 16:00:00+00:00,21467,4290.406,sl,-101.04999999999563,0.0,0.0,-101.04999999999563,-1.443571428571366,-17.428999999999178,0.0,-2.4898571428570255,0.0,1,300.0,0.16,12.481857142857084,11.878298021357402,overlap,Fri,15,False
449,XAUUSDm,long,2025-12-12 16:05:00+00:00,21468,4277.331999999999,0.1,4277.331999999999,4287.332,7.0,close_below_lower,1.9923591098648252,0.05,4282.332,0.5,0.05,4282.332,25.000000000004547,21469.0,2025-12-12 16:10:00+00:00,True,2025-12-12 16:10:00+00:00,21469,4287.332,tp,75.0000000000091,0.0,0.0,75.0000000000091,1.0714285714287013,-3.901999999999134,8.530000000000655,-0.5574285714284477,1.2185714285715221,1,300.0,0.16,13.985571428571282,12.054624715337063,newyork,Fri,16,False
450,XAUUSDm,long,2025-12-12 16:15:00+00:00,21470,4286.452,0.1,4279.452,4296.452,7.0,close_below_lower,0.5571096390017543,0.1,4291.452,0.5,0.0,0.0,0.0,,,False,2025-12-12 16:20:00+00:00,21471,4279.452,sl,-70.0,0.0,0.0,-70.0,-1.0,-6.221000000000458,3.11200000000008,-0.8887142857143512,0.44457142857144,1,300.0,0.16,14.794928571428434,12.188759982691387,newyork,Fri,16,False
451,XAUUSDm,long,2025-12-12 16:25:00+00:00,21472,4282.795,0.1,4282.795,4292.795,7.0,close_below_lower,0.32168322210339634,0.05,4287.795,0.5,0.05,4289.868,35.3650000000016,21473.0,2025-12-12 16:30:00+00:00,True,2025-12-12 16:35:00+00:00,21474,4279.799,be_stop,20.385000000001128,0.0,0.0,20.385000000001128,0.2912142857143018,-4.997000000000298,10.208999999999833,-0.7138571428571855,1.4584285714285474,2,600.0,0.16,15.469499999999893,12.288080355436623,newyork,Fri,16,False
452,XAUUSDm,long,2025-12-12 16:40:00+00:00,21475,4266.58,0.1,4266.58,4276.58,7.0,close_below_lower,0.9312356839434126,0.05,4271.58,0.5,0.05,4273.966,36.93000000000211,21476.0,2025-12-12 16:45:00+00:00,True,2025-12-12 16:45:00+00:00,21476,4276.58,tp,86.93000000000211,0.0,0.0,86.93000000000211,1.241857142857173,-9.622000000000298,7.480000000000473,-1.3745714285714712,1.0685714285714962,1,300.0,0.16,14.310857142857069,12.458343141099139,newyork,Fri,16,False
453,XAUUSDm,long,2025-12-15 16:05:00+00:00,21744,4307.723,0.1,4300.723,4317.723,7.0,close_below_lower,0.0453699120833833,0.1,4312.723,0.5,0.0,0.0,0.0,,,False,2025-12-15 16:15:00+00:00,21746,4300.723,sl,-70.0,0.0,0.0,-70.0,-1.0,-6.864999999999782,0.975999999999658,-0.9807142857142546,0.13942857142852258,2,600.0,0.16,8.632428571428461,11.902603939844111,newyork,Mon,16,False
454,XAUUSDm,long,2025-12-15 16:25:00+00:00,21748,4295.422,0.1,4288.422,4305.422,7.0,close_below_lower,0.4688800940164203,0.1,4300.422,0.5,0.0,0.0,0.0,,,False,2025-12-15 16:35:00+00:00,21750,4288.422,sl,-70.0,0.0,0.0,-70.0,-1.0,-4.8149999999996,5.394000000000233,-0.6878571428570857,0.7705714285714619,2,600.0,0.16,8.546999999999896,12.178175876127192,newyork,Mon,16,False
455,XAUUSDm,long,2025-12-15 16:40:00+00:00,21751,4293.348,0.1,4293.348,4303.348,7.0,close_below_lower,0.07742950828466162,0.05,4298.348,0.5,0.05,4298.348,25.0,21753.0,2025-12-15 16:50:00+00:00,True,2025-12-15 17:05:00+00:00,21756,4293.348,be_stop,25.0,0.0,0.0,25.0,0.35714285714285715,-3.8079999999999927,6.381999999999607,-0.5439999999999989,0.9117142857142296,5,1500.0,0.16,7.84328571428562,12.410217310447456,newyork,Mon,16,False
456,XAUUSDm,long,2025-12-16 02:55:00+00:00,21862,4293.584,0.1,4286.584,4303.584,7.0,close_below_lower,0.14965731952008227,0.1,4298.584,0.5,0.0,0.0,0.0,,,False,2025-12-16 03:10:00+00:00,21865,4286.584,sl,-70.0,0.0,0.0,-70.0,-1.0,-7.123999999999796,1.7390000000004875,-1.0177142857142567,0.24842857142864108,3,900.0,0.16,4.565999999999868,12.509844985353023,asian,Tue,2,False
457,XAUUSDm,long,2025-12-16 03:15:00+00:00,21866,4282.4619999999995,0.1,4282.4619999999995,4292.462,7.0,close_below_lower,0.3972292810942709,0.05,4287.462,0.5,0.05,4287.462,25.000000000004547,21868.0,2025-12-16 03:25:00+00:00,True,2025-12-16 03:55:00+00:00,21874,4290.122,cross_center,63.30000000000837,0.0,0.0,63.30000000000837,0.9042857142858338,-1.8909999999996217,8.684000000000196,-0.2701428571428031,1.2405714285714566,8,2400.0,0.16,5.457214285714339,12.779492346092024,asian,Tue,3,False
458,XAUUSDm,short,2025-12-16 12:20:00+00:00,21975,4290.622,0.1,4297.622,4280.622,7.0,close_above_upper,0.04628424933623339,0.1,4285.622,0.5,0.0,0.0,0.0,,,False,2025-12-16 13:05:00+00:00,21984,4297.782,sl,-71.59999999999854,0.0,0.0,-71.59999999999854,-1.022857142857122,-4.632999999999811,2.9000000000005457,-0.6618571428571158,0.41428571428579225,9,2700.0,0.16,3.108071428571488,9.777646168618473,overlap,Tue,12,False
459,XAUUSDm,short,2025-12-16 13:35:00+00:00,21990,4307.431,0.1,4307.431,4297.431,7.0,close_above_upper,0.2003552679991983,0.05,4302.431,0.5,0.05,4302.590999999999,24.200000000000728,21992.0,2025-12-16 13:45:00+00:00,True,2025-12-16 13:55:00+00:00,21994,4307.590999999999,be_stop,23.400000000001455,0.0,0.0,23.400000000001455,0.33428571428573506,-3.8659999999999854,7.851999999999862,-0.5522857142857122,1.121714285714266,4,1200.0,0.16,3.9525714285715106,9.663313314656326,overlap,Tue,13,False
460,XAUUSDm,short,2025-12-16 14:00:00+00:00,21995,4313.046,0.1,4320.046,4303.046,7.0,close_above_upper,0.1685813965906048,0.1,4308.046,0.5,0.0,0.0,0.0,,,False,2025-12-16 14:10:00+00:00,21997,4320.206,sl,-71.59999999999854,0.0,0.0,-71.59999999999854,-1.022857142857122,-7.067000000000007,1.6410000000005311,-1.0095714285714297,0.23442857142864731,2,600.0,0.16,5.162500000000039,9.635505399602543,overlap,Tue,14,False
461,XAUUSDm,short,2025-12-16 14:15:00+00:00,21998,4319.34,0.1,4326.34,4309.34,7.0,close_above_upper,0.2707162856361329,0.1,4314.34,0.5,0.0,0.0,0.0,,,False,2025-12-16 14:20:00+00:00,21999,4327.095,sl,-77.55000000000109,0.0,0.0,-77.55000000000109,-1.1078571428571584,-8.110999999999876,1.1729999999997744,-1.158714285714268,0.16757142857139634,1,300.0,0.16,5.9072142857142875,9.791822559773767,overlap,Tue,14,False
462,XAUUSDm,short,2025-12-16 14:25:00+00:00,22000,4328.633,0.1,4328.633,4318.633,7.0,close_above_upper,0.6978605701904055,0.05,4323.633,0.5,0.05,4323.793,24.200000000000728,22002.0,2025-12-16 14:35:00+00:00,True,2025-12-16 14:40:00+00:00,22003,4328.793,be_stop,23.400000000001455,0.0,0.0,23.400000000001455,0.33428571428573506,-3.3720000000002983,5.470999999999549,-0.48171428571432834,0.7815714285713641,3,900.0,0.16,6.270142857142933,9.959422677868277,overlap,Tue,14,False
463,XAUUSDm,long,2025-12-16 16:20:00+00:00,22023,4306.255999999999,0.1,4306.255999999999,4316.256,7.0,close_below_lower,0.38839339990541444,0.05,4311.256,0.5,0.05,4311.256,25.000000000004547,22024.0,2025-12-16 16:25:00+00:00,True,2025-12-16 16:30:00+00:00,22025,4306.255999999999,be_stop,25.000000000004547,0.0,0.0,25.000000000004547,0.3571428571429221,-2.6799999999993815,6.519000000000233,-0.3828571428570545,0.9312857142857476,2,600.0,0.16,7.60321428571433,10.483433864856368,newyork,Tue,16,False
464,XAUUSDm,long,2025-12-16 16:35:00+00:00,22026,4300.6269999999995,0.1,4293.627,4310.627,7.0,close_below_lower,0.4514109040218734,0.1,4305.627,0.5,0.0,0.0,0.0,,,False,2025-12-16 16:40:00+00:00,22027,4293.627,sl,-69.9999999999909,0.0,0.0,-69.9999999999909,-0.9999999999998701,-6.469999999999345,0.7630000000008295,-0.9242857142856208,0.10900000000011849,1,300.0,0.16,6.869785714285691,10.659825570534167,newyork,Tue,16,False
465,XAUUSDm,long,2025-12-16 16:45:00+00:00,22028,4294.963,0.1,4294.963,4304.963,7.0,close_below_lower,0.5044884389318613,0.05,4299.963,0.5,0.05,4299.963,25.0,22029.0,2025-12-16 16:50:00+00:00,True,2025-12-16 17:00:00+00:00,22031,4304.963,tp,75.0,0.0,0.0,75.0,1.0714285714285714,-1.4679999999998472,7.994999999999891,-0.2097142857142639,1.1421428571428416,3,900.0,0.16,6.608071428571423,10.844063375860042,newyork,Tue,16,False
466,XAUUSDm,short,2025-12-17 13:40:00+00:00,22267,4335.724,0.1,4342.724,4325.724,7.0,close_above_upper,0.076513879463631,0.1,4330.724,0.5,0.0,0.0,0.0,,,False,2025-12-17 13:55:00+00:00,22270,4342.884,sl,-71.59999999999854,0.0,0.0,-71.59999999999854,-1.022857142857122,-5.8149999999996,2.668999999999869,-0.8307142857142286,0.3812857142856956,3,900.0,0.16,4.100500000000076,9.922896403867586,overlap,Wed,13,False
467,XAUUSDm,short,2025-12-17 14:00:00+00:00,22271,4342.005,0.1,4342.005,4332.005,7.0,close_above_upper,0.09993573289438944,0.05,4337.005,0.5,0.05,4337.165,24.200000000000728,22273.0,2025-12-17 14:10:00+00:00,True,2025-12-17 14:10:00+00:00,22273,4332.165,tp,73.40000000000146,0.0,0.0,73.40000000000146,1.0485714285714494,-4.1030000000000655,0.14199999999982538,-0.5861428571428665,0.02028571428568934,2,600.0,0.16,5.25171428571431,10.118656251452867,overlap,Wed,14,False
468,XAUUSDm,short,2025-12-18 13:40:00+00:00,22542,4333.575,0.1,4340.575,4323.575,7.0,close_above_upper,0.34140114863870163,0.1,4328.575,0.5,0.0,0.0,0.0,,,False,2025-12-18 13:50:00+00:00,22544,4340.735,sl,-71.59999999999854,0.0,0.0,-71.59999999999854,-1.022857142857122,-6.530999999999949,0.46299999999973807,-0.9329999999999927,0.06614285714281973,2,600.0,0.16,4.565642857142848,8.086391978585077,overlap,Thu,13,False
469,XAUUSDm,short,2025-12-18 13:55:00+00:00,22545,4341.45,0.1,4341.45,4331.45,7.0,close_above_upper,0.642277834207274,0.05,4336.45,0.5,0.05,4336.61,24.200000000000728,22546.0,2025-12-18 14:00:00+00:00,True,2025-12-18 14:05:00+00:00,22547,4341.61,be_stop,23.400000000001455,0.0,0.0,23.400000000001455,0.33428571428573506,-0.25200000000040745,8.327000000000226,-0.03600000000005821,1.1895714285714607,2,600.0,0.16,5.1468571428571135,8.312263351319054,overlap,Thu,13,False
470,XAUUSDm,long,2025-12-18 14:45:00+00:00,22555,4314.388,0.1,4314.388,4324.388,7.0,close_below_lower,1.147640009899131,0.05,4319.388,0.5,0.05,4319.388,25.0,22556.0,2025-12-18 14:50:00+00:00,True,2025-12-18 14:50:00+00:00,22556,4324.388,tp,75.0,0.0,0.0,75.0,1.0714285714285714,-5.733999999999469,4.1909999999998035,-0.8191428571427812,0.5987142857142577,1,300.0,0.16,6.900642857142884,8.434832522268378,overlap,Thu,14,False
471,XAUUSDm,short,2025-12-18 15:40:00+00:00,22566,4340.638,0.1,4340.638,4330.638,7.0,close_above_upper,0.0452654775157872,0.05,4335.638,0.5,0.05,4335.798,24.200000000000728,22567.0,2025-12-18 15:45:00+00:00,True,2025-12-18 16:00:00+00:00,22570,4340.798,be_stop,23.400000000001455,0.0,0.0,23.400000000001455,0.33428571428573506,-0.7129999999997381,6.185999999999694,-0.10185714285710544,0.883714285714242,4,1200.0,0.16,8.277285714285686,8.641460457204788,overlap,Thu,15,False
472,XAUUSDm,short,2025-12-18 16:10:00+00:00,22572,4346.885,0.1,4353.885,4336.885,7.0,close_above_upper,0.11663754881953294,0.1,4341.885,0.5,0.0,0.0,0.0,,,False,2025-12-18 16:15:00+00:00,22573,4362.514,sl,-156.28999999999905,0.0,0.0,-156.28999999999905,-2.2327142857142723,-21.100999999999658,0.5839999999998327,-3.0144285714285224,0.08342857142854752,1,300.0,0.16,5.836357142857131,8.793890405138107,newyork,Thu,16,False
473,XAUUSDm,short,2025-12-18 16:20:00+00:00,22574,4372.343,0.1,4372.343,4362.343,7.0,close_above_upper,2.1876534365615306,0.05,4367.343,0.5,0.05,4367.503,24.200000000000728,22575.0,2025-12-18 16:25:00+00:00,True,2025-12-18 16:50:00+00:00,22580,4362.503,tp,73.40000000000146,0.0,0.0,73.40000000000146,1.0485714285714494,-2.3020000000005894,8.922999999999774,-0.32885714285722706,1.2747142857142535,6,1800.0,0.16,7.11542857142844,9.09153387685888,newyork,Thu,16,False
474,XAUUSDm,long,2025-12-18 17:10:00+00:00,22584,4329.722,0.1,4322.722,4339.722,7.0,close_below_lower,1.9342467244340185,0.1,4334.722,0.5,0.0,0.0,0.0,,,False,2025-12-18 17:15:00+00:00,22585,4322.722,sl,-70.0,0.0,0.0,-70.0,-1.0,-7.175000000000182,3.0780000000004293,-1.025000000000026,0.43971428571434706,1,300.0,0.16,9.296071428571524,9.580599457871616,newyork,Thu,17,False
475,XAUUSDm,long,2025-12-18 17:20:00+00:00,22586,4331.557,0.1,4324.557,4341.557,7.0,close_below_lower,1.1494228871268986,0.1,4336.557,0.5,0.0,0.0,0.0,,,False,2025-12-18 17:25:00+00:00,22587,4324.557,sl,-70.0,0.0,0.0,-70.0,-1.0,-6.155999999999949,1.2210000000004584,-0.8794285714285641,0.1744285714286369,1,300.0,0.16,9.949500000000105,9.833660767368656,newyork,Thu,17,False
476,XAUUSDm,long,2025-12-18 17:30:00+00:00,22588,4328.0779999999995,0.1,4328.0779999999995,4338.078,7.0,close_below_lower,0.8768962229445657,0.05,4333.078,0.5,0.05,4336.504,42.13000000000193,22589.0,2025-12-18 17:35:00+00:00,True,2025-12-18 17:35:00+00:00,22589,4338.078,tp,92.13000000000648,0.0,0.0,92.13000000000648,1.3161428571429497,-2.026999999999134,8.97400000000016,-0.28957142857130486,1.282000000000023,1,300.0,0.16,8.613857142857341,10.078684190014094,newyork,Thu,17,False
477,XAUUSDm,long,2025-12-18 17:55:00+00:00,22593,4326.46,0.1,4326.46,4336.46,7.0,close_below_lower,0.1993799780677115,0.05,4331.46,0.5,0.05,4333.306,34.229999999997744,22594.0,2025-12-18 18:00:00+00:00,True,2025-12-18 18:05:00+00:00,22595,4336.46,tp,84.22999999999774,0.0,0.0,84.22999999999774,1.203285714285682,-0.693000000000211,8.33600000000024,-0.09900000000003015,1.1908571428571773,2,600.0,0.16,8.922642857142948,10.290745832663891,newyork,Thu,17,False
478,XAUUSDm,long,2025-12-19 01:30:00+00:00,22672,4313.373,0.1,4313.373,4323.373,7.0,close_below_lower,0.2466519980821386,0.05,4318.373,0.5,0.05,4318.373,25.0,22674.0,2025-12-19 01:40:00+00:00,True,2025-12-19 01:50:00+00:00,22676,4323.373,tp,75.0,0.0,0.0,75.0,1.0714285714285714,-4.152000000000044,7.7520000000004075,-0.5931428571428634,1.1074285714286296,4,1200.0,0.16,4.233071428571553,9.910502588171198,asian,Fri,1,False
479,XAUUSDm,short,2025-12-19 15:10:00+00:00,22836,4344.173,0.1,4344.173,4334.173,7.0,close_above_upper,0.35429997861469037,0.05,4339.173,0.5,0.05,4339.333,24.200000000000728,22839.0,2025-12-19 15:25:00+00:00,True,2025-12-19 15:35:00+00:00,22841,4344.333,be_stop,23.400000000001455,0.0,0.0,23.400000000001455,0.33428571428573506,-2.3200000000006185,8.97899999999936,-0.3314285714286598,1.2827142857141942,5,1500.0,0.16,6.31478571428579,8.38992828371725,overlap,Fri,15,False
480,XAUUSDm,short,2025-12-21 23:50:00+00:00,22928,4355.247,0.1,4362.247,4345.247,7.0,close_above_upper,0.11178888723985801,0.1,4350.247,0.5,0.0,0.0,0.0,,,False,2025-12-22 00:00:00+00:00,22930,4362.407,sl,-71.59999999999854,0.0,0.0,-71.59999999999854,-1.022857142857122,-1.1939999999995052,2.548000000000684,-0.1705714285713579,0.3640000000000977,2,600.0,0.16,2.5836428571427468,8.71304168680432,rollover,Sun,23,False
481,XAUUSDm,short,2025-12-22 00:05:00+00:00,22931,4362.456,0.1,4362.456,4352.456,7.0,close_above_upper,0.44749212623259343,0.05,4357.456,0.5,0.05,4357.616,24.200000000000728,22932.0,2025-12-22 00:10:00+00:00,True,2025-12-22 00:20:00+00:00,22934,4362.616,be_stop,23.400000000001455,0.0,0.0,23.400000000001455,0.33428571428573506,-2.581000000000131,6.21100000000024,-0.3687142857143044,0.8872857142857485,3,900.0,0.16,3.439142857142737,8.847598079700512,asian,Mon,0,False
482,XAUUSDm,short,2025-12-22 00:25:00+00:00,22935,4364.639,0.1,4371.639,4354.639,7.0,close_above_upper,0.0783565951139405,0.1,4359.639,0.5,0.0,0.0,0.0,,,False,2025-12-22 01:00:00+00:00,22942,4371.799,sl,-71.59999999999854,0.0,0.0,-71.59999999999854,-1.022857142857122,-1.7409999999999854,3.01299999999992,-0.24871428571428364,0.43042857142856,7,2100.0,0.16,4.018499999999871,9.005284383707604,asian,Mon,0,False
483,XAUUSDm,short,2025-12-22 01:40:00+00:00,22950,4377.76,0.1,4384.76,4367.76,7.0,close_above_upper,0.20443490592396496,0.1,4372.76,0.5,0.0,0.0,0.0,,,False,2025-12-22 01:55:00+00:00,22953,4384.92,sl,-71.59999999999854,0.0,0.0,-71.59999999999854,-1.022857142857122,-6.618999999999687,0.0,-0.9455714285713839,0.0,3,900.0,0.16,4.825785714285563,9.249996813304104,asian,Mon,1,False
484,XAUUSDm,short,2025-12-22 02:00:00+00:00,22954,4382.903,0.1,4389.903,4372.903,7.0,close_above_upper,0.037804090100194594,0.1,4377.903,0.5,0.0,0.0,0.0,,,False,2025-12-22 03:00:00+00:00,22966,4390.063,sl,-71.59999999999854,0.0,0.0,-71.59999999999854,-1.022857142857122,-5.819999999999709,4.315000000000509,-0.8314285714285299,0.6164285714286442,12,3600.0,0.16,5.169428571428463,9.511540604770584,asian,Mon,2,False
485,XAUUSDm,short,2025-12-22 07:00:00+00:00,23014,4419.073,0.1,4419.073,4409.073,7.0,close_above_upper,0.20066954789517769,0.05,4414.073,0.5,0.05,4414.233,24.200000000000728,23015.0,2025-12-22 07:05:00+00:00,True,2025-12-22 07:55:00+00:00,23025,4413.965,cross_center,49.7400000000016,0.0,0.0,49.7400000000016,0.7105714285714514,-1.2739999999994325,8.519000000000233,-0.18199999999991892,1.2170000000000332,11,3300.0,0.16,4.219214285714186,10.232495352375357,london,Mon,7,False
486,XAUUSDm,short,2025-12-22 13:10:00+00:00,23088,4421.582,0.1,4421.582,4411.582,7.0,close_above_upper,0.11119949274336595,0.05,4416.582,0.5,0.05,4416.742,24.200000000000728,23090.0,2025-12-22 13:20:00+00:00,True,2025-12-22 13:25:00+00:00,23091,4414.142,cross_center,61.400000000003274,0.0,0.0,61.400000000003274,0.877142857142904,-5.948999999999614,7.949000000000524,-0.8498571428570878,1.1355714285715035,3,900.0,0.16,3.381000000000053,8.051060342247304,overlap,Mon,13,False
487,XAUUSDm,short,2025-12-22 15:50:00+00:00,23120,4430.867,0.1,4437.867,4420.867,7.0,close_above_upper,0.013122235221736733,0.1,4425.867,0.5,0.0,0.0,0.0,,,False,2025-12-22 16:10:00+00:00,23124,4438.027,sl,-71.59999999999854,0.0,0.0,-71.59999999999854,-1.022857142857122,-6.867999999999483,2.824000000000524,-0.9811428571427834,0.40342857142864624,4,1200.0,0.16,6.314071428571229,8.200062843388684,overlap,Mon,15,False
488,XAUUSDm,short,2025-12-22 16:15:00+00:00,23125,4438.154,0.1,4438.154,4428.154,7.0,close_above_upper,0.22167426511679625,0.05,4433.154,0.5,0.05,4433.314,24.200000000000728,23128.0,2025-12-22 16:30:00+00:00,True,2025-12-22 16:35:00+00:00,23129,4438.314,be_stop,23.400000000001455,0.0,0.0,23.400000000001455,0.33428571428573506,-4.11699999999928,5.007000000000517,-0.5881428571427543,0.7152857142857881,4,1200.0,0.16,5.376857142857067,8.372771879203043,newyork,Mon,16,False
489,XAUUSDm,short,2025-12-22 23:15:00+00:00,23197,4454.954,0.1,4461.954,4444.954,7.0,close_above_upper,0.02064074053234562,0.1,4449.954,0.5,0.0,0.0,0.0,,,False,2025-12-23 00:00:00+00:00,23206,4462.114,sl,-71.59999999999854,0.0,0.0,-71.59999999999854,-1.022857142857122,-6.79700000000048,2.118999999999687,-0.9710000000000686,0.302714285714241,9,2700.0,0.16,2.7723571428570852,8.367685190709397,rollover,Mon,23,False
490,XAUUSDm,short,2025-12-23 01:05:00+00:00,23219,4478.307,0.1,4485.307,4468.307,7.0,close_above_upper,0.16466538138736783,0.1,4473.307,0.5,0.0,0.0,0.0,,,False,2025-12-23 01:10:00+00:00,23220,4485.467,sl,-71.59999999999854,0.0,0.0,-71.59999999999854,-1.022857142857122,-3.8479999999999563,0.3530000000000655,-0.5497142857142795,0.05042857142858078,1,300.0,0.16,3.5414999999998145,9.027140462991552,asian,Tue,1,False
491,XAUUSDm,short,2025-12-23 01:15:00+00:00,23221,4485.457,0.1,4485.457,4475.457,7.0,close_above_upper,0.5387936658085236,0.05,4480.457,0.5,0.05,4480.617,24.200000000000728,23222.0,2025-12-23 01:20:00+00:00,True,2025-12-23 01:20:00+00:00,23222,4475.617,tp,73.40000000000146,0.0,0.0,73.40000000000146,1.0485714285714494,-0.38799999999991996,10.246000000000095,-0.055428571428559996,1.4637142857142993,1,300.0,0.16,3.7075714285712302,9.165719063095773,asian,Tue,1,False
492,XAUUSDm,long,2025-12-23 13:55:00+00:00,23373,4479.227,0.1,4472.227,4489.227,7.0,close_below_lower,0.016109308785034013,0.1,4484.227,0.5,0.0,0.0,0.0,,,False,2025-12-23 14:00:00+00:00,23374,4472.227,sl,-70.0,0.0,0.0,-70.0,-1.0,-5.028000000000247,1.1500000000005457,-0.7182857142857496,0.16428571428579225,1,300.0,0.16,5.617285714285702,9.689121447489642,overlap,Tue,13,False
493,XAUUSDm,long,2025-12-23 14:05:00+00:00,23375,4471.844,0.1,4464.844,4481.844,7.0,close_below_lower,0.4810364076773808,0.1,4476.844,0.5,0.0,0.0,0.0,,,False,2025-12-23 14:15:00+00:00,23377,4464.844,sl,-70.0,0.0,0.0,-70.0,-1.0,-18.327000000000226,0.02599999999983993,-2.6181428571428893,0.003714285714262847,2,600.0,0.16,6.384214285714344,9.80773134241579,overlap,Tue,14,False
494,XAUUSDm,long,2025-12-23 14:20:00+00:00,23378,4468.201,0.1,4461.201,4478.201,7.0,close_below_lower,0.2588019846465703,0.1,4473.201,0.5,0.0,0.0,0.0,,,False,2025-12-23 14:30:00+00:00,23380,4461.201,sl,-70.0,0.0,0.0,-70.0,-1.0,-4.921999999999571,4.188000000000102,-0.7031428571427958,0.5982857142857289,2,600.0,0.16,7.368285714285711,10.006240847083447,overlap,Tue,14,False
495,XAUUSDm,long,2025-12-23 14:35:00+00:00,23381,4457.8769999999995,0.1,4450.877,4467.877,7.0,close_below_lower,0.629924370048821,0.1,4462.877,0.5,0.0,0.0,0.0,,,False,2025-12-23 14:40:00+00:00,23382,4450.877,sl,-69.9999999999909,0.0,0.0,-69.9999999999909,-0.9999999999998701,-8.789999999999054,3.542000000000371,-1.2557142857141506,0.506000000000053,1,300.0,0.16,8.297428571428489,10.181675208990498,overlap,Tue,14,False
496,XAUUSDm,long,2025-12-23 14:45:00+00:00,23383,4453.09,0.1,4453.09,4463.09,7.0,close_below_lower,0.6321117560316432,0.05,4458.09,0.5,0.05,4458.09,25.0,23384.0,2025-12-23 14:50:00+00:00,True,2025-12-23 14:55:00+00:00,23385,4453.064,be_stop,24.8700000000008,0.0,0.0,24.8700000000008,0.3552857142857257,-1.8299999999999272,6.376999999999498,-0.261428571428561,0.9109999999999283,2,600.0,0.16,9.24564285714275,10.3386281024802,overlap,Tue,14,False
497,XAUUSDm,long,2025-12-23 15:00:00+00:00,23386,4446.468,0.1,4439.468,4456.468,7.0,close_below_lower,0.5646691109684854,0.1,4451.468,0.5,0.0,0.0,0.0,,,False,2025-12-23 15:05:00+00:00,23387,4434.204,sl,-122.64000000000124,0.0,0.0,-122.64000000000124,-1.7520000000000178,-15.91399999999976,3.980000000000473,-2.273428571428537,0.5685714285714961,1,300.0,0.16,10.14907142857133,10.556976350890631,overlap,Tue,15,False
498,XAUUSDm,long,2025-12-23 15:10:00+00:00,23388,4443.197999999999,0.1,4443.197999999999,4453.198,7.0,close_below_lower,0.29303871032742834,0.05,4448.198,0.5,0.05,4448.413,26.075000000000728,23389.0,2025-12-23 15:15:00+00:00,True,2025-12-23 15:25:00+00:00,23391,4443.197999999999,be_stop,26.075000000000728,0.0,0.0,26.075000000000728,0.3725000000000104,-3.745999999999185,8.767000000000735,-0.5351428571427407,1.2524285714286765,3,900.0,0.16,10.934428571428466,10.773825973976393,overlap,Tue,15,False
499,XAUUSDm,short,2025-12-23 16:55:00+00:00,23409,4475.206,0.1,4475.206,4465.206,7.0,close_above_upper,0.16003311036169907,0.05,4470.206,0.5,0.05,4470.366,24.200000000000728,23420.0,2025-12-23 17:50:00+00:00,True,2025-12-23 17:55:00+00:00,23421,4471.218,cross_center,44.140000000002146,0.0,0.0,44.140000000002146,0.6305714285714592,-4.610999999999876,5.537000000000262,-0.658714285714268,0.7910000000000375,12,3600.0,0.16,4.66742857142864,11.218454275517573,newyork,Tue,16,False
500,XAUUSDm,short,2025-12-23 19:05:00+00:00,23435,4493.595,0.1,4493.595,4483.595,7.0,close_above_upper,0.3219877270488361,0.05,4488.595,0.5,0.05,4488.755,24.200000000000728,23438.0,2025-12-23 19:20:00+00:00,True,2025-12-23 19:40:00+00:00,23442,4493.755,be_stop,23.400000000001455,0.0,0.0,23.400000000001455,0.33428571428573506,-2.713999999999942,6.132000000000517,-0.3877142857142774,0.8760000000000738,7,2100.0,0.16,4.246285714285867,11.149475818860383,newyork,Tue,19,False
501,XAUUSDm,short,2025-12-23 23:40:00+00:00,23478,4505.222,0.1,4505.222,4495.222,7.0,close_above_upper,0.11130323023357097,0.05,4500.222,0.5,0.05,4500.382,24.200000000000728,23481.0,2025-12-23 23:55:00+00:00,True,2025-12-24 00:00:00+00:00,23482,4505.382,be_stop,23.400000000001455,0.0,0.0,23.400000000001455,0.33428571428573506,-5.1159999999999854,5.231999999999971,-0.7308571428571408,0.7474285714285672,4,1200.0,0.16,3.798714285714271,10.757938428706858,rollover,Tue,23,False
502,XAUUSDm,short,2025-12-24 00:05:00+00:00,23483,4511.263,0.1,4518.263,4501.263,7.0,close_above_upper,0.016084572130279293,0.1,4506.263,0.5,0.0,0.0,0.0,,,False,2025-12-24 01:00:00+00:00,23494,4512.174,cross_center,-9.110000000000582,0.0,0.0,-9.110000000000582,-0.13014285714286547,-6.757000000000517,3.5100000000002183,-0.9652857142857881,0.5014285714286026,11,3300.0,0.16,5.58164285714273,10.938086558197437,asian,Wed,0,False
503,XAUUSDm,long,2025-12-24 03:00:00+00:00,23518,4477.705,0.1,4477.705,4487.705,7.0,close_below_lower,1.6442085801504496,0.05,4482.705,0.5,0.05,4482.705,25.0,23519.0,2025-12-24 03:05:00+00:00,True,2025-12-24 03:15:00+00:00,23521,4487.705,tp,75.0,0.0,0.0,75.0,1.0714285714285714,-8.863000000000284,8.34100000000035,-1.2661428571428976,1.1915714285714785,3,900.0,0.16,6.926428571428589,11.41950115571533,asian,Wed,3,False
504,XAUUSDm,long,2025-12-24 14:55:00+00:00,23661,4465.822999999999,0.1,4465.822999999999,4475.823,7.0,close_below_lower,0.3010200257824915,0.05,4470.823,0.5,0.05,4470.823,25.000000000004547,23662.0,2025-12-24 15:00:00+00:00,True,2025-12-24 15:15:00+00:00,23665,4475.823,tp,75.0000000000091,0.0,0.0,75.0000000000091,1.0714285714287013,-5.475999999999658,9.257000000000517,-0.7822857142856654,1.3224285714286452,4,1200.0,0.16,6.735357142857018,11.879093833339034,overlap,Wed,14,False
505,XAUUSDm,long,2025-12-24 15:45:00+00:00,23671,4453.392,0.1,4453.392,4463.392,7.0,close_below_lower,0.24692574094913128,0.05,4458.392,0.5,0.05,4458.392,25.0,23672.0,2025-12-24 15:50:00+00:00,True,2025-12-24 16:00:00+00:00,23674,4463.392,tp,75.0,0.0,0.0,75.0,1.0714285714285714,-5.097999999999956,7.400000000000546,-0.7282857142857081,1.057142857142935,3,900.0,0.16,10.140142857142953,12.27838373833983,overlap,Wed,15,False
506,XAUUSDm,short,2025-12-24 17:10:00+00:00,23688,4485.778,0.1,4485.778,4475.778,7.0,close_above_upper,0.04114841125521056,0.05,4480.778,0.5,0.05,4480.938,24.200000000000728,23690.0,2025-12-24 17:20:00+00:00,True,2025-12-24 18:10:00+00:00,23700,4477.889999999999,cross_center,63.640000000004875,0.0,0.0,63.640000000004875,0.9091428571429268,-1.832999999999629,9.641999999999825,-0.26185714285708983,1.3774285714285466,12,3600.0,0.16,4.904214285714196,12.557917476243142,newyork,Wed,17,False
507,XAUUSDm,short,2025-12-25 23:25:00+00:00,23707,4499.268,0.1,4499.268,4489.268,7.0,close_above_upper,0.2394576603437404,0.05,4494.268,0.5,0.05,4494.428,24.200000000000728,23708.0,2025-12-25 23:30:00+00:00,True,2025-12-25 23:35:00+00:00,23709,4489.428,tp,73.40000000000146,0.0,0.0,73.40000000000146,1.0485714285714494,-0.7680000000000291,8.162000000000262,-0.10971428571428987,1.1660000000000375,2,600.0,0.16,3.9257857142857966,12.400540783408378,rollover,Thu,23,False
508,XAUUSDm,short,2025-12-26 00:55:00+00:00,23725,4517.203,0.1,4524.203,4507.203,7.0,close_above_upper,0.010042066921096902,0.1,4512.203,0.5,0.0,0.0,0.0,,,False,2025-12-26 01:00:00+00:00,23726,4524.363,sl,-71.59999999999854,0.0,0.0,-71.59999999999854,-1.022857142857122,-0.8379999999997381,2.8710000000000946,-0.11971428571424829,0.41014285714287063,1,300.0,0.16,4.290571428571378,12.464082680808513,asian,Fri,0,False
509,XAUUSDm,short,2025-12-26 01:05:00+00:00,23727,4526.316,0.1,4526.316,4516.316,7.0,close_above_upper,0.4143810173020074,0.05,4521.316,0.5,0.05,4519.791,32.62499999999818,23728.0,2025-12-26 01:10:00+00:00,True,2025-12-26 01:10:00+00:00,23728,4516.476,tp,81.82499999999891,0.0,0.0,81.82499999999891,1.1689285714285558,-4.97400000000016,8.126000000000204,-0.7105714285714514,1.160857142857172,1,300.0,0.16,4.721357142857024,12.544522608576269,asian,Fri,1,False
510,XAUUSDm,short,2025-12-26 15:40:00+00:00,23902,4541.268,0.1,4548.268,4531.268,7.0,close_above_upper,0.06505911689848774,0.1,4536.268,0.5,0.0,0.0,0.0,,,False,2025-12-26 16:00:00+00:00,23906,4548.428,sl,-71.59999999999854,0.0,0.0,-71.59999999999854,-1.022857142857122,-6.391999999999825,6.217999999999847,-0.9131428571428322,0.8882857142856925,4,1200.0,0.16,7.112857142857138,11.843170032221728,overlap,Fri,15,False
511,XAUUSDm,short,2025-12-26 16:05:00+00:00,23907,4548.777,0.1,4548.777,4538.777,7.0,close_above_upper,0.006845952045950826,0.05,4543.777,0.5,0.05,4543.937,24.200000000000728,23908.0,2025-12-26 16:10:00+00:00,True,2025-12-26 16:10:00+00:00,23908,4538.937,tp,73.40000000000146,0.0,0.0,73.40000000000146,1.0485714285714494,-1.4470000000001164,2.381999999999607,-0.20671428571430234,0.3402857142856582,1,300.0,0.16,6.083428571428418,11.999752111983643,newyork,Fri,16,False
512,XAUUSDm,long,2025-12-26 17:30:00+00:00,23924,4518.366,0.1,4511.366,4528.366,7.0,close_below_lower,0.23525722197496426,0.1,4523.366,0.5,0.0,0.0,0.0,,,False,2025-12-26 17:35:00+00:00,23925,4511.366,sl,-70.0,0.0,0.0,-70.0,-1.0,-8.52599999999984,2.155999999999949,-1.217999999999977,0.3079999999999927,1,300.0,0.16,6.2745714285714325,11.971894467818172,newyork,Fri,17,False
513,XAUUSDm,long,2025-12-29 00:05:00+00:00,23991,4520.4169999999995,0.1,4520.4169999999995,4530.417,7.0,close_below_lower,0.006742106683834664,0.05,4525.417,0.5,0.05,4525.417,25.000000000004547,23992.0,2025-12-29 00:10:00+00:00,True,2025-12-29 00:15:00+00:00,23993,4520.4169999999995,be_stop,25.000000000004547,0.0,0.0,25.000000000004547,0.3571428571429221,-1.043999999999869,6.012000000000626,-0.14914285714283843,0.8588571428572322,2,600.0,0.16,8.184571428571351,11.914855231974165,asian,Mon,0,False
514,XAUUSDm,long,2025-12-29 00:20:00+00:00,23994,4510.878,0.1,4503.878,4520.878,7.0,close_below_lower,0.43202117235909154,0.1,4515.878,0.5,0.0,0.0,0.0,,,False,2025-12-29 00:25:00+00:00,23995,4494.048,sl,-168.29999999999927,0.0,0.0,-168.29999999999927,-2.4042857142857037,-16.844999999999345,1.4030000000002474,-2.406428571428478,0.20042857142860676,1,300.0,0.16,8.08771428571429,12.055548143872873,asian,Mon,0,False
515,XAUUSDm,long,2025-12-29 00:30:00+00:00,23996,4487.343,0.1,4487.343,4497.343,7.0,close_below_lower,1.65927905303333,0.05,4492.343,0.5,0.05,4497.05,48.53500000000167,23997.0,2025-12-29 00:35:00+00:00,True,2025-12-29 00:35:00+00:00,23997,4497.343,tp,98.53500000000167,0.0,0.0,98.53500000000167,1.407642857142881,-15.077000000000226,10.020000000000437,-2.153857142857175,1.431428571428634,1,300.0,0.16,8.425714285714223,12.396081875878545,asian,Mon,0,False
516,XAUUSDm,long,2025-12-29 00:40:00+00:00,23998,4495.834,0.1,4495.834,4505.834,7.0,close_below_lower,0.4646738102190769,0.05,4500.834,0.5,0.05,4500.834,25.0,23999.0,2025-12-29 00:45:00+00:00,True,2025-12-29 00:45:00+00:00,23999,4505.834,tp,75.0,0.0,0.0,75.0,1.0714285714285714,-9.09099999999944,7.470000000000255,-1.2987142857142058,1.0671428571428936,1,300.0,0.16,10.126928571428575,12.599213106444608,asian,Mon,0,False
517,XAUUSDm,long,2025-12-29 06:30:00+00:00,24068,4490.94,0.1,4490.94,4500.94,7.0,close_below_lower,0.35041771348644046,0.05,4495.94,0.5,0.05,4496.401,27.3050000000012,24069.0,2025-12-29 06:35:00+00:00,True,2025-12-29 06:40:00+00:00,24070,4489.566,be_stop,20.43500000000222,0.0,0.0,20.43500000000222,0.2919285714286031,-6.2369999999991705,6.892000000000735,-0.8909999999998816,0.9845714285715336,2,600.0,0.16,5.849785714285905,12.347997728918916,asian,Mon,6,False
518,XAUUSDm,long,2025-12-29 06:45:00+00:00,24071,4487.25,0.1,4480.25,4497.25,7.0,close_below_lower,0.17527797156776573,0.1,4492.25,0.5,0.0,0.0,0.0,,,False,2025-12-29 06:50:00+00:00,24072,4480.25,sl,-70.0,0.0,0.0,-70.0,-1.0,-6.0,0.6419999999998254,-0.8571428571428571,0.09171428571426077,1,300.0,0.16,7.132857142857249,12.571013785475108,asian,Mon,6,False
519,XAUUSDm,long,2025-12-29 06:55:00+00:00,24073,4475.804,0.1,4468.804,4485.804,7.0,close_below_lower,0.6439242395018167,0.1,4480.804,0.5,0.0,0.0,0.0,,,False,2025-12-29 07:00:00+00:00,24074,4468.804,sl,-70.0,0.0,0.0,-70.0,-1.0,-4.4909999999999854,2.8980000000001382,-0.6415714285714265,0.41400000000001974,1,300.0,0.16,7.722000000000013,12.775187874141572,asian,Mon,6,False
520,XAUUSDm,long,2025-12-29 07:05:00+00:00,24075,4456.032,0.1,4456.032,4466.032,7.0,close_below_lower,1.5766069368219455,0.05,4461.032,0.5,0.05,4461.032,25.0,24076.0,2025-12-29 07:10:00+00:00,True,2025-12-29 07:10:00+00:00,24076,4466.032,tp,75.0,0.0,0.0,75.0,1.0714285714285714,-7.926000000000386,7.485999999999876,-1.1322857142857694,1.0694285714285539,1,300.0,0.16,9.908642857142825,13.051878731252053,london,Mon,7,False
521,XAUUSDm,long,2025-12-29 08:50:00+00:00,24096,4461.401,0.1,4454.401,4471.401,7.0,close_below_lower,0.053752872954515606,0.1,4466.401,0.5,0.0,0.0,0.0,,,False,2025-12-29 08:55:00+00:00,24097,4454.401,sl,-70.0,0.0,0.0,-70.0,-1.0,-5.746000000000095,3.3720000000002983,-0.8208571428571564,0.48171428571432834,1,300.0,0.16,7.340285714285593,13.389058204789588,london,Mon,8,False
522,XAUUSDm,long,2025-12-29 13:45:00+00:00,24155,4429.655,0.1,4422.655,4439.655,7.0,close_below_lower,0.7213017471040865,0.1,4434.655,0.5,0.0,0.0,0.0,,,False,2025-12-29 13:50:00+00:00,24156,4417.005,sl,-126.49999999999636,0.0,0.0,-126.49999999999636,-1.8071428571428052,-14.815999999999804,0.0,-2.1165714285714006,0.0,1,300.0,0.16,7.206000000000001,14.264128527025829,overlap,Mon,13,False
523,XAUUSDm,long,2025-12-29 13:55:00+00:00,24157,4411.575,0.1,4404.575,4421.575,7.0,close_below_lower,1.3480813065500965,0.1,4416.575,0.5,0.0,0.0,0.0,,,False,2025-12-29 14:00:00+00:00,24158,4404.575,sl,-70.0,0.0,0.0,-70.0,-1.0,-4.601999999999862,10.476000000000568,-0.6574285714285517,1.4965714285715097,1,300.0,0.16,8.434357142857086,14.65219887463061,overlap,Mon,13,False
524,XAUUSDm,long,2025-12-29 14:05:00+00:00,24159,4400.184,0.1,4393.184,4410.184,7.0,close_below_lower,1.51893876842623,0.1,4405.184,0.5,0.0,0.0,0.0,,,False,2025-12-29 14:10:00+00:00,24160,4391.149,sl,-90.34999999999854,0.0,0.0,-90.34999999999854,-1.2907142857142648,-14.059000000000196,2.938000000000102,-2.0084285714285994,0.41971428571430025,1,300.0,0.16,10.637071428571419,14.915664433581053,overlap,Mon,14,False
525,XAUUSDm,long,2025-12-29 14:15:00+00:00,24161,4398.805,0.1,4391.805,4408.805,7.0,close_below_lower,0.8873098360992022,0.1,4403.805,0.5,0.0,0.0,0.0,,,False,2025-12-29 14:20:00+00:00,24162,4391.805,sl,-70.0,0.0,0.0,-70.0,-1.0,-6.920000000000073,6.73700000000008,-0.988571428571439,0.9624285714285828,1,300.0,0.16,12.041857142857225,15.181614865520975,overlap,Mon,14,False
526,XAUUSDm,long,2025-12-29 14:25:00+00:00,24163,4389.666,0.1,4382.666,4399.666,7.0,close_below_lower,0.8464746447453523,0.1,4394.666,0.5,0.0,0.0,0.0,,,False,2025-12-29 14:30:00+00:00,24164,4382.666,sl,-70.0,0.0,0.0,-70.0,-1.0,-3.230999999999767,5.9539999999997235,-0.4615714285713953,0.8505714285713891,1,300.0,0.16,12.41707142857149,15.380571224485037,overlap,Mon,14,False
527,XAUUSDm,long,2025-12-29 14:35:00+00:00,24165,4381.284,0.1,4374.284,4391.284,7.0,close_below_lower,0.7788883649283821,0.1,4386.284,0.5,0.0,0.0,0.0,,,False,2025-12-29 14:40:00+00:00,24166,4372.043,sl,-92.40999999999985,0.0,0.0,-92.40999999999985,-1.320142857142855,-9.764999999999418,7.3100000000004,-1.3949999999999168,1.0442857142857715,1,300.0,0.16,14.072928571428552,15.660326612516464,overlap,Mon,14,False
528,XAUUSDm,long,2025-12-29 14:45:00+00:00,24167,4373.646,0.1,4373.646,4383.646,7.0,close_below_lower,0.6299991816851901,0.05,4378.646,0.5,0.05,4378.646,25.0,24168.0,2025-12-29 14:50:00+00:00,True,2025-12-29 14:55:00+00:00,24169,4369.022,be_stop,1.8800000000010186,0.0,0.0,1.8800000000010186,0.026857142857157408,-4.974999999999454,11.023000000000138,-0.7107142857142078,1.5747142857143055,2,600.0,0.16,15.503000000000027,15.904832225647787,overlap,Mon,14,False
529,XAUUSDm,long,2025-12-29 15:00:00+00:00,24170,4360.489,0.1,4353.489,4370.489,7.0,close_below_lower,0.6655888241370058,0.1,4365.489,0.5,0.0,0.0,0.0,,,False,2025-12-29 15:05:00+00:00,24171,4341.596,sl,-188.9300000000003,0.0,0.0,-188.9300000000003,-2.6990000000000043,-22.016999999999825,0.20600000000013097,-3.145285714285689,0.02942857142859014,1,300.0,0.16,14.832214285714274,16.207294837466165,overlap,Mon,15,False
530,XAUUSDm,long,2025-12-29 15:10:00+00:00,24172,4344.001,0.1,4337.001,4354.001,7.0,close_below_lower,0.9814753101485665,0.1,4349.001,0.5,0.0,0.0,0.0,,,False,2025-12-29 15:15:00+00:00,24173,4337.001,sl,-70.0,0.0,0.0,-70.0,-1.0,-10.605000000000473,1.587999999999738,-1.5150000000000676,0.22685714285710543,1,300.0,0.16,15.776071428571413,16.486159690339285,overlap,Mon,15,False
531,XAUUSDm,long,2025-12-29 15:20:00+00:00,24174,4332.299,0.1,4325.299,4342.299,7.0,close_below_lower,1.045130919238948,0.1,4337.299,0.5,0.0,0.0,0.0,,,False,2025-12-29 15:25:00+00:00,24175,4315.872,sl,-164.2699999999968,0.0,0.0,-164.2699999999968,-2.34671428571424,-30.162000000000262,1.293999999999869,-4.30885714285718,0.18485714285712415,1,300.0,0.16,14.831357142857087,16.7741741045955,overlap,Mon,15,False
532,XAUUSDm,long,2025-12-29 15:30:00+00:00,24176,4319.907,0.1,4319.907,4329.907,7.0,close_below_lower,1.00854982869793,0.05,4324.907,0.5,0.05,4328.165,41.289999999999054,24177.0,2025-12-29 15:35:00+00:00,True,2025-12-29 15:35:00+00:00,24177,4329.907,tp,91.28999999999905,0.0,0.0,91.28999999999905,1.3041428571428437,-3.369999999999891,8.793999999999869,-0.48142857142855583,1.2562857142856956,1,300.0,0.16,16.213142857142753,17.192137828116824,overlap,Mon,15,False
533,XAUUSDm,long,2025-12-29 15:40:00+00:00,24178,4327.902,0.1,4327.902,4337.902,7.0,close_below_lower,0.06481229543701052,0.05,4332.902,0.5,0.05,4332.902,25.0,24179.0,2025-12-29 15:45:00+00:00,True,2025-12-29 15:45:00+00:00,24179,4337.902,tp,75.0,0.0,0.0,75.0,1.0714285714285714,-3.587000000000444,8.95299999999952,-0.5124285714286348,1.2789999999999313,1,300.0,0.16,16.61614285714274,17.408754849174898,overlap,Mon,15,False
534,XAUUSDm,long,2025-12-30 14:50:00+00:00,24432,4361.005999999999,0.1,4361.005999999999,4371.006,7.0,close_below_lower,0.1581088184217121,0.05,4366.006,0.5,0.05,4369.364,41.79000000000087,24433.0,2025-12-30 14:55:00+00:00,True,2025-12-30 15:00:00+00:00,24434,4361.005999999999,be_stop,41.79000000000087,0.0,0.0,41.79000000000087,0.5970000000000125,-3.5009999999992942,10.473000000000866,-0.5001428571427563,1.496142857142981,2,600.0,0.16,8.251285714285782,17.848516639712805,overlap,Tue,14,False
535,XAUUSDm,long,2025-12-30 19:55:00+00:00,24493,4342.817,0.1,4342.817,4352.817,7.0,close_below_lower,0.04667542131660332,0.05,4347.817,0.5,0.05,4348.649,29.160000000001673,24494.0,2025-12-30 20:00:00+00:00,True,2025-12-30 20:05:00+00:00,24495,4341.597,be_stop,23.0600000000004,0.0,0.0,23.0600000000004,0.3294285714285771,-5.2479999999995925,7.016999999999825,-0.7497142857142275,1.0024285714285466,2,600.0,0.16,4.6231428571428035,18.008035405128595,newyork,Tue,19,False
536,XAUUSDm,long,2025-12-31 05:50:00+00:00,24600,4310.848,0.1,4303.848,4320.848,7.0,close_below_lower,0.30131552939972533,0.1,4315.848,0.5,0.0,0.0,0.0,,,False,2025-12-31 05:55:00+00:00,24601,4287.304,sl,-235.4399999999987,0.0,0.0,-235.4399999999987,-3.363428571428553,-29.162999999999556,0.6440000000002328,-4.166142857142794,0.09200000000003326,1,300.0,0.16,7.4947142857143785,17.36573521007849,asian,Wed,5,False
537,XAUUSDm,long,2025-12-31 06:00:00+00:00,24602,4285.998,0.1,4285.998,4295.998,7.0,close_below_lower,1.1254013596263954,0.05,4290.998,0.5,0.05,4290.998,25.0,24603.0,2025-12-31 06:05:00+00:00,True,2025-12-31 06:10:00+00:00,24604,4295.998,tp,75.0,0.0,0.0,75.0,1.0714285714285714,-11.61999999999989,9.717000000000553,-1.6599999999999844,1.3881428571429362,2,600.0,0.16,10.36500000000017,17.81005641804599,asian,Wed,6,False
538,XAUUSDm,short,2025-12-31 13:50:00+00:00,24696,4339.43,0.1,4346.43,4329.43,7.0,close_above_upper,0.10601094297774168,0.1,4334.43,0.5,0.0,0.0,0.0,,,False,2025-12-31 13:55:00+00:00,24697,4346.59,sl,-71.59999999999854,0.0,0.0,-71.59999999999854,-1.022857142857122,-4.59900000000016,2.300000000000182,-0.6570000000000229,0.32857142857145455,1,300.0,0.16,5.655142857142631,15.157445524010212,overlap,Wed,13,False
539,XAUUSDm,short,2025-12-31 14:00:00+00:00,24698,4345.843,0.1,4345.843,4335.843,7.0,close_above_upper,0.1744484162151823,0.05,4340.843,0.5,0.05,4341.003,24.200000000000728,24699.0,2025-12-31 14:05:00+00:00,True,2025-12-31 14:05:00+00:00,24699,4336.003,tp,73.40000000000146,0.0,0.0,73.40000000000146,1.0485714285714494,-2.792000000000371,7.880000000000109,-0.39885714285719587,1.1257142857143012,1,300.0,0.16,5.856428571428426,15.319898022176355,overlap,Wed,14,False
540,XAUUSDm,short,2026-01-01 23:10:00+00:00,24795,4333.406,0.1,4333.406,4323.406,7.0,close_above_upper,0.14334131738776487,0.05,4328.406,0.5,0.05,4328.566,24.200000000000728,24796.0,2026-01-01 23:15:00+00:00,True,2026-01-01 23:20:00+00:00,24797,4334.5109999999995,be_stop,18.67500000000291,0.0,0.0,18.67500000000291,0.26678571428575587,-1.9719999999997526,5.082000000000335,-0.2817142857142504,0.7260000000000478,2,600.0,0.16,4.160499999999956,15.358683188068298,rollover,Thu,23,False
541,XAUUSDm,short,2026-01-01 23:25:00+00:00,24798,4339.89,0.1,4346.89,4329.89,7.0,close_above_upper,0.15436331830779254,0.1,4334.89,0.5,0.0,0.0,0.0,,,False,2026-01-01 23:50:00+00:00,24803,4347.05,sl,-71.59999999999854,0.0,0.0,-71.59999999999854,-1.022857142857122,-6.014000000000124,1.704000000000633,-0.8591428571428749,0.24342857142866187,5,1500.0,0.16,4.6940714285713385,15.544727500408095,rollover,Thu,23,False
542,XAUUSDm,long,2026-01-02 13:30:00+00:00,24967,4374.739,0.1,4367.739,4384.739,7.0,close_below_lower,0.16954406905357358,0.1,4379.739,0.5,0.0,0.0,0.0,,,False,2026-01-02 13:35:00+00:00,24968,4367.739,sl,-70.0,0.0,0.0,-70.0,-1.0,-6.1469999999999345,2.498000000000502,-0.8781428571428478,0.3568571428572146,1,300.0,0.16,5.583571428571369,14.603225017943979,overlap,Fri,13,False
543,XAUUSDm,long,2026-01-02 13:40:00+00:00,24969,4369.974,0.1,4369.974,4379.974,7.0,close_below_lower,0.20112530602725115,0.05,4374.974,0.5,0.05,4374.974,25.0,24970.0,2026-01-02 13:45:00+00:00,True,2026-01-02 13:50:00+00:00,24971,4369.974,be_stop,25.0,0.0,0.0,25.0,0.35714285714285715,-1.6590000000005602,8.00500000000011,-0.23700000000008004,1.1435714285714442,2,600.0,0.16,6.434571428571417,14.756646019237865,overlap,Fri,13,False
544,XAUUSDm,long,2026-01-02 14:35:00+00:00,24980,4355.455,0.1,4348.455,4365.455,7.0,close_below_lower,0.01335000018813036,0.1,4360.455,0.5,0.0,0.0,0.0,,,False,2026-01-02 14:40:00+00:00,24981,4348.455,sl,-70.0,0.0,0.0,-70.0,-1.0,-5.368999999999687,4.444000000000415,-0.7669999999999553,0.6348571428572021,1,300.0,0.16,7.2407142857143425,15.197364290832876,overlap,Fri,14,False
545,XAUUSDm,long,2026-01-02 15:05:00+00:00,24986,4342.311,0.1,4335.311,4352.311,7.0,close_below_lower,0.18811931704230675,0.1,4347.311,0.5,0.0,0.0,0.0,,,False,2026-01-02 15:10:00+00:00,24987,4335.311,sl,-70.0,0.0,0.0,-70.0,-1.0,-3.0999999999994543,8.180000000000291,-0.4428571428570649,1.1685714285714701,1,300.0,0.16,7.991285714285628,15.509966547031905,overlap,Fri,15,False
546,XAUUSDm,long,2026-01-02 15:15:00+00:00,24988,4340.7609999999995,0.1,4333.761,4350.761,7.0,close_below_lower,0.01809270677482757,0.1,4345.761,0.5,0.0,0.0,0.0,,,False,2026-01-02 15:20:00+00:00,24989,4333.761,sl,-69.9999999999909,0.0,0.0,-69.9999999999909,-0.9999999999998701,-5.921999999999571,1.9390000000003056,-0.8459999999999387,0.27700000000004366,1,300.0,0.16,8.740357142857063,15.663684650229165,overlap,Fri,15,False
547,XAUUSDm,long,2026-01-02 15:25:00+00:00,24990,4334.441,0.1,4334.441,4344.441,7.0,close_below_lower,0.09961410030420498,0.05,4339.441,0.5,0.05,4339.441,25.0,24991.0,2026-01-02 15:30:00+00:00,True,2026-01-02 15:40:00+00:00,24993,4344.441,tp,75.0,0.0,0.0,75.0,1.0714285714285714,-2.78899999999976,7.213000000000648,-0.3984285714285371,1.0304285714286638,3,900.0,0.16,9.566928571428564,15.812236046874917,overlap,Fri,15,False
548,XAUUSDm,long,2026-01-02 16:20:00+00:00,25001,4317.571,0.1,4317.571,4327.571,7.0,close_below_lower,0.1076978308205797,0.05,4322.571,0.5,0.05,4322.571,25.0,25002.0,2026-01-02 16:25:00+00:00,True,2026-01-02 16:30:00+00:00,25003,4317.571,be_stop,25.0,0.0,0.0,25.0,0.35714285714285715,-2.7429999999994834,6.53899999999976,-0.3918571428570691,0.9341428571428229,2,600.0,0.16,8.315714285714487,15.833975021214808,newyork,Fri,16,False
549,XAUUSDm,short,2026-01-04 23:10:00+00:00,25070,4359.747,0.1,4366.747,4349.747,7.0,close_above_upper,0.7635348478856697,0.1,4354.747,0.5,0.0,0.0,0.0,,,False,2026-01-04 23:15:00+00:00,25071,4370.349,sl,-106.01999999999862,0.0,0.0,-106.01999999999862,-1.514571428571409,-11.04699999999957,0.7490000000007058,-1.5781428571427958,0.10700000000010082,1,300.0,0.16,4.365285714285684,15.423706241854028,rollover,Sun,23,False
550,XAUUSDm,short,2026-01-04 23:20:00+00:00,25072,4365.233,0.1,4365.233,4355.233,7.0,close_above_upper,0.6189496184359207,0.05,4360.233,0.5,0.05,4360.393,24.200000000000728,25074.0,2026-01-04 23:30:00+00:00,True,2026-01-04 23:30:00+00:00,25074,4355.393,tp,73.40000000000146,0.0,0.0,73.40000000000146,1.0485714285714494,-3.66399999999976,1.8029999999998836,-0.5234285714285372,0.25757142857141196,2,600.0,0.16,5.504214285714364,15.662566768754985,rollover,Sun,23,False
551,XAUUSDm,short,2026-01-05 00:40:00+00:00,25088,4395.268,0.1,4395.268,4385.268,7.0,close_above_upper,0.04735898812257903,0.05,4390.268,0.5,0.05,4388.068,35.99999999999909,25089.0,2026-01-05 00:45:00+00:00,True,2026-01-05 00:45:00+00:00,25089,4385.428,tp,85.19999999999982,0.0,0.0,85.19999999999982,1.2171428571428546,-0.30599999999958527,9.546000000000276,-0.04371428571422647,1.3637142857143252,1,300.0,0.16,6.281571428571494,16.743682856102197,asian,Mon,0,False
552,XAUUSDm,short,2026-01-05 01:05:00+00:00,25093,4416.914,0.1,4416.914,4406.914,7.0,close_above_upper,0.6898715575429585,0.05,4411.914,0.5,0.05,4410.871,30.214999999998327,25094.0,2026-01-05 01:10:00+00:00,True,2026-01-05 01:10:00+00:00,25094,4407.074,tp,79.41499999999905,0.0,0.0,79.41499999999905,1.1344999999999865,-4.19800000000032,11.896999999999935,-0.5997142857143315,1.6995714285714192,1,300.0,0.16,7.111285714285908,16.872522755435124,asian,Mon,1,False
553,XAUUSDm,long,2026-01-05 11:30:00+00:00,25218,4417.361,0.1,4417.361,4427.361,7.0,close_below_lower,0.02497750942445336,0.05,4422.361,0.5,0.05,4422.361,25.0,25219.0,2026-01-05 11:35:00+00:00,True,2026-01-05 12:05:00+00:00,25225,4417.361,be_stop,25.0,0.0,0.0,25.0,0.35714285714285715,-2.019999999999527,8.782000000000153,-0.28857142857136103,1.2545714285714504,7,2100.0,0.16,4.713714285714365,13.949090449502652,london,Mon,11,False
554,XAUUSDm,short,2026-01-05 15:05:00+00:00,25261,4452.027,0.1,4452.027,4442.027,7.0,close_above_upper,0.4965902196383137,0.05,4447.027,0.5,0.05,4447.187,24.200000000000728,25262.0,2026-01-05 15:10:00+00:00,True,2026-01-05 15:20:00+00:00,25264,4452.187,be_stop,23.400000000001455,0.0,0.0,23.400000000001455,0.33428571428573506,-3.6580000000003565,8.17699999999968,-0.5225714285714795,1.1681428571428114,3,900.0,0.16,7.639499999999836,14.75609344228973,overlap,Mon,15,False
555,XAUUSDm,short,2026-01-06 02:15:00+00:00,25383,4459.573,0.1,4459.573,4449.573,7.0,close_above_upper,0.03417187265429823,0.05,4454.573,0.5,0.05,4454.733,24.200000000000728,25387.0,2026-01-06 02:35:00+00:00,True,2026-01-06 02:40:00+00:00,25388,4449.733,tp,73.40000000000146,0.0,0.0,73.40000000000146,1.0485714285714494,-1.8049999999993815,7.140000000000327,-0.2578571428570545,1.0200000000000469,5,1500.0,0.16,5.567500000000109,13.911471218037917,asian,Tue,2,False
556,XAUUSDm,short,2026-01-06 14:55:00+00:00,25535,4487.899,0.1,4487.899,4477.899,7.0,close_above_upper,0.1399731807236643,0.05,4482.899,0.5,0.05,4483.059,24.200000000000728,25537.0,2026-01-06 15:05:00+00:00,True,2026-01-06 15:15:00+00:00,25539,4478.059,tp,73.40000000000146,0.0,0.0,73.40000000000146,1.0485714285714494,-2.996999999999389,8.811999999999898,-0.42814285714276984,1.2588571428571282,4,1200.0,0.16,6.491785714285535,12.798754925066257,overlap,Tue,14,False
557,XAUUSDm,long,2026-01-07 01:10:00+00:00,25646,4476.07,0.1,4469.07,4486.07,7.0,close_below_lower,0.17353274415769124,0.1,4481.07,0.5,0.0,0.0,0.0,,,False,2026-01-07 01:30:00+00:00,25650,4469.07,sl,-70.0,0.0,0.0,-70.0,-1.0,-6.97899999999936,2.9859999999998763,-0.9969999999999085,0.4265714285714109,4,1200.0,0.16,5.4710714285716415,11.032105792184234,asian,Wed,1,False
558,XAUUSDm,long,2026-01-07 01:35:00+00:00,25651,4466.847,0.1,4466.847,4476.847,7.0,close_below_lower,0.2470396893973757,0.05,4471.847,0.5,0.05,4471.847,25.0,25652.0,2026-01-07 01:40:00+00:00,True,2026-01-07 01:45:00+00:00,25653,4466.847,be_stop,25.0,0.0,0.0,25.0,0.35714285714285715,-1.951999999999316,6.101999999999862,-0.27885714285704516,0.871714285714266,2,600.0,0.16,7.224285714285737,11.288553371475384,asian,Wed,1,False
559,XAUUSDm,long,2026-01-07 05:35:00+00:00,25699,4454.014999999999,0.1,4447.015,4464.015,7.0,close_below_lower,0.050977896236379626,0.1,4459.015,0.5,0.0,0.0,0.0,,,False,2026-01-07 05:45:00+00:00,25701,4447.015,sl,-69.9999999999909,0.0,0.0,-69.9999999999909,-0.9999999999998701,-5.376999999999498,3.097000000000662,-0.7681428571427854,0.44242857142866604,2,600.0,0.16,4.458357142857234,11.375167895246843,asian,Wed,5,False
560,XAUUSDm,long,2026-01-07 05:50:00+00:00,25702,4448.235,0.1,4448.235,4458.235,7.0,close_below_lower,0.1525658748367739,0.05,4453.235,0.5,0.05,4453.235,25.0,25703.0,2026-01-07 05:55:00+00:00,True,2026-01-07 06:05:00+00:00,25705,4458.235,tp,75.0,0.0,0.0,75.0,1.0714285714285714,-1.9669999999996435,8.873000000000502,-0.28099999999994907,1.2675714285715003,3,900.0,0.16,4.9155000000000655,11.569332985693922,asian,Wed,5,False
561,XAUUSDm,long,2026-01-07 13:10:00+00:00,25790,4430.233,0.1,4430.233,4440.233,7.0,close_below_lower,0.5722193421510687,0.05,4435.233,0.5,0.05,4435.233,25.0,25791.0,2026-01-07 13:15:00+00:00,True,2026-01-07 13:20:00+00:00,25792,4440.233,tp,75.0,0.0,0.0,75.0,1.0714285714285714,-2.4160000000001673,8.912999999999556,-0.34514285714288107,1.2732857142856508,2,600.0,0.16,6.157857142857146,10.843150366596515,overlap,Wed,13,False
562,XAUUSDm,long,2026-01-07 15:15:00+00:00,25815,4426.831999999999,0.1,4426.831999999999,4436.832,7.0,close_below_lower,0.4868384425288115,0.05,4431.832,0.5,0.05,4431.832,25.000000000004547,25816.0,2026-01-07 15:20:00+00:00,True,2026-01-07 15:25:00+00:00,25817,4436.832,tp,75.0000000000091,0.0,0.0,75.0000000000091,1.0714285714287013,-3.2689999999993233,6.0900000000001455,-0.4669999999999033,0.8700000000000208,2,600.0,0.16,8.047499999999998,11.158268068601181,overlap,Wed,15,False
563,XAUUSDm,short,2026-01-07 16:25:00+00:00,25829,4458.785,0.1,4465.785,4448.785,7.0,close_above_upper,0.13548865313111685,0.1,4453.785,0.5,0.0,0.0,0.0,,,False,2026-01-07 16:40:00+00:00,25832,4465.945,sl,-71.59999999999854,0.0,0.0,-71.59999999999854,-1.022857142857122,-6.6340000000000146,3.032999999999447,-0.9477142857142878,0.4332857142856353,3,900.0,0.16,6.854142857142961,11.526685750906102,newyork,Wed,16,False
564,XAUUSDm,short,2026-01-07 16:45:00+00:00,25833,4467.673,0.1,4467.673,4457.673,7.0,close_above_upper,0.23630560412463328,0.05,4462.673,0.5,0.05,4462.833,24.200000000000728,25835.0,2026-01-07 16:55:00+00:00,True,2026-01-07 17:25:00+00:00,25841,4460.2699999999995,cross_center,61.215000000001965,0.0,0.0,61.215000000001965,0.874500000000028,-0.6970000000001164,9.820999999999913,-0.0995714285714452,1.4029999999999876,8,2400.0,0.16,6.2864999999999,11.795080175671863,newyork,Wed,16,False
565,XAUUSDm,short,2026-01-08 15:10:00+00:00,26090,4444.75,0.1,4451.75,4434.75,7.0,close_above_upper,0.1303108153923081,0.1,4439.75,0.5,0.0,0.0,0.0,,,False,2026-01-08 15:15:00+00:00,26091,4451.91,sl,-71.59999999999854,0.0,0.0,-71.59999999999854,-1.022857142857122,-4.518000000000029,0.9530000000004293,-0.6454285714285756,0.13614285714291846,1,300.0,0.16,7.7481428571428035,11.589751967035568,overlap,Thu,15,False
566,XAUUSDm,short,2026-01-08 15:20:00+00:00,26092,4447.327,0.1,4454.327,4437.327,7.0,close_above_upper,0.032663291333486395,0.1,4442.327,0.5,0.0,0.0,0.0,,,False,2026-01-08 15:40:00+00:00,26096,4454.487,sl,-71.59999999999854,0.0,0.0,-71.59999999999854,-1.022857142857122,-5.871999999999389,4.007000000000517,-0.8388571428570556,0.5724285714286452,4,1200.0,0.16,7.623714285714284,11.70548000694691,overlap,Thu,15,False
567,XAUUSDm,short,2026-01-08 20:30:00+00:00,26154,4470.056,0.1,4477.056,4460.056,7.0,close_above_upper,0.1470158530106882,0.1,4465.056,0.5,0.0,0.0,0.0,,,False,2026-01-08 20:35:00+00:00,26155,4477.215999999999,sl,-71.59999999999854,0.0,0.0,-71.59999999999854,-1.022857142857122,-7.641000000000531,0.0,-1.0915714285715044,0.0,1,300.0,0.16,3.5246428571429402,11.862795748891692,newyork,Thu,20,False
568,XAUUSDm,short,2026-01-08 20:40:00+00:00,26156,4473.737,0.1,4480.737,4463.737,7.0,close_above_upper,0.09806701448003367,0.1,4468.737,0.5,0.0,0.0,0.0,,,False,2026-01-08 21:35:00+00:00,26167,4474.025,cross_center,-2.8799999999955617,0.0,0.0,-2.8799999999955617,-0.04114285714279374,-5.97400000000016,1.780999999999949,-0.8534285714285943,0.2544285714285642,11,3300.0,0.16,4.111785714285751,11.967885325968547,newyork,Thu,20,False
569,XAUUSDm,short,2026-01-09 02:05:00+00:00,26209,4475.509,0.1,4475.509,4465.509,7.0,close_above_upper,0.010219580006413811,0.05,4470.509,0.5,0.05,4470.669,24.200000000000728,26211.0,2026-01-09 02:15:00+00:00,True,2026-01-09 02:30:00+00:00,26214,4475.669,be_stop,23.400000000001455,0.0,0.0,23.400000000001455,0.33428571428573506,-1.069999999999709,5.484000000000378,-0.15285714285710128,0.7834285714286254,5,1500.0,0.16,5.25764285714292,12.142982387174804,asian,Fri,2,False
570,XAUUSDm,short,2026-01-09 13:35:00+00:00,26347,4486.939,0.1,4486.939,4476.939,7.0,close_above_upper,0.575603657050692,0.05,4481.939,0.5,0.05,4482.099,24.200000000000728,26349.0,2026-01-09 13:45:00+00:00,True,2026-01-09 14:00:00+00:00,26352,4487.099,be_stop,23.400000000001455,0.0,0.0,23.400000000001455,0.33428571428573506,-5.029999999999745,7.981000000000677,-0.7185714285713922,1.1401428571429537,5,1500.0,0.16,6.95164285714275,10.518097602202655,overlap,Fri,13,False
571,XAUUSDm,short,2026-01-09 15:25:00+00:00,26369,4508.747,0.1,4515.747,4498.747,7.0,close_above_upper,0.28168894309963666,0.1,4503.747,0.5,0.0,0.0,0.0,,,False,2026-01-09 15:35:00+00:00,26371,4515.907,sl,-71.59999999999854,0.0,0.0,-71.59999999999854,-1.022857142857122,-3.063000000000102,4.556000000000495,-0.4375714285714431,0.6508571428572135,2,600.0,0.16,8.80771428571435,11.033218263237565,overlap,Fri,15,False
572,XAUUSDm,short,2026-01-09 15:40:00+00:00,26372,4515.635,0.1,4515.635,4505.635,7.0,close_above_upper,0.44423851117298435,0.05,4510.635,0.5,0.05,4510.795,24.200000000000728,26373.0,2026-01-09 15:45:00+00:00,True,2026-01-09 16:05:00+00:00,26377,4505.795,tp,73.40000000000146,0.0,0.0,73.40000000000146,1.0485714285714494,-1.5450000000000728,7.113000000000284,-0.2207142857142961,1.0161428571428976,5,1500.0,0.16,8.867142857142946,11.188935215831366,overlap,Fri,15,False
573,XAUUSDm,long,2026-01-09 17:55:00+00:00,26399,4487.554,0.1,4487.554,4497.554,7.0,close_below_lower,0.40153743131656366,0.05,4492.554,0.5,0.05,4492.554,25.0,26401.0,2026-01-09 18:05:00+00:00,True,2026-01-09 18:30:00+00:00,26406,4497.554,tp,75.0,0.0,0.0,75.0,1.0714285714285714,-5.511000000000422,7.076000000000022,-0.7872857142857745,1.010857142857146,7,2100.0,0.16,5.091642857142882,11.394763817730084,newyork,Fri,17,False
574,XAUUSDm,short,2026-01-11 23:05:00+00:00,26449,4521.377,0.1,4528.377,4511.377,7.0,close_above_upper,0.028548769798888537,0.1,4516.377,0.5,0.0,0.0,0.0,,,False,2026-01-11 23:10:00+00:00,26450,4529.421,sl,-80.43999999999869,0.0,0.0,-80.43999999999869,-1.1491428571428384,-7.954999999999927,0.23500000000058208,-1.1364285714285611,0.03357142857151173,1,300.0,0.16,3.2455000000000576,11.265575339703847,rollover,Sun,23,False
575,XAUUSDm,short,2026-01-11 23:15:00+00:00,26451,4530.098,0.1,4537.098,4520.098,7.0,close_above_upper,0.4134979703030587,0.1,4525.098,0.5,0.0,0.0,0.0,,,False,2026-01-11 23:25:00+00:00,26453,4537.258,sl,-71.59999999999854,0.0,0.0,-71.59999999999854,-1.022857142857122,-5.532000000000153,0.6769999999996799,-0.7902857142857361,0.09671428571423998,2,600.0,0.16,3.925214285714316,11.447309240027508,rollover,Sun,23,False
576,XAUUSDm,short,2026-01-11 23:30:00+00:00,26454,4537.856,0.1,4544.856,4527.856,7.0,close_above_upper,0.4368695439137038,0.1,4532.856,0.5,0.0,0.0,0.0,,,False,2026-01-11 23:40:00+00:00,26456,4545.016,sl,-71.59999999999854,0.0,0.0,-71.59999999999854,-1.022857142857122,-1.3220000000001164,4.567000000000007,-0.1888571428571595,0.6524285714285725,2,600.0,0.16,4.240000000000042,11.742115970350367,rollover,Sun,23,False
577,XAUUSDm,short,2026-01-11 23:45:00+00:00,26457,4542.31,0.1,4542.31,4532.31,7.0,close_above_upper,0.2605048868084278,0.05,4537.31,0.5,0.05,4537.47,24.200000000000728,26460.0,2026-01-12 00:00:00+00:00,True,2026-01-12 00:05:00+00:00,26461,4545.017,be_stop,10.665000000003602,0.0,0.0,10.665000000003602,0.15235714285719432,-3.02599999999984,6.065000000000509,-0.4322857142856914,0.8664285714286442,4,1200.0,0.16,5.293785714285865,11.932221527216818,rollover,Sun,23,False
578,XAUUSDm,short,2026-01-12 00:10:00+00:00,26462,4550.175,0.1,4557.175,4540.175,7.0,close_above_upper,0.10322245520829282,0.1,4545.175,0.5,0.0,0.0,0.0,,,False,2026-01-12 00:15:00+00:00,26463,4557.335,sl,-71.59999999999854,0.0,0.0,-71.59999999999854,-1.022857142857122,-4.255000000000109,1.7520000000004075,-0.6078571428571584,0.2502857142857725,1,300.0,0.16,6.35321428571446,12.183652417904144,asian,Mon,0,False
579,XAUUSDm,short,2026-01-12 00:20:00+00:00,26464,4563.796,0.1,4570.796,4553.796,7.0,close_above_upper,0.7581229855524065,0.1,4558.796,0.5,0.0,0.0,0.0,,,False,2026-01-12 00:30:00+00:00,26466,4570.956,sl,-71.59999999999854,0.0,0.0,-71.59999999999854,-1.022857142857122,-2.188000000000102,6.993000000000393,-0.3125714285714431,0.9990000000000562,2,600.0,0.16,6.166071428571611,12.367811902986235,asian,Mon,0,False
580,XAUUSDm,short,2026-01-12 00:35:00+00:00,26467,4574.462,0.1,4581.462,4564.462,7.0,close_above_upper,0.9033449752959608,0.1,4569.462,0.5,0.0,0.0,0.0,,,False,2026-01-12 00:40:00+00:00,26468,4586.817,sl,-123.54999999999563,0.0,0.0,-123.54999999999563,-1.7649999999999377,-12.518999999999323,1.9440000000004147,-1.7884285714284747,0.277714285714345,1,300.0,0.16,7.223000000000281,12.60735064680767,asian,Mon,0,False
581,XAUUSDm,short,2026-01-12 00:45:00+00:00,26469,4591.341,0.1,4598.341,4581.341,7.0,close_above_upper,1.481475757624733,0.1,4586.341,0.5,0.0,0.0,0.0,,,False,2026-01-12 00:50:00+00:00,26470,4598.501,sl,-71.59999999999854,0.0,0.0,-71.59999999999854,-1.022857142857122,-6.268000000000029,3.0510000000003856,-0.8954285714285756,0.43585714285719795,1,300.0,0.16,8.359785714285929,12.933266948987121,asian,Mon,0,False
582,XAUUSDm,short,2026-01-12 00:55:00+00:00,26471,4599.004,0.1,4599.004,4589.004,7.0,close_above_upper,1.2977139335748773,0.05,4594.004,0.5,0.05,4589.147,49.284999999999854,26472.0,2026-01-12 01:00:00+00:00,True,2026-01-12 01:00:00+00:00,26472,4589.147,tp,98.56999999999971,0.0,0.0,98.56999999999971,1.408142857142853,-2.2160000000003492,10.509000000000015,-0.31657142857147846,1.5012857142857163,1,300.0,0.16,8.551214285714455,13.228650807671555,asian,Mon,0,False
583,XAUUSDm,short,2026-01-12 13:10:00+00:00,26618,4601.265,0.1,4608.265,4591.265,7.0,close_above_upper,0.026297194999631072,0.1,4596.265,0.5,0.0,0.0,0.0,,,False,2026-01-12 13:15:00+00:00,26619,4608.425,sl,-71.59999999999854,0.0,0.0,-71.59999999999854,-1.022857142857122,-8.100999999999658,0.03600000000005821,-1.1572857142856654,0.005142857142865458,1,300.0,0.16,4.037000000000002,12.770080967654392,overlap,Mon,13,False
584,XAUUSDm,short,2026-01-12 13:20:00+00:00,26620,4608.668,0.1,4615.668,4598.668,7.0,close_above_upper,0.26141783055379036,0.1,4603.668,0.5,0.0,0.0,0.0,,,False,2026-01-12 13:50:00+00:00,26626,4615.8279999999995,sl,-71.59999999999854,0.0,0.0,-71.59999999999854,-1.022857142857122,-6.532000000000153,4.253999999999905,-0.9331428571428789,0.6077142857142722,6,1800.0,0.16,4.238785714285639,12.954782965636134,overlap,Mon,13,False
585,XAUUSDm,short,2026-01-12 13:55:00+00:00,26627,4619.434,0.1,4619.434,4609.434,7.0,close_above_upper,0.0664358472396308,0.05,4614.434,0.5,0.05,4614.594,24.200000000000728,26628.0,2026-01-12 14:00:00+00:00,True,2026-01-12 14:00:00+00:00,26628,4609.594,tp,73.40000000000146,0.0,0.0,73.40000000000146,1.0485714285714494,-0.9690000000000509,3.757999999999811,-0.1384285714285787,0.5368571428571158,1,300.0,0.16,5.516214285714276,13.313281273875724,overlap,Mon,13,False
586,XAUUSDm,long,2026-01-12 14:30:00+00:00,26634,4586.684,0.1,4586.684,4596.684,7.0,close_below_lower,0.18795245399407418,0.05,4591.684,0.5,0.05,4598.055,56.85500000000047,26635.0,2026-01-12 14:35:00+00:00,True,2026-01-12 14:35:00+00:00,26635,4598.055,tp,113.71000000000095,0.0,0.0,113.71000000000095,1.6244285714285849,-1.5709999999999127,14.440999999999804,-0.22442857142855896,2.0629999999999717,1,300.0,0.16,7.4827857142857805,13.51110156983486,overlap,Mon,14,False
587,XAUUSDm,short,2026-01-13 13:35:00+00:00,26899,4613.372,0.1,4620.372,4603.372,7.0,close_above_upper,0.21134963667169276,0.1,4608.372,0.5,0.0,0.0,0.0,,,False,2026-01-13 13:45:00+00:00,26901,4620.532,sl,-71.59999999999854,0.0,0.0,-71.59999999999854,-1.022857142857122,-6.972999999999956,3.8190000000004147,-0.9961428571428509,0.5455714285714878,2,600.0,0.16,5.541571428571517,13.830116567252361,overlap,Tue,13,False
588,XAUUSDm,short,2026-01-13 13:50:00+00:00,26902,4617.656,0.1,4617.656,4607.656,7.0,close_above_upper,0.0190819318885872,0.05,4612.656,0.5,0.05,4612.816,24.200000000000728,26903.0,2026-01-13 13:55:00+00:00,True,2026-01-13 13:55:00+00:00,26903,4607.816,tp,73.40000000000146,0.0,0.0,73.40000000000146,1.0485714285714494,-1.4020000000000437,5.17699999999968,-0.20028571428572053,0.7395714285713828,1,300.0,0.16,6.314714285714347,13.868604582297838,overlap,Tue,13,False
589,XAUUSDm,short,2026-01-13 14:50:00+00:00,26914,4633.682,0.1,4633.682,4623.682,7.0,close_above_upper,0.11656484062200045,0.05,4628.682,0.5,0.05,4624.442,46.19999999999891,26915.0,2026-01-13 14:55:00+00:00,True,2026-01-13 14:55:00+00:00,26915,4623.842,tp,95.39999999999964,0.0,0.0,95.39999999999964,1.3628571428571377,-1.0579999999999927,10.828999999999724,-0.1511428571428561,1.5469999999999604,1,300.0,0.16,7.119357142857033,14.087754780566637,overlap,Tue,14,False
590,XAUUSDm,long,2026-01-13 15:25:00+00:00,26921,4604.272,0.1,4604.272,4614.272,7.0,close_below_lower,0.013970332228852382,0.05,4609.272,0.5,0.05,4609.272,25.0,26922.0,2026-01-13 15:30:00+00:00,True,2026-01-13 15:40:00+00:00,26924,4614.272,tp,75.0,0.0,0.0,75.0,1.0714285714285714,-1.0630000000001019,9.666000000000167,-0.1518571428571574,1.3808571428571668,3,900.0,0.16,9.676428571428525,14.290398967947294,overlap,Tue,15,False
591,XAUUSDm,long,2026-01-13 18:00:00+00:00,26952,4590.612,0.1,4583.612,4600.612,7.0,close_below_lower,0.10837347797067247,0.1,4595.612,0.5,0.0,0.0,0.0,,,False,2026-01-13 18:20:00+00:00,26956,4583.612,sl,-70.0,0.0,0.0,-70.0,-1.0,-6.664999999999964,4.501000000000204,-0.952142857142852,0.6430000000000291,4,1200.0,0.16,5.4034285714286465,14.231915138738302,newyork,Tue,18,False
592,XAUUSDm,long,2026-01-13 20:35:00+00:00,26983,4572.446,0.1,4572.446,4582.446,7.0,close_below_lower,0.5355410837563123,0.05,4577.446,0.5,0.05,4577.446,25.0,26984.0,2026-01-13 20:40:00+00:00,True,2026-01-13 20:40:00+00:00,26984,4582.446,tp,75.0,0.0,0.0,75.0,1.0714285714285714,-3.2119999999995343,7.11200000000008,-0.45885714285707635,1.0160000000000113,1,300.0,0.16,5.530857142857258,12.589299795955155,newyork,Tue,20,False
593,XAUUSDm,long,2026-01-14 06:00:00+00:00,27084,4619.9259999999995,0.1,4619.9259999999995,4629.926,7.0,close_below_lower,0.08520558303234073,0.05,4624.926,0.5,0.05,4626.7,33.87000000000171,27085.0,2026-01-14 06:05:00+00:00,True,2026-01-14 06:10:00+00:00,27086,4629.926,tp,83.87000000000626,0.0,0.0,83.87000000000626,1.1981428571429464,-1.4369999999998981,9.213000000000648,-0.20528571428569972,1.3161428571429497,2,600.0,0.16,5.330214285714321,12.459378225921938,asian,Wed,6,False
594,XAUUSDm,long,2026-01-14 14:40:00+00:00,27188,4618.727,0.1,4611.727,4628.727,7.0,close_below_lower,0.27462594179772454,0.1,4623.727,0.5,0.0,0.0,0.0,,,False,2026-01-14 14:45:00+00:00,27189,4611.727,sl,-70.0,0.0,0.0,-70.0,-1.0,-4.795000000000073,5.212000000000444,-0.6850000000000104,0.7445714285714919,1,300.0,0.16,6.18350000000003,11.005629166239688,overlap,Wed,14,False
595,XAUUSDm,long,2026-01-14 14:50:00+00:00,27190,4607.991,0.1,4607.991,4617.991,7.0,close_below_lower,0.8740161831832433,0.05,4612.991,0.5,0.05,4615.363,36.86000000000149,27191.0,2026-01-14 14:55:00+00:00,True,2026-01-14 14:55:00+00:00,27191,4617.991,tp,86.86000000000149,0.0,0.0,86.86000000000149,1.2408571428571642,-1.3040000000000873,9.555999999999585,-0.18628571428572677,1.365142857142798,1,300.0,0.16,6.6160714285715585,11.186896266691402,overlap,Wed,14,False
596,XAUUSDm,long,2026-01-14 15:05:00+00:00,27193,4605.715999999999,0.1,4605.715999999999,4615.716,7.0,close_below_lower,0.5688747111141947,0.05,4610.716,0.5,0.05,4610.716,25.000000000004547,27194.0,2026-01-14 15:10:00+00:00,True,2026-01-14 15:10:00+00:00,27194,4615.716,tp,75.0000000000091,0.0,0.0,75.0000000000091,1.0714285714287013,-6.394999999999527,5.33600000000024,-0.913571428571361,0.7622857142857485,1,300.0,0.16,7.721785714285878,11.335735775429873,overlap,Wed,15,False
597,XAUUSDm,short,2026-01-14 18:20:00+00:00,27232,4627.048,0.1,4634.048,4617.048,7.0,close_above_upper,0.011219293972491896,0.1,4622.048,0.5,0.0,0.0,0.0,,,False,2026-01-14 18:45:00+00:00,27237,4634.208,sl,-71.59999999999854,0.0,0.0,-71.59999999999854,-1.022857142857122,-6.412000000000262,2.3369999999995343,-0.9160000000000375,0.33385714285707635,5,1500.0,0.16,5.745071428571269,11.184360655428328,newyork,Wed,18,False
598,XAUUSDm,long,2026-01-15 01:25:00+00:00,27305,4598.099,0.1,4591.099,4608.099,7.0,close_below_lower,0.11377935157258447,0.1,4603.099,0.5,0.0,0.0,0.0,,,False,2026-01-15 01:30:00+00:00,27306,4591.099,sl,-70.0,0.0,0.0,-70.0,-1.0,-1.0760000000000218,5.347999999999956,-0.15371428571428883,0.7639999999999938,1,300.0,0.16,5.342500000000135,12.030807236382266,asian,Thu,1,False
599,XAUUSDm,long,2026-01-15 01:35:00+00:00,27307,4591.815,0.1,4591.815,4601.815,7.0,close_below_lower,0.33477980815813235,0.05,4596.815,0.5,0.05,4596.815,25.0,27308.0,2026-01-15 01:40:00+00:00,True,2026-01-15 01:40:00+00:00,27308,4601.815,tp,75.0,0.0,0.0,75.0,1.0714285714285714,-1.2339999999994689,7.153000000000247,-0.1762857142856384,1.021857142857178,1,300.0,0.16,6.52485714285727,12.162543674766717,asian,Thu,1,False
600,XAUUSDm,long,2026-01-15 03:25:00+00:00,27329,4587.5,0.1,4587.5,4597.5,7.0,close_below_lower,0.014815222960291953,0.05,4592.5,0.5,0.05,4592.5,25.0,27331.0,2026-01-15 03:35:00+00:00,True,2026-01-15 03:40:00+00:00,27332,4597.5,tp,75.0,0.0,0.0,75.0,1.0714285714285714,-6.430999999999585,9.810999999999694,-0.9187142857142264,1.401571428571385,3,900.0,0.16,6.4059285714285705,12.370263402276514,asian,Thu,3,False
601,XAUUSDm,short,2026-01-15 06:20:00+00:00,27364,4608.84,0.1,4608.84,4598.84,7.0,close_above_upper,0.03714136908286194,0.05,4603.84,0.5,0.05,4604.0,24.200000000000728,27366.0,2026-01-15 06:30:00+00:00,True,2026-01-15 06:45:00+00:00,27369,4609.0,be_stop,23.400000000001455,0.0,0.0,23.400000000001455,0.33428571428573506,-1.231999999999971,8.34900000000016,-0.17599999999999585,1.1927142857143085,5,1500.0,0.16,6.238428571428552,12.461521798118616,asian,Thu,6,False
602,XAUUSDm,long,2026-01-15 13:35:00+00:00,27451,4595.144,0.1,4588.144,4605.144,7.0,close_below_lower,0.2839003114404118,0.1,4600.144,0.5,0.0,0.0,0.0,,,False,2026-01-15 13:45:00+00:00,27453,4588.144,sl,-70.0,0.0,0.0,-70.0,-1.0,-6.8400000000001455,1.850999999999658,-0.977142857142878,0.26442857142852255,2,600.0,0.16,4.8605714285713475,11.691275207925045,overlap,Thu,13,False
603,XAUUSDm,long,2026-01-15 13:50:00+00:00,27454,4588.1849999999995,0.1,4588.1849999999995,4598.185,7.0,close_below_lower,0.3422669055265139,0.05,4593.185,0.5,0.05,4593.185,25.000000000004547,27456.0,2026-01-15 14:00:00+00:00,True,2026-01-15 14:10:00+00:00,27458,4598.185,tp,75.0000000000091,0.0,0.0,75.0000000000091,1.0714285714287013,-4.934999999999491,8.446000000000822,-0.7049999999999272,1.206571428571546,4,1200.0,0.16,5.987071428571263,11.71759285011522,overlap,Thu,13,False
604,XAUUSDm,long,2026-01-16 13:20:00+00:00,27724,4587.702,0.1,4587.702,4597.702,7.0,close_below_lower,0.21193385340470575,0.05,4592.702,0.5,0.05,4592.702,25.0,27725.0,2026-01-16 13:25:00+00:00,True,2026-01-16 13:30:00+00:00,27726,4587.103,be_stop,22.0049999999992,0.0,0.0,22.0049999999992,0.3143571428571314,-5.097000000000662,5.860999999999876,-0.7281428571429517,0.8372857142856966,2,600.0,0.16,5.105928571428584,11.419853062173864,overlap,Fri,13,False
605,XAUUSDm,long,2026-01-16 15:25:00+00:00,27749,4588.939,0.1,4581.939,4598.939,7.0,close_below_lower,0.6166619995064515,0.1,4593.939,0.5,0.0,0.0,0.0,,,False,2026-01-16 15:30:00+00:00,27750,4564.953,sl,-239.85999999999876,0.0,0.0,-239.85999999999876,-3.426571428571411,-24.302999999999884,4.007999999999811,-3.471857142857126,0.5725714285714015,1,300.0,0.16,8.203499999999947,11.356083746866231,overlap,Fri,15,False
606,XAUUSDm,long,2026-01-16 15:35:00+00:00,27751,4544.625,0.1,4544.625,4554.625,7.0,close_below_lower,3.4489077079192123,0.05,4549.625,0.5,0.05,4549.625,25.0,27752.0,2026-01-16 15:40:00+00:00,True,2026-01-16 15:40:00+00:00,27752,4554.625,tp,75.0,0.0,0.0,75.0,1.0714285714285714,-6.28899999999976,10.985999999999876,-0.8984285714285372,1.5694285714285539,1,300.0,0.16,11.973142857142777,11.869781098644848,overlap,Fri,15,False
607,XAUUSDm,long,2026-01-16 15:45:00+00:00,27753,4555.702,0.1,4555.702,4565.702,7.0,close_below_lower,1.5789097982576419,0.05,4560.702,0.5,0.05,4570.685,74.91500000000087,27754.0,2026-01-16 15:50:00+00:00,True,2026-01-16 15:50:00+00:00,27754,4570.685,tp,149.83000000000175,0.0,0.0,149.83000000000175,2.1404285714285964,-0.15999999999985448,16.62199999999939,-0.022857142857122068,2.374571428571341,1,300.0,0.16,12.819142857142717,12.280055809306667,overlap,Fri,15,False
608,XAUUSDm,short,2026-01-16 16:15:00+00:00,27759,4593.066,0.1,4593.066,4583.066,7.0,close_above_upper,0.14602198990326826,0.05,4588.066,0.5,0.05,4588.226,24.200000000000728,27760.0,2026-01-16 16:20:00+00:00,True,2026-01-16 16:25:00+00:00,27761,4593.226,be_stop,23.400000000001455,0.0,0.0,23.400000000001455,0.33428571428573506,-2.3630000000002838,8.648000000000138,-0.3375714285714691,1.235428571428591,2,600.0,0.16,15.044428571428464,12.554806840439404,newyork,Fri,16,False
609,XAUUSDm,short,2026-01-18 23:10:00+00:00,27829,4654.901,0.1,4661.901,4644.901,7.0,close_above_upper,3.5555224475638205,0.1,4649.901,0.5,0.0,0.0,0.0,,,False,2026-01-18 23:15:00+00:00,27830,4662.061,sl,-71.59999999999854,0.0,0.0,-71.59999999999854,-1.022857142857122,-3.9890000000004875,1.0770000000002256,-0.5698571428572125,0.15385714285717508,1,300.0,0.16,7.6172142857141285,12.402976938806397,rollover,Sun,23,False
610,XAUUSDm,short,2026-01-18 23:20:00+00:00,27831,4663.236,0.1,4670.236,4653.236,7.0,close_above_upper,3.0384375671537223,0.1,4658.236,0.5,0.0,0.0,0.0,,,False,2026-01-18 23:25:00+00:00,27832,4673.026,sl,-97.89999999999964,0.0,0.0,-97.89999999999964,-1.3985714285714235,-12.480999999999767,2.3630000000002838,-1.7829999999999668,0.3375714285714691,1,300.0,0.16,8.339357142857093,12.899510199330798,rollover,Sun,23,False
611,XAUUSDm,short,2026-01-18 23:30:00+00:00,27833,4678.639,0.1,4678.639,4668.639,7.0,close_above_upper,2.892699577408864,0.05,4673.639,0.5,0.05,4673.799,24.200000000000728,27834.0,2026-01-18 23:35:00+00:00,True,2026-01-18 23:40:00+00:00,27835,4668.799,tp,73.40000000000146,0.0,0.0,73.40000000000146,1.0485714285714494,-12.101999999999862,5.904000000000451,-1.728857142857123,0.8434285714286359,2,600.0,0.16,9.945642857142827,13.534954454257903,rollover,Sun,23,False
612,XAUUSDm,short,2026-01-18 23:45:00+00:00,27836,4671.681,0.1,4671.681,4661.681,7.0,close_above_upper,0.9407529473333304,0.05,4666.681,0.5,0.05,4666.244,27.18499999999949,27837.0,2026-01-18 23:50:00+00:00,True,2026-01-18 23:55:00+00:00,27838,4672.437,be_stop,23.404999999997926,0.0,0.0,23.404999999997926,0.3343571428571132,-3.292000000000371,8.060999999999694,-0.4702857142857673,1.151571428571385,2,600.0,0.16,10.911714285714295,14.140173824942917,rollover,Sun,23,False
613,XAUUSDm,short,2026-01-19 00:00:00+00:00,27839,4672.63,0.1,4672.63,4662.63,7.0,close_above_upper,0.12071287497379962,0.05,4667.63,0.5,0.05,4667.79,24.200000000000728,27840.0,2026-01-19 00:05:00+00:00,True,2026-01-19 00:15:00+00:00,27842,4662.79,tp,73.40000000000146,0.0,0.0,73.40000000000146,1.0485714285714494,-3.543999999999869,7.497000000000298,-0.5062857142856956,1.0710000000000426,3,900.0,0.16,12.298857142857221,14.396038146353408,asian,Mon,0,False
614,XAUUSDm,short,2026-01-20 14:05:00+00:00,28254,4741.219,0.1,4741.219,4731.219,7.0,close_above_upper,0.05904972700803985,0.05,4736.219,0.5,0.05,4736.379,24.200000000000728,28255.0,2026-01-20 14:10:00+00:00,True,2026-01-20 14:15:00+00:00,28256,4741.379,be_stop,23.400000000001455,0.0,0.0,23.400000000001455,0.33428571428573506,-2.1989999999996144,8.896999999999935,-0.31414285714280205,1.2709999999999906,2,600.0,0.16,6.848142857142648,12.072671824827108,overlap,Tue,14,False
615,XAUUSDm,short,2026-01-20 14:20:00+00:00,28257,4744.945,0.1,4744.945,4734.945,7.0,close_above_upper,0.02504467530565333,0.05,4739.945,0.5,0.05,4740.105,24.200000000000728,28259.0,2026-01-20 14:30:00+00:00,True,2026-01-20 14:30:00+00:00,28259,4735.105,tp,73.40000000000146,0.0,0.0,73.40000000000146,1.0485714285714494,-5.882000000000517,4.076999999999316,-0.8402857142857881,0.5824285714284737,2,600.0,0.16,7.6326428571426606,12.133792628860853,overlap,Tue,14,False
616,XAUUSDm,long,2026-01-20 15:30:00+00:00,28271,4724.022,0.1,4724.022,4734.022,7.0,close_below_lower,0.19014247143715748,0.05,4729.022,0.5,0.05,4733.401,46.89499999999953,28272.0,2026-01-20 15:35:00+00:00,True,2026-01-20 15:40:00+00:00,28273,4734.022,tp,96.89499999999953,0.0,0.0,96.89499999999953,1.384214285714279,-1.699999999999818,11.350000000000364,-0.24285714285711688,1.6214285714286234,2,600.0,0.16,9.034714285714276,12.036644331073814,overlap,Tue,15,False
617,XAUUSDm,short,2026-01-20 23:45:00+00:00,28358,4773.715,0.1,4780.715,4763.715,7.0,close_above_upper,0.2437498133707983,0.1,4768.715,0.5,0.0,0.0,0.0,,,False,2026-01-21 00:30:00+00:00,28367,4780.875,sl,-71.59999999999854,0.0,0.0,-71.59999999999854,-1.022857142857122,-7.367999999999483,2.9760000000005675,-1.0525714285713548,0.4251428571429382,9,2700.0,0.16,3.3099999999999454,9.500899590399923,rollover,Tue,23,False
618,XAUUSDm,short,2026-01-21 01:05:00+00:00,28374,4792.765,0.1,4799.765,4782.765,7.0,close_above_upper,0.1377651547437327,0.1,4787.765,0.5,0.0,0.0,0.0,,,False,2026-01-21 01:10:00+00:00,28375,4799.925,sl,-71.59999999999854,0.0,0.0,-71.59999999999854,-1.022857142857122,-7.188000000000102,0.7680000000000291,-1.0268571428571573,0.10971428571428987,1,300.0,0.16,4.440142857142746,9.987991624403127,asian,Wed,1,False
619,XAUUSDm,short,2026-01-21 01:15:00+00:00,28376,4807.688,0.1,4814.688,4797.688,7.0,close_above_upper,1.1505247882872114,0.1,4802.688,0.5,0.0,0.0,0.0,,,False,2026-01-21 01:20:00+00:00,28377,4814.848,sl,-71.59999999999854,0.0,0.0,-71.59999999999854,-1.022857142857122,-6.096999999999753,2.606999999999971,-0.8709999999999647,0.3724285714285673,1,300.0,0.16,5.481714285714198,10.157138498893358,asian,Wed,1,False
620,XAUUSDm,short,2026-01-21 01:25:00+00:00,28378,4816.965,0.1,4823.965,4806.965,7.0,close_above_upper,1.3619640625794385,0.1,4811.965,0.5,0.0,0.0,0.0,,,False,2026-01-21 01:30:00+00:00,28379,4827.723,sl,-107.57999999999811,0.0,0.0,-107.57999999999811,-1.5368571428571158,-10.639000000000124,2.3289999999997235,-1.5198571428571606,0.3327142857142462,1,300.0,0.16,6.205285714285635,10.370554315036992,asian,Wed,1,False
621,XAUUSDm,short,2026-01-21 01:35:00+00:00,28380,4816.788,0.1,4823.788,4806.788,7.0,close_above_upper,0.6207365665977407,0.1,4811.788,0.5,0.0,0.0,0.0,,,False,2026-01-21 01:45:00+00:00,28382,4823.947999999999,sl,-71.59999999999854,0.0,0.0,-71.59999999999854,-1.022857142857122,-8.950000000000728,1.6519999999991342,-1.2785714285715326,0.2359999999998763,2,600.0,0.16,8.313357142857058,10.622208690522505,asian,Wed,1,False
622,XAUUSDm,short,2026-01-21 01:50:00+00:00,28383,4826.933,0.1,4833.933,4816.933,7.0,close_above_upper,0.7225204870829297,0.1,4821.933,0.5,0.0,0.0,0.0,,,False,2026-01-21 01:55:00+00:00,28384,4844.130999999999,sl,-171.9799999999941,0.0,0.0,-171.9799999999941,-2.4568571428570585,-17.100000000000364,0.8350000000000364,-2.442857142857195,0.11928571428571948,1,300.0,0.16,8.793071428571434,10.902087841750483,asian,Wed,1,False
623,XAUUSDm,short,2026-01-21 02:00:00+00:00,28385,4835.341,0.1,4835.341,4825.341,7.0,close_above_upper,0.7383273938745367,0.05,4830.341,0.5,0.05,4830.501,24.200000000000728,28386.0,2026-01-21 02:05:00+00:00,True,2026-01-21 02:10:00+00:00,28387,4825.501,tp,73.40000000000146,0.0,0.0,73.40000000000146,1.0485714285714494,-6.889999999999418,5.755000000000109,-0.9842857142856312,0.8221428571428727,2,600.0,0.16,10.39335714285718,11.18375636262684,asian,Wed,2,False
624,XAUUSDm,short,2026-01-21 03:05:00+00:00,28398,4844.0,0.1,4844.0,4834.0,7.0,close_above_upper,0.10973620453990646,0.05,4839.0,0.5,0.05,4839.16,24.200000000000728,28399.0,2026-01-21 03:10:00+00:00,True,2026-01-21 03:10:00+00:00,28399,4834.16,tp,73.40000000000146,0.0,0.0,73.40000000000146,1.0485714285714494,-2.225000000000364,2.231999999999971,-0.31785714285719485,0.3188571428571387,1,300.0,0.16,8.27064285714297,11.556145945058494,asian,Wed,3,False
625,XAUUSDm,short,2026-01-21 04:40:00+00:00,28417,4859.497,0.1,4866.497,4849.497,7.0,close_above_upper,0.06976792061166619,0.1,4854.497,0.5,0.0,0.0,0.0,,,False,2026-01-21 04:50:00+00:00,28419,4866.657,sl,-71.59999999999854,0.0,0.0,-71.59999999999854,-1.022857142857122,-6.528999999999542,0.2070000000003347,-0.9327142857142202,0.029571428571476384,2,600.0,0.16,5.33849999999997,11.91976677690728,asian,Wed,4,False
626,XAUUSDm,short,2026-01-21 04:55:00+00:00,28420,4866.002,0.1,4866.002,4856.002,7.0,close_above_upper,0.08703271841281038,0.05,4861.002,0.5,0.05,4861.162,24.200000000000728,28421.0,2026-01-21 05:00:00+00:00,True,2026-01-21 05:10:00+00:00,28423,4866.162,be_stop,23.400000000001455,0.0,0.0,23.400000000001455,0.33428571428573506,-5.032999999999447,7.149000000000342,-0.718999999999921,1.0212857142857632,3,900.0,0.16,5.0803571428570775,12.107381219757652,asian,Wed,4,False
627,XAUUSDm,short,2026-01-21 05:20:00+00:00,28425,4873.499,0.1,4873.499,4863.499,7.0,close_above_upper,0.06577353922430261,0.05,4868.499,0.5,0.05,4868.659,24.200000000000728,28426.0,2026-01-21 05:25:00+00:00,True,2026-01-21 05:30:00+00:00,28427,4873.659,be_stop,23.400000000001455,0.0,0.0,23.400000000001455,0.33428571428573506,-0.7030000000004293,9.872999999999593,-0.10042857142863275,1.4104285714285132,2,600.0,0.16,5.847785714285692,12.249732629728364,asian,Wed,5,False
628,XAUUSDm,long,2026-01-21 07:00:00+00:00,28445,4847.7429999999995,0.1,4840.743,4857.743,7.0,close_below_lower,0.6443268859704699,0.1,4852.743,0.5,0.0,0.0,0.0,,,False,2026-01-21 07:05:00+00:00,28446,4840.743,sl,-69.9999999999909,0.0,0.0,-69.9999999999909,-0.9999999999998701,-11.226999999999862,1.5140000000001237,-1.603857142857123,0.21628571428573196,1,300.0,0.16,8.018999999999844,12.71131186539927,london,Wed,7,False
629,XAUUSDm,long,2026-01-21 07:10:00+00:00,28447,4839.836,0.1,4832.836,4849.836,7.0,close_below_lower,0.773090799965904,0.1,4844.836,0.5,0.0,0.0,0.0,,,False,2026-01-21 07:20:00+00:00,28449,4832.836,sl,-70.0,0.0,0.0,-70.0,-1.0,-6.382000000000517,2.356999999999971,-0.9117142857143595,0.3367142857142816,2,600.0,0.16,8.843571428571263,12.948332920343606,london,Wed,7,False
630,XAUUSDm,long,2026-01-21 14:05:00+00:00,28530,4852.778,0.1,4845.778,4862.778,7.0,close_below_lower,0.20978726404020967,0.1,4857.778,0.5,0.0,0.0,0.0,,,False,2026-01-21 14:10:00+00:00,28531,4845.778,sl,-70.0,0.0,0.0,-70.0,-1.0,-11.177999999999884,12.835000000000036,-1.5968571428571263,1.8335714285714337,1,300.0,0.16,7.630928571428415,14.180113646977839,overlap,Wed,14,False
631,XAUUSDm,long,2026-01-21 14:15:00+00:00,28532,4844.892,0.1,4844.892,4854.892,7.0,close_below_lower,0.5678841154465281,0.05,4849.892,0.5,0.05,4849.892,25.0,28533.0,2026-01-21 14:20:00+00:00,True,2026-01-21 14:20:00+00:00,28533,4854.892,tp,75.0,0.0,0.0,75.0,1.0714285714285714,-2.6809999999995853,9.873000000000502,-0.3829999999999408,1.410428571428643,1,300.0,0.16,10.603714285714107,14.295408326799084,overlap,Wed,14,False
632,XAUUSDm,long,2026-01-21 15:20:00+00:00,28545,4831.565,0.1,4824.565,4841.565,7.0,close_below_lower,0.7125884984097955,0.1,4836.565,0.5,0.0,0.0,0.0,,,False,2026-01-21 15:25:00+00:00,28546,4817.61,sl,-139.54999999999927,0.0,0.0,-139.54999999999927,-1.9935714285714181,-18.860999999999876,1.3150000000005093,-2.6944285714285536,0.1878571428572156,1,300.0,0.16,15.707071428571453,14.804832035049216,overlap,Wed,15,False
633,XAUUSDm,long,2026-01-21 15:30:00+00:00,28547,4831.296,0.1,4831.296,4841.296,7.0,close_below_lower,0.24941947606745493,0.05,4836.296,0.5,0.05,4839.774,42.39000000000033,28548.0,2026-01-21 15:35:00+00:00,True,2026-01-21 15:35:00+00:00,28548,4841.296,tp,92.39000000000033,0.0,0.0,92.39000000000033,1.3198571428571475,-2.219000000000051,9.045000000000073,-0.3170000000000073,1.2921428571428675,1,300.0,0.16,15.318642857142938,15.113178950889363,overlap,Wed,15,False
634,XAUUSDm,long,2026-01-21 17:35:00+00:00,28572,4807.266,0.1,4807.266,4817.266,7.0,close_below_lower,0.2593686049345749,0.05,4812.266,0.5,0.05,4815.564,41.49000000000342,28573.0,2026-01-21 17:40:00+00:00,True,2026-01-21 17:40:00+00:00,28573,4817.266,tp,91.49000000000342,0.0,0.0,91.49000000000342,1.3070000000000488,-0.6239999999997963,9.601000000000568,-0.08914285714282803,1.3715714285715097,1,300.0,0.16,10.736285714285714,15.95317093728601,newyork,Wed,17,False
635,XAUUSDm,short,2026-01-21 19:00:00+00:00,28589,4850.041,0.1,4850.041,4840.041,7.0,close_above_upper,0.023095144187934527,0.05,4845.041,0.5,0.05,4845.201,24.200000000000728,28590.0,2026-01-21 19:05:00+00:00,True,2026-01-21 19:10:00+00:00,28591,4850.201,be_stop,23.400000000001455,0.0,0.0,23.400000000001455,0.33428571428573506,-0.725999999999658,6.904000000000451,-0.10371428571423687,0.9862857142857787,2,600.0,0.16,7.143071428571667,16.485040407187157,newyork,Wed,19,False
636,XAUUSDm,long,2026-01-21 19:30:00+00:00,28595,4816.115,0.1,4809.115,4826.115,7.0,close_below_lower,0.44049955811180974,0.1,4821.115,0.5,0.0,0.0,0.0,,,False,2026-01-21 19:35:00+00:00,28596,4805.761,sl,-103.5399999999936,0.0,0.0,-103.5399999999936,-1.4791428571427656,-15.41399999999976,5.222999999999956,-2.2019999999999658,0.7461428571428509,1,300.0,0.16,9.332857142857263,16.850070629236694,newyork,Wed,19,False
637,XAUUSDm,long,2026-01-21 19:40:00+00:00,28597,4773.848,0.1,4766.848,4783.848,7.0,close_below_lower,2.3079585969714262,0.1,4778.848,0.5,0.0,0.0,0.0,,,False,2026-01-21 19:45:00+00:00,28598,4765.818,sl,-80.29999999999745,0.0,0.0,-80.29999999999745,-1.1471428571428208,-8.212999999999738,6.733000000000175,-1.173285714285677,0.9618571428571678,1,300.0,0.16,11.76621428571434,17.355137512766085,newyork,Wed,19,False
638,XAUUSDm,long,2026-01-21 19:50:00+00:00,28599,4776.527,0.1,4769.527,4786.527,7.0,close_below_lower,1.3522603557526118,0.1,4781.527,0.5,0.0,0.0,0.0,,,False,2026-01-21 19:55:00+00:00,28600,4769.527,sl,-70.0,0.0,0.0,-70.0,-1.0,-20.67699999999968,1.5850000000000364,-2.953857142857097,0.2264285714285766,1,300.0,0.16,13.295428571428536,17.891388922426806,newyork,Wed,19,False
639,XAUUSDm,long,2026-01-21 20:00:00+00:00,28601,4781.365,0.1,4774.365,4791.365,7.0,close_below_lower,0.4507350239065462,0.1,4786.365,0.5,0.0,0.0,0.0,,,False,2026-01-21 20:05:00+00:00,28602,4774.365,sl,-70.0,0.0,0.0,-70.0,-1.0,-6.152999999999338,6.163000000000466,-0.8789999999999054,0.880428571428638,1,300.0,0.16,15.033357142857117,18.25311160156534,newyork,Wed,20,False
640,XAUUSDm,long,2026-01-21 20:10:00+00:00,28603,4779.224,0.1,4779.224,4789.224,7.0,close_below_lower,0.06726510792462707,0.05,4784.224,0.5,0.05,4787.236,40.05999999999858,28604.0,2026-01-21 20:15:00+00:00,True,2026-01-21 20:15:00+00:00,28604,4789.224,tp,90.05999999999858,0.0,0.0,90.05999999999858,1.2865714285714083,-3.7539999999999054,8.231999999999971,-0.5362857142857008,1.175999999999996,1,300.0,0.16,15.880428571428508,18.493842541107373,newyork,Wed,20,False
641,XAUUSDm,short,2026-01-21 20:45:00+00:00,28610,4820.27,0.1,4827.27,4810.27,7.0,close_above_upper,0.2932710893511872,0.1,4815.27,0.5,0.0,0.0,0.0,,,False,2026-01-21 20:50:00+00:00,28611,4827.43,sl,-71.59999999999854,0.0,0.0,-71.59999999999854,-1.022857142857122,-1.3309999999992215,3.9580000000005384,-0.19014285714274592,0.5654285714286483,1,300.0,0.16,15.315928571428556,18.73412611375434,newyork,Wed,20,False
642,XAUUSDm,short,2026-01-21 20:55:00+00:00,28612,4823.946,0.1,4823.946,4813.946,7.0,close_above_upper,0.20518801967127837,0.05,4818.946,0.5,0.05,4819.106,24.200000000000728,28613.0,2026-01-21 21:00:00+00:00,True,2026-01-21 21:05:00+00:00,28614,4814.106,tp,73.40000000000146,0.0,0.0,73.40000000000146,1.0485714285714494,-3.88799999999992,6.71100000000024,-0.55542857142856,0.95871428571432,2,600.0,0.16,12.9105714285714,18.952081861737195,newyork,Wed,20,False
643,XAUUSDm,short,2026-01-21 21:25:00+00:00,28618,4836.35,0.1,4836.35,4826.35,7.0,close_above_upper,0.016253774531743592,0.05,4831.35,0.5,0.05,4831.51,24.200000000000728,28623.0,2026-01-21 21:50:00+00:00,True,2026-01-21 23:00:00+00:00,28625,4831.1849999999995,cross_center,50.02500000000509,0.0,0.0,50.02500000000509,0.7146428571429299,-3.4619999999995343,8.27600000000075,-0.49457142857136205,1.1822857142858214,7,5700.0,0.16,9.362499999999923,19.4332629511135,rollover,Wed,21,False
644,XAUUSDm,long,2026-01-21 23:10:00+00:00,28627,4803.4,0.1,4803.4,4813.4,7.0,close_below_lower,0.15004097807538447,0.05,4808.4,0.5,0.05,4815.072,58.3600000000024,28628.0,2026-01-21 23:15:00+00:00,True,2026-01-21 23:15:00+00:00,28628,4815.072,tp,116.7200000000048,0.0,0.0,116.7200000000048,1.66742857142864,-0.15999999999985448,11.603000000000065,-0.022857142857122068,1.657571428571438,1,300.0,0.16,7.527214285714243,19.87736758866744,rollover,Wed,23,False
645,XAUUSDm,long,2026-01-21 23:25:00+00:00,28630,4795.9529999999995,0.1,4795.9529999999995,4805.953,7.0,close_below_lower,0.1933661412014442,0.05,4800.953,0.5,0.05,4800.953,25.000000000004547,28631.0,2026-01-21 23:30:00+00:00,True,2026-01-21 23:35:00+00:00,28632,4793.972,be_stop,15.095000000005712,0.0,0.0,15.095000000005712,0.21564285714293874,-10.966999999999643,5.740000000000691,-1.5667142857142349,0.8200000000000988,2,600.0,0.16,8.473785714285636,20.121595726763452,rollover,Wed,23,False
646,XAUUSDm,long,2026-01-21 23:45:00+00:00,28634,4787.556,0.1,4787.556,4797.556,7.0,close_below_lower,0.009865341821571361,0.05,4792.556,0.5,0.05,4792.556,25.0,28635.0,2026-01-21 23:50:00+00:00,True,2026-01-21 23:55:00+00:00,28636,4787.556,be_stop,25.0,0.0,0.0,25.0,0.35714285714285715,-2.2399999999997817,9.864000000000487,-0.3199999999999688,1.4091428571429268,2,600.0,0.16,9.352714285714358,20.472197308227983,rollover,Wed,23,False
647,XAUUSDm,long,2026-01-22 00:00:00+00:00,28637,4778.407,0.1,4778.407,4788.407,7.0,close_below_lower,0.04344014120149592,0.05,4783.407,0.5,0.05,4783.407,25.0,28638.0,2026-01-22 00:05:00+00:00,True,2026-01-22 00:05:00+00:00,28638,4788.407,tp,75.0,0.0,0.0,75.0,1.0714285714285714,-0.2889999999997599,8.346999999999753,-0.04128571428567999,1.192428571428536,1,300.0,0.16,10.69535714285725,20.676580602988285,asian,Thu,0,False
648,XAUUSDm,short,2026-01-22 15:35:00+00:00,28824,4863.535,0.1,4870.535,4853.535,7.0,close_above_upper,0.02503174039038386,0.1,4858.535,0.5,0.0,0.0,0.0,,,False,2026-01-22 15:50:00+00:00,28827,4870.695,sl,-71.59999999999854,0.0,0.0,-71.59999999999854,-1.022857142857122,-2.623000000000502,4.536000000000058,-0.37471428571435744,0.6480000000000083,3,900.0,0.16,9.491357142857137,21.177356294434727,overlap,Thu,15,False
649,XAUUSDm,long,2026-01-23 08:25:00+00:00,29014,4921.16,0.1,4914.16,4931.16,7.0,close_below_lower,0.18927515244263007,0.1,4926.16,0.5,0.0,0.0,0.0,,,False,2026-01-23 08:30:00+00:00,29015,4913.331,sl,-78.28999999999724,0.0,0.0,-78.28999999999724,-1.118428571428532,-19.863999999999578,0.02900000000045111,-2.8377142857142252,0.004142857142921587,1,300.0,0.16,6.50707142857144,20.487118060167226,london,Fri,8,False
650,XAUUSDm,short,2026-01-23 16:20:00+00:00,29109,4979.596,0.1,4986.596,4969.596,7.0,close_above_upper,0.034640748725772656,0.1,4974.596,0.5,0.0,0.0,0.0,,,False,2026-01-23 16:30:00+00:00,29111,4986.755999999999,sl,-71.59999999999854,0.0,0.0,-71.59999999999854,-1.022857142857122,-6.757000000000517,1.9509999999991123,-0.9652857142857881,0.2787142857141589,2,600.0,0.16,7.910214285714184,18.08174399159913,newyork,Fri,16,False
651,XAUUSDm,short,2026-01-25 23:05:00+00:00,29178,5007.18,0.1,5014.18,4997.18,7.0,close_above_upper,1.105048513925031,0.1,5002.18,0.5,0.0,0.0,0.0,,,False,2026-01-25 23:10:00+00:00,29179,5023.684,sl,-165.03999999999905,0.0,0.0,-165.03999999999905,-2.3577142857142723,-17.930999999999585,3.605000000000473,-2.5615714285713693,0.5150000000000675,1,300.0,0.16,5.404285714285639,16.077649479677717,rollover,Sun,23,False
652,XAUUSDm,short,2026-01-25 23:15:00+00:00,29180,5021.542,0.1,5028.542,5011.542,7.0,close_above_upper,0.677626627079146,0.1,5016.542,0.5,0.0,0.0,0.0,,,False,2026-01-25 23:20:00+00:00,29181,5028.702,sl,-71.59999999999854,0.0,0.0,-71.59999999999854,-1.022857142857122,-7.982999999999265,1.7049999999999272,-1.1404285714284665,0.24357142857141817,1,300.0,0.16,7.06214285714285,16.390536141584686,rollover,Sun,23,False
653,XAUUSDm,short,2026-01-25 23:25:00+00:00,29182,5024.958,0.1,5024.958,5014.958,7.0,close_above_upper,0.387286694489524,0.05,5019.958,0.5,0.05,5018.918,30.199999999999818,29183.0,2026-01-25 23:30:00+00:00,True,2026-01-25 23:35:00+00:00,29184,5025.1179999999995,be_stop,29.400000000000546,0.0,0.0,29.400000000000546,0.4200000000000078,-1.9549999999999272,12.627999999999702,-0.27928571428570387,1.8039999999999574,2,600.0,0.16,7.831357142857087,16.6801703265837,rollover,Sun,23,False
654,XAUUSDm,short,2026-01-25 23:40:00+00:00,29185,5029.982,0.1,5036.982,5019.982,7.0,close_above_upper,0.14674412518049743,0.1,5024.982,0.5,0.0,0.0,0.0,,,False,2026-01-25 23:50:00+00:00,29187,5037.142,sl,-71.59999999999854,0.0,0.0,-71.59999999999854,-1.022857142857122,-6.1909999999998035,4.898000000000138,-0.8844285714285434,0.6997142857143055,2,600.0,0.16,9.771142857142747,16.890923531283036,rollover,Sun,23,False
655,XAUUSDm,short,2026-01-25 23:55:00+00:00,29188,5039.873,0.1,5039.873,5029.873,7.0,close_above_upper,0.1922595307829529,0.05,5034.873,0.5,0.05,5035.032999999999,24.200000000000728,29189.0,2026-01-26 00:00:00+00:00,True,2026-01-26 00:05:00+00:00,29190,5041.031,be_stop,18.409999999998945,0.0,0.0,18.409999999998945,0.2629999999999849,-1.606999999999971,5.373999999999796,-0.2295714285714244,0.7677142857142566,2,600.0,0.16,11.031571428571365,17.102018239569535,rollover,Sun,23,False
656,XAUUSDm,short,2026-01-26 01:25:00+00:00,29206,5069.194,0.1,5076.194,5059.194,7.0,close_above_upper,0.10560435359024749,0.1,5064.194,0.5,0.0,0.0,0.0,,,False,2026-01-26 01:30:00+00:00,29207,5076.354,sl,-71.59999999999854,0.0,0.0,-71.59999999999854,-1.022857142857122,-6.227999999999156,2.7960000000002765,-0.8897142857141651,0.39942857142861093,1,300.0,0.16,7.451999999999836,17.961143267340923,asian,Mon,1,False
657,XAUUSDm,short,2026-01-26 01:35:00+00:00,29208,5083.691,0.1,5083.691,5073.691,7.0,close_above_upper,0.5362215468175441,0.05,5078.691,0.5,0.05,5076.546,35.724999999997635,29209.0,2026-01-26 01:40:00+00:00,True,2026-01-26 01:40:00+00:00,29209,5073.851,tp,84.92499999999836,0.0,0.0,84.92499999999836,1.2132142857142623,-2.007999999999811,12.161000000000058,-0.28685714285711583,1.7372857142857225,1,300.0,0.16,8.178428571428347,18.101566920447667,asian,Mon,1,False
658,XAUUSDm,short,2026-01-26 01:45:00+00:00,29210,5083.284,0.1,5083.284,5073.284,7.0,close_above_upper,0.1817858722114336,0.05,5078.284,0.5,0.05,5075.5599999999995,38.6200000000008,29211.0,2026-01-26 01:50:00+00:00,True,2026-01-26 01:50:00+00:00,29211,5073.4439999999995,tp,87.82000000000153,0.0,0.0,87.82000000000153,1.2545714285714504,-1.5560000000004948,9.589999999999236,-0.22228571428578497,1.3699999999998909,1,300.0,0.16,8.916785714285457,18.119809044751747,asian,Mon,1,False
659,XAUUSDm,short,2026-01-26 06:50:00+00:00,29271,5106.803,0.1,5106.803,5096.803,7.0,close_above_upper,0.5296338419810441,0.05,5101.803,0.5,0.05,5099.639,35.8199999999988,29272.0,2026-01-26 06:55:00+00:00,True,2026-01-26 06:55:00+00:00,29272,5096.963,tp,85.01999999999953,0.0,0.0,85.01999999999953,1.2145714285714218,-4.369999999999891,7.543999999999869,-0.6242857142856987,1.077714285714267,1,300.0,0.16,8.421642857142874,18.531401026735352,asian,Mon,6,False
660,XAUUSDm,long,2026-01-26 16:40:00+00:00,29389,5069.21,0.1,5069.21,5079.21,7.0,close_below_lower,0.046053980549066294,0.05,5074.21,0.5,0.05,5077.344,40.67000000000007,29390.0,2026-01-26 16:45:00+00:00,True,2026-01-26 16:45:00+00:00,29390,5079.21,tp,90.67000000000007,0.0,0.0,90.67000000000007,1.2952857142857153,-1.0380000000004657,14.068000000000211,-0.1482857142857808,2.009714285714316,1,300.0,0.16,11.23185714285715,17.576781505489578,newyork,Mon,16,False
661,XAUUSDm,long,2026-01-26 18:40:00+00:00,29413,5068.68,0.1,5068.68,5078.68,7.0,close_below_lower,0.07385968879410612,0.05,5073.68,0.5,0.05,5073.68,25.0,29414.0,2026-01-26 18:45:00+00:00,True,2026-01-26 18:45:00+00:00,29414,5078.68,tp,75.0,0.0,0.0,75.0,1.0714285714285714,-10.877000000000407,0.7399999999997817,-1.553857142857201,0.10571428571425454,1,300.0,0.16,9.188214285714237,17.483555296311962,newyork,Mon,18,False
662,XAUUSDm,long,2026-01-26 19:05:00+00:00,29418,5046.081999999999,0.1,5046.081999999999,5056.082,7.0,close_below_lower,0.7554169230788452,0.05,5051.082,0.5,0.05,5057.163,55.405000000000655,29419.0,2026-01-26 19:10:00+00:00,True,2026-01-26 19:10:00+00:00,29419,5057.163,tp,110.81000000000131,0.0,0.0,110.81000000000131,1.5830000000000186,-1.5239999999994325,16.392000000000735,-0.21771428571420465,2.341714285714391,1,300.0,0.16,12.155999999999883,17.693536514755852,newyork,Mon,19,False
663,XAUUSDm,long,2026-01-26 19:20:00+00:00,29421,5040.51,0.1,5033.51,5050.51,7.0,close_below_lower,0.5528244806583621,0.1,5045.51,0.5,0.0,0.0,0.0,,,False,2026-01-26 19:25:00+00:00,29422,5021.945,sl,-185.6500000000051,0.0,0.0,-185.6500000000051,-2.65214285714293,-20.22400000000016,4.059999999999491,-2.88914285714288,0.5799999999999272,1,300.0,0.16,14.14085714285706,18.013657143381874,newyork,Mon,19,False
664,XAUUSDm,long,2026-01-26 19:30:00+00:00,29423,5027.536,0.1,5027.536,5037.536,7.0,close_below_lower,0.6879271696963405,0.05,5032.536,0.5,0.05,5041.809,71.36500000000069,29424.0,2026-01-26 19:35:00+00:00,True,2026-01-26 19:35:00+00:00,29424,5041.809,tp,142.73000000000138,0.0,0.0,142.73000000000138,2.0390000000000197,-2.7330000000001746,16.14599999999973,-0.3904285714285964,2.3065714285713903,1,300.0,0.16,15.210214285714235,18.41810858641552,newyork,Mon,19,False
665,XAUUSDm,long,2026-01-26 19:50:00+00:00,29427,5018.334,0.1,5018.334,5028.334,7.0,close_below_lower,0.47373767381335197,0.05,5023.334,0.5,0.05,5023.334,25.0,29428.0,2026-01-26 19:55:00+00:00,True,2026-01-26 19:55:00+00:00,29428,5028.334,tp,75.0,0.0,0.0,75.0,1.0714285714285714,-7.706999999999425,6.488000000000284,-1.1009999999999178,0.9268571428571833,1,300.0,0.16,17.53499999999992,18.660067210668764,newyork,Mon,19,False
666,XAUUSDm,long,2026-01-26 21:25:00+00:00,29446,5020.615,0.1,5013.615,5030.615,7.0,close_below_lower,0.2061300950143729,0.1,5025.615,0.5,0.0,0.0,0.0,,,False,2026-01-26 21:30:00+00:00,29447,5013.615,sl,-70.0,0.0,0.0,-70.0,-1.0,-1.8389999999999418,6.26299999999992,-0.2627142857142774,0.8947142857142742,1,300.0,0.16,12.11771428571449,19.466563571100473,rollover,Mon,21,False
667,XAUUSDm,long,2026-01-26 21:35:00+00:00,29448,5010.880999999999,0.1,5003.881,5020.881,7.0,close_below_lower,0.3854722794925255,0.1,5015.881,0.5,0.0,0.0,0.0,,,False,2026-01-26 21:40:00+00:00,29449,5001.602,sl,-92.78999999999542,0.0,0.0,-92.78999999999542,-1.3255714285713631,-21.248999999999796,0.6300000000010186,-3.0355714285713993,0.09000000000014552,1,300.0,0.16,12.24235714285734,19.67890711040001,rollover,Mon,21,False
668,XAUUSDm,long,2026-01-26 21:45:00+00:00,29450,5005.393,0.1,5005.393,5015.393,7.0,close_below_lower,0.24633144835667264,0.05,5010.393,0.5,0.05,5014.828,47.175000000002,29451.0,2026-01-26 21:50:00+00:00,True,2026-01-26 21:50:00+00:00,29451,5015.393,tp,97.175000000002,0.0,0.0,97.175000000002,1.3882142857143143,-1.1890000000003056,11.521999999999935,-0.1698571428571865,1.6459999999999906,1,300.0,0.16,13.704071428571686,20.01274003596806,rollover,Mon,21,False
669,XAUUSDm,short,2026-01-26 23:20:00+00:00,29457,5047.107,0.1,5047.107,5037.107,7.0,close_above_upper,0.013926108722825839,0.05,5042.107,0.5,0.05,5042.267,24.200000000000728,29458.0,2026-01-26 23:25:00+00:00,True,2026-01-26 23:35:00+00:00,29460,5047.267,be_stop,23.400000000001455,0.0,0.0,23.400000000001455,0.33428571428573506,-2.8969999999999345,6.445999999999913,-0.4138571428571335,0.9208571428571304,3,900.0,0.16,14.171857142857334,20.3912415002194,rollover,Mon,23,False
670,XAUUSDm,short,2026-01-27 01:15:00+00:00,29480,5071.61,0.1,5071.61,5061.61,7.0,close_above_upper,0.3719469124491547,0.05,5066.61,0.5,0.05,5064.6269999999995,34.91500000000087,29481.0,2026-01-27 01:20:00+00:00,True,2026-01-27 01:30:00+00:00,29483,5061.7699999999995,tp,84.1150000000016,0.0,0.0,84.1150000000016,1.20164285714288,-4.342000000000553,8.378999999999905,-0.6202857142857933,1.1969999999999865,3,900.0,0.16,10.396571428571601,21.576753493654042,asian,Tue,1,False
671,XAUUSDm,short,2026-01-27 20:05:00+00:00,29706,5119.018,0.1,5126.018,5109.018,7.0,close_above_upper,0.2867619005064371,0.1,5114.018,0.5,0.0,0.0,0.0,,,False,2026-01-27 20:10:00+00:00,29707,5126.178,sl,-71.59999999999854,0.0,0.0,-71.59999999999854,-1.022857142857122,-7.819000000000415,3.8710000000000946,-1.1170000000000593,0.5530000000000135,1,300.0,0.16,5.876214285714208,19.743098851495326,newyork,Tue,20,False
672,XAUUSDm,short,2026-01-27 20:15:00+00:00,29708,5141.737,0.1,5148.737,5131.737,7.0,close_above_upper,1.0109433602412576,0.1,5136.737,0.5,0.0,0.0,0.0,,,False,2026-01-27 20:20:00+00:00,29709,5148.897,sl,-71.59999999999854,0.0,0.0,-71.59999999999854,-1.022857142857122,-0.5940000000000509,9.902000000000044,-0.08485714285715014,1.4145714285714348,1,300.0,0.16,7.186428571428548,19.853998357506025,newyork,Tue,20,False
673,XAUUSDm,short,2026-01-27 20:25:00+00:00,29710,5137.934,0.1,5144.934,5127.934,7.0,close_above_upper,0.36984148603964284,0.1,5132.934,0.5,0.0,0.0,0.0,,,False,2026-01-27 20:30:00+00:00,29711,5145.094,sl,-71.59999999999854,0.0,0.0,-71.59999999999854,-1.022857142857122,-6.530999999999949,4.344000000000051,-0.9329999999999927,0.6205714285714359,1,300.0,0.16,8.132285714285704,19.984813798142945,newyork,Tue,20,False
674,XAUUSDm,short,2026-01-27 20:35:00+00:00,29712,5143.313,0.1,5143.313,5133.313,7.0,close_above_upper,0.2183137563553482,0.05,5138.313,0.5,0.05,5138.473,24.200000000000728,29713.0,2026-01-27 20:40:00+00:00,True,2026-01-27 20:45:00+00:00,29714,5143.473,be_stop,23.400000000001455,0.0,0.0,23.400000000001455,0.33428571428573506,-5.673999999999978,6.710000000000036,-0.8105714285714255,0.9585714285714337,2,600.0,0.16,9.589785714285686,20.157572200298002,newyork,Tue,20,False
675,XAUUSDm,short,2026-01-27 20:50:00+00:00,29715,5160.419,0.1,5167.419,5150.419,7.0,close_above_upper,0.46700228145364353,0.1,5155.419,0.5,0.0,0.0,0.0,,,False,2026-01-27 20:55:00+00:00,29716,5176.898,sl,-164.7900000000027,0.0,0.0,-164.7900000000027,-2.3541428571428957,-16.837000000000444,7.6710000000002765,-2.4052857142857778,1.0958571428571824,1,300.0,0.16,12.165428571428622,20.492924055227295,newyork,Tue,20,False
676,XAUUSDm,short,2026-01-27 21:00:00+00:00,29717,5176.662,0.1,5183.662,5166.662,7.0,close_above_upper,0.6786452389444637,0.1,5171.662,0.5,0.0,0.0,0.0,,,False,2026-01-27 21:05:00+00:00,29718,5183.822,sl,-71.59999999999854,0.0,0.0,-71.59999999999854,-1.022857142857122,-11.59099999999944,5.820999999999913,-1.6558571428570628,0.8315714285714161,1,300.0,0.16,14.515071428571511,20.89296710274539,rollover,Tue,21,False
677,XAUUSDm,short,2026-01-27 21:10:00+00:00,29719,5180.816,0.1,5180.816,5170.816,7.0,close_above_upper,0.3935579020791872,0.05,5175.816,0.5,0.05,5175.976,24.200000000000728,29720.0,2026-01-27 21:15:00+00:00,True,2026-01-27 21:25:00+00:00,29722,5170.976,tp,73.40000000000146,0.0,0.0,73.40000000000146,1.0485714285714494,-5.7409999999999854,8.715000000000146,-0.8201428571428551,1.2450000000000208,3,900.0,0.16,15.860714285714298,21.104440658329764,rollover,Tue,21,False
678,XAUUSDm,short,2026-01-28 01:10:00+00:00,29753,5196.666,0.1,5196.666,5186.666,7.0,close_above_upper,0.08110492804141524,0.05,5191.666,0.5,0.05,5190.8369999999995,29.145000000003165,29754.0,2026-01-28 01:15:00+00:00,True,2026-01-28 01:15:00+00:00,29754,5186.826,tp,78.34500000000389,0.0,0.0,78.34500000000389,1.1192142857143412,-0.31300000000010186,21.567000000000007,-0.044714285714300264,3.081000000000001,1,300.0,0.16,8.109785714285604,21.76048163548247,asian,Wed,1,False
679,XAUUSDm,short,2026-01-28 01:45:00+00:00,29760,5215.428,0.1,5222.428,5205.428,7.0,close_above_upper,0.24721572011765167,0.1,5210.428,0.5,0.0,0.0,0.0,,,False,2026-01-28 01:50:00+00:00,29761,5222.588,sl,-71.59999999999854,0.0,0.0,-71.59999999999854,-1.022857142857122,-8.601000000000568,0.09400000000005093,-1.2287142857143667,0.013428571428578704,1,300.0,0.16,11.82107142857142,22.170230462001612,asian,Wed,1,False
680,XAUUSDm,short,2026-01-28 01:55:00+00:00,29762,5219.762,0.1,5219.762,5209.762,7.0,close_above_upper,0.09337793248710369,0.05,5214.762,0.5,0.05,5204.897,74.32499999999891,29763.0,2026-01-28 02:00:00+00:00,True,2026-01-28 02:00:00+00:00,29763,5204.897,tp,148.64999999999782,0.0,0.0,148.64999999999782,2.1235714285713976,-0.4110000000000582,15.087999999999738,-0.05871428571429403,2.155428571428534,1,300.0,0.16,12.430857142857153,22.37145073392589,asian,Wed,1,False
681,XAUUSDm,long,2026-01-28 11:05:00+00:00,29872,5243.822999999999,0.1,5243.822999999999,5253.823,7.0,close_below_lower,0.24830029508188894,0.05,5248.823,0.5,0.05,5251.61,38.93500000000131,29873.0,2026-01-28 11:10:00+00:00,True,2026-01-28 11:10:00+00:00,29873,5253.823,tp,88.93500000000586,0.0,0.0,88.93500000000586,1.2705000000000837,-5.194999999999709,12.481000000000677,-0.7421428571428156,1.7830000000000967,1,300.0,0.16,7.373500000000084,23.570596830789576,london,Wed,11,False
682,XAUUSDm,long,2026-01-28 15:10:00+00:00,29921,5242.327,0.1,5242.327,5252.327,7.0,close_below_lower,0.23707120486414474,0.05,5247.327,0.5,0.05,5256.788,72.30499999999665,29922.0,2026-01-28 15:15:00+00:00,True,2026-01-28 15:15:00+00:00,29922,5256.788,tp,144.6099999999933,0.0,0.0,144.6099999999933,2.0658571428570474,-0.15999999999985448,19.831999999999425,-0.022857142857122068,2.833142857142775,1,300.0,0.16,15.127499999999925,23.25382303749167,overlap,Wed,15,False
683,XAUUSDm,short,2026-01-28 18:25:00+00:00,29960,5321.549,0.1,5321.549,5311.549,7.0,close_above_upper,0.017343473863578197,0.05,5316.549,0.5,0.05,5305.547,80.01000000000204,29961.0,2026-01-28 18:30:00+00:00,True,2026-01-28 18:30:00+00:00,29961,5305.547,tp,160.02000000000407,0.0,0.0,160.02000000000407,2.286000000000058,-1.7280000000000655,18.103000000000065,-0.2468571428571522,2.5861428571428666,1,300.0,0.16,10.515285714285906,21.3843571456882,newyork,Wed,18,False
684,XAUUSDm,long,2026-01-28 18:40:00+00:00,29963,5273.863,0.1,5273.863,5283.863,7.0,close_below_lower,0.1254977950218722,0.05,5278.863,0.5,0.05,5278.863,25.0,29964.0,2026-01-28 18:45:00+00:00,True,2026-01-28 18:55:00+00:00,29966,5273.863,be_stop,25.0,0.0,0.0,25.0,0.35714285714285715,-3.5230000000001382,9.433999999999287,-0.503285714285734,1.347714285714184,3,900.0,0.16,13.93400000000013,21.305705405829713,newyork,Wed,18,False
685,XAUUSDm,short,2026-01-28 19:50:00+00:00,29977,5316.11,0.1,5323.11,5306.11,7.0,close_above_upper,0.011910107163875397,0.1,5311.11,0.5,0.0,0.0,0.0,,,False,2026-01-28 19:55:00+00:00,29978,5323.2699999999995,sl,-71.59999999999854,0.0,0.0,-71.59999999999854,-1.022857142857122,-3.5799999999999272,5.300999999999476,-0.511428571428561,0.7572857142856394,1,300.0,0.16,13.596928571428634,21.707551779663692,newyork,Wed,19,False
686,XAUUSDm,short,2026-01-28 20:00:00+00:00,29979,5325.376,0.1,5332.376,5315.376,7.0,close_above_upper,0.1574720613161341,0.1,5320.376,0.5,0.0,0.0,0.0,,,False,2026-01-28 20:05:00+00:00,29980,5332.536,sl,-71.59999999999854,0.0,0.0,-71.59999999999854,-1.022857142857122,-11.315999999999804,0.4329999999999927,-1.6165714285714006,0.06185714285714182,1,300.0,0.16,14.013500000000022,21.890168339048664,newyork,Wed,20,False
687,XAUUSDm,short,2026-01-28 20:10:00+00:00,29981,5332.205,0.1,5332.205,5322.205,7.0,close_above_upper,0.13118223706260673,0.05,5327.205,0.5,0.05,5326.797,27.040000000001783,29982.0,2026-01-28 20:15:00+00:00,True,2026-01-28 20:15:00+00:00,29982,5322.365,tp,76.24000000000251,0.0,0.0,76.24000000000251,1.089142857142893,-0.22800000000006548,9.452000000000226,-0.032571428571437924,1.3502857142857465,1,300.0,0.16,14.445857142857156,21.908683373836723,newyork,Wed,20,False
688,XAUUSDm,short,2026-01-28 20:20:00+00:00,29983,5338.852,0.1,5345.852,5328.852,7.0,close_above_upper,0.1218687195758682,0.1,5333.852,0.5,0.0,0.0,0.0,,,False,2026-01-28 20:25:00+00:00,29984,5346.012,sl,-71.59999999999854,0.0,0.0,-71.59999999999854,-1.022857142857122,-3.298999999999978,6.050000000000182,-0.47128571428571114,0.8642857142857403,1,300.0,0.16,13.880214285714374,21.915498529236423,newyork,Wed,20,False
689,XAUUSDm,short,2026-01-28 20:30:00+00:00,29985,5354.522,0.1,5361.522,5344.522,7.0,close_above_upper,0.45951262488119066,0.1,5349.522,0.5,0.0,0.0,0.0,,,False,2026-01-28 20:35:00+00:00,29986,5361.682,sl,-71.59999999999854,0.0,0.0,-71.59999999999854,-1.022857142857122,-9.475000000000364,1.4329999999999927,-1.3535714285714806,0.20471428571428468,1,300.0,0.16,13.861714285714308,22.11147717083191,newyork,Wed,20,False
690,XAUUSDm,short,2026-01-28 20:40:00+00:00,29987,5376.126,0.1,5383.126,5366.126,7.0,close_above_upper,0.9174885039926068,0.1,5371.126,0.5,0.0,0.0,0.0,,,False,2026-01-28 20:45:00+00:00,29988,5383.6759999999995,sl,-75.49999999999272,0.0,0.0,-75.49999999999272,-1.0785714285713246,-15.220999999999549,1.686000000000604,-2.174428571428507,0.24085714285722912,1,300.0,0.16,14.188785714285716,22.46555028073429,newyork,Wed,20,False
691,XAUUSDm,short,2026-01-28 20:50:00+00:00,29989,5388.632,0.1,5388.632,5378.632,7.0,close_above_upper,0.8657369880110855,0.05,5383.632,0.5,0.05,5369.3769999999995,96.27500000000055,29990.0,2026-01-28 20:55:00+00:00,True,2026-01-28 20:55:00+00:00,29990,5369.3769999999995,tp,192.5500000000011,0.0,0.0,192.5500000000011,2.7507142857143014,-2.4550000000008367,21.27099999999973,-0.35071428571440527,3.038714285714247,1,300.0,0.16,14.496928571428596,22.92570617280787,newyork,Wed,20,False
692,XAUUSDm,short,2026-01-28 21:05:00+00:00,29992,5387.597,0.1,5394.597,5377.597,7.0,close_above_upper,0.21999182808518966,0.1,5382.597,0.5,0.0,0.0,0.0,,,False,2026-01-28 21:10:00+00:00,29993,5394.757,sl,-71.59999999999854,0.0,0.0,-71.59999999999854,-1.022857142857122,-8.930000000000291,1.350999999999658,-1.2757142857143273,0.19299999999995116,1,300.0,0.16,15.212142857143006,23.288200855243463,rollover,Wed,21,False
693,XAUUSDm,short,2026-01-28 23:00:00+00:00,30003,5448.139,0.1,5455.139,5438.139,7.0,close_above_upper,0.14028588549055898,0.1,5443.139,0.5,0.0,0.0,0.0,,,False,2026-01-28 23:05:00+00:00,30004,5455.299,sl,-71.59999999999854,0.0,0.0,-71.59999999999854,-1.022857142857122,-5.125,13.090000000000146,-0.7321428571428571,1.8700000000000208,1,300.0,0.16,12.191785714285873,23.92606043333291,rollover,Wed,23,False
694,XAUUSDm,short,2026-01-28 23:10:00+00:00,30005,5452.542,0.1,5459.542,5442.542,7.0,close_above_upper,1.0523595638719045,0.1,5447.542,0.5,0.0,0.0,0.0,,,False,2026-01-28 23:15:00+00:00,30006,5474.95,sl,-224.07999999999447,0.0,0.0,-224.07999999999447,-3.201142857142778,-22.654999999999745,3.9420000000000073,-3.2364285714285352,0.5631428571428582,1,300.0,0.16,13.67164285714294,24.470376625505256,rollover,Wed,23,False
695,XAUUSDm,short,2026-01-28 23:20:00+00:00,30007,5492.196,0.1,5492.196,5482.196,7.0,close_above_upper,1.8470240660129844,0.05,5487.196,0.5,0.05,5485.111,35.42500000000018,30008.0,2026-01-28 23:25:00+00:00,True,2026-01-28 23:25:00+00:00,30008,5482.356,tp,84.62500000000091,0.0,0.0,84.62500000000091,1.2089285714285845,-1.4949999999998909,20.115999999999985,-0.21357142857141298,2.8737142857142834,1,300.0,0.16,15.43828571428581,25.253805154077043,rollover,Wed,23,False
696,XAUUSDm,short,2026-01-28 23:30:00+00:00,30009,5490.368,0.1,5497.368,5480.368,7.0,close_above_upper,1.0639647985612823,0.1,5485.368,0.5,0.0,0.0,0.0,,,False,2026-01-28 23:35:00+00:00,30010,5501.688,sl,-113.19999999999709,0.0,0.0,-113.19999999999709,-1.6171428571428155,-11.34899999999925,1.0140000000001237,-1.6212857142856072,0.14485714285716053,1,300.0,0.16,15.829000000000113,25.876086113999932,rollover,Wed,23,False
697,XAUUSDm,short,2026-01-28 23:40:00+00:00,30011,5555.052,0.1,5555.052,5545.052,7.0,close_above_upper,3.093489377673313,0.05,5550.052,0.5,0.05,5532.465,112.93499999999767,30012.0,2026-01-28 23:45:00+00:00,True,2026-01-28 23:45:00+00:00,30012,5532.465,tp,225.86999999999534,0.0,0.0,225.86999999999534,3.2267142857142193,-1.8530000000000655,27.97099999999955,-0.26471428571429506,3.9958571428570786,1,300.0,0.24,20.688142857142925,26.80501669418654,rollover,Wed,23,False
698,XAUUSDm,long,2026-01-29 01:05:00+00:00,30028,5468.697999999999,0.1,5461.698,5478.698,7.0,close_below_lower,0.21185254697653919,0.1,5473.698,0.5,0.0,0.0,0.0,,,False,2026-01-29 01:10:00+00:00,30029,5447.535,sl,-211.62999999999556,0.0,0.0,-211.62999999999556,-3.023285714285651,-23.22699999999986,12.062000000000808,-3.3181428571428375,1.7231428571429726,1,300.0,0.16,29.960428571428697,28.080556397794577,asian,Thu,1,False
699,XAUUSDm,short,2026-01-29 01:45:00+00:00,30036,5539.885,0.1,5546.885,5529.885,7.0,close_above_upper,0.20449738704862777,0.1,5534.885,0.5,0.0,0.0,0.0,,,False,2026-01-29 01:50:00+00:00,30037,5547.045,sl,-71.59999999999854,0.0,0.0,-71.59999999999854,-1.022857142857122,-7.488999999999578,12.658000000000357,-1.0698571428570827,1.8082857142857651,1,300.0,0.16,24.52221428571433,28.827064105540934,asian,Thu,1,False
700,XAUUSDm,long,2026-01-29 05:25:00+00:00,30080,5521.248,0.1,5521.248,5531.248,7.0,close_below_lower,0.029555145660945806,0.05,5526.248,0.5,0.05,5542.121,104.36500000000251,30081.0,2026-01-29 05:30:00+00:00,True,2026-01-29 05:30:00+00:00,30081,5542.121,tp,208.73000000000502,0.0,0.0,208.73000000000502,2.9818571428572147,-0.15999999999985448,20.897000000000844,-0.022857142857122068,2.9852857142858347,1,300.0,0.16,10.601142857142738,30.057682607209248,asian,Thu,5,False
701,XAUUSDm,long,2026-01-29 08:45:00+00:00,30120,5483.186,0.1,5483.186,5493.186,7.0,close_below_lower,0.44982083169115483,0.05,5488.186,0.5,0.05,5506.103,114.58500000000186,30121.0,2026-01-29 08:50:00+00:00,True,2026-01-29 08:50:00+00:00,30121,5506.103,tp,229.1700000000037,0.0,0.0,229.1700000000037,3.273857142857196,-9.219999999999345,24.10699999999997,-1.3171428571427637,3.4438571428571385,1,300.0,0.16,14.984642857142783,32.26664047729557,london,Thu,8,False
702,XAUUSDm,long,2026-01-29 15:05:00+00:00,30196,5458.253,0.1,5451.253,5468.253,7.0,close_below_lower,0.644151773406565,0.1,5463.253,0.5,0.0,0.0,0.0,,,False,2026-01-29 15:10:00+00:00,30197,5415.314,sl,-429.38999999999396,0.0,0.0,-429.38999999999396,-6.134142857142771,-51.11999999999989,13.86200000000008,-7.302857142857127,1.9802857142857258,1,300.0,0.16,23.347357142857295,33.88161227704058,overlap,Thu,15,False
703,XAUUSDm,long,2026-01-29 15:15:00+00:00,30198,5384.788,0.1,5377.788,5394.788,7.0,close_below_lower,2.0326077644885885,0.1,5389.788,0.5,0.0,0.0,0.0,,,False,2026-01-29 15:20:00+00:00,30199,5332.728,sl,-520.5999999999949,0.0,0.0,-520.5999999999949,-7.437142857142784,-104.73299999999927,2.042000000000371,-14.961857142857038,0.2917142857143387,1,300.0,0.16,30.70992857142866,35.029493365106916,overlap,Thu,15,False
704,XAUUSDm,long,2026-01-29 15:25:00+00:00,30200,5294.995,0.1,5287.995,5304.995,7.0,close_below_lower,3.291517235873694,0.1,5299.995,0.5,0.0,0.0,0.0,,,False,2026-01-29 15:30:00+00:00,30201,5191.282,sl,-1037.1299999999974,0.0,0.0,-1037.1299999999974,-14.81614285714282,-200.01699999999983,15.876000000000204,-28.57385714285712,2.268000000000029,1,300.0,0.16,40.70450000000002,36.80850215016234,overlap,Thu,15,False
705,XAUUSDm,long,2026-01-29 15:35:00+00:00,30202,5163.064,0.1,5156.064,5173.064,7.0,close_below_lower,4.812086592789056,0.1,5168.064,0.5,0.0,0.0,0.0,,,False,2026-01-29 15:40:00+00:00,30203,5156.064,sl,-70.0,0.0,0.0,-70.0,-1.0,-57.86200000000008,70.54500000000007,-8.26600000000001,10.077857142857154,1,300.0,0.16,63.51885714285715,39.543731649303766,overlap,Thu,15,False
706,XAUUSDm,long,2026-01-29 15:45:00+00:00,30204,5121.869,0.1,5121.869,5131.869,7.0,close_below_lower,4.124444333930046,0.05,5126.869,0.5,0.05,5166.088,221.09500000000025,30205.0,2026-01-29 15:50:00+00:00,True,2026-01-29 15:50:00+00:00,30205,5166.088,tp,442.1900000000005,0.0,0.0,442.1900000000005,6.317000000000007,-4.844999999999345,62.95499999999993,-0.6921428571427636,8.993571428571418,1,300.0,0.16,76.05100000000006,41.76549709510047,overlap,Thu,15,False
707,XAUUSDm,long,2026-01-29 15:55:00+00:00,30206,5196.093,0.1,5189.093,5206.093,7.0,close_below_lower,1.2048109020586009,0.1,5201.093,0.5,0.0,0.0,0.0,,,False,2026-01-29 16:00:00+00:00,30207,5182.807,sl,-132.86000000000058,0.0,0.0,-132.86000000000058,-1.8980000000000083,-28.90599999999995,1.75,-4.129428571428564,0.25,1,300.0,0.16,80.04164285714283,43.00055888985211,overlap,Thu,15,False
708,XAUUSDm,short,2026-01-29 17:20:00+00:00,30223,5337.538,0.1,5344.538,5327.538,7.0,close_above_upper,0.41624001182817344,0.1,5332.538,0.5,0.0,0.0,0.0,,,False,2026-01-29 17:25:00+00:00,30224,5344.697999999999,sl,-71.59999999999854,0.0,0.0,-71.59999999999854,-1.022857142857122,-7.532000000000153,12.117999999999483,-1.0760000000000218,1.7311428571427834,1,300.0,0.16,31.390214285714396,43.08885093906982,newyork,Thu,17,False
709,XAUUSDm,short,2026-01-29 17:30:00+00:00,30225,5362.768,0.1,5369.768,5352.768,7.0,close_above_upper,0.6108254528677074,0.1,5357.768,0.5,0.0,0.0,0.0,,,False,2026-01-29 17:35:00+00:00,30226,5369.928,sl,-71.59999999999854,0.0,0.0,-71.59999999999854,-1.022857142857122,-1.1769999999996799,23.783000000000357,-0.1681428571428114,3.3975714285714793,1,300.0,0.16,30.62307142857149,43.66699569480766,newyork,Thu,17,False
710,XAUUSDm,short,2026-01-29 17:40:00+00:00,30227,5363.794,0.1,5370.794,5353.794,7.0,close_above_upper,0.2669940881726836,0.1,5358.794,0.5,0.0,0.0,0.0,,,False,2026-01-29 17:45:00+00:00,30228,5370.954,sl,-71.59999999999854,0.0,0.0,-71.59999999999854,-1.022857142857122,-11.676000000000386,5.886999999999716,-1.668000000000055,0.8409999999999594,1,300.0,0.16,29.758357142857157,44.09797820985962,newyork,Thu,17,False
711,XAUUSDm,short,2026-01-29 20:50:00+00:00,30265,5371.865,0.1,5378.865,5361.865,7.0,close_above_upper,0.03683646147208393,0.1,5366.865,0.5,0.0,0.0,0.0,,,False,2026-01-29 20:55:00+00:00,30266,5391.046,sl,-191.81000000000495,0.0,0.0,-191.81000000000495,-2.740142857142928,-27.94500000000062,0.07200000000011642,-3.9921428571429454,0.010285714285730916,1,300.0,0.16,17.519714285714276,45.881437579608594,newyork,Thu,20,False
712,XAUUSDm,short,2026-01-29 21:00:00+00:00,30267,5394.432,0.1,5401.432,5384.432,7.0,close_above_upper,0.19012891205997068,0.1,5389.432,0.5,0.0,0.0,0.0,,,False,2026-01-29 21:05:00+00:00,30268,5401.592,sl,-71.59999999999854,0.0,0.0,-71.59999999999854,-1.022857142857122,-11.579999999999927,1.4920000000001892,-1.654285714285704,0.21314285714288417,1,300.0,0.16,18.210142857142923,46.475792603556506,rollover,Thu,21,False
713,XAUUSDm,long,2026-01-30 01:50:00+00:00,30301,5329.797,0.1,5322.797,5339.797,7.0,close_below_lower,0.8657011962357997,0.1,5334.797,0.5,0.0,0.0,0.0,,,False,2026-01-30 01:55:00+00:00,30302,5322.797,sl,-70.0,0.0,0.0,-70.0,-1.0,-1.1779999999998836,15.38800000000083,-0.16828571428569766,2.198285714285833,1,300.0,0.16,20.346571428571483,49.43142029863356,asian,Fri,1,False
714,XAUUSDm,long,2026-01-30 02:00:00+00:00,30303,5301.772,0.1,5294.772,5311.772,7.0,close_below_lower,0.9701026837166951,0.1,5306.772,0.5,0.0,0.0,0.0,,,False,2026-01-30 02:05:00+00:00,30304,5294.772,sl,-70.0,0.0,0.0,-70.0,-1.0,-22.408000000000357,11.041000000000167,-3.201142857142908,1.5772857142857382,1,300.0,0.16,23.27857142857153,50.33413597311643,asian,Fri,2,False
715,XAUUSDm,long,2026-01-30 02:10:00+00:00,30305,5273.826,0.1,5266.826,5283.826,7.0,close_below_lower,0.9654757477317703,0.1,5278.826,0.5,0.0,0.0,0.0,,,False,2026-01-30 02:15:00+00:00,30306,5212.323,sl,-615.029999999997,0.0,0.0,-615.029999999997,-8.786142857142815,-78.29899999999998,1.917000000000371,-11.185571428571425,0.27385714285719587,1,300.0,0.16,26.201785714285766,51.36384107451143,asian,Fri,2,False
716,XAUUSDm,long,2026-01-30 02:20:00+00:00,30307,5146.49,0.1,5146.49,5156.49,7.0,close_below_lower,2.4724421101527363,0.05,5151.49,0.5,0.05,5162.911,82.10500000000138,30308.0,2026-01-30 02:25:00+00:00,True,2026-01-30 02:25:00+00:00,30308,5162.911,tp,164.21000000000276,0.0,0.0,164.21000000000276,2.345857142857182,-34.443999999999505,34.52300000000014,-4.920571428571358,4.9318571428571625,1,300.0,0.16,35.317785714285755,53.24444966846258,asian,Fri,2,False
717,XAUUSDm,long,2026-01-30 02:30:00+00:00,30309,5172.115,0.1,5165.115,5182.115,7.0,close_below_lower,1.162039487631047,0.1,5177.115,0.5,0.0,0.0,0.0,,,False,2026-01-30 02:35:00+00:00,30310,5161.73,sl,-103.85000000000218,0.0,0.0,-103.85000000000218,-1.4835714285714598,-32.50799999999981,12.954999999999927,-4.643999999999973,1.8507142857142753,1,300.0,0.16,42.08185714285719,54.6962388134894,asian,Fri,2,False
718,XAUUSDm,long,2026-01-30 08:35:00+00:00,30382,5078.5019999999995,0.1,5078.5019999999995,5088.502,7.0,close_below_lower,0.22524046766314895,0.05,5083.502,0.5,0.05,5092.222,68.60000000000127,30383.0,2026-01-30 08:40:00+00:00,True,2026-01-30 08:40:00+00:00,30383,5092.222,tp,137.20000000000255,0.0,0.0,137.20000000000255,1.9600000000000364,-22.511999999999716,19.8700000000008,-3.2159999999999593,2.838571428571543,1,300.0,0.16,27.835857142857158,59.54983154637064,london,Fri,8,False
719,XAUUSDm,long,2026-01-30 09:15:00+00:00,30390,5028.1849999999995,0.1,5028.1849999999995,5038.185,7.0,close_below_lower,0.3251862870041412,0.05,5033.185,0.5,0.05,5068.793,203.04000000000087,30391.0,2026-01-30 09:20:00+00:00,True,2026-01-30 09:20:00+00:00,30391,5068.793,tp,406.08000000000175,0.0,0.0,406.08000000000175,5.8011428571428825,-5.479999999999563,42.13200000000052,-0.7828571428570805,6.018857142857216,1,300.0,0.16,35.2223571428571,61.16522249387402,london,Fri,9,False
720,XAUUSDm,long,2026-01-30 09:45:00+00:00,30396,4976.869,0.1,4969.869,4986.869,7.0,close_below_lower,0.376653359423715,0.1,4981.869,0.5,0.0,0.0,0.0,,,False,2026-01-30 09:50:00+00:00,30397,4969.869,sl,-70.0,0.0,0.0,-70.0,-1.0,-27.818999999999505,22.538000000000466,-3.9741428571427866,3.2197142857143524,1,300.0,0.16,37.61985714285707,62.58673201124236,london,Fri,9,False
721,XAUUSDm,long,2026-01-30 15:05:00+00:00,30460,4985.679,0.1,4985.679,4995.679,7.0,close_below_lower,0.018598290720939947,0.05,4990.679,0.5,0.05,5000.361,73.40999999999894,30461.0,2026-01-30 15:10:00+00:00,True,2026-01-30 15:10:00+00:00,30461,5000.361,tp,146.8199999999979,0.0,0.0,146.8199999999979,2.097428571428541,-5.280999999999949,28.908000000000357,-0.7544285714285641,4.1297142857143365,1,300.0,0.16,34.1357857142857,69.87938160776156,overlap,Fri,15,False
722,XAUUSDm,long,2026-01-30 17:45:00+00:00,30492,4859.945,0.1,4852.945,4869.945,7.0,close_below_lower,0.035110383657803244,0.1,4864.945,0.5,0.0,0.0,0.0,,,False,2026-01-30 17:50:00+00:00,30493,4852.945,sl,-70.0,0.0,0.0,-70.0,-1.0,-6.380000000000109,19.170000000000073,-0.911428571428587,2.738571428571439,1,300.0,0.16,36.389214285714324,71.56392587248656,newyork,Fri,17,False
723,XAUUSDm,long,2026-01-30 17:55:00+00:00,30494,4813.608,0.1,4813.608,4823.608,7.0,close_below_lower,0.3413382663839856,0.05,4818.608,0.5,0.05,4849.876,181.34000000000015,30495.0,2026-01-30 18:00:00+00:00,True,2026-01-30 18:00:00+00:00,30495,4849.876,tp,362.6800000000003,0.0,0.0,362.6800000000003,5.181142857142861,-12.498999999999796,36.8779999999997,-1.7855714285713995,5.268285714285672,1,300.0,0.16,37.34621428571433,72.25919002559253,newyork,Fri,17,False
724,XAUUSDm,long,2026-01-30 18:20:00+00:00,30499,4756.648,0.1,4749.648,4766.648,7.0,close_below_lower,0.41001299982972783,0.1,4761.648,0.5,0.0,0.0,0.0,,,False,2026-01-30 18:25:00+00:00,30500,4717.413,sl,-392.3500000000058,0.0,0.0,-392.3500000000058,-5.605000000000083,-52.60699999999997,15.805999999999585,-7.51528571428571,2.257999999999941,1,300.0,0.16,45.15757142857144,73.80935901265521,newyork,Fri,18,False
725,XAUUSDm,long,2026-01-30 18:30:00+00:00,30501,4742.8189999999995,0.1,4735.819,4752.819,7.0,close_below_lower,0.15987812380162625,0.1,4747.819,0.5,0.0,0.0,0.0,,,False,2026-01-30 18:35:00+00:00,30502,4735.819,sl,-69.9999999999909,0.0,0.0,-69.9999999999909,-0.9999999999998701,-18.698999999999614,30.66900000000078,-2.671285714285659,4.381285714285825,1,300.0,0.16,48.31814285714284,74.957866185408,newyork,Fri,18,False
726,XAUUSDm,long,2026-01-30 18:40:00+00:00,30503,4696.754,0.1,4696.754,4706.754,7.0,close_below_lower,0.3896009528297819,0.05,4701.754,0.5,0.05,4780.335,417.90500000000065,30504.0,2026-01-30 18:45:00+00:00,True,2026-01-30 18:45:00+00:00,30504,4780.335,tp,835.8100000000013,0.0,0.0,835.8100000000013,11.940142857142876,-2.5429999999996653,88.92600000000039,-0.3632857142856665,12.70371428571434,1,300.0,0.16,53.32585714285714,75.68471087579078,newyork,Fri,18,False
727,XAUUSDm,short,2026-01-30 19:00:00+00:00,30507,4880.798,0.1,4887.798,4870.798,7.0,close_above_upper,0.018123634179753927,0.1,4875.798,0.5,0.0,0.0,0.0,,,False,2026-01-30 19:05:00+00:00,30508,4899.01,sl,-182.12000000000444,0.0,0.0,-182.12000000000444,-2.601714285714349,-32.82000000000062,7.25,-4.6885714285715165,1.0357142857142858,1,300.0,0.16,59.898642857142995,75.43192979322406,newyork,Fri,19,False
728,XAUUSDm,short,2026-01-30 19:10:00+00:00,30509,4909.635,0.1,4909.635,4899.635,7.0,close_above_upper,0.1550393157844956,0.05,4904.635,0.5,0.05,4889.994,98.20500000000266,30510.0,2026-01-30 19:15:00+00:00,True,2026-01-30 19:15:00+00:00,30510,4889.994,tp,196.4100000000053,0.0,0.0,196.4100000000053,2.8058571428572185,-8.768000000000029,37.766999999999825,-1.2525714285714327,5.39528571428569,1,300.0,0.16,57.11750000000023,75.81724001767579,newyork,Fri,19,False
729,XAUUSDm,long,2026-02-01 23:15:00+00:00,30545,4741.8589999999995,0.1,4734.859,4751.859,7.0,close_below_lower,0.39910749165248166,0.1,4746.859,0.5,0.0,0.0,0.0,,,False,2026-02-01 23:20:00+00:00,30546,4718.034,sl,-238.24999999999818,0.0,0.0,-238.24999999999818,-3.4035714285714027,-43.94699999999921,16.999000000000706,-6.278142857142744,2.428428571428672,1,300.0,0.16,32.853142857142885,77.58137488616066,rollover,Sun,23,False
730,XAUUSDm,long,2026-02-01 23:25:00+00:00,30547,4721.866,0.1,4721.866,4731.866,7.0,close_below_lower,0.29166258467218353,0.05,4726.866,0.5,0.05,4727.203,26.68500000000222,30548.0,2026-02-01 23:30:00+00:00,True,2026-02-01 23:30:00+00:00,30548,4731.866,tp,76.68500000000222,0.0,0.0,76.68500000000222,1.0955000000000317,-6.164999999999964,18.841999999999643,-0.8807142857142806,2.6917142857142347,1,300.0,0.32,35.1397142857143,78.7743993422187,rollover,Sun,23,False
731,XAUUSDm,long,2026-02-02 01:10:00+00:00,30568,4656.402,0.1,4649.402,4666.402,7.0,close_below_lower,0.5892817857737161,0.1,4661.402,0.5,0.0,0.0,0.0,,,False,2026-02-02 01:15:00+00:00,30569,4643.475,sl,-129.2699999999968,0.0,0.0,-129.2699999999968,-1.84671428571424,-71.10199999999986,5.332000000000335,-10.157428571428552,0.7617142857143335,1,300.0,0.16,42.35371428571424,83.1621146520488,asian,Mon,1,False
732,XAUUSDm,long,2026-02-02 05:50:00+00:00,30624,4553.407,0.1,4546.407,4563.407,7.0,close_below_lower,0.029833867638617135,0.1,4558.407,0.5,0.0,0.0,0.0,,,False,2026-02-02 05:55:00+00:00,30625,4538.408,sl,-149.98999999999796,0.0,0.0,-149.98999999999796,-2.1427142857142565,-55.3100000000004,17.11499999999978,-7.901428571428629,2.4449999999999688,1,300.0,0.16,29.948428571428526,87.43793289352121,asian,Mon,5,False
733,XAUUSDm,long,2026-02-02 06:25:00+00:00,30631,4460.282999999999,0.1,4460.282999999999,4470.283,7.0,close_below_lower,0.1891358209642017,0.05,4465.283,0.5,0.05,4486.672,131.94500000000062,30632.0,2026-02-02 06:30:00+00:00,True,2026-02-02 06:30:00+00:00,30632,4486.672,tp,263.89000000000124,0.0,0.0,263.89000000000124,3.7698571428571603,-26.80199999999968,34.90900000000056,-3.828857142857097,4.98700000000008,1,300.0,0.16,41.79628571428547,90.10332792321837,asian,Mon,6,False
734,XAUUSDm,long,2026-02-02 06:40:00+00:00,30634,4406.339,0.1,4406.339,4416.339,7.0,close_below_lower,0.3290452836865412,0.05,4411.339,0.5,0.05,4453.0,233.3050000000003,30635.0,2026-02-02 06:45:00+00:00,True,2026-02-02 06:45:00+00:00,30635,4453.0,tp,466.6100000000006,0.0,0.0,466.6100000000006,6.665857142857151,-2.25,50.038000000000466,-0.32142857142857145,7.148285714285781,1,300.0,0.16,50.26792857142839,91.60685756554942,asian,Mon,6,False
735,XAUUSDm,long,2026-02-04 14:40:00+00:00,31282,4981.983,0.1,4974.983,4991.983,7.0,close_below_lower,0.41808059684016835,0.1,4986.983,0.5,0.0,0.0,0.0,,,False,2026-02-04 14:45:00+00:00,31283,4974.983,sl,-70.0,0.0,0.0,-70.0,-1.0,-15.231999999999971,16.384000000000015,-2.1759999999999957,2.3405714285714305,1,300.0,0.24,17.993357142857217,37.55776897579318,overlap,Wed,14,False
736,XAUUSDm,long,2026-02-04 15:35:00+00:00,31293,4920.7029999999995,0.1,4913.703,4930.703,7.0,close_below_lower,0.6898122134275045,0.1,4925.703,0.5,0.0,0.0,0.0,,,False,2026-02-04 15:40:00+00:00,31294,4913.117,sl,-75.8599999999933,0.0,0.0,-75.8599999999933,-1.0837142857141902,-33.3179999999993,6.975000000000364,-4.759714285714186,0.9964285714286234,1,300.0,0.24,29.67528571428576,38.493246787894606,overlap,Wed,15,False
737,XAUUSDm,long,2026-02-04 16:50:00+00:00,31308,4871.162,0.1,4871.162,4881.162,7.0,close_below_lower,0.12712369966049558,0.05,4876.162,0.5,0.05,4902.1,154.6900000000005,31309.0,2026-02-04 16:55:00+00:00,True,2026-02-04 16:55:00+00:00,31309,4902.1,tp,309.380000000001,0.0,0.0,309.380000000001,4.4197142857143,-1.6630000000004657,35.93399999999929,-0.2375714285714951,5.133428571428469,1,300.0,0.16,26.611571428571356,39.92294953857026,newyork,Wed,16,False
738,XAUUSDm,short,2026-02-04 23:05:00+00:00,31371,4994.849,0.1,5001.849,4984.849,7.0,close_above_upper,0.0019988290014303074,0.1,4989.849,0.5,0.0,0.0,0.0,,,False,2026-02-04 23:10:00+00:00,31372,5002.209,sl,-73.59999999999673,0.0,0.0,-73.59999999999673,-1.0514285714285247,-3.876999999999498,7.6729999999997744,-0.5538571428570711,1.096142857142825,1,300.0,0.36,10.226285714285561,34.365790407417734,rollover,Wed,23,False
739,XAUUSDm,short,2026-02-04 23:15:00+00:00,31373,5008.993,0.1,5015.993,4998.993,7.0,close_above_upper,0.13308005387193778,0.1,5003.993,0.5,0.0,0.0,0.0,,,False,2026-02-04 23:20:00+00:00,31374,5016.353,sl,-73.59999999999673,0.0,0.0,-73.59999999999673,-1.0514285714285247,-6.972999999999956,3.563000000000102,-0.9961428571428509,0.5090000000000146,1,300.0,0.36,10.429928571428393,34.73281255838219,rollover,Wed,23,False
740,XAUUSDm,short,2026-02-04 23:30:00+00:00,31376,5019.892,0.1,5019.892,5009.892,7.0,close_above_upper,0.0035085832455582252,0.05,5014.892,0.5,0.05,5015.132,23.80000000000109,31377.0,2026-02-04 23:35:00+00:00,True,2026-02-04 23:40:00+00:00,31378,5020.132,be_stop,22.600000000002183,0.0,0.0,22.600000000002183,0.32285714285717404,-1.9589999999998327,10.02099999999973,-0.27985714285711893,1.43157142857139,2,600.0,0.24,11.39278571428544,34.97184765002339,rollover,Wed,23,False
741,XAUUSDm,long,2026-02-05 01:15:00+00:00,31397,4968.102,0.1,4961.102,4978.102,7.0,close_below_lower,0.11228667534898998,0.1,4973.102,0.5,0.0,0.0,0.0,,,False,2026-02-05 01:20:00+00:00,31398,4944.593,sl,-235.09000000000015,0.0,0.0,-235.09000000000015,-3.3584285714285733,-24.179000000000087,5.083999999999833,-3.4541428571428696,0.7262857142856903,1,300.0,0.24,13.44878571428561,34.93969382203788,asian,Thu,1,False
742,XAUUSDm,long,2026-02-05 01:25:00+00:00,31399,4947.621,0.1,4947.621,4957.621,7.0,close_below_lower,0.31563840768335955,0.05,4952.621,0.5,0.05,4952.621,25.0,31400.0,2026-02-05 01:30:00+00:00,True,2026-02-05 01:30:00+00:00,31400,4957.621,tp,75.0,0.0,0.0,75.0,1.0714285714285714,-11.560999999999694,10.15099999999984,-1.651571428571385,1.4501428571428343,1,300.0,0.24,14.555285714285674,35.49492399724517,asian,Thu,1,False
743,XAUUSDm,long,2026-02-05 02:15:00+00:00,31409,4915.423,0.1,4908.423,4925.423,7.0,close_below_lower,0.35460468413146673,0.1,4920.423,0.5,0.0,0.0,0.0,,,False,2026-02-05 02:20:00+00:00,31410,4908.423,sl,-70.0,0.0,0.0,-70.0,-1.0,-20.537999999999556,6.222000000000662,-2.9339999999999367,0.8888571428572375,1,300.0,0.24,21.145499999999824,35.654324887228235,asian,Thu,2,False
744,XAUUSDm,long,2026-02-05 02:45:00+00:00,31415,4897.001,0.1,4890.001,4907.001,7.0,close_below_lower,0.10454584223347432,0.1,4902.001,0.5,0.0,0.0,0.0,,,False,2026-02-05 02:50:00+00:00,31416,4852.304,sl,-446.97000000000116,0.0,0.0,-446.97000000000116,-6.385285714285731,-66.27599999999984,2.3789999999999054,-9.467999999999977,0.33985714285712937,1,300.0,0.24,21.682642857142778,35.85825666842971,asian,Thu,2,False
745,XAUUSDm,long,2026-02-05 02:55:00+00:00,31417,4845.724999999999,0.1,4838.725,4855.725,7.0,close_below_lower,0.9519106955350546,0.1,4850.725,0.5,0.0,0.0,0.0,,,False,2026-02-05 03:00:00+00:00,31418,4812.084,sl,-336.4099999999962,0.0,0.0,-336.4099999999962,-4.805857142857088,-38.63599999999951,8.536000000000968,-5.519428571428501,1.2194285714287096,1,300.0,0.16,27.84571428571423,36.50307425019436,asian,Thu,2,False
746,XAUUSDm,long,2026-02-05 03:05:00+00:00,31419,4837.349999999999,0.1,4837.349999999999,4847.35,7.0,close_below_lower,0.563042568241707,0.05,4842.35,0.5,0.05,4846.498,45.74000000000069,31420.0,2026-02-05 03:10:00+00:00,True,2026-02-05 03:10:00+00:00,31420,4847.35,tp,95.74000000000524,0.0,0.0,95.74000000000524,1.3677142857143605,-10.657999999999447,10.783000000000357,-1.5225714285713496,1.5404285714286223,1,300.0,0.16,33.5632142857143,37.26504867199615,asian,Thu,3,False
747,XAUUSDm,long,2026-02-05 09:15:00+00:00,31493,4863.094999999999,0.1,4856.095,4873.095,7.0,close_below_lower,0.13207298868162048,0.1,4868.095,0.5,0.0,0.0,0.0,,,False,2026-02-05 09:20:00+00:00,31494,4856.095,sl,-69.9999999999909,0.0,0.0,-69.9999999999909,-0.9999999999998701,-0.5839999999989232,10.897000000000844,-0.0834285714284176,1.5567142857144063,1,300.0,0.24,15.017642857142878,38.7855559518579,london,Thu,9,False
748,XAUUSDm,long,2026-02-05 12:20:00+00:00,31530,4820.675,0.1,4813.675,4830.675,7.0,close_below_lower,0.12575200457912342,0.1,4825.675,0.5,0.0,0.0,0.0,,,False,2026-02-05 12:25:00+00:00,31531,4813.675,sl,-70.0,0.0,0.0,-70.0,-1.0,-2.4310000000004948,11.083999999999833,-0.347285714285785,1.5834285714285474,1,300.0,0.16,12.925928571428358,39.048098488557734,overlap,Thu,12,False
749,XAUUSDm,short,2026-02-05 16:45:00+00:00,31583,4878.778,0.1,4885.778,4868.778,7.0,close_above_upper,0.008177157101645897,0.1,4873.778,0.5,0.0,0.0,0.0,,,False,2026-02-05 16:50:00+00:00,31584,4885.938,sl,-71.59999999999854,0.0,0.0,-71.59999999999854,-1.022857142857122,-7.72899999999936,14.221000000000458,-1.1041428571427656,2.031571428571494,1,300.0,0.16,18.38742857142857,38.963794096483795,newyork,Thu,16,False
750,XAUUSDm,short,2026-02-05 16:55:00+00:00,31585,4903.492,0.1,4903.492,4893.492,7.0,close_above_upper,0.3157782347166892,0.05,4898.492,0.5,0.05,4888.807,73.425000000002,31586.0,2026-02-05 17:00:00+00:00,True,2026-02-05 17:00:00+00:00,31586,4888.807,tp,146.850000000004,0.0,0.0,146.850000000004,2.0978571428572,-0.07899999999972351,19.25799999999981,-0.011285714285674788,2.7511428571428302,1,300.0,0.16,17.967928571428597,39.3745336209242,newyork,Thu,16,False
751,XAUUSDm,long,2026-02-05 21:35:00+00:00,31641,4768.081,0.1,4761.081,4778.081,7.0,close_below_lower,0.029542649843972868,0.1,4773.081,0.5,0.0,0.0,0.0,,,False,2026-02-05 21:40:00+00:00,31642,4761.081,sl,-70.0,0.0,0.0,-70.0,-1.0,-6.712000000000444,19.166000000000167,-0.9588571428572062,2.738000000000024,1,300.0,0.24,15.488428571428683,37.51335060742538,rollover,Thu,21,False
752,XAUUSDm,long,2026-02-05 23:50:00+00:00,31656,4714.995,0.1,4707.995,4724.995,7.0,close_below_lower,0.11142469510124349,0.1,4719.995,0.5,0.0,0.0,0.0,,,False,2026-02-05 23:55:00+00:00,31657,4707.995,sl,-70.0,0.0,0.0,-70.0,-1.0,-9.921000000000276,7.666000000000167,-1.4172857142857538,1.095142857142881,1,300.0,0.16,15.297499999999998,38.71468073599943,rollover,Thu,23,False
753,XAUUSDm,long,2026-02-06 00:00:00+00:00,31658,4703.842,0.1,4696.842,4713.842,7.0,close_below_lower,0.08227325751503593,0.1,4708.842,0.5,0.0,0.0,0.0,,,False,2026-02-06 00:05:00+00:00,31659,4686.853,sl,-169.88999999999578,0.0,0.0,-169.88999999999578,-2.4269999999999397,-17.710000000000036,3.4020000000000437,-2.530000000000005,0.48600000000000626,1,300.0,0.16,15.776428571428628,39.12153229321298,asian,Fri,0,False
754,XAUUSDm,long,2026-02-06 00:10:00+00:00,31660,4688.6449999999995,0.1,4681.645,4698.645,7.0,close_below_lower,0.10014804051765988,0.1,4693.645,0.5,0.0,0.0,0.0,,,False,2026-02-06 00:15:00+00:00,31661,4681.645,sl,-69.9999999999909,0.0,0.0,-69.9999999999909,-0.9999999999998701,-9.330999999999221,17.3700000000008,-1.3329999999998887,2.481428571428686,1,300.0,0.2,16.563785714285718,39.675379786560796,asian,Fri,0,False
755,XAUUSDm,long,2026-02-06 00:20:00+00:00,31662,4671.6320000000005,0.1,4671.6320000000005,4681.632,7.0,close_below_lower,0.1616096619143009,0.05,4676.632,0.5,0.05,4703.756,160.61999999999898,31663.0,2026-02-06 00:25:00+00:00,True,2026-02-06 00:25:00+00:00,31663,4703.756,tp,321.23999999999796,0.0,0.0,321.23999999999796,4.589142857142828,-1.8390000000008513,33.66899999999987,-0.2627142857144073,4.809857142857124,1,300.0,0.184,18.211000000000045,40.17149443747461,asian,Fri,0,False
756,XAUUSDm,short,2026-02-06 02:30:00+00:00,31688,4820.292,0.1,4827.292,4810.292,7.0,close_above_upper,0.1295519482676554,0.1,4815.292,0.5,0.0,0.0,0.0,,,False,2026-02-06 02:35:00+00:00,31689,4836.01,sl,-157.17999999999847,0.0,0.0,-157.17999999999847,-2.24542857142855,-17.50799999999981,10.874000000000706,-2.5011428571428302,1.5534285714286722,1,300.0,0.16,20.642642857142814,42.47960933844763,asian,Fri,2,False
757,XAUUSDm,short,2026-02-06 02:40:00+00:00,31690,4835.319,0.1,4835.319,4825.319,7.0,close_above_upper,0.11393440070297783,0.05,4830.319,0.5,0.05,4826.043,46.38000000000375,31691.0,2026-02-06 02:45:00+00:00,True,2026-02-06 02:45:00+00:00,31691,4825.479,tp,95.58000000000447,0.0,0.0,95.58000000000447,1.3654285714286354,-11.213999999999942,15.939000000000306,-1.6019999999999917,2.2770000000000437,1,300.0,0.16,20.935071428571387,43.03068662933521,asian,Fri,2,False
758,XAUUSDm,short,2026-02-06 06:00:00+00:00,31730,4897.494,0.1,4897.494,4887.494,7.0,close_above_upper,0.013260106822667948,0.05,4892.494,0.5,0.05,4887.54,49.76999999999862,31731.0,2026-02-06 06:05:00+00:00,True,2026-02-06 06:05:00+00:00,31731,4887.54,tp,99.53999999999724,0.0,0.0,99.53999999999724,1.4219999999999604,-5.73700000000008,15.28899999999976,-0.81957142857144,2.184142857142823,1,300.0,0.192,12.488499999999997,44.326580446228505,asian,Fri,6,False
759,XAUUSDm,short,2026-02-08 23:30:00+00:00,31928,5024.292,0.1,5031.292,5014.292,7.0,close_above_upper,0.32216723881169573,0.1,5019.292,0.5,0.0,0.0,0.0,,,False,2026-02-08 23:35:00+00:00,31929,5035.254,sl,-109.61999999999534,0.0,0.0,-109.61999999999534,-1.5659999999999334,-19.287999999999556,4.565000000000509,-2.755428571428508,0.6521428571429299,1,300.0,0.36,11.274785714285631,35.7410140044466,rollover,Sun,23,False
760,XAUUSDm,short,2026-02-08 23:40:00+00:00,31930,5036.189,0.1,5043.189,5026.189,7.0,close_above_upper,0.2673671054469278,0.1,5031.189,0.5,0.0,0.0,0.0,,,False,2026-02-08 23:45:00+00:00,31931,5043.429,sl,-72.39999999999782,0.0,0.0,-72.39999999999782,-1.0342857142856832,-6.645999999999731,4.244000000000597,-0.949428571428533,0.6062857142857995,1,300.0,0.24,13.82721428571423,36.167669774934375,rollover,Sun,23,False
761,XAUUSDm,short,2026-02-08 23:50:00+00:00,31932,5045.092,0.1,5045.092,5035.092,7.0,close_above_upper,0.14277620105111336,0.05,5040.092,0.5,0.05,5040.331999999999,23.80000000000109,31933.0,2026-02-08 23:55:00+00:00,True,2026-02-08 23:55:00+00:00,31933,5035.331999999999,tp,72.60000000000218,0.0,0.0,72.60000000000218,1.0371428571428882,-0.285000000000764,9.58599999999933,-0.04071428571439485,1.3694285714284757,1,300.0,0.36,14.55578571428571,36.64916233123632,rollover,Sun,23,False
762,XAUUSDm,long,2026-02-09 23:15:00+00:00,32201,5013.504,0.1,5006.504,5023.504,7.0,close_below_lower,0.7377219422061958,0.1,5018.504,0.5,0.0,0.0,0.0,,,False,2026-02-09 23:20:00+00:00,32202,5006.504,sl,-70.0,0.0,0.0,-70.0,-1.0,-3.220999999999549,11.55199999999968,-0.4601428571427927,1.6502857142856686,1,300.0,0.24,13.213785714285548,24.90369369939986,rollover,Mon,23,False
763,XAUUSDm,long,2026-02-09 23:25:00+00:00,32203,5014.101,0.1,5014.101,5024.101,7.0,close_below_lower,0.2974341694230204,0.05,5019.101,0.5,0.05,5023.181,45.399999999999636,32204.0,2026-02-09 23:30:00+00:00,True,2026-02-09 23:30:00+00:00,32204,5024.101,tp,95.39999999999964,0.0,0.0,95.39999999999964,1.3628571428571377,-5.988999999999578,11.34900000000016,-0.8555714285713683,1.621285714285737,1,300.0,0.24,14.762999999999854,25.260513889987685,rollover,Mon,23,False
764,XAUUSDm,long,2026-02-10 14:50:00+00:00,32388,5030.897,0.1,5030.897,5040.897,7.0,close_below_lower,0.20154862378764088,0.05,5035.897,0.5,0.05,5040.617,48.60000000000127,32389.0,2026-02-10 14:55:00+00:00,True,2026-02-10 14:55:00+00:00,32389,5040.897,tp,98.60000000000127,0.0,0.0,98.60000000000127,1.4085714285714468,-1.2250000000003638,9.969000000000051,-0.17500000000005198,1.4241428571428645,1,300.0,0.24,10.819285714285732,22.170452707372608,overlap,Tue,14,False
765,XAUUSDm,long,2026-02-10 15:40:00+00:00,32398,5007.86,0.1,5007.86,5017.86,7.0,close_below_lower,0.41790267312991697,0.05,5012.86,0.5,0.05,5013.897,30.18500000000131,32399.0,2026-02-10 15:45:00+00:00,True,2026-02-10 15:45:00+00:00,32399,5017.86,tp,80.18500000000131,0.0,0.0,80.18500000000131,1.1455000000000186,-0.3859999999995125,12.012000000000626,-0.0551428571427875,1.7160000000000895,1,300.0,0.24,14.001857142857066,22.73988504743159,overlap,Tue,15,False
766,XAUUSDm,short,2026-02-11 10:45:00+00:00,32615,5099.648,0.1,5099.648,5089.648,7.0,close_above_upper,0.6961038130109665,0.05,5094.648,0.5,0.05,5094.888,23.80000000000109,32616.0,2026-02-11 10:50:00+00:00,True,2026-02-11 11:00:00+00:00,32618,5089.888,tp,72.60000000000218,0.0,0.0,72.60000000000218,1.0371428571428882,-1.6440000000002328,8.21100000000024,-0.23485714285717613,1.1730000000000342,3,900.0,0.24,6.869714285714053,17.557610930565964,london,Wed,10,False
767,XAUUSDm,long,2026-02-11 12:45:00+00:00,32639,5068.567,0.1,5068.567,5078.567,7.0,close_below_lower,0.518167792350002,0.05,5073.567,0.5,0.05,5073.567,25.0,32640.0,2026-02-11 12:50:00+00:00,True,2026-02-11 12:50:00+00:00,32640,5078.567,tp,75.0,0.0,0.0,75.0,1.0714285714285714,-3.212000000000444,6.764000000000124,-0.45885714285720625,0.966285714285732,1,300.0,0.24,10.942214285714076,17.700708894256355,overlap,Wed,12,False
768,XAUUSDm,long,2026-02-11 13:35:00+00:00,32649,5049.931,0.1,5049.931,5059.931,7.0,close_below_lower,0.6413156306866603,0.05,5054.931,0.5,0.05,5064.077,70.7300000000032,32650.0,2026-02-11 13:40:00+00:00,True,2026-02-11 13:40:00+00:00,32650,5064.077,tp,141.4600000000064,0.0,0.0,141.4600000000064,2.0208571428572344,-9.734999999999673,18.072000000000116,-1.390714285714239,2.5817142857143023,1,300.0,0.24,15.964857142857195,18.029450902526406,overlap,Wed,13,False
769,XAUUSDm,long,2026-02-11 14:40:00+00:00,32662,5046.166,0.1,5046.166,5056.166,7.0,close_below_lower,0.2773783252450033,0.05,5051.166,0.5,0.05,5051.166,25.0,32663.0,2026-02-11 14:45:00+00:00,True,2026-02-11 14:50:00+00:00,32664,5046.166,be_stop,25.0,0.0,0.0,25.0,0.35714285714285715,-10.485000000000582,5.019999999999527,-1.497857142857226,0.7171428571427896,2,600.0,0.24,16.926428571428396,18.171903866163237,overlap,Wed,14,False
770,XAUUSDm,long,2026-02-11 23:15:00+00:00,32753,5063.875,0.1,5063.875,5073.875,7.0,close_below_lower,0.1004788997691031,0.05,5068.875,0.5,0.05,5068.875,25.0,32754.0,2026-02-11 23:20:00+00:00,True,2026-02-11 23:30:00+00:00,32756,5063.875,be_stop,25.0,0.0,0.0,25.0,0.35714285714285715,-5.216000000000349,6.917999999999665,-0.7451428571429071,0.9882857142856665,3,900.0,0.24,9.26035714285724,16.965830682413156,rollover,Wed,23,False
771,XAUUSDm,long,2026-02-12 15:00:00+00:00,32942,5044.4529999999995,0.1,5044.4529999999995,5054.453,7.0,close_below_lower,0.07414677909766053,0.05,5049.453,0.5,0.05,5053.535,45.41000000000167,32943.0,2026-02-12 15:05:00+00:00,True,2026-02-12 15:05:00+00:00,32943,5054.453,tp,95.41000000000622,0.0,0.0,95.41000000000622,1.3630000000000888,-5.01299999999992,10.025000000000546,-0.7161428571428458,1.432142857142935,1,300.0,0.24,10.109357142857075,15.488562627878885,overlap,Thu,15,False
772,XAUUSDm,long,2026-02-12 16:15:00+00:00,32957,4951.03,0.1,4944.03,4961.03,7.0,close_below_lower,5.373369970470005,0.1,4956.03,0.5,0.0,0.0,0.0,,,False,2026-02-12 16:20:00+00:00,32958,4934.47,sl,-165.5999999999949,0.0,0.0,-165.5999999999949,-2.365714285714213,-37.76599999999962,14.925000000000182,-5.395142857142803,2.1321428571428833,1,300.0,0.24,14.111642857142929,16.089948901160625,newyork,Thu,16,False
773,XAUUSDm,long,2026-02-12 16:25:00+00:00,32959,4923.523,0.1,4916.523,4933.523,7.0,close_below_lower,5.0499331741742415,0.1,4928.523,0.5,0.0,0.0,0.0,,,False,2026-02-12 16:30:00+00:00,32960,4897.625,sl,-258.9800000000014,0.0,0.0,-258.9800000000014,-3.6997142857143053,-45.11000000000058,0.0,-6.444285714285797,0.0,1,300.0,0.24,18.722857142857265,17.293570516117946,newyork,Thu,16,False
774,XAUUSDm,long,2026-02-12 16:35:00+00:00,32961,4938.085,0.1,4938.085,4948.085,7.0,close_below_lower,2.5285380362979253,0.05,4943.085,0.5,0.05,4957.425,96.70000000000073,32962.0,2026-02-12 16:40:00+00:00,True,2026-02-12 16:40:00+00:00,32962,4957.425,tp,193.40000000000146,0.0,0.0,193.40000000000146,2.7628571428571638,-4.905999999999949,20.02899999999954,-0.7008571428571356,2.861285714285649,1,300.0,0.24,24.77114285714301,18.305544508200388,newyork,Thu,16,False
775,XAUUSDm,long,2026-02-12 16:45:00+00:00,32963,4953.411999999999,0.1,4946.412,4963.412,7.0,close_below_lower,0.8079557517826828,0.1,4958.412,0.5,0.0,0.0,0.0,,,False,2026-02-12 16:50:00+00:00,32964,4935.991,sl,-174.20999999999367,0.0,0.0,-174.20999999999367,-2.4887142857141953,-20.019999999999527,3.54700000000048,-2.8599999999999324,0.5067142857143543,1,300.0,0.24,27.231714285714393,18.71767411640963,newyork,Thu,16,False
776,XAUUSDm,long,2026-02-12 16:55:00+00:00,32965,4935.9439999999995,0.1,4935.9439999999995,4945.944,7.0,close_below_lower,0.8676640282320511,0.05,4940.944,0.5,0.05,4954.565,93.10500000000047,32966.0,2026-02-12 17:00:00+00:00,True,2026-02-12 17:00:00+00:00,32966,4954.565,tp,186.21000000000095,0.0,0.0,186.21000000000095,2.6601428571428705,-0.9219999999995707,21.426000000000386,-0.1317142857142244,3.060857142857198,1,300.0,0.24,30.44271428571431,19.166222039989197,newyork,Thu,16,False
777,XAUUSDm,long,2026-02-12 18:10:00+00:00,32980,4925.266,0.1,4918.266,4935.266,7.0,close_below_lower,0.39880380178650326,0.1,4930.266,0.5,0.0,0.0,0.0,,,False,2026-02-12 18:15:00+00:00,32981,4918.266,sl,-70.0,0.0,0.0,-70.0,-1.0,-3.076000000000022,9.970000000000255,-0.43942857142857455,1.4242857142857506,1,300.0,0.24,15.857428571428565,19.584748258963238,newyork,Thu,18,False
778,XAUUSDm,long,2026-02-12 18:20:00+00:00,32982,4908.175,0.1,4908.175,4918.175,7.0,close_below_lower,0.8876691303340749,0.05,4913.175,0.5,0.05,4918.168,49.96499999999742,32983.0,2026-02-12 18:25:00+00:00,True,2026-02-12 18:25:00+00:00,32983,4918.175,tp,99.96499999999742,0.0,0.0,99.96499999999742,1.4280714285713916,-1.8739999999997963,23.16899999999987,-0.2677142857142566,3.309857142857124,1,300.0,0.16,15.64407142857148,19.818751879396917,newyork,Thu,18,False
779,XAUUSDm,long,2026-02-12 23:05:00+00:00,33027,4893.205,0.1,4893.205,4903.205,7.0,close_below_lower,0.2390670753507713,0.05,4898.205,0.5,0.05,4907.805,73.00000000000182,33028.0,2026-02-12 23:10:00+00:00,True,2026-02-12 23:10:00+00:00,33028,4907.805,tp,146.00000000000364,0.0,0.0,146.00000000000364,2.085714285714338,-3.9459999999999127,17.350000000000364,-0.5637142857142733,2.4785714285714806,1,300.0,0.5,8.767785714285699,20.882894924576846,rollover,Thu,23,False
780,XAUUSDm,short,2026-02-13 00:10:00+00:00,33040,4943.436,0.1,4943.436,4933.436,7.0,close_above_upper,0.10410156023618942,0.05,4938.436,0.5,0.05,4938.6759999999995,23.80000000000109,33041.0,2026-02-13 00:15:00+00:00,True,2026-02-13 00:20:00+00:00,33042,4943.6759999999995,be_stop,22.600000000002183,0.0,0.0,22.600000000002183,0.32285714285717404,-5.182999999999993,6.5900000000001455,-0.7404285714285704,0.9414285714285923,2,600.0,0.24,14.058571428571408,21.197111999618087,asian,Fri,0,False
781,XAUUSDm,short,2026-02-13 01:10:00+00:00,33052,4963.28,0.1,4970.28,4953.28,7.0,close_above_upper,0.10096162912697862,0.1,4958.28,0.5,0.0,0.0,0.0,,,False,2026-02-13 01:15:00+00:00,33053,4970.5199999999995,sl,-72.39999999999782,0.0,0.0,-72.39999999999782,-1.0342857142856832,-4.414999999999964,0.8490000000001601,-0.6307142857142806,0.12128571428573716,1,300.0,0.24,12.02314285714296,21.76001108846924,asian,Fri,1,False
782,XAUUSDm,short,2026-02-13 01:20:00+00:00,33054,4971.725,0.1,4971.725,4961.725,7.0,close_above_upper,0.17739620077337975,0.05,4966.725,0.5,0.05,4966.965,23.80000000000109,33055.0,2026-02-13 01:25:00+00:00,True,2026-02-13 01:30:00+00:00,33056,4971.965,be_stop,22.600000000002183,0.0,0.0,22.600000000002183,0.32285714285717404,-7.5659999999998035,5.8510000000005675,-1.0808571428571148,0.8358571428572239,2,600.0,0.24,10.571357142857257,21.956794231674905,asian,Fri,1,False
783,XAUUSDm,short,2026-02-13 01:50:00+00:00,33060,4986.695,0.1,4986.695,4976.695,7.0,close_above_upper,0.014247238926872187,0.05,4981.695,0.5,0.05,4980.442,31.26499999999851,33061.0,2026-02-13 01:55:00+00:00,True,2026-02-13 01:55:00+00:00,33061,4976.9349999999995,tp,80.0649999999996,0.0,0.0,80.0649999999996,1.1437857142857086,-2.1030000000000655,9.993999999999687,-0.30042857142858076,1.427714285714241,1,300.0,0.24,11.362071428571458,22.517881950370388,asian,Fri,1,False
784,XAUUSDm,short,2026-02-13 13:35:00+00:00,33201,4993.448,0.1,4993.448,4983.448,7.0,close_above_upper,0.09005685529032957,0.05,4988.448,0.5,0.05,4988.688,23.80000000000109,33202.0,2026-02-13 13:40:00+00:00,True,2026-02-13 13:40:00+00:00,33202,4983.688,tp,72.60000000000218,0.0,0.0,72.60000000000218,1.0371428571428882,-3.308999999999287,9.246000000000095,-0.47271428571418384,1.3208571428571563,1,300.0,0.24,8.969928571428811,21.525757815336608,overlap,Fri,13,False
785,XAUUSDm,short,2026-02-13 16:30:00+00:00,33236,5027.634,0.1,5027.634,5017.634,7.0,close_above_upper,0.18428458546964258,0.05,5022.634,0.5,0.05,5019.325,41.54500000000098,33237.0,2026-02-13 16:35:00+00:00,True,2026-02-13 16:35:00+00:00,33237,5017.874,tp,90.34500000000207,0.0,0.0,90.34500000000207,1.2906428571428867,-0.6099999999996726,11.055999999999585,-0.08714285714281036,1.5794285714285121,1,300.0,0.24,12.710357142857058,22.619939957793548,newyork,Fri,16,False
786,XAUUSDm,long,2026-02-17 00:55:00+00:00,33571,4952.465999999999,0.1,4945.466,4962.466,7.0,close_below_lower,0.5095766059583442,0.1,4957.466,0.5,0.0,0.0,0.0,,,False,2026-02-17 01:00:00+00:00,33572,4935.804,sl,-166.61999999999352,0.0,0.0,-166.61999999999352,-2.380285714285622,-21.04699999999957,0.6760000000003856,-3.0067142857142244,0.09657142857148367,1,300.0,0.24,6.552999999999819,15.968880329402609,asian,Tue,0,False
787,XAUUSDm,long,2026-02-17 01:05:00+00:00,33573,4934.575,0.1,4934.575,4944.575,7.0,close_below_lower,1.0265314247784476,0.05,4939.575,0.5,0.05,4947.865,66.44999999999982,33574.0,2026-02-17 01:10:00+00:00,True,2026-02-17 01:10:00+00:00,33574,4947.865,tp,132.89999999999964,0.0,0.0,132.89999999999964,1.8985714285714235,-0.23999999999978172,14.873999999999796,-0.034285714285683104,2.1248571428571137,1,300.0,0.24,9.144785714285522,16.338215992929044,asian,Tue,1,False
788,XAUUSDm,long,2026-02-17 05:15:00+00:00,33623,4928.465,0.1,4921.465,4938.465,7.0,close_below_lower,0.3443268126070748,0.1,4933.465,0.5,0.0,0.0,0.0,,,False,2026-02-17 05:20:00+00:00,33624,4900.948,sl,-275.16999999999825,0.0,0.0,-275.16999999999825,-3.930999999999975,-32.57899999999972,0.06499999999959982,-4.654142857142817,0.009285714285657118,1,300.0,0.24,5.878714285714133,16.094920351792897,asian,Tue,5,False
789,XAUUSDm,long,2026-02-17 05:25:00+00:00,33625,4897.815,0.1,4890.815,4907.815,7.0,close_below_lower,1.5416044493112755,0.1,4902.815,0.5,0.0,0.0,0.0,,,False,2026-02-17 05:30:00+00:00,33626,4890.815,sl,-70.0,0.0,0.0,-70.0,-1.0,-9.474999999999454,6.121000000000095,-1.3535714285713507,0.874428571428585,1,300.0,0.16,8.70835714285691,16.598581910579945,asian,Tue,5,False
790,XAUUSDm,long,2026-02-17 05:35:00+00:00,33627,4884.8009999999995,0.1,4877.801,4894.801,7.0,close_below_lower,1.614191462698245,0.1,4889.801,0.5,0.0,0.0,0.0,,,False,2026-02-17 05:40:00+00:00,33628,4877.801,sl,-69.9999999999909,0.0,0.0,-69.9999999999909,-0.9999999999998701,-9.485999999999876,5.742000000000189,-1.3551428571428394,0.8202857142857413,1,300.0,0.16,12.283357142856923,16.952535553005262,asian,Tue,5,False
791,XAUUSDm,long,2026-02-17 05:45:00+00:00,33629,4879.808,0.1,4879.808,4889.808,7.0,close_below_lower,1.1769487808080898,0.05,4884.808,0.5,0.05,4886.501,33.465000000001055,33630.0,2026-02-17 05:50:00+00:00,True,2026-02-17 05:50:00+00:00,33630,4889.808,tp,83.46500000000106,0.0,0.0,83.46500000000106,1.192357142857158,-6.131999999999607,8.127999999999702,-0.8759999999999438,1.1611428571428146,1,300.0,0.16,13.47899999999988,17.31425935273178,asian,Tue,5,False
792,XAUUSDm,long,2026-02-17 05:55:00+00:00,33631,4889.445,0.1,4889.445,4899.445,7.0,close_below_lower,0.10468339062756057,0.05,4894.445,0.5,0.05,4894.445,25.0,33633.0,2026-02-17 06:05:00+00:00,True,2026-02-17 06:10:00+00:00,33634,4889.445,be_stop,25.0,0.0,0.0,25.0,0.35714285714285715,-5.164999999999964,5.27599999999984,-0.7378571428571377,0.7537142857142628,3,900.0,0.16,14.808214285714127,17.476537109314474,asian,Tue,5,False
793,XAUUSDm,long,2026-02-17 13:20:00+00:00,33720,4913.11,0.1,4913.11,4923.11,7.0,close_below_lower,0.06009449141374625,0.05,4918.11,0.5,0.05,4918.11,25.0,33721.0,2026-02-17 13:25:00+00:00,True,2026-02-17 13:30:00+00:00,33722,4913.11,be_stop,25.0,0.0,0.0,25.0,0.35714285714285715,-2.105999999999767,9.731000000000677,-0.30085714285710957,1.3901428571429537,2,600.0,0.16,6.142499999999798,16.49295941931798,overlap,Tue,13,False
794,XAUUSDm,long,2026-02-17 14:00:00+00:00,33728,4870.806,0.1,4870.806,4880.806,7.0,close_below_lower,1.725343633991304,0.05,4875.806,0.5,0.05,4875.806,25.0,33729.0,2026-02-17 14:05:00+00:00,True,2026-02-17 14:05:00+00:00,33729,4880.806,tp,75.0,0.0,0.0,75.0,1.0714285714285714,-29.656999999999243,3.4060000000008586,-4.236714285714178,0.4865714285715512,1,300.0,0.16,10.82049999999994,16.80830536508384,overlap,Tue,14,False
795,XAUUSDm,long,2026-02-17 14:45:00+00:00,33737,4870.325,0.1,4863.325,4880.325,7.0,close_below_lower,0.43415971114883023,0.1,4875.325,0.5,0.0,0.0,0.0,,,False,2026-02-17 14:50:00+00:00,33738,4863.325,sl,-70.0,0.0,0.0,-70.0,-1.0,-9.648999999999432,6.332000000000335,-1.3784285714284903,0.9045714285714764,1,300.0,0.16,18.679857142857013,16.906336030232502,overlap,Tue,14,False
796,XAUUSDm,long,2026-02-17 15:00:00+00:00,33740,4864.1359999999995,0.1,4857.136,4874.136,7.0,close_below_lower,0.2453495857346994,0.1,4869.136,0.5,0.0,0.0,0.0,,,False,2026-02-17 15:05:00+00:00,33741,4857.136,sl,-69.9999999999909,0.0,0.0,-69.9999999999909,-0.9999999999998701,-15.364999999999782,4.719000000000051,-2.1949999999999688,0.6741428571428644,1,300.0,0.16,21.254142857142728,17.09513569992962,overlap,Tue,15,False
797,XAUUSDm,long,2026-02-17 15:10:00+00:00,33742,4857.956999999999,0.1,4857.956999999999,4867.957,7.0,close_below_lower,0.2593667161792867,0.05,4862.957,0.5,0.05,4862.957,25.000000000004547,33743.0,2026-02-17 15:15:00+00:00,True,2026-02-17 15:15:00+00:00,33743,4867.957,tp,75.0000000000091,0.0,0.0,75.0000000000091,1.0714285714287013,-6.399999999999636,6.565000000000509,-0.9142857142856623,0.9378571428572157,1,300.0,0.16,19.639428571428457,17.276697085296124,overlap,Tue,15,False
798,XAUUSDm,short,2026-02-17 16:10:00+00:00,33754,4888.682,0.1,4888.682,4878.682,7.0,close_above_upper,0.03358100474503522,0.05,4883.682,0.5,0.05,4883.842,24.200000000000728,33755.0,2026-02-17 16:15:00+00:00,True,2026-02-17 16:20:00+00:00,33756,4888.842,be_stop,23.400000000001455,0.0,0.0,23.400000000001455,0.33428571428573506,-2.2229999999999563,6.042999999999665,-0.31757142857142234,0.8632857142856665,2,600.0,0.16,13.816571428571349,17.53967987231843,newyork,Tue,16,False
799,XAUUSDm,long,2026-02-17 17:15:00+00:00,33767,4855.385,0.1,4855.385,4865.385,7.0,close_below_lower,0.02342460432832066,0.05,4860.385,0.5,0.05,4863.23,39.224999999996726,33768.0,2026-02-17 17:20:00+00:00,True,2026-02-17 17:30:00+00:00,33770,4865.385,tp,89.22499999999673,0.0,0.0,89.22499999999673,1.2746428571428103,-0.3640000000004875,9.88000000000011,-0.05200000000006964,1.411428571428587,3,900.0,0.16,9.99657142857138,17.735157163321844,newyork,Tue,17,False
800,XAUUSDm,short,2026-02-17 18:25:00+00:00,33781,4885.543,0.1,4885.543,4875.543,7.0,close_above_upper,0.009944866456822195,0.05,4880.543,0.5,0.05,4880.7029999999995,24.200000000000728,33782.0,2026-02-17 18:30:00+00:00,True,2026-02-17 18:35:00+00:00,33783,4885.7029999999995,be_stop,23.400000000001455,0.0,0.0,23.400000000001455,0.33428571428573506,-4.9080000000003565,5.623999999999796,-0.701142857142908,0.8034285714285423,2,600.0,0.16,7.975500000000076,17.73424105529063,newyork,Tue,18,False
801,XAUUSDm,short,2026-02-18 13:10:00+00:00,33994,4954.989,0.1,4961.989,4944.989,7.0,close_above_upper,0.26615002441587343,0.1,4949.989,0.5,0.0,0.0,0.0,,,False,2026-02-18 13:35:00+00:00,33999,4962.148999999999,sl,-71.59999999999854,0.0,0.0,-71.59999999999854,-1.022857142857122,-4.621000000000095,2.370999999999185,-0.6601428571428707,0.3387142857141693,5,1500.0,0.16,7.121500000000067,18.566670118193063,overlap,Wed,13,False
802,XAUUSDm,short,2026-02-18 14:40:00+00:00,34012,4983.577,0.1,4990.577,4973.577,7.0,close_above_upper,0.2226007037019715,0.1,4978.577,0.5,0.0,0.0,0.0,,,False,2026-02-18 14:50:00+00:00,34014,4990.753000000001,sl,-71.76000000000386,0.0,0.0,-71.76000000000386,-1.0251428571429122,-5.6469999999999345,4.770000000000437,-0.8067142857142764,0.6814285714286338,2,600.0,0.176,8.546714285714383,19.054780801886643,overlap,Wed,14,False
803,XAUUSDm,short,2026-02-18 14:55:00+00:00,34015,4992.852,0.1,4999.852,4982.852,7.0,close_above_upper,0.24767894594359824,0.1,4987.852,0.5,0.0,0.0,0.0,,,False,2026-02-18 15:00:00+00:00,34016,5000.028,sl,-71.76000000000386,0.0,0.0,-71.76000000000386,-1.0251428571429122,-1.300000000000182,2.3869999999997162,-0.1857142857143117,0.34099999999995945,1,300.0,0.16,8.58678571428579,19.297531913683446,overlap,Wed,14,False
804,XAUUSDm,short,2026-02-18 15:05:00+00:00,34017,5003.753,0.1,5003.753,4993.753,7.0,close_above_upper,0.4402521659824325,0.05,4998.753,0.5,0.05,4998.593,25.799999999999272,34018.0,2026-02-18 15:10:00+00:00,True,2026-02-18 15:15:00+00:00,34019,5004.221,be_stop,23.460000000000036,0.0,0.0,23.460000000000036,0.3351428571428577,-2.4990000000007058,9.61200000000008,-0.35700000000010085,1.3731428571428685,2,600.0,0.24,9.205785714285737,19.5288080453904,overlap,Wed,15,False
805,XAUUSDm,short,2026-02-19 14:55:00+00:00,34291,5005.398,0.1,5005.398,4995.398,7.0,close_above_upper,0.24662535468601593,0.05,5000.398,0.5,0.05,5000.638,23.80000000000109,34292.0,2026-02-19 15:00:00+00:00,True,2026-02-19 15:05:00+00:00,34293,5005.638,be_stop,22.600000000002183,0.0,0.0,22.600000000002183,0.32285714285717404,-4.905999999999949,5.890000000000327,-0.7008571428571356,0.8414285714286182,2,600.0,0.24,8.989071428571346,14.840092821028819,overlap,Thu,14,False
806,XAUUSDm,short,2026-02-19 15:30:00+00:00,34298,5016.144,0.1,5016.144,5006.144,7.0,close_above_upper,0.13739886261204615,0.05,5011.144,0.5,0.05,5011.384,23.80000000000109,34302.0,2026-02-19 15:50:00+00:00,True,2026-02-19 16:05:00+00:00,34305,5006.384,tp,72.60000000000218,0.0,0.0,72.60000000000218,1.0371428571428882,-6.193000000000211,9.636000000000422,-0.8847142857143159,1.376571428571489,7,2100.0,0.24,9.733785714285789,15.148333288398206,overlap,Thu,15,False
807,XAUUSDm,short,2026-02-20 09:10:00+00:00,34498,5038.833,0.1,5038.833,5028.833,7.0,close_above_upper,0.04621932374833656,0.05,5033.833,0.5,0.05,5034.072999999999,23.80000000000109,34501.0,2026-02-20 09:25:00+00:00,True,2026-02-20 09:40:00+00:00,34504,5031.925,cross_center,58.33999999999833,0.0,0.0,58.33999999999833,0.8334285714285475,-3.642000000000735,9.022999999999229,-0.5202857142858193,1.2889999999998898,6,1800.0,0.24,5.6604999999998915,14.487681377929096,london,Fri,9,False
808,XAUUSDm,short,2026-02-20 13:55:00+00:00,34555,5045.357,0.1,5045.357,5035.357,7.0,close_above_upper,0.12632103497636257,0.05,5040.357,0.5,0.05,5040.597,23.80000000000109,34556.0,2026-02-20 14:00:00+00:00,True,2026-02-20 14:05:00+00:00,34557,5045.597,be_stop,22.600000000002183,0.0,0.0,22.600000000002183,0.32285714285717404,-3.367000000000189,6.351999999999862,-0.481000000000027,0.9074285714285517,2,600.0,0.24,5.833642857142812,13.733631352432521,overlap,Fri,13,False
809,XAUUSDm,long,2026-02-20 15:05:00+00:00,34569,5027.588,0.1,5020.588,5037.588,7.0,close_below_lower,0.31969593619180925,0.1,5032.588,0.5,0.0,0.0,0.0,,,False,2026-02-20 15:10:00+00:00,34570,5020.588,sl,-70.0,0.0,0.0,-70.0,-1.0,-38.555999999999585,2.8010000000003856,-5.5079999999999405,0.40014285714291226,1,300.0,0.24,10.779285714285963,14.057439637182974,overlap,Fri,15,False
810,XAUUSDm,long,2026-02-20 15:15:00+00:00,34571,5022.86,0.1,5022.86,5032.86,7.0,close_below_lower,0.35965159570184757,0.05,5027.86,0.5,0.05,5035.849,64.94500000000244,34572.0,2026-02-20 15:20:00+00:00,True,2026-02-20 15:20:00+00:00,34572,5035.849,tp,129.89000000000487,0.0,0.0,129.89000000000487,1.8555714285714981,-2.9409999999998035,21.9970000000003,-0.42014285714282906,3.142428571428614,1,300.0,0.24,14.212285714285956,14.205751664456699,overlap,Fri,15,False
811,XAUUSDm,long,2026-02-20 15:25:00+00:00,34573,5024.32,0.1,5017.32,5034.32,7.0,close_below_lower,0.054591013764369284,0.1,5029.32,0.5,0.0,0.0,0.0,,,False,2026-02-20 15:30:00+00:00,34574,5017.32,sl,-70.0,0.0,0.0,-70.0,-1.0,-13.018999999999323,2.255000000000109,-1.8598571428570463,0.3221428571428727,1,300.0,0.24,15.885000000000218,14.266530000868263,overlap,Fri,15,False
812,XAUUSDm,short,2026-02-20 16:35:00+00:00,34587,5067.268,0.1,5067.268,5057.268,7.0,close_above_upper,0.363259584393584,0.05,5062.268,0.5,0.05,5062.508,23.80000000000109,34588.0,2026-02-20 16:40:00+00:00,True,2026-02-20 16:45:00+00:00,34589,5067.508,be_stop,22.600000000002183,0.0,0.0,22.600000000002183,0.32285714285717404,-1.2460000000000946,8.00799999999981,-0.1780000000000135,1.143999999999973,2,600.0,0.24,11.826142857142909,14.75086435754353,newyork,Fri,16,False
813,XAUUSDm,short,2026-02-22 23:05:00+00:00,34653,5117.51,0.1,5124.51,5107.51,7.0,close_above_upper,0.1569436597469827,0.1,5112.51,0.5,0.0,0.0,0.0,,,False,2026-02-22 23:10:00+00:00,34654,5135.5509999999995,sl,-180.40999999999258,0.0,0.0,-180.40999999999258,-2.5772857142856083,-23.292999999999665,0.11099999999987631,-3.327571428571381,0.015857142857125188,1,300.0,0.36,5.39700000000026,15.686798064879529,rollover,Sun,23,False
814,XAUUSDm,short,2026-02-22 23:15:00+00:00,34655,5146.413,0.1,5146.413,5136.413,7.0,close_above_upper,1.3453257196042503,0.05,5141.413,0.5,0.05,5141.772999999999,23.200000000001637,34656.0,2026-02-22 23:20:00+00:00,True,2026-02-22 23:25:00+00:00,34657,5146.772999999999,be_stop,21.400000000003274,0.0,0.0,21.400000000003274,0.3057142857143325,-3.615000000000691,6.005999999999403,-0.5164285714286702,0.8579999999999147,2,600.0,0.36,6.632571428571607,16.061984700939625,rollover,Sun,23,False
815,XAUUSDm,short,2026-02-22 23:30:00+00:00,34658,5146.122,0.1,5153.122,5136.122,7.0,close_above_upper,0.5142382103725972,0.1,5141.122,0.5,0.0,0.0,0.0,,,False,2026-02-22 23:40:00+00:00,34660,5153.482,sl,-73.59999999999673,0.0,0.0,-73.59999999999673,-1.0514285714285247,-5.585000000000036,1.7550000000001091,-0.797857142857148,0.2507142857143013,2,600.0,0.36,7.591000000000155,16.451159583294512,rollover,Sun,23,False
816,XAUUSDm,short,2026-02-22 23:45:00+00:00,34661,5158.537,0.1,5165.537,5148.537,7.0,close_above_upper,0.571015680810175,0.1,5153.537,0.5,0.0,0.0,0.0,,,False,2026-02-22 23:50:00+00:00,34662,5165.777,sl,-72.39999999999782,0.0,0.0,-72.39999999999782,-1.0342857142856832,-2.0159999999996217,4.863000000000284,-0.28799999999994597,0.6947142857143263,1,300.0,0.36,8.454071428571622,16.735749353981046,rollover,Sun,23,False
817,XAUUSDm,short,2026-02-22 23:55:00+00:00,34663,5165.044,0.1,5165.044,5155.044,7.0,close_above_upper,0.4659820884625371,0.05,5160.044,0.5,0.05,5160.4039999999995,23.200000000001637,34664.0,2026-02-23 00:00:00+00:00,True,2026-02-23 00:00:00+00:00,34664,5155.4039999999995,tp,71.40000000000327,0.0,0.0,71.40000000000327,1.0200000000000469,-6.824000000000524,1.719000000000051,-0.9748571428572177,0.24557142857143585,1,300.0,0.24,9.349142857142981,16.95680704714969,rollover,Sun,23,False
818,XAUUSDm,short,2026-02-23 14:40:00+00:00,34840,5184.08,0.1,5191.08,5174.08,7.0,close_above_upper,0.4887909729607051,0.1,5179.08,0.5,0.0,0.0,0.0,,,False,2026-02-23 14:45:00+00:00,34841,5191.32,sl,-72.39999999999782,0.0,0.0,-72.39999999999782,-1.0342857142856832,-6.764000000000124,2.16399999999976,-0.966285714285732,0.30914285714282286,1,300.0,0.24,6.1315714285713385,16.328836488112405,overlap,Mon,14,False
819,XAUUSDm,short,2026-02-23 14:50:00+00:00,34842,5194.517,0.1,5194.517,5184.517,7.0,close_above_upper,0.6672881579877348,0.05,5189.517,0.5,0.05,5189.757,23.80000000000109,34843.0,2026-02-23 14:55:00+00:00,True,2026-02-23 15:00:00+00:00,34844,5184.8769999999995,tp,72.00000000000273,0.0,0.0,72.00000000000273,1.0285714285714675,-5.824000000000524,7.018000000000029,-0.8320000000000748,1.0025714285714327,2,600.0,0.36,6.657714285714194,16.620838373503474,overlap,Mon,14,False
820,XAUUSDm,short,2026-02-23 15:10:00+00:00,34846,5197.168,0.1,5197.168,5187.168,7.0,close_above_upper,0.067689257628863,0.05,5192.168,0.5,0.05,5192.407999999999,23.80000000000109,34848.0,2026-02-23 15:20:00+00:00,True,2026-02-23 15:25:00+00:00,34849,5197.527999999999,be_stop,22.00000000000273,0.0,0.0,22.00000000000273,0.31428571428575325,-6.539000000000669,10.594999999999345,-0.9341428571429528,1.513571428571335,3,900.0,0.24,8.561999999999964,16.969396728360703,overlap,Mon,15,False
821,XAUUSDm,short,2026-02-23 16:20:00+00:00,34860,5214.761,0.1,5214.761,5204.761,7.0,close_above_upper,0.004125206993640154,0.05,5209.761,0.5,0.05,5210.121,23.200000000001637,34862.0,2026-02-23 16:30:00+00:00,True,2026-02-23 16:50:00+00:00,34866,5215.025000000001,be_stop,21.88000000000102,0.0,0.0,21.88000000000102,0.3125714285714431,-4.32799999999952,8.408000000000357,-0.6182857142856457,1.2011428571429081,6,1800.0,0.36,11.409642857142964,17.355118469710376,newyork,Mon,16,False
822,XAUUSDm,long,2026-02-24 01:10:00+00:00,34954,5207.753,0.1,5200.753,5217.753,7.0,close_below_lower,0.023265945783708535,0.1,5212.753,0.5,0.0,0.0,0.0,,,False,2026-02-24 01:15:00+00:00,34955,5185.528,sl,-222.24999999999454,0.0,0.0,-222.24999999999454,-3.174999999999922,-23.853000000000065,3.326000000000022,-3.407571428571438,0.47514285714286025,1,300.0,0.36,9.532785714285637,18.14185634470035,asian,Tue,1,False
823,XAUUSDm,long,2026-02-24 01:20:00+00:00,34956,5160.384,0.1,5153.384,5170.384,7.0,close_below_lower,1.9490378173043699,0.1,5165.384,0.5,0.0,0.0,0.0,,,False,2026-02-24 01:25:00+00:00,34957,5150.885,sl,-94.98999999999796,0.0,0.0,-94.98999999999796,-1.356999999999971,-10.238999999999578,12.030999999999949,-1.4627142857142255,1.7187142857142785,1,300.0,0.36,12.543642857142784,18.650861205008336,asian,Tue,1,False
824,XAUUSDm,long,2026-02-24 01:30:00+00:00,34958,5165.353,0.1,5165.353,5175.353,7.0,close_below_lower,0.9347658190073622,0.05,5170.353,0.5,0.05,5170.516,25.81499999999778,34959.0,2026-02-24 01:35:00+00:00,True,2026-02-24 01:35:00+00:00,34959,5175.353,tp,75.81499999999778,0.0,0.0,75.81499999999778,1.083071428571397,-4.206000000000131,8.30199999999968,-0.6008571428571615,1.1859999999999542,1,300.0,0.36,14.539285714285597,19.17554428058023,asian,Tue,1,False
825,XAUUSDm,long,2026-02-24 01:40:00+00:00,34960,5165.204,0.1,5165.204,5175.204,7.0,close_below_lower,0.43992112167932035,0.05,5170.204,0.5,0.05,5174.098,44.470000000001164,34961.0,2026-02-24 01:45:00+00:00,True,2026-02-24 01:45:00+00:00,34961,5175.204,tp,94.47000000000116,0.0,0.0,94.47000000000116,1.3495714285714453,-1.6439999999993233,10.984000000000378,-0.2348571428570462,1.5691428571429111,1,300.0,0.36,15.004357142857057,19.417390341050023,asian,Tue,1,False
826,XAUUSDm,long,2026-02-24 12:20:00+00:00,35088,5151.646,0.1,5151.646,5161.646,7.0,close_below_lower,0.09336192952789152,0.05,5156.646,0.5,0.05,5158.491,34.22500000000127,35089.0,2026-02-24 12:25:00+00:00,True,2026-02-24 12:25:00+00:00,35089,5161.646,tp,84.22500000000127,0.0,0.0,84.22500000000127,1.203214285714304,-0.8959999999997308,10.47400000000016,-0.12799999999996153,1.496285714285737,1,300.0,0.264,5.127999999999962,17.661432996676634,overlap,Tue,12,False
827,XAUUSDm,long,2026-02-24 13:50:00+00:00,35106,5126.9169999999995,0.1,5119.917,5136.917,7.0,close_below_lower,0.34226654094335296,0.1,5131.917,0.5,0.0,0.0,0.0,,,False,2026-02-24 13:55:00+00:00,35107,5119.917,sl,-69.9999999999909,0.0,0.0,-69.9999999999909,-0.9999999999998701,-4.786999999999352,7.227000000000771,-0.6838571428570503,1.0324285714286816,1,300.0,0.24,9.221785714285748,17.764426408934966,overlap,Tue,13,False
828,XAUUSDm,long,2026-02-24 14:00:00+00:00,35108,5114.866,0.1,5114.866,5124.866,7.0,close_below_lower,0.6432434398497029,0.05,5119.866,0.5,0.05,5119.866,25.0,35109.0,2026-02-24 14:05:00+00:00,True,2026-02-24 14:05:00+00:00,35109,5124.866,tp,75.0,0.0,0.0,75.0,1.0714285714285714,-6.894000000000233,9.61700000000019,-0.9848571428571761,1.37385714285717,1,300.0,0.24,11.078785714285784,18.013599654506297,overlap,Tue,14,False
829,XAUUSDm,long,2026-02-24 14:15:00+00:00,35111,5104.8859999999995,0.1,5104.8859999999995,5114.886,7.0,close_below_lower,0.6123664375901334,0.05,5109.886,0.5,0.05,5109.886,25.000000000004547,35112.0,2026-02-24 14:20:00+00:00,True,2026-02-24 14:20:00+00:00,35112,5114.886,tp,75.0000000000091,0.0,0.0,75.0000000000091,1.0714285714287013,-4.420999999999367,3.855000000000473,-0.6315714285713382,0.5507142857143533,1,300.0,0.24,13.057214285714378,18.360968088648573,overlap,Tue,14,False
830,XAUUSDm,short,2026-02-25 01:10:00+00:00,35230,5168.597,0.1,5175.597,5158.597,7.0,close_above_upper,0.06963168940087822,0.1,5163.597,0.5,0.0,0.0,0.0,,,False,2026-02-25 01:15:00+00:00,35231,5175.8369999999995,sl,-72.39999999999782,0.0,0.0,-72.39999999999782,-1.0342857142856832,-7.996000000000095,4.708999999999833,-1.142285714285728,0.6727142857142618,1,300.0,0.24,8.409999999999854,18.01651759215332,asian,Wed,1,False
831,XAUUSDm,short,2026-02-25 01:20:00+00:00,35232,5184.103,0.1,5184.103,5174.103,7.0,close_above_upper,0.5580600119386737,0.05,5179.103,0.5,0.05,5178.933,25.850000000000364,35233.0,2026-02-25 01:25:00+00:00,True,2026-02-25 01:30:00+00:00,35234,5185.353,be_stop,19.600000000000364,0.0,0.0,19.600000000000364,0.2800000000000052,-4.641999999999825,5.882999999999811,-0.6631428571428322,0.8404285714285444,2,600.0,0.24,8.92049999999985,18.285367111206583,asian,Wed,1,False
832,XAUUSDm,short,2026-02-25 01:35:00+00:00,35235,5185.802,0.1,5185.802,5175.802,7.0,close_above_upper,0.09674931269942835,0.05,5180.802,0.5,0.05,5181.0419999999995,23.80000000000109,35236.0,2026-02-25 01:40:00+00:00,True,2026-02-25 01:45:00+00:00,35237,5186.0419999999995,be_stop,22.600000000002183,0.0,0.0,22.600000000002183,0.32285714285717404,-4.068000000000211,7.204999999999927,-0.5811428571428873,1.029285714285704,2,600.0,0.24,9.620071428571269,18.646566760746527,asian,Wed,1,False
833,XAUUSDm,long,2026-02-25 14:40:00+00:00,35392,5160.392,0.1,5160.392,5170.392,7.0,close_below_lower,0.24080192850231968,0.05,5165.392,0.5,0.05,5175.026,73.17000000000007,35393.0,2026-02-25 14:45:00+00:00,True,2026-02-25 14:45:00+00:00,35393,5175.026,tp,146.34000000000015,0.0,0.0,146.34000000000015,2.0905714285714305,-0.8400000000001455,15.84900000000016,-0.12000000000002078,2.26414285714288,1,300.0,0.24,6.2882857142857835,17.35473982650823,overlap,Wed,14,False
834,XAUUSDm,long,2026-02-25 20:50:00+00:00,35466,5173.9439999999995,0.1,5166.944,5183.944,7.0,close_below_lower,0.06127364528007788,0.1,5178.944,0.5,0.0,0.0,0.0,,,False,2026-02-25 20:55:00+00:00,35467,5166.944,sl,-69.9999999999909,0.0,0.0,-69.9999999999909,-0.9999999999998701,-2.1309999999994034,6.404000000000451,-0.30442857142848617,0.9148571428572073,1,300.0,0.36,8.240714285714018,16.132530936352477,newyork,Wed,20,False
835,XAUUSDm,long,2026-02-25 21:00:00+00:00,35468,5152.41,0.1,5152.41,5162.41,7.0,close_below_lower,1.0123660283008529,0.05,5157.41,0.5,0.05,5157.41,25.0,35469.0,2026-02-25 21:05:00+00:00,True,2026-02-25 21:05:00+00:00,35469,5162.41,tp,75.0,0.0,0.0,75.0,1.0714285714285714,-2.3479999999999563,7.819000000000415,-0.3354285714285652,1.1170000000000593,1,300.0,0.36,10.305571428571252,16.353533867585885,rollover,Wed,21,False
836,XAUUSDm,long,2026-02-26 15:30:00+00:00,35678,5141.599999999999,0.1,5141.599999999999,5151.6,7.0,close_below_lower,0.42565301472650874,0.05,5146.6,0.5,0.05,5153.724,60.62000000000353,35679.0,2026-02-26 15:35:00+00:00,True,2026-02-26 15:35:00+00:00,35679,5153.724,tp,121.24000000000706,0.0,0.0,121.24000000000706,1.7320000000001008,-1.1199999999998909,14.81500000000051,-0.1599999999999844,2.1164285714286444,1,300.0,0.24,12.73528571428577,14.876794242468751,overlap,Thu,15,False
837,XAUUSDm,short,2026-02-26 15:50:00+00:00,35682,5182.316,0.1,5189.316,5172.316,7.0,close_above_upper,0.1709262425617831,0.1,5177.316,0.5,0.0,0.0,0.0,,,False,2026-02-26 15:55:00+00:00,35683,5189.651,sl,-73.35000000000036,0.0,0.0,-73.35000000000036,-1.0478571428571481,-10.398000000000138,1.5270000000000437,-1.485428571428591,0.21814285714286338,1,300.0,0.24,12.891500000000113,15.11600906380098,overlap,Thu,15,False
838,XAUUSDm,short,2026-02-26 16:00:00+00:00,35684,5185.705,0.1,5185.705,5175.705,7.0,close_above_upper,0.06752116657217228,0.05,5180.705,0.5,0.05,5178.873,34.16000000000167,35685.0,2026-02-26 16:05:00+00:00,True,2026-02-26 16:10:00+00:00,35686,5175.945,tp,82.96000000000276,0.0,0.0,82.96000000000276,1.1851428571428966,-1.337999999999738,9.05999999999949,-0.19114285714281973,1.2942857142856414,2,600.0,0.24,12.502071428571526,15.314864122880216,newyork,Thu,16,False
839,XAUUSDm,short,2026-02-27 13:10:00+00:00,35914,5211.208,0.1,5218.208,5201.208,7.0,close_above_upper,0.7575725433139425,0.1,5206.208,0.5,0.0,0.0,0.0,,,False,2026-02-27 13:15:00+00:00,35915,5218.567999999999,sl,-73.59999999999673,0.0,0.0,-73.59999999999673,-1.0514285714285247,-3.160000000000764,1.071999999999207,-0.4514285714286806,0.15314285714274384,1,300.0,0.24,4.869714285714248,12.66243449652374,overlap,Fri,13,False
840,XAUUSDm,short,2026-02-27 13:20:00+00:00,35916,5218.413,0.1,5225.413,5208.413,7.0,close_above_upper,0.8404525600996592,0.1,5213.413,0.5,0.0,0.0,0.0,,,False,2026-02-27 13:25:00+00:00,35917,5235.228,sl,-168.1500000000051,0.0,0.0,-168.1500000000051,-2.40214285714293,-18.63300000000072,1.88799999999992,-2.661857142857246,0.2697142857142743,1,300.0,0.36,5.215999999999959,12.830012951317848,overlap,Fri,13,False
841,XAUUSDm,short,2026-02-27 13:30:00+00:00,35918,5235.027,0.1,5235.027,5225.027,7.0,close_above_upper,1.4006980654403385,0.05,5230.027,0.5,0.05,5225.902,45.625,35919.0,2026-02-27 13:35:00+00:00,True,2026-02-27 13:35:00+00:00,35919,5225.387,tp,93.82500000000164,0.0,0.0,93.82500000000164,1.3403571428571663,-0.7650000000003274,14.810999999999694,-0.10928571428576106,2.115857142857099,1,300.0,0.36,6.841714285714326,13.129874930735642,overlap,Fri,13,False
842,XAUUSDm,short,2026-02-27 16:15:00+00:00,35951,5253.542,0.1,5253.542,5243.542,7.0,close_above_upper,0.31966075116615617,0.05,5248.542,0.5,0.05,5248.902,23.200000000001637,35952.0,2026-02-27 16:20:00+00:00,True,2026-02-27 16:20:00+00:00,35952,5243.902,tp,71.40000000000327,0.0,0.0,71.40000000000327,1.0200000000000469,-4.144999999999527,3.6240000000007058,-0.5921428571427896,0.5177142857143865,1,300.0,0.36,10.708142857142905,13.617315177992408,newyork,Fri,16,False
843,XAUUSDm,short,2026-02-27 21:50:00+00:00,36018,5277.826,0.1,5284.826,5267.826,7.0,close_above_upper,0.03061784465728785,0.1,5272.826,0.5,0.0,0.0,0.0,,,False,2026-03-01 23:00:00+00:00,36020,5319.872,sl,-420.46000000000276,0.0,0.0,-420.46000000000276,-6.006571428571468,-3.436999999999898,0.8909999999996217,-0.49099999999998545,0.12728571428566024,2,177000.0,0.36,4.92335714285712,12.966456011002819,rollover,Fri,21,False
844,XAUUSDm,short,2026-03-01 23:05:00+00:00,36021,5332.672,0.1,5339.672,5322.672,7.0,close_above_upper,2.472646224710946,0.1,5327.672,0.5,0.0,0.0,0.0,,,False,2026-03-01 23:10:00+00:00,36022,5351.791,sl,-191.19000000000597,0.0,0.0,-191.19000000000597,-2.7312857142857996,-20.50800000000072,5.2169999999996435,-2.9297142857143887,0.7452857142856634,1,300.0,0.5,7.550214285714252,13.34043559057347,rollover,Sun,23,False
845,XAUUSDm,short,2026-03-01 23:15:00+00:00,36023,5348.063,0.1,5355.063,5338.063,7.0,close_above_upper,3.1982728073072617,0.1,5343.063,0.5,0.0,0.0,0.0,,,False,2026-03-01 23:20:00+00:00,36024,5355.423,sl,-73.59999999999673,0.0,0.0,-73.59999999999673,-1.0514285714285247,-10.640999999999622,4.163000000000466,-1.520142857142803,0.5947142857143523,1,300.0,0.36,10.275999999999906,14.034512382623348,rollover,Sun,23,False
846,XAUUSDm,short,2026-03-01 23:25:00+00:00,36025,5351.141,0.1,5358.141,5341.141,7.0,close_above_upper,2.2504939481777955,0.1,5346.141,0.5,0.0,0.0,0.0,,,False,2026-03-01 23:30:00+00:00,36026,5358.500999999999,sl,-73.59999999999673,0.0,0.0,-73.59999999999673,-1.0514285714285247,-5.802000000000589,1.2559999999994034,-0.828857142857227,0.1794285714284862,1,300.0,0.36,11.549714285714279,14.546014793661328,rollover,Sun,23,False
847,XAUUSDm,short,2026-03-01 23:35:00+00:00,36027,5366.908,0.1,5373.908,5356.908,7.0,close_above_upper,2.2030609620238546,0.1,5361.908,0.5,0.0,0.0,0.0,,,False,2026-03-01 23:40:00+00:00,36028,5377.143,sl,-102.34999999999673,0.0,0.0,-102.34999999999673,-1.4621428571428103,-13.492999999999483,3.154000000000451,-1.9275714285713548,0.450571428571493,1,300.0,0.36,12.635499999999995,15.079570667542963,rollover,Sun,23,False
848,XAUUSDm,short,2026-03-01 23:45:00+00:00,36029,5382.13,0.1,5389.13,5372.13,7.0,close_above_upper,2.041786732291051,0.1,5377.13,0.5,0.0,0.0,0.0,,,False,2026-03-01 23:50:00+00:00,36030,5389.49,sl,-73.59999999999673,0.0,0.0,-73.59999999999673,-1.0514285714285247,-5.233999999999469,8.317000000000007,-0.7477142857142098,1.1881428571428583,1,300.0,0.36,14.904142857142817,15.638599065732915,rollover,Sun,23,False
849,XAUUSDm,short,2026-03-01 23:55:00+00:00,36031,5388.931,0.1,5388.931,5378.931,7.0,close_above_upper,1.4717470071628223,0.05,5383.931,0.5,0.05,5384.290999999999,23.200000000001637,36032.0,2026-03-02 00:00:00+00:00,True,2026-03-02 00:00:00+00:00,36032,5379.290999999999,tp,71.40000000000327,0.0,0.0,71.40000000000327,1.0200000000000469,-1.3060000000004948,11.045999999999367,-0.18657142857149925,1.5779999999999095,1,300.0,0.36,15.353999999999944,16.1182950050354,rollover,Sun,23,False
850,XAUUSDm,short,2026-03-02 00:05:00+00:00,36033,5376.519,0.1,5376.519,5366.519,7.0,close_above_upper,0.042116603566106366,0.05,5371.519,0.5,0.05,5368.134999999999,41.92000000000462,36034.0,2026-03-02 00:10:00+00:00,True,2026-03-02 00:15:00+00:00,36035,5366.879,tp,90.12000000000626,0.0,0.0,90.12000000000626,1.2874285714286609,-3.152999999999338,12.454999999999927,-0.45042857142847686,1.779285714285704,2,600.0,0.36,16.9391428571428,16.343786017250437,asian,Mon,0,False
851,XAUUSDm,long,2026-03-02 00:55:00+00:00,36043,5345.951,0.1,5338.951,5355.951,7.0,close_below_lower,0.2979292830446988,0.1,5350.951,0.5,0.0,0.0,0.0,,,False,2026-03-02 01:00:00+00:00,36044,5338.951,sl,-70.0,0.0,0.0,-70.0,-1.0,-4.996000000000095,9.010000000000218,-0.7137142857142992,1.2871428571428882,1,300.0,0.36,13.568928571428517,16.511164321102473,asian,Mon,0,False
852,XAUUSDm,long,2026-03-02 01:05:00+00:00,36045,5329.942999999999,0.1,5329.942999999999,5339.943,7.0,close_below_lower,0.8596784621206401,0.05,5334.943,0.5,0.05,5334.943,25.000000000004547,36046.0,2026-03-02 01:10:00+00:00,True,2026-03-02 01:10:00+00:00,36046,5339.943,tp,75.0000000000091,0.0,0.0,75.0000000000091,1.0714285714287013,-12.1299999999992,5.516000000000531,-1.7328571428570285,0.7880000000000759,1,300.0,0.36,15.205571428571472,16.771873735694776,asian,Mon,1,False
853,XAUUSDm,long,2026-03-02 01:20:00+00:00,36048,5333.061,0.1,5326.061,5343.061,7.0,close_below_lower,0.10897886792414045,0.1,5338.061,0.5,0.0,0.0,0.0,,,False,2026-03-02 01:25:00+00:00,36049,5323.238,sl,-98.2299999999941,0.0,0.0,-98.2299999999941,-1.40328571428563,-13.94799999999941,3.57300000000032,-1.9925714285713443,0.5104285714286172,1,300.0,0.36,15.254214285714365,17.105386197039135,asian,Mon,1,False
854,XAUUSDm,long,2026-03-02 01:30:00+00:00,36050,5307.973,0.1,5307.973,5317.973,7.0,close_below_lower,1.0179065473555335,0.05,5312.973,0.5,0.05,5325.938,89.82500000000073,36051.0,2026-03-02 01:35:00+00:00,True,2026-03-02 01:35:00+00:00,36051,5325.938,tp,179.65000000000146,0.0,0.0,179.65000000000146,2.566428571428592,-2.743000000000393,19.64099999999962,-0.39185714285719897,2.805857142857089,1,300.0,0.36,16.483142857142866,17.448869667126885,asian,Mon,1,False
855,XAUUSDm,short,2026-03-02 02:45:00+00:00,36065,5350.867,0.1,5350.867,5340.867,7.0,close_above_upper,0.025946539486904834,0.05,5345.867,0.5,0.05,5346.227,23.200000000001637,36066.0,2026-03-02 02:50:00+00:00,True,2026-03-02 02:50:00+00:00,36066,5341.227,tp,71.40000000000327,0.0,0.0,71.40000000000327,1.0200000000000469,-0.9859999999998763,7.721999999999753,-0.1408571428571252,1.103142857142822,1,300.0,0.36,10.980642857142746,17.721057064663764,asian,Mon,2,False
856,XAUUSDm,short,2026-03-02 07:10:00+00:00,36118,5400.631,0.1,5407.631,5390.631,7.0,close_above_upper,0.02315951613216918,0.1,5395.631,0.5,0.0,0.0,0.0,,,False,2026-03-02 07:15:00+00:00,36119,5407.991,sl,-73.59999999999673,0.0,0.0,-73.59999999999673,-1.0514285714285247,-6.171999999999571,4.507000000000517,-0.8817142857142244,0.6438571428572166,1,300.0,0.36,6.939571428571331,19.17591496580228,london,Mon,7,False
857,XAUUSDm,short,2026-03-02 07:20:00+00:00,36120,5417.131,0.1,5417.131,5407.131,7.0,close_above_upper,0.5076168124747662,0.05,5412.131,0.5,0.05,5412.491,23.200000000001637,36121.0,2026-03-02 07:25:00+00:00,True,2026-03-02 07:30:00+00:00,36122,5407.491,tp,71.40000000000327,0.0,0.0,71.40000000000327,1.0200000000000469,-2.007999999999811,8.563000000000102,-0.28685714285711583,1.2232857142857287,2,600.0,0.36,7.393999999999908,19.40448602318404,london,Mon,7,False
858,XAUUSDm,long,2026-03-02 14:10:00+00:00,36202,5371.467,0.1,5364.467,5381.467,7.0,close_below_lower,0.06274216438813876,0.1,5376.467,0.5,0.0,0.0,0.0,,,False,2026-03-02 14:15:00+00:00,36203,5364.467,sl,-70.0,0.0,0.0,-70.0,-1.0,-8.32299999999941,6.3090000000001965,-1.188999999999916,0.9012857142857423,1,300.0,0.36,13.024714285714188,19.40821566632318,overlap,Mon,14,False
859,XAUUSDm,long,2026-03-02 14:20:00+00:00,36204,5364.468,0.1,5357.468,5374.468,7.0,close_below_lower,0.1697220414644126,0.1,5369.468,0.5,0.0,0.0,0.0,,,False,2026-03-02 14:25:00+00:00,36205,5348.194,sl,-162.73999999999432,0.0,0.0,-162.73999999999432,-2.324857142857062,-20.372999999999593,5.270999999999731,-2.9104285714285134,0.7529999999999616,1,300.0,0.36,13.213857142857055,19.586258018518137,overlap,Mon,14,False
860,XAUUSDm,long,2026-03-02 14:30:00+00:00,36206,5333.494,0.1,5326.494,5343.494,7.0,close_below_lower,1.1962541361265109,0.1,5338.494,0.5,0.0,0.0,0.0,,,False,2026-03-02 14:35:00+00:00,36207,5316.661,sl,-168.3299999999963,0.0,0.0,-168.3299999999963,-2.4047142857142325,-27.173999999999978,6.676000000000386,-3.881999999999997,0.9537142857143408,1,300.0,0.36,16.066714285714106,19.990792178206753,overlap,Mon,14,False
861,XAUUSDm,long,2026-03-02 14:40:00+00:00,36208,5344.648999999999,0.1,5337.649,5354.649,7.0,close_below_lower,0.059333145642097365,0.1,5349.649,0.5,0.0,0.0,0.0,,,False,2026-03-02 14:45:00+00:00,36209,5337.649,sl,-69.9999999999909,0.0,0.0,-69.9999999999909,-0.9999999999998701,-0.431999999999789,11.012000000000626,-0.06171428571425557,1.5731428571429464,1,300.0,0.36,19.2272857142857,20.33668254277848,overlap,Mon,14,False
862,XAUUSDm,long,2026-03-02 16:05:00+00:00,36225,5273.715999999999,0.1,5273.715999999999,5283.716,7.0,close_below_lower,1.6175403189812922,0.05,5278.716,0.5,0.05,5289.351,78.17500000000109,36226.0,2026-03-02 16:10:00+00:00,True,2026-03-02 16:10:00+00:00,36226,5289.351,tp,156.35000000000218,0.0,0.0,156.35000000000218,2.2335714285714596,-0.8549999999995634,21.47700000000077,-0.12214285714279478,3.068142857142967,1,300.0,0.36,19.82985714285704,21.305554685973494,newyork,Mon,16,False
863,XAUUSDm,long,2026-03-02 16:20:00+00:00,36228,5285.44,0.1,5285.44,5295.44,7.0,close_below_lower,0.45466477303135894,0.05,5290.44,0.5,0.05,5299.002,67.81000000000404,36229.0,2026-03-02 16:25:00+00:00,True,2026-03-02 16:25:00+00:00,36229,5299.002,tp,135.62000000000808,0.0,0.0,135.62000000000808,1.9374285714286867,-3.63799999999992,15.4350000000004,-0.5197142857142742,2.2050000000000574,1,300.0,0.36,19.629999999999914,21.770641947769168,newyork,Mon,16,False
864,XAUUSDm,long,2026-03-03 05:50:00+00:00,36378,5326.63,0.1,5319.63,5336.63,7.0,close_below_lower,0.12144024852674544,0.1,5331.63,0.5,0.0,0.0,0.0,,,False,2026-03-03 05:55:00+00:00,36379,5316.705,sl,-99.25000000000182,0.0,0.0,-99.25000000000182,-1.417857142857169,-18.60199999999986,2.605999999999767,-2.6574285714285515,0.372285714285681,1,300.0,0.36,9.612142857142837,24.770709341812996,asian,Tue,5,False
865,XAUUSDm,long,2026-03-03 06:00:00+00:00,36380,5319.5779999999995,0.1,5312.578,5329.578,7.0,close_below_lower,0.07091984687345361,0.1,5324.578,0.5,0.0,0.0,0.0,,,False,2026-03-03 06:05:00+00:00,36381,5312.578,sl,-69.9999999999909,0.0,0.0,-69.9999999999909,-0.9999999999998701,-5.7979999999997744,3.47400000000016,-0.8282857142856821,0.49628571428573715,1,300.0,0.36,11.48914285714292,25.10593306099667,asian,Tue,6,False
866,XAUUSDm,long,2026-03-03 06:10:00+00:00,36382,5309.9619999999995,0.1,5302.962,5319.962,7.0,close_below_lower,0.11481253038888965,0.1,5314.962,0.5,0.0,0.0,0.0,,,False,2026-03-03 06:15:00+00:00,36383,5289.602,sl,-203.59999999999673,0.0,0.0,-203.59999999999673,-2.9085714285713817,-30.933999999999287,4.401000000000749,-4.419142857142755,0.6287142857143928,1,300.0,0.36,12.707285714285783,25.411434486827126,asian,Tue,6,False
867,XAUUSDm,long,2026-03-03 09:30:00+00:00,36422,5242.781999999999,0.1,5242.781999999999,5252.782,7.0,close_below_lower,0.9872534547510087,0.05,5247.782,0.5,0.05,5266.179,116.98500000000422,36423.0,2026-03-03 09:35:00+00:00,True,2026-03-03 09:35:00+00:00,36423,5266.179,tp,233.97000000000844,0.0,0.0,233.97000000000844,3.342428571428692,-2.284999999998945,27.45800000000054,-0.3264285714284207,3.9225714285715054,1,300.0,0.36,15.3811428571432,26.523842299343674,london,Tue,9,False
868,XAUUSDm,long,2026-03-03 11:10:00+00:00,36442,5171.494,0.1,5171.494,5181.494,7.0,close_below_lower,1.9263289439688092,0.05,5176.494,0.5,0.05,5198.48,134.92999999999938,36443.0,2026-03-03 11:15:00+00:00,True,2026-03-03 11:15:00+00:00,36443,5198.48,tp,269.85999999999876,0.0,0.0,269.85999999999876,3.8551428571428397,-9.333999999999833,38.902000000000044,-1.3334285714285474,5.557428571428578,1,300.0,0.36,19.98328571428562,27.638318098715835,london,Tue,11,False
869,XAUUSDm,long,2026-03-03 11:20:00+00:00,36444,5204.579,0.1,5197.579,5214.579,7.0,close_below_lower,0.28474942093919714,0.1,5209.579,0.5,0.0,0.0,0.0,,,False,2026-03-03 11:25:00+00:00,36445,5187.77,sl,-168.08999999999287,0.0,0.0,-168.08999999999287,-2.4012857142856125,-19.894999999999527,4.632000000000517,-2.8421428571427896,0.6617142857143595,1,300.0,0.36,22.923714285714205,28.09339601834193,london,Tue,11,False
870,XAUUSDm,long,2026-03-03 11:30:00+00:00,36446,5127.039,0.1,5120.039,5137.039,7.0,close_below_lower,2.279939133622754,0.1,5132.039,0.5,0.0,0.0,0.0,,,False,2026-03-03 11:35:00+00:00,36447,5117.101,sl,-99.38000000000102,0.0,0.0,-99.38000000000102,-1.4197142857143004,-53.826999999999316,13.327000000000226,-7.689571428571331,1.903857142857175,1,300.0,0.36,29.22007142857131,28.871659877851627,london,Tue,11,False
871,XAUUSDm,long,2026-03-03 11:40:00+00:00,36448,5134.374,0.1,5127.374,5144.374,7.0,close_below_lower,1.1770934663847878,0.1,5139.374,0.5,0.0,0.0,0.0,,,False,2026-03-03 11:45:00+00:00,36449,5124.605,sl,-97.69000000000233,0.0,0.0,-97.69000000000233,-1.3955714285714618,-30.235999999999876,1.4400000000005093,-4.319428571428554,0.20571428571435849,1,300.0,0.36,35.01128571428554,29.72422061413263,london,Tue,11,False
872,XAUUSDm,long,2026-03-03 11:50:00+00:00,36450,5142.887,0.1,5142.887,5152.887,7.0,close_below_lower,0.2643188767215407,0.05,5147.887,0.5,0.05,5153.044,50.785000000000764,36451.0,2026-03-03 11:55:00+00:00,True,2026-03-03 11:55:00+00:00,36451,5153.044,tp,101.57000000000153,0.0,0.0,101.57000000000153,1.4510000000000218,-5.713999999999942,10.007000000000517,-0.816285714285706,1.4295714285715024,1,300.0,0.36,36.59092857142851,30.199537002822016,london,Tue,11,False
873,XAUUSDm,short,2026-03-03 12:30:00+00:00,36458,5204.115,0.1,5204.115,5194.115,7.0,close_above_upper,0.02746823555946608,0.05,5199.115,0.5,0.05,5199.473,23.209999999999127,36459.0,2026-03-03 12:35:00+00:00,True,2026-03-03 12:35:00+00:00,36459,5194.474999999999,tp,71.41000000000076,0.0,0.0,71.41000000000076,1.0201428571428681,-7.949000000000524,15.49200000000019,-1.1355714285715035,2.213142857142884,1,300.0,0.36,28.51242857142857,30.98944794751305,overlap,Tue,12,False
874,XAUUSDm,long,2026-03-03 13:10:00+00:00,36466,5153.169,0.1,5153.169,5163.169,7.0,close_below_lower,0.16913070739546837,0.05,5158.169,0.5,0.05,5163.982,54.06500000000051,36467.0,2026-03-03 13:15:00+00:00,True,2026-03-03 13:15:00+00:00,36467,5163.982,tp,108.13000000000102,0.0,0.0,108.13000000000102,1.5447142857143004,-7.094000000000051,23.44000000000051,-1.0134285714285787,3.348571428571501,1,300.0,0.36,19.742714285714296,31.952884290586773,overlap,Tue,13,False
875,XAUUSDm,long,2026-03-03 14:45:00+00:00,36485,5071.7,0.1,5064.7,5081.7,7.0,close_below_lower,1.0382642482135185,0.1,5076.7,0.5,0.0,0.0,0.0,,,False,2026-03-03 14:50:00+00:00,36486,5056.804,sl,-148.9599999999973,0.0,0.0,-148.9599999999973,-2.1279999999999615,-20.83100000000013,4.703000000000429,-2.9758571428571616,0.6718571428572042,1,300.0,0.36,24.562428571428427,33.60432732323628,overlap,Tue,14,False
876,XAUUSDm,long,2026-03-03 14:55:00+00:00,36487,5048.735,0.1,5041.735,5058.735,7.0,close_below_lower,1.100566254993513,0.1,5053.735,0.5,0.0,0.0,0.0,,,False,2026-03-03 15:00:00+00:00,36488,5038.439,sl,-102.95999999999367,0.0,0.0,-102.95999999999367,-1.4708571428570525,-13.878999999999905,14.82300000000032,-1.982714285714272,2.117571428571474,1,300.0,0.36,26.81449999999989,34.383770632902326,overlap,Tue,14,False
877,XAUUSDm,long,2026-03-03 15:05:00+00:00,36489,5033.249,0.1,5026.249,5043.249,7.0,close_below_lower,0.9297950384304643,0.1,5038.249,0.5,0.0,0.0,0.0,,,False,2026-03-03 15:10:00+00:00,36490,5026.249,sl,-70.0,0.0,0.0,-70.0,-1.0,-7.503999999999905,31.298999999999978,-1.0719999999999865,4.471285714285711,1,300.0,0.36,28.205999999999936,35.14104419829287,overlap,Tue,15,False
878,XAUUSDm,long,2026-03-03 15:15:00+00:00,36491,5039.851,0.1,5032.851,5049.851,7.0,close_below_lower,0.2513687085932013,0.1,5044.851,0.5,0.0,0.0,0.0,,,False,2026-03-03 15:20:00+00:00,36492,5024.067,sl,-157.8399999999965,0.0,0.0,-157.8399999999965,-2.254857142857093,-44.081999999999425,5.249000000000706,-6.297428571428489,0.7498571428572437,1,300.0,0.24,30.38585714285708,35.63282206170241,overlap,Tue,15,False
879,XAUUSDm,short,2026-03-03 16:05:00+00:00,36501,5108.23,0.1,5108.23,5098.23,7.0,close_above_upper,0.114317918248984,0.05,5103.23,0.5,0.05,5103.469999999999,23.80000000000109,36502.0,2026-03-03 16:10:00+00:00,True,2026-03-03 16:15:00+00:00,36503,5108.469999999999,be_stop,22.600000000002183,0.0,0.0,22.600000000002183,0.32285714285717404,-14.436000000000604,8.15899999999965,-2.0622857142858004,1.1655714285713787,2,600.0,0.24,26.72692857142868,36.77501207658298,newyork,Tue,16,False
880,XAUUSDm,long,2026-03-05 13:20:00+00:00,37020,5131.648999999999,0.1,5124.649,5141.649,7.0,close_below_lower,0.237690185315105,0.1,5136.649,0.5,0.0,0.0,0.0,,,False,2026-03-05 13:25:00+00:00,37021,5104.416,sl,-272.32999999999265,0.0,0.0,-272.32999999999265,-3.8904285714284663,-49.998999999999796,1.2560000000003129,-7.1427142857142565,0.17942857142861612,1,300.0,0.36,8.14828571428565,21.437291297710775,overlap,Thu,13,False
881,XAUUSDm,long,2026-03-05 13:30:00+00:00,37022,5121.718,0.1,5121.718,5131.718,7.0,close_below_lower,0.25878540004326483,0.05,5126.718,0.5,0.05,5129.03,36.55999999999949,37023.0,2026-03-05 13:35:00+00:00,True,2026-03-05 13:35:00+00:00,37023,5131.718,tp,86.55999999999949,0.0,0.0,86.55999999999949,1.2365714285714213,-6.871000000000095,8.186999999999898,-0.9815714285714421,1.169571428571414,1,300.0,0.36,13.063785714285652,21.74235486163673,overlap,Thu,13,False
882,XAUUSDm,long,2026-03-05 15:10:00+00:00,37042,5070.94,0.1,5070.94,5080.94,7.0,close_below_lower,0.5872528105623714,0.05,5075.94,0.5,0.05,5085.1,70.80000000000382,37043.0,2026-03-05 15:15:00+00:00,True,2026-03-05 15:15:00+00:00,37043,5085.1,tp,141.60000000000764,0.0,0.0,141.60000000000764,2.022857142857252,-7.136999999999716,17.536000000000058,-1.019571428571388,2.5051428571428653,1,300.0,0.36,18.403785714285732,21.448703458828042,overlap,Thu,15,False
883,XAUUSDm,short,2026-03-06 01:40:00+00:00,37155,5108.378,0.1,5115.378,5098.378,7.0,close_above_upper,0.09162065003168829,0.1,5103.378,0.5,0.0,0.0,0.0,,,False,2026-03-06 01:45:00+00:00,37156,5118.585,sl,-102.07000000000335,0.0,0.0,-102.07000000000335,-1.458142857142905,-11.719000000000051,0.12599999999929423,-1.6741428571428645,0.017999999999899177,1,300.0,0.36,10.0636428571427,19.731169693818966,asian,Fri,1,False
884,XAUUSDm,short,2026-03-06 01:50:00+00:00,37157,5120.795,0.1,5127.795,5110.795,7.0,close_above_upper,0.38770426080895987,0.1,5115.795,0.5,0.0,0.0,0.0,,,False,2026-03-06 01:55:00+00:00,37158,5140.157999999999,sl,-193.62999999999374,0.0,0.0,-193.62999999999374,-2.7661428571427678,-20.751999999999498,0.0,-2.964571428571357,0.0,1,300.0,0.36,10.521142857142681,19.96640055960019,asian,Fri,1,False
885,XAUUSDm,short,2026-03-06 02:00:00+00:00,37159,5134.734,0.1,5134.734,5124.734,7.0,close_above_upper,0.5700001920406584,0.05,5129.734,0.5,0.05,5130.094,23.200000000001637,37160.0,2026-03-06 02:05:00+00:00,True,2026-03-06 02:10:00+00:00,37161,5135.094,be_stop,21.400000000003274,0.0,0.0,21.400000000003274,0.3057142857143325,-3.5689999999995052,8.292000000000371,-0.5098571428570722,1.1845714285714817,2,600.0,0.36,11.446357142856934,20.236463188996705,asian,Fri,2,False
886,XAUUSDm,short,2026-03-06 13:35:00+00:00,37298,5123.552,0.1,5123.552,5113.552,7.0,close_above_upper,1.0171192360283685,0.05,5118.552,0.5,0.05,5118.911999999999,23.200000000001637,37299.0,2026-03-06 13:40:00+00:00,True,2026-03-06 13:40:00+00:00,37299,5113.911999999999,tp,71.40000000000327,0.0,0.0,71.40000000000327,1.0200000000000469,-7.026000000000749,4.572999999999411,-1.0037142857143928,0.6532857142856301,1,300.0,0.36,10.591714285714326,18.477015248627943,overlap,Fri,13,False
887,XAUUSDm,short,2026-03-06 13:45:00+00:00,37300,5121.789,0.1,5121.789,5111.789,7.0,close_above_upper,0.5009438738376645,0.05,5116.789,0.5,0.05,5117.148999999999,23.200000000001637,37301.0,2026-03-06 13:50:00+00:00,True,2026-03-06 13:50:00+00:00,37301,5112.148999999999,tp,71.40000000000327,0.0,0.0,71.40000000000327,1.0200000000000469,-0.5880000000006476,10.056999999999789,-0.08400000000009251,1.4367142857142556,1,300.0,0.36,11.475214285714369,18.837496563913227,overlap,Fri,13,False
888,XAUUSDm,short,2026-03-06 15:00:00+00:00,37315,5130.029,0.1,5137.029,5120.029,7.0,close_above_upper,0.5295559638206336,0.1,5125.029,0.5,0.0,0.0,0.0,,,False,2026-03-06 15:05:00+00:00,37316,5147.878,sl,-178.4899999999925,0.0,0.0,-178.4899999999925,-2.549857142857036,-29.089999999999236,2.268000000000029,-4.1557142857141764,0.3240000000000042,1,300.0,0.36,16.330928571428753,19.067343943296418,overlap,Fri,15,False
889,XAUUSDm,short,2026-03-06 15:10:00+00:00,37317,5150.876,0.1,5150.876,5140.876,7.0,close_above_upper,1.0691965665961483,0.05,5145.876,0.5,0.05,5146.236,23.200000000001637,37318.0,2026-03-06 15:15:00+00:00,True,2026-03-06 15:20:00+00:00,37319,5151.236,be_stop,21.400000000003274,0.0,0.0,21.400000000003274,0.3057142857143325,-6.045000000000073,13.167000000000371,-0.863571428571439,1.881000000000053,2,600.0,0.36,16.123642857142972,19.541628298329258,overlap,Fri,15,False
890,XAUUSDm,short,2026-03-06 15:25:00+00:00,37320,5165.839,0.1,5165.839,5155.839,7.0,close_above_upper,1.022773766260113,0.05,5160.839,0.5,0.05,5161.199,23.200000000001637,37321.0,2026-03-06 15:30:00+00:00,True,2026-03-06 15:30:00+00:00,37321,5156.199,tp,71.40000000000327,0.0,0.0,71.40000000000327,1.0200000000000469,-5.726999999999862,9.006000000000313,-0.8181428571428374,1.2865714285714733,1,300.0,0.36,16.308071428571566,20.1357439351886,overlap,Fri,15,False
891,XAUUSDm,short,2026-03-06 15:35:00+00:00,37322,5155.118,0.1,5155.118,5145.118,7.0,close_above_upper,0.03790840923679707,0.05,5150.118,0.5,0.05,5150.478,23.200000000001637,37323.0,2026-03-06 15:40:00+00:00,True,2026-03-06 15:45:00+00:00,37324,5155.478,be_stop,21.400000000003274,0.0,0.0,21.400000000003274,0.3057142857143325,-7.4229999999997744,5.423999999999978,-1.0604285714285393,0.7748571428571397,2,600.0,0.36,16.529214285714456,20.4147729342266,overlap,Fri,15,False
892,XAUUSDm,long,2026-03-08 22:20:00+00:00,37403,5133.876,0.1,5133.876,5143.876,7.0,close_below_lower,0.43077321361438337,0.05,5138.876,0.5,0.05,5149.519,78.21500000000015,37404.0,2026-03-08 22:25:00+00:00,True,2026-03-08 22:25:00+00:00,37404,5149.519,tp,156.4300000000003,0.0,0.0,156.4300000000003,2.23471428571429,-1.893000000000029,22.93499999999949,-0.27042857142857557,3.276428571428499,1,300.0,0.5,10.368642857142731,20.84141026990389,rollover,Sun,22,False
893,XAUUSDm,long,2026-03-08 22:40:00+00:00,37407,5133.633,0.1,5126.633,5143.633,7.0,close_below_lower,0.10633075391743202,0.1,5138.633,0.5,0.0,0.0,0.0,,,False,2026-03-08 22:45:00+00:00,37408,5125.383,sl,-82.5,0.0,0.0,-82.5,-1.1785714285714286,-27.777000000000044,2.1419999999998254,-3.968142857142863,0.30599999999997507,1,300.0,0.5,14.602142857142749,21.09782942111928,rollover,Sun,22,False
894,XAUUSDm,long,2026-03-08 22:50:00+00:00,37409,5106.844999999999,0.1,5106.844999999999,5116.845,7.0,close_below_lower,0.9086124477910694,0.05,5111.845,0.5,0.05,5122.919,80.37000000000262,37410.0,2026-03-08 22:55:00+00:00,True,2026-03-08 22:55:00+00:00,37410,5122.919,tp,160.74000000000524,0.0,0.0,160.74000000000524,2.2962857142857893,-3.1749999999992724,17.06800000000021,-0.45357142857132465,2.4382857142857444,1,300.0,0.36,18.155999999999885,21.457142749976065,rollover,Sun,22,False
895,XAUUSDm,long,2026-03-08 23:15:00+00:00,37414,5102.173,0.1,5095.173,5112.173,7.0,close_below_lower,0.31302259979423874,0.1,5107.173,0.5,0.0,0.0,0.0,,,False,2026-03-08 23:20:00+00:00,37415,5095.173,sl,-70.0,0.0,0.0,-70.0,-1.0,-4.177999999999884,4.605000000000473,-0.5968571428571262,0.6578571428572104,1,300.0,0.36,22.685857142857067,22.006431073597028,rollover,Sun,23,False
896,XAUUSDm,long,2026-03-08 23:25:00+00:00,37416,5100.262,0.1,5093.262,5110.262,7.0,close_below_lower,0.026672583451289526,0.1,5105.262,0.5,0.0,0.0,0.0,,,False,2026-03-08 23:35:00+00:00,37418,5093.262,sl,-70.0,0.0,0.0,-70.0,-1.0,-5.712999999999738,4.8770000000004075,-0.8161428571428198,0.6967142857143439,2,600.0,0.36,19.72957142857149,22.24280464610192,rollover,Sun,23,False
897,XAUUSDm,long,2026-03-08 23:40:00+00:00,37419,5070.066,0.1,5063.066,5080.066,7.0,close_below_lower,0.8053413585446366,0.1,5075.066,0.5,0.0,0.0,0.0,,,False,2026-03-08 23:45:00+00:00,37420,5063.066,sl,-70.0,0.0,0.0,-70.0,-1.0,-25.863999999999578,5.469000000000051,-3.6948571428570824,0.7812857142857216,1,300.0,0.36,18.02764285714297,22.54280125406099,rollover,Sun,23,False
898,XAUUSDm,long,2026-03-08 23:50:00+00:00,37421,5066.071,0.1,5066.071,5076.071,7.0,close_below_lower,0.5068009577338036,0.05,5071.071,0.5,0.05,5071.071,25.0,37422.0,2026-03-08 23:55:00+00:00,True,2026-03-08 23:55:00+00:00,37422,5076.071,tp,75.0,0.0,0.0,75.0,1.0714285714285714,-6.42699999999968,7.631000000000313,-0.9181428571428114,1.090142857142902,1,300.0,0.24,19.366428571428578,22.891865739969305,rollover,Sun,23,False
899,XAUUSDm,long,2026-03-09 00:10:00+00:00,37425,5053.330999999999,0.1,5046.331,5063.331,7.0,close_below_lower,0.293571959973888,0.1,5058.331,0.5,0.0,0.0,0.0,,,False,2026-03-09 00:15:00+00:00,37426,5036.128,sl,-172.0299999999952,0.0,0.0,-172.0299999999952,-2.45757142857136,-25.03099999999904,1.6800000000012005,-3.575857142857006,0.2400000000001715,1,300.0,0.36,18.12935714285712,23.4403148821336,asian,Mon,0,False
900,XAUUSDm,long,2026-03-09 00:20:00+00:00,37427,5037.224999999999,0.1,5037.224999999999,5047.225,7.0,close_below_lower,0.47166470183940096,0.05,5042.225,0.5,0.05,5047.872,53.23500000000422,37428.0,2026-03-09 00:25:00+00:00,True,2026-03-09 00:25:00+00:00,37428,5047.872,tp,106.47000000000844,0.0,0.0,106.47000000000844,1.5210000000001205,-3.746999999999389,15.61200000000099,-0.535285714285627,2.2302857142858556,1,300.0,0.36,17.99307142857138,23.8488283916197,asian,Mon,0,False
901,XAUUSDm,short,2026-03-09 01:20:00+00:00,37439,5079.161,0.1,5079.161,5069.161,7.0,close_above_upper,0.05624485678161323,0.05,5074.161,0.5,0.05,5074.521,23.200000000001637,37440.0,2026-03-09 01:25:00+00:00,True,2026-03-09 01:30:00+00:00,37441,5079.521,be_stop,21.400000000003274,0.0,0.0,21.400000000003274,0.3057142857143325,-8.407000000000153,9.234000000000378,-1.2010000000000218,1.3191428571429111,2,600.0,0.36,17.661428571428587,23.81364364739049,asian,Mon,1,False
902,XAUUSDm,short,2026-03-09 05:50:00+00:00,37493,5136.501,0.1,5136.501,5126.501,7.0,close_above_upper,0.45825188858057275,0.05,5131.501,0.5,0.05,5126.706999999999,48.97000000000389,37494.0,2026-03-09 05:55:00+00:00,True,2026-03-09 05:55:00+00:00,37494,5126.706999999999,tp,97.94000000000779,0.0,0.0,97.94000000000779,1.3991428571429683,-3.298999999999978,10.485000000000582,-0.47128571428571114,1.497857142857226,1,300.0,0.36,10.329571428571464,23.75449771589017,asian,Mon,5,False
903,XAUUSDm,short,2026-03-09 14:45:00+00:00,37600,5112.388,0.1,5112.388,5102.388,7.0,close_above_upper,0.13021444080846473,0.05,5107.388,0.5,0.05,5099.862,62.6299999999992,37601.0,2026-03-09 14:50:00+00:00,True,2026-03-09 14:50:00+00:00,37601,5099.862,tp,125.2599999999984,0.0,0.0,125.2599999999984,1.7894285714285485,-3.6149999999997817,13.043999999999869,-0.5164285714285403,1.8634285714285528,1,300.0,0.36,14.575214285714408,23.58557733170796,overlap,Mon,14,False
904,XAUUSDm,short,2026-03-10 02:00:00+00:00,37723,5184.093,0.1,5184.093,5174.093,7.0,close_above_upper,0.035974279304209426,0.05,5179.093,0.5,0.05,5177.152,34.70499999999902,37724.0,2026-03-10 02:05:00+00:00,True,2026-03-10 02:05:00+00:00,37724,5174.4529999999995,tp,82.90500000000065,0.0,0.0,82.90500000000065,1.1843571428571522,-3.019000000000233,7.7280000000000655,-0.4312857142857475,1.1040000000000094,1,300.0,0.36,10.025000000000157,24.55282649018959,asian,Tue,2,False
905,XAUUSDm,short,2026-03-10 13:20:00+00:00,37859,5214.354,0.1,5221.354,5204.354,7.0,close_above_upper,0.12356445785216852,0.1,5209.354,0.5,0.0,0.0,0.0,,,False,2026-03-10 13:25:00+00:00,37860,5222.1089999999995,sl,-77.549999999992,0.0,0.0,-77.549999999992,-1.1078571428570285,-8.74499999999989,2.0770000000002256,-1.2492857142856988,0.29671428571431796,1,300.0,0.36,6.996142857142721,22.614366081786507,overlap,Tue,13,False
906,XAUUSDm,short,2026-03-10 13:30:00+00:00,37861,5221.431,0.1,5221.431,5211.431,7.0,close_above_upper,0.10481204191312307,0.05,5216.431,0.5,0.05,5213.245,40.92999999999847,37862.0,2026-03-10 13:35:00+00:00,True,2026-03-10 13:35:00+00:00,37862,5211.790999999999,tp,89.13000000000011,0.0,0.0,89.13000000000011,1.273285714285716,-0.6700000000000728,12.061999999999898,-0.0957142857142961,1.7231428571428427,1,300.0,0.36,7.359071428571302,22.76116536295069,overlap,Tue,13,False
907,XAUUSDm,long,2026-03-10 18:20:00+00:00,37919,5172.708,0.1,5172.708,5182.708,7.0,close_below_lower,1.319678567346097,0.05,5177.708,0.5,0.05,5192.543,99.17500000000018,37920.0,2026-03-10 18:25:00+00:00,True,2026-03-10 18:25:00+00:00,37920,5192.543,tp,198.35000000000036,0.0,0.0,198.35000000000036,2.833571428571434,-2.5799999999999272,22.262000000000626,-0.36857142857141817,3.180285714285804,1,300.0,0.36,10.136571428571187,21.084528058409546,newyork,Tue,18,False
908,XAUUSDm,long,2026-03-11 23:00:00+00:00,38239,5139.397,0.1,5139.397,5149.397,7.0,close_below_lower,0.8983952599424042,0.05,5144.397,0.5,0.05,5147.294,39.48499999999967,38240.0,2026-03-11 23:05:00+00:00,True,2026-03-11 23:05:00+00:00,38240,5149.397,tp,89.48499999999967,0.0,0.0,89.48499999999967,1.278357142857138,-4.430999999999585,9.50500000000011,-0.6329999999999407,1.3578571428571584,1,300.0,0.36,8.086500000000083,13.955273172020707,rollover,Wed,23,False
909,XAUUSDm,long,2026-03-12 00:00:00+00:00,38251,5134.397999999999,0.1,5127.398,5144.398,7.0,close_below_lower,0.02327398283208193,0.1,5139.398,0.5,0.0,0.0,0.0,,,False,2026-03-12 00:05:00+00:00,38252,5127.398,sl,-69.9999999999909,0.0,0.0,-69.9999999999909,-0.9999999999998701,-8.513999999999214,1.3050000000012005,-1.216285714285602,0.18642857142874295,1,300.0,0.36,9.095285714285572,14.130513087325529,asian,Thu,0,False
910,XAUUSDm,long,2026-03-12 13:50:00+00:00,38417,5152.254,0.1,5152.254,5162.254,7.0,close_below_lower,0.3335008709254741,0.05,5157.254,0.5,0.05,5157.254,25.0,38419.0,2026-03-12 14:00:00+00:00,True,2026-03-12 14:00:00+00:00,38419,5162.254,tp,75.0,0.0,0.0,75.0,1.0714285714285714,-6.376999999999498,7.264000000000124,-0.9109999999999283,1.0377142857143034,2,600.0,0.36,7.763714285714416,13.954818308846491,overlap,Thu,13,False
911,XAUUSDm,long,2026-03-12 15:05:00+00:00,38432,5132.227,0.1,5125.227,5142.227,7.0,close_below_lower,0.1743319785321362,0.1,5137.227,0.5,0.0,0.0,0.0,,,False,2026-03-12 15:10:00+00:00,38433,5125.227,sl,-70.0,0.0,0.0,-70.0,-1.0,-5.104999999999563,4.2520000000004075,-0.7292857142856519,0.6074285714286296,1,300.0,0.36,9.09457142857153,13.65433330719365,overlap,Thu,15,False
912,XAUUSDm,long,2026-03-12 15:15:00+00:00,38434,5124.911,0.1,5124.911,5134.911,7.0,close_below_lower,0.3481340792027653,0.05,5129.911,0.5,0.05,5129.911,25.0,38435.0,2026-03-12 15:20:00+00:00,True,2026-03-12 15:30:00+00:00,38437,5124.911,be_stop,25.0,0.0,0.0,25.0,0.35714285714285715,-7.105000000000473,7.350999999999658,-1.0150000000000676,1.0501428571428082,3,900.0,0.36,9.726785714285857,13.777937225862683,overlap,Thu,15,False
913,XAUUSDm,long,2026-03-12 20:30:00+00:00,38497,5072.116,0.1,5072.116,5082.116,7.0,close_below_lower,0.08618488380058942,0.05,5077.116,0.5,0.05,5077.116,25.0,38500.0,2026-03-12 20:45:00+00:00,True,2026-03-12 22:00:00+00:00,38503,5082.116,tp,75.0,0.0,0.0,75.0,1.0714285714285714,-17.36499999999978,9.36200000000008,-2.4807142857142543,1.337428571428583,6,5400.0,0.36,6.54071428571433,14.510540782551434,newyork,Thu,20,False
914,XAUUSDm,long,2026-03-13 08:05:00+00:00,38624,5068.795,0.1,5068.795,5078.795,7.0,close_below_lower,0.06951997876916041,0.05,5073.795,0.5,0.05,5073.795,25.0,38625.0,2026-03-13 08:10:00+00:00,True,2026-03-13 08:15:00+00:00,38626,5078.795,tp,75.0,0.0,0.0,75.0,1.0714285714285714,-2.399999999999636,9.743999999999687,-0.3428571428570909,1.3919999999999553,2,600.0,0.36,7.038285714285719,15.410482212858525,london,Fri,8,False
915,XAUUSDm,short,2026-03-13 12:05:00+00:00,38672,5114.071,0.1,5114.071,5104.071,7.0,close_above_upper,0.13705935112786796,0.05,5109.071,0.5,0.05,5109.431,23.200000000001637,38673.0,2026-03-13 12:10:00+00:00,True,2026-03-13 12:25:00+00:00,38676,5114.431,be_stop,21.400000000003274,0.0,0.0,21.400000000003274,0.3057142857143325,-2.7899999999999636,9.703999999999724,-0.39857142857142336,1.3862857142856748,4,1200.0,0.36,5.675428571428581,14.889324253622995,overlap,Fri,12,False
916,XAUUSDm,long,2026-03-13 14:15:00+00:00,38698,5090.965999999999,0.1,5083.966,5100.966,7.0,close_below_lower,0.020370628302112514,0.1,5095.966,0.5,0.0,0.0,0.0,,,False,2026-03-13 14:35:00+00:00,38702,5083.966,sl,-69.9999999999909,0.0,0.0,-69.9999999999909,-0.9999999999998701,-8.200999999999112,3.397000000000844,-1.1715714285713017,0.48528571428583483,4,1200.0,0.24,7.799428571428572,15.257110861853334,overlap,Fri,14,False
917,XAUUSDm,long,2026-03-13 14:45:00+00:00,38704,5079.4039999999995,0.1,5072.404,5089.404,7.0,close_below_lower,0.005876436738141735,0.1,5084.404,0.5,0.0,0.0,0.0,,,False,2026-03-13 14:50:00+00:00,38705,5072.404,sl,-69.9999999999909,0.0,0.0,-69.9999999999909,-0.9999999999998701,-7.334999999999127,0.0,-1.047857142857018,0.0,1,300.0,0.36,8.653500000000024,15.637391421604732,overlap,Fri,14,False
918,XAUUSDm,long,2026-03-13 14:55:00+00:00,38706,5064.338,0.1,5057.338,5074.338,7.0,close_below_lower,0.5875329027113376,0.1,5069.338,0.5,0.0,0.0,0.0,,,False,2026-03-13 15:00:00+00:00,38707,5041.819,sl,-225.18999999999323,0.0,0.0,-225.18999999999323,-3.2169999999999033,-29.034999999999854,0.0,-4.147857142857122,0.0,1,300.0,0.36,9.125571428571416,15.861298105330913,overlap,Fri,14,False
919,XAUUSDm,long,2026-03-13 15:05:00+00:00,38708,5049.777,0.1,5049.777,5059.777,7.0,close_below_lower,0.8463680553758005,0.05,5054.777,0.5,0.05,5064.553,73.8799999999992,38709.0,2026-03-13 15:10:00+00:00,True,2026-03-13 15:10:00+00:00,38709,5064.553,tp,147.7599999999984,0.0,0.0,147.7599999999984,2.11085714285712,-1.0360000000000582,15.143000000000029,-0.14800000000000832,2.1632857142857183,1,300.0,0.36,11.18964285714284,16.283149127783716,overlap,Fri,15,False
920,XAUUSDm,long,2026-03-13 15:45:00+00:00,38716,5046.888,0.1,5039.888,5056.888,7.0,close_below_lower,0.029018103651612066,0.1,5051.888,0.5,0.0,0.0,0.0,,,False,2026-03-13 15:50:00+00:00,38717,5039.888,sl,-70.0,0.0,0.0,-70.0,-1.0,-4.295000000000073,10.210000000000036,-0.613571428571439,1.4585714285714337,1,300.0,0.24,12.802499999999847,16.576876047606994,overlap,Fri,15,False
921,XAUUSDm,long,2026-03-13 15:55:00+00:00,38718,5037.271,0.1,5030.271,5047.271,7.0,close_below_lower,0.28427408029908374,0.1,5042.271,0.5,0.0,0.0,0.0,,,False,2026-03-13 16:00:00+00:00,38719,5030.271,sl,-70.0,0.0,0.0,-70.0,-1.0,-5.582999999999629,7.458999999999833,-0.7975714285713755,1.0655714285714046,1,300.0,0.264,13.89607142857137,16.774212926769582,overlap,Fri,15,False
922,XAUUSDm,long,2026-03-13 16:05:00+00:00,38720,5028.237999999999,0.1,5028.237999999999,5038.238,7.0,close_below_lower,0.43010642071656346,0.05,5033.238,0.5,0.05,5036.915,43.38500000000295,38721.0,2026-03-13 16:10:00+00:00,True,2026-03-13 16:10:00+00:00,38721,5038.238,tp,93.3850000000075,0.0,0.0,93.3850000000075,1.3340714285715356,-9.401999999999134,9.055000000000291,-1.3431428571427335,1.2935714285714701,1,300.0,0.24,13.782285714285665,17.031218002234063,newyork,Fri,16,False
923,XAUUSDm,long,2026-03-13 19:50:00+00:00,38765,5015.913,0.1,5015.913,5025.913,7.0,close_below_lower,0.17731572980253973,0.05,5020.913,0.5,0.05,5020.913,25.0,38766.0,2026-03-13 19:55:00+00:00,True,2026-03-13 20:05:00+00:00,38768,5015.913,be_stop,25.0,0.0,0.0,25.0,0.35714285714285715,-6.324999999999818,7.275000000000546,-0.9035714285714026,1.0392857142857923,3,900.0,0.24,6.354571428571229,16.895260816257682,newyork,Fri,19,False
924,XAUUSDm,long,2026-03-15 23:25:00+00:00,38796,4985.532,0.1,4985.532,4995.532,7.0,close_below_lower,0.4734758417375337,0.05,4990.532,0.5,0.05,4990.532,25.0,38797.0,2026-03-15 23:30:00+00:00,True,2026-03-15 23:35:00+00:00,38798,4982.143,be_stop,8.054999999999382,0.0,0.0,8.054999999999382,0.11507142857141973,-6.427999999999884,7.01299999999992,-0.9182857142856976,1.0018571428571315,2,600.0,0.24,11.030857142857192,17.019420657152327,rollover,Sun,23,False
925,XAUUSDm,long,2026-03-15 23:50:00+00:00,38801,4975.302,0.1,4975.302,4985.302,7.0,close_below_lower,0.23775478879957082,0.05,4980.302,0.5,0.05,4985.666,51.82000000000244,38802.0,2026-03-15 23:55:00+00:00,True,2026-03-15 23:55:00+00:00,38802,4985.666,tp,103.64000000000487,0.0,0.0,103.64000000000487,1.4805714285714981,-0.23999999999978172,11.764000000000124,-0.034285714285683104,1.6805714285714461,1,300.0,0.24,10.899500000000055,17.576481605627563,rollover,Sun,23,False
926,XAUUSDm,short,2026-03-16 00:05:00+00:00,38804,5022.118,0.1,5022.118,5012.118,7.0,close_above_upper,0.4557377962762499,0.05,5017.118,0.5,0.05,5017.358,23.80000000000109,38806.0,2026-03-16 00:15:00+00:00,True,2026-03-16 00:30:00+00:00,38809,5022.358,be_stop,22.600000000002183,0.0,0.0,22.600000000002183,0.32285714285717404,-6.572999999999411,7.069000000000415,-0.9389999999999158,1.009857142857202,5,1500.0,0.264,12.995999999999965,17.789660710501426,asian,Mon,0,False
927,XAUUSDm,short,2026-03-16 00:35:00+00:00,38810,5030.533,0.1,5030.533,5020.533,7.0,close_above_upper,0.15510710341222958,0.05,5025.533,0.5,0.05,5025.773,23.80000000000109,38811.0,2026-03-16 00:40:00+00:00,True,2026-03-16 00:50:00+00:00,38813,5020.773,tp,72.60000000000218,0.0,0.0,72.60000000000218,1.0371428571428882,-0.1929999999993015,8.324000000000524,-0.02757142857132879,1.1891428571429319,3,900.0,0.24,11.06114285714271,18.28518114491328,asian,Mon,0,False
928,XAUUSDm,long,2026-03-16 01:15:00+00:00,38818,4986.504,0.1,4986.504,4996.504,7.0,close_below_lower,0.6186057200143156,0.05,4991.504,0.5,0.05,5002.101,77.98499999999876,38819.0,2026-03-16 01:20:00+00:00,True,2026-03-16 01:20:00+00:00,38819,5002.101,tp,155.96999999999753,0.0,0.0,155.96999999999753,2.2281428571428217,-3.4200000000000728,18.44000000000051,-0.488571428571439,2.634285714285787,1,300.0,0.24,10.701285714285534,18.70703549481231,asian,Mon,1,False
929,XAUUSDm,long,2026-03-16 01:30:00+00:00,38821,4988.192,0.1,4988.192,4998.192,7.0,close_below_lower,0.1879044713625203,0.05,4993.192,0.5,0.05,4993.192,25.0,38822.0,2026-03-16 01:35:00+00:00,True,2026-03-16 01:40:00+00:00,38823,4998.192,tp,75.0,0.0,0.0,75.0,1.0714285714285714,-5.6729999999997744,9.23700000000008,-0.8104285714285392,1.31957142857144,2,600.0,0.24,12.253357142856983,18.916005767980543,asian,Mon,1,False
930,XAUUSDm,short,2026-03-16 11:20:00+00:00,38939,5012.625,0.1,5019.625,5002.625,7.0,close_above_upper,0.001985062911931471,0.1,5007.625,0.5,0.0,0.0,0.0,,,False,2026-03-16 11:25:00+00:00,38940,5020.083,sl,-74.57999999999629,0.0,0.0,-74.57999999999629,-1.0654285714285183,-7.537000000000262,1.0649999999995998,-1.076714285714323,0.1521428571428,1,300.0,0.24,6.309785714285746,19.448024801725907,london,Mon,11,False
931,XAUUSDm,short,2026-03-16 11:30:00+00:00,38941,5018.937,0.1,5018.937,5008.937,7.0,close_above_upper,0.009464288037103552,0.05,5013.937,0.5,0.05,5014.177,23.80000000000109,38943.0,2026-03-16 11:40:00+00:00,True,2026-03-16 11:50:00+00:00,38945,5009.177,tp,72.60000000000218,0.0,0.0,72.60000000000218,1.0371428571428882,-1.1400000000003274,8.734999999999673,-0.16285714285718964,1.2478571428570961,4,1200.0,0.24,6.611857142857194,19.676180503563337,london,Mon,11,False
932,XAUUSDm,long,2026-03-17 06:10:00+00:00,39153,5008.651,0.1,5008.651,5018.651,7.0,close_below_lower,0.00970972476621058,0.05,5013.651,0.5,0.05,5013.651,25.0,39155.0,2026-03-17 06:20:00+00:00,True,2026-03-17 06:25:00+00:00,39156,5007.844,be_stop,20.965000000001055,0.0,0.0,20.965000000001055,0.2995000000000151,-3.70299999999952,5.342999999999847,-0.5289999999999314,0.7632857142856925,3,900.0,0.28,6.238642857142817,20.10975813506903,asian,Tue,6,False
933,XAUUSDm,long,2026-03-17 15:40:00+00:00,39267,4982.465999999999,0.1,4982.465999999999,4992.466,7.0,close_below_lower,0.27689189474662473,0.05,4987.466,0.5,0.05,4987.466,25.000000000004547,39268.0,2026-03-17 15:45:00+00:00,True,2026-03-17 15:45:00+00:00,39268,4992.466,tp,75.0000000000091,0.0,0.0,75.0000000000091,1.0714285714287013,-9.120999999999185,2.529000000000451,-1.3029999999998836,0.3612857142857787,1,300.0,0.28,8.474214285714229,17.883962613856596,overlap,Tue,15,False
934,XAUUSDm,long,2026-03-18 07:55:00+00:00,39450,4991.5869999999995,0.1,4991.5869999999995,5001.587,7.0,close_below_lower,0.1051956147382236,0.05,4996.587,0.5,0.05,4996.587,25.000000000004547,39451.0,2026-03-18 08:00:00+00:00,True,2026-03-18 08:05:00+00:00,39452,4991.5869999999995,be_stop,25.000000000004547,0.0,0.0,25.000000000004547,0.3571428571429221,-0.8969999999999345,5.055000000000291,-0.1281428571428478,0.7221428571428987,2,600.0,0.28,3.8921428571429715,12.718005225737087,london,Wed,7,False
935,XAUUSDm,long,2026-03-18 11:00:00+00:00,39487,4968.0689999999995,0.1,4961.069,4978.069,7.0,close_below_lower,0.1443999963088701,0.1,4973.069,0.5,0.0,0.0,0.0,,,False,2026-03-18 11:05:00+00:00,39488,4958.745,sl,-93.23999999999614,0.0,0.0,-93.23999999999614,-1.331999999999945,-10.843999999999141,1.7050000000008367,-1.5491428571427346,0.2435714285715481,1,300.0,0.2,6.4731428571427125,12.04949484552623,london,Wed,11,False
936,XAUUSDm,long,2026-03-18 11:10:00+00:00,39489,4957.528,0.1,4957.528,4967.528,7.0,close_below_lower,0.5688974192734096,0.05,4962.528,0.5,0.05,4969.965,62.18499999999949,39490.0,2026-03-18 11:15:00+00:00,True,2026-03-18 11:15:00+00:00,39490,4969.965,tp,124.36999999999898,0.0,0.0,124.36999999999898,1.7767142857142713,-1.868000000000393,12.769999999999527,-0.26685714285719897,1.8242857142856468,1,300.0,0.2,7.552428571428469,12.19976181094751,london,Wed,11,False
937,XAUUSDm,long,2026-03-18 11:30:00+00:00,39493,4948.656,0.1,4948.656,4958.656,7.0,close_below_lower,0.7383515596720397,0.05,4953.656,0.5,0.05,4956.507,39.25499999999829,39494.0,2026-03-18 11:35:00+00:00,True,2026-03-18 11:40:00+00:00,39495,4947.566,be_stop,33.80499999999756,0.0,0.0,33.80499999999756,0.4829285714285366,-2.5720000000001164,13.192000000000007,-0.36742857142858804,1.8845714285714297,2,600.0,0.2,9.971499999999846,12.323699254875486,london,Wed,11,False
938,XAUUSDm,long,2026-03-18 11:45:00+00:00,39496,4939.343,0.1,4932.343,4949.343,7.0,close_below_lower,0.8452704652545832,0.1,4944.343,0.5,0.0,0.0,0.0,,,False,2026-03-18 11:50:00+00:00,39497,4932.343,sl,-70.0,0.0,0.0,-70.0,-1.0,-9.539999999999964,5.164999999999964,-1.3628571428571377,0.7378571428571377,1,300.0,0.2,11.433785714285607,12.483321364424299,london,Wed,11,False
939,XAUUSDm,long,2026-03-18 11:55:00+00:00,39498,4932.51,0.1,4925.51,4942.51,7.0,close_below_lower,0.8407228756864907,0.1,4937.51,0.5,0.0,0.0,0.0,,,False,2026-03-18 12:00:00+00:00,39499,4925.51,sl,-70.0,0.0,0.0,-70.0,-1.0,-7.6840000000001965,2.505000000000109,-1.0977142857143138,0.3578571428571585,1,300.0,0.2,11.196071428571356,12.725022510149522,london,Wed,11,False
940,XAUUSDm,long,2026-03-18 12:05:00+00:00,39500,4929.91,0.1,4922.91,4939.91,7.0,close_below_lower,0.5068213059515133,0.1,4934.91,0.5,0.0,0.0,0.0,,,False,2026-03-18 12:10:00+00:00,39501,4913.581,sl,-163.28999999999724,0.0,0.0,-163.28999999999724,-2.332714285714246,-17.40599999999995,2.5090000000000146,-2.486571428571421,0.3584285714285735,1,300.0,0.2,11.911214285714257,12.931072708792154,overlap,Wed,12,False
941,XAUUSDm,long,2026-03-18 12:15:00+00:00,39502,4908.539,0.1,4901.539,4918.539,7.0,close_below_lower,1.4181354961922077,0.1,4913.539,0.5,0.0,0.0,0.0,,,False,2026-03-18 12:20:00+00:00,39503,4901.539,sl,-70.0,0.0,0.0,-70.0,-1.0,-10.384999999999309,3.779000000000451,-1.4835714285713297,0.5398571428572073,1,300.0,0.2,12.41414285714284,13.153642256075603,overlap,Wed,12,False
942,XAUUSDm,long,2026-03-18 12:25:00+00:00,39504,4899.299,0.1,4892.299,4909.299,7.0,close_below_lower,1.3339908086770917,0.1,4904.299,0.5,0.0,0.0,0.0,,,False,2026-03-18 12:30:00+00:00,39505,4892.299,sl,-70.0,0.0,0.0,-70.0,-1.0,-3.931999999999789,5.462999999999738,-0.5617142857142555,0.7804285714285341,1,300.0,0.2,12.559428571428596,13.481964738426115,overlap,Wed,12,False
943,XAUUSDm,long,2026-03-18 12:35:00+00:00,39506,4888.079,0.1,4881.079,4898.079,7.0,close_below_lower,1.439601149317259,0.1,4893.079,0.5,0.0,0.0,0.0,,,False,2026-03-18 12:40:00+00:00,39507,4881.079,sl,-70.0,0.0,0.0,-70.0,-1.0,-9.710000000000036,1.1660000000001673,-1.3871428571428623,0.1665714285714525,1,300.0,0.2,13.516785714285627,13.806530031999529,overlap,Wed,12,False
944,XAUUSDm,long,2026-03-18 12:45:00+00:00,39508,4878.512,0.1,4871.512,4888.512,7.0,close_below_lower,1.3088773280193589,0.1,4883.512,0.5,0.0,0.0,0.0,,,False,2026-03-18 12:50:00+00:00,39509,4871.512,sl,-70.0,0.0,0.0,-70.0,-1.0,-5.386999999999716,1.1720000000004802,-0.769571428571388,0.16742857142864004,1,300.0,0.2,12.867071428571307,14.159826080597355,overlap,Wed,12,False
945,XAUUSDm,long,2026-03-18 12:55:00+00:00,39510,4887.13,0.1,4880.13,4897.13,7.0,close_below_lower,0.06328323733434672,0.1,4892.13,0.5,0.0,0.0,0.0,,,False,2026-03-18 13:00:00+00:00,39511,4880.13,sl,-70.0,0.0,0.0,-70.0,-1.0,-9.503999999999905,0.9380000000001019,-1.357714285714272,0.13400000000001455,1,300.0,0.2,13.108785714285593,14.33552955771929,overlap,Wed,12,False
946,XAUUSDm,long,2026-03-18 13:05:00+00:00,39512,4860.8099999999995,0.1,4853.81,4870.81,7.0,close_below_lower,1.275875903143176,0.1,4865.81,0.5,0.0,0.0,0.0,,,False,2026-03-18 13:10:00+00:00,39513,4853.81,sl,-69.9999999999909,0.0,0.0,-69.9999999999909,-0.9999999999998701,-5.233999999999469,6.885000000000218,-0.7477142857142098,0.9835714285714597,1,300.0,0.2,14.216857142857018,14.55612249292924,overlap,Wed,13,False
947,XAUUSDm,long,2026-03-18 13:15:00+00:00,39514,4858.528,0.1,4851.528,4868.528,7.0,close_below_lower,0.7838904540991237,0.1,4863.528,0.5,0.0,0.0,0.0,,,False,2026-03-18 13:20:00+00:00,39515,4851.047,sl,-74.81000000000677,0.0,0.0,-74.81000000000677,-1.0687142857143823,-24.552999999999884,0.1459999999997308,-3.507571428571412,0.0208571428571044,1,300.0,0.2,14.820857142856962,14.844678087879629,overlap,Wed,13,False
948,XAUUSDm,long,2026-03-18 13:25:00+00:00,39516,4858.4,0.1,4851.4,4868.4,7.0,close_below_lower,0.23963385748636598,0.1,4863.4,0.5,0.0,0.0,0.0,,,False,2026-03-18 13:30:00+00:00,39517,4851.4,sl,-70.0,0.0,0.0,-70.0,-1.0,-1.2579999999998108,7.587000000000444,-0.17971428571425868,1.0838571428572064,1,300.0,0.2,15.106999999999841,15.067106153151531,overlap,Wed,13,False
949,XAUUSDm,short,2026-03-18 14:10:00+00:00,39525,4892.51,0.1,4892.51,4882.51,7.0,close_above_upper,0.31955011027340496,0.05,4887.51,0.5,0.05,4881.398,55.5600000000004,39526.0,2026-03-18 14:15:00+00:00,True,2026-03-18 14:15:00+00:00,39526,4881.398,tp,111.1200000000008,0.0,0.0,111.1200000000008,1.587428571428583,-0.7449999999998909,12.511000000000422,-0.10642857142855584,1.7872857142857745,1,300.0,0.2,15.315642857142914,15.282590403761532,overlap,Wed,14,False
950,XAUUSDm,long,2026-03-18 18:55:00+00:00,39582,4864.635,0.1,4857.635,4874.635,7.0,close_below_lower,0.00988281844428979,0.1,4869.635,0.5,0.0,0.0,0.0,,,False,2026-03-18 19:00:00+00:00,39583,4852.792,sl,-118.42999999999847,0.0,0.0,-118.42999999999847,-1.691857142857121,-12.447000000000116,1.5230000000001382,-1.7781428571428737,0.21757142857144832,1,300.0,0.2,9.218714285714213,16.028007368636032,newyork,Wed,18,False
951,XAUUSDm,long,2026-03-18 19:05:00+00:00,39584,4856.65,0.1,4856.65,4866.65,7.0,close_below_lower,0.13003021668131368,0.05,4861.65,0.5,0.05,4861.65,25.0,39586.0,2026-03-18 19:15:00+00:00,True,2026-03-18 19:20:00+00:00,39587,4856.65,be_stop,25.0,0.0,0.0,25.0,0.35714285714285715,-6.605999999999767,8.670000000000073,-0.9437142857142524,1.2385714285714389,3,900.0,0.2,10.494142857142899,16.2571649778837,newyork,Wed,19,False
952,XAUUSDm,long,2026-03-18 19:25:00+00:00,39588,4847.063,0.1,4847.063,4857.063,7.0,close_below_lower,0.14274052117827848,0.05,4852.063,0.5,0.05,4852.063,25.0,39589.0,2026-03-18 19:30:00+00:00,True,2026-03-18 19:35:00+00:00,39590,4857.063,tp,75.0,0.0,0.0,75.0,1.0714285714285714,-3.3869999999997162,9.896999999999935,-0.4838571428571023,1.4138571428571336,2,600.0,0.2,11.10835714285713,16.47953452567205,newyork,Wed,19,False
953,XAUUSDm,long,2026-03-18 20:15:00+00:00,39598,4826.071,0.1,4819.071,4836.071,7.0,close_below_lower,0.27807484561140877,0.1,4831.071,0.5,0.0,0.0,0.0,,,False,2026-03-18 20:25:00+00:00,39600,4819.071,sl,-70.0,0.0,0.0,-70.0,-1.0,-6.484999999999673,2.412000000000262,-0.9264285714285246,0.344571428571466,2,600.0,0.2,9.792142857142737,16.902234436524523,newyork,Wed,20,False
954,XAUUSDm,long,2026-03-18 20:30:00+00:00,39601,4811.495,0.1,4811.495,4821.495,7.0,close_below_lower,0.5483336212158564,0.05,4816.495,0.5,0.05,4816.495,25.0,39602.0,2026-03-18 20:35:00+00:00,True,2026-03-18 20:45:00+00:00,39604,4821.495,tp,75.0,0.0,0.0,75.0,1.0714285714285714,-4.818000000000211,9.98700000000008,-0.6882857142857445,1.4267142857142971,3,900.0,0.2,10.140499999999909,17.156037545890896,newyork,Wed,20,False
955,XAUUSDm,short,2026-03-19 01:40:00+00:00,39651,4861.922,0.1,4861.922,4851.922,7.0,close_above_upper,0.043114370636985436,0.05,4856.922,0.5,0.05,4857.121999999999,24.00000000000091,39652.0,2026-03-19 01:45:00+00:00,True,2026-03-19 01:50:00+00:00,39653,4852.121999999999,tp,73.00000000000182,0.0,0.0,73.00000000000182,1.042857142857169,-4.970000000000255,8.467999999999847,-0.7100000000000364,1.209714285714264,2,600.0,0.2,7.958642857142682,17.618987262794157,asian,Thu,1,False
956,XAUUSDm,long,2026-03-19 06:30:00+00:00,39709,4814.054999999999,0.1,4807.055,4824.055,7.0,close_below_lower,0.03215212299964776,0.1,4819.055,0.5,0.0,0.0,0.0,,,False,2026-03-19 06:35:00+00:00,39710,4807.055,sl,-69.9999999999909,0.0,0.0,-69.9999999999909,-0.9999999999998701,-6.377999999999702,5.892000000000735,-0.9111428571428145,0.8417142857143907,1,300.0,0.2,8.107142857142987,17.698542219493365,asian,Thu,6,False
957,XAUUSDm,long,2026-03-19 06:40:00+00:00,39711,4796.289,0.1,4789.289,4806.289,7.0,close_below_lower,0.6265957419315671,0.1,4801.289,0.5,0.0,0.0,0.0,,,False,2026-03-19 06:45:00+00:00,39712,4786.279,sl,-100.09999999999309,0.0,0.0,-100.09999999999309,-1.4299999999999014,-16.27599999999984,0.12100000000009459,-2.325142857142834,0.0172857142857278,1,300.0,0.2,9.544500000000166,17.967553305214015,asian,Thu,6,False
958,XAUUSDm,long,2026-03-19 06:50:00+00:00,39713,4767.431,0.1,4760.431,4777.431,7.0,close_below_lower,1.5676704166370736,0.1,4772.431,0.5,0.0,0.0,0.0,,,False,2026-03-19 06:55:00+00:00,39714,4754.409,sl,-130.21999999999935,0.0,0.0,-130.21999999999935,-1.860285714285705,-20.130999999999403,0.20200000000022555,-2.8758571428570576,0.02885714285717508,1,300.0,0.2,11.614142857142983,18.445690823794436,asian,Thu,6,False
959,XAUUSDm,long,2026-03-19 07:00:00+00:00,39715,4763.8679999999995,0.1,4763.8679999999995,4773.868,7.0,close_below_lower,0.9908613151112178,0.05,4768.868,0.5,0.05,4768.868,25.000000000004547,39716.0,2026-03-19 07:05:00+00:00,True,2026-03-19 07:05:00+00:00,39716,4773.868,tp,75.0000000000091,0.0,0.0,75.0000000000091,1.0714285714287013,-1.3099999999994907,9.095000000000255,-0.1871428571427844,1.2992857142857506,1,300.0,0.2,13.700428571428606,18.956322662293037,london,Thu,7,False
960,XAUUSDm,long,2026-03-19 07:45:00+00:00,39724,4739.927,0.1,4739.927,4749.927,7.0,close_below_lower,0.6408707733458067,0.05,4744.927,0.5,0.05,4750.849,54.6100000000024,39725.0,2026-03-19 07:50:00+00:00,True,2026-03-19 07:50:00+00:00,39725,4750.849,tp,109.2200000000048,0.0,0.0,109.2200000000048,1.5602857142857829,-1.3629999999993743,12.57300000000032,-0.19471428571419633,1.7961428571429028,1,300.0,0.2,16.772,19.7108558361659,london,Thu,7,False
961,XAUUSDm,long,2026-03-19 08:00:00+00:00,39727,4728.153,0.1,4721.153,4738.153,7.0,close_below_lower,0.6960436783261721,0.1,4733.153,0.5,0.0,0.0,0.0,,,False,2026-03-19 08:05:00+00:00,39728,4721.153,sl,-70.0,0.0,0.0,-70.0,-1.0,-1.0630000000001019,12.175000000000182,-0.1518571428571574,1.7392857142857403,1,300.0,0.2,15.84942857142856,20.045702045631387,london,Thu,8,False
962,XAUUSDm,long,2026-03-19 08:10:00+00:00,39729,4715.248,0.1,4715.248,4725.248,7.0,close_below_lower,0.8819636815628475,0.05,4720.248,0.5,0.05,4720.248,25.0,39730.0,2026-03-19 08:15:00+00:00,True,2026-03-19 08:15:00+00:00,39730,4725.248,tp,75.0,0.0,0.0,75.0,1.0714285714285714,-13.968999999999141,6.027000000000044,-1.995571428571306,0.8610000000000062,1,300.0,0.2,15.486928571428637,20.295251606109044,london,Thu,8,False
963,XAUUSDm,long,2026-03-19 08:35:00+00:00,39734,4703.331999999999,0.1,4696.332,4713.332,7.0,close_below_lower,0.49484529702418883,0.1,4708.332,0.5,0.0,0.0,0.0,,,False,2026-03-19 08:40:00+00:00,39735,4696.332,sl,-69.9999999999909,0.0,0.0,-69.9999999999909,-0.9999999999998701,-0.6899999999995998,17.09600000000046,-0.0985714285713714,2.44228571428578,1,300.0,0.2,17.855785714285698,20.839505700761652,london,Thu,8,False
964,XAUUSDm,long,2026-03-19 08:45:00+00:00,39736,4688.605,0.1,4688.605,4698.605,7.0,close_below_lower,0.7546927643837031,0.05,4693.605,0.5,0.05,4711.042,112.18500000000404,39737.0,2026-03-19 08:50:00+00:00,True,2026-03-19 08:50:00+00:00,39737,4711.042,tp,224.37000000000808,0.0,0.0,224.37000000000808,3.2052857142858295,-1.806999999999789,31.01800000000003,-0.258142857142827,4.431142857142861,1,300.0,0.2,18.858428571428572,21.15534852024195,london,Thu,8,False
965,XAUUSDm,long,2026-03-19 10:25:00+00:00,39756,4679.092,0.1,4679.092,4689.092,7.0,close_below_lower,0.18972130339001345,0.05,4684.092,0.5,0.05,4684.092,25.0,39757.0,2026-03-19 10:30:00+00:00,True,2026-03-19 10:30:00+00:00,39757,4689.092,tp,75.0,0.0,0.0,75.0,1.0714285714285714,-0.4539999999997235,10.855000000000473,-0.06485714285710335,1.5507142857143532,1,300.0,0.28,15.598571428571502,21.547785326451624,london,Thu,10,False
966,XAUUSDm,long,2026-03-19 11:55:00+00:00,39774,4652.955,0.1,4645.955,4662.955,7.0,close_below_lower,0.15166272069829106,0.1,4657.955,0.5,0.0,0.0,0.0,,,False,2026-03-19 12:00:00+00:00,39775,4645.955,sl,-70.0,0.0,0.0,-70.0,-1.0,-1.376999999999498,6.905999999999949,-0.19671428571421398,0.9865714285714213,1,300.0,0.28,13.043214285714319,21.839096249349495,london,Thu,11,False
967,XAUUSDm,long,2026-03-19 12:05:00+00:00,39776,4630.735,0.1,4623.735,4640.735,7.0,close_below_lower,0.7770098235428552,0.1,4635.735,0.5,0.0,0.0,0.0,,,False,2026-03-19 12:10:00+00:00,39777,4623.735,sl,-70.0,0.0,0.0,-70.0,-1.0,-7.448999999999614,9.036000000000058,-1.064142857142802,1.2908571428571511,1,300.0,0.28,13.549142857142865,22.155840001860145,overlap,Thu,12,False
968,XAUUSDm,long,2026-03-19 12:15:00+00:00,39778,4619.397,0.1,4612.397,4629.397,7.0,close_below_lower,0.7764416907598236,0.1,4624.397,0.5,0.0,0.0,0.0,,,False,2026-03-19 12:20:00+00:00,39779,4612.397,sl,-70.0,0.0,0.0,-70.0,-1.0,-7.1580000000003565,11.243000000000393,-1.0225714285714795,1.6061428571429133,1,300.0,0.28,13.682214285714249,22.539781539474575,overlap,Thu,12,False
969,XAUUSDm,long,2026-03-19 12:25:00+00:00,39780,4605.420999999999,0.1,4605.420999999999,4615.421,7.0,close_below_lower,0.848015585314033,0.05,4610.421,0.5,0.05,4610.421,25.000000000004547,39781.0,2026-03-19 12:30:00+00:00,True,2026-03-19 12:30:00+00:00,39781,4615.421,tp,75.0000000000091,0.0,0.0,75.0000000000091,1.0714285714287013,-2.615999999999076,3.608000000001084,-0.3737142857141537,0.5154285714287263,1,300.0,0.28,14.893714285714266,22.98119822438978,overlap,Thu,12,False
970,XAUUSDm,long,2026-03-19 12:35:00+00:00,39782,4604.406,0.1,4597.406,4614.406,7.0,close_below_lower,0.3949954778652818,0.1,4609.406,0.5,0.0,0.0,0.0,,,False,2026-03-19 12:40:00+00:00,39783,4597.406,sl,-70.0,0.0,0.0,-70.0,-1.0,-1.4899999999997817,13.320999999999913,-0.2128571428571117,1.9029999999999876,1,300.0,0.28,15.295785714285753,23.383170671396975,overlap,Thu,12,False
971,XAUUSDm,long,2026-03-19 12:45:00+00:00,39784,4563.753,0.1,4556.753,4573.753,7.0,close_below_lower,1.5108490490064523,0.1,4568.753,0.5,0.0,0.0,0.0,,,False,2026-03-19 12:50:00+00:00,39785,4556.753,sl,-70.0,0.0,0.0,-70.0,-1.0,-32.67999999999938,1.235000000000582,-4.66857142857134,0.1764285714286546,1,300.0,0.28,17.877571428571432,23.85732644580753,overlap,Thu,12,False
972,XAUUSDm,long,2026-03-19 12:55:00+00:00,39786,4573.858,0.1,4566.858,4583.858,7.0,close_below_lower,0.46046242852900254,0.1,4578.858,0.5,0.0,0.0,0.0,,,False,2026-03-19 13:00:00+00:00,39787,4566.858,sl,-70.0,0.0,0.0,-70.0,-1.0,-2.787000000000262,11.957999999999629,-0.39814285714289455,1.7082857142856613,1,300.0,0.28,19.463071428571375,24.377429608036962,overlap,Thu,12,False
973,XAUUSDm,long,2026-03-19 13:05:00+00:00,39788,4550.365,0.1,4543.365,4560.365,7.0,close_below_lower,0.8609464715786094,0.1,4555.365,0.5,0.0,0.0,0.0,,,False,2026-03-19 13:10:00+00:00,39789,4536.008,sl,-143.5699999999997,0.0,0.0,-143.5699999999997,-2.0509999999999957,-23.05199999999968,15.756000000000313,-3.2931428571428114,2.2508571428571877,1,300.0,0.28,24.027285714285686,24.788627439916272,overlap,Thu,13,False
974,XAUUSDm,long,2026-03-19 13:15:00+00:00,39790,4539.3279999999995,0.1,4539.3279999999995,4549.328,7.0,close_below_lower,0.6601793142231807,0.05,4544.328,0.5,0.05,4562.658,116.65000000000418,39791.0,2026-03-19 13:20:00+00:00,True,2026-03-19 13:20:00+00:00,39791,4562.658,tp,233.30000000000837,0.0,0.0,233.30000000000837,3.332857142857262,-15.846999999999753,29.88000000000011,-2.2638571428571077,4.268571428571444,1,300.0,0.28,25.757642857142855,25.345125098006854,overlap,Thu,13,False
975,XAUUSDm,short,2026-03-19 13:55:00+00:00,39798,4597.329,0.1,4604.329,4587.329,7.0,close_above_upper,0.10305979518455423,0.1,4592.329,0.5,0.0,0.0,0.0,,,False,2026-03-19 14:00:00+00:00,39799,4621.210999999999,sl,-238.81999999999607,0.0,0.0,-238.81999999999607,-3.4117142857142295,-23.72400000000016,0.61200000000008,-3.38914285714288,0.08742857142858286,1,300.0,0.28,31.596142857142826,25.767746461867066,overlap,Thu,13,False
976,XAUUSDm,short,2026-03-19 14:05:00+00:00,39800,4625.726,0.1,4632.726,4615.726,7.0,close_above_upper,0.7805401346262163,0.1,4620.726,0.5,0.0,0.0,0.0,,,False,2026-03-19 14:10:00+00:00,39801,4633.005999999999,sl,-72.79999999999745,0.0,0.0,-72.79999999999745,-1.0399999999999636,-14.068000000000211,7.196999999999207,-2.009714285714316,1.0281428571427438,1,300.0,0.28,30.88942857142859,26.293379228715267,overlap,Thu,14,False
977,XAUUSDm,short,2026-03-19 14:15:00+00:00,39802,4630.858,0.1,4630.858,4620.858,7.0,close_above_upper,0.5276989115482502,0.05,4625.858,0.5,0.05,4614.615,81.21500000000196,39803.0,2026-03-19 14:20:00+00:00,True,2026-03-19 14:20:00+00:00,39803,4614.615,tp,162.43000000000393,0.0,0.0,162.43000000000393,2.3204285714286277,-4.806999999999789,26.322000000000116,-0.6867142857142555,3.760285714285731,1,300.0,0.28,28.152928571428543,26.77708137679559,overlap,Thu,14,False
978,XAUUSDm,long,2026-03-19 15:35:00+00:00,39818,4579.655,0.1,4572.655,4589.655,7.0,close_below_lower,0.05640477496471852,0.1,4584.655,0.5,0.0,0.0,0.0,,,False,2026-03-19 15:40:00+00:00,39819,4572.655,sl,-70.0,0.0,0.0,-70.0,-1.0,-9.417999999999665,4.467000000000553,-1.3454285714285237,0.6381428571429362,1,300.0,0.28,20.822642857142974,27.707452183637876,overlap,Thu,15,False
979,XAUUSDm,long,2026-03-19 15:45:00+00:00,39820,4572.054999999999,0.1,4572.054999999999,4582.055,7.0,close_below_lower,0.07304148171811001,0.05,4577.055,0.5,0.05,4583.62,57.82500000000255,39821.0,2026-03-19 15:50:00+00:00,True,2026-03-19 15:50:00+00:00,39821,4583.62,tp,115.6500000000051,0.0,0.0,115.6500000000051,1.65214285714293,-5.941999999999098,13.905000000000655,-0.848857142857014,1.986428571428665,1,300.0,0.28,18.541142857143054,28.037629507617524,overlap,Thu,15,False
980,XAUUSDm,short,2026-03-19 19:10:00+00:00,39861,4650.096,0.1,4657.096,4640.096,7.0,close_above_upper,0.1323670078780947,0.1,4645.096,0.5,0.0,0.0,0.0,,,False,2026-03-19 19:15:00+00:00,39862,4657.375999999999,sl,-72.79999999999745,0.0,0.0,-72.79999999999745,-1.0399999999999636,-13.22900000000027,8.410999999999149,-1.8898571428571813,1.201571428571307,1,300.0,0.28,11.910285714285692,29.814311524124317,newyork,Thu,19,False
981,XAUUSDm,short,2026-03-19 19:20:00+00:00,39863,4657.769,0.1,4657.769,4647.769,7.0,close_above_upper,0.08610622349984183,0.05,4652.769,0.5,0.05,4644.347,67.1100000000024,39864.0,2026-03-19 19:25:00+00:00,True,2026-03-19 19:25:00+00:00,39864,4644.347,tp,134.2200000000048,0.0,0.0,134.2200000000048,1.91742857142864,-0.6799999999993815,14.681999999999789,-0.0971428571427688,2.097428571428541,1,300.0,0.28,12.612357142857102,30.190340872181743,newyork,Thu,19,False
982,XAUUSDm,long,2026-03-20 13:55:00+00:00,40074,4622.3,0.1,4615.3,4632.3,7.0,close_below_lower,0.09523032453039201,0.1,4627.3,0.5,0.0,0.0,0.0,,,False,2026-03-20 14:00:00+00:00,40075,4615.3,sl,-70.0,0.0,0.0,-70.0,-1.0,-9.537000000000262,5.061999999999898,-1.3624285714286088,0.7231428571428425,1,300.0,0.28,14.430999999999974,32.96358415270849,overlap,Fri,13,False
983,XAUUSDm,long,2026-03-20 14:05:00+00:00,40076,4615.869,0.1,4608.869,4625.869,7.0,close_below_lower,3.3998095340812816e-05,0.1,4620.869,0.5,0.0,0.0,0.0,,,False,2026-03-20 14:10:00+00:00,40077,4608.869,sl,-70.0,0.0,0.0,-70.0,-1.0,-15.172999999999774,6.692000000000007,-2.1675714285713963,0.9560000000000011,1,300.0,0.28,15.045928571428574,33.31040995660909,overlap,Fri,14,False
984,XAUUSDm,long,2026-03-20 14:15:00+00:00,40078,4587.615,0.1,4580.615,4597.615,7.0,close_below_lower,0.47424068809819336,0.1,4592.615,0.5,0.0,0.0,0.0,,,False,2026-03-20 14:20:00+00:00,40079,4575.147,sl,-124.67999999999847,0.0,0.0,-124.67999999999847,-1.7811428571428354,-24.746000000000095,0.9020000000000437,-3.5351428571428705,0.12885714285714908,1,300.0,0.28,17.789357142857106,33.74258523873392,overlap,Fri,14,False
985,XAUUSDm,long,2026-03-20 14:25:00+00:00,40080,4569.266,0.1,4562.266,4579.266,7.0,close_below_lower,0.5471857976800975,0.1,4574.266,0.5,0.0,0.0,0.0,,,False,2026-03-20 14:30:00+00:00,40081,4558.14,sl,-111.25999999999294,0.0,0.0,-111.25999999999294,-1.5894285714284706,-18.10699999999997,0.21500000000014552,-2.5867142857142817,0.030714285714306504,1,300.0,0.28,19.122071428571417,34.29201512549669,overlap,Fri,14,False
986,XAUUSDm,long,2026-03-20 18:50:00+00:00,40133,4511.156,0.1,4504.156,4521.156,7.0,close_below_lower,0.15324165544521143,0.1,4516.156,0.5,0.0,0.0,0.0,,,False,2026-03-20 18:55:00+00:00,40134,4502.666,sl,-84.89999999999782,0.0,0.0,-84.89999999999782,-1.2128571428571118,-10.469000000000051,7.007999999999811,-1.4955714285714359,1.00114285714283,1,300.0,0.28,12.849214285714424,35.50722540355987,newyork,Fri,18,False
987,XAUUSDm,long,2026-03-20 19:00:00+00:00,40135,4499.91,0.1,4492.91,4509.91,7.0,close_below_lower,0.13392904244414516,0.1,4504.91,0.5,0.0,0.0,0.0,,,False,2026-03-20 19:05:00+00:00,40136,4492.91,sl,-70.0,0.0,0.0,-70.0,-1.0,-0.9169999999994616,16.444000000000415,-0.1309999999999231,2.3491428571429163,1,300.0,0.28,14.934000000000067,35.96293739912261,newyork,Fri,19,False
988,XAUUSDm,long,2026-03-23 00:35:00+00:00,40190,4401.365,0.1,4394.365,4411.365,7.0,close_below_lower,0.19852423279944292,0.1,4406.365,0.5,0.0,0.0,0.0,,,False,2026-03-23 00:40:00+00:00,40191,4349.781,sl,-515.8399999999983,0.0,0.0,-515.8399999999983,-7.369142857142833,-71.71299999999974,0.10199999999986176,-10.244714285714249,0.014571428571408822,1,300.0,0.28,21.503928571428723,39.20414097963297,asian,Mon,0,False
989,XAUUSDm,long,2026-03-23 00:45:00+00:00,40192,4362.349,0.1,4355.349,4372.349,7.0,close_below_lower,0.6380107557622404,0.1,4367.349,0.5,0.0,0.0,0.0,,,False,2026-03-23 00:50:00+00:00,40193,4345.543,sl,-168.06000000000495,0.0,0.0,-168.06000000000495,-2.4008571428572134,-18.046000000000276,5.076000000000022,-2.5780000000000394,0.7251428571428603,1,300.0,0.28,26.888857142857237,40.1045759510357,asian,Mon,0,False
990,XAUUSDm,long,2026-03-23 00:55:00+00:00,40194,4335.96,0.1,4335.96,4345.96,7.0,close_below_lower,0.7365539804830543,0.05,4340.96,0.5,0.05,4354.286,91.63000000000011,40195.0,2026-03-23 01:00:00+00:00,True,2026-03-23 01:00:00+00:00,40195,4354.286,tp,183.26000000000022,0.0,0.0,183.26000000000022,2.618000000000003,-7.050000000000182,35.31999999999971,-1.007142857142883,5.0457142857142445,1,300.0,0.26,29.59921428571436,40.95209010667644,asian,Mon,0,False
991,XAUUSDm,long,2026-03-23 06:05:00+00:00,40256,4287.024,0.1,4280.024,4297.024,7.0,close_below_lower,0.13121463214433482,0.1,4292.024,0.5,0.0,0.0,0.0,,,False,2026-03-23 06:10:00+00:00,40257,4275.485,sl,-115.3900000000067,0.0,0.0,-115.3900000000067,-1.648428571428667,-17.28400000000056,0.0,-2.4691428571429372,0.0,1,300.0,0.26,15.11642857142871,41.67952472068901,asian,Mon,6,False
992,XAUUSDm,long,2026-03-23 06:30:00+00:00,40261,4243.965,0.1,4236.965,4253.965,7.0,close_below_lower,0.37740140095759755,0.1,4248.965,0.5,0.0,0.0,0.0,,,False,2026-03-23 06:35:00+00:00,40262,4236.965,sl,-70.0,0.0,0.0,-70.0,-1.0,-22.0029999999997,5.918999999999869,-3.1432857142856716,0.8455714285714099,1,300.0,0.26,20.648071428571647,42.551951129158894,asian,Mon,6,False
993,XAUUSDm,long,2026-03-23 06:40:00+00:00,40263,4234.084,0.1,4227.084,4244.084,7.0,close_below_lower,0.20210604552379483,0.1,4239.084,0.5,0.0,0.0,0.0,,,False,2026-03-23 06:45:00+00:00,40264,4183.261,sl,-508.2299999999941,0.0,0.0,-508.2299999999941,-7.260428571428487,-51.63599999999951,9.869000000000597,-7.376571428571359,1.4098571428572282,1,300.0,0.26,23.039857142857272,43.03428363986025,asian,Mon,6,False
994,XAUUSDm,long,2026-03-23 06:50:00+00:00,40265,4206.528,0.1,4206.528,4216.528,7.0,close_below_lower,0.3221118304089005,0.05,4211.528,0.5,0.05,4212.527,29.99499999999898,40266.0,2026-03-23 06:55:00+00:00,True,2026-03-23 06:55:00+00:00,40266,4216.528,tp,79.99499999999898,0.0,0.0,79.99499999999898,1.1427857142856996,-2.8659999999999854,23.77300000000014,-0.40942857142856937,3.396142857142877,1,300.0,0.26,26.75857142857155,43.89946348494337,asian,Mon,6,False
995,XAUUSDm,long,2026-03-23 07:05:00+00:00,40268,4180.814,0.1,4173.814,4190.814,7.0,close_below_lower,0.3479484836669999,0.1,4185.814,0.5,0.0,0.0,0.0,,,False,2026-03-23 07:10:00+00:00,40269,4157.938,sl,-228.76000000000204,0.0,0.0,-228.76000000000204,-3.268000000000029,-48.95100000000002,0.15899999999965075,-6.993000000000003,0.02271428571423582,1,300.0,0.26,30.569928571428655,44.67815374265794,london,Mon,7,False
996,XAUUSDm,long,2026-03-23 07:15:00+00:00,40270,4130.894,0.1,4123.894,4140.894,7.0,close_below_lower,0.906271281152296,0.1,4135.894,0.5,0.0,0.0,0.0,,,False,2026-03-23 07:20:00+00:00,40271,4117.038,sl,-138.56000000000677,0.0,0.0,-138.56000000000677,-1.9794285714286681,-17.627000000000407,29.13000000000011,-2.5181428571429154,4.161428571428587,1,300.0,0.26,34.13257142857141,45.60721748406777,london,Mon,7,False
997,XAUUSDm,long,2026-03-23 07:25:00+00:00,40272,4130.834,0.1,4130.834,4140.834,7.0,close_below_lower,0.37086205342038187,0.05,4135.834,0.5,0.05,4136.01,25.880000000001928,40273.0,2026-03-23 07:30:00+00:00,True,2026-03-23 07:30:00+00:00,40273,4140.834,tp,75.88000000000193,0.0,0.0,75.88000000000193,1.0840000000000276,-17.925999999999476,8.485000000000582,-2.560857142857068,1.2121428571429402,1,300.0,0.26,37.89249999999993,46.36124434549694,london,Mon,7,False
998,XAUUSDm,short,2026-03-23 08:15:00+00:00,40282,4253.105,0.1,4253.105,4243.105,7.0,close_above_upper,0.20946169364508263,0.05,4248.105,0.5,0.05,4220.137000000001,164.8399999999947,40283.0,2026-03-23 08:20:00+00:00,True,2026-03-23 08:20:00+00:00,40283,4220.137000000001,tp,329.6799999999894,0.0,0.0,329.6799999999894,4.709714285714134,-3.068000000000211,40.73899999999958,-0.4382857142857444,5.819857142857082,1,300.0,0.26,36.26485714285718,46.32912110892737,london,Mon,8,False
999,XAUUSDm,short,2026-03-23 08:35:00+00:00,40286,4263.115,0.1,4263.115,4253.115,7.0,close_above_upper,0.055165955169337866,0.05,4258.115,0.5,0.05,4238.3060000000005,124.04499999999643,40287.0,2026-03-23 08:40:00+00:00,True,2026-03-23 08:40:00+00:00,40287,4238.3060000000005,tp,248.08999999999287,0.0,0.0,248.08999999999287,3.5441428571427553,-7.515000000000327,28.95600000000013,-1.0735714285714753,4.136571428571448,1,300.0,0.26,31.78171428571438,45.87176321026955,london,Mon,8,False
1000,XAUUSDm,short,2026-03-23 11:10:00+00:00,40317,4406.873,0.1,4413.873,4396.873,7.0,close_above_upper,1.8251206332330827,0.1,4401.873,0.5,0.0,0.0,0.0,,,False,2026-03-23 11:15:00+00:00,40318,4457.072999999999,sl,-501.9999999999982,0.0,0.0,-501.9999999999982,-7.171428571428545,-56.54500000000007,11.252999999999702,-8.077857142857154,1.607571428571386,1,300.0,0.36,25.88071428571428,46.00474774030923,london,Mon,11,False
1001,XAUUSDm,short,2026-03-23 11:20:00+00:00,40319,4395.397,0.1,4402.397,4385.397,7.0,close_above_upper,0.8647492957449606,0.1,4390.397,0.5,0.0,0.0,0.0,,,False,2026-03-23 11:25:00+00:00,40320,4402.677,sl,-72.79999999999745,0.0,0.0,-72.79999999999745,-1.0399999999999636,-10.86700000000019,40.38000000000011,-1.5524285714285984,5.768571428571444,1,300.0,0.28,34.5225000000001,47.155856536273475,london,Mon,11,False
1002,XAUUSDm,short,2026-03-23 11:30:00+00:00,40321,4399.515,0.1,4406.515,4389.515,7.0,close_above_upper,0.47677819969464746,0.1,4394.515,0.5,0.0,0.0,0.0,,,False,2026-03-23 11:35:00+00:00,40322,4422.015,sl,-225.0,0.0,0.0,-225.0,-3.2142857142857144,-27.036000000000058,4.606000000000677,-3.8622857142857225,0.6580000000000966,1,300.0,0.308,38.278214285714384,47.656283520070815,london,Mon,11,False
1003,XAUUSDm,short,2026-03-23 11:40:00+00:00,40323,4404.869,0.1,4411.869,4394.869,7.0,close_above_upper,0.10369547267875945,0.1,4399.869,0.5,0.0,0.0,0.0,,,False,2026-03-23 11:45:00+00:00,40324,4412.694,sl,-78.25000000000728,0.0,0.0,-78.25000000000728,-1.1178571428572468,-10.88000000000011,21.37199999999939,-1.5542857142857298,3.05314285714277,1,300.0,0.308,41.424214285714434,48.41797291197227,london,Mon,11,False
1004,XAUUSDm,short,2026-03-23 12:50:00+00:00,40337,4460.925,0.1,4467.925,4450.925,7.0,close_above_upper,0.20361462474683792,0.1,4455.925,0.5,0.0,0.0,0.0,,,False,2026-03-23 12:55:00+00:00,40338,4468.2970000000005,sl,-73.72000000000298,0.0,0.0,-73.72000000000298,-1.0531428571428998,-21.587999999999738,2.2899999999999636,-3.0839999999999628,0.32714285714285196,1,300.0,0.372,31.441071428571313,49.75275446797485,overlap,Mon,12,False
1005,XAUUSDm,short,2026-03-23 13:00:00+00:00,40339,4478.366,0.1,4478.366,4468.366,7.0,close_above_upper,0.21875741447102187,0.05,4473.366,0.5,0.05,4454.023,121.71499999999924,40340.0,2026-03-23 13:05:00+00:00,True,2026-03-23 13:05:00+00:00,40340,4454.023,tp,243.42999999999847,0.0,0.0,243.42999999999847,3.4775714285714066,-7.078000000000429,40.086999999999534,-1.0111428571429184,5.726714285714219,1,300.0,0.372,29.916428571428437,50.36728203843641,overlap,Mon,13,False
1006,XAUUSDm,long,2026-03-23 16:00:00+00:00,40375,4363.869,0.1,4356.869,4373.869,7.0,close_below_lower,0.2738912576338612,0.1,4368.869,0.5,0.0,0.0,0.0,,,False,2026-03-23 16:05:00+00:00,40376,4356.869,sl,-70.0,0.0,0.0,-70.0,-1.0,-4.778999999999542,16.33600000000024,-0.6827142857142202,2.33371428571432,1,300.0,0.364,24.126499999999982,52.89426033807686,newyork,Mon,16,False
1007,XAUUSDm,long,2026-03-24 00:40:00+00:00,40467,4350.139999999999,0.1,4343.14,4360.14,7.0,close_below_lower,0.07885720945509264,0.1,4355.14,0.5,0.0,0.0,0.0,,,False,2026-03-24 00:45:00+00:00,40468,4343.14,sl,-69.9999999999909,0.0,0.0,-69.9999999999909,-0.9999999999998701,-19.151999999999134,3.311000000000604,-2.7359999999998763,0.4730000000000863,1,300.0,0.364,18.409071428571483,56.52646565068481,asian,Tue,0,False
1008,XAUUSDm,short,2026-03-24 20:25:00+00:00,40704,4463.408,0.1,4463.408,4453.408,7.0,close_above_upper,0.08081438384516856,0.05,4458.408,0.5,0.05,4455.843,37.82500000000255,40705.0,2026-03-24 20:30:00+00:00,True,2026-03-24 20:30:00+00:00,40705,4453.772,tp,86.00500000000466,0.0,0.0,86.00500000000466,1.2286428571429238,-20.607999999999265,14.273000000000138,-2.943999999999895,2.0390000000000197,1,300.0,0.364,10.006285714285825,51.532313837968985,newyork,Tue,20,False
1009,XAUUSDm,short,2026-03-24 23:40:00+00:00,40731,4546.176,0.1,4546.176,4536.176,7.0,close_above_upper,0.007320757161171592,0.05,4541.176,0.5,0.05,4540.016,30.80000000000382,40732.0,2026-03-24 23:45:00+00:00,True,2026-03-24 23:45:00+00:00,40732,4536.54,tp,78.98000000000593,0.0,0.0,78.98000000000593,1.128285714285799,-0.3249999999998181,14.47900000000027,-0.046428571428545444,2.0684285714286097,1,300.0,0.364,12.408142857142723,52.47597998315244,rollover,Tue,23,False
1010,XAUUSDm,long,2026-03-25 19:10:00+00:00,40965,4503.8949999999995,0.1,4503.8949999999995,4513.895,7.0,close_below_lower,0.28073014521919476,0.05,4508.895,0.5,0.05,4509.081,25.93000000000302,40966.0,2026-03-25 19:15:00+00:00,True,2026-03-25 19:15:00+00:00,40966,4513.895,tp,75.93000000000757,0.0,0.0,75.93000000000757,1.0847142857143939,-17.073999999999614,6.466000000000349,-2.439142857142802,0.9237142857143356,1,300.0,0.28,10.130857142857167,30.657618553113288,newyork,Wed,19,False
1011,XAUUSDm,long,2026-03-26 05:50:00+00:00,41081,4473.41,0.1,4466.41,4483.41,7.0,close_below_lower,0.04775150737442157,0.1,4478.41,0.5,0.0,0.0,0.0,,,False,2026-03-26 05:55:00+00:00,41082,4462.525,sl,-108.85000000000218,0.0,0.0,-108.85000000000218,-1.5550000000000312,-13.440999999999804,2.9030000000002474,-1.9201428571428292,0.41471428571432106,1,300.0,0.28,8.220142857142816,26.98054894646974,asian,Thu,5,False
1012,XAUUSDm,long,2026-03-26 06:00:00+00:00,41083,4439.317999999999,0.1,4432.318,4449.318,7.0,close_below_lower,0.8730653630043663,0.1,4444.318,0.5,0.0,0.0,0.0,,,False,2026-03-26 06:05:00+00:00,41084,4432.318,sl,-69.9999999999909,0.0,0.0,-69.9999999999909,-0.9999999999998701,-11.383999999999105,11.262000000000626,-1.6262857142855864,1.6088571428572322,1,300.0,0.28,10.481857142857084,27.378168004961495,asian,Thu,6,False
1013,XAUUSDm,long,2026-03-26 06:10:00+00:00,41085,4438.414,0.1,4431.414,4448.414,7.0,close_below_lower,0.44311597755977694,0.1,4443.414,0.5,0.0,0.0,0.0,,,False,2026-03-26 06:15:00+00:00,41086,4421.224,sl,-171.899999999996,0.0,0.0,-171.899999999996,-2.4557142857142287,-20.07299999999941,3.6840000000001965,-2.8675714285713445,0.5262857142857423,1,300.0,0.28,13.17699999999994,27.82640247853996,asian,Thu,6,False
1014,XAUUSDm,long,2026-03-26 06:20:00+00:00,41087,4430.346,0.1,4430.346,4440.346,7.0,close_below_lower,0.23721558492074485,0.05,4435.346,0.5,0.05,4435.346,25.0,41088.0,2026-03-26 06:25:00+00:00,True,2026-03-26 06:25:00+00:00,41088,4440.346,tp,75.0,0.0,0.0,75.0,1.0714285714285714,-1.8049999999993815,5.779000000000451,-0.2578571428570545,0.825571428571493,1,300.0,0.28,15.45771428571418,28.29417540000483,asian,Thu,6,False
1015,XAUUSDm,long,2026-03-26 16:25:00+00:00,41208,4401.235,0.1,4394.235,4411.235,7.0,close_below_lower,0.487597578295592,0.1,4406.235,0.5,0.0,0.0,0.0,,,False,2026-03-26 16:30:00+00:00,41209,4394.235,sl,-70.0,0.0,0.0,-70.0,-1.0,-14.488999999999578,0.0,-2.0698571428570824,0.0,1,300.0,0.28,12.087428571428584,25.147748988414367,newyork,Thu,16,False
1016,XAUUSDm,long,2026-03-26 16:35:00+00:00,41210,4393.041,0.1,4386.041,4403.041,7.0,close_below_lower,0.4227809025878125,0.1,4398.041,0.5,0.0,0.0,0.0,,,False,2026-03-26 16:40:00+00:00,41211,4375.653,sl,-173.8799999999992,0.0,0.0,-173.8799999999992,-2.4839999999999884,-26.248999999999796,0.3000000000001819,-3.7498571428571137,0.042857142857168844,1,300.0,0.28,13.30392857142858,25.153983309978702,newyork,Thu,16,False
1017,XAUUSDm,long,2026-03-26 16:45:00+00:00,41212,4381.598,0.1,4381.598,4391.598,7.0,close_below_lower,0.40783140574231097,0.05,4386.598,0.5,0.05,4386.598,25.0,41213.0,2026-03-26 16:50:00+00:00,True,2026-03-26 16:55:00+00:00,41214,4391.598,tp,75.0,0.0,0.0,75.0,1.0714285714285714,-2.988999999999578,8.902000000000044,-0.4269999999999397,1.271714285714292,2,600.0,0.28,14.47807142857138,25.290100940777833,newyork,Thu,16,False
1018,XAUUSDm,long,2026-03-26 20:05:00+00:00,41252,4353.991,0.1,4353.991,4363.991,7.0,close_below_lower,0.03563628572271736,0.05,4358.991,0.5,0.05,4358.991,25.0,41253.0,2026-03-26 20:10:00+00:00,True,2026-03-26 20:10:00+00:00,41253,4363.991,tp,75.0,0.0,0.0,75.0,1.0714285714285714,-3.0469999999995707,3.6279999999997017,-0.43528571428565294,0.5182857142856717,1,300.0,0.28,8.358928571428546,23.001007704134686,newyork,Thu,20,False
1019,XAUUSDm,short,2026-03-26 20:40:00+00:00,41259,4420.011,0.1,4420.011,4410.011,7.0,close_above_upper,0.3780231198848908,0.05,4415.011,0.5,0.05,4406.357,68.27000000000226,41260.0,2026-03-26 20:45:00+00:00,True,2026-03-26 20:45:00+00:00,41260,4406.357,tp,136.5400000000045,0.0,0.0,136.5400000000045,1.950571428571493,0.0,14.712000000000444,0.0,2.101714285714349,1,300.0,0.28,15.985499999999904,23.27473071602229,newyork,Thu,20,False
1020,XAUUSDm,short,2026-03-27 05:40:00+00:00,41355,4473.811,0.1,4473.811,4463.811,7.0,close_above_upper,0.10078644705003983,0.05,4468.811,0.5,0.05,4466.119,38.460000000000036,41356.0,2026-03-27 05:45:00+00:00,True,2026-03-27 05:45:00+00:00,41356,4464.090999999999,tp,87.06000000000131,0.0,0.0,87.06000000000131,1.2437142857143044,-1.4470000000001164,8.25,-0.20671428571430234,1.1785714285714286,1,300.0,0.28,6.095928571428495,24.283669420140914,asian,Fri,5,False
1021,XAUUSDm,short,2026-03-27 14:05:00+00:00,41456,4457.824,0.1,4457.824,4447.824,7.0,close_above_upper,0.08454546572908542,0.05,4452.824,0.5,0.05,4449.825,39.99499999999898,41457.0,2026-03-27 14:10:00+00:00,True,2026-03-27 14:10:00+00:00,41457,4448.103999999999,tp,88.59500000000025,0.0,0.0,88.59500000000025,1.2656428571428608,-5.575000000000728,9.045999999999367,-0.7964285714286754,1.2922857142856239,1,300.0,0.28,12.05714285714287,23.91446349325196,overlap,Fri,14,False
1022,XAUUSDm,short,2026-03-27 14:20:00+00:00,41459,4465.845,0.1,4465.845,4455.845,7.0,close_above_upper,0.06790611303293684,0.05,4460.845,0.5,0.05,4461.125,23.600000000001273,41460.0,2026-03-27 14:25:00+00:00,True,2026-03-27 14:25:00+00:00,41460,4456.125,tp,72.20000000000255,0.0,0.0,72.20000000000255,1.0314285714286078,-4.002999999999702,8.824000000000524,-0.5718571428571002,1.2605714285715035,1,300.0,0.28,13.5405,24.259130495719035,overlap,Fri,14,False
1023,XAUUSDm,short,2026-03-27 14:55:00+00:00,41466,4489.334,0.1,4496.334,4479.334,7.0,close_above_upper,0.2574350163122573,0.1,4484.334,0.5,0.0,0.0,0.0,,,False,2026-03-27 15:00:00+00:00,41467,4509.8369999999995,sl,-205.02999999999702,0.0,0.0,-205.02999999999702,-2.928999999999957,-25.52599999999984,0.16200000000026193,-3.6465714285714057,0.023142857142894564,1,300.0,0.28,14.4824285714285,24.28678473263339,overlap,Fri,14,False
1024,XAUUSDm,short,2026-03-27 15:05:00+00:00,41468,4515.137,0.1,4522.137,4505.137,7.0,close_above_upper,0.8159447689614507,0.1,4510.137,0.5,0.0,0.0,0.0,,,False,2026-03-27 15:10:00+00:00,41469,4522.4169999999995,sl,-72.79999999999745,0.0,0.0,-72.79999999999745,-1.0399999999999636,-0.7190000000000509,9.692999999999302,-0.10271428571429299,1.3847142857141859,1,300.0,0.28,15.791785714285718,24.56045127811925,overlap,Fri,15,False
1025,XAUUSDm,short,2026-03-27 15:15:00+00:00,41470,4525.374,0.1,4532.374,4515.374,7.0,close_above_upper,0.7208326492450446,0.1,4520.374,0.5,0.0,0.0,0.0,,,False,2026-03-27 15:20:00+00:00,41471,4532.933,sl,-75.59000000000196,0.0,0.0,-75.59000000000196,-1.0798571428571708,-12.952000000000226,4.429000000000087,-1.8502857142857465,0.6327142857142982,1,300.0,0.28,15.410142857142805,24.882613210727776,overlap,Fri,15,False
1026,XAUUSDm,short,2026-03-27 15:25:00+00:00,41472,4545.094,0.1,4552.094,4535.094,7.0,close_above_upper,0.9207410218794937,0.1,4540.094,0.5,0.0,0.0,0.0,,,False,2026-03-27 15:30:00+00:00,41473,4552.374,sl,-72.79999999999745,0.0,0.0,-72.79999999999745,-1.0399999999999636,-5.149000000000342,2.956000000000131,-0.7355714285714774,0.42228571428573297,1,300.0,0.28,15.987285714285722,25.352340619360664,overlap,Fri,15,False
1027,XAUUSDm,short,2026-03-27 15:35:00+00:00,41474,4544.022,0.1,4544.022,4534.022,7.0,close_above_upper,0.350762727732433,0.05,4539.022,0.5,0.05,4534.973,45.24499999999989,41475.0,2026-03-27 15:40:00+00:00,True,2026-03-27 15:40:00+00:00,41475,4534.302,tp,93.84500000000116,0.0,0.0,93.84500000000116,1.3406428571428737,-0.8379999999997381,11.047999999999774,-0.11971428571424829,1.578285714285682,1,300.0,0.28,15.799357142857193,25.749375266190228,overlap,Fri,15,False
1028,XAUUSDm,long,2026-03-29 23:40:00+00:00,41559,4452.1939999999995,0.1,4445.194,4462.194,7.0,close_below_lower,0.03844455350804349,0.1,4457.194,0.5,0.0,0.0,0.0,,,False,2026-03-29 23:45:00+00:00,41560,4445.194,sl,-69.9999999999909,0.0,0.0,-69.9999999999909,-0.9999999999998701,-1.5189999999993233,3.2440000000005966,-0.21699999999990333,0.4634285714286567,1,300.0,0.28,11.934571428571482,26.207245647445156,rollover,Sun,23,False
1029,XAUUSDm,long,2026-03-29 23:50:00+00:00,41561,4445.254,0.1,4445.254,4455.254,7.0,close_below_lower,0.01286036196013458,0.05,4450.254,0.5,0.05,4450.254,25.0,41562.0,2026-03-29 23:55:00+00:00,True,2026-03-30 00:00:00+00:00,41563,4445.254,be_stop,25.0,0.0,0.0,25.0,0.35714285714285715,-1.5050000000001091,7.266999999999825,-0.2150000000000156,1.0381428571428322,2,600.0,0.28,11.684000000000001,26.484390530625298,rollover,Sun,23,False
1030,XAUUSDm,long,2026-03-30 00:10:00+00:00,41565,4429.263,0.1,4429.263,4439.263,7.0,close_below_lower,0.04511991592973418,0.05,4434.263,0.5,0.05,4434.263,25.0,41566.0,2026-03-30 00:15:00+00:00,True,2026-03-30 00:15:00+00:00,41566,4439.263,tp,75.0,0.0,0.0,75.0,1.0714285714285714,-10.760000000000218,2.6320000000005166,-1.5371428571428882,0.3760000000000738,1,300.0,0.28,12.241214285714184,26.92677459975731,asian,Mon,0,False
1031,XAUUSDm,short,2026-03-30 11:50:00+00:00,41693,4570.67,0.1,4570.67,4560.67,7.0,close_above_upper,0.015237197000709964,0.05,4565.67,0.5,0.05,4565.95,23.600000000001273,41694.0,2026-03-30 11:55:00+00:00,True,2026-03-30 11:55:00+00:00,41694,4560.95,tp,72.20000000000255,0.0,0.0,72.20000000000255,1.0314285714286078,-10.05199999999968,1.6419999999998254,-1.4359999999999542,0.23457142857140362,1,300.0,0.28,8.718499999999949,26.251137547618463,london,Mon,11,False
1032,XAUUSDm,long,2026-03-30 13:50:00+00:00,41717,4534.965999999999,0.1,4527.966,4544.966,7.0,close_below_lower,0.03338132266396914,0.1,4539.966,0.5,0.0,0.0,0.0,,,False,2026-03-30 13:55:00+00:00,41718,4527.966,sl,-69.9999999999909,0.0,0.0,-69.9999999999909,-0.9999999999998701,-5.402999999999338,2.725000000000364,-0.7718571428570483,0.38928571428576625,1,300.0,0.28,10.11357142857157,25.113951252436685,overlap,Mon,13,False
1033,XAUUSDm,long,2026-03-30 14:00:00+00:00,41719,4523.57,0.1,4523.57,4533.57,7.0,close_below_lower,0.19144372293638443,0.05,4528.57,0.5,0.05,4529.088,27.590000000000146,41720.0,2026-03-30 14:05:00+00:00,True,2026-03-30 14:10:00+00:00,41721,4523.57,be_stop,27.590000000000146,0.0,0.0,27.590000000000146,0.39414285714285924,-5.7609999999995125,12.421000000000276,-0.8229999999999303,1.774428571428611,2,600.0,0.28,10.807857142857301,25.406533272009593,overlap,Mon,14,False
1034,XAUUSDm,short,2026-03-31 01:20:00+00:00,41843,4568.833,0.1,4575.833,4558.833,7.0,close_above_upper,0.3640335867771236,0.1,4563.833,0.5,0.0,0.0,0.0,,,False,2026-03-31 01:25:00+00:00,41844,4585.3279999999995,sl,-164.9499999999989,0.0,0.0,-164.9499999999989,-2.3564285714285558,-16.932999999999993,3.850999999999658,-2.418999999999999,0.5501428571428083,1,300.0,0.28,14.310714285714182,24.986761706641296,asian,Tue,1,False
1035,XAUUSDm,short,2026-03-31 01:30:00+00:00,41845,4581.559,0.1,4588.559,4571.559,7.0,close_above_upper,0.4114587363542657,0.1,4576.559,0.5,0.0,0.0,0.0,,,False,2026-03-31 01:35:00+00:00,41846,4588.839,sl,-72.79999999999745,0.0,0.0,-72.79999999999745,-1.0399999999999636,-10.161000000000058,1.1880000000001019,-1.451571428571437,0.16971428571430028,1,300.0,0.28,14.181499999999883,25.406920557142733,asian,Tue,1,False
1036,XAUUSDm,short,2026-03-31 01:40:00+00:00,41847,4588.564,0.1,4595.564,4578.564,7.0,close_above_upper,0.29256669160715193,0.1,4583.564,0.5,0.0,0.0,0.0,,,False,2026-03-31 01:45:00+00:00,41848,4617.879,sl,-293.149999999996,0.0,0.0,-293.149999999996,-4.187857142857085,-30.37199999999939,0.39200000000073487,-4.338857142857056,0.05600000000010498,1,300.0,0.28,13.01164285714276,25.70965387494655,asian,Tue,1,False
1037,XAUUSDm,short,2026-03-31 01:50:00+00:00,41849,4603.335,0.1,4610.335,4593.335,7.0,close_above_upper,0.3142235080270802,0.1,4598.335,0.5,0.0,0.0,0.0,,,False,2026-03-31 01:55:00+00:00,41850,4610.773999999999,sl,-74.38999999999396,0.0,0.0,-74.38999999999396,-1.0627142857141993,-11.49200000000019,7.376000000000204,-1.6417142857143128,1.053714285714315,1,300.0,0.28,14.494999999999957,26.19844547700074,asian,Tue,1,False
1038,XAUUSDm,short,2026-03-31 11:40:00+00:00,41967,4589.331,0.1,4589.331,4579.331,7.0,close_above_upper,0.08647102721708873,0.05,4584.331,0.5,0.05,4584.611,23.600000000001273,41968.0,2026-03-31 11:45:00+00:00,True,2026-03-31 11:50:00+00:00,41969,4579.611,tp,72.20000000000255,0.0,0.0,72.20000000000255,1.0314285714286078,-3.604000000000269,6.989999999999782,-0.5148571428571813,0.9985714285713974,2,600.0,0.28,11.977857142857115,26.01271175286652,london,Tue,11,False
1039,XAUUSDm,short,2026-03-31 14:05:00+00:00,41996,4614.152,0.1,4614.152,4604.152,7.0,close_above_upper,0.0054451284550771,0.05,4609.152,0.5,0.05,4605.673,42.395000000001346,41997.0,2026-03-31 14:10:00+00:00,True,2026-03-31 14:10:00+00:00,41997,4604.432,tp,90.99500000000262,0.0,0.0,90.99500000000262,1.2999285714286088,-1.6710000000002765,9.576000000000022,-0.2387142857143252,1.3680000000000032,1,300.0,0.28,11.265000000000132,24.63169843496039,overlap,Tue,14,False
1040,XAUUSDm,short,2026-04-01 00:30:00+00:00,42109,4721.614,0.1,4721.614,4711.614,7.0,close_above_upper,0.01436832033504557,0.05,4716.614,0.5,0.05,4705.9439999999995,78.35000000000036,42110.0,2026-04-01 00:35:00+00:00,True,2026-04-01 00:35:00+00:00,42110,4705.9439999999995,tp,156.70000000000073,0.0,0.0,156.70000000000073,2.238571428571439,-0.910000000000764,17.78099999999995,-0.13000000000010914,2.54014285714285,1,300.0,0.28,7.165785714285708,22.896842262080014,asian,Wed,0,False
1041,XAUUSDm,long,2026-04-02 01:05:00+00:00,42389,4743.719,0.1,4743.719,4753.719,7.0,close_below_lower,0.9713410533402167,0.05,4748.719,0.5,0.05,4748.719,25.0,42390.0,2026-04-02 01:10:00+00:00,True,2026-04-02 01:10:00+00:00,42390,4753.719,tp,75.0,0.0,0.0,75.0,1.0714285714285714,-19.40400000000045,5.153999999999542,-2.7720000000000646,0.7362857142856488,1,300.0,0.36,10.007714285714298,20.88855866857532,asian,Thu,1,False
1042,XAUUSDm,long,2026-04-02 01:15:00+00:00,42391,4751.201999999999,0.1,4744.202,4761.202,7.0,close_below_lower,0.23716727998659637,0.1,4756.202,0.5,0.0,0.0,0.0,,,False,2026-04-02 01:20:00+00:00,42392,4727.634,sl,-235.67999999999302,0.0,0.0,-235.67999999999302,-3.366857142857043,-27.688999999999396,1.7930000000005748,-3.9555714285713424,0.2561428571429393,1,300.0,0.36,12.220071428571439,21.159780374020652,asian,Thu,1,False
1043,XAUUSDm,long,2026-04-02 01:25:00+00:00,42393,4714.442,0.1,4707.442,4724.442,7.0,close_below_lower,1.3371723098821737,0.1,4719.442,0.5,0.0,0.0,0.0,,,False,2026-04-02 01:30:00+00:00,42394,4696.897,sl,-175.45000000000073,0.0,0.0,-175.45000000000073,-2.506428571428582,-28.278000000000247,1.8090000000001965,-4.039714285714321,0.2584285714285995,1,300.0,0.36,14.961071428571424,21.71744665092005,asian,Thu,1,False
1044,XAUUSDm,long,2026-04-02 01:35:00+00:00,42395,4681.7,0.1,4681.7,4691.7,7.0,close_below_lower,1.9762210204172423,0.05,4686.7,0.5,0.05,4697.306,78.02999999999884,42396.0,2026-04-02 01:40:00+00:00,True,2026-04-02 01:40:00+00:00,42396,4697.306,tp,156.05999999999767,0.0,0.0,156.05999999999767,2.2294285714285382,-7.416000000000167,15.873999999999796,-1.0594285714285954,2.2677142857142565,1,300.0,0.36,19.581142857142886,22.32143510238273,asian,Thu,1,False
1045,XAUUSDm,long,2026-04-02 01:45:00+00:00,42397,4689.929,0.1,4689.929,4699.929,7.0,close_below_lower,0.9249887973975909,0.05,4694.929,0.5,0.05,4696.855,34.62999999999738,42398.0,2026-04-02 01:50:00+00:00,True,2026-04-02 01:50:00+00:00,42398,4699.929,tp,84.62999999999738,0.0,0.0,84.62999999999738,1.2089999999999625,-5.194999999999709,9.990999999999985,-0.7421428571428156,1.4272857142857123,1,300.0,0.28,21.787357142857086,22.702600797700825,asian,Thu,1,False
1046,XAUUSDm,long,2026-04-02 02:35:00+00:00,42407,4670.407,0.1,4663.407,4680.407,7.0,close_below_lower,0.09027505524075652,0.1,4675.407,0.5,0.0,0.0,0.0,,,False,2026-04-02 02:40:00+00:00,42408,4659.515,sl,-108.91999999999825,0.0,0.0,-108.91999999999825,-1.555999999999975,-15.372000000000298,0.25199999999949796,-2.196000000000043,0.03599999999992828,1,300.0,0.28,19.62307142857136,23.474947201767506,asian,Thu,2,False
1047,XAUUSDm,long,2026-04-02 05:45:00+00:00,42445,4634.446,0.1,4627.446,4644.446,7.0,close_below_lower,0.20599151483871986,0.1,4639.446,0.5,0.0,0.0,0.0,,,False,2026-04-02 05:50:00+00:00,42446,4591.277,sl,-431.6899999999987,0.0,0.0,-431.6899999999987,-6.166999999999981,-42.983000000000175,0.9899999999997817,-6.140428571428596,0.14142857142854023,1,300.0,0.28,9.749071428571499,24.222103807675374,asian,Thu,5,False
1048,XAUUSDm,long,2026-04-02 05:55:00+00:00,42447,4604.396,0.1,4597.396,4614.396,7.0,close_below_lower,0.843057569493293,0.1,4609.396,0.5,0.0,0.0,0.0,,,False,2026-04-02 06:00:00+00:00,42448,4594.136,sl,-102.59999999999309,0.0,0.0,-102.59999999999309,-1.465714285714187,-13.601999999999862,3.5600000000004,-1.9431428571428373,0.5085714285714857,1,300.0,0.28,13.65342857142858,24.81320858550339,asian,Thu,5,False
1049,XAUUSDm,long,2026-04-02 06:05:00+00:00,42449,4585.264999999999,0.1,4578.265,4595.265,7.0,close_below_lower,1.0109154182996443,0.1,4590.265,0.5,0.0,0.0,0.0,,,False,2026-04-02 06:10:00+00:00,42450,4568.046,sl,-172.18999999999141,0.0,0.0,-172.18999999999141,-2.4598571428570204,-23.98399999999947,4.23200000000088,-3.426285714285638,0.6045714285715543,1,300.0,0.28,15.351000000000113,25.409598336622462,asian,Thu,6,False
1050,XAUUSDm,long,2026-04-02 06:15:00+00:00,42451,4580.8369999999995,0.1,4580.8369999999995,4590.837,7.0,close_below_lower,0.5563936102326539,0.05,4585.837,0.5,0.05,4590.367,47.650000000003274,42452.0,2026-04-02 06:20:00+00:00,True,2026-04-02 06:20:00+00:00,42452,4590.837,tp,97.65000000000782,0.0,0.0,97.65000000000782,1.3950000000001117,-6.633999999999105,10.801000000000386,-0.9477142857141578,1.543000000000055,1,300.0,0.28,18.43685714285727,25.98508561475206,asian,Thu,6,False
1051,XAUUSDm,short,2026-04-02 07:50:00+00:00,42470,4648.268,0.1,4648.268,4638.268,7.0,close_above_upper,0.08638835153966086,0.05,4643.268,0.5,0.05,4643.548,23.600000000001273,42471.0,2026-04-02 07:55:00+00:00,True,2026-04-02 08:00:00+00:00,42472,4648.548,be_stop,22.200000000002547,0.0,0.0,22.200000000002547,0.31714285714289353,-0.34100000000034925,7.168999999999869,-0.04871428571433561,1.0241428571428384,2,600.0,0.28,11.279571428571476,26.30916339449287,london,Thu,7,False
1052,XAUUSDm,short,2026-04-02 13:50:00+00:00,42542,4634.213,0.1,4641.213,4624.213,7.0,close_above_upper,0.20520107262421794,0.1,4629.213,0.5,0.0,0.0,0.0,,,False,2026-04-02 13:55:00+00:00,42543,4641.4929999999995,sl,-72.79999999999745,0.0,0.0,-72.79999999999745,-1.0399999999999636,-9.311000000000604,4.804000000000087,-1.3301428571429434,0.6862857142857267,1,300.0,0.28,16.543785714285736,26.043514735609996,overlap,Thu,13,False
1053,XAUUSDm,short,2026-04-02 14:00:00+00:00,42544,4646.101,0.1,4646.101,4636.101,7.0,close_above_upper,0.3698193103598997,0.05,4641.101,0.5,0.05,4641.380999999999,23.600000000001273,42545.0,2026-04-02 14:05:00+00:00,True,2026-04-02 14:10:00+00:00,42546,4648.003,be_stop,14.090000000001055,0.0,0.0,14.090000000001055,0.20128571428572936,-5.204999999999927,14.648999999999432,-0.7435714285714182,2.0927142857142047,2,600.0,0.28,17.682142857142935,26.398119958118684,overlap,Thu,14,False
1054,XAUUSDm,short,2026-04-02 14:20:00+00:00,42548,4660.168,0.1,4667.168,4650.168,7.0,close_above_upper,0.2661008242295179,0.1,4655.168,0.5,0.0,0.0,0.0,,,False,2026-04-02 14:25:00+00:00,42549,4675.059,sl,-148.9100000000053,0.0,0.0,-148.9100000000053,-2.12728571428579,-15.738000000000284,1.5249999999996362,-2.2482857142857546,0.21785714285709087,1,300.0,0.28,17.03428571428581,26.89319512874733,overlap,Thu,14,False
1055,XAUUSDm,short,2026-04-02 14:30:00+00:00,42550,4664.986,0.1,4671.986,4654.986,7.0,close_above_upper,0.030388412791461185,0.1,4659.986,0.5,0.0,0.0,0.0,,,False,2026-04-02 14:35:00+00:00,42551,4672.266,sl,-72.79999999999745,0.0,0.0,-72.79999999999745,-1.0399999999999636,-8.49200000000019,6.1359999999995125,-1.2131428571428842,0.876571428571359,1,300.0,0.28,17.423928571428664,27.27453529222316,overlap,Thu,14,False
1056,XAUUSDm,short,2026-04-02 14:40:00+00:00,42552,4687.489,0.1,4687.489,4677.489,7.0,close_above_upper,0.43821782058724573,0.05,4682.489,0.5,0.05,4682.768999999999,23.600000000001273,42553.0,2026-04-02 14:45:00+00:00,True,2026-04-02 14:50:00+00:00,42554,4677.768999999999,tp,72.20000000000255,0.0,0.0,72.20000000000255,1.0314285714286078,-12.277000000000044,7.962999999999738,-1.753857142857149,1.1375714285713912,2,600.0,0.28,17.99371428571437,27.593815279644353,overlap,Thu,14,False
1057,XAUUSDm,long,2026-04-05 22:05:00+00:00,42629,4638.222,0.1,4631.222,4648.222,7.0,close_below_lower,0.09238580559532056,0.1,4643.222,0.5,0.0,0.0,0.0,,,False,2026-04-05 22:10:00+00:00,42630,4631.222,sl,-70.0,0.0,0.0,-70.0,-1.0,-8.115999999999985,1.061000000000604,-1.1594285714285693,0.15157142857151484,1,300.0,0.5,7.334571428571378,27.55503843321067,rollover,Sun,22,False
1058,XAUUSDm,long,2026-04-05 22:15:00+00:00,42631,4630.754,0.1,4630.754,4640.754,7.0,close_below_lower,0.08931947403741924,0.05,4635.754,0.5,0.05,4635.754,25.0,42632.0,2026-04-05 22:20:00+00:00,True,2026-04-05 22:20:00+00:00,42632,4640.754,tp,75.0,0.0,0.0,75.0,1.0714285714285714,-1.1409999999996217,9.92699999999968,-0.16299999999994594,1.4181428571428114,1,300.0,0.36,8.795714285714244,27.904563802766763,rollover,Sun,22,False
1059,XAUUSDm,short,2026-04-06 02:20:00+00:00,42680,4663.105,0.1,4663.105,4653.105,7.0,close_above_upper,0.03710932028675212,0.05,4658.105,0.5,0.05,4658.384999999999,23.600000000001273,42682.0,2026-04-06 02:30:00+00:00,True,2026-04-06 02:35:00+00:00,42683,4653.384999999999,tp,72.20000000000255,0.0,0.0,72.20000000000255,1.0314285714286078,-8.712000000000444,9.516999999999825,-1.244571428571492,1.3595714285714036,3,900.0,0.28,10.941642857142856,28.892862906987762,asian,Mon,2,False
1060,XAUUSDm,short,2026-04-07 08:25:00+00:00,43029,4684.342,0.1,4684.342,4674.342,7.0,close_above_upper,0.4971298895247665,0.05,4679.342,0.5,0.05,4678.834,27.539999999999054,43030.0,2026-04-07 08:30:00+00:00,True,2026-04-07 08:35:00+00:00,43031,4685.204,be_stop,23.229999999998654,0.0,0.0,23.229999999998654,0.33185714285712364,-2.855000000000473,7.351999999999862,-0.4078571428572104,1.0502857142856945,2,600.0,0.28,9.310857142857133,20.816024248593845,london,Tue,8,False
1061,XAUUSDm,long,2026-04-07 11:15:00+00:00,43063,4635.717,0.1,4635.717,4645.717,7.0,close_below_lower,0.21938067164997108,0.05,4640.717,0.5,0.05,4640.717,25.0,43064.0,2026-04-07 11:20:00+00:00,True,2026-04-07 11:20:00+00:00,43064,4645.717,tp,75.0,0.0,0.0,75.0,1.0714285714285714,-2.719999999999345,6.510000000000218,-0.38857142857133503,0.9300000000000311,1,300.0,0.28,11.078357142857255,19.284433944807628,london,Tue,11,False
1062,XAUUSDm,long,2026-04-07 14:05:00+00:00,43097,4625.013,0.1,4618.013,4635.013,7.0,close_below_lower,0.2145155105228083,0.1,4630.013,0.5,0.0,0.0,0.0,,,False,2026-04-07 14:10:00+00:00,43098,4612.164,sl,-128.4900000000016,0.0,0.0,-128.4900000000016,-1.8355714285714515,-17.766999999999825,2.654000000000451,-2.5381428571428324,0.37914285714292156,1,300.0,0.28,10.666571428571322,19.38658409375096,overlap,Tue,14,False
1063,XAUUSDm,long,2026-04-07 14:20:00+00:00,43100,4616.07,0.1,4609.07,4626.07,7.0,close_below_lower,0.14192381524929046,0.1,4621.07,0.5,0.0,0.0,0.0,,,False,2026-04-07 14:25:00+00:00,43101,4641.81,cross_center,257.4000000000069,0.0,0.0,257.4000000000069,3.677142857142956,-0.39399999999932334,29.369000000000597,-0.05628571428561762,4.1955714285715136,1,300.0,0.28,12.162785714285747,19.782727040719784,overlap,Tue,14,False
1064,XAUUSDm,short,2026-04-07 19:50:00+00:00,43166,4706.107,0.1,4706.107,4696.107,7.0,close_above_upper,0.2284487162240541,0.05,4701.107,0.5,0.05,4699.928,30.895000000000437,43167.0,2026-04-07 19:55:00+00:00,True,2026-04-07 20:00:00+00:00,43168,4706.387,be_stop,29.49500000000171,0.0,0.0,29.49500000000171,0.4213571428571673,-5.868999999999687,10.872999999999593,-0.8384285714285268,1.553285714285656,2,600.0,0.28,11.049785714285722,19.30529264065199,newyork,Tue,19,False
1065,XAUUSDm,short,2026-04-07 22:05:00+00:00,43181,4744.33,0.1,4744.33,4734.33,7.0,close_above_upper,0.7461286042550188,0.05,4739.33,0.5,0.05,4739.69,23.200000000001637,43182.0,2026-04-07 22:10:00+00:00,True,2026-04-07 22:10:00+00:00,43182,4734.69,tp,71.40000000000327,0.0,0.0,71.40000000000327,1.0200000000000469,-7.783999999999651,2.8209999999999127,-1.1119999999999501,0.40299999999998753,1,300.0,0.36,10.174857142857165,19.527644135287296,rollover,Tue,22,False
1066,XAUUSDm,short,2026-04-07 22:35:00+00:00,43187,4760.359,0.1,4767.359,4750.359,7.0,close_above_upper,0.6979836410329914,0.1,4755.359,0.5,0.0,0.0,0.0,,,False,2026-04-07 22:40:00+00:00,43188,4775.491999999999,sl,-151.329999999989,0.0,0.0,-151.329999999989,-2.1618571428569857,-19.341999999999643,8.253000000000611,-2.7631428571428063,1.1790000000000873,1,300.0,0.36,13.69421428571429,19.843306600238265,rollover,Tue,22,False
1067,XAUUSDm,short,2026-04-07 22:45:00+00:00,43189,4769.914,0.1,4776.914,4759.914,7.0,close_above_upper,0.6295480415348874,0.1,4764.914,0.5,0.0,0.0,0.0,,,False,2026-04-07 22:50:00+00:00,43190,4777.273999999999,sl,-73.59999999999673,0.0,0.0,-73.59999999999673,-1.0514285714285247,-3.881000000000313,8.295999999999367,-0.5544285714286161,1.1851428571427667,1,300.0,0.36,15.31785714285713,20.22220515227641,rollover,Tue,22,False
1068,XAUUSDm,short,2026-04-07 22:55:00+00:00,43191,4793.523,0.1,4800.523,4783.523,7.0,close_above_upper,1.2077341381447606,0.1,4788.523,0.5,0.0,0.0,0.0,,,False,2026-04-07 23:00:00+00:00,43192,4818.741999999999,sl,-252.18999999999141,0.0,0.0,-252.18999999999141,-3.602714285714163,-26.175999999999476,0.569999999999709,-3.7394285714284967,0.08142857142852986,1,300.0,0.36,16.820714285714207,20.518269870363778,rollover,Tue,22,False
1069,XAUUSDm,short,2026-04-07 23:05:00+00:00,43193,4811.463,0.1,4818.463,4801.463,7.0,close_above_upper,1.2832102045362734,0.1,4806.463,0.5,0.0,0.0,0.0,,,False,2026-04-07 23:10:00+00:00,43194,4818.822999999999,sl,-73.59999999999673,0.0,0.0,-73.59999999999673,-1.0514285714285247,-6.453000000000429,5.528999999999542,-0.9218571428572042,0.7898571428570774,1,300.0,0.36,19.679499999999866,21.022061807574563,rollover,Tue,23,False
1070,XAUUSDm,short,2026-04-07 23:15:00+00:00,43195,4818.421,0.1,4825.421,4808.421,7.0,close_above_upper,0.914203823208214,0.1,4813.421,0.5,0.0,0.0,0.0,,,False,2026-04-07 23:20:00+00:00,43196,4825.781,sl,-73.59999999999673,0.0,0.0,-73.59999999999673,-1.0514285714285247,-6.157999999999447,8.110999999999876,-0.8797142857142067,1.158714285714268,1,300.0,0.36,18.208428571428417,21.430107825945015,rollover,Tue,23,False
1071,XAUUSDm,short,2026-04-07 23:25:00+00:00,43197,4818.77,0.1,4818.77,4808.77,7.0,close_above_upper,0.33533444823778097,0.05,4813.77,0.5,0.05,4814.05,23.600000000001273,43198.0,2026-04-07 23:30:00+00:00,True,2026-04-07 23:30:00+00:00,43198,4809.05,tp,72.20000000000255,0.0,0.0,72.20000000000255,1.0314285714286078,-0.8779999999997017,11.04700000000048,-0.1254285714285288,1.5781428571429257,1,300.0,0.36,18.279142857142688,21.771275221533774,rollover,Tue,23,False
1072,XAUUSDm,short,2026-04-08 00:00:00+00:00,43204,4833.268,0.1,4840.268,4823.268,7.0,close_above_upper,0.0021557808771854063,0.1,4828.268,0.5,0.0,0.0,0.0,,,False,2026-04-08 00:05:00+00:00,43205,4846.147999999999,sl,-128.799999999992,0.0,0.0,-128.799999999992,-1.8399999999998857,-18.894000000000233,2.67200000000048,-2.6991428571428906,0.38171428571435434,1,300.0,0.36,15.166571428571388,22.091448741729522,asian,Wed,0,False
1073,XAUUSDm,long,2026-04-08 12:25:00+00:00,43353,4770.076999999999,0.1,4770.076999999999,4780.077,7.0,close_below_lower,0.02038447718754324,0.05,4775.077,0.5,0.05,4783.926,69.24500000000535,43354.0,2026-04-08 12:30:00+00:00,True,2026-04-08 12:30:00+00:00,43354,4783.926,tp,138.4900000000107,0.0,0.0,138.4900000000107,1.9784285714287242,-0.4289999999991778,14.429000000000997,-0.06128571428559683,2.0612857142858565,1,300.0,0.28,9.278785714285666,22.334954674775602,overlap,Wed,12,False
1074,XAUUSDm,long,2026-04-08 14:35:00+00:00,43379,4754.5419999999995,0.1,4754.5419999999995,4764.542,7.0,close_below_lower,0.016323320102944225,0.05,4759.542,0.5,0.05,4761.092,32.75000000000091,43380.0,2026-04-08 14:40:00+00:00,True,2026-04-08 14:40:00+00:00,43380,4764.542,tp,82.75000000000546,0.0,0.0,82.75000000000546,1.182142857142935,-3.032999999999447,12.053000000000793,-0.4332857142856353,1.7218571428572562,1,300.0,0.28,13.373642857143036,22.823757194082052,overlap,Wed,14,False
1075,XAUUSDm,long,2026-04-08 15:00:00+00:00,43384,4736.478,0.1,4736.478,4746.478,7.0,close_below_lower,0.22413091608865113,0.05,4741.478,0.5,0.05,4746.787,51.54500000000098,43385.0,2026-04-08 15:05:00+00:00,True,2026-04-08 15:05:00+00:00,43385,4746.787,tp,103.09000000000196,0.0,0.0,103.09000000000196,1.4727142857143138,-0.8590000000003783,11.721999999999753,-0.12271428571433976,1.6745714285713933,1,300.0,0.28,14.003000000000222,23.227911249861478,overlap,Wed,15,False
1076,XAUUSDm,short,2026-04-09 13:45:00+00:00,43645,4775.647,0.1,4775.647,4765.647,7.0,close_above_upper,0.017831022105405187,0.05,4770.647,0.5,0.05,4770.927,23.600000000001273,43646.0,2026-04-09 13:50:00+00:00,True,2026-04-09 13:50:00+00:00,43646,4765.927,tp,72.20000000000255,0.0,0.0,72.20000000000255,1.0314285714286078,-1.0979999999999563,6.681999999999789,-0.15685714285713662,0.9545714285713984,1,300.0,0.28,7.19342857142848,21.379725831797067,overlap,Thu,13,False
1077,XAUUSDm,short,2026-04-10 12:35:00+00:00,43907,4780.365,0.1,4780.365,4770.365,7.0,close_above_upper,0.01837548245548651,0.05,4775.365,0.5,0.05,4775.6449999999995,23.600000000001273,43908.0,2026-04-10 12:40:00+00:00,True,2026-04-10 12:40:00+00:00,43908,4770.6449999999995,tp,72.20000000000255,0.0,0.0,72.20000000000255,1.0314285714286078,-1.9809999999997672,9.24200000000019,-0.2829999999999667,1.3202857142857414,1,300.0,0.28,5.9286428571428065,14.568642373290027,overlap,Fri,12,False
1078,XAUUSDm,long,2026-04-10 15:40:00+00:00,43944,4760.924,0.1,4760.924,4770.924,7.0,close_below_lower,0.26136464596392,0.05,4765.924,0.5,0.05,4765.924,25.0,43945.0,2026-04-10 15:45:00+00:00,True,2026-04-10 15:55:00+00:00,43947,4760.924,be_stop,25.0,0.0,0.0,25.0,0.35714285714285715,-0.9719999999997526,8.886999999999716,-0.1388571428571075,1.269571428571388,3,900.0,0.28,8.977714285714294,13.522968611251464,overlap,Fri,15,False
1079,XAUUSDm,long,2026-04-10 16:05:00+00:00,43949,4754.2119999999995,0.1,4754.2119999999995,4764.212,7.0,close_below_lower,0.19809928517443182,0.05,4759.212,0.5,0.05,4759.212,25.000000000004547,43950.0,2026-04-10 16:10:00+00:00,True,2026-04-10 16:15:00+00:00,43951,4764.212,tp,75.0000000000091,0.0,0.0,75.0000000000091,1.0714285714287013,-6.832999999999629,9.199000000000524,-0.9761428571428041,1.3141428571429319,2,600.0,0.28,8.173999999999912,13.682640186032776,newyork,Fri,16,False
1080,XAUUSDm,long,2026-04-12 22:10:00+00:00,44009,4667.449,0.1,4667.449,4677.449,7.0,close_below_lower,4.462604222765514,0.05,4672.449,0.5,0.05,4676.715,46.330000000002656,44010.0,2026-04-12 22:15:00+00:00,True,2026-04-12 22:15:00+00:00,44010,4677.449,tp,96.33000000000266,0.0,0.0,96.33000000000266,1.376142857142895,-0.8899999999994179,17.761000000000422,-0.12714285714277399,2.5372857142857748,1,300.0,0.36,9.48471428571442,13.974792370492146,rollover,Sun,22,False
1081,XAUUSDm,long,2026-04-12 22:20:00+00:00,44011,4669.398,0.1,4662.398,4679.398,7.0,close_below_lower,3.0525511587354868,0.1,4674.398,0.5,0.0,0.0,0.0,,,False,2026-04-12 22:25:00+00:00,44012,4657.66,sl,-117.38000000000284,0.0,0.0,-117.38000000000284,-1.6768571428571835,-15.154999999999745,3.3350000000000364,-2.1649999999999636,0.47642857142857664,1,300.0,0.28,11.161642857143047,14.64534220054507,rollover,Sun,22,False
1082,XAUUSDm,long,2026-04-12 22:30:00+00:00,44013,4647.94,0.1,4647.94,4657.94,7.0,close_below_lower,3.138842308468791,0.05,4652.94,0.5,0.05,4653.891,29.75500000000011,44014.0,2026-04-12 22:35:00+00:00,True,2026-04-12 22:40:00+00:00,44015,4657.94,tp,79.75500000000011,0.0,0.0,79.75500000000011,1.1393571428571445,-2.8189999999995052,8.903000000000247,-0.402714285714215,1.271857142857178,2,600.0,0.28,13.131642857142976,15.310037675327678,rollover,Sun,22,False
1083,XAUUSDm,long,2026-04-12 22:45:00+00:00,44016,4658.246,0.1,4651.246,4668.246,7.0,close_below_lower,1.0029657204539233,0.1,4663.246,0.5,0.0,0.0,0.0,,,False,2026-04-12 23:15:00+00:00,44022,4651.246,sl,-70.0,0.0,0.0,-70.0,-1.0,-6.574999999999818,2.3220000000001164,-0.9392857142856883,0.33171428571430234,6,1800.0,0.28,13.833214285714348,15.980107039766459,rollover,Sun,22,False
1084,XAUUSDm,short,2026-04-13 01:00:00+00:00,44043,4695.515,0.1,4702.515,4685.515,7.0,close_above_upper,0.053003961972269406,0.1,4690.515,0.5,0.0,0.0,0.0,,,False,2026-04-13 01:05:00+00:00,44044,4704.432,sl,-89.16999999999462,0.0,0.0,-89.16999999999462,-1.273857142857066,-13.331999999999425,1.9239999999999782,-1.9045714285713464,0.27485714285713975,1,300.0,0.28,7.052857142857257,16.988940249335684,asian,Mon,1,False
1085,XAUUSDm,short,2026-04-13 01:10:00+00:00,44045,4707.843,0.1,4714.843,4697.843,7.0,close_above_upper,0.3849234071227118,0.1,4702.843,0.5,0.0,0.0,0.0,,,False,2026-04-13 01:15:00+00:00,44046,4715.335999999999,sl,-74.92999999999483,0.0,0.0,-74.92999999999483,-1.0704285714284976,-11.595000000000255,2.1649999999999636,-1.6564285714286078,0.3092857142857091,1,300.0,0.28,7.538142857142897,17.251647161054283,asian,Mon,1,False
1086,XAUUSDm,short,2026-04-13 01:20:00+00:00,44047,4716.485,0.1,4716.485,4706.485,7.0,close_above_upper,0.4188496701352047,0.05,4711.485,0.5,0.05,4711.764999999999,23.600000000001273,44049.0,2026-04-13 01:30:00+00:00,True,2026-04-13 01:35:00+00:00,44050,4721.257,be_stop,-0.2599999999983993,0.0,0.0,-0.2599999999983993,-0.003714285714262847,-4.828000000000429,5.675999999999476,-0.689714285714347,0.810857142857068,3,900.0,0.28,8.103142857142887,17.524685843867637,asian,Mon,1,False
1087,XAUUSDm,short,2026-04-14 07:10:00+00:00,44393,4793.352,0.1,4793.352,4783.352,7.0,close_above_upper,0.1293389737705501,0.05,4788.352,0.5,0.05,4788.632,23.600000000001273,44394.0,2026-04-14 07:15:00+00:00,True,2026-04-14 07:20:00+00:00,44395,4783.632,tp,72.20000000000255,0.0,0.0,72.20000000000255,1.0314285714286078,0.0,8.849999999999454,0.0,1.2642857142856363,2,600.0,0.28,5.429285714285535,17.44881381636788,london,Tue,7,False
1088,XAUUSDm,short,2026-04-15 01:15:00+00:00,44598,4849.918,0.1,4856.918,4839.918,7.0,close_above_upper,0.1124394127383481,0.1,4844.918,0.5,0.0,0.0,0.0,,,False,2026-04-15 01:20:00+00:00,44599,4864.434,sl,-145.1600000000053,0.0,0.0,-145.1600000000053,-2.073714285714362,-21.278000000000247,1.9069999999992433,-3.039714285714321,0.27242857142846333,1,300.0,0.308,5.925714285714093,13.123124037955435,asian,Wed,1,False
1089,XAUUSDm,long,2026-04-15 02:35:00+00:00,44614,4827.607,0.1,4820.607,4837.607,7.0,close_below_lower,0.12016502318445513,0.1,4832.607,0.5,0.0,0.0,0.0,,,False,2026-04-15 02:55:00+00:00,44618,4820.607,sl,-70.0,0.0,0.0,-70.0,-1.0,-6.252999999999702,2.9769999999998618,-0.8932857142856717,0.42528571428569456,4,1200.0,0.28,6.616999999999864,13.398420921223146,asian,Wed,2,False
1090,XAUUSDm,long,2026-04-15 03:05:00+00:00,44620,4817.768,0.1,4817.768,4827.768,7.0,close_below_lower,0.07441183134502845,0.05,4822.768,0.5,0.05,4822.768,25.0,44621.0,2026-04-15 03:10:00+00:00,True,2026-04-15 03:25:00+00:00,44624,4827.768,tp,75.0,0.0,0.0,75.0,1.0714285714285714,-1.0330000000003565,8.42699999999968,-0.1475714285714795,1.2038571428570972,4,1200.0,0.28,6.5524285714282735,13.715414246756524,asian,Wed,3,False
1091,XAUUSDm,long,2026-04-15 15:30:00+00:00,44769,4798.606,0.1,4798.606,4808.606,7.0,close_below_lower,0.1533574171193561,0.05,4803.606,0.5,0.05,4803.606,25.0,44770.0,2026-04-15 15:35:00+00:00,True,2026-04-15 16:10:00+00:00,44777,4807.052,cross_center,67.22999999999956,0.0,0.0,67.22999999999956,0.9604285714285652,-11.893000000000029,9.243000000000393,-1.699000000000004,1.3204285714286275,8,2400.0,0.28,6.480142857142774,12.2280556096227,overlap,Wed,15,False
1092,XAUUSDm,long,2026-04-16 01:40:00+00:00,44879,4813.009999999999,0.1,4813.009999999999,4823.01,7.0,close_below_lower,0.043235486814100076,0.05,4818.01,0.5,0.05,4818.01,25.000000000004547,44880.0,2026-04-16 01:45:00+00:00,True,2026-04-16 02:05:00+00:00,44884,4823.01,tp,75.0000000000091,0.0,0.0,75.0000000000091,1.0714285714287013,-1.8149999999995998,9.117000000001099,-0.2592857142856571,1.3024285714287285,5,1500.0,0.28,5.389357142857144,12.853876163055805,asian,Thu,1,False
1093,XAUUSDm,long,2026-04-16 13:55:00+00:00,45026,4794.641,0.1,4787.641,4804.641,7.0,close_below_lower,0.8678458756413217,0.1,4799.641,0.5,0.0,0.0,0.0,,,False,2026-04-16 14:05:00+00:00,45028,4787.641,sl,-70.0,0.0,0.0,-70.0,-1.0,-10.0049999999992,3.5399999999999636,-1.4292857142856,0.5057142857142806,2,600.0,0.28,7.33621428571431,11.105451609144747,overlap,Thu,13,False
1094,XAUUSDm,long,2026-04-16 14:20:00+00:00,45031,4794.973,0.1,4794.973,4804.973,7.0,close_below_lower,0.003777497276424411,0.05,4799.973,0.5,0.05,4799.973,25.0,45033.0,2026-04-16 14:30:00+00:00,True,2026-04-16 14:35:00+00:00,45034,4794.973,be_stop,25.0,0.0,0.0,25.0,0.35714285714285715,-4.193000000000211,5.6580000000003565,-0.5990000000000302,0.8082857142857652,3,900.0,0.28,9.511142857142724,11.452360916268965,overlap,Thu,14,False
1095,XAUUSDm,short,2026-04-16 15:10:00+00:00,45041,4808.334,0.1,4808.334,4798.334,7.0,close_above_upper,0.01120910279989234,0.05,4803.334,0.5,0.05,4803.614,23.600000000001273,45042.0,2026-04-16 15:15:00+00:00,True,2026-04-16 15:35:00+00:00,45046,4808.614,be_stop,22.200000000002547,0.0,0.0,22.200000000002547,0.31714285714289353,-4.576000000000022,8.57299999999941,-0.6537142857142888,1.2247142857142015,5,1500.0,0.28,9.336857142857168,11.76600455282674,overlap,Thu,15,False
1096,XAUUSDm,long,2026-04-17 01:15:00+00:00,45150,4779.038,0.1,4772.038,4789.038,7.0,close_below_lower,0.13096170830184783,0.1,4784.038,0.5,0.0,0.0,0.0,,,False,2026-04-17 01:20:00+00:00,45151,4772.038,sl,-70.0,0.0,0.0,-70.0,-1.0,-0.8259999999991123,5.869000000000597,-0.11799999999987319,0.8384285714286567,1,300.0,0.28,5.321999999999987,11.367636433899154,asian,Fri,1,False
1097,XAUUSDm,long,2026-04-17 01:25:00+00:00,45152,4774.713,0.1,4774.713,4784.713,7.0,close_below_lower,0.27016382722067156,0.05,4779.713,0.5,0.05,4779.713,25.0,45157.0,2026-04-17 01:50:00+00:00,True,2026-04-17 01:50:00+00:00,45157,4784.713,tp,75.0,0.0,0.0,75.0,1.0714285714285714,-7.170000000000073,4.679000000000087,-1.0242857142857247,0.6684285714285839,5,1500.0,0.28,6.042142857142802,11.422625986146416,asian,Fri,1,False
1098,XAUUSDm,short,2026-04-17 11:50:00+00:00,45277,4805.767,0.1,4805.767,4795.767,7.0,close_above_upper,0.2526700111312903,0.05,4800.767,0.5,0.05,4801.047,23.600000000001273,45278.0,2026-04-17 11:55:00+00:00,True,2026-04-17 12:15:00+00:00,45282,4806.047,be_stop,22.200000000002547,0.0,0.0,22.200000000002547,0.31714285714289353,-0.9600000000000364,8.21100000000024,-0.13714285714286234,1.1730000000000342,5,1500.0,0.28,4.864071428571281,11.263306370319789,london,Fri,11,False
1099,XAUUSDm,short,2026-04-17 12:25:00+00:00,45284,4812.0,0.1,4819.0,4802.0,7.0,close_above_upper,0.03938169883337032,0.1,4807.0,0.5,0.0,0.0,0.0,,,False,2026-04-17 12:30:00+00:00,45285,4819.28,sl,-72.79999999999745,0.0,0.0,-72.79999999999745,-1.0399999999999636,-7.451000000000022,0.5559999999995853,-1.0644285714285746,0.07942857142851219,1,300.0,0.28,5.272071428571508,11.486780276005232,overlap,Fri,12,False
1100,XAUUSDm,short,2026-04-17 12:35:00+00:00,45286,4817.751,0.1,4824.751,4807.751,7.0,close_above_upper,0.14548595687608154,0.1,4812.751,0.5,0.0,0.0,0.0,,,False,2026-04-17 12:40:00+00:00,45287,4825.031,sl,-72.79999999999745,0.0,0.0,-72.79999999999745,-1.0399999999999636,-5.592999999999847,0.46300000000064756,-0.7989999999999782,0.06614285714294965,1,300.0,0.28,5.711500000000017,11.624837044366602,overlap,Fri,12,False
1101,XAUUSDm,short,2026-04-17 12:45:00+00:00,45288,4823.168,0.1,4830.168,4813.168,7.0,close_above_upper,0.22114641716170996,0.1,4818.168,0.5,0.0,0.0,0.0,,,False,2026-04-17 12:50:00+00:00,45289,4836.889999999999,sl,-137.21999999999753,0.0,0.0,-137.21999999999753,-1.9602857142856789,-19.64300000000003,1.587999999999738,-2.8061428571428615,0.22685714285710543,1,300.0,0.28,5.8841428571429,11.767949263471406,overlap,Fri,12,False
1102,XAUUSDm,short,2026-04-17 12:55:00+00:00,45290,4843.039,0.1,4843.039,4833.039,7.0,close_above_upper,1.2626514204501507,0.05,4838.039,0.5,0.05,4838.398999999999,23.200000000001637,45291.0,2026-04-17 13:00:00+00:00,True,2026-04-17 13:05:00+00:00,45292,4844.344,be_stop,16.675000000000182,0.0,0.0,16.675000000000182,0.23821428571428832,-4.645000000000437,8.172999999999774,-0.663571428571491,1.1675714285713963,2,600.0,0.28,7.5467142857143825,12.025696111393394,overlap,Fri,12,False
1103,XAUUSDm,short,2026-04-17 13:10:00+00:00,45293,4862.504,0.1,4869.504,4852.504,7.0,close_above_upper,1.7861086548120526,0.1,4857.504,0.5,0.0,0.0,0.0,,,False,2026-04-17 13:15:00+00:00,45294,4883.413,sl,-209.0899999999965,0.0,0.0,-209.0899999999965,-2.98699999999995,-27.158000000000357,0.751999999999498,-3.8797142857143365,0.10742857142849971,1,300.0,0.36,9.11371428571439,12.48181274932403,overlap,Fri,13,False
1104,XAUUSDm,short,2026-04-17 13:20:00+00:00,45295,4864.148,0.1,4864.148,4854.148,7.0,close_above_upper,0.9853442125731925,0.05,4859.148,0.5,0.05,4859.456,23.460000000000036,45296.0,2026-04-17 13:25:00+00:00,True,2026-04-17 13:25:00+00:00,45296,4854.456,tp,71.92000000000007,0.0,0.0,71.92000000000007,1.0274285714285725,-0.13799999999991996,13.063000000000102,-0.01971428571427428,1.8661428571428718,1,300.0,0.36,11.823714285714297,12.879731931368198,overlap,Fri,13,False
1105,XAUUSDm,short,2026-04-17 13:40:00+00:00,45299,4867.321,0.1,4867.321,4857.321,7.0,close_above_upper,0.32508488276036024,0.05,4862.321,0.5,0.05,4862.681,23.200000000001637,45300.0,2026-04-17 13:45:00+00:00,True,2026-04-17 13:45:00+00:00,45300,4857.681,tp,71.40000000000327,0.0,0.0,71.40000000000327,1.0200000000000469,-6.338999999999942,4.421999999999571,-0.9055714285714203,0.6317142857142244,1,300.0,0.36,13.758499999999978,13.02715438320029,overlap,Fri,13,False
1106,XAUUSDm,short,2026-04-17 13:55:00+00:00,45302,4877.049,0.1,4884.049,4867.049,7.0,close_above_upper,0.4503883944275688,0.1,4872.049,0.5,0.0,0.0,0.0,,,False,2026-04-17 14:00:00+00:00,45303,4884.409,sl,-73.59999999999673,0.0,0.0,-73.59999999999673,-1.0514285714285247,-5.057999999999993,2.225999999999658,-0.7225714285714275,0.31799999999995116,1,300.0,0.36,15.6605714285714,13.238906649649753,overlap,Fri,13,False
1107,XAUUSDm,long,2026-04-17 20:50:00+00:00,45385,4833.862999999999,0.1,4826.863,4843.863,7.0,close_below_lower,0.03528564796037044,0.1,4838.863,0.5,0.0,0.0,0.0,,,False,2026-04-19 22:00:00+00:00,45387,4774.48,sl,-593.8299999999981,0.0,0.0,-593.8299999999981,-8.483285714285687,-3.2449999999989814,1.8010000000003856,-0.46357142857128303,0.25728571428576935,2,177000.0,0.36,4.423428571428628,12.982264337392177,newyork,Fri,20,False
1108,XAUUSDm,long,2026-04-19 22:05:00+00:00,45388,4774.364,0.1,4774.364,4784.364,7.0,close_below_lower,3.635932652066653,0.05,4779.364,0.5,0.05,4793.301,94.68500000000404,45389.0,2026-04-19 22:10:00+00:00,True,2026-04-19 22:10:00+00:00,45389,4793.301,tp,189.37000000000808,0.0,0.0,189.37000000000808,2.7052857142858295,-3.5339999999996508,18.515000000000327,-0.5048571428570929,2.6450000000000466,1,300.0,0.36,8.564142857142867,13.477344910657841,rollover,Sun,22,False
1109,XAUUSDm,long,2026-04-19 22:15:00+00:00,45390,4790.795,0.1,4783.795,4800.795,7.0,close_below_lower,1.5665806622735485,0.1,4795.795,0.5,0.0,0.0,0.0,,,False,2026-04-19 22:35:00+00:00,45394,4783.795,sl,-70.0,0.0,0.0,-70.0,-1.0,-6.5900000000001455,4.516999999999825,-0.9414285714285923,0.6452857142856894,4,1200.0,0.36,10.376214285714273,13.871683940434483,rollover,Sun,22,False
1110,XAUUSDm,long,2026-04-19 22:40:00+00:00,45395,4784.692,0.1,4777.692,4794.692,7.0,close_below_lower,0.34519279827604216,0.1,4789.692,0.5,0.0,0.0,0.0,,,False,2026-04-19 23:00:00+00:00,45399,4777.692,sl,-70.0,0.0,0.0,-70.0,-1.0,-6.720000000000255,2.0709999999999127,-0.9600000000000364,0.2958571428571304,4,1200.0,0.36,11.005428571428379,14.594792427383638,rollover,Sun,22,False
1111,XAUUSDm,long,2026-04-19 23:45:00+00:00,45408,4752.125999999999,0.1,4745.126,4762.126,7.0,close_below_lower,0.4028535370068555,0.1,4757.126,0.5,0.0,0.0,0.0,,,False,2026-04-19 23:50:00+00:00,45409,4743.898,sl,-82.27999999999156,0.0,0.0,-82.27999999999156,-1.175428571428451,-15.285999999999149,0.0,-2.183714285714164,0.0,1,300.0,0.36,6.696785714285527,15.365627299209072,rollover,Sun,23,False
1112,XAUUSDm,short,2026-04-20 01:05:00+00:00,45424,4787.69,0.1,4794.69,4777.69,7.0,close_above_upper,0.43018875258799316,0.1,4782.69,0.5,0.0,0.0,0.0,,,False,2026-04-20 01:15:00+00:00,45426,4794.969999999999,sl,-72.79999999999745,0.0,0.0,-72.79999999999745,-1.0399999999999636,-6.776000000000749,6.397999999999229,-0.9680000000001071,0.9139999999998898,2,600.0,0.28,7.272285714285707,15.911082593487354,asian,Mon,1,False
1113,XAUUSDm,short,2026-04-20 01:20:00+00:00,45427,4792.344,0.1,4799.344,4782.344,7.0,close_above_upper,0.17790194498166081,0.1,4787.344,0.5,0.0,0.0,0.0,,,False,2026-04-20 01:25:00+00:00,45428,4799.624,sl,-72.79999999999745,0.0,0.0,-72.79999999999745,-1.0399999999999636,-5.871000000000095,0.5919999999996435,-0.8387142857142992,0.08457142857137764,1,300.0,0.28,7.191428571428462,16.23085337341659,asian,Mon,1,False
1114,XAUUSDm,short,2026-04-20 01:30:00+00:00,45429,4802.688,0.1,4809.688,4792.688,7.0,close_above_upper,0.3888908427220798,0.1,4797.688,0.5,0.0,0.0,0.0,,,False,2026-04-20 01:35:00+00:00,45430,4809.996,sl,-73.07999999999993,0.0,0.0,-73.07999999999993,-1.043999999999999,-9.587999999999738,1.5160000000005311,-1.3697142857142484,0.21657142857150444,1,300.0,0.28,7.267928571428456,16.439310967588373,asian,Mon,1,False
1115,XAUUSDm,short,2026-04-20 01:40:00+00:00,45431,4807.824,0.1,4807.824,4797.824,7.0,close_above_upper,0.2687078282056717,0.05,4802.824,0.5,0.05,4803.103999999999,23.600000000001273,45437.0,2026-04-20 02:10:00+00:00,True,2026-04-20 02:15:00+00:00,45438,4801.325,cross_center,56.095000000000255,0.0,0.0,56.095000000000255,0.8013571428571465,-6.568000000000211,7.324999999999818,-0.9382857142857445,1.0464285714285455,7,2100.0,0.36,7.807999999999993,16.641667732195828,asian,Mon,1,False
1116,XAUUSDm,long,2026-04-21 14:45:00+00:00,45864,4745.161,0.1,4738.161,4755.161,7.0,close_below_lower,0.8534109664465136,0.1,4750.161,0.5,0.0,0.0,0.0,,,False,2026-04-21 14:50:00+00:00,45865,4727.805,sl,-173.55999999999767,0.0,0.0,-173.55999999999767,-2.4794285714285382,-21.761000000000422,0.6289999999999054,-3.108714285714346,0.08985714285712934,1,300.0,0.28,8.940785714285669,15.173614917938366,overlap,Tue,14,False
1117,XAUUSDm,long,2026-04-21 14:55:00+00:00,45866,4738.766,0.1,4731.766,4748.766,7.0,close_below_lower,0.6685850688999525,0.1,4743.766,0.5,0.0,0.0,0.0,,,False,2026-04-21 15:00:00+00:00,45867,4731.766,sl,-70.0,0.0,0.0,-70.0,-1.0,-5.324999999999818,3.3170000000000073,-0.7607142857142597,0.4738571428571439,1,300.0,0.28,9.93314285714288,15.518448816356585,overlap,Tue,14,False
1118,XAUUSDm,long,2026-04-21 15:05:00+00:00,45868,4734.688,0.1,4734.688,4744.688,7.0,close_below_lower,0.4533282543166629,0.05,4739.688,0.5,0.05,4740.338,28.24999999999818,45869.0,2026-04-21 15:10:00+00:00,True,2026-04-21 15:10:00+00:00,45869,4744.688,tp,78.24999999999818,0.0,0.0,78.24999999999818,1.117857142857117,-6.885000000000218,5.871000000000095,-0.9835714285714597,0.8387142857142992,1,300.0,0.28,10.23014285714284,15.74819783183668,overlap,Tue,15,False
1119,XAUUSDm,long,2026-04-21 16:30:00+00:00,45885,4721.074,0.1,4721.074,4731.074,7.0,close_below_lower,0.03929107742691837,0.05,4726.074,0.5,0.05,4726.074,25.0,45886.0,2026-04-21 16:35:00+00:00,True,2026-04-21 16:40:00+00:00,45887,4721.074,be_stop,25.0,0.0,0.0,25.0,0.35714285714285715,-1.5850000000000364,6.347000000000662,-0.2264285714285766,0.9067142857143803,2,600.0,0.28,7.0972142857142115,15.854056663297449,newyork,Tue,16,False
1120,XAUUSDm,long,2026-04-21 16:55:00+00:00,45890,4709.65,0.1,4709.65,4719.65,7.0,close_below_lower,0.22940625856884045,0.05,4714.65,0.5,0.05,4714.65,25.0,45891.0,2026-04-21 17:00:00+00:00,True,2026-04-21 17:05:00+00:00,45892,4709.65,be_stop,25.0,0.0,0.0,25.0,0.35714285714285715,-0.8949999999995271,8.819000000000415,-0.1278571428570753,1.259857142857202,2,600.0,0.28,6.994714285714314,15.268706793248953,newyork,Tue,16,False
1121,XAUUSDm,long,2026-04-21 17:20:00+00:00,45895,4701.4039999999995,0.1,4701.4039999999995,4711.404,7.0,close_below_lower,0.09031971791546357,0.05,4706.404,0.5,0.05,4706.404,25.000000000004547,45898.0,2026-04-21 17:35:00+00:00,True,2026-04-21 17:40:00+00:00,45899,4711.404,tp,75.0000000000091,0.0,0.0,75.0000000000091,1.0714285714287013,-4.585999999999331,9.456000000000131,-0.6551428571427615,1.3508571428571616,4,1200.0,0.28,7.469857142857173,14.896928227243517,newyork,Tue,17,False
1122,XAUUSDm,long,2026-04-21 19:45:00+00:00,45924,4672.0289999999995,0.1,4672.0289999999995,4682.029,7.0,close_below_lower,1.3154160446814707,0.05,4677.029,0.5,0.05,4681.69,48.30500000000029,45925.0,2026-04-21 19:50:00+00:00,True,2026-04-21 19:50:00+00:00,45925,4682.029,tp,98.30500000000484,0.0,0.0,98.30500000000484,1.404357142857212,-1.0289999999995416,12.393000000000029,-0.14699999999993452,1.7704285714285757,1,300.0,0.28,8.368714285714175,14.046241685809665,newyork,Tue,19,False
1123,XAUUSDm,long,2026-04-21 19:55:00+00:00,45926,4680.589,0.1,4673.589,4690.589,7.0,close_below_lower,0.38083684683403085,0.1,4685.589,0.5,0.0,0.0,0.0,,,False,2026-04-21 20:05:00+00:00,45928,4673.589,sl,-70.0,0.0,0.0,-70.0,-1.0,-6.432999999999993,3.619999999999891,-0.9189999999999989,0.5171428571428416,2,600.0,0.28,9.424714285714085,14.019993212388249,newyork,Tue,19,False
1124,XAUUSDm,short,2026-04-21 20:25:00+00:00,45932,4709.561,0.1,4716.561,4699.561,7.0,close_above_upper,0.16619436393445203,0.1,4704.561,0.5,0.0,0.0,0.0,,,False,2026-04-21 20:50:00+00:00,45937,4716.840999999999,sl,-72.79999999999745,0.0,0.0,-72.79999999999745,-1.0399999999999636,-4.32300000000032,4.403999999999542,-0.6175714285714743,0.6291428571427916,5,1500.0,0.28,11.772714285714105,13.74502706955181,newyork,Tue,20,False
1125,XAUUSDm,short,2026-04-21 22:05:00+00:00,45940,4725.281,0.1,4725.281,4715.281,7.0,close_above_upper,0.24770073230471082,0.05,4720.281,0.5,0.05,4720.561,23.600000000001273,45941.0,2026-04-21 22:10:00+00:00,True,2026-04-21 22:50:00+00:00,45949,4717.175,cross_center,64.13000000000011,0.0,0.0,64.13000000000011,0.9161428571428587,-0.4899999999997817,9.180999999999585,-0.06999999999996882,1.3115714285713693,9,2700.0,0.36,8.312000000000094,14.074879100380155,rollover,Tue,22,False
1126,XAUUSDm,long,2026-04-23 00:15:00+00:00,46242,4699.772,0.1,4699.772,4709.772,7.0,close_below_lower,0.6960307701914877,0.05,4704.772,0.5,0.05,4722.481,113.54499999999916,46243.0,2026-04-23 00:20:00+00:00,True,2026-04-23 00:20:00+00:00,46243,4722.481,tp,227.08999999999833,0.0,0.0,227.08999999999833,3.2441428571428332,-5.756000000000313,24.16700000000037,-0.822285714285759,3.4524285714286242,1,300.0,0.28,4.646142857142877,13.819431529097638,asian,Thu,0,False
1127,XAUUSDm,short,2026-04-23 00:30:00+00:00,46245,4741.312,0.1,4748.312,4731.312,7.0,close_above_upper,0.23569046307311384,0.1,4736.312,0.5,0.0,0.0,0.0,,,False,2026-04-23 00:45:00+00:00,46248,4748.592,sl,-72.79999999999745,0.0,0.0,-72.79999999999745,-1.0399999999999636,-10.689000000000306,0.41600000000016735,-1.5270000000000437,0.05942857142859533,3,900.0,0.28,8.122571428571518,13.903643887582195,asian,Thu,0,False
1128,XAUUSDm,short,2026-04-23 00:50:00+00:00,46249,4747.318,0.1,4747.318,4737.318,7.0,close_above_upper,0.06517750243741802,0.05,4742.318,0.5,0.05,4742.598,23.600000000001273,46253.0,2026-04-23 01:10:00+00:00,True,2026-04-23 01:10:00+00:00,46253,4737.598,tp,72.20000000000255,0.0,0.0,72.20000000000255,1.0314285714286078,-6.445999999999913,4.914999999999964,-0.9208571428571304,0.702142857142852,4,1200.0,0.28,9.291071428571545,14.249430173977668,asian,Thu,0,False
1129,XAUUSDm,long,2026-04-23 02:10:00+00:00,46265,4714.871,0.1,4707.871,4724.871,7.0,close_below_lower,0.04850057213514726,0.1,4719.871,0.5,0.0,0.0,0.0,,,False,2026-04-23 02:15:00+00:00,46266,4707.489,sl,-73.82000000000517,0.0,0.0,-73.82000000000517,-1.0545714285715024,-8.219000000000051,0.0,-1.1741428571428645,0.0,1,300.0,0.28,6.459714285714199,14.618246499869835,asian,Thu,2,False
1130,XAUUSDm,long,2026-04-23 02:45:00+00:00,46272,4701.562,0.1,4701.562,4711.562,7.0,close_below_lower,0.0343536437418116,0.05,4706.562,0.5,0.05,4706.562,25.0,46273.0,2026-04-23 02:50:00+00:00,True,2026-04-23 02:55:00+00:00,46274,4701.562,be_stop,25.0,0.0,0.0,25.0,0.35714285714285715,-2.7539999999999054,5.8840000000000146,-0.3934285714285579,0.8405714285714306,2,600.0,0.28,6.998571428571203,14.906744733288345,asian,Thu,2,False
1131,XAUUSDm,short,2026-04-23 12:00:00+00:00,46383,4720.479,0.1,4727.479,4710.479,7.0,close_above_upper,0.2279666843038949,0.1,4715.479,0.5,0.0,0.0,0.0,,,False,2026-04-23 12:05:00+00:00,46384,4730.669,sl,-101.899999999996,0.0,0.0,-101.899999999996,-1.4557142857142285,-12.050999999999476,0.9660000000003492,-1.7215714285713537,0.1380000000000499,1,300.0,0.28,5.173428571428628,14.092646941172957,overlap,Thu,12,False
1132,XAUUSDm,short,2026-04-23 12:10:00+00:00,46385,4729.63,0.1,4736.63,4719.63,7.0,close_above_upper,0.4606547672105737,0.1,4724.63,0.5,0.0,0.0,0.0,,,False,2026-04-23 12:30:00+00:00,46389,4736.91,sl,-72.79999999999745,0.0,0.0,-72.79999999999745,-1.0399999999999636,-5.958999999999833,3.6130000000002838,-0.8512857142856903,0.5161428571428976,4,1200.0,0.28,6.2317857142857065,14.21122352242246,overlap,Thu,12,False
1133,XAUUSDm,short,2026-04-23 12:35:00+00:00,46390,4738.552,0.1,4738.552,4728.552,7.0,close_above_upper,0.15727880777407863,0.05,4733.552,0.5,0.05,4733.831999999999,23.600000000001273,46392.0,2026-04-23 12:45:00+00:00,True,2026-04-23 12:50:00+00:00,46393,4738.831999999999,be_stop,22.200000000002547,0.0,0.0,22.200000000002547,0.31714285714289353,-3.9400000000005093,7.0679999999993015,-0.5628571428572157,1.0097142857141859,3,900.0,0.28,7.168928571428556,14.330587438311696,overlap,Thu,12,False
1134,XAUUSDm,long,2026-04-23 17:10:00+00:00,46445,4710.8859999999995,0.1,4710.8859999999995,4720.886,7.0,close_below_lower,0.21254250780687448,0.05,4715.886,0.5,0.05,4715.886,25.000000000004547,46446.0,2026-04-23 17:15:00+00:00,True,2026-04-23 17:20:00+00:00,46447,4708.742,be_stop,14.28000000000793,0.0,0.0,14.28000000000793,0.20400000000011329,-6.454999999999927,6.762000000000626,-0.9221428571428467,0.9660000000000893,2,600.0,0.28,5.871857142857217,12.979442663431591,newyork,Thu,17,False
1135,XAUUSDm,long,2026-04-23 17:25:00+00:00,46448,4707.824,0.1,4700.824,4717.824,7.0,close_below_lower,0.08704974314413674,0.1,4712.824,0.5,0.0,0.0,0.0,,,False,2026-04-23 17:35:00+00:00,46450,4700.824,sl,-70.0,0.0,0.0,-70.0,-1.0,-5.500999999999294,10.123000000000502,-0.785857142857042,1.446142857142929,2,600.0,0.28,7.14142857142867,13.190260798002669,newyork,Thu,17,False
1136,XAUUSDm,long,2026-04-23 17:40:00+00:00,46451,4698.998,0.1,4691.998,4708.998,7.0,close_below_lower,0.3309644483878003,0.1,4703.998,0.5,0.0,0.0,0.0,,,False,2026-04-23 17:45:00+00:00,46452,4677.626,sl,-213.7199999999939,0.0,0.0,-213.7199999999939,-3.05314285714277,-25.748999999999796,0.22000000000025466,-3.6784285714285425,0.03142857142860781,1,300.0,0.28,9.153357142857269,13.406903548536995,newyork,Thu,17,False
1137,XAUUSDm,long,2026-04-23 17:50:00+00:00,46453,4683.460999999999,0.1,4683.460999999999,4693.461,7.0,close_below_lower,0.8658657107681956,0.05,4688.461,0.5,0.05,4696.153,63.460000000004584,46454.0,2026-04-23 17:55:00+00:00,True,2026-04-23 17:55:00+00:00,46454,4696.153,tp,126.92000000000917,0.0,0.0,126.92000000000917,1.8131428571429882,-4.880999999999403,26.07300000000032,-0.697285714285629,3.7247142857143314,1,300.0,0.28,11.815214285714449,13.713608372110063,newyork,Thu,17,False
1138,XAUUSDm,short,2026-04-24 11:25:00+00:00,46652,4709.099,0.1,4716.099,4699.099,7.0,close_above_upper,0.43898879123124007,0.1,4704.099,0.5,0.0,0.0,0.0,,,False,2026-04-24 11:30:00+00:00,46653,4716.379,sl,-72.79999999999745,0.0,0.0,-72.79999999999745,-1.0399999999999636,-7.97400000000016,2.4600000000000364,-1.13914285714288,0.35142857142857664,1,300.0,0.28,7.036428571428522,14.774262703825428,london,Fri,11,False
1139,XAUUSDm,short,2026-04-24 11:35:00+00:00,46654,4713.053,0.1,4713.053,4703.053,7.0,close_above_upper,0.3049355224545321,0.05,4708.053,0.5,0.05,4707.464,27.94499999999971,46655.0,2026-04-24 11:40:00+00:00,True,2026-04-24 11:45:00+00:00,46656,4703.333,tp,76.54500000000098,0.0,0.0,76.54500000000098,1.0935000000000141,0.0,7.936999999999898,0.0,1.1338571428571282,2,600.0,0.28,7.803928571428579,14.97545548499275,london,Fri,11,False
1140,XAUUSDm,short,2026-04-24 14:10:00+00:00,46685,4728.188,0.1,4728.188,4718.188,7.0,close_above_upper,0.3656237891734646,0.05,4723.188,0.5,0.05,4723.468,23.600000000001273,46688.0,2026-04-24 14:25:00+00:00,True,2026-04-24 14:30:00+00:00,46689,4728.468,be_stop,22.200000000002547,0.0,0.0,22.200000000002547,0.31714285714289353,-12.139000000000124,6.594000000000051,-1.7341428571428747,0.9420000000000073,4,1200.0,0.28,8.747571428571389,15.555600004097116,overlap,Fri,14,False
1141,XAUUSDm,long,2026-04-26 22:10:00+00:00,46769,4682.094999999999,0.1,4682.094999999999,4692.095,7.0,close_below_lower,0.5554052144949357,0.05,4687.095,0.5,0.05,4687.095,25.000000000004547,46770.0,2026-04-26 22:15:00+00:00,True,2026-04-26 22:50:00+00:00,46777,4682.094999999999,be_stop,25.000000000004547,0.0,0.0,25.000000000004547,0.3571428571429221,-1.883999999999105,6.587000000000444,-0.2691428571427293,0.9410000000000635,8,2400.0,0.36,4.899571428571302,14.864969385902608,rollover,Sun,22,False
1142,XAUUSDm,short,2026-04-27 01:00:00+00:00,46803,4697.921,0.1,4704.921,4687.921,7.0,close_above_upper,0.019590194335018657,0.1,4692.921,0.5,0.0,0.0,0.0,,,False,2026-04-27 01:05:00+00:00,46804,4708.219,sl,-102.97999999999774,0.0,0.0,-102.97999999999774,-1.471142857142825,-11.91399999999976,3.4990000000007058,-1.7019999999999658,0.4998571428572437,1,300.0,0.28,4.453499999999816,15.169220611178812,asian,Mon,1,False
1143,XAUUSDm,long,2026-04-27 15:05:00+00:00,46972,4669.2789999999995,0.1,4669.2789999999995,4679.279,7.0,close_below_lower,0.43899212987788233,0.05,4674.279,0.5,0.05,4674.279,25.000000000004547,46973.0,2026-04-27 15:10:00+00:00,True,2026-04-27 15:25:00+00:00,46976,4679.279,tp,75.0000000000091,0.0,0.0,75.0000000000091,1.0714285714287013,-2.2799999999997453,8.925000000000182,-0.3257142857142493,1.275000000000026,4,1200.0,0.28,6.7266428571427115,12.844269777136471,overlap,Mon,15,False
1144,XAUUSDm,long,2026-04-28 02:00:00+00:00,47091,4671.112,0.1,4671.112,4681.112,7.0,close_below_lower,0.3004428529116523,0.05,4676.112,0.5,0.05,4676.112,25.0,47092.0,2026-04-28 02:05:00+00:00,True,2026-04-28 02:35:00+00:00,47098,4671.112,be_stop,25.0,0.0,0.0,25.0,0.35714285714285715,-4.658999999999651,8.453999999999724,-0.6655714285713786,1.2077142857142462,7,2100.0,0.28,4.56978571428577,11.849354001138634,asian,Tue,2,False
1145,XAUUSDm,long,2026-04-28 05:10:00+00:00,47129,4654.134,0.1,4654.134,4664.134,7.0,close_below_lower,0.10194353794720776,0.05,4659.134,0.5,0.05,4659.134,25.0,47131.0,2026-04-28 05:20:00+00:00,True,2026-04-28 05:30:00+00:00,47133,4654.134,be_stop,25.0,0.0,0.0,25.0,0.35714285714285715,-5.131999999999607,5.287999999999556,-0.733142857142801,0.7554285714285081,4,1200.0,0.28,3.4104999999998915,11.622681530542037,asian,Tue,5,False
1146,XAUUSDm,long,2026-04-28 05:35:00+00:00,47134,4644.785,0.1,4637.785,4654.785,7.0,close_below_lower,0.3301664094290346,0.1,4649.785,0.5,0.0,0.0,0.0,,,False,2026-04-28 05:40:00+00:00,47135,4637.785,sl,-70.0,0.0,0.0,-70.0,-1.0,-7.596999999999753,0.0,-1.0852857142856789,0.0,1,300.0,0.28,4.879142857142597,11.765753949090708,asian,Tue,5,False
1147,XAUUSDm,long,2026-04-28 05:45:00+00:00,47136,4625.205,0.1,4625.205,4635.205,7.0,close_below_lower,1.4292147835346773,0.05,4630.205,0.5,0.05,4630.205,25.0,47137.0,2026-04-28 05:50:00+00:00,True,2026-04-28 06:05:00+00:00,47140,4635.205,tp,75.0,0.0,0.0,75.0,1.0714285714285714,-1.4219999999995707,8.923999999999978,-0.2031428571427958,1.2748571428571398,4,1200.0,0.28,6.160785714285469,12.017539458432585,asian,Tue,5,False
1148,XAUUSDm,long,2026-04-28 11:35:00+00:00,47206,4591.101,0.1,4584.101,4601.101,7.0,close_below_lower,0.11283313099964595,0.1,4596.101,0.5,0.0,0.0,0.0,,,False,2026-04-28 11:40:00+00:00,47207,4570.133,sl,-209.67999999999847,0.0,0.0,-209.67999999999847,-2.99542857142855,-22.417999999999665,0.592000000000553,-3.202571428571381,0.08457142857150757,1,300.0,0.28,5.628428571428556,11.468132234268488,london,Tue,11,False
1149,XAUUSDm,long,2026-04-28 11:45:00+00:00,47208,4572.413,0.1,4565.413,4582.413,7.0,close_below_lower,1.0935785151509512,0.1,4577.413,0.5,0.0,0.0,0.0,,,False,2026-04-28 11:50:00+00:00,47209,4559.072,sl,-133.4099999999944,0.0,0.0,-133.4099999999944,-1.9058571428570628,-14.108999999999469,1.6400000000003274,-2.0155714285713526,0.23428571428576106,1,300.0,0.28,7.293928571428556,11.769457595190307,london,Tue,11,False
1150,XAUUSDm,long,2026-04-28 11:55:00+00:00,47210,4559.768999999999,0.1,4559.768999999999,4569.769,7.0,close_below_lower,1.388112724305698,0.05,4564.769,0.5,0.05,4564.769,25.000000000004547,47211.0,2026-04-28 12:00:00+00:00,True,2026-04-28 12:00:00+00:00,47211,4569.769,tp,75.0000000000091,0.0,0.0,75.0000000000091,1.0714285714287013,-1.5489999999990687,4.535000000000764,-0.22128571428558125,0.647857142857252,1,300.0,0.28,8.514214285714258,12.109613388175251,london,Tue,11,False
1151,XAUUSDm,long,2026-04-28 12:05:00+00:00,47212,4569.191,0.1,4569.191,4579.191,7.0,close_below_lower,0.0674015345528766,0.05,4574.191,0.5,0.05,4574.191,25.0,47213.0,2026-04-28 12:10:00+00:00,True,2026-04-28 12:10:00+00:00,47213,4579.191,tp,75.0,0.0,0.0,75.0,1.0714285714285714,-1.9979999999995925,4.3530000000000655,-0.28542857142851324,0.6218571428571522,1,300.0,0.28,9.285642857142843,12.302707835174125,overlap,Tue,12,False
1152,XAUUSDm,short,2026-04-28 12:50:00+00:00,47221,4598.897,0.1,4598.897,4588.897,7.0,close_above_upper,0.4931174636905341,0.05,4593.897,0.5,0.05,4594.177,23.600000000001273,47222.0,2026-04-28 12:55:00+00:00,True,2026-04-28 13:00:00+00:00,47223,4589.177,tp,72.20000000000255,0.0,0.0,72.20000000000255,1.0314285714286078,-1.2340000000003783,6.930000000000291,-0.17628571428576834,0.9900000000000416,2,600.0,0.28,10.579214285714118,12.521907794051145,overlap,Tue,12,False
1153,XAUUSDm,long,2026-04-28 14:05:00+00:00,47236,4566.451,0.1,4566.451,4576.451,7.0,close_below_lower,0.0924858552428552,0.05,4571.451,0.5,0.05,4571.451,25.0,47237.0,2026-04-28 14:10:00+00:00,True,2026-04-28 14:15:00+00:00,47238,4566.451,be_stop,25.0,0.0,0.0,25.0,0.35714285714285715,-1.6189999999996871,8.506000000000313,-0.2312857142856696,1.215142857142902,2,600.0,0.28,10.63585714285708,12.811674539543214,overlap,Tue,14,False
1154,XAUUSDm,short,2026-04-29 00:05:00+00:00,47344,4606.46,0.1,4606.46,4596.46,7.0,close_above_upper,0.16239974368176557,0.05,4601.46,0.5,0.05,4601.74,23.600000000001273,47346.0,2026-04-29 00:15:00+00:00,True,2026-04-29 01:45:00+00:00,47352,4590.514999999999,tp,103.32500000000437,0.0,0.0,103.32500000000437,1.4760714285714909,-3.930000000000291,7.640999999999622,-0.561428571428613,1.0915714285713745,8,6000.0,0.28,3.4177142857142178,11.50766248856212,asian,Wed,0,False
1155,XAUUSDm,long,2026-04-29 01:50:00+00:00,47353,4584.1359999999995,0.1,4584.1359999999995,4594.136,7.0,close_below_lower,0.30745181438701374,0.05,4589.136,0.5,0.05,4589.136,25.000000000004547,47355.0,2026-04-29 02:00:00+00:00,True,2026-04-29 02:00:00+00:00,47355,4594.136,tp,75.0000000000091,0.0,0.0,75.0000000000091,1.0714285714287013,-3.7999999999992724,1.029000000000451,-0.5428571428570389,0.14700000000006444,2,600.0,0.28,5.631285714285566,11.749743681020334,asian,Wed,1,False
1156,XAUUSDm,long,2026-04-29 12:55:00+00:00,47486,4545.397,0.1,4545.397,4555.397,7.0,close_below_lower,0.12186002836426445,0.05,4550.397,0.5,0.05,4550.397,25.0,47487.0,2026-04-29 13:00:00+00:00,True,2026-04-29 13:05:00+00:00,47488,4545.397,be_stop,25.0,0.0,0.0,25.0,0.35714285714285715,-3.9589999999998327,8.043999999999869,-0.5655714285714046,1.1491428571428384,2,600.0,0.28,5.734428571428713,12.41607343656856,overlap,Wed,12,False
1157,XAUUSDm,long,2026-04-29 13:35:00+00:00,47494,4532.974,0.1,4525.974,4542.974,7.0,close_below_lower,0.10113608189867045,0.1,4537.974,0.5,0.0,0.0,0.0,,,False,2026-04-29 13:40:00+00:00,47495,4525.56,sl,-74.1399999999976,0.0,0.0,-74.1399999999976,-1.0591428571428227,-8.88799999999992,1.043999999999869,-1.2697142857142742,0.14914285714283843,1,300.0,0.28,7.029785714285806,12.834038517028395,overlap,Wed,13,False
1158,XAUUSDm,long,2026-04-29 13:45:00+00:00,47496,4515.11,0.1,4515.11,4525.11,7.0,close_below_lower,0.9923208712512915,0.05,4520.11,0.5,0.05,4520.11,25.0,47497.0,2026-04-29 13:50:00+00:00,True,2026-04-29 13:55:00+00:00,47498,4525.11,tp,75.0,0.0,0.0,75.0,1.0714285714285714,-5.002999999999702,6.177000000000589,-0.7147142857142431,0.8824285714286556,2,600.0,0.28,7.703214285714369,13.089580490039989,overlap,Wed,13,False
1159,XAUUSDm,short,2026-04-29 16:05:00+00:00,47524,4562.026,0.1,4562.026,4552.026,7.0,close_above_upper,0.0653772200495224,0.05,4557.026,0.5,0.05,4557.306,23.600000000001273,47529.0,2026-04-29 16:30:00+00:00,True,2026-04-29 16:30:00+00:00,47529,4552.306,tp,72.20000000000255,0.0,0.0,72.20000000000255,1.0314285714286078,-3.0020000000004075,4.878999999999905,-0.42885714285720106,0.6969999999999865,5,1500.0,0.28,7.4399285714284815,13.932603360535133,newyork,Wed,16,False
1160,XAUUSDm,long,2026-04-29 18:15:00+00:00,47550,4525.84,0.1,4525.84,4535.84,7.0,close_below_lower,0.18055554484830155,0.05,4530.84,0.5,0.05,4531.564,28.6200000000008,47551.0,2026-04-29 18:20:00+00:00,True,2026-04-29 18:20:00+00:00,47551,4535.84,tp,78.6200000000008,0.0,0.0,78.6200000000008,1.1231428571428685,-0.967000000000553,13.702000000000226,-0.13814285714293614,1.9574285714286037,1,300.0,0.28,6.078071428571418,14.49371249929431,newyork,Wed,18,False
1161,XAUUSDm,long,2026-04-29 18:35:00+00:00,47554,4521.866,0.1,4521.866,4531.866,7.0,close_below_lower,0.06073628022388262,0.05,4526.866,0.5,0.05,4528.758,34.45999999999913,47555.0,2026-04-29 18:40:00+00:00,True,2026-04-29 18:45:00+00:00,47556,4520.584,be_stop,28.049999999998363,0.0,0.0,28.049999999998363,0.4007142857142623,-1.5709999999999127,18.842999999999847,-0.22442857142855896,2.691857142857121,2,600.0,0.28,7.702357142857311,14.676354461165019,newyork,Wed,18,False
1162,XAUUSDm,short,2026-04-30 07:00:00+00:00,47691,4589.331,0.1,4596.331,4579.331,7.0,close_above_upper,0.06117602905627652,0.1,4584.331,0.5,0.0,0.0,0.0,,,False,2026-04-30 07:40:00+00:00,47699,4596.611,sl,-72.79999999999745,0.0,0.0,-72.79999999999745,-1.0399999999999636,-6.467999999999847,4.666000000000167,-0.9239999999999782,0.6665714285714525,8,2400.0,0.28,5.257214285714326,15.078862387346174,london,Thu,7,False
1163,XAUUSDm,short,2026-04-30 08:05:00+00:00,47704,4626.688,0.1,4626.688,4616.688,7.0,close_above_upper,1.00471362078377,0.05,4621.688,0.5,0.05,4620.179,32.54500000000007,47705.0,2026-04-30 08:10:00+00:00,True,2026-04-30 08:10:00+00:00,47705,4616.968,tp,81.14500000000135,0.0,0.0,81.14500000000135,1.1592142857143048,-3.036000000000058,9.926000000000386,-0.43371428571429405,1.418000000000055,1,300.0,0.28,7.898571428571619,15.590386491597535,london,Thu,8,False
1164,XAUUSDm,short,2026-04-30 08:15:00+00:00,47706,4618.554,0.1,4618.554,4608.554,7.0,close_above_upper,0.12116518585222508,0.05,4613.554,0.5,0.05,4613.834,23.600000000001273,47707.0,2026-04-30 08:20:00+00:00,True,2026-04-30 08:25:00+00:00,47708,4618.834,be_stop,22.200000000002547,0.0,0.0,22.200000000002547,0.31714285714289353,-2.117000000000189,6.554000000000087,-0.30242857142859847,0.9362857142857267,2,600.0,0.28,8.368428571428662,15.710809432769473,london,Thu,8,False
1165,XAUUSDm,short,2026-04-30 10:30:00+00:00,47733,4643.715,0.1,4643.715,4633.715,7.0,close_above_upper,0.11929921924128825,0.05,4638.715,0.5,0.05,4636.085999999999,38.145000000004075,47734.0,2026-04-30 10:35:00+00:00,True,2026-04-30 11:05:00+00:00,47740,4643.995,be_stop,36.74500000000535,0.0,0.0,36.74500000000535,0.5249285714286478,-3.2479999999995925,9.833000000000538,-0.4639999999999418,1.4047142857143626,7,2100.0,0.28,6.281214285714278,14.976947920926065,london,Thu,10,False
1166,XAUUSDm,long,2026-04-30 13:55:00+00:00,47774,4614.188999999999,0.1,4614.188999999999,4624.189,7.0,close_below_lower,0.05500359193351664,0.05,4619.189,0.5,0.05,4619.189,25.000000000004547,47775.0,2026-04-30 14:00:00+00:00,True,2026-04-30 14:00:00+00:00,47775,4624.189,tp,75.0000000000091,0.0,0.0,75.0000000000091,1.0714285714287013,-3.7839999999996508,0.17700000000058935,-0.5405714285713786,0.02528571428579848,1,300.0,0.28,7.327499999999873,14.869284589371649,overlap,Thu,13,False
1167,XAUUSDm,short,2026-05-01 12:25:00+00:00,48032,4597.339,0.1,4597.339,4587.339,7.0,close_above_upper,0.29047396192841407,0.05,4592.339,0.5,0.05,4592.619,23.600000000001273,48035.0,2026-05-01 12:40:00+00:00,True,2026-05-01 13:15:00+00:00,48042,4591.632,cross_center,52.13500000000295,0.0,0.0,52.13500000000295,0.7447857142857564,-10.498999999999796,8.38000000000011,-1.4998571428571137,1.1971428571428728,10,3000.0,0.28,5.559142857142823,13.968468114396355,overlap,Fri,12,False
1168,XAUUSDm,short,2026-05-01 13:55:00+00:00,48050,4616.873,0.1,4623.873,4606.873,7.0,close_above_upper,0.3081226340587998,0.1,4611.873,0.5,0.0,0.0,0.0,,,False,2026-05-01 14:00:00+00:00,48051,4625.334,sl,-84.6100000000024,0.0,0.0,-84.6100000000024,-1.20871428571432,-11.980000000000473,0.6059999999997672,-1.711428571428639,0.08657142857139531,1,300.0,0.28,7.478214285714265,14.162915885210626,overlap,Fri,13,False
1169,XAUUSDm,short,2026-05-01 14:05:00+00:00,48052,4634.812,0.1,4641.812,4624.812,7.0,close_above_upper,1.0657847404020262,0.1,4629.812,0.5,0.0,0.0,0.0,,,False,2026-05-01 14:10:00+00:00,48053,4642.092,sl,-72.79999999999745,0.0,0.0,-72.79999999999745,-1.0399999999999636,-5.761000000000422,2.1080000000001746,-0.8230000000000602,0.3011428571428821,1,300.0,0.28,9.052785714285749,14.396645851460882,overlap,Fri,14,False
1170,XAUUSDm,short,2026-05-01 14:15:00+00:00,48054,4656.026,0.1,4656.026,4646.026,7.0,close_above_upper,1.8601590690176109,0.05,4651.026,0.5,0.05,4651.306,23.600000000001273,48055.0,2026-05-01 14:20:00+00:00,True,2026-05-01 14:25:00+00:00,48056,4646.306,tp,72.20000000000255,0.0,0.0,72.20000000000255,1.0314285714286078,-4.130000000000109,7.0239999999994325,-0.5900000000000156,1.0034285714284903,2,600.0,0.28,10.687000000000094,14.673165002445252,overlap,Fri,14,False
1171,XAUUSDm,short,2026-05-01 14:30:00+00:00,48057,4644.734,0.1,4644.734,4634.734,7.0,close_above_upper,0.19281637356148268,0.05,4639.734,0.5,0.05,4640.014,23.600000000001273,48058.0,2026-05-01 14:35:00+00:00,True,2026-05-01 14:40:00+00:00,48059,4635.014,tp,72.20000000000255,0.0,0.0,72.20000000000255,1.0314285714286078,-1.6459999999997308,8.788000000000466,-0.23514285714281868,1.255428571428638,2,600.0,0.28,11.44700000000005,15.001244291477526,overlap,Fri,14,False
1172,XAUUSDm,long,2026-05-04 10:05:00+00:00,48280,4560.5869999999995,0.1,4553.587,4570.587,7.0,close_below_lower,0.4156102879639458,0.1,4565.587,0.5,0.0,0.0,0.0,,,False,2026-05-04 10:10:00+00:00,48281,4547.236,sl,-133.50999999999658,0.0,0.0,-133.50999999999658,-1.9072857142856654,-17.77099999999973,0.0,-2.538714285714247,0.0,1,300.0,0.28,5.073428571428524,12.99853766203853,london,Mon,10,False
1173,XAUUSDm,long,2026-05-04 10:15:00+00:00,48282,4542.047,0.1,4535.047,4552.047,7.0,close_below_lower,1.234868028399458,0.1,4547.047,0.5,0.0,0.0,0.0,,,False,2026-05-04 10:20:00+00:00,48283,4535.047,sl,-70.0,0.0,0.0,-70.0,-1.0,-8.036999999999352,1.5830000000005384,-1.1481428571427645,0.22614285714293406,1,300.0,0.28,6.526214285714299,13.315894002140789,london,Mon,10,False
1174,XAUUSDm,long,2026-05-04 10:25:00+00:00,48284,4536.438999999999,0.1,4536.438999999999,4546.439,7.0,close_below_lower,1.0529401425728349,0.05,4541.439,0.5,0.05,4544.836,41.98500000000422,48285.0,2026-05-04 10:30:00+00:00,True,2026-05-04 10:30:00+00:00,48285,4546.439,tp,91.98500000000877,0.0,0.0,91.98500000000877,1.3140714285715538,-0.27999999999974534,8.70300000000043,-0.03999999999996362,1.2432857142857756,1,300.0,0.28,7.731499999999999,13.596314055921514,london,Mon,10,False
1175,XAUUSDm,long,2026-05-04 15:15:00+00:00,48342,4548.759999999999,0.1,4541.76,4558.76,7.0,close_below_lower,0.20707835520261328,0.1,4553.76,0.5,0.0,0.0,0.0,,,False,2026-05-04 15:20:00+00:00,48343,4540.402,sl,-83.57999999999265,0.0,0.0,-83.57999999999265,-1.193999999999895,-11.146999999999025,6.652000000000953,-1.592428571428432,0.9502857142858504,1,300.0,0.28,9.180499999999938,14.397473172539602,overlap,Mon,15,False
1176,XAUUSDm,long,2026-05-04 15:25:00+00:00,48344,4522.148999999999,0.1,4522.148999999999,4532.149,7.0,close_below_lower,1.5089343804343809,0.05,4527.149,0.5,0.05,4537.672,77.61500000000069,48345.0,2026-05-04 15:30:00+00:00,True,2026-05-04 15:30:00+00:00,48345,4537.672,tp,155.23000000000138,0.0,0.0,155.23000000000138,2.2175714285714485,-6.744999999998981,17.621000000001004,-0.9635714285712831,2.517285714285858,1,300.0,0.28,11.129999999999914,14.748960265746568,overlap,Mon,15,False
1177,XAUUSDm,long,2026-05-04 15:35:00+00:00,48346,4535.152,0.1,4528.152,4545.152,7.0,close_below_lower,0.22201202884430313,0.1,4540.152,0.5,0.0,0.0,0.0,,,False,2026-05-04 15:45:00+00:00,48348,4528.152,sl,-70.0,0.0,0.0,-70.0,-1.0,-4.97400000000016,7.729999999999563,-0.7105714285714514,1.104285714285652,2,600.0,0.28,11.915285714285671,14.943008556717132,overlap,Mon,15,False
1178,XAUUSDm,long,2026-05-04 15:50:00+00:00,48349,4523.018,0.1,4523.018,4533.018,7.0,close_below_lower,0.44479629989312713,0.05,4528.018,0.5,0.05,4528.382,26.81999999999789,48350.0,2026-05-04 15:55:00+00:00,True,2026-05-04 16:00:00+00:00,48351,4521.408,be_stop,18.769999999999527,0.0,0.0,18.769999999999527,0.2681428571428504,-10.88799999999992,7.283999999999651,-1.55542857142856,1.0405714285713787,2,600.0,0.28,12.511214285714232,15.1900271698853,overlap,Mon,15,False
1179,XAUUSDm,long,2026-05-04 16:10:00+00:00,48353,4510.3189999999995,0.1,4510.3189999999995,4520.319,7.0,close_below_lower,0.4760856635114732,0.05,4515.319,0.5,0.05,4515.319,25.000000000004547,48354.0,2026-05-04 16:15:00+00:00,True,2026-05-04 16:15:00+00:00,48354,4520.319,tp,75.0000000000091,0.0,0.0,75.0000000000091,1.0714285714287013,-9.752999999999702,5.785000000000764,-1.3932857142856716,0.8264285714286805,1,300.0,0.28,14.059714285714238,15.56556199239239,newyork,Mon,16,False
1180,XAUUSDm,short,2026-05-05 23:00:00+00:00,48699,4573.186,0.1,4580.186,4563.186,7.0,close_above_upper,0.5243778361738289,0.1,4568.186,0.5,0.0,0.0,0.0,,,False,2026-05-05 23:05:00+00:00,48700,4580.465999999999,sl,-72.79999999999745,0.0,0.0,-72.79999999999745,-1.0399999999999636,-2.3400000000001455,3.576000000000022,-0.33428571428573506,0.510857142857146,1,300.0,0.28,4.59171428571439,13.0159888501272,rollover,Tue,23,False
1181,XAUUSDm,short,2026-05-05 23:10:00+00:00,48701,4579.314,0.1,4586.314,4569.314,7.0,close_above_upper,0.6141329694254257,0.1,4574.314,0.5,0.0,0.0,0.0,,,False,2026-05-05 23:15:00+00:00,48702,4589.103999999999,sl,-97.89999999999054,0.0,0.0,-97.89999999999054,-1.3985714285712934,-11.239999999999782,1.7130000000006476,-1.6057142857142546,0.24471428571437823,1,300.0,0.28,5.2540714285714785,13.216954269034744,rollover,Tue,23,False
1182,XAUUSDm,short,2026-05-05 23:20:00+00:00,48703,4585.878,0.1,4585.878,4575.878,7.0,close_above_upper,0.5694409569917225,0.05,4580.878,0.5,0.05,4581.157999999999,23.600000000001273,48705.0,2026-05-05 23:30:00+00:00,True,2026-05-05 23:35:00+00:00,48706,4586.157999999999,be_stop,22.200000000002547,0.0,0.0,22.200000000002547,0.31714285714289353,-3.0650000000005093,6.348999999999251,-0.4378571428572156,0.9069999999998929,3,900.0,0.28,5.911928571428689,13.469715027615326,rollover,Tue,23,False
1183,XAUUSDm,short,2026-05-05 23:50:00+00:00,48709,4593.496,0.1,4593.496,4583.496,7.0,close_above_upper,0.08775831738747235,0.05,4588.496,0.5,0.05,4588.776,23.600000000001273,48714.0,2026-05-06 00:15:00+00:00,True,2026-05-06 00:20:00+00:00,48715,4596.513,be_stop,8.515000000002146,0.0,0.0,8.515000000002146,0.1216428571428878,-4.881000000000313,5.493000000000393,-0.697285714285759,0.7847142857143419,6,1800.0,0.28,7.046928571428582,13.816786744362307,rollover,Tue,23,False
1184,XAUUSDm,short,2026-05-06 00:35:00+00:00,48718,4608.748,0.1,4615.748,4598.748,7.0,close_above_upper,0.021101197287951373,0.1,4603.748,0.5,0.0,0.0,0.0,,,False,2026-05-06 00:55:00+00:00,48722,4616.027999999999,sl,-72.79999999999745,0.0,0.0,-72.79999999999745,-1.0399999999999636,-2.7050000000008367,1.2619999999997162,-0.38642857142869097,0.18028571428567375,4,1200.0,0.28,5.479071428571452,14.277821510642646,asian,Wed,0,False
1185,XAUUSDm,short,2026-05-06 01:00:00+00:00,48723,4618.574,0.1,4618.574,4608.574,7.0,close_above_upper,0.04091450550018892,0.05,4613.574,0.5,0.05,4613.853999999999,23.600000000001273,48724.0,2026-05-06 01:05:00+00:00,True,2026-05-06 01:20:00+00:00,48727,4618.853999999999,be_stop,22.200000000002547,0.0,0.0,22.200000000002547,0.31714285714289353,-4.043000000000575,9.193999999999505,-0.5775714285715107,1.3134285714285008,4,1200.0,0.28,4.985928571428693,14.534145506622277,asian,Wed,1,False
1186,XAUUSDm,short,2026-05-06 08:55:00+00:00,48818,4697.486,0.1,4704.486,4687.486,7.0,close_above_upper,0.2990396103699328,0.1,4692.486,0.5,0.0,0.0,0.0,,,False,2026-05-06 09:00:00+00:00,48819,4704.766,sl,-72.79999999999745,0.0,0.0,-72.79999999999745,-1.0399999999999636,-3.6469999999999345,4.636999999999716,-0.5209999999999907,0.6624285714285308,1,300.0,0.28,6.107500000000008,14.454186461227417,london,Wed,8,False
1187,XAUUSDm,short,2026-05-06 10:55:00+00:00,48842,4721.519,0.1,4721.519,4711.519,7.0,close_above_upper,0.05260184790642257,0.05,4716.519,0.5,0.05,4716.799,23.600000000001273,48843.0,2026-05-06 11:00:00+00:00,True,2026-05-06 11:00:00+00:00,48843,4711.799,tp,72.20000000000255,0.0,0.0,72.20000000000255,1.0314285714286078,-0.15099999999983993,5.375,-0.021571428571405704,0.7678571428571429,1,300.0,0.28,5.971428571428662,14.672089374669508,london,Wed,10,False
1188,XAUUSDm,long,2026-05-06 12:00:00+00:00,48855,4692.405,0.1,4685.405,4702.405,7.0,close_below_lower,0.03718034983506874,0.1,4697.405,0.5,0.0,0.0,0.0,,,False,2026-05-06 12:05:00+00:00,48856,4685.319,sl,-70.8599999999933,0.0,0.0,-70.8599999999933,-1.0122857142856188,-11.50799999999981,0.7049999999999272,-1.643999999999973,0.10071428571427532,1,300.0,0.28,7.7548571428571575,13.7262764847963,overlap,Wed,12,False
1189,XAUUSDm,long,2026-05-06 12:10:00+00:00,48857,4682.8369999999995,0.1,4675.837,4692.837,7.0,close_below_lower,0.34880872106104227,0.1,4687.837,0.5,0.0,0.0,0.0,,,False,2026-05-06 12:15:00+00:00,48858,4673.0,sl,-98.36999999999534,0.0,0.0,-98.36999999999534,-1.4052857142856479,-12.081999999999425,0.0,-1.7259999999999178,0.0,1,300.0,0.28,7.872642857142831,13.85799620392962,overlap,Wed,12,False
1190,XAUUSDm,long,2026-05-06 12:20:00+00:00,48859,4670.682,0.1,4670.682,4680.682,7.0,close_below_lower,0.7158456976332472,0.05,4675.682,0.5,0.05,4682.733,60.25500000000193,48860.0,2026-05-06 12:25:00+00:00,True,2026-05-06 12:25:00+00:00,48860,4682.733,tp,120.51000000000386,0.0,0.0,120.51000000000386,1.7215714285714836,-1.4129999999995562,13.094000000000051,-0.20185714285707945,1.8705714285714359,1,300.0,0.28,8.723214285714155,14.068112408507384,overlap,Wed,12,False
1191,XAUUSDm,short,2026-05-06 13:35:00+00:00,48874,4697.735,0.1,4697.735,4687.735,7.0,close_above_upper,0.004924824444487622,0.05,4692.735,0.5,0.05,4693.014999999999,23.600000000001273,48876.0,2026-05-06 13:45:00+00:00,True,2026-05-06 13:50:00+00:00,48877,4701.268999999999,be_stop,5.9300000000030195,0.0,0.0,5.9300000000030195,0.08471428571432885,-3.7460000000000946,5.131999999999607,-0.5351428571428707,0.733142857142801,3,900.0,0.28,8.740785714285526,14.02672229808293,overlap,Wed,13,False
1192,XAUUSDm,short,2026-05-06 13:55:00+00:00,48878,4703.918,0.1,4703.918,4693.918,7.0,close_above_upper,0.006363920421212521,0.05,4698.918,0.5,0.05,4699.197999999999,23.600000000001273,48880.0,2026-05-06 14:05:00+00:00,True,2026-05-06 14:10:00+00:00,48881,4708.188,be_stop,2.2499999999990905,0.0,0.0,2.2499999999990905,0.03214285714284415,-5.914000000000669,6.514999999999418,-0.8448571428572385,0.9307142857142026,3,900.0,0.28,9.506785714285538,14.266331260653644,overlap,Wed,13,False
1193,XAUUSDm,short,2026-05-07 01:15:00+00:00,49002,4709.643,0.1,4709.643,4699.643,7.0,close_above_upper,0.04478276961729681,0.05,4704.643,0.5,0.05,4704.923,23.600000000001273,49004.0,2026-05-07 01:25:00+00:00,True,2026-05-07 01:35:00+00:00,49006,4709.923,be_stop,22.200000000002547,0.0,0.0,22.200000000002547,0.31714285714289353,-6.751000000000204,7.5649999999996,-0.9644285714286005,1.0807142857142285,4,1200.0,0.28,6.211642857143033,14.75524530974102,asian,Thu,1,False
1194,XAUUSDm,short,2026-05-07 06:35:00+00:00,49066,4732.729,0.1,4739.729,4722.729,7.0,close_above_upper,0.5434641455131709,0.1,4727.729,0.5,0.0,0.0,0.0,,,False,2026-05-07 06:40:00+00:00,49067,4742.679999999999,sl,-99.50999999999112,0.0,0.0,-99.50999999999112,-1.4215714285713017,-11.273999999999432,0.0,-1.6105714285713475,0.0,1,300.0,0.28,5.351714285714349,15.39080860931311,asian,Thu,6,False
1195,XAUUSDm,short,2026-05-07 06:45:00+00:00,49068,4745.718,0.1,4745.718,4735.718,7.0,close_above_upper,0.8582571443448663,0.05,4740.718,0.5,0.05,4738.384,36.66999999999916,49069.0,2026-05-07 06:50:00+00:00,True,2026-05-07 07:00:00+00:00,49071,4735.998,tp,85.27000000000044,0.0,0.0,85.27000000000044,1.2181428571428634,-1.3339999999998327,9.873999999999796,-0.19057142857140466,1.4105714285713995,3,900.0,0.28,5.968285714285814,15.676581653275203,asian,Thu,6,False
1196,XAUUSDm,short,2026-05-07 07:15:00+00:00,49074,4749.045,0.1,4749.045,4739.045,7.0,close_above_upper,0.061682753672475596,0.05,4744.045,0.5,0.05,4743.768999999999,26.380000000003747,49075.0,2026-05-07 07:20:00+00:00,True,2026-05-07 07:25:00+00:00,49076,4739.325,tp,74.98000000000502,0.0,0.0,74.98000000000502,1.071142857142929,-1.626999999999498,9.81500000000051,-0.2324285714284997,1.40214285714293,2,600.0,0.28,7.707285714285653,16.044748022155897,london,Thu,7,False
1197,XAUUSDm,long,2026-05-07 16:05:00+00:00,49180,4724.499,0.1,4717.499,4734.499,7.0,close_below_lower,0.0690723927410648,0.1,4729.499,0.5,0.0,0.0,0.0,,,False,2026-05-07 16:10:00+00:00,49181,4717.499,sl,-70.0,0.0,0.0,-70.0,-1.0,-8.086999999999534,0.7830000000003565,-1.1552857142856479,0.1118571428571938,1,300.0,0.28,6.661214285714258,16.433365430964717,newyork,Thu,16,False
1198,XAUUSDm,long,2026-05-07 16:15:00+00:00,49182,4715.521,0.1,4708.521,4725.521,7.0,close_below_lower,0.23100600194220314,0.1,4720.521,0.5,0.0,0.0,0.0,,,False,2026-05-07 16:20:00+00:00,49183,4706.372,sl,-91.48999999999432,0.0,0.0,-91.48999999999432,-1.306999999999919,-11.231999999999971,0.0,-1.6045714285714243,0.0,1,300.0,0.28,7.060714285714247,16.663290148296824,newyork,Thu,16,False
1199,XAUUSDm,long,2026-05-07 22:00:00+00:00,49239,4689.344999999999,0.1,4689.344999999999,4699.345,7.0,close_below_lower,0.07286879807120758,0.05,4694.345,0.5,0.05,4694.345,25.000000000004547,49241.0,2026-05-07 22:10:00+00:00,True,2026-05-07 22:15:00+00:00,49242,4689.344999999999,be_stop,25.000000000004547,0.0,0.0,25.000000000004547,0.3571428571429221,-3.2989999999990687,8.413000000000466,-0.47128571428558125,1.2018571428572093,3,900.0,0.36,7.263428571428774,15.432493094949823,rollover,Thu,22,False
1200,XAUUSDm,short,2026-05-08 02:05:00+00:00,49288,4731.297,0.1,4731.297,4721.297,7.0,close_above_upper,0.005363861577847755,0.05,4726.297,0.5,0.05,4726.576999999999,23.600000000001273,49289.0,2026-05-08 02:10:00+00:00,True,2026-05-08 02:15:00+00:00,49290,4721.576999999999,tp,72.20000000000255,0.0,0.0,72.20000000000255,1.0314285714286078,-0.2250000000003638,7.533999999999651,-0.03214285714290911,1.0762857142856643,2,600.0,0.28,6.814642857142709,15.913550014362354,asian,Fri,2,False
1201,XAUUSDm,long,2026-05-08 07:25:00+00:00,49352,4706.458,0.1,4706.458,4716.458,7.0,close_below_lower,0.03303134285797146,0.05,4711.458,0.5,0.05,4711.458,25.0,49354.0,2026-05-08 07:35:00+00:00,True,2026-05-08 08:20:00+00:00,49363,4714.129,cross_center,63.35500000000138,0.0,0.0,63.35500000000138,0.9050714285714483,-9.402000000000044,8.595000000000255,-1.3431428571428634,1.2278571428571792,11,3300.0,0.28,6.274214285714412,15.136344887263366,london,Fri,7,False
1202,XAUUSDm,short,2026-05-08 13:35:00+00:00,49426,4739.065,0.1,4746.065,4729.065,7.0,close_above_upper,0.06001682004555948,0.1,4734.065,0.5,0.0,0.0,0.0,,,False,2026-05-08 13:55:00+00:00,49430,4746.344999999999,sl,-72.79999999999745,0.0,0.0,-72.79999999999745,-1.0399999999999636,-6.260000000000218,4.196999999999207,-0.8942857142857454,0.5995714285713153,4,1200.0,0.28,9.127785714285697,14.164559481659651,overlap,Fri,13,False
1203,XAUUSDm,short,2026-05-08 14:00:00+00:00,49431,4747.95,0.1,4747.95,4737.95,7.0,close_above_upper,0.03579528716252437,0.05,4742.95,0.5,0.05,4740.099999999999,39.25000000000182,49432.0,2026-05-08 14:05:00+00:00,True,2026-05-08 14:05:00+00:00,49432,4738.23,tp,87.85000000000309,0.0,0.0,87.85000000000309,1.255000000000044,-1.625,9.157000000000153,-0.23214285714285715,1.308142857142879,1,300.0,0.28,8.177000000000069,14.453059538841929,overlap,Fri,14,False
1204,XAUUSDm,long,2026-05-10 22:05:00+00:00,49516,4687.326,0.1,4687.326,4697.326,7.0,close_below_lower,0.9157236800831298,0.05,4692.326,0.5,0.05,4692.326,25.0,49517.0,2026-05-10 22:10:00+00:00,True,2026-05-10 22:15:00+00:00,49518,4687.326,be_stop,25.0,0.0,0.0,25.0,0.35714285714285715,-7.4229999999997744,7.3419999999996435,-1.0604285714285393,1.0488571428570919,2,600.0,0.36,4.803499999999921,14.525132542783584,rollover,Sun,22,False
1205,XAUUSDm,long,2026-05-10 22:20:00+00:00,49519,4687.548,0.1,4687.548,4697.548,7.0,close_below_lower,0.28024508503330403,0.05,4692.548,0.5,0.05,4692.548,25.0,49520.0,2026-05-10 22:25:00+00:00,True,2026-05-10 22:35:00+00:00,49522,4687.548,be_stop,25.0,0.0,0.0,25.0,0.35714285714285715,-2.0999999999994543,8.606999999999971,-0.29999999999992205,1.2295714285714243,3,900.0,0.36,6.211999999999924,14.799924135158687,rollover,Sun,22,False
1206,XAUUSDm,long,2026-05-11 05:55:00+00:00,49610,4654.924,0.1,4654.924,4664.924,7.0,close_below_lower,0.06591055268519407,0.05,4659.924,0.5,0.05,4659.924,25.0,49612.0,2026-05-11 06:05:00+00:00,True,2026-05-11 06:10:00+00:00,49613,4664.924,tp,75.0,0.0,0.0,75.0,1.0714285714285714,-6.680999999999585,9.876000000000204,-0.9544285714285122,1.410857142857172,3,900.0,0.28,5.381071428571366,14.578532249513636,asian,Mon,5,False
1207,XAUUSDm,short,2026-05-11 12:25:00+00:00,49688,4692.257,0.1,4692.257,4682.257,7.0,close_above_upper,0.3871766581698772,0.05,4687.257,0.5,0.05,4687.536999999999,23.600000000001273,49692.0,2026-05-11 12:45:00+00:00,True,2026-05-11 12:50:00+00:00,49693,4692.536999999999,be_stop,22.200000000002547,0.0,0.0,22.200000000002547,0.31714285714289353,-6.041000000000167,6.511999999999716,-0.8630000000000239,0.9302857142856737,5,1500.0,0.28,5.132785714285676,13.603382967701162,overlap,Mon,12,False
1208,XAUUSDm,short,2026-05-11 13:05:00+00:00,49696,4709.682,0.1,4716.682,4699.682,7.0,close_above_upper,0.4799901640190687,0.1,4704.682,0.5,0.0,0.0,0.0,,,False,2026-05-11 13:10:00+00:00,49697,4716.9619999999995,sl,-72.79999999999745,0.0,0.0,-72.79999999999745,-1.0399999999999636,-7.789999999999964,1.3299999999999272,-1.1128571428571377,0.1899999999999896,1,300.0,0.28,7.504071428571414,14.093927279037816,overlap,Mon,13,False
1209,XAUUSDm,short,2026-05-11 13:15:00+00:00,49698,4720.861,0.1,4727.861,4710.861,7.0,close_above_upper,0.7537881817351254,0.1,4715.861,0.5,0.0,0.0,0.0,,,False,2026-05-11 13:20:00+00:00,49699,4728.141,sl,-72.79999999999745,0.0,0.0,-72.79999999999745,-1.0399999999999636,-9.931999999999789,0.45100000000002183,-1.4188571428571126,0.06442857142857454,1,300.0,0.28,8.151428571428498,14.222662234915955,overlap,Mon,13,False
1210,XAUUSDm,short,2026-05-11 13:25:00+00:00,49700,4731.211,0.1,4738.211,4721.211,7.0,close_above_upper,0.8961782551935739,0.1,4726.211,0.5,0.0,0.0,0.0,,,False,2026-05-11 13:35:00+00:00,49702,4738.491,sl,-72.79999999999745,0.0,0.0,-72.79999999999745,-1.0399999999999636,-5.685999999999694,3.6289999999999054,-0.8122857142856706,0.5184285714285579,2,600.0,0.28,9.239785714285647,14.448041154818998,overlap,Mon,13,False
1211,XAUUSDm,short,2026-05-11 13:40:00+00:00,49703,4735.347,0.1,4742.347,4725.347,7.0,close_above_upper,0.40761619965760915,0.1,4730.347,0.5,0.0,0.0,0.0,,,False,2026-05-11 13:45:00+00:00,49704,4743.846,sl,-84.98999999999796,0.0,0.0,-84.98999999999796,-1.214142857142828,-10.222000000000662,0.37699999999949796,-1.4602857142858088,0.05385714285707114,1,300.0,0.28,8.180714285714268,14.74569575557613,overlap,Mon,13,False
1212,XAUUSDm,short,2026-05-11 13:50:00+00:00,49705,4737.779,0.1,4737.779,4727.779,7.0,close_above_upper,0.07082408509114235,0.05,4732.779,0.5,0.05,4733.059,23.600000000001273,49707.0,2026-05-11 14:00:00+00:00,True,2026-05-11 14:05:00+00:00,49708,4728.059,tp,72.20000000000255,0.0,0.0,72.20000000000255,1.0314285714286078,-6.870999999999185,9.616000000000895,-0.9815714285713122,1.3737142857144136,3,900.0,0.28,8.918214285714319,14.982551752135164,overlap,Mon,13,False
1213,XAUUSDm,long,2026-05-12 01:30:00+00:00,49833,4735.518,0.1,4728.518,4745.518,7.0,close_below_lower,0.07257659156900752,0.1,4740.518,0.5,0.0,0.0,0.0,,,False,2026-05-12 01:35:00+00:00,49834,4728.518,sl,-70.0,0.0,0.0,-70.0,-1.0,-4.480000000000473,3.3590000000003783,-0.6400000000000675,0.4798571428571969,1,300.0,0.28,8.52385714285713,14.711895006377198,asian,Tue,1,False
1214,XAUUSDm,long,2026-05-12 01:40:00+00:00,49835,4725.003,0.1,4725.003,4735.003,7.0,close_below_lower,0.4331677069694449,0.05,4730.003,0.5,0.05,4730.003,25.0,49836.0,2026-05-12 01:45:00+00:00,True,2026-05-12 01:55:00+00:00,49838,4725.003,be_stop,25.0,0.0,0.0,25.0,0.35714285714285715,-4.973999999999251,6.543000000000575,-0.7105714285713215,0.9347142857143679,3,900.0,0.28,7.943285714285723,14.846255133347867,asian,Tue,1,False
1215,XAUUSDm,long,2026-05-12 15:15:00+00:00,49998,4664.561,0.1,4657.561,4674.561,7.0,close_below_lower,0.02213928170253144,0.1,4669.561,0.5,0.0,0.0,0.0,,,False,2026-05-12 15:20:00+00:00,49999,4657.561,sl,-70.0,0.0,0.0,-70.0,-1.0,-5.569999999999709,1.6700000000000728,-0.7957142857142442,0.23857142857143895,1,300.0,0.28,7.782142857142779,14.518939094231213,overlap,Tue,15,False
1216,XAUUSDm,long,2026-05-12 15:25:00+00:00,50000,4643.346,0.1,4643.346,4653.346,7.0,close_below_lower,1.056696326849929,0.05,4648.346,0.5,0.05,4655.862,62.580000000002656,50001.0,2026-05-12 15:30:00+00:00,True,2026-05-12 15:30:00+00:00,50001,4655.862,tp,125.16000000000531,0.0,0.0,125.16000000000531,1.788000000000076,-5.363999999999578,13.375,-0.766285714285654,1.9107142857142858,1,300.0,0.28,9.037428571428466,14.778175105100692,overlap,Tue,15,False
1217,XAUUSDm,long,2026-05-13 12:40:00+00:00,50243,4679.383,0.1,4679.383,4689.383,7.0,close_below_lower,0.07247696860039828,0.05,4684.383,0.5,0.05,4684.383,25.0,50245.0,2026-05-13 12:50:00+00:00,True,2026-05-13 12:55:00+00:00,50246,4679.383,be_stop,25.0,0.0,0.0,25.0,0.35714285714285715,-1.9549999999999272,5.988000000000284,-0.27928571428570387,0.855428571428612,3,900.0,0.28,5.438999999999916,12.645416963704623,overlap,Wed,12,False
1218,XAUUSDm,short,2026-05-14 04:30:00+00:00,50421,4702.052,0.1,4709.052,4692.052,7.0,close_above_upper,0.5831462309462591,0.1,4697.052,0.5,0.0,0.0,0.0,,,False,2026-05-14 04:35:00+00:00,50422,4709.331999999999,sl,-72.79999999999745,0.0,0.0,-72.79999999999745,-1.0399999999999636,-8.680000000000291,0.6809999999995853,-1.2400000000000415,0.09728571428565504,1,300.0,0.28,6.527428571428378,12.146263436704498,asian,Thu,4,False
1219,XAUUSDm,short,2026-05-14 04:40:00+00:00,50423,4707.518,0.1,4707.518,4697.518,7.0,close_above_upper,0.5513917566011635,0.05,4702.518,0.5,0.05,4702.798,23.600000000001273,50426.0,2026-05-14 04:55:00+00:00,True,2026-05-14 05:15:00+00:00,50430,4697.798,tp,72.20000000000255,0.0,0.0,72.20000000000255,1.0314285714286078,-0.5460000000002765,7.8419999999996435,-0.0780000000000395,1.1202857142856633,7,2100.0,0.28,6.796428571428415,12.376665722606369,asian,Thu,4,False
1220,XAUUSDm,long,2026-05-14 13:35:00+00:00,50530,4684.78,0.1,4677.78,4694.78,7.0,close_below_lower,0.1418683367079684,0.1,4689.78,0.5,0.0,0.0,0.0,,,False,2026-05-14 13:40:00+00:00,50531,4677.78,sl,-70.0,0.0,0.0,-70.0,-1.0,-4.436999999999898,2.467000000000553,-0.6338571428571284,0.3524285714286504,1,300.0,0.28,7.0555714285713815,11.639531096977635,overlap,Thu,13,False
1221,XAUUSDm,long,2026-05-14 13:45:00+00:00,50532,4676.954,0.1,4676.954,4686.954,7.0,close_below_lower,0.4422238936682629,0.05,4681.954,0.5,0.05,4689.311,61.784999999999854,50533.0,2026-05-14 13:50:00+00:00,True,2026-05-14 13:50:00+00:00,50533,4689.311,tp,123.56999999999971,0.0,0.0,123.56999999999971,1.7652857142857101,-1.069999999999709,13.452000000000226,-0.15285714285710128,1.921714285714318,1,300.0,0.28,7.934285714285709,11.809423938734456,overlap,Thu,13,False
1222,XAUUSDm,long,2026-05-15 00:30:00+00:00,50649,4630.058,0.1,4623.058,4640.058,7.0,close_below_lower,0.8013108911148766,0.1,4635.058,0.5,0.0,0.0,0.0,,,False,2026-05-15 00:35:00+00:00,50650,4623.058,sl,-70.0,0.0,0.0,-70.0,-1.0,-7.707999999999629,0.5739999999996144,-1.1011428571428041,0.08199999999994491,1,300.0,0.28,7.785857142857302,11.608377276321686,asian,Fri,0,False
1223,XAUUSDm,long,2026-05-15 00:40:00+00:00,50651,4621.974,0.1,4621.974,4631.974,7.0,close_below_lower,0.9532323724955872,0.05,4626.974,0.5,0.05,4626.974,25.0,50652.0,2026-05-15 00:45:00+00:00,True,2026-05-15 00:50:00+00:00,50653,4621.974,be_stop,25.0,0.0,0.0,25.0,0.35714285714285715,-8.720000000000255,5.623999999999796,-1.2457142857143222,0.8034285714285423,2,600.0,0.28,8.122000000000103,11.876988360239528,asian,Fri,0,False
1224,XAUUSDm,long,2026-05-15 00:55:00+00:00,50654,4620.380999999999,0.1,4620.380999999999,4630.381,7.0,close_below_lower,0.39363239810687933,0.05,4625.381,0.5,0.05,4629.908,47.635000000004766,50655.0,2026-05-15 01:00:00+00:00,True,2026-05-15 01:00:00+00:00,50655,4630.381,tp,97.63500000000931,0.0,0.0,97.63500000000931,1.3947857142858473,-2.8859999999995125,10.100000000000364,-0.41228571428564464,1.4428571428571948,1,300.0,0.28,8.19492857142859,12.11317793034852,asian,Fri,0,False
1225,XAUUSDm,long,2026-05-15 01:10:00+00:00,50657,4610.340999999999,0.1,4610.340999999999,4620.341,7.0,close_below_lower,0.632994395625219,0.05,4615.341,0.5,0.05,4615.341,25.000000000004547,50658.0,2026-05-15 01:15:00+00:00,True,2026-05-15 01:15:00+00:00,50658,4620.341,tp,75.0000000000091,0.0,0.0,75.0000000000091,1.0714285714287013,-2.7999999999992724,5.123000000000502,-0.39999999999989605,0.7318571428572146,1,300.0,0.28,10.11907142857139,12.29340768394206,asian,Fri,1,False
1226,XAUUSDm,long,2026-05-15 01:30:00+00:00,50661,4609.36,0.1,4609.36,4619.36,7.0,close_below_lower,0.11383289594016877,0.05,4614.36,0.5,0.05,4616.198,34.19000000000324,50662.0,2026-05-15 01:35:00+00:00,True,2026-05-15 01:35:00+00:00,50662,4619.36,tp,84.19000000000324,0.0,0.0,84.19000000000324,1.202714285714332,-1.7109999999993306,7.21100000000024,-0.2444285714284758,1.0301428571428914,1,300.0,0.28,10.816928571428564,12.481802171433692,asian,Fri,1,False
1227,XAUUSDm,long,2026-05-15 05:10:00+00:00,50705,4593.583,0.1,4586.583,4603.583,7.0,close_below_lower,0.21935228786460387,0.1,4598.583,0.5,0.0,0.0,0.0,,,False,2026-05-15 05:15:00+00:00,50706,4586.583,sl,-70.0,0.0,0.0,-70.0,-1.0,-5.220999999999549,0.06700000000000728,-0.7458571428570784,0.00957142857142961,1,300.0,0.28,5.568714285714448,12.434236558902825,asian,Fri,5,False
1228,XAUUSDm,long,2026-05-15 05:20:00+00:00,50707,4583.382,0.1,4583.382,4593.382,7.0,close_below_lower,0.6449545708169959,0.05,4588.382,0.5,0.05,4588.382,25.0,50708.0,2026-05-15 05:25:00+00:00,True,2026-05-15 05:30:00+00:00,50709,4583.382,be_stop,25.0,0.0,0.0,25.0,0.35714285714285715,-2.670999999999367,6.686000000000604,-0.38157142857133813,0.9551428571429434,2,600.0,0.28,6.112214285714409,12.585855937428093,asian,Fri,5,False
1229,XAUUSDm,long,2026-05-15 05:35:00+00:00,50710,4569.916,0.1,4569.916,4579.916,7.0,close_below_lower,1.0454475861628498,0.05,4574.916,0.5,0.05,4574.916,25.0,50711.0,2026-05-15 05:40:00+00:00,True,2026-05-15 05:45:00+00:00,50712,4568.522,be_stop,18.029999999998836,0.0,0.0,18.029999999998836,0.25757142857141196,-6.231999999999971,5.711999999999534,-0.8902857142857101,0.8159999999999334,2,600.0,0.28,7.61928571428585,12.867621588414604,asian,Fri,5,False
1230,XAUUSDm,long,2026-05-15 05:50:00+00:00,50713,4564.111,0.1,4557.111,4574.111,7.0,close_below_lower,0.6927515429956919,0.1,4569.111,0.5,0.0,0.0,0.0,,,False,2026-05-15 05:55:00+00:00,50714,4557.111,sl,-70.0,0.0,0.0,-70.0,-1.0,-0.27999999999974534,9.048999999999978,-0.03999999999996362,1.2927142857142826,1,300.0,0.28,8.6519285714286,13.135985128552331,asian,Fri,5,False
1231,XAUUSDm,long,2026-05-15 06:00:00+00:00,50715,4559.076,0.1,4559.076,4569.076,7.0,close_below_lower,0.6155791034482567,0.05,4564.076,0.5,0.05,4564.076,25.0,50716.0,2026-05-15 06:05:00+00:00,True,2026-05-15 06:05:00+00:00,50716,4569.076,tp,75.0,0.0,0.0,75.0,1.0714285714285714,-2.899000000000342,6.132999999999811,-0.414142857142906,0.8761428571428301,1,300.0,0.28,9.343142857142864,13.300884867784898,asian,Fri,6,False
1232,XAUUSDm,long,2026-05-15 08:05:00+00:00,50740,4561.449,0.1,4561.449,4571.449,7.0,close_below_lower,0.025084278541805168,0.05,4566.449,0.5,0.05,4566.61,25.80500000000029,50741.0,2026-05-15 08:10:00+00:00,True,2026-05-15 08:15:00+00:00,50742,4561.449,be_stop,25.80500000000029,0.0,0.0,25.80500000000029,0.3686428571428613,-1.8369999999995343,6.093000000000757,-0.2624285714285049,0.8704285714286796,2,600.0,0.28,6.670642857142866,13.529875795541132,london,Fri,8,False
1233,XAUUSDm,long,2026-05-15 08:20:00+00:00,50743,4557.067,0.1,4550.067,4567.067,7.0,close_below_lower,0.04983211925916413,0.1,4562.067,0.5,0.0,0.0,0.0,,,False,2026-05-15 08:30:00+00:00,50745,4550.067,sl,-70.0,0.0,0.0,-70.0,-1.0,-2.9219999999995707,4.220000000000255,-0.4174285714285101,0.6028571428571793,2,600.0,0.28,7.004000000000035,13.482718560543042,london,Fri,8,False
1234,XAUUSDm,short,2026-05-15 10:55:00+00:00,50774,4568.782,0.1,4568.782,4558.782,7.0,close_above_upper,0.005040535906382587,0.05,4563.782,0.5,0.05,4564.062,23.600000000001273,50775.0,2026-05-15 11:00:00+00:00,True,2026-05-15 11:10:00+00:00,50777,4569.062,be_stop,22.200000000002547,0.0,0.0,22.200000000002547,0.31714285714289353,-1.4780000000000655,8.002999999999702,-0.21114285714286649,1.1432857142856716,3,900.0,0.28,7.873785714285792,13.827455560248534,london,Fri,10,False
1235,XAUUSDm,long,2026-05-15 13:40:00+00:00,50807,4528.8189999999995,0.1,4521.819,4538.819,7.0,close_below_lower,0.2689750244653158,0.1,4533.819,0.5,0.0,0.0,0.0,,,False,2026-05-15 13:45:00+00:00,50808,4520.068,sl,-87.50999999999294,0.0,0.0,-87.50999999999294,-1.2501428571427564,-8.89599999999973,2.305000000000291,-1.2708571428571045,0.32928571428575587,1,300.0,0.28,9.496071428571538,13.891575955252964,overlap,Fri,13,False
1236,XAUUSDm,short,2026-05-15 14:20:00+00:00,50815,4558.713,0.1,4558.713,4548.713,7.0,close_above_upper,0.3547683677306219,0.05,4553.713,0.5,0.05,4553.9929999999995,23.600000000001273,50816.0,2026-05-15 14:25:00+00:00,True,2026-05-15 14:30:00+00:00,50817,4558.9929999999995,be_stop,22.200000000002547,0.0,0.0,22.200000000002547,0.31714285714289353,-4.212000000000444,6.390999999999622,-0.6017142857143492,0.912999999999946,2,600.0,0.28,11.943357142857232,14.311912057110622,overlap,Fri,14,False
1237,XAUUSDm,long,2026-05-18 00:35:00+00:00,50926,4492.715,0.1,4485.715,4502.715,7.0,close_below_lower,1.1939635322785387,0.1,4497.715,0.5,0.0,0.0,0.0,,,False,2026-05-18 00:40:00+00:00,50927,4485.715,sl,-70.0,0.0,0.0,-70.0,-1.0,-3.342999999999847,10.5,-0.4775714285714067,1.5,1,300.0,0.28,9.689214285714181,15.540824665508126,asian,Mon,0,False
1238,XAUUSDm,long,2026-05-18 00:45:00+00:00,50928,4481.924,0.1,4481.924,4491.924,7.0,close_below_lower,1.2431361142497914,0.05,4486.924,0.5,0.05,4494.081,60.785000000000764,50929.0,2026-05-18 00:50:00+00:00,True,2026-05-18 00:50:00+00:00,50929,4494.081,tp,121.57000000000153,0.0,0.0,121.57000000000153,1.7367142857143076,-1.595999999999549,14.302999999999884,-0.22799999999993556,2.0432857142856977,1,300.0,0.28,10.894428571428437,15.884242200652993,asian,Mon,0,False
1239,XAUUSDm,long,2026-05-18 00:55:00+00:00,50930,4492.12,0.1,4485.12,4502.12,7.0,close_below_lower,0.17062086865305823,0.1,4497.12,0.5,0.0,0.0,0.0,,,False,2026-05-18 01:00:00+00:00,50931,4515.704,cross_center,235.83999999999833,0.0,0.0,235.83999999999833,3.3691428571428332,-0.7280000000000655,24.376000000000204,-0.10400000000000935,3.4822857142857435,1,300.0,0.28,11.785999999999799,16.086283352902328,asian,Mon,0,False
1240,XAUUSDm,short,2026-05-18 01:50:00+00:00,50941,4528.053,0.1,4535.053,4518.053,7.0,close_above_upper,0.31544282245744387,0.1,4523.053,0.5,0.0,0.0,0.0,,,False,2026-05-18 02:00:00+00:00,50943,4535.333,sl,-72.79999999999745,0.0,0.0,-72.79999999999745,-1.0399999999999636,-7.592999999999847,3.0659999999998035,-1.084714285714264,0.4379999999999719,2,600.0,0.28,14.046142857142772,16.380273571487116,asian,Mon,1,False
1241,XAUUSDm,short,2026-05-18 02:05:00+00:00,50944,4531.9,0.1,4538.9,4521.9,7.0,close_above_upper,0.10423698865401175,0.1,4526.9,0.5,0.0,0.0,0.0,,,False,2026-05-18 02:20:00+00:00,50947,4539.179999999999,sl,-72.79999999999745,0.0,0.0,-72.79999999999745,-1.0399999999999636,-6.756000000000313,6.245999999999185,-0.9651428571429018,0.8922857142855979,3,900.0,0.28,13.377642857142812,16.59814853107877,asian,Mon,2,False
1242,XAUUSDm,short,2026-05-18 11:45:00+00:00,51060,4562.229,0.1,4562.229,4552.229,7.0,close_above_upper,0.1623881558641115,0.05,4557.229,0.5,0.05,4555.75,32.395000000001346,51061.0,2026-05-18 11:50:00+00:00,True,2026-05-18 11:50:00+00:00,51061,4552.509,tp,80.99500000000262,0.0,0.0,80.99500000000262,1.157071428571466,-2.3809999999994034,7.140000000000327,-0.3401428571427719,1.0200000000000469,1,300.0,0.28,7.500928571428631,17.0006426845563,london,Mon,11,False
1243,XAUUSDm,long,2026-05-19 13:05:00+00:00,51352,4523.835999999999,0.1,4516.836,4533.836,7.0,close_below_lower,0.01028980143904837,0.1,4528.836,0.5,0.0,0.0,0.0,,,False,2026-05-19 13:15:00+00:00,51354,4516.836,sl,-69.9999999999909,0.0,0.0,-69.9999999999909,-0.9999999999998701,-9.162999999999556,2.585000000000946,-1.3089999999999367,0.3692857142858494,2,600.0,0.28,6.702714285714332,14.738828366196,overlap,Tue,13,False
1244,XAUUSDm,long,2026-05-19 13:20:00+00:00,51355,4517.572999999999,0.1,4510.573,4527.573,7.0,close_below_lower,0.09050919383063377,0.1,4522.573,0.5,0.0,0.0,0.0,,,False,2026-05-19 13:25:00+00:00,51356,4505.085,sl,-124.87999999999374,0.0,0.0,-124.87999999999374,-1.7839999999999105,-14.034999999999854,2.173000000000684,-2.004999999999979,0.31042857142866914,1,300.0,0.28,7.03821428571434,14.815207160960515,overlap,Tue,13,False
1245,XAUUSDm,long,2026-05-19 13:30:00+00:00,51357,4492.514,0.1,4485.514,4502.514,7.0,close_below_lower,1.2420287203474425,0.1,4497.514,0.5,0.0,0.0,0.0,,,False,2026-05-19 13:35:00+00:00,51358,4481.647,sl,-108.67000000000189,0.0,0.0,-108.67000000000189,-1.5524285714285984,-28.14100000000053,3.238999999999578,-4.020142857142933,0.4627142857142254,1,300.0,0.28,8.334357142857177,15.100032795618551,overlap,Tue,13,False
1246,XAUUSDm,long,2026-05-19 13:40:00+00:00,51359,4483.356,0.1,4476.356,4493.356,7.0,close_below_lower,1.1293231050583006,0.1,4488.356,0.5,0.0,0.0,0.0,,,False,2026-05-19 13:45:00+00:00,51360,4476.32,sl,-70.36000000000058,0.0,0.0,-70.36000000000058,-1.0051428571428656,-13.333999999999833,0.11599999999998545,-1.904857142857119,0.016571428571426492,1,300.0,0.28,11.08578571428578,15.506813283834635,overlap,Tue,13,False
1247,XAUUSDm,long,2026-05-19 13:50:00+00:00,51361,4481.293,0.1,4481.293,4491.293,7.0,close_below_lower,0.6038484800508397,0.05,4486.293,0.5,0.05,4504.408,115.57500000000346,51362.0,2026-05-19 13:55:00+00:00,True,2026-05-19 13:55:00+00:00,51362,4504.408,tp,231.1500000000069,0.0,0.0,231.1500000000069,3.302142857142956,-1.4919999999992797,23.998000000000502,-0.21314285714275424,3.428285714285786,1,300.0,0.28,11.873857142857235,15.85534519246297,overlap,Tue,13,False
1248,XAUUSDm,long,2026-05-20 01:30:00+00:00,51489,4474.012,0.1,4467.012,4484.012,7.0,close_below_lower,0.42977590343341554,0.1,4479.012,0.5,0.0,0.0,0.0,,,False,2026-05-20 01:35:00+00:00,51490,4467.012,sl,-70.0,0.0,0.0,-70.0,-1.0,-6.402000000000044,2.8890000000001237,-0.9145714285714348,0.4127142857143034,1,300.0,0.28,8.685142857142832,14.070224605152248,asian,Wed,1,False
1249,XAUUSDm,long,2026-05-20 01:40:00+00:00,51491,4468.134,0.1,4468.134,4478.134,7.0,close_below_lower,0.48591015162576406,0.05,4473.134,0.5,0.05,4473.134,25.0,51492.0,2026-05-20 01:45:00+00:00,True,2026-05-20 01:50:00+00:00,51493,4478.134,tp,75.0,0.0,0.0,75.0,1.0714285714285714,-6.5770000000002256,5.5460000000002765,-0.9395714285714608,0.7922857142857538,2,600.0,0.28,8.995357142857106,14.219880192348239,asian,Wed,1,False
1250,XAUUSDm,long,2026-05-20 02:45:00+00:00,51504,4461.123,0.1,4461.123,4471.123,7.0,close_below_lower,0.10507629803358229,0.05,4466.123,0.5,0.05,4466.123,25.0,51505.0,2026-05-20 02:50:00+00:00,True,2026-05-20 02:55:00+00:00,51506,4461.123,be_stop,25.0,0.0,0.0,25.0,0.35714285714285715,-1.714999999999236,5.0770000000002256,-0.24499999999989086,0.7252857142857465,2,600.0,0.28,9.404428571428591,14.478958438180118,asian,Wed,2,False
1251,XAUUSDm,short,2026-05-20 14:25:00+00:00,51644,4502.899,0.1,4509.899,4492.899,7.0,close_above_upper,0.010219388379970402,0.1,4497.899,0.5,0.0,0.0,0.0,,,False,2026-05-20 14:30:00+00:00,51645,4510.179,sl,-72.79999999999745,0.0,0.0,-72.79999999999745,-1.0399999999999636,-4.085000000000036,3.7960000000002765,-0.5835714285714337,0.5422857142857538,1,300.0,0.28,8.746857142857086,13.509534498647726,overlap,Wed,14,False
1252,XAUUSDm,short,2026-05-20 14:35:00+00:00,51646,4524.717,0.1,4524.717,4514.717,7.0,close_above_upper,1.2504240979493966,0.05,4519.717,0.5,0.05,4519.996999999999,23.600000000001273,51647.0,2026-05-20 14:40:00+00:00,True,2026-05-20 14:50:00+00:00,51649,4524.996999999999,be_stop,22.200000000002547,0.0,0.0,22.200000000002547,0.31714285714289353,-2.3350000000000364,9.344000000000051,-0.3335714285714338,1.33485714285715,3,900.0,0.28,9.974071428571408,13.759521170656328,overlap,Wed,14,False
1253,XAUUSDm,short,2026-05-20 14:55:00+00:00,51650,4529.484,0.1,4529.484,4519.484,7.0,close_above_upper,0.6515782971413377,0.05,4524.484,0.5,0.05,4524.764,23.600000000001273,51652.0,2026-05-20 15:05:00+00:00,True,2026-05-20 15:15:00+00:00,51654,4529.764,be_stop,22.200000000002547,0.0,0.0,22.200000000002547,0.31714285714289353,-7.78899999999976,6.227000000000771,-1.1127142857142513,0.8895714285715387,4,1200.0,0.28,10.562785714285708,14.063988474469294,overlap,Wed,14,False
1254,XAUUSDm,short,2026-05-20 15:20:00+00:00,51655,4543.121,0.1,4543.121,4533.121,7.0,close_above_upper,0.5933525261296239,0.05,4538.121,0.5,0.05,4536.516,33.025000000002365,51656.0,2026-05-20 15:25:00+00:00,True,2026-05-20 15:25:00+00:00,51656,4533.401,tp,81.62500000000364,0.0,0.0,81.62500000000364,1.1660714285714806,-2.043999999999869,7.5789999999997235,-0.2919999999999813,1.0827142857142462,1,300.0,0.28,12.642285714285793,14.373737338392647,overlap,Wed,15,False
1255,XAUUSDm,short,2026-05-21 01:15:00+00:00,51762,4559.757,0.1,4566.757,4549.757,7.0,close_above_upper,0.03731205744191286,0.1,4554.757,0.5,0.0,0.0,0.0,,,False,2026-05-21 01:20:00+00:00,51763,4567.036999999999,sl,-72.79999999999745,0.0,0.0,-72.79999999999745,-1.0399999999999636,-1.818000000000211,1.6329999999998108,-0.2597142857143159,0.23328571428568726,1,300.0,0.28,6.330428571428456,13.120750681204056,asian,Thu,1,False
1256,XAUUSDm,short,2026-05-21 01:25:00+00:00,51764,4564.951,0.1,4564.951,4554.951,7.0,close_above_upper,0.15294351399479444,0.05,4559.951,0.5,0.05,4560.231,23.600000000001273,51769.0,2026-05-21 01:50:00+00:00,True,2026-05-21 02:05:00+00:00,51772,4557.415,cross_center,61.280000000001564,0.0,0.0,61.280000000001564,0.8754285714285938,-6.067000000000007,8.105000000000473,-0.8667142857142868,1.1578571428572104,8,2400.0,0.28,6.777428571428443,13.265063681543918,asian,Thu,1,False
1257,XAUUSDm,long,2026-05-21 02:30:00+00:00,51777,4540.603999999999,0.1,4533.604,4550.604,7.0,close_below_lower,0.11349675092041228,0.1,4545.604,0.5,0.0,0.0,0.0,,,False,2026-05-21 02:45:00+00:00,51780,4533.604,sl,-69.9999999999909,0.0,0.0,-69.9999999999909,-0.9999999999998701,-6.835999999999331,1.8620000000009895,-0.976571428571333,0.26600000000014135,3,900.0,0.28,6.062571428571248,13.528334584376074,asian,Thu,2,False
1258,XAUUSDm,long,2026-05-21 10:30:00+00:00,51873,4518.259,0.1,4511.259,4528.259,7.0,close_below_lower,0.07569536999705108,0.1,4523.259,0.5,0.0,0.0,0.0,,,False,2026-05-21 10:35:00+00:00,51874,4511.259,sl,-70.0,0.0,0.0,-70.0,-1.0,-10.152000000000044,0.20200000000022555,-1.4502857142857206,0.02885714285717508,1,300.0,0.28,5.810357142857161,13.068347244364897,london,Thu,10,False
1259,XAUUSDm,long,2026-05-21 10:40:00+00:00,51875,4509.218,0.1,4509.218,4519.218,7.0,close_below_lower,0.4263193900555274,0.05,4514.218,0.5,0.05,4516.867,38.24500000000171,51876.0,2026-05-21 10:45:00+00:00,True,2026-05-21 11:00:00+00:00,51879,4519.218,tp,88.24500000000171,0.0,0.0,88.24500000000171,1.2606428571428816,-4.462999999999738,8.92200000000048,-0.6375714285713912,1.274571428571497,4,1200.0,0.28,6.62192857142866,13.231908488398073,london,Thu,10,False
1260,XAUUSDm,short,2026-05-21 13:55:00+00:00,51914,4517.827,0.1,4517.827,4507.827,7.0,close_above_upper,0.11806154077593864,0.05,4512.827,0.5,0.05,4513.107,23.600000000001273,51915.0,2026-05-21 14:00:00+00:00,True,2026-05-21 14:00:00+00:00,51915,4508.107,tp,72.20000000000255,0.0,0.0,72.20000000000255,1.0314285714286078,-2.9399999999996,5.936000000000604,-0.4199999999999428,0.8480000000000862,1,300.0,0.28,9.175214285714251,13.575400801560102,overlap,Thu,13,False
1261,XAUUSDm,short,2026-05-21 17:20:00+00:00,51955,4535.113,0.1,4542.113,4525.113,7.0,close_above_upper,0.13111480385382454,0.1,4530.113,0.5,0.0,0.0,0.0,,,False,2026-05-21 17:25:00+00:00,51956,4542.393,sl,-72.79999999999745,0.0,0.0,-72.79999999999745,-1.0399999999999636,-11.179999999999382,1.8330000000005384,-1.5971428571427688,0.2618571428572198,1,300.0,0.28,5.103071428571378,13.6727599413563,newyork,Thu,17,False
1262,XAUUSDm,short,2026-05-21 17:30:00+00:00,51957,4541.409,0.1,4548.409,4531.409,7.0,close_above_upper,0.27464124078630464,0.1,4536.409,0.5,0.0,0.0,0.0,,,False,2026-05-21 17:45:00+00:00,51960,4548.688999999999,sl,-72.79999999999745,0.0,0.0,-72.79999999999745,-1.0399999999999636,-7.727000000000771,2.576000000000022,-1.103857142857253,0.3680000000000031,3,900.0,0.28,5.833642857142812,13.869344125317348,newyork,Thu,17,False
1263,XAUUSDm,short,2026-05-21 17:50:00+00:00,51961,4552.985,0.1,4552.985,4542.985,7.0,close_above_upper,0.37284628934259445,0.05,4547.985,0.5,0.05,4548.264999999999,23.600000000001273,51963.0,2026-05-21 18:00:00+00:00,True,2026-05-21 18:35:00+00:00,51970,4543.264999999999,tp,72.20000000000255,0.0,0.0,72.20000000000255,1.0314285714286078,-6.335000000000036,9.938999999999396,-0.9050000000000052,1.4198571428570566,9,2700.0,0.28,7.049642857142901,14.238195270795604,newyork,Thu,17,False
1264,XAUUSDm,long,2026-05-21 18:55:00+00:00,51974,4527.897,0.1,4527.897,4537.897,7.0,close_below_lower,0.12260565288793285,0.05,4532.897,0.5,0.05,4532.897,25.0,51975.0,2026-05-21 19:00:00+00:00,True,2026-05-21 19:15:00+00:00,51978,4537.897,tp,75.0,0.0,0.0,75.0,1.0714285714285714,-0.5869999999995343,9.947000000000116,-0.08385714285707634,1.4210000000000167,4,1200.0,0.28,6.968214285714112,14.467694101509798,newyork,Thu,18,False
1265,XAUUSDm,long,2026-05-22 06:00:00+00:00,52095,4511.558,0.1,4511.558,4521.558,7.0,close_below_lower,0.2635804338389292,0.05,4516.558,0.5,0.05,4518.651,35.464999999999236,52096.0,2026-05-22 06:05:00+00:00,True,2026-05-22 06:05:00+00:00,52096,4521.558,tp,85.46499999999924,0.0,0.0,85.46499999999924,1.2209285714285605,-1.5270000000000437,7.552999999999884,-0.21814285714286338,1.0789999999999833,1,300.0,0.28,4.935357142857031,12.863402520768199,asian,Fri,6,False
1266,XAUUSDm,long,2026-05-22 10:45:00+00:00,52152,4512.852,0.1,4505.852,4522.852,7.0,close_below_lower,0.09991901349406489,0.1,4517.852,0.5,0.0,0.0,0.0,,,False,2026-05-22 11:35:00+00:00,52162,4517.031,cross_center,41.79000000000087,0.0,0.0,41.79000000000087,0.5970000000000125,-2.7929999999996653,4.529000000000451,-0.39899999999995217,0.6470000000000644,10,3000.0,0.28,4.980071428571266,11.654623160921304,london,Fri,10,False
1267,XAUUSDm,short,2026-05-22 12:20:00+00:00,52171,4532.927,0.1,4532.927,4522.927,7.0,close_above_upper,0.02768241730774734,0.05,4527.927,0.5,0.05,4527.781,25.729999999998654,52172.0,2026-05-22 12:25:00+00:00,True,2026-05-22 12:25:00+00:00,52172,4523.206999999999,tp,74.32999999999993,0.0,0.0,74.32999999999993,1.0618571428571417,-1.3010000000003856,8.463999999999942,-0.18585714285719795,1.2091428571428489,1,300.0,0.28,4.6537857142855374,11.536010086292205,overlap,Fri,12,False
1268,XAUUSDm,long,2026-05-22 14:15:00+00:00,52194,4498.07,0.1,4498.07,4508.07,7.0,close_below_lower,0.47639701626200864,0.05,4503.07,0.5,0.05,4503.07,25.0,52198.0,2026-05-22 14:35:00+00:00,True,2026-05-22 15:05:00+00:00,52204,4505.508,cross_center,62.19000000000051,0.0,0.0,62.19000000000051,0.8884285714285787,-6.532000000000153,9.184000000000196,-0.9331428571428789,1.312000000000028,10,3000.0,0.28,7.881642857142846,11.996088206633846,overlap,Fri,14,False
1269,XAUUSDm,short,2026-05-24 22:05:00+00:00,52276,4551.126,0.1,4558.126,4541.126,7.0,close_above_upper,2.2269313423098924,0.1,4546.126,0.5,0.0,0.0,0.0,,,False,2026-05-24 22:30:00+00:00,52281,4558.406,sl,-72.79999999999745,0.0,0.0,-72.79999999999745,-1.0399999999999636,-6.360999999999876,2.4650000000001455,-0.908714285714268,0.3521428571428779,5,1500.0,0.36,5.5549285714285235,12.26351134475656,rollover,Sun,22,False
1270,XAUUSDm,short,2026-05-24 22:35:00+00:00,52282,4558.577,0.1,4565.577,4548.577,7.0,close_above_upper,0.8066462376114963,0.1,4553.577,0.5,0.0,0.0,0.0,,,False,2026-05-24 23:00:00+00:00,52287,4565.857,sl,-72.79999999999745,0.0,0.0,-72.79999999999745,-1.0399999999999636,-6.88799999999992,2.0140000000001237,-0.9839999999999886,0.2877142857143034,5,1500.0,0.28,7.209142857142784,12.79227724486974,rollover,Sun,22,False
1271,XAUUSDm,short,2026-05-24 23:05:00+00:00,52288,4568.103,0.1,4575.103,4558.103,7.0,close_above_upper,0.12827415691099595,0.1,4563.103,0.5,0.0,0.0,0.0,,,False,2026-05-24 23:10:00+00:00,52289,4575.383,sl,-72.79999999999745,0.0,0.0,-72.79999999999745,-1.0399999999999636,-5.944999999999709,0.5290000000004511,-0.8492857142856727,0.07557142857149302,1,300.0,0.28,7.617142857142816,13.196370067417206,rollover,Sun,23,False
1272,XAUUSDm,short,2026-05-24 23:15:00+00:00,52290,4574.298,0.1,4574.298,4564.298,7.0,close_above_upper,0.14243410549592872,0.05,4569.298,0.5,0.05,4569.5779999999995,23.600000000001273,52298.0,2026-05-24 23:55:00+00:00,True,2026-05-25 00:00:00+00:00,52299,4567.406,cross_center,58.0600000000004,0.0,0.0,58.0600000000004,0.8294285714285772,-5.686000000000604,8.609999999999673,-0.8122857142858005,1.2299999999999531,9,2700.0,0.28,5.0289999999999315,13.350478360641851,rollover,Sun,23,False
1273,XAUUSDm,long,2026-05-25 12:15:00+00:00,52446,4556.344,0.1,4556.344,4566.344,7.0,close_below_lower,0.013468716907732945,0.05,4561.344,0.5,0.05,4561.344,25.0,52449.0,2026-05-25 12:30:00+00:00,True,2026-05-25 12:35:00+00:00,52450,4566.344,tp,75.0,0.0,0.0,75.0,1.0714285714285714,-3.6829999999999927,7.66399999999976,-0.5261428571428561,1.0948571428571086,4,1200.0,0.28,3.777071428571357,12.292528403969659,overlap,Mon,12,False
1274,XAUUSDm,long,2026-05-25 23:35:00+00:00,52540,4561.072,0.1,4554.072,4571.072,7.0,close_below_lower,0.07226939288452863,0.1,4566.072,0.5,0.0,0.0,0.0,,,False,2026-05-26 00:00:00+00:00,52545,4554.072,sl,-70.0,0.0,0.0,-70.0,-1.0,-6.081000000000131,1.9089999999996508,-0.8687142857143044,0.27271428571423584,5,1500.0,0.28,3.776499999999877,11.302358455529244,rollover,Mon,23,False
1275,XAUUSDm,long,2026-05-26 00:05:00+00:00,52546,4550.919,0.1,4543.919,4560.919,7.0,close_below_lower,0.21649339197961415,0.1,4555.919,0.5,0.0,0.0,0.0,,,False,2026-05-26 00:15:00+00:00,52548,4543.919,sl,-70.0,0.0,0.0,-70.0,-1.0,-2.787999999999556,2.1149999999997817,-0.3982857142856509,0.30214285714282596,2,600.0,0.28,5.263571428571335,11.548982543474443,asian,Tue,0,False
1276,XAUUSDm,long,2026-05-26 00:20:00+00:00,52549,4546.329,0.1,4546.329,4556.329,7.0,close_below_lower,0.13727669545024843,0.05,4551.329,0.5,0.05,4551.329,25.0,52551.0,2026-05-26 00:30:00+00:00,True,2026-05-26 00:35:00+00:00,52552,4546.329,be_stop,25.0,0.0,0.0,25.0,0.35714285714285715,-5.041999999999462,6.550000000000182,-0.7202857142856374,0.9357142857143117,3,900.0,0.28,6.198142857142751,11.735843390220731,asian,Tue,0,False
1277,XAUUSDm,long,2026-05-26 01:40:00+00:00,52565,4530.315,0.1,4530.315,4540.315,7.0,close_below_lower,0.16980305847671645,0.05,4535.315,0.5,0.05,4535.315,25.0,52567.0,2026-05-26 01:50:00+00:00,True,2026-05-26 02:15:00+00:00,52572,4538.35,cross_center,65.17500000000382,0.0,0.0,65.17500000000382,0.9310714285714832,-2.1809999999995853,9.24200000000019,-0.3115714285713693,1.3202857142857414,7,2100.0,0.28,6.162642857142795,12.064282982687764,asian,Tue,1,False
1278,XAUUSDm,short,2026-05-26 10:35:00+00:00,52672,4538.513,0.1,4538.513,4528.513,7.0,close_above_upper,0.07804082540892492,0.05,4533.513,0.5,0.05,4533.793,23.600000000001273,52673.0,2026-05-26 10:40:00+00:00,True,2026-05-26 10:50:00+00:00,52675,4538.793,be_stop,22.200000000002547,0.0,0.0,22.200000000002547,0.31714285714289353,0.0,7.069999999999709,0.0,1.0099999999999585,3,900.0,0.28,5.180642857143019,11.85886614797521,london,Tue,10,False
1279,XAUUSDm,long,2026-05-26 11:40:00+00:00,52685,4511.197,0.1,4504.197,4521.197,7.0,close_below_lower,0.4298598429337843,0.1,4516.197,0.5,0.0,0.0,0.0,,,False,2026-05-26 11:55:00+00:00,52688,4504.197,sl,-70.0,0.0,0.0,-70.0,-1.0,-6.846999999999753,4.395999999999731,-0.9781428571428218,0.6279999999999616,3,900.0,0.28,4.867214285714259,12.089335926964903,london,Tue,11,False
1280,XAUUSDm,long,2026-05-26 12:00:00+00:00,52689,4507.215999999999,0.1,4507.215999999999,4517.216,7.0,close_below_lower,0.10511005745725993,0.05,4512.216,0.5,0.05,4512.216,25.000000000004547,52690.0,2026-05-26 12:05:00+00:00,True,2026-05-26 12:25:00+00:00,52694,4507.215999999999,be_stop,25.000000000004547,0.0,0.0,25.000000000004547,0.3571428571429221,-2.683999999999287,8.597000000000662,-0.3834285714284696,1.2281428571429518,5,1500.0,0.28,5.623214285714312,12.273632383869902,overlap,Tue,12,False
1281,XAUUSDm,short,2026-05-26 23:45:00+00:00,52818,4526.746,0.1,4526.746,4516.746,7.0,close_above_upper,0.5043101821502282,0.05,4521.746,0.5,0.05,4521.545999999999,26.000000000003638,52819.0,2026-05-26 23:50:00+00:00,True,2026-05-27 00:20:00+00:00,52825,4517.026,tp,74.60000000000491,0.0,0.0,74.60000000000491,1.0657142857143558,-1.1959999999999127,9.359000000000378,-0.17085714285713038,1.3370000000000541,7,2100.0,0.28,4.7500714285713785,10.531953720700372,rollover,Tue,23,False
1282,XAUUSDm,short,2026-05-27 04:50:00+00:00,52879,4516.38,0.1,4516.38,4506.38,7.0,close_above_upper,0.14015591421561482,0.05,4511.38,0.5,0.05,4511.66,23.600000000001273,52880.0,2026-05-27 04:55:00+00:00,True,2026-05-27 05:15:00+00:00,52884,4506.66,tp,72.20000000000255,0.0,0.0,72.20000000000255,1.0314285714286078,-0.7290000000002692,8.206000000000131,-0.1041428571428956,1.172285714285733,5,1500.0,0.28,3.828714285714341,11.003936165071748,asian,Wed,4,False
1283,XAUUSDm,long,2026-05-27 05:45:00+00:00,52890,4493.848,0.1,4493.848,4503.848,7.0,close_below_lower,0.007139532698082083,0.05,4498.848,0.5,0.05,4498.848,25.0,52891.0,2026-05-27 05:50:00+00:00,True,2026-05-27 06:00:00+00:00,52893,4493.848,be_stop,25.0,0.0,0.0,25.0,0.35714285714285715,-2.030999999999949,8.484999999999673,-0.2901428571428499,1.2121428571428103,3,900.0,0.28,5.54971428571415,11.133195860304692,asian,Wed,5,False
1284,XAUUSDm,long,2026-05-27 10:40:00+00:00,52949,4463.998,0.1,4456.998,4473.998,7.0,close_below_lower,0.6391017286646953,0.1,4468.998,0.5,0.0,0.0,0.0,,,False,2026-05-27 10:45:00+00:00,52950,4456.998,sl,-70.0,0.0,0.0,-70.0,-1.0,-1.2849999999998545,5.9350000000004,-0.1835714285714078,0.8478571428572,1,300.0,0.28,4.50264285714294,11.473395809266602,london,Wed,10,False
1285,XAUUSDm,long,2026-05-27 10:50:00+00:00,52951,4448.855,0.1,4441.855,4458.855,7.0,close_below_lower,1.4174824585521828,0.1,4453.855,0.5,0.0,0.0,0.0,,,False,2026-05-27 11:20:00+00:00,52957,4441.855,sl,-70.0,0.0,0.0,-70.0,-1.0,-6.332999999999629,4.2940000000007785,-0.9047142857142327,0.6134285714286827,6,1800.0,0.28,6.241642857142908,11.70457423294923,london,Wed,10,False
1286,XAUUSDm,long,2026-05-27 11:30:00+00:00,52959,4441.2339999999995,0.1,4434.234,4451.234,7.0,close_below_lower,0.14826688803177487,0.1,4446.234,0.5,0.0,0.0,0.0,,,False,2026-05-27 11:50:00+00:00,52963,4434.234,sl,-69.9999999999909,0.0,0.0,-69.9999999999909,-0.9999999999998701,-9.083999999999833,3.467000000000553,-1.2977142857142618,0.49528571428579327,4,1200.0,0.28,8.19500000000023,12.381537155038616,london,Wed,11,False
1287,XAUUSDm,long,2026-05-27 12:00:00+00:00,52965,4428.884999999999,0.1,4428.884999999999,4438.885,7.0,close_below_lower,0.1604265055149323,0.05,4433.885,0.5,0.05,4434.51,28.125000000004547,52966.0,2026-05-27 12:05:00+00:00,True,2026-05-27 12:10:00+00:00,52967,4428.884999999999,be_stop,28.125000000004547,0.0,0.0,28.125000000004547,0.40178571428577925,-0.7069999999994252,8.558000000000902,-0.10099999999991789,1.2225714285715574,2,600.0,0.28,7.322642857143039,12.734526987902012,overlap,Wed,12,False
1288,XAUUSDm,short,2026-05-27 12:25:00+00:00,52970,4454.721,0.1,4454.721,4444.721,7.0,close_above_upper,0.11232859059076042,0.05,4449.721,0.5,0.05,4450.000999999999,23.600000000001273,52971.0,2026-05-27 12:30:00+00:00,True,2026-05-27 12:35:00+00:00,52972,4445.000999999999,tp,72.20000000000255,0.0,0.0,72.20000000000255,1.0314285714286078,-6.281000000000859,9.341999999999643,-0.8972857142858369,1.3345714285713777,2,600.0,0.28,9.696571428571392,12.943139927760178,overlap,Wed,12,False
1289,XAUUSDm,long,2026-05-27 13:10:00+00:00,52979,4414.75,0.1,4414.75,4424.75,7.0,close_below_lower,0.9530352007255112,0.05,4419.75,0.5,0.05,4419.75,25.0,52980.0,2026-05-27 13:15:00+00:00,True,2026-05-27 13:20:00+00:00,52981,4411.521,be_stop,8.854999999998654,0.0,0.0,8.854999999998654,0.12649999999998077,-5.171999999999571,6.417000000000371,-0.7388571428570815,0.9167142857143388,2,600.0,0.28,11.495714285714191,13.3116868807255,overlap,Wed,13,False
1290,XAUUSDm,long,2026-05-27 13:25:00+00:00,52982,4416.687,0.1,4409.687,4426.687,7.0,close_below_lower,0.1955694150154577,0.1,4421.687,0.5,0.0,0.0,0.0,,,False,2026-05-27 13:30:00+00:00,52983,4404.981,sl,-117.06000000000131,0.0,0.0,-117.06000000000131,-1.672285714285733,-15.407999999999447,2.5399999999999636,-2.201142857142778,0.36285714285713766,1,300.0,0.28,12.406857142857072,13.655276728122814,overlap,Wed,13,False
1291,XAUUSDm,short,2026-05-27 14:10:00+00:00,52991,4444.114,0.1,4451.114,4434.114,7.0,close_above_upper,0.2881998603650369,0.1,4439.114,0.5,0.0,0.0,0.0,,,False,2026-05-27 14:15:00+00:00,52992,4451.393999999999,sl,-72.79999999999745,0.0,0.0,-72.79999999999745,-1.0399999999999636,-11.469000000000051,1.1219999999993888,-1.6384285714285787,0.16028571428562696,1,300.0,0.28,12.518857142857152,14.053848415037882,overlap,Wed,14,False
1292,XAUUSDm,short,2026-05-27 14:20:00+00:00,52993,4450.982,0.1,4450.982,4440.982,7.0,close_above_upper,0.4275671609595227,0.05,4445.982,0.5,0.05,4444.639,31.714999999999236,52994.0,2026-05-27 14:25:00+00:00,True,2026-05-27 14:25:00+00:00,52994,4441.262,tp,80.31500000000051,0.0,0.0,80.31500000000051,1.14735714285715,-4.2830000000003565,8.166000000000167,-0.6118571428571938,1.1665714285714526,1,300.0,0.28,11.61928571428572,14.287034399972459,overlap,Wed,14,False
1293,XAUUSDm,long,2026-05-28 01:25:00+00:00,53114,4431.5869999999995,0.1,4424.587,4441.587,7.0,close_below_lower,0.010367995842770636,0.1,4436.587,0.5,0.0,0.0,0.0,,,False,2026-05-28 01:30:00+00:00,53115,4419.219,sl,-123.67999999999483,0.0,0.0,-123.67999999999483,-1.766857142857069,-14.45299999999952,0.0,-2.064714285714217,0.0,1,300.0,0.28,6.759499999999987,13.882700815976001,asian,Thu,1,False
1294,XAUUSDm,long,2026-05-28 01:35:00+00:00,53116,4425.366,0.1,4418.366,4435.366,7.0,close_below_lower,0.08860421010074435,0.1,4430.366,0.5,0.0,0.0,0.0,,,False,2026-05-28 01:40:00+00:00,53117,4418.366,sl,-70.0,0.0,0.0,-70.0,-1.0,-4.713999999999942,1.206000000000131,-0.6734285714285632,0.172285714285733,1,300.0,0.28,6.9812857142856695,14.083728386825856,asian,Thu,1,False
1295,XAUUSDm,long,2026-05-28 01:45:00+00:00,53118,4418.09,0.1,4411.09,4428.09,7.0,close_below_lower,0.2667231512526971,0.1,4423.09,0.5,0.0,0.0,0.0,,,False,2026-05-28 01:50:00+00:00,53119,4411.09,sl,-70.0,0.0,0.0,-70.0,-1.0,-1.9210000000002765,2.231999999999971,-0.27442857142861093,0.3188571428571387,1,300.0,0.28,7.184357142857087,14.26222889412988,asian,Thu,1,False
1296,XAUUSDm,long,2026-05-28 01:55:00+00:00,53120,4409.514,0.1,4402.514,4419.514,7.0,close_below_lower,0.43343788876778,0.1,4414.514,0.5,0.0,0.0,0.0,,,False,2026-05-28 02:10:00+00:00,53123,4402.514,sl,-70.0,0.0,0.0,-70.0,-1.0,-6.895000000000437,3.2299999999995634,-0.9850000000000624,0.46142857142850907,3,900.0,0.28,7.874999999999935,14.462745629032785,asian,Thu,1,False
1297,XAUUSDm,long,2026-05-28 02:15:00+00:00,53124,4402.791,0.1,4402.791,4412.791,7.0,close_below_lower,0.10610610425028104,0.05,4407.791,0.5,0.05,4407.791,25.0,53126.0,2026-05-28 02:25:00+00:00,True,2026-05-28 02:40:00+00:00,53129,4402.791,be_stop,25.0,0.0,0.0,25.0,0.35714285714285715,-3.144000000000233,7.41399999999976,-0.44914285714289043,1.0591428571428227,5,1500.0,0.28,8.261214285714297,14.840877545202373,asian,Thu,2,False
1298,XAUUSDm,long,2026-05-28 03:40:00+00:00,53141,4374.526,0.1,4374.526,4384.526,7.0,close_below_lower,0.11151922039572765,0.05,4379.526,0.5,0.05,4379.526,25.0,53146.0,2026-05-28 04:05:00+00:00,True,2026-05-28 04:15:00+00:00,53148,4374.526,be_stop,25.0,0.0,0.0,25.0,0.35714285714285715,-6.248999999999796,7.469000000000051,-0.8927142857142566,1.0670000000000073,7,2100.0,0.28,6.752357142857298,15.546890514938447,asian,Thu,3,False
1299,XAUUSDm,short,2026-05-28 12:50:00+00:00,53251,4409.572,0.1,4416.572,4399.572,7.0,close_above_upper,0.15246445917882567,0.1,4404.572,0.5,0.0,0.0,0.0,,,False,2026-05-28 12:55:00+00:00,53252,4420.692,sl,-111.19999999999891,0.0,0.0,-111.19999999999891,-1.588571428571413,-12.07300000000032,0.6130000000002838,-1.7247142857143314,0.08757142857146911,1,300.0,0.28,6.166928571428798,15.146810889871073,overlap,Thu,12,False
1300,XAUUSDm,short,2026-05-28 13:00:00+00:00,53253,4432.019,0.1,4439.019,4422.019,7.0,close_above_upper,1.1135193250845192,0.1,4427.019,0.5,0.0,0.0,0.0,,,False,2026-05-28 13:05:00+00:00,53254,4439.299,sl,-72.79999999999745,0.0,0.0,-72.79999999999745,-1.0399999999999636,-4.4780000000000655,3.4210000000002765,-0.6397142857142951,0.48871428571432524,1,300.0,0.28,7.423142857143181,15.477298520023762,overlap,Thu,13,False
1301,XAUUSDm,short,2026-05-28 13:10:00+00:00,53255,4426.446,0.1,4433.446,4416.446,7.0,close_above_upper,0.2719733485483145,0.1,4421.446,0.5,0.0,0.0,0.0,,,False,2026-05-28 13:20:00+00:00,53257,4433.726,sl,-72.79999999999745,0.0,0.0,-72.79999999999745,-1.0399999999999636,-5.686999999999898,1.5489999999999782,-0.8124285714285568,0.22128571428571117,2,600.0,0.28,8.287857142857515,15.747268452464542,overlap,Thu,13,False
1302,XAUUSDm,short,2026-05-28 14:15:00+00:00,53268,4464.16,0.1,4464.16,4454.16,7.0,close_above_upper,1.1012930388617932,0.05,4459.16,0.5,0.05,4459.44,23.600000000001273,53269.0,2026-05-28 14:20:00+00:00,True,2026-05-28 14:20:00+00:00,53269,4454.44,tp,72.20000000000255,0.0,0.0,72.20000000000255,1.0314285714286078,-9.457000000000335,12.71599999999944,-1.3510000000000477,1.8165714285713486,1,300.0,0.28,11.145357142857003,16.092379477843835,overlap,Thu,14,False
1303,XAUUSDm,short,2026-05-28 14:25:00+00:00,53270,4461.35,0.1,4461.35,4451.35,7.0,close_above_upper,0.4529640232486203,0.05,4456.35,0.5,0.05,4456.63,23.600000000001273,53271.0,2026-05-28 14:30:00+00:00,True,2026-05-28 14:40:00+00:00,53273,4461.63,be_stop,22.200000000002547,0.0,0.0,22.200000000002547,0.31714285714289353,-6.471999999999753,8.728000000000065,-0.9245714285713932,1.2468571428571522,3,900.0,0.28,12.249499999999832,16.398086198076015,overlap,Thu,14,False
1304,XAUUSDm,short,2026-05-28 14:45:00+00:00,53274,4468.772,0.1,4475.772,4458.772,7.0,close_above_upper,0.19425892185253282,0.1,4463.772,0.5,0.0,0.0,0.0,,,False,2026-05-28 14:50:00+00:00,53275,4476.052,sl,-72.79999999999745,0.0,0.0,-72.79999999999745,-1.0399999999999636,-11.747000000000298,2.5659999999998035,-1.6781428571428998,0.3665714285714005,1,300.0,0.28,12.764857142856922,16.72313866348852,overlap,Thu,14,False
1305,XAUUSDm,short,2026-05-28 16:25:00+00:00,53294,4501.861,0.1,4508.861,4491.861,7.0,close_above_upper,0.07963932296336612,0.1,4496.861,0.5,0.0,0.0,0.0,,,False,2026-05-28 16:50:00+00:00,53299,4509.141,sl,-72.79999999999745,0.0,0.0,-72.79999999999745,-1.0399999999999636,-6.4760000000005675,4.2979999999997744,-0.9251428571429382,0.6139999999999678,5,1500.0,0.28,5.867357142857015,17.49835034774617,newyork,Thu,16,False
1306,XAUUSDm,short,2026-05-29 14:05:00+00:00,53542,4547.898,0.1,4547.898,4537.898,7.0,close_above_upper,0.1307389362226256,0.05,4542.898,0.5,0.05,4543.178,23.600000000001273,53544.0,2026-05-29 14:15:00+00:00,True,2026-05-29 14:15:00+00:00,53544,4538.178,tp,72.20000000000255,0.0,0.0,72.20000000000255,1.0314285714286078,-4.8729999999995925,4.36200000000008,-0.6961428571427989,0.6231428571428685,2,600.0,0.28,7.362000000000145,14.852906623891625,overlap,Fri,14,False
1307,XAUUSDm,short,2026-05-29 14:55:00+00:00,53552,4556.994,0.1,4563.994,4546.994,7.0,close_above_upper,0.19877665817237247,0.1,4551.994,0.5,0.0,0.0,0.0,,,False,2026-05-29 15:00:00+00:00,53553,4564.516,sl,-75.21999999999935,0.0,0.0,-75.21999999999935,-1.0745714285714192,-13.431000000000495,1.2229999999999563,-1.9187142857143564,0.17471428571427947,1,300.0,0.28,9.706000000000065,15.17735002335529,overlap,Fri,14,False
1308,XAUUSDm,short,2026-05-29 15:05:00+00:00,53554,4578.339,0.1,4585.339,4568.339,7.0,close_above_upper,1.1364241665292878,0.1,4573.339,0.5,0.0,0.0,0.0,,,False,2026-05-29 15:10:00+00:00,53555,4588.097,sl,-97.57999999999811,0.0,0.0,-97.57999999999811,-1.393999999999973,-11.452000000000226,4.6729999999997744,-1.6360000000000323,0.6675714285713964,1,300.0,0.28,10.738000000000088,15.495342213110044,overlap,Fri,15,False
1309,XAUUSDm,short,2026-05-29 15:15:00+00:00,53556,4589.753,0.1,4589.753,4579.753,7.0,close_above_upper,1.1986163292277372,0.05,4584.753,0.5,0.05,4585.032999999999,23.600000000001273,53557.0,2026-05-29 15:20:00+00:00,True,2026-05-29 15:25:00+00:00,53558,4580.032999999999,tp,72.20000000000255,0.0,0.0,72.20000000000255,1.0314285714286078,-1.8190000000004147,8.136999999999716,-0.25985714285720213,1.162428571428531,2,600.0,0.28,11.134500000000116,15.923830228887024,overlap,Fri,15,False
1310,XAUUSDm,long,2026-05-31 22:05:00+00:00,53626,4520.772,0.1,4520.772,4530.772,7.0,close_below_lower,0.36895629898754484,0.05,4525.772,0.5,0.05,4525.886,25.570000000002437,53627.0,2026-05-31 22:10:00+00:00,True,2026-05-31 22:10:00+00:00,53627,4530.772,tp,75.57000000000244,0.0,0.0,75.57000000000244,1.0795714285714635,-0.9210000000002765,6.432999999999993,-0.13157142857146806,0.9189999999999989,1,300.0,0.28,4.437285714285865,15.562105714971443,rollover,Sun,22,False
1311,XAUUSDm,long,2026-06-01 13:15:00+00:00,53808,4484.3099999999995,0.1,4477.31,4494.31,7.0,close_below_lower,0.5747251165301609,0.1,4489.31,0.5,0.0,0.0,0.0,,,False,2026-06-01 13:20:00+00:00,53809,4477.31,sl,-69.9999999999909,0.0,0.0,-69.9999999999909,-0.9999999999998701,-5.345999999999549,5.342000000000553,-0.7637142857142213,0.7631428571429362,1,300.0,0.28,7.829071428571361,11.531105700762966,overlap,Mon,13,False
1312,XAUUSDm,long,2026-06-01 13:25:00+00:00,53810,4466.371999999999,0.1,4459.372,4476.372,7.0,close_below_lower,1.5678196244092704,0.1,4471.372,0.5,0.0,0.0,0.0,,,False,2026-06-01 13:30:00+00:00,53811,4459.372,sl,-69.9999999999909,0.0,0.0,-69.9999999999909,-0.9999999999998701,-3.9249999999992724,2.8740000000007058,-0.5607142857141818,0.4105714285715294,1,300.0,0.28,9.246428571428558,11.808539150965979,overlap,Mon,13,False
1313,XAUUSDm,long,2026-06-01 13:35:00+00:00,53812,4466.536999999999,0.1,4466.536999999999,4476.537,7.0,close_below_lower,0.944508981945659,0.05,4471.537,0.5,0.05,4472.757,31.100000000001273,53813.0,2026-06-01 13:40:00+00:00,True,2026-06-01 13:45:00+00:00,53814,4466.536999999999,be_stop,31.100000000001273,0.0,0.0,31.100000000001273,0.4442857142857325,-4.493999999999687,11.95600000000104,-0.6419999999999553,1.7080000000001487,2,600.0,0.28,9.751928571428575,12.08529844927386,overlap,Mon,13,False
1314,XAUUSDm,long,2026-06-01 13:50:00+00:00,53815,4464.905,0.1,4457.905,4474.905,7.0,close_below_lower,0.3511884933273632,0.1,4469.905,0.5,0.0,0.0,0.0,,,False,2026-06-01 13:55:00+00:00,53816,4454.551,sl,-103.5399999999936,0.0,0.0,-103.5399999999936,-1.4791428571427656,-12.457999999999629,0.7530000000006112,-1.7797142857142327,0.10757142857151589,1,300.0,0.28,10.658571428571447,12.29717859335225,overlap,Mon,13,False
1315,XAUUSDm,long,2026-06-01 14:00:00+00:00,53817,4450.473,0.1,4450.473,4460.473,7.0,close_below_lower,0.9189400897913741,0.05,4455.473,0.5,0.05,4455.473,25.0,53818.0,2026-06-01 14:05:00+00:00,True,2026-06-01 14:05:00+00:00,53818,4460.473,tp,75.0,0.0,0.0,75.0,1.0714285714285714,-2.9149999999999636,4.048999999999978,-0.4164285714285662,0.5784285714285683,1,300.0,0.28,11.063714285714338,12.567371581725906,overlap,Mon,14,False
1316,XAUUSDm,short,2026-06-01 15:35:00+00:00,53836,4476.844,0.1,4476.844,4466.844,7.0,close_above_upper,0.09905853725549654,0.05,4471.844,0.5,0.05,4472.124,23.600000000001273,53837.0,2026-06-01 15:40:00+00:00,True,2026-06-01 16:00:00+00:00,53841,4477.124,be_stop,22.200000000002547,0.0,0.0,22.200000000002547,0.31714285714289353,-2.981999999999971,8.292999999999665,-0.4259999999999958,1.1847142857142379,5,1500.0,0.28,6.142642857142879,12.958473526310936,overlap,Mon,15,False
1317,XAUUSDm,short,2026-06-01 17:45:00+00:00,53862,4491.594,0.1,4491.594,4481.594,7.0,close_above_upper,0.014760685900575223,0.05,4486.594,0.5,0.05,4486.874,23.600000000001273,53865.0,2026-06-01 18:00:00+00:00,True,2026-06-01 18:35:00+00:00,53872,4486.367,cross_center,49.73500000000058,0.0,0.0,49.73500000000058,0.7105000000000083,-3.8549999999995634,6.926000000000386,-0.5507142857142233,0.9894285714286265,10,3000.0,0.28,5.158428571428495,13.364483618788803,newyork,Mon,17,False
1318,XAUUSDm,long,2026-06-02 14:25:00+00:00,54098,4493.146,0.1,4493.146,4503.146,7.0,close_below_lower,0.01566596387958418,0.05,4498.146,0.5,0.05,4498.146,25.0,54099.0,2026-06-02 14:30:00+00:00,True,2026-06-02 14:35:00+00:00,54100,4503.146,tp,75.0,0.0,0.0,75.0,1.0714285714285714,-1.27599999999984,6.543999999999869,-0.18228571428569143,0.9348571428571242,2,600.0,0.28,6.2695000000000745,11.973763176783116,overlap,Tue,14,False
1319,XAUUSDm,long,2026-06-02 23:20:00+00:00,54193,4470.371999999999,0.1,4463.372,4480.372,7.0,close_below_lower,0.27986401692894125,0.1,4475.372,0.5,0.0,0.0,0.0,,,False,2026-06-02 23:25:00+00:00,54194,4463.372,sl,-69.9999999999909,0.0,0.0,-69.9999999999909,-0.9999999999998701,-3.819999999999709,1.8900000000003274,-0.5457142857142442,0.27000000000004676,1,300.0,0.28,4.452142857142917,11.293006990476432,rollover,Tue,23,False
1320,XAUUSDm,long,2026-06-02 23:30:00+00:00,54195,4467.6939999999995,0.1,4467.6939999999995,4477.694,7.0,close_below_lower,0.18877550596638734,0.05,4472.694,0.5,0.05,4472.694,25.000000000004547,54197.0,2026-06-02 23:40:00+00:00,True,2026-06-03 00:00:00+00:00,54201,4477.694,tp,75.0000000000091,0.0,0.0,75.0000000000091,1.0714285714287013,-5.2979999999997744,7.280000000000655,-0.7568571428571106,1.0400000000000935,6,1800.0,0.28,5.144571428571518,11.369110679438412,rollover,Tue,23,False
1321,XAUUSDm,short,2026-06-03 00:40:00+00:00,54209,4491.534,0.1,4491.534,4481.534,7.0,close_above_upper,0.13382447092787872,0.05,4486.534,0.5,0.05,4486.813999999999,23.600000000001273,54212.0,2026-06-03 00:55:00+00:00,True,2026-06-03 01:00:00+00:00,54213,4481.813999999999,tp,72.20000000000255,0.0,0.0,72.20000000000255,1.0314285714286078,-5.244000000000597,5.748999999999796,-0.7491428571429424,0.8212857142856852,4,1200.0,0.28,5.239928571428534,11.672672413890155,asian,Wed,0,False
1322,XAUUSDm,long,2026-06-03 01:25:00+00:00,54218,4466.585999999999,0.1,4466.585999999999,4476.586,7.0,close_below_lower,0.04760885579050647,0.05,4471.586,0.5,0.05,4471.586,25.000000000004547,54219.0,2026-06-03 01:30:00+00:00,True,2026-06-03 01:35:00+00:00,54220,4466.585999999999,be_stop,25.000000000004547,0.0,0.0,25.000000000004547,0.3571428571429221,-3.3489999999992506,6.3310000000010405,-0.47842857142846434,0.90442857142872,2,600.0,0.28,6.250785714285679,12.015430135537272,asian,Wed,1,False
1323,XAUUSDm,short,2026-06-03 10:10:00+00:00,54323,4461.515,0.1,4461.515,4451.515,7.0,close_above_upper,0.23514003438405898,0.05,4456.515,0.5,0.05,4456.795,23.600000000001273,54325.0,2026-06-03 10:20:00+00:00,True,2026-06-03 10:30:00+00:00,54327,4461.795,be_stop,22.200000000002547,0.0,0.0,22.200000000002547,0.31714285714289353,-3.020999999999731,7.774000000000342,-0.43157142857139014,1.1105714285714774,4,1200.0,0.28,7.151499999999747,11.08105185059337,london,Wed,10,False
1324,XAUUSDm,long,2026-06-03 13:45:00+00:00,54366,4427.871999999999,0.1,4427.871999999999,4437.872,7.0,close_below_lower,1.2620039876845395,0.05,4432.872,0.5,0.05,4436.756,44.42000000000462,54367.0,2026-06-03 13:50:00+00:00,True,2026-06-03 13:50:00+00:00,54367,4437.872,tp,94.42000000000917,0.0,0.0,94.42000000000917,1.3488571428572738,-1.727999999999156,10.247000000000298,-0.2468571428570223,1.4638571428571854,1,300.0,0.28,7.8712857142857375,11.10763157484466,overlap,Wed,13,False
1325,XAUUSDm,short,2026-06-03 23:00:00+00:00,54465,4448.735,0.1,4455.735,4438.735,7.0,close_above_upper,0.032623169497549794,0.1,4443.735,0.5,0.0,0.0,0.0,,,False,2026-06-03 23:45:00+00:00,54474,4456.014999999999,sl,-72.79999999999745,0.0,0.0,-72.79999999999745,-1.0399999999999636,-5.240000000000691,3.345999999999549,-0.7485714285715274,0.47799999999993553,9,2700.0,0.28,5.743785714285683,11.765089642760161,rollover,Wed,23,False
1326,XAUUSDm,short,2026-06-04 01:25:00+00:00,54494,4469.529,0.1,4469.529,4459.529,7.0,close_above_upper,0.17684415660691288,0.05,4464.529,0.5,0.05,4464.809,23.600000000001273,54497.0,2026-06-04 01:40:00+00:00,True,2026-06-04 01:40:00+00:00,54497,4459.809,tp,72.20000000000255,0.0,0.0,72.20000000000255,1.0314285714286078,-2.243999999999687,4.723000000000866,-0.3205714285713839,0.6747142857144094,3,900.0,0.28,6.497571428571454,11.51888425868282,asian,Thu,1,False
1327,XAUUSDm,short,2026-06-04 11:30:00+00:00,54615,4489.437,0.1,4489.437,4479.437,7.0,close_above_upper,0.27746664649703445,0.05,4484.437,0.5,0.05,4484.717,23.600000000001273,54616.0,2026-06-04 11:35:00+00:00,True,2026-06-04 11:40:00+00:00,54617,4489.717,be_stop,22.200000000002547,0.0,0.0,22.200000000002547,0.31714285714289353,-3.2719999999999345,7.421999999999571,-0.4674285714285621,1.060285714285653,2,600.0,0.28,5.081499999999908,11.560596723460838,london,Thu,11,False
1328,XAUUSDm,short,2026-06-04 11:45:00+00:00,54618,4491.304,0.1,4498.304,4481.304,7.0,close_above_upper,0.03148674784385457,0.1,4486.304,0.5,0.0,0.0,0.0,,,False,2026-06-04 11:50:00+00:00,54619,4501.222,sl,-99.17999999999665,0.0,0.0,-99.17999999999665,-1.416857142857095,-13.055999999999585,0.0,-1.865142857142798,0.0,1,300.0,0.28,5.709428571428491,11.722062772166975,london,Thu,11,False
1329,XAUUSDm,short,2026-06-04 11:55:00+00:00,54620,4503.598,0.1,4510.598,4493.598,7.0,close_above_upper,0.6108150799168593,0.1,4498.598,0.5,0.0,0.0,0.0,,,False,2026-06-04 12:00:00+00:00,54621,4511.518999999999,sl,-79.20999999999367,0.0,0.0,-79.20999999999367,-1.131571428571338,-11.131000000000313,0.0,-1.590142857142902,0.0,1,300.0,0.28,6.368142857142759,11.913279058339379,london,Thu,11,False
1330,XAUUSDm,long,2026-06-04 14:10:00+00:00,54647,4490.472,0.1,4483.472,4500.472,7.0,close_below_lower,0.02430665255774673,0.1,4495.472,0.5,0.0,0.0,0.0,,,False,2026-06-04 14:30:00+00:00,54651,4483.472,sl,-70.0,0.0,0.0,-70.0,-1.0,-6.6340000000000146,3.324999999999818,-0.9477142857142878,0.474999999999974,4,1200.0,0.28,7.559214285714201,12.217889888775483,overlap,Thu,14,False
1331,XAUUSDm,long,2026-06-04 14:45:00+00:00,54654,4475.2919999999995,0.1,4468.292,4485.292,7.0,close_below_lower,0.2155712770188602,0.1,4480.292,0.5,0.0,0.0,0.0,,,False,2026-06-04 14:50:00+00:00,54655,4466.452,sl,-88.39999999999236,0.0,0.0,-88.39999999999236,-1.2628571428570337,-10.329999999999018,0.2920000000003711,-1.4757142857141454,0.041714285714338724,1,300.0,0.28,7.90749999999993,12.650673896310927,overlap,Thu,14,False
1332,XAUUSDm,long,2026-06-04 14:55:00+00:00,54656,4463.9529999999995,0.1,4463.9529999999995,4473.953,7.0,close_below_lower,0.6072248467138625,0.05,4468.953,0.5,0.05,4468.953,25.000000000004547,54657.0,2026-06-04 15:00:00+00:00,True,2026-06-04 15:10:00+00:00,54659,4473.953,tp,75.0000000000091,0.0,0.0,75.0000000000091,1.0714285714287013,-3.813999999999396,8.61200000000008,-0.5448571428570566,1.2302857142857258,3,900.0,0.28,8.353857142857057,12.886573520012474,overlap,Thu,14,False
1333,XAUUSDm,short,2026-06-05 07:30:00+00:00,54843,4466.961,0.1,4466.961,4456.961,7.0,close_above_upper,0.034520427390751826,0.05,4461.961,0.5,0.05,4462.241,23.600000000001273,54844.0,2026-06-05 07:35:00+00:00,True,2026-06-05 08:10:00+00:00,54851,4460.999,cross_center,53.41000000000349,0.0,0.0,53.41000000000349,0.7630000000000499,-0.2359999999998763,8.186000000000604,-0.033714285714268044,1.1694285714286576,8,2400.0,0.28,5.864571428571318,12.242967666020878,london,Fri,7,False
1334,XAUUSDm,long,2026-06-05 12:35:00+00:00,54904,4453.315,0.1,4446.315,4463.315,7.0,close_below_lower,0.1391090570427789,0.1,4458.315,0.5,0.0,0.0,0.0,,,False,2026-06-05 12:40:00+00:00,54905,4443.903,sl,-94.11999999999352,0.0,0.0,-94.11999999999352,-1.3445714285713362,-13.813999999999396,0.7160000000003492,-1.9734285714284852,0.10228571428576418,1,300.0,0.28,6.09842857142855,11.410122140926509,overlap,Fri,12,False
1335,XAUUSDm,long,2026-06-05 12:45:00+00:00,54906,4446.447,0.1,4439.447,4456.447,7.0,close_below_lower,0.3654940135755013,0.1,4451.447,0.5,0.0,0.0,0.0,,,False,2026-06-05 12:50:00+00:00,54907,4439.447,sl,-70.0,0.0,0.0,-70.0,-1.0,-6.447000000000116,2.4769999999998618,-0.9210000000000166,0.3538571428571231,1,300.0,0.28,6.97078571428561,11.581453623795975,overlap,Fri,12,False
1336,XAUUSDm,long,2026-06-05 12:55:00+00:00,54908,4417.406,0.1,4410.406,4427.406,7.0,close_below_lower,2.1977670828828892,0.1,4422.406,0.5,0.0,0.0,0.0,,,False,2026-06-05 13:00:00+00:00,54909,4406.384,sl,-110.21999999999935,0.0,0.0,-110.21999999999935,-1.5745714285714192,-12.768000000000029,2.6289999999999054,-1.824000000000004,0.37557142857141507,1,300.0,0.28,8.89907142857133,11.877561885732138,overlap,Fri,12,False
1337,XAUUSDm,long,2026-06-05 13:05:00+00:00,54910,4411.999,0.1,4411.999,4421.999,7.0,close_below_lower,1.694677090913772,0.05,4416.999,0.5,0.05,4416.999,25.0,54911.0,2026-06-05 13:10:00+00:00,True,2026-06-05 13:20:00+00:00,54913,4411.999,be_stop,25.0,0.0,0.0,25.0,0.35714285714285715,-3.8299999999999272,9.189000000000306,-0.5471428571428467,1.3127142857143295,3,900.0,0.28,10.477071428571369,12.322324398238976,overlap,Fri,13,False
1338,XAUUSDm,long,2026-06-05 13:25:00+00:00,54914,4410.387,0.1,4403.387,4420.387,7.0,close_below_lower,0.5985425845335575,0.1,4415.387,0.5,0.0,0.0,0.0,,,False,2026-06-05 13:30:00+00:00,54915,4403.387,sl,-70.0,0.0,0.0,-70.0,-1.0,-6.674999999999272,4.769000000000233,-0.9535714285713246,0.6812857142857476,1,300.0,0.28,11.603285714285708,12.781932894880082,overlap,Fri,13,False
1339,XAUUSDm,long,2026-06-05 13:35:00+00:00,54916,4405.498,0.1,4398.498,4415.498,7.0,close_below_lower,0.4237888810359286,0.1,4410.498,0.5,0.0,0.0,0.0,,,False,2026-06-05 13:40:00+00:00,54917,4391.92,sl,-135.7799999999952,0.0,0.0,-135.7799999999952,-1.9397142857142171,-19.639999999999418,0.0,-2.8057142857142026,0.0,1,300.0,0.28,12.222714285714185,12.995967521060523,overlap,Fri,13,False
1340,XAUUSDm,long,2026-06-05 13:45:00+00:00,54918,4389.7919999999995,0.1,4382.792,4399.792,7.0,close_below_lower,0.916109672535493,0.1,4394.792,0.5,0.0,0.0,0.0,,,False,2026-06-05 13:50:00+00:00,54919,4382.792,sl,-69.9999999999909,0.0,0.0,-69.9999999999909,-0.9999999999998701,-6.607999999999265,1.4240000000008877,-0.943999999999895,0.20342857142869825,1,300.0,0.28,12.426214285714195,13.302055045467563,overlap,Fri,13,False
1341,XAUUSDm,long,2026-06-05 13:55:00+00:00,54920,4385.5599999999995,0.1,4378.56,4395.56,7.0,close_below_lower,0.6107040816144549,0.1,4390.56,0.5,0.0,0.0,0.0,,,False,2026-06-05 14:00:00+00:00,54921,4365.836,sl,-197.2399999999925,0.0,0.0,-197.2399999999925,-2.8177142857141786,-20.211999999999534,0.3390000000008513,-2.887428571428505,0.04842857142869304,1,300.0,0.28,12.040214285714228,13.56756189194475,overlap,Fri,13,False
1342,XAUUSDm,long,2026-06-05 14:05:00+00:00,54922,4372.3859999999995,0.1,4365.386,4382.386,7.0,close_below_lower,0.8426467152537878,0.1,4377.386,0.5,0.0,0.0,0.0,,,False,2026-06-05 14:10:00+00:00,54923,4365.386,sl,-69.9999999999909,0.0,0.0,-69.9999999999909,-0.9999999999998701,-8.509999999999309,5.321000000000822,-1.215714285714187,0.7601428571429746,1,300.0,0.28,12.250928571428565,13.927927074855791,overlap,Fri,14,False
1343,XAUUSDm,long,2026-06-05 14:15:00+00:00,54924,4366.625,0.1,4359.625,4376.625,7.0,close_below_lower,0.6677384192364378,0.1,4371.625,0.5,0.0,0.0,0.0,,,False,2026-06-05 14:20:00+00:00,54925,4359.625,sl,-70.0,0.0,0.0,-70.0,-1.0,-2.1419999999998254,3.7590000000000146,-0.30599999999997507,0.537000000000002,1,300.0,0.28,11.737499999999986,14.178851682938458,overlap,Fri,14,False
1344,XAUUSDm,long,2026-06-05 14:25:00+00:00,54926,4357.973,0.1,4350.973,4367.973,7.0,close_below_lower,0.7296208699820609,0.1,4362.973,0.5,0.0,0.0,0.0,,,False,2026-06-05 14:30:00+00:00,54927,4350.973,sl,-70.0,0.0,0.0,-70.0,-1.0,-5.180999999999585,3.505000000000109,-0.7401428571427979,0.5007142857143013,1,300.0,0.28,11.931642857142833,14.424252844598552,overlap,Fri,14,False
1345,XAUUSDm,long,2026-06-05 14:35:00+00:00,54928,4353.231,0.1,4346.231,4363.231,7.0,close_below_lower,0.5473963702823985,0.1,4358.231,0.5,0.0,0.0,0.0,,,False,2026-06-05 14:40:00+00:00,54929,4346.231,sl,-70.0,0.0,0.0,-70.0,-1.0,-5.561999999999898,1.5450000000000728,-0.794571428571414,0.2207142857142961,1,300.0,0.28,12.394785714285652,14.65950453964386,overlap,Fri,14,False
1346,XAUUSDm,long,2026-06-05 14:45:00+00:00,54930,4349.599999999999,0.1,4349.599999999999,4359.6,7.0,close_below_lower,0.28647428628483534,0.05,4354.6,0.5,0.05,4356.204,33.020000000001346,54931.0,2026-06-05 14:50:00+00:00,True,2026-06-05 14:50:00+00:00,54931,4359.6,tp,83.0200000000059,0.0,0.0,83.0200000000059,1.186000000000084,-1.4869999999991705,9.945000000000618,-0.21242857142845292,1.420714285714374,1,300.0,0.28,11.723142857142907,14.847630282972432,overlap,Fri,14,False
1347,XAUUSDm,long,2026-06-05 15:40:00+00:00,54941,4340.296,0.1,4333.296,4350.296,7.0,close_below_lower,0.021204889068075612,0.1,4345.296,0.5,0.0,0.0,0.0,,,False,2026-06-05 16:00:00+00:00,54945,4333.296,sl,-70.0,0.0,0.0,-70.0,-1.0,-6.444000000000415,1.7159999999994398,-0.9205714285714878,0.24514285714277712,4,1200.0,0.26,9.600714285714275,15.077139705459036,overlap,Fri,15,False
1348,XAUUSDm,long,2026-06-08 01:20:00+00:00,55045,4318.014999999999,0.1,4318.014999999999,4328.015,7.0,close_below_lower,0.3841436497921017,0.05,4323.015,0.5,0.05,4323.015,25.000000000004547,55046.0,2026-06-08 01:25:00+00:00,True,2026-06-08 01:30:00+00:00,55047,4314.766,be_stop,8.755000000005566,0.0,0.0,8.755000000005566,0.12507142857150808,-6.862999999999374,6.894000000000233,-0.980428571428482,0.9848571428571761,2,600.0,0.28,7.091999999999904,15.681860976746512,asian,Mon,1,False
1349,XAUUSDm,long,2026-06-08 01:35:00+00:00,55048,4315.505999999999,0.1,4315.505999999999,4325.506,7.0,close_below_lower,0.06478924596209418,0.05,4320.506,0.5,0.05,4320.506,25.000000000004547,55049.0,2026-06-08 01:40:00+00:00,True,2026-06-08 01:40:00+00:00,55049,4325.506,tp,75.0000000000091,0.0,0.0,75.0000000000091,1.0714285714287013,-3.826999999999316,2.318000000000211,-0.546714285714188,0.33114285714288727,1,300.0,0.28,9.057714285714155,15.922134458193558,asian,Mon,1,False
1350,XAUUSDm,long,2026-06-08 05:35:00+00:00,55096,4287.5599999999995,0.1,4287.5599999999995,4297.56,7.0,close_below_lower,0.3225492622702753,0.05,4292.56,0.5,0.05,4292.56,25.000000000004547,55097.0,2026-06-08 05:40:00+00:00,True,2026-06-08 05:45:00+00:00,55098,4287.5599999999995,be_stop,25.000000000004547,0.0,0.0,25.000000000004547,0.3571428571429221,-19.307999999999083,5.6270000000004075,-2.7582857142855834,0.8038571428572011,2,600.0,0.28,6.771000000000056,16.502735114256517,asian,Mon,5,False
1351,XAUUSDm,short,2026-06-08 11:15:00+00:00,55164,4318.753,0.1,4325.753,4308.753,7.0,close_above_upper,0.12033710761329072,0.1,4313.753,0.5,0.0,0.0,0.0,,,False,2026-06-08 11:20:00+00:00,55165,4327.197,sl,-84.44000000000415,0.0,0.0,-84.44000000000415,-1.2062857142857735,-9.26299999999992,6.0479999999997744,-1.3232857142857029,0.8639999999999678,1,300.0,0.28,6.739500000000005,15.989832479427708,london,Mon,11,False
1352,XAUUSDm,short,2026-06-08 11:25:00+00:00,55166,4325.173,0.1,4332.173,4315.173,7.0,close_above_upper,0.14105763860969014,0.1,4320.173,0.5,0.0,0.0,0.0,,,False,2026-06-08 11:30:00+00:00,55167,4332.4529999999995,sl,-72.79999999999745,0.0,0.0,-72.79999999999745,-1.0399999999999636,-4.4350000000004,3.2109999999993306,-0.6335714285714857,0.4587142857141901,1,300.0,0.28,7.47457142857138,16.217726201183424,london,Mon,11,False
1353,XAUUSDm,short,2026-06-08 11:35:00+00:00,55168,4330.059,0.1,4330.059,4320.059,7.0,close_above_upper,0.13626417188584322,0.05,4325.059,0.5,0.05,4325.319,23.69999999999891,55169.0,2026-06-08 11:40:00+00:00,True,2026-06-08 11:55:00+00:00,55172,4330.339,be_stop,22.300000000000182,0.0,0.0,22.300000000000182,0.31857142857143117,-0.46900000000005093,8.733000000000175,-0.06700000000000728,1.2475714285714534,4,1200.0,0.26,7.9755714285713895,16.392002260921302,london,Mon,11,False
1354,XAUUSDm,short,2026-06-09 13:50:00+00:00,55471,4352.326,0.1,4359.326,4342.326,7.0,close_above_upper,0.15621665659230705,0.1,4347.326,0.5,0.0,0.0,0.0,,,False,2026-06-09 13:55:00+00:00,55472,4334.525,cross_center,178.01000000000386,0.0,0.0,178.01000000000386,2.543000000000055,-0.47999999999956344,18.78399999999965,-0.06857142857136621,2.6834285714285215,1,300.0,0.28,7.493142857143084,13.281163545432591,overlap,Tue,13,False
1355,XAUUSDm,long,2026-06-09 14:20:00+00:00,55477,4311.721,0.1,4311.721,4321.721,7.0,close_below_lower,0.46627711835164326,0.05,4316.721,0.5,0.05,4318.441,33.60000000000127,55478.0,2026-06-09 14:25:00+00:00,True,2026-06-09 14:25:00+00:00,55478,4321.721,tp,83.60000000000127,0.0,0.0,83.60000000000127,1.1942857142857324,-2.639999999999418,8.570000000000618,-0.377142857142774,1.2242857142858026,1,300.0,0.28,10.30507142857141,13.236905531698742,overlap,Tue,14,False
1356,XAUUSDm,long,2026-06-09 14:40:00+00:00,55481,4305.704000000001,0.1,4298.704,4315.704,7.0,close_below_lower,0.36472184804277535,0.1,4310.704,0.5,0.0,0.0,0.0,,,False,2026-06-09 14:45:00+00:00,55482,4285.013,sl,-206.91000000000713,0.0,0.0,-206.91000000000713,-2.9558571428572447,-20.736000000000786,1.9809999999997672,-2.9622857142858265,0.2829999999999667,1,300.0,0.26,11.856142857142848,13.365606155602805,overlap,Tue,14,False
1357,XAUUSDm,long,2026-06-09 14:50:00+00:00,55483,4284.283,0.1,4284.283,4294.283,7.0,close_below_lower,1.2687011478975985,0.05,4289.283,0.5,0.05,4297.989,68.52999999999611,55484.0,2026-06-09 14:55:00+00:00,True,2026-06-09 14:55:00+00:00,55484,4297.989,tp,137.05999999999221,0.0,0.0,137.05999999999221,1.9579999999998887,-2.798000000000684,13.929999999999382,-0.39971428571438344,1.9899999999999116,1,300.0,0.26,13.613428571428553,13.703371452529076,overlap,Tue,14,False
1358,XAUUSDm,long,2026-06-09 15:05:00+00:00,55486,4293.612,0.1,4293.612,4303.612,7.0,close_below_lower,0.031335016841259375,0.05,4298.612,0.5,0.05,4298.612,25.0,55487.0,2026-06-09 15:10:00+00:00,True,2026-06-09 15:15:00+00:00,55488,4293.612,be_stop,25.0,0.0,0.0,25.0,0.35714285714285715,-4.149999999999636,5.51299999999992,-0.5928571428570909,0.7875714285714172,2,600.0,0.26,11.819000000000026,13.84871924983506,overlap,Tue,15,False
1359,XAUUSDm,long,2026-06-09 15:30:00+00:00,55491,4279.138,0.1,4272.138,4289.138,7.0,close_below_lower,0.26564888364112027,0.1,4284.138,0.5,0.0,0.0,0.0,,,False,2026-06-09 15:35:00+00:00,55492,4272.138,sl,-70.0,0.0,0.0,-70.0,-1.0,-15.856999999999971,2.9149999999999636,-2.26528571428571,0.4164285714285662,1,300.0,0.26,11.21649999999993,14.16807545694622,overlap,Tue,15,False
1360,XAUUSDm,long,2026-06-09 15:40:00+00:00,55493,4270.166,0.1,4270.166,4280.166,7.0,close_below_lower,0.4459622424962319,0.05,4275.166,0.5,0.05,4279.934,48.840000000000146,55494.0,2026-06-09 15:45:00+00:00,True,2026-06-09 15:45:00+00:00,55494,4280.166,tp,98.84000000000015,0.0,0.0,98.84000000000015,1.4120000000000021,-0.8969999999999345,9.739999999999782,-0.1281428571428478,1.3914285714285402,1,300.0,0.26,12.032642857142816,14.383878212819088,overlap,Tue,15,False
1361,XAUUSDm,long,2026-06-09 16:10:00+00:00,55499,4263.738,0.1,4256.738,4273.738,7.0,close_below_lower,0.12487149511943832,0.1,4268.738,0.5,0.0,0.0,0.0,,,False,2026-06-09 16:15:00+00:00,55500,4256.738,sl,-70.0,0.0,0.0,-70.0,-1.0,-5.394000000000233,3.3170000000000073,-0.7705714285714619,0.4738571428571439,1,300.0,0.26,10.609071428571301,14.598608642105702,newyork,Tue,16,False
1362,XAUUSDm,long,2026-06-09 16:20:00+00:00,55501,4254.499,0.1,4254.499,4264.499,7.0,close_below_lower,0.35178062462797416,0.05,4259.499,0.5,0.05,4262.143,38.220000000001164,55502.0,2026-06-09 16:25:00+00:00,True,2026-06-09 16:25:00+00:00,55502,4264.499,tp,88.22000000000116,0.0,0.0,88.22000000000116,1.2602857142857309,-1.293999999999869,9.179000000000087,-0.18485714285712415,1.3112857142857268,1,300.0,0.26,10.710571428571386,14.779661291569816,newyork,Tue,16,False
1363,XAUUSDm,long,2026-06-09 16:40:00+00:00,55505,4241.646,0.1,4241.646,4251.646,7.0,close_below_lower,0.6766249487349572,0.05,4246.646,0.5,0.05,4246.646,25.0,55506.0,2026-06-09 16:45:00+00:00,True,2026-06-09 16:45:00+00:00,55506,4251.646,tp,75.0,0.0,0.0,75.0,1.0714285714285714,-5.2479999999995925,6.628000000000611,-0.7497142857142275,0.9468571428572302,1,300.0,0.28,11.746071428571472,14.93710886967759,newyork,Tue,16,False
1364,XAUUSDm,long,2026-06-09 16:55:00+00:00,55508,4240.492,0.1,4240.492,4250.492,7.0,close_below_lower,0.20936488877461526,0.05,4245.492,0.5,0.05,4251.868,56.88000000000102,55509.0,2026-06-09 17:00:00+00:00,True,2026-06-09 17:00:00+00:00,55509,4251.868,tp,113.76000000000204,0.0,0.0,113.76000000000204,1.6251428571428863,-0.7520000000004075,11.853000000000065,-0.10742857142862963,1.6932857142857236,1,300.0,0.26,11.282357142857174,15.159686453477043,newyork,Tue,16,False
1365,XAUUSDm,long,2026-06-09 22:50:00+00:00,55567,4239.554,0.1,4239.554,4249.554,7.0,close_below_lower,0.002575344294093315,0.05,4244.554,0.5,0.05,4244.554,25.0,55569.0,2026-06-09 23:00:00+00:00,True,2026-06-09 23:10:00+00:00,55571,4239.554,be_stop,25.0,0.0,0.0,25.0,0.35714285714285715,-7.216000000000349,7.613000000000284,-1.0308571428571927,1.087571428571469,4,1200.0,0.28,4.579214285714443,14.361395468099836,rollover,Tue,22,False
1366,XAUUSDm,long,2026-06-09 23:25:00+00:00,55574,4227.612,0.1,4220.612,4237.612,7.0,close_below_lower,0.014999223515434493,0.1,4232.612,0.5,0.0,0.0,0.0,,,False,2026-06-09 23:40:00+00:00,55577,4220.612,sl,-70.0,0.0,0.0,-70.0,-1.0,-6.266999999999825,1.9639999999999418,-0.8952857142856894,0.28057142857142026,3,900.0,0.26,6.563071428571675,14.671430327963485,rollover,Tue,23,False
1367,XAUUSDm,long,2026-06-09 23:45:00+00:00,55578,4218.502,0.1,4211.502,4228.502,7.0,close_below_lower,0.023220881628919943,0.1,4223.502,0.5,0.0,0.0,0.0,,,False,2026-06-09 23:50:00+00:00,55579,4211.502,sl,-70.0,0.0,0.0,-70.0,-1.0,-7.313000000000102,0.0,-1.0447142857143004,0.0,1,300.0,0.26,7.426500000000227,14.916237598309557,rollover,Tue,23,False
1368,XAUUSDm,long,2026-06-10 00:35:00+00:00,55588,4206.686000000001,0.1,4199.686,4216.686,7.0,close_below_lower,0.037406353698729855,0.1,4211.686,0.5,0.0,0.0,0.0,,,False,2026-06-10 00:40:00+00:00,55589,4199.686,sl,-70.0000000000091,0.0,0.0,-70.0000000000091,-1.00000000000013,-5.196000000000822,2.895999999999731,-0.7422857142858318,0.41371428571424723,1,300.0,0.26,7.8167142857142995,15.033330267998254,asian,Wed,0,False
1369,XAUUSDm,long,2026-06-10 01:05:00+00:00,55594,4194.608,0.1,4194.608,4204.608,7.0,close_below_lower,0.19579511504550906,0.05,4199.608,0.5,0.05,4199.608,25.0,55595.0,2026-06-10 01:10:00+00:00,True,2026-06-10 01:10:00+00:00,55595,4204.608,tp,75.0,0.0,0.0,75.0,1.0714285714285714,-7.4340000000001965,5.0090000000000146,-1.062000000000028,0.7155714285714306,1,300.0,0.26,9.652142857142865,15.346282638979506,asian,Wed,1,False
1370,XAUUSDm,long,2026-06-10 01:45:00+00:00,55602,4187.711,0.1,4187.711,4197.711,7.0,close_below_lower,0.0563212372269539,0.05,4192.711,0.5,0.05,4192.711,25.0,55603.0,2026-06-10 01:50:00+00:00,True,2026-06-10 01:55:00+00:00,55604,4187.711,be_stop,25.0,0.0,0.0,25.0,0.35714285714285715,-4.190000000000509,7.925999999999476,-0.5985714285715014,1.1322857142856395,2,600.0,0.26,12.049857142857165,15.153885862995,asian,Wed,1,False
1371,XAUUSDm,short,2026-06-10 05:50:00+00:00,55651,4202.751,0.1,4209.751,4192.751,7.0,close_above_upper,0.1491288212475172,0.1,4197.751,0.5,0.0,0.0,0.0,,,False,2026-06-10 06:00:00+00:00,55653,4210.011,sl,-72.60000000000218,0.0,0.0,-72.60000000000218,-1.0371428571428882,-6.390999999999622,2.3950000000004366,-0.912999999999946,0.34214285714291953,2,600.0,0.26,5.512214285714175,15.460709560236076,asian,Wed,5,False
1372,XAUUSDm,short,2026-06-10 06:05:00+00:00,55654,4210.884,0.1,4210.884,4200.884,7.0,close_above_upper,0.18097598743243076,0.05,4205.884,0.5,0.05,4206.144,23.69999999999891,55661.0,2026-06-10 06:40:00+00:00,True,2026-06-10 06:50:00+00:00,55663,4203.648,cross_center,59.87999999999829,0.0,0.0,59.87999999999829,0.855428571428547,-11.03899999999976,7.7280000000000655,-1.5769999999999658,1.1040000000000094,9,2700.0,0.26,6.373214285714182,15.733438091959812,asian,Wed,6,False
1373,XAUUSDm,long,2026-06-10 08:05:00+00:00,55678,4164.781,0.1,4164.781,4174.781,7.0,close_below_lower,0.7252449694081049,0.05,4169.781,0.5,0.05,4169.781,25.0,55679.0,2026-06-10 08:10:00+00:00,True,2026-06-10 08:15:00+00:00,55680,4174.781,tp,75.0,0.0,0.0,75.0,1.0714285714285714,-3.4390000000003056,7.545000000000073,-0.49128571428575796,1.0778571428571533,2,600.0,0.26,7.379142857142922,15.656388295229984,london,Wed,8,False
1374,XAUUSDm,long,2026-06-10 12:15:00+00:00,55728,4136.542,0.1,4129.542,4146.542,7.0,close_below_lower,0.14777841889087576,0.1,4141.542,0.5,0.0,0.0,0.0,,,False,2026-06-10 12:25:00+00:00,55730,4129.542,sl,-70.0,0.0,0.0,-70.0,-1.0,-2.868000000000393,6.195999999999913,-0.4097142857143418,0.8851428571428447,2,600.0,0.26,8.095071428571373,15.929514952315445,overlap,Wed,12,False
1375,XAUUSDm,short,2026-06-10 13:45:00+00:00,55746,4179.404,0.1,4179.404,4169.404,7.0,close_above_upper,0.5657878609576196,0.05,4174.404,0.5,0.05,4174.664000000001,23.69999999999891,55749.0,2026-06-10 14:00:00+00:00,True,2026-06-10 14:10:00+00:00,55751,4179.664000000001,be_stop,22.399999999997817,0.0,0.0,22.399999999997817,0.3199999999999688,-6.967999999999847,9.40900000000056,-0.9954285714285496,1.3441428571429372,5,1500.0,0.26,13.24828571428569,16.591480352537843,overlap,Wed,13,False
1376,XAUUSDm,long,2026-06-10 14:50:00+00:00,55759,4141.126,0.1,4134.126,4151.126,7.0,close_below_lower,0.2763490418712537,0.1,4146.126,0.5,0.0,0.0,0.0,,,False,2026-06-10 14:55:00+00:00,55760,4134.126,sl,-70.0,0.0,0.0,-70.0,-1.0,-3.8649999999997817,1.793999999999869,-0.552142857142826,0.2562857142856956,1,300.0,0.26,10.4728571428572,17.264852786094036,overlap,Wed,14,False
1377,XAUUSDm,long,2026-06-10 15:00:00+00:00,55761,4124.993,0.1,4117.993,4134.993,7.0,close_below_lower,0.7988720644073996,0.1,4129.993,0.5,0.0,0.0,0.0,,,False,2026-06-10 15:15:00+00:00,55764,4117.993,sl,-70.0,0.0,0.0,-70.0,-1.0,-5.984000000000378,11.625999999999294,-0.8548571428571969,1.660857142857042,3,900.0,0.26,10.401071428571479,17.502437694017246,overlap,Wed,15,False
1378,XAUUSDm,long,2026-06-10 15:20:00+00:00,55765,4115.956,0.1,4115.956,4125.956,7.0,close_below_lower,0.4610358197677088,0.05,4120.956,0.5,0.05,4130.148,70.96000000000004,55766.0,2026-06-10 15:25:00+00:00,True,2026-06-10 15:25:00+00:00,55766,4130.148,tp,141.92000000000007,0.0,0.0,141.92000000000007,2.0274285714285725,-0.7920000000003711,18.230999999999767,-0.11314285714291016,2.6044285714285382,1,300.0,0.26,10.714499999999978,17.920183382245416,overlap,Wed,15,False
1379,XAUUSDm,long,2026-06-10 22:10:00+00:00,55835,4051.315,0.1,4044.315,4061.315,7.0,close_below_lower,0.027492754547752875,0.1,4056.315,0.5,0.0,0.0,0.0,,,False,2026-06-10 22:15:00+00:00,55836,4044.315,sl,-70.0,0.0,0.0,-70.0,-1.0,-1.0970000000002074,5.904999999999745,-0.15671428571431534,0.8435714285713922,1,300.0,0.26,5.935142857142831,19.554756354265358,rollover,Wed,22,False
1380,XAUUSDm,long,2026-06-10 22:25:00+00:00,55838,4038.8100000000004,0.1,4038.8100000000004,4048.81,7.0,close_below_lower,0.24776323606241865,0.05,4043.81,0.5,0.05,4044.603,28.964999999998327,55839.0,2026-06-10 22:30:00+00:00,True,2026-06-10 22:30:00+00:00,55839,4048.81,tp,78.96499999999605,0.0,0.0,78.96499999999605,1.1280714285713722,-2.5510000000003856,6.182999999999538,-0.3644285714286265,0.8832857142856483,1,300.0,0.26,6.7354285714285265,19.850432579724227,rollover,Wed,22,False
1381,XAUUSDm,long,2026-06-10 23:15:00+00:00,55848,4029.9610000000002,0.1,4029.9610000000002,4039.961,7.0,close_below_lower,0.05560257030991348,0.05,4034.961,0.5,0.05,4038.746,43.92499999999927,55849.0,2026-06-10 23:20:00+00:00,True,2026-06-10 23:20:00+00:00,55849,4039.961,tp,93.924999999997,0.0,0.0,93.924999999997,1.3417857142856715,-5.053000000000338,11.896999999999935,-0.7218571428571912,1.6995714285714192,1,300.0,0.26,11.306714285714277,20.270271278589945,rollover,Wed,23,False
1382,XAUUSDm,short,2026-06-11 01:20:00+00:00,55873,4093.592,0.1,4100.592,4083.592,7.0,close_above_upper,0.02837313401979561,0.1,4088.592,0.5,0.0,0.0,0.0,,,False,2026-06-11 01:25:00+00:00,55874,4102.653,sl,-90.61000000000149,0.0,0.0,-90.61000000000149,-1.2944285714285086,-9.376999999999953,1.2829999999999018,-1.3395714285714218,0.18328571428570026,1,300.0,0.26,13.222785714285594,21.184283157579884,asian,Thu,1,False
1383,XAUUSDm,short,2026-06-11 01:30:00+00:00,55875,4104.575,0.1,4111.575,4094.575,7.0,close_above_upper,0.190015782800348,0.1,4099.575,0.5,0.0,0.0,0.0,,,False,2026-06-11 01:35:00+00:00,55876,4111.835,sl,-72.60000000000218,0.0,0.0,-72.60000000000218,-1.0371428571428882,-7.904999999999745,0.7759999999998399,-1.1292857142856778,0.11085714285711999,1,300.0,0.26,11.420071428571257,21.36414964534688,asian,Thu,1,False
1384,XAUUSDm,short,2026-06-11 01:40:00+00:00,55877,4114.59,0.1,4114.59,4104.59,7.0,close_above_upper,0.2647718916193199,0.05,4109.59,0.5,0.05,4109.85,23.69999999999891,55878.0,2026-06-11 01:45:00+00:00,True,2026-06-11 01:50:00+00:00,55879,4104.85,tp,72.39999999999782,0.0,0.0,72.39999999999782,1.0342857142856832,-3.6970000000001164,8.261000000000422,-0.5281428571428738,1.1801428571429173,2,600.0,0.26,10.784499999999818,21.622516471888957,asian,Thu,1,False
1385,XAUUSDm,long,2026-06-11 02:40:00+00:00,55889,4067.342,0.1,4060.342,4077.342,7.0,close_below_lower,0.09204591793165744,0.1,4072.342,0.5,0.0,0.0,0.0,,,False,2026-06-11 02:45:00+00:00,55890,4059.576,sl,-77.66000000000076,0.0,0.0,-77.66000000000076,-1.1094285714285823,-12.162000000000262,0.6639999999997599,-1.7374285714286088,0.09485714285710856,1,300.0,0.26,8.527357142857195,22.200894847390792,asian,Thu,2,False
1386,XAUUSDm,long,2026-06-11 02:50:00+00:00,55891,4055.396,0.1,4055.396,4065.396,7.0,close_below_lower,0.2827736381978705,0.05,4060.396,0.5,0.05,4062.308,34.559999999999036,55892.0,2026-06-11 02:55:00+00:00,True,2026-06-11 02:55:00+00:00,55892,4065.396,tp,84.55999999999904,0.0,0.0,84.55999999999904,1.2079999999999862,-0.2600000000002183,8.556999999999789,-0.03714285714288833,1.2224285714285412,1,300.0,0.26,9.00671428571442,22.47551780046648,asian,Thu,2,False
1387,XAUUSDm,short,2026-06-11 17:35:00+00:00,56068,4148.577,0.1,4155.577,4138.577,7.0,close_above_upper,1.6546133079472027,0.1,4143.577,0.5,0.0,0.0,0.0,,,False,2026-06-11 17:40:00+00:00,56069,4155.837,sl,-72.60000000000218,0.0,0.0,-72.60000000000218,-1.0371428571428882,-6.145999999999731,10.373000000000502,-0.8779999999999616,1.4818571428572145,1,300.0,0.26,10.100285714285617,22.48564811112482,newyork,Thu,17,False
1388,XAUUSDm,short,2026-06-11 17:45:00+00:00,56070,4166.408,0.1,4166.408,4156.408,7.0,close_above_upper,1.7438960865141573,0.05,4161.408,0.5,0.05,4154.506,59.51000000000022,56071.0,2026-06-11 17:50:00+00:00,True,2026-06-11 17:50:00+00:00,56071,4154.506,tp,119.02000000000044,0.0,0.0,119.02000000000044,1.7002857142857206,-0.21000000000003638,13.030000000000655,-0.030000000000005196,1.861428571428665,1,300.0,0.26,11.539357142857073,23.100765106097967,newyork,Thu,17,False
1389,XAUUSDm,short,2026-06-11 17:55:00+00:00,56072,4153.727,0.1,4153.727,4143.727,7.0,close_above_upper,0.6261417112447478,0.05,4148.727,0.5,0.05,4148.987,23.69999999999891,56073.0,2026-06-11 18:00:00+00:00,True,2026-06-11 18:00:00+00:00,56073,4143.987,tp,72.39999999999782,0.0,0.0,72.39999999999782,1.0342857142856832,-3.52599999999984,7.141999999999825,-0.5037142857142628,1.0202857142856894,1,300.0,0.26,12.865928571428574,23.49994333451797,newyork,Thu,17,False
1390,XAUUSDm,short,2026-06-11 18:20:00+00:00,56077,4161.291,0.1,4161.291,4151.291,7.0,close_above_upper,0.09259545076032391,0.05,4156.291,0.5,0.05,4156.069,26.109999999998763,56078.0,2026-06-11 18:25:00+00:00,True,2026-06-11 18:25:00+00:00,56078,4151.551,tp,74.80999999999767,0.0,0.0,74.80999999999767,1.0687142857142524,-1.0630000000001019,10.311000000000604,-0.1518571428571574,1.4730000000000862,1,300.0,0.26,16.117285714285767,23.658559602111637,newyork,Thu,18,False
1391,XAUUSDm,short,2026-06-11 19:15:00+00:00,56088,4188.122,0.1,4195.122,4178.122,7.0,close_above_upper,0.02958346880436954,0.1,4183.122,0.5,0.0,0.0,0.0,,,False,2026-06-11 19:20:00+00:00,56089,4195.742,sl,-76.19999999999891,0.0,0.0,-76.19999999999891,-1.088571428571413,-8.786000000000058,2.1190000000005966,-1.2551428571428656,0.3027142857143709,1,300.0,0.26,9.797285714285733,24.11858326783785,newyork,Thu,19,False
1392,XAUUSDm,short,2026-06-11 19:35:00+00:00,56092,4214.78,0.1,4214.78,4204.78,7.0,close_above_upper,0.48322654081310035,0.05,4209.78,0.5,0.05,4208.89,29.44999999999709,56093.0,2026-06-11 19:40:00+00:00,True,2026-06-11 19:45:00+00:00,56094,4215.04,be_stop,28.149999999995998,0.0,0.0,28.149999999995998,0.40214285714279996,-5.188000000000102,6.511999999999716,-0.7411428571428716,0.9302857142856737,2,600.0,0.26,9.710142857142857,24.47899792512684,newyork,Thu,19,False
1393,XAUUSDm,long,2026-06-12 01:05:00+00:00,56146,4185.109,0.1,4185.109,4195.109,7.0,close_below_lower,0.016787425801875235,0.05,4190.109,0.5,0.05,4192.988,39.39499999999953,56147.0,2026-06-12 01:10:00+00:00,True,2026-06-12 01:25:00+00:00,56150,4185.109,be_stop,39.39499999999953,0.0,0.0,39.39499999999953,0.5627857142857076,-2.3350000000000364,8.787999999999556,-0.3335714285714338,1.255428571428508,4,1200.0,0.26,9.781285714285657,25.055935851265232,asian,Fri,1,False
1394,XAUUSDm,short,2026-06-12 08:20:00+00:00,56233,4218.015,0.1,4218.015,4208.015,7.0,close_above_upper,0.2108899928844629,0.05,4213.015,0.5,0.05,4213.275000000001,23.69999999999891,56234.0,2026-06-12 08:25:00+00:00,True,2026-06-12 08:30:00+00:00,56235,4218.275000000001,be_stop,22.399999999997817,0.0,0.0,22.399999999997817,0.3199999999999688,-2.563000000000102,6.900000000000546,-0.3661428571428717,0.9857142857143637,2,600.0,0.26,8.142857142857142,23.814178144642646,london,Fri,8,False
1395,XAUUSDm,short,2026-06-12 15:25:00+00:00,56318,4227.768,0.1,4227.768,4217.768,7.0,close_above_upper,0.09895138006123348,0.05,4222.768,0.5,0.05,4223.028,23.69999999999891,56319.0,2026-06-12 15:30:00+00:00,True,2026-06-12 15:35:00+00:00,56320,4218.028,tp,72.39999999999782,0.0,0.0,72.39999999999782,1.0342857142856832,-7.844000000000051,9.470000000000255,-1.1205714285714359,1.3528571428571792,2,600.0,0.26,10.431642857142833,22.905660128627343,overlap,Fri,15,False
1396,XAUUSDm,short,2026-06-14 22:05:00+00:00,56386,4300.698,0.1,4300.698,4290.698,7.0,close_above_upper,2.794611218236005,0.05,4295.698,0.5,0.05,4295.978,23.600000000001273,56387.0,2026-06-14 22:10:00+00:00,True,2026-06-14 22:15:00+00:00,56388,4300.978,be_stop,22.200000000002547,0.0,0.0,22.200000000002547,0.31714285714289353,-8.29699999999957,6.855000000000473,-1.185285714285653,0.9792857142857818,2,600.0,0.36,8.433928571428558,20.76647151448826,rollover,Sun,22,False
1397,XAUUSDm,short,2026-06-14 22:20:00+00:00,56389,4305.029,0.1,4305.029,4295.029,7.0,close_above_upper,1.6852681414266344,0.05,4300.029,0.5,0.05,4298.683,31.730000000002292,56390.0,2026-06-14 22:25:00+00:00,True,2026-06-14 22:25:00+00:00,56390,4295.309,tp,80.33000000000357,0.0,0.0,80.33000000000357,1.1475714285714795,-1.199999999999818,6.941000000000713,-0.17142857142854545,0.9915714285715305,1,300.0,0.28,10.084785714285838,21.575036902390003,rollover,Sun,22,False
1398,XAUUSDm,short,2026-06-14 22:30:00+00:00,56391,4287.097,0.1,4287.097,4277.097,7.0,close_above_upper,0.2660840345283716,0.05,4282.097,0.5,0.05,4282.3769999999995,23.600000000001273,56392.0,2026-06-14 22:35:00+00:00,True,2026-06-14 22:40:00+00:00,56393,4287.3769999999995,be_stop,22.200000000002547,0.0,0.0,22.200000000002547,0.31714285714289353,-0.24000000000069122,6.786999999999352,-0.03428571428581303,0.969571428571336,2,600.0,0.28,11.372071428571546,21.662038834483795,rollover,Sun,22,False
1399,XAUUSDm,long,2026-06-17 04:35:00+00:00,57016,4318.438,0.1,4318.438,4328.438,7.0,close_below_lower,0.12028581107959391,0.05,4323.438,0.5,0.05,4323.867,27.145000000000437,57017.0,2026-06-17 04:40:00+00:00,True,2026-06-17 05:20:00+00:00,57025,4325.963,cross_center,64.76999999999862,0.0,0.0,64.76999999999862,0.9252857142856945,-0.48700000000008004,9.396999999999935,-0.06957142857144001,1.342428571428562,9,2700.0,0.26,3.383785714285815,10.129025765917614,asian,Wed,4,False
1400,XAUUSDm,short,2026-06-17 14:25:00+00:00,57134,4358.044,0.1,4358.044,4348.044,7.0,close_above_upper,0.9252218387435786,0.05,4353.044,0.5,0.05,4353.324,23.600000000001273,57136.0,2026-06-17 14:35:00+00:00,True,2026-06-17 14:40:00+00:00,57137,4348.324,tp,72.20000000000255,0.0,0.0,72.20000000000255,1.0314285714286078,-5.764000000000124,7.610999999999876,-0.823428571428589,1.0872857142856966,3,900.0,0.28,6.016928571428513,9.039061566874574,overlap,Wed,14,False
1401,XAUUSDm,short,2026-06-17 17:35:00+00:00,57172,4377.668,0.1,4377.668,4367.668,7.0,close_above_upper,0.6726678863761656,0.05,4372.668,0.5,0.05,4372.947999999999,23.600000000001273,57177.0,2026-06-17 18:00:00+00:00,True,2026-06-17 18:00:00+00:00,57177,4367.947999999999,tp,72.20000000000255,0.0,0.0,72.20000000000255,1.0314285714286078,-4.773000000000138,7.427999999999884,-0.6818571428571626,1.0611428571428405,5,1500.0,0.28,4.765285714285775,9.52306551769895,newyork,Wed,17,False
1402,XAUUSDm,long,2026-06-17 18:05:00+00:00,57178,4316.505,0.1,4309.505,4326.505,7.0,close_below_lower,3.777676897036616,0.1,4321.505,0.5,0.0,0.0,0.0,,,False,2026-06-17 18:10:00+00:00,57179,4294.866,sl,-216.39000000000124,0.0,0.0,-216.39000000000124,-3.091285714285732,-30.690999999999804,2.7600000000002183,-4.384428571428543,0.3942857142857455,1,300.0,0.28,10.273642857142997,10.080496186361382,newyork,Wed,18,False
1403,XAUUSDm,long,2026-06-17 18:15:00+00:00,57180,4284.8099999999995,0.1,4284.8099999999995,4294.81,7.0,close_below_lower,5.121177838985703,0.05,4289.81,0.5,0.05,4306.573,108.81500000000415,57181.0,2026-06-17 18:20:00+00:00,True,2026-06-17 18:20:00+00:00,57181,4306.573,tp,217.6300000000083,0.0,0.0,217.6300000000083,3.1090000000001186,-1.9429999999993015,23.45300000000043,-0.27757142857132877,3.350428571428633,1,300.0,0.28,13.653142857142939,10.824220304614505,newyork,Wed,18,False
1404,XAUUSDm,long,2026-06-17 18:25:00+00:00,57182,4292.913,0.1,4285.913,4302.913,7.0,close_below_lower,3.0697641238489832,0.1,4297.913,0.5,0.0,0.0,0.0,,,False,2026-06-17 18:30:00+00:00,57183,4285.913,sl,-70.0,0.0,0.0,-70.0,-1.0,-8.178999999999178,1.6170000000001892,-1.168428571428454,0.23100000000002702,1,300.0,0.28,16.1772142857144,11.300021456113761,newyork,Wed,18,False
1405,XAUUSDm,long,2026-06-17 18:35:00+00:00,57184,4270.977,0.1,4270.977,4280.977,7.0,close_below_lower,3.5566084447453328,0.05,4275.977,0.5,0.05,4302.854,159.38500000000204,57185.0,2026-06-17 18:40:00+00:00,True,2026-06-17 18:40:00+00:00,57185,4302.854,tp,318.7700000000041,0.0,0.0,318.7700000000041,4.5538571428572014,-0.3899999999994179,40.64300000000003,-0.05571428571420256,5.806142857142861,1,300.0,0.28,19.495999999999963,11.823676644442365,newyork,Wed,18,False
1406,XAUUSDm,long,2026-06-17 19:00:00+00:00,57189,4286.3369999999995,0.1,4279.337,4296.337,7.0,close_below_lower,1.0732431605962631,0.1,4291.337,0.5,0.0,0.0,0.0,,,False,2026-06-17 19:05:00+00:00,57190,4271.71,sl,-146.26999999999498,0.0,0.0,-146.26999999999498,-2.089571428571357,-15.042999999999665,9.103000000000065,-2.148999999999952,1.3004285714285808,1,300.0,0.28,26.04521428571414,12.097741984202084,newyork,Wed,19,False
1407,XAUUSDm,long,2026-06-17 19:10:00+00:00,57191,4268.758,0.1,4261.758,4278.758,7.0,close_below_lower,1.623812294192996,0.1,4273.758,0.5,0.0,0.0,0.0,,,False,2026-06-17 19:15:00+00:00,57192,4261.758,sl,-70.0,0.0,0.0,-70.0,-1.0,-8.648999999999432,6.311999999999898,-1.2355714285713475,0.9017142857142711,1,300.0,0.28,28.01607142857126,12.432273948762662,newyork,Wed,19,False
1408,XAUUSDm,long,2026-06-17 19:20:00+00:00,57193,4244.295999999999,0.1,4237.296,4254.296,7.0,close_below_lower,2.6127830209149754,0.1,4249.296,0.5,0.0,0.0,0.0,,,False,2026-06-17 19:25:00+00:00,57194,4236.2,sl,-80.95999999999549,0.0,0.0,-80.95999999999549,-1.1565714285713642,-8.26299999999901,1.7900000000008731,-1.1804285714284302,0.25571428571441046,1,300.0,0.28,23.903499999999763,12.87539611713055,newyork,Wed,19,False
1409,XAUUSDm,long,2026-06-17 19:30:00+00:00,57195,4227.352,0.1,4220.352,4237.352,7.0,close_below_lower,2.6792895693999075,0.1,4232.352,0.5,0.0,0.0,0.0,,,False,2026-06-17 19:35:00+00:00,57196,4220.352,sl,-70.0,0.0,0.0,-70.0,-1.0,-6.84900000000016,8.269000000000233,-0.9784285714285943,1.1812857142857476,1,300.0,0.28,22.629499999999748,13.442875535818224,newyork,Wed,19,False
1410,XAUUSDm,long,2026-06-17 19:40:00+00:00,57197,4222.115,0.1,4222.115,4232.115,7.0,close_below_lower,1.9815520141608824,0.05,4227.115,0.5,0.05,4230.793,43.38999999999942,57198.0,2026-06-17 19:45:00+00:00,True,2026-06-17 19:45:00+00:00,57198,4232.115,tp,93.38999999999942,0.0,0.0,93.38999999999942,1.3341428571428489,-3.251999999999498,13.677999999999884,-0.46457142857135686,1.9539999999999833,1,300.0,0.28,22.669071428571183,13.909294572948108,newyork,Wed,19,False
1411,XAUUSDm,long,2026-06-17 19:50:00+00:00,57199,4238.923,0.1,4238.923,4248.923,7.0,close_below_lower,0.10082685781235985,0.05,4243.923,0.5,0.05,4243.923,25.0,57201.0,2026-06-17 20:00:00+00:00,True,2026-06-17 20:05:00+00:00,57202,4248.923,tp,75.0,0.0,0.0,75.0,1.0714285714285714,-4.644999999999527,8.118000000000393,-0.663571428571361,1.1597142857143419,3,900.0,0.26,18.796999999999766,14.091005194700159,newyork,Wed,19,False
1412,XAUUSDm,short,2026-06-17 20:20:00+00:00,57205,4267.081,0.1,4267.081,4257.081,7.0,close_above_upper,0.3993564361489583,0.05,4262.081,0.5,0.05,4260.291,33.94999999999982,57206.0,2026-06-17 20:25:00+00:00,True,2026-06-17 20:50:00+00:00,57211,4257.341,tp,82.64999999999873,0.0,0.0,82.64999999999873,1.1807142857142676,-2.644999999999527,9.164999999999964,-0.3778571428570753,1.309285714285709,6,1800.0,0.28,13.889785714285479,14.42215454182001,newyork,Wed,20,False
1413,XAUUSDm,short,2026-06-18 00:05:00+00:00,57238,4292.075,0.1,4299.075,4282.075,7.0,close_above_upper,0.025411357044113313,0.1,4287.075,0.5,0.0,0.0,0.0,,,False,2026-06-18 00:10:00+00:00,57239,4299.355,sl,-72.79999999999745,0.0,0.0,-72.79999999999745,-1.0399999999999636,-6.503000000000611,0.681999999999789,-0.9290000000000873,0.09742857142854129,1,300.0,0.28,7.028642857142976,14.787389927591,asian,Thu,0,False
1414,XAUUSDm,short,2026-06-18 00:15:00+00:00,57240,4297.294,0.1,4304.294,4287.294,7.0,close_above_upper,0.09700945308301243,0.1,4292.294,0.5,0.0,0.0,0.0,,,False,2026-06-18 00:30:00+00:00,57243,4304.574,sl,-72.79999999999745,0.0,0.0,-72.79999999999745,-1.0399999999999636,-4.141000000000531,2.6710000000002765,-0.5915714285715045,0.3815714285714681,3,900.0,0.28,7.517214285714415,14.9363238600673,asian,Thu,0,False
1415,XAUUSDm,short,2026-06-18 00:35:00+00:00,57244,4306.481,0.1,4313.481,4296.481,7.0,close_above_upper,0.13470987702206214,0.1,4301.481,0.5,0.0,0.0,0.0,,,False,2026-06-18 00:45:00+00:00,57246,4313.741,sl,-72.60000000000218,0.0,0.0,-72.60000000000218,-1.0371428571428882,-5.155999999999949,3.371999999999389,-0.7365714285714213,0.4817142857141984,2,600.0,0.26,7.049357142857324,15.216216810505376,asian,Thu,0,False
1416,XAUUSDm,short,2026-06-18 00:50:00+00:00,57247,4313.527,0.1,4313.527,4303.527,7.0,close_above_upper,0.09877413771432357,0.05,4308.527,0.5,0.05,4308.787,23.69999999999891,57248.0,2026-06-18 00:55:00+00:00,True,2026-06-18 01:00:00+00:00,57249,4313.807,be_stop,22.300000000000182,0.0,0.0,22.300000000000182,0.31857142857143117,-1.863999999999578,5.1340000000000146,-0.266285714285654,0.7334285714285735,2,600.0,0.28,7.165928571428724,15.468289779789568,asian,Thu,0,False
1417,XAUUSDm,short,2026-06-18 01:05:00+00:00,57250,4321.627,0.1,4321.627,4311.627,7.0,close_above_upper,0.1495611794722769,0.05,4316.627,0.5,0.05,4316.907,23.600000000001273,57252.0,2026-06-18 01:15:00+00:00,True,2026-06-18 01:20:00+00:00,57253,4321.887000000001,be_stop,22.300000000000182,0.0,0.0,22.300000000000182,0.31857142857143117,-6.919999999999163,5.899000000000342,-0.9885714285713091,0.8427142857143346,3,900.0,0.28,8.04585714285713,15.693051134086272,asian,Thu,1,False
1418,XAUUSDm,long,2026-06-18 09:00:00+00:00,57345,4267.076,0.1,4260.076,4277.076,7.0,close_below_lower,0.06610808390156887,0.1,4272.076,0.5,0.0,0.0,0.0,,,False,2026-06-18 09:10:00+00:00,57347,4260.076,sl,-70.0,0.0,0.0,-70.0,-1.0,-5.613000000000284,2.0770000000002256,-0.8018571428571833,0.29671428571431796,2,600.0,0.26,5.959285714285735,16.43268548572917,london,Thu,9,False
1419,XAUUSDm,short,2026-06-18 13:35:00+00:00,57400,4272.084,0.1,4272.084,4262.084,7.0,close_above_upper,0.04948977540335216,0.05,4267.084,0.5,0.05,4267.344,23.69999999999891,57401.0,2026-06-18 13:40:00+00:00,True,2026-06-18 13:45:00+00:00,57402,4262.344,tp,72.39999999999782,0.0,0.0,72.39999999999782,1.0342857142856832,-1.949999999999818,8.764000000000124,-0.2785714285714026,1.2520000000000178,2,600.0,0.26,7.844714285714223,16.905726649713117,overlap,Thu,13,False
1420,XAUUSDm,short,2026-06-19 13:00:00+00:00,57669,4178.869,0.1,4178.869,4168.869,7.0,close_above_upper,0.03671173816982584,0.05,4173.869,0.5,0.05,4169.551,46.58999999999651,57670.0,2026-06-19 13:05:00+00:00,True,2026-06-19 13:05:00+00:00,57670,4169.129,tp,95.28999999999542,0.0,0.0,95.28999999999542,1.3612857142856487,-2.753000000000611,14.302999999999884,-0.3932857142858016,2.0432857142856977,1,300.0,0.26,6.6202142857144155,21.33751585104696,overlap,Fri,13,False
1421,XAUUSDm,short,2026-06-22 00:45:00+00:00,57750,4175.529,0.1,4182.529,4165.529,7.0,close_above_upper,0.04009388865103474,0.1,4170.529,0.5,0.0,0.0,0.0,,,False,2026-06-22 00:50:00+00:00,57751,4184.113,sl,-85.83999999999833,0.0,0.0,-85.83999999999833,-1.2262857142856904,-8.709999999999127,0.19500000000061846,-1.2442857142855897,0.027857142857231208,1,300.0,0.26,7.085285714285874,16.046609232465343,asian,Mon,0,False
1422,XAUUSDm,short,2026-06-22 00:55:00+00:00,57752,4188.233,0.1,4195.233,4178.233,7.0,close_above_upper,0.4319979854991097,0.1,4183.233,0.5,0.0,0.0,0.0,,,False,2026-06-22 01:00:00+00:00,57753,4201.226000000001,sl,-129.93000000000393,0.0,0.0,-129.93000000000393,-1.8561428571429133,-12.935999999999694,0.08799999999973807,-1.8479999999999563,0.012571428571391152,1,300.0,0.26,7.6025000000000285,16.13640324337193,asian,Mon,0,False
1423,XAUUSDm,short,2026-06-22 01:05:00+00:00,57754,4206.312,0.1,4213.312,4196.312,7.0,close_above_upper,0.9786868264231832,0.1,4201.312,0.5,0.0,0.0,0.0,,,False,2026-06-22 01:10:00+00:00,57755,4213.9490000000005,sl,-76.37000000000626,0.0,0.0,-76.37000000000626,-1.0910000000000895,-9.90899999999965,2.212999999999738,-1.4155714285713787,0.3161428571428197,1,300.0,0.26,8.977285714285633,16.430234573967116,asian,Mon,1,False
1424,XAUUSDm,short,2026-06-22 01:15:00+00:00,57756,4211.777,0.1,4211.777,4201.777,7.0,close_above_upper,0.6827701611744769,0.05,4206.777,0.5,0.05,4207.037,23.69999999999891,57757.0,2026-06-22 01:20:00+00:00,True,2026-06-22 01:25:00+00:00,57758,4212.037,be_stop,22.399999999997817,0.0,0.0,22.399999999997817,0.3199999999999688,-3.0479999999997744,6.667999999999665,-0.4354285714285392,0.9525714285713808,2,600.0,0.26,9.207857142857003,16.750827731392693,asian,Mon,1,False
1425,XAUUSDm,long,2026-06-22 15:50:00+00:00,57931,4170.314,0.1,4170.314,4180.314,7.0,close_below_lower,0.23286942687299553,0.05,4175.314,0.5,0.05,4178.641,41.63499999999658,57932.0,2026-06-22 15:55:00+00:00,True,2026-06-22 15:55:00+00:00,57932,4180.314,tp,91.63499999999658,0.0,0.0,91.63499999999658,1.3090714285713798,-0.6860000000006039,8.679000000000087,-0.09800000000008627,1.2398571428571554,1,300.0,0.26,6.191071428571571,15.676767369518089,overlap,Mon,15,False
1426,XAUUSDm,long,2026-06-23 01:40:00+00:00,58037,4162.412,0.1,4155.412,4172.412,7.0,close_below_lower,0.26483971550596475,0.1,4167.412,0.5,0.0,0.0,0.0,,,False,2026-06-23 01:45:00+00:00,58038,4154.339,sl,-80.7300000000032,0.0,0.0,-80.7300000000032,-1.15328571428576,-8.780999999999949,2.532000000000153,-1.2544285714285641,0.3617142857143075,1,300.0,0.26,7.151857142856962,14.879843957317604,asian,Tue,1,False
1427,XAUUSDm,long,2026-06-23 01:50:00+00:00,58039,4150.929,0.1,4150.929,4160.929,7.0,close_below_lower,0.5985232539960075,0.05,4155.929,0.5,0.05,4157.06,30.655000000001564,58040.0,2026-06-23 01:55:00+00:00,True,2026-06-23 01:55:00+00:00,58040,4160.929,tp,80.65500000000156,0.0,0.0,80.65500000000156,1.152214285714308,-0.7849999999998545,7.063000000000102,-0.11214285714283635,1.0090000000000146,1,300.0,0.26,7.783499999999874,15.147455834464473,asian,Tue,1,False
1428,XAUUSDm,long,2026-06-23 03:20:00+00:00,58057,4133.638,0.1,4133.638,4143.638,7.0,close_below_lower,0.047876307602106996,0.05,4138.638,0.5,0.05,4138.638,25.0,58058.0,2026-06-23 03:25:00+00:00,True,2026-06-23 03:35:00+00:00,58060,4133.638,be_stop,25.0,0.0,0.0,25.0,0.35714285714285715,-2.876999999999498,7.576000000000022,-0.41099999999992826,1.0822857142857174,3,900.0,0.26,5.879428571428499,15.402049872351117,asian,Tue,3,False
1429,XAUUSDm,long,2026-06-23 05:00:00+00:00,58077,4118.595,0.1,4118.595,4128.595,7.0,close_below_lower,0.31378695816329555,0.05,4123.595,0.5,0.05,4134.422,79.13499999999658,58078.0,2026-06-23 05:05:00+00:00,True,2026-06-23 05:05:00+00:00,58078,4134.422,tp,158.26999999999316,0.0,0.0,158.26999999999316,2.2609999999999024,-3.3090000000001965,15.815999999999804,-0.4727142857143138,2.2594285714285434,1,300.0,0.26,4.7803571428572855,14.574643476083228,asian,Tue,5,False
1430,XAUUSDm,long,2026-06-23 08:05:00+00:00,58114,4092.849,0.1,4092.849,4102.849,7.0,close_below_lower,0.18657709039898332,0.05,4097.849,0.5,0.05,4097.849,25.0,58116.0,2026-06-23 08:15:00+00:00,True,2026-06-23 08:35:00+00:00,58120,4102.849,tp,75.0,0.0,0.0,75.0,1.0714285714285714,-2.2220000000002074,9.378999999999905,-0.31742857142860104,1.3398571428571293,6,1800.0,0.26,6.5513571428572765,14.436631884531721,london,Tue,8,False
1431,XAUUSDm,short,2026-06-23 10:05:00+00:00,58138,4131.536,0.1,4131.536,4121.536,7.0,close_above_upper,0.046288878391115416,0.05,4126.536,0.5,0.05,4126.796,23.69999999999891,58145.0,2026-06-23 10:40:00+00:00,True,2026-06-23 10:50:00+00:00,58147,4124.658,cross_center,58.08999999999742,0.0,0.0,58.08999999999742,0.829857142857106,-1.6610000000000582,8.149000000000342,-0.2372857142857226,1.164142857142906,9,2700.0,0.26,5.012357142857127,14.79923879609495,london,Tue,10,False
1432,XAUUSDm,short,2026-06-23 13:55:00+00:00,58184,4136.959,0.1,4143.959,4126.959,7.0,close_above_upper,0.13528813381592417,0.1,4131.959,0.5,0.0,0.0,0.0,,,False,2026-06-23 14:10:00+00:00,58187,4144.219,sl,-72.60000000000218,0.0,0.0,-72.60000000000218,-1.0371428571428882,-6.899000000000342,5.307999999999993,-0.9855714285714774,0.7582857142857132,3,900.0,0.26,8.224642857142694,14.501383390792142,overlap,Tue,13,False
1433,XAUUSDm,long,2026-06-23 23:40:00+00:00,58289,4084.3480000000004,0.1,4084.3480000000004,4094.348,7.0,close_below_lower,0.16870013447494242,0.05,4089.348,0.5,0.05,4089.348,24.999999999997726,58290.0,2026-06-23 23:45:00+00:00,True,2026-06-23 23:45:00+00:00,58290,4094.348,tp,74.99999999999545,0.0,0.0,74.99999999999545,1.0714285714285066,-3.5210000000001855,3.0929999999993925,-0.5030000000000265,0.4418571428570561,1,300.0,0.26,5.3572142857143,13.073861303013917,rollover,Tue,23,False
1434,XAUUSDm,long,2026-06-24 01:05:00+00:00,58306,4073.603,0.1,4073.603,4083.603,7.0,close_below_lower,0.6788734415875439,0.05,4078.603,0.5,0.05,4078.603,25.0,58307.0,2026-06-24 01:10:00+00:00,True,2026-06-24 01:10:00+00:00,58307,4083.603,tp,75.0,0.0,0.0,75.0,1.0714285714285714,-5.418999999999869,9.50799999999981,-0.7741428571428385,1.3582857142856872,1,300.0,0.26,8.039785714285667,13.303463760773901,asian,Wed,1,False
1435,XAUUSDm,long,2026-06-24 02:40:00+00:00,58325,4061.094,0.1,4061.094,4071.094,7.0,close_below_lower,0.3919459792520553,0.05,4066.094,0.5,0.05,4066.094,25.0,58328.0,2026-06-24 02:55:00+00:00,True,2026-06-24 03:00:00+00:00,58329,4061.094,be_stop,25.0,0.0,0.0,25.0,0.35714285714285715,-9.135000000000218,8.355000000000018,-1.3050000000000312,1.1935714285714312,4,1200.0,0.26,7.494142857142768,13.527054168196237,asian,Wed,2,False
1436,XAUUSDm,short,2026-06-24 05:35:00+00:00,58360,4082.181,0.1,4082.181,4072.181,7.0,close_above_upper,0.03813274535310239,0.05,4077.181,0.5,0.05,4077.4410000000003,23.69999999999891,58361.0,2026-06-24 05:40:00+00:00,True,2026-06-24 05:50:00+00:00,58363,4072.4410000000003,tp,72.39999999999782,0.0,0.0,72.39999999999782,1.0342857142856832,-0.3710000000000946,9.932999999999993,-0.053000000000013515,1.418999999999999,3,900.0,0.26,5.203571428571455,13.892434699970249,asian,Wed,5,False
1437,XAUUSDm,short,2026-06-24 06:10:00+00:00,58367,4090.304,0.1,4097.304,4080.304,7.0,close_above_upper,0.09908768756898313,0.1,4085.304,0.5,0.0,0.0,0.0,,,False,2026-06-24 06:15:00+00:00,58368,4097.564,sl,-72.60000000000218,0.0,0.0,-72.60000000000218,-1.0371428571428882,-6.985999999999876,1.5100000000002183,-0.9979999999999823,0.2157142857143169,1,300.0,0.26,6.636857142857187,14.033181689781362,asian,Wed,6,False
1438,XAUUSDm,long,2026-06-24 12:30:00+00:00,58443,4015.46,0.1,4008.46,4025.46,7.0,close_below_lower,0.7748434399493895,0.1,4020.46,0.5,0.0,0.0,0.0,,,False,2026-06-24 12:35:00+00:00,58444,4008.46,sl,-70.0,0.0,0.0,-70.0,-1.0,-6.441000000000258,5.291999999999916,-0.920142857142894,0.755999999999988,1,300.0,0.16,9.324642857142862,14.617011361822073,overlap,Wed,12,False
1439,XAUUSDm,long,2026-06-24 12:40:00+00:00,58445,4011.727,0.1,4004.727,4021.727,7.0,close_below_lower,0.5986495463508629,0.1,4016.727,0.5,0.0,0.0,0.0,,,False,2026-06-24 12:45:00+00:00,58446,4004.727,sl,-70.0,0.0,0.0,-70.0,-1.0,-4.237999999999829,3.405999999999949,-0.605428571428547,0.48657142857142127,1,300.0,0.16,9.95450000000002,14.80539214423087,overlap,Wed,12,False
1440,XAUUSDm,long,2026-06-24 12:50:00+00:00,58447,4004.524,0.1,3997.524,4014.524,7.0,close_below_lower,0.6502654546132918,0.1,4009.524,0.5,0.0,0.0,0.0,,,False,2026-06-24 12:55:00+00:00,58448,3997.524,sl,-70.0,0.0,0.0,-70.0,-1.0,-4.855000000000018,3.7800000000002,-0.6935714285714312,0.5400000000000286,1,300.0,0.16,10.627357142857136,15.017707495209795,overlap,Wed,12,False
1441,XAUUSDm,long,2026-06-24 13:00:00+00:00,58449,3988.062,0.1,3981.062,3998.062,7.0,close_below_lower,1.1751417916553415,0.1,3993.062,0.5,0.0,0.0,0.0,,,False,2026-06-24 13:05:00+00:00,58450,3980.142,sl,-79.20000000000073,0.0,0.0,-79.20000000000073,-1.1314285714285819,-16.346000000000004,7.721000000000004,-2.335142857142858,1.1030000000000004,1,300.0,0.16,11.484142857142874,15.3117426136331,overlap,Wed,13,False
1442,XAUUSDm,long,2026-06-24 13:10:00+00:00,58451,3977.374,0.1,3970.374,3987.374,7.0,close_below_lower,1.1432564956849924,0.1,3982.374,0.5,0.0,0.0,0.0,,,False,2026-06-24 13:15:00+00:00,58452,3970.374,sl,-70.0,0.0,0.0,-70.0,-1.0,-10.623999999999796,1.680000000000291,-1.5177142857142567,0.24000000000004157,1,300.0,0.16,12.806357142857157,15.698518306574208,overlap,Wed,13,False
1443,XAUUSDm,long,2026-06-24 13:20:00+00:00,58453,3976.508,0.1,3976.508,3986.508,7.0,close_below_lower,0.5647305690656546,0.05,3981.508,0.5,0.05,3981.508,25.0,58455.0,2026-06-24 13:30:00+00:00,True,2026-06-24 13:30:00+00:00,58455,3986.508,tp,75.0,0.0,0.0,75.0,1.0714285714285714,-12.121999999999844,0.0,-1.7317142857142633,0.0,2,600.0,0.16,13.341428571428619,15.991583885126275,overlap,Wed,13,False
1444,XAUUSDm,short,2026-06-24 13:45:00+00:00,58458,4015.173,0.1,4022.173,4005.173,7.0,close_above_upper,0.36421802113866913,0.1,4010.173,0.5,0.0,0.0,0.0,,,False,2026-06-24 13:50:00+00:00,58459,4022.3329999999996,sl,-71.59999999999854,0.0,0.0,-71.59999999999854,-1.022857142857122,-5.50400000000036,6.005999999999858,-0.7862857142857658,0.8579999999999798,1,300.0,0.16,14.63035714285713,16.436318233045252,overlap,Wed,13,False
1445,XAUUSDm,short,2026-06-24 13:55:00+00:00,58460,4029.079,0.1,4036.079,4019.079,7.0,close_above_upper,0.8542728274401634,0.1,4024.079,0.5,0.0,0.0,0.0,,,False,2026-06-24 14:00:00+00:00,58461,4038.287,sl,-92.07999999999629,0.0,0.0,-92.07999999999629,-1.3154285714285183,-13.048999999999978,5.344000000000051,-1.864142857142854,0.7634285714285787,1,300.0,0.16,15.162071428571446,16.767640824561585,overlap,Wed,13,False
1446,XAUUSDm,short,2026-06-24 14:05:00+00:00,58462,4024.336,0.1,4031.336,4014.336,7.0,close_above_upper,0.13533347503174006,0.1,4019.336,0.5,0.0,0.0,0.0,,,False,2026-06-24 14:10:00+00:00,58463,4031.4959999999996,sl,-71.59999999999854,0.0,0.0,-71.59999999999854,-1.022857142857122,-6.6590000000001055,2.6369999999997162,-0.9512857142857294,0.3767142857142452,1,300.0,0.16,16.200714285714316,17.06632438762044,overlap,Wed,14,False
1447,XAUUSDm,long,2026-06-24 18:05:00+00:00,58510,3966.972,0.1,3966.972,3976.972,7.0,close_below_lower,0.15000673807902007,0.05,3971.972,0.5,0.05,3983.923,84.75499999999784,58511.0,2026-06-24 18:10:00+00:00,True,2026-06-24 18:10:00+00:00,58511,3983.923,tp,169.50999999999567,0.0,0.0,169.50999999999567,2.4215714285713665,-0.27200000000038926,17.16399999999976,-0.03885714285719847,2.4519999999999658,1,300.0,0.26,6.906071428571457,18.81654169011894,newyork,Wed,18,False
1448,XAUUSDm,long,2026-06-25 00:40:00+00:00,58577,3982.929,0.1,3982.929,3992.929,7.0,close_below_lower,0.07328611768505837,0.05,3987.929,0.5,0.05,3987.929,25.0,58579.0,2026-06-25 00:50:00+00:00,True,2026-06-25 00:50:00+00:00,58579,3992.929,tp,75.0,0.0,0.0,75.0,1.0714285714285714,-4.564000000000306,4.73700000000008,-0.6520000000000437,0.6767142857142971,2,600.0,0.26,7.1632857142857835,18.38772897827781,asian,Thu,0,False
1449,XAUUSDm,short,2026-06-25 12:45:00+00:00,58722,4005.466,0.1,4012.466,3995.466,7.0,close_above_upper,0.01117059486542306,0.1,4000.466,0.5,0.0,0.0,0.0,,,False,2026-06-25 12:50:00+00:00,58723,4014.618,sl,-91.52000000000044,0.0,0.0,-91.52000000000044,-1.3074285714285776,-12.83199999999988,2.0459999999998217,-1.83314285714284,0.29228571428568884,1,300.0,0.24,8.346357142857155,18.00759233909919,overlap,Thu,12,False
1450,XAUUSDm,short,2026-06-25 12:55:00+00:00,58724,4015.905,0.1,4022.905,4005.905,7.0,close_above_upper,0.24412401110093768,0.1,4010.905,0.5,0.0,0.0,0.0,,,False,2026-06-25 13:00:00+00:00,58725,4023.145,sl,-72.39999999999782,0.0,0.0,-72.39999999999782,-1.0342857142856832,-0.7809999999999491,7.470000000000255,-0.1115714285714213,1.0671428571428936,1,300.0,0.24,9.08035714285711,18.25331963974935,overlap,Thu,12,False
1451,XAUUSDm,short,2026-06-25 13:05:00+00:00,58726,4029.031,0.1,4029.031,4019.031,7.0,close_above_upper,0.591209397236402,0.05,4024.031,0.5,0.05,4024.2709999999997,23.80000000000109,58728.0,2026-06-25 13:15:00+00:00,True,2026-06-25 13:20:00+00:00,58729,4029.2709999999997,be_stop,22.600000000002183,0.0,0.0,22.600000000002183,0.32285714285717404,-4.862999999999829,8.246000000000095,-0.6947142857142613,1.1780000000000135,3,900.0,0.24,10.654928571428595,18.506463450906267,overlap,Thu,13,False
1452,XAUUSDm,short,2026-06-25 15:25:00+00:00,58754,4037.827,0.1,4037.827,4027.827,7.0,close_above_upper,0.04604776711191797,0.05,4032.827,0.5,0.05,4027.348,52.395000000001346,58755.0,2026-06-25 15:30:00+00:00,True,2026-06-25 15:30:00+00:00,58755,4027.348,tp,104.79000000000269,0.0,0.0,104.79000000000269,1.4970000000000385,-0.4159999999997126,11.839000000000397,-0.05942857142853037,1.691285714285771,1,300.0,0.24,9.75850000000001,18.95498591041327,overlap,Thu,15,False
1453,XAUUSDm,long,2026-06-26 02:45:00+00:00,58878,3992.553,0.1,3985.553,4002.553,7.0,close_below_lower,0.0015121287324356043,0.1,3997.553,0.5,0.0,0.0,0.0,,,False,2026-06-26 02:50:00+00:00,58879,3985.553,sl,-70.0,0.0,0.0,-70.0,-1.0,-1.856999999999971,1.6330000000002656,-0.26528571428571013,0.23328571428575223,1,300.0,0.24,6.351071428571426,17.623339863202574,asian,Fri,2,False
1454,XAUUSDm,long,2026-06-26 02:55:00+00:00,58880,3986.7079999999996,0.1,3986.7079999999996,3996.708,7.0,close_below_lower,0.05573512003860483,0.05,3991.708,0.5,0.05,3991.708,25.000000000002274,58881.0,2026-06-26 03:00:00+00:00,True,2026-06-26 03:10:00+00:00,58883,3996.708,tp,75.00000000000455,0.0,0.0,75.00000000000455,1.0714285714286365,-3.8289999999997235,8.692000000000462,-0.5469999999999605,1.2417142857143517,3,900.0,0.24,6.489357142857151,17.81092300530093,asian,Fri,2,False
1455,XAUUSDm,short,2026-06-26 14:00:00+00:00,59013,4073.669,0.1,4080.669,4063.669,7.0,close_above_upper,0.24040561362987897,0.1,4068.669,0.5,0.0,0.0,0.0,,,False,2026-06-26 14:10:00+00:00,59015,4080.9089999999997,sl,-72.39999999999782,0.0,0.0,-72.39999999999782,-1.0342857142856832,-5.697000000000116,5.786000000000058,-0.8138571428571595,0.8265714285714368,2,600.0,0.24,9.993928571428471,14.145544130362335,overlap,Fri,14,False
1456,XAUUSDm,short,2026-06-26 14:15:00+00:00,59016,4082.345,0.1,4089.345,4072.345,7.0,close_above_upper,0.26842728819601047,0.1,4077.345,0.5,0.0,0.0,0.0,,,False,2026-06-26 14:20:00+00:00,59017,4089.5849999999996,sl,-72.39999999999782,0.0,0.0,-72.39999999999782,-1.0342857142856832,-10.758000000000266,1.3049999999998363,-1.536857142857181,0.18642857142854805,1,300.0,0.24,9.308928571428462,14.418036566623487,overlap,Fri,14,False
1457,XAUUSDm,short,2026-06-26 14:25:00+00:00,59018,4088.53,0.1,4088.53,4078.53,7.0,close_above_upper,0.27849012237685467,0.05,4083.53,0.5,0.05,4083.77,23.80000000000109,59019.0,2026-06-26 14:30:00+00:00,True,2026-06-26 14:35:00+00:00,59020,4078.77,tp,72.60000000000218,0.0,0.0,72.60000000000218,1.0371428571428882,-2.3339999999998327,8.863000000000284,-0.33342857142854754,1.2661428571428976,2,600.0,0.24,9.288499999999917,14.649613230137081,overlap,Fri,14,False
1458,XAUUSDm,short,2026-06-28 22:00:00+00:00,59097,4075.881,0.1,4082.881,4065.881,7.0,close_above_upper,0.10653447672427738,0.1,4070.881,0.5,0.0,0.0,0.0,,,False,2026-06-28 22:05:00+00:00,59098,4083.141,sl,-72.60000000000218,0.0,0.0,-72.60000000000218,-1.0371428571428882,-9.42599999999993,3.2649999999998727,-1.3465714285714188,0.46642857142855326,1,300.0,0.26,4.38549999999993,13.549959246643494,rollover,Sun,22,False
1459,XAUUSDm,long,2026-06-29 10:00:00+00:00,59229,4031.6589999999997,0.1,4031.6589999999997,4041.659,7.0,close_below_lower,0.08289344874356498,0.05,4036.659,0.5,0.05,4036.659,25.000000000002274,59231.0,2026-06-29 10:10:00+00:00,True,2026-06-29 10:40:00+00:00,59237,4038.196,cross_center,57.68500000000358,0.0,0.0,57.68500000000358,0.8240714285714797,-4.32799999999952,7.907000000000153,-0.6182857142856457,1.1295714285714504,8,2400.0,0.24,6.182428571428578,12.735090175855607,london,Mon,10,False
1460,XAUUSDm,long,2026-06-29 14:10:00+00:00,59279,4015.942,0.1,4008.942,4025.942,7.0,close_below_lower,0.6350818883831869,0.1,4020.942,0.5,0.0,0.0,0.0,,,False,2026-06-29 14:15:00+00:00,59280,4008.87,sl,-70.72000000000116,0.0,0.0,-70.72000000000116,-1.0102857142857309,-7.960999999999785,2.1829999999999927,-1.1372857142856836,0.31185714285714183,1,300.0,0.24,7.564285714285786,12.434549831188171,overlap,Mon,14,False
1461,XAUUSDm,long,2026-06-29 14:20:00+00:00,59281,4017.6099999999997,0.1,4017.6099999999997,4027.61,7.0,close_below_lower,0.05487288778739373,0.05,4022.61,0.5,0.05,4022.61,25.000000000002274,59282.0,2026-06-29 14:25:00+00:00,True,2026-06-29 14:25:00+00:00,59282,4027.61,tp,75.00000000000455,0.0,0.0,75.00000000000455,1.0714285714286365,-2.4089999999996508,2.9090000000001055,-0.34414285714280723,0.41557142857144364,1,300.0,0.24,8.564285714285786,12.649621591603799,overlap,Mon,14,False
1462,XAUUSDm,long,2026-06-30 00:40:00+00:00,59393,3996.109,0.1,3989.109,4006.109,7.0,close_below_lower,0.06910211009745845,0.1,4001.109,0.5,0.0,0.0,0.0,,,False,2026-06-30 00:55:00+00:00,59396,3989.109,sl,-70.0,0.0,0.0,-70.0,-1.0,-5.583000000000084,1.8079999999999927,-0.7975714285714405,0.25828571428571323,3,900.0,0.24,5.248285714285722,12.061550271918405,asian,Tue,0,False
1463,XAUUSDm,long,2026-06-30 01:00:00+00:00,59397,3987.2129999999997,0.1,3980.213,3997.213,7.0,close_below_lower,0.1573454730837806,0.1,3992.213,0.5,0.0,0.0,0.0,,,False,2026-06-30 01:05:00+00:00,59398,3980.096,sl,-71.16999999999734,0.0,0.0,-71.16999999999734,-1.0167142857142477,-11.448999999999614,0.07100000000036744,-1.6355714285713734,0.010142857142909634,1,300.0,0.24,5.9501428571428345,12.240964433698451,asian,Tue,1,False
1464,XAUUSDm,long,2026-06-30 01:10:00+00:00,59399,3963.6929999999998,0.1,3956.693,3973.693,7.0,close_below_lower,1.4912967976198295,0.1,3968.693,0.5,0.0,0.0,0.0,,,False,2026-06-30 01:15:00+00:00,59400,3956.693,sl,-69.99999999999545,0.0,0.0,-69.99999999999545,-0.999999999999935,-9.190999999999804,5.726000000000113,-1.312999999999972,0.8180000000000162,1,300.0,0.24,9.102357142857143,12.471129379337317,asian,Tue,1,False
1465,XAUUSDm,long,2026-06-30 01:20:00+00:00,59401,3970.8039999999996,0.1,3970.8039999999996,3980.804,7.0,close_below_lower,0.3126023026153351,0.05,3975.804,0.5,0.05,3975.804,25.000000000002274,59402.0,2026-06-30 01:25:00+00:00,True,2026-06-30 01:25:00+00:00,59402,3980.804,tp,75.00000000000455,0.0,0.0,75.00000000000455,1.0714285714286365,-4.217999999999847,4.676000000000386,-0.6025714285714068,0.6680000000000551,1,300.0,0.24,10.736928571428573,12.751274083024294,asian,Tue,1,False
1466,XAUUSDm,long,2026-06-30 01:50:00+00:00,59407,3962.9289999999996,0.1,3962.9289999999996,3972.929,7.0,close_below_lower,0.022863781223367564,0.05,3967.929,0.5,0.05,3967.929,25.000000000002274,59408.0,2026-06-30 01:55:00+00:00,True,2026-06-30 02:00:00+00:00,59409,3972.929,tp,75.00000000000455,0.0,0.0,75.00000000000455,1.0714285714286365,-1.5169999999998254,7.417000000000371,-0.21671428571426077,1.0595714285714817,2,600.0,0.24,11.787714285714335,12.906399647045056,asian,Tue,1,False
1467,XAUUSDm,short,2026-06-30 04:35:00+00:00,59440,3996.166,0.1,3996.166,3986.166,7.0,close_above_upper,0.7628960269478323,0.05,3991.166,0.5,0.05,3991.406,23.80000000000109,59441.0,2026-06-30 04:40:00+00:00,True,2026-06-30 04:45:00+00:00,59442,3986.406,tp,72.60000000000218,0.0,0.0,72.60000000000218,1.0371428571428882,-1.9049999999997453,8.943000000000211,-0.27214285714282077,1.2775714285714588,2,600.0,0.24,5.365285714285684,12.813057879492735,asian,Tue,4,False
1468,XAUUSDm,short,2026-06-30 06:25:00+00:00,59462,3999.863,0.1,4006.863,3989.863,7.0,close_above_upper,0.144826487298934,0.1,3994.863,0.5,0.0,0.0,0.0,,,False,2026-06-30 06:30:00+00:00,59463,4012.102,sl,-122.39000000000033,0.0,0.0,-122.39000000000033,-1.748428571428576,-13.592000000000098,2.6340000000000146,-1.9417142857142997,0.3762857142857164,1,300.0,0.24,6.60214285714291,12.968853625334336,asian,Tue,6,False
1469,XAUUSDm,short,2026-06-30 06:35:00+00:00,59464,4030.189,0.1,4030.189,4020.189,7.0,close_above_upper,1.8611593592605258,0.05,4025.189,0.5,0.05,4022.4309999999996,38.79000000000133,59465.0,2026-06-30 06:40:00+00:00,True,2026-06-30 06:45:00+00:00,59466,4030.4289999999996,be_stop,37.59000000000242,0.0,0.0,37.59000000000242,0.5370000000000346,-4.091000000000349,8.605999999999767,-0.5844285714286214,1.2294285714285382,2,600.0,0.24,8.421500000000021,13.27810626827781,asian,Tue,6,False
1470,XAUUSDm,short,2026-06-30 06:50:00+00:00,59467,4031.943,0.1,4031.943,4021.943,7.0,close_above_upper,1.0780260057250028,0.05,4026.943,0.5,0.05,4027.183,23.80000000000109,59468.0,2026-06-30 06:55:00+00:00,True,2026-06-30 07:20:00+00:00,59473,4032.183,be_stop,22.600000000002183,0.0,0.0,22.600000000002183,0.32285714285717404,-0.3089999999997417,8.189000000000306,-0.04414285714282024,1.1698571428571864,6,1800.0,0.24,8.857785714285715,13.711408680411726,asian,Tue,6,False
1471,XAUUSDm,short,2026-06-30 14:10:00+00:00,59555,4043.299,0.1,4050.299,4033.299,7.0,close_above_upper,0.27937688264371746,0.1,4038.299,0.5,0.0,0.0,0.0,,,False,2026-06-30 14:20:00+00:00,59557,4050.5389999999998,sl,-72.39999999999782,0.0,0.0,-72.39999999999782,-1.0342857142856832,-6.161999999999807,6.4789999999998145,-0.8802857142856867,0.9255714285714021,2,600.0,0.24,9.109000000000053,13.976321400835237,overlap,Tue,14,False
1472,XAUUSDm,short,2026-06-30 14:25:00+00:00,59558,4062.507,0.1,4062.507,4052.507,7.0,close_above_upper,1.0493051885238516,0.05,4057.507,0.5,0.05,4054.43,40.38500000000113,59559.0,2026-06-30 14:30:00+00:00,True,2026-06-30 14:30:00+00:00,59559,4052.747,tp,89.18500000000222,0.0,0.0,89.18500000000222,1.2740714285714603,-0.04899999999997817,8.871000000000095,-0.006999999999996882,1.267285714285728,1,300.0,0.24,9.941285714285739,14.250958746729065,overlap,Tue,14,False
1473,XAUUSDm,short,2026-07-01 11:05:00+00:00,59794,4006.498,0.1,4013.498,3996.498,7.0,close_above_upper,0.16068488545135298,0.1,4001.498,0.5,0.0,0.0,0.0,,,False,2026-07-01 11:10:00+00:00,59795,4013.738,sl,-72.39999999999782,0.0,0.0,-72.39999999999782,-1.0342857142856832,-4.331000000000131,0.0,-0.6187142857143044,0.0,1,300.0,0.24,4.525071428571372,13.761182545637169,london,Wed,11,False
1474,XAUUSDm,short,2026-07-01 11:15:00+00:00,59796,4015.829,0.1,4022.829,4005.829,7.0,close_above_upper,0.454520789795064,0.1,4010.829,0.5,0.0,0.0,0.0,,,False,2026-07-01 11:20:00+00:00,59797,4023.069,sl,-72.39999999999782,0.0,0.0,-72.39999999999782,-1.0342857142856832,-9.153999999999996,0.8900000000003274,-1.3077142857142852,0.1271428571429039,1,300.0,0.24,4.9714285714285,13.97456040721148,london,Wed,11,False
1475,XAUUSDm,short,2026-07-01 11:25:00+00:00,59798,4024.267,0.1,4031.267,4014.267,7.0,close_above_upper,0.5781965832239313,0.1,4019.267,0.5,0.0,0.0,0.0,,,False,2026-07-01 11:40:00+00:00,59801,4031.5069999999996,sl,-72.39999999999782,0.0,0.0,-72.39999999999782,-1.0342857142856832,-4.143000000000029,2.8779999999997017,-0.591857142857147,0.4111428571428145,3,900.0,0.24,5.668928571428523,14.252759052308718,london,Wed,11,False
1476,XAUUSDm,short,2026-07-01 11:45:00+00:00,59802,4029.023,0.1,4029.023,4019.023,7.0,close_above_upper,0.10884936612796703,0.05,4024.023,0.5,0.05,4024.263,23.80000000000109,59805.0,2026-07-01 12:00:00+00:00,True,2026-07-01 12:15:00+00:00,59808,4022.0989999999997,cross_center,58.420000000003256,0.0,0.0,58.420000000003256,0.834571428571475,-6.580999999999676,9.530999999999949,-0.9401428571428109,1.3615714285714213,6,1800.0,0.24,6.269357142857091,14.57888652080544,london,Wed,11,False
1477,XAUUSDm,short,2026-07-01 13:25:00+00:00,59822,4043.58,0.1,4050.58,4033.58,7.0,close_above_upper,0.19263332081485815,0.1,4038.58,0.5,0.0,0.0,0.0,,,False,2026-07-01 13:30:00+00:00,59823,4050.8199999999997,sl,-72.39999999999782,0.0,0.0,-72.39999999999782,-1.0342857142856832,-3.818000000000211,5.855999999999767,-0.5454285714286016,0.8365714285713953,1,300.0,0.24,7.818142857142935,14.869866139360347,overlap,Wed,13,False
1478,XAUUSDm,short,2026-07-01 13:35:00+00:00,59824,4047.799,0.1,4054.799,4037.799,7.0,close_above_upper,0.1822229123808563,0.1,4042.799,0.5,0.0,0.0,0.0,,,False,2026-07-01 13:40:00+00:00,59825,4071.096,sl,-232.97000000000025,0.0,0.0,-232.97000000000025,-3.328142857142861,-24.253000000000156,1.4729999999999563,-3.464714285714308,0.2104285714285652,1,300.0,0.24,8.507142857142915,15.049692728171147,overlap,Wed,13,False
1479,XAUUSDm,short,2026-07-01 13:45:00+00:00,59826,4097.992,0.1,4097.992,4087.992,7.0,close_above_upper,2.642837016167058,0.05,4092.992,0.5,0.05,4090.2349999999997,38.78500000000258,59827.0,2026-07-01 13:50:00+00:00,True,2026-07-01 13:50:00+00:00,59827,4088.232,tp,87.58500000000367,0.0,0.0,87.58500000000367,1.2512142857143382,-10.03399999999965,13.103000000000065,-1.4334285714285215,1.8718571428571522,1,300.0,0.24,11.64542857142864,15.588079237123516,overlap,Wed,13,False
1480,XAUUSDm,short,2026-07-01 13:55:00+00:00,59828,4087.847,0.1,4094.847,4077.847,7.0,close_above_upper,1.22001648253571,0.1,4082.847,0.5,0.0,0.0,0.0,,,False,2026-07-01 14:00:00+00:00,59829,4095.087,sl,-72.39999999999782,0.0,0.0,-72.39999999999782,-1.0342857142856832,-5.3840000000000146,2.09900000000016,-0.7691428571428592,0.29985714285716575,1,300.0,0.24,13.197285714285758,16.05284006874343,overlap,Wed,13,False
1481,XAUUSDm,short,2026-07-01 14:05:00+00:00,59830,4085.142,0.1,4092.142,4075.142,7.0,close_above_upper,0.4322648426457337,0.1,4080.142,0.5,0.0,0.0,0.0,,,False,2026-07-01 14:10:00+00:00,59831,4094.4599999999996,sl,-93.17999999999756,0.0,0.0,-93.17999999999756,-1.3311428571428223,-10.894000000000233,0.08999999999969077,-1.5562857142857476,0.012857142857098682,1,300.0,0.24,14.57828571428578,16.379467564161853,overlap,Wed,14,False
1482,XAUUSDm,short,2026-07-01 14:15:00+00:00,59832,4093.078,0.1,4100.078,4083.078,7.0,close_above_upper,0.3450356507600667,0.1,4088.078,0.5,0.0,0.0,0.0,,,False,2026-07-01 14:20:00+00:00,59833,4100.318,sl,-72.40000000000236,0.0,0.0,-72.40000000000236,-1.0342857142858153,-5.714999999999691,3.699999999999818,-0.8164285714285272,0.5285714285714026,1,300.0,0.24,15.01300000000005,16.653133240692377,overlap,Wed,14,False
1483,XAUUSDm,short,2026-07-01 14:25:00+00:00,59834,4104.541,0.1,4104.541,4094.541,7.0,close_above_upper,0.510996324974,0.05,4099.541,0.5,0.05,4099.781,23.80000000000109,59835.0,2026-07-01 14:30:00+00:00,True,2026-07-01 14:35:00+00:00,59836,4111.295999999999,be_stop,-9.974999999994907,0.0,0.0,-9.974999999994907,-0.14249999999992724,-6.757999999999811,8.835000000000036,-0.9654285714285444,1.2621428571428623,2,600.0,0.24,15.268500000000001,16.904872242595353,overlap,Wed,14,False
1484,XAUUSDm,long,2026-07-01 20:05:00+00:00,59902,4030.198,0.1,4030.198,4040.198,7.0,close_below_lower,0.3230719630900729,0.05,4035.198,0.5,0.05,4035.198,25.0,59903.0,2026-07-01 20:10:00+00:00,True,2026-07-01 20:55:00+00:00,59912,4030.198,be_stop,25.0,0.0,0.0,25.0,0.35714285714285715,-1.8040000000000873,9.04800000000023,-0.25771428571429816,1.2925714285714613,10,3000.0,0.24,5.429428571428551,16.916374333743523,newyork,Wed,20,False
1485,XAUUSDm,short,2026-07-02 01:05:00+00:00,59950,4064.779,0.1,4064.779,4054.779,7.0,close_above_upper,0.10861478213637059,0.05,4059.779,0.5,0.05,4060.019,23.80000000000109,59952.0,2026-07-02 01:15:00+00:00,True,2026-07-02 01:20:00+00:00,59953,4055.019,tp,72.60000000000218,0.0,0.0,72.60000000000218,1.0371428571428882,-3.257999999999811,5.231999999999971,-0.4654285714285444,0.7474285714285672,3,900.0,0.24,6.590785714285728,16.7145599400413,asian,Thu,1,False
1486,XAUUSDm,short,2026-07-02 12:35:00+00:00,60088,4127.34,0.1,4134.34,4117.34,7.0,close_above_upper,2.6802827245973657,0.1,4122.34,0.5,0.0,0.0,0.0,,,False,2026-07-02 12:40:00+00:00,60089,4137.045999999999,sl,-97.05999999999221,0.0,0.0,-97.05999999999221,-1.3865714285713173,-11.530999999999949,3.8590000000003783,-1.647285714285707,0.5512857142857683,1,300.0,0.24,9.327999999999975,14.929925856969048,overlap,Thu,12,False
1487,XAUUSDm,short,2026-07-02 12:45:00+00:00,60090,4132.504,0.1,4132.504,4122.504,7.0,close_above_upper,2.071987229078314,0.05,4127.504,0.5,0.05,4124.876,38.13999999999851,60091.0,2026-07-02 12:50:00+00:00,True,2026-07-02 12:50:00+00:00,60091,4122.744,tp,86.9399999999996,0.0,0.0,86.9399999999996,1.2419999999999942,-1.779000000000451,12.454999999999927,-0.25414285714292156,1.779285714285704,1,300.0,0.24,10.718642857142802,15.523404821265512,overlap,Thu,12,False
1488,XAUUSDm,short,2026-07-02 12:55:00+00:00,60092,4120.052,0.1,4127.052,4110.052,7.0,close_above_upper,0.6197892060018021,0.1,4115.052,0.5,0.0,0.0,0.0,,,False,2026-07-02 13:00:00+00:00,60093,4127.2919999999995,sl,-72.39999999999782,0.0,0.0,-72.39999999999782,-1.0342857142856832,-1.386000000000422,8.126999999999498,-0.1980000000000603,1.1609999999999283,1,300.0,0.24,11.804999999999998,15.814206680215095,overlap,Thu,12,False
1489,XAUUSDm,short,2026-07-02 13:05:00+00:00,60094,4126.74,0.1,4126.74,4116.74,7.0,close_above_upper,0.5207634995584504,0.05,4121.74,0.5,0.05,4118.356,41.92000000000007,60095.0,2026-07-02 13:10:00+00:00,True,2026-07-02 13:15:00+00:00,60096,4116.98,tp,90.72000000000116,0.0,0.0,90.72000000000116,1.2960000000000167,-0.47000000000025466,10.871999999999389,-0.06714285714289352,1.55314285714277,2,600.0,0.24,13.0362857142857,16.04566909331494,overlap,Thu,13,False
1490,XAUUSDm,short,2026-07-02 13:40:00+00:00,60101,4135.345,0.1,4142.345,4125.345,7.0,close_above_upper,0.05060712353883918,0.1,4130.345,0.5,0.0,0.0,0.0,,,False,2026-07-02 13:45:00+00:00,60102,4142.585,sl,-72.39999999999782,0.0,0.0,-72.39999999999782,-1.0342857142856832,-2.8239999999996144,8.38799999999992,-0.40342857142851635,1.1982857142857029,1,300.0,0.24,15.430285714285674,16.372909299485855,overlap,Thu,13,False
1491,XAUUSDm,short,2026-07-02 13:50:00+00:00,60103,4140.863,0.1,4140.863,4130.863,7.0,close_above_upper,0.08803126436846084,0.05,4135.863,0.5,0.05,4133.851,35.06000000000313,60104.0,2026-07-02 13:55:00+00:00,True,2026-07-02 14:00:00+00:00,60105,4131.103,tp,83.86000000000422,0.0,0.0,83.86000000000422,1.1980000000000603,-3.1019999999998618,8.502000000000407,-0.4431428571428374,1.2145714285714868,2,600.0,0.24,11.328642857142833,16.519155410075133,overlap,Thu,13,False
1492,XAUUSDm,long,2026-07-02 16:35:00+00:00,60136,4103.340999999999,0.1,4103.340999999999,4113.341,7.0,close_below_lower,0.1302695360138196,0.05,4108.341,0.5,0.05,4110.262,34.60500000000138,60137.0,2026-07-02 16:40:00+00:00,True,2026-07-02 16:40:00+00:00,60137,4113.341,tp,84.60500000000593,0.0,0.0,84.60500000000593,1.208642857142942,-3.146999999999025,7.274000000000342,-0.4495714285712893,1.039142857142906,1,300.0,0.24,5.9374285714286215,16.66749588424329,newyork,Thu,16,False
1493,XAUUSDm,short,2026-07-03 01:05:00+00:00,60226,4160.899,0.1,4167.899,4150.899,7.0,close_above_upper,0.27365716547652086,0.1,4155.899,0.5,0.0,0.0,0.0,,,False,2026-07-03 01:10:00+00:00,60227,4172.59,sl,-116.90999999999804,0.0,0.0,-116.90999999999804,-1.6701428571428292,-15.263999999999214,1.8130000000001019,-2.1805714285713163,0.25900000000001455,1,300.0,0.24,7.265714285714369,16.70727282576648,asian,Fri,1,False
1494,XAUUSDm,short,2026-07-03 01:15:00+00:00,60228,4176.035,0.1,4183.035,4166.035,7.0,close_above_upper,0.6960140273986014,0.1,4171.035,0.5,0.0,0.0,0.0,,,False,2026-07-03 01:20:00+00:00,60229,4183.275,sl,-72.39999999999782,0.0,0.0,-72.39999999999782,-1.0342857142856832,-5.626000000000204,2.2669999999998254,-0.8037142857143148,0.3238571428571179,1,300.0,0.24,8.141142857142897,17.02859258834343,asian,Fri,1,False
1495,XAUUSDm,short,2026-07-03 01:25:00+00:00,60230,4191.874,0.1,4191.874,4181.874,7.0,close_above_upper,1.0606198099847162,0.05,4186.874,0.5,0.05,4187.114,23.80000000000109,60231.0,2026-07-03 01:30:00+00:00,True,2026-07-03 01:35:00+00:00,60232,4193.21,be_stop,17.11999999999989,0.0,0.0,17.11999999999989,0.24457142857142702,-1.7979999999997744,9.436999999999898,-0.25685714285711064,1.3481428571428427,2,600.0,0.24,8.509285714285722,17.409664876761887,asian,Fri,1,False
1496,XAUUSDm,long,2026-07-06 12:45:00+00:00,60594,4133.767,0.1,4133.767,4143.767,7.0,close_below_lower,0.21954862662930688,0.05,4138.767,0.5,0.05,4138.767,25.0,60595.0,2026-07-06 12:50:00+00:00,True,2026-07-06 13:00:00+00:00,60597,4143.767,tp,75.0,0.0,0.0,75.0,1.0714285714285714,-0.6309999999994034,9.07800000000043,-0.09014285714277191,1.2968571428572042,3,900.0,0.24,4.498928571428548,12.935150243703983,overlap,Mon,12,False
1497,XAUUSDm,long,2026-07-07 01:20:00+00:00,60733,4136.191,0.1,4129.191,4146.191,7.0,close_below_lower,0.1997689169148255,0.1,4141.191,0.5,0.0,0.0,0.0,,,False,2026-07-07 01:25:00+00:00,60734,4129.191,sl,-70.0,0.0,0.0,-70.0,-1.0,-4.344000000000051,1.0,-0.6205714285714359,0.14285714285714285,1,300.0,0.24,5.853928571428696,10.963915760915809,asian,Tue,1,False
1498,XAUUSDm,long,2026-07-07 01:30:00+00:00,60735,4132.914,0.1,4132.914,4142.914,7.0,close_below_lower,0.15774347137992542,0.05,4137.914,0.5,0.05,4138.998,30.419999999999163,60736.0,2026-07-07 01:35:00+00:00,True,2026-07-07 01:45:00+00:00,60738,4142.914,tp,80.41999999999916,0.0,0.0,80.41999999999916,1.1488571428571308,-1.01299999999992,9.340000000000146,-0.14471428571427428,1.3342857142857352,3,900.0,0.24,6.112500000000117,11.019240386091585,asian,Tue,1,False
1499,XAUUSDm,short,2026-07-07 12:00:00+00:00,60861,4156.671,0.1,4163.671,4146.671,7.0,close_above_upper,0.13010708754091083,0.1,4151.671,0.5,0.0,0.0,0.0,,,False,2026-07-07 12:05:00+00:00,60862,4163.911,sl,-72.39999999999782,0.0,0.0,-72.39999999999782,-1.0342857142856832,-3.4429999999993015,2.3090000000001965,-0.4918571428570431,0.32985714285717094,1,300.0,0.24,4.59078571428563,11.191970312641876,overlap,Tue,12,False
1500,XAUUSDm,short,2026-07-07 12:10:00+00:00,60863,4169.307,0.1,4169.307,4159.307,7.0,close_above_upper,0.8608669764737661,0.05,4164.307,0.5,0.05,4164.547,23.80000000000109,60865.0,2026-07-07 12:20:00+00:00,True,2026-07-07 12:25:00+00:00,60866,4169.547,be_stop,22.600000000002183,0.0,0.0,22.600000000002183,0.32285714285717404,-5.846000000000458,6.1030000000000655,-0.8351428571429226,0.8718571428571522,3,900.0,0.24,5.569071428571273,11.334355206751528,overlap,Tue,12,False
1501,XAUUSDm,long,2026-07-07 14:05:00+00:00,60886,4154.985,0.1,4147.985,4164.985,7.0,close_below_lower,0.02934220041302495,0.1,4159.985,0.5,0.0,0.0,0.0,,,False,2026-07-07 14:35:00+00:00,60892,4147.985,sl,-70.0,0.0,0.0,-70.0,-1.0,-4.045000000000073,4.844000000000051,-0.5778571428571533,0.6920000000000073,6,1800.0,0.24,8.972071428571455,11.65815019350212,overlap,Tue,14,False
1502,XAUUSDm,long,2026-07-07 18:55:00+00:00,60944,4127.388,0.1,4120.388,4137.388,7.0,close_below_lower,0.1506760562094071,0.1,4132.388,0.5,0.0,0.0,0.0,,,False,2026-07-07 19:00:00+00:00,60945,4120.388,sl,-70.0,0.0,0.0,-70.0,-1.0,-1.693000000000211,3.2669999999998254,-0.241857142857173,0.46671428571426077,1,300.0,0.24,4.041000000000038,11.304831312967556,newyork,Tue,18,False
1503,XAUUSDm,long,2026-07-07 19:05:00+00:00,60946,4122.101,0.1,4115.101,4132.101,7.0,close_below_lower,0.32464382751083865,0.1,4127.101,0.5,0.0,0.0,0.0,,,False,2026-07-07 19:10:00+00:00,60947,4111.295,sl,-108.05999999999585,0.0,0.0,-108.05999999999585,-1.5437142857142265,-14.125,0.0,-2.017857142857143,0.0,1,300.0,0.24,4.7613571428571175,11.391157699414649,newyork,Tue,19,False
1504,XAUUSDm,long,2026-07-07 19:15:00+00:00,60948,4106.115,0.1,4099.115,4116.115,7.0,close_below_lower,1.1263773299484612,0.1,4111.115,0.5,0.0,0.0,0.0,,,False,2026-07-07 19:20:00+00:00,60949,4098.665,sl,-74.49999999999818,0.0,0.0,-74.49999999999818,-1.0642857142856883,-14.060999999999694,0.0,-2.008714285714242,0.0,1,300.0,0.24,5.996642857142823,11.62731427424478,newyork,Tue,19,False
1505,XAUUSDm,long,2026-07-07 19:25:00+00:00,60950,4101.9839999999995,0.1,4101.9839999999995,4111.984,7.0,close_below_lower,0.8515453032987211,0.05,4106.984,0.5,0.05,4106.984,25.000000000004547,60951.0,2026-07-07 19:30:00+00:00,True,2026-07-07 19:30:00+00:00,60951,4111.984,tp,75.0000000000091,0.0,0.0,75.0000000000091,1.0714285714287013,-3.8929999999991196,4.600000000000364,-0.5561428571427314,0.6571428571429091,1,300.0,0.24,7.412285714285774,11.885984374359563,newyork,Tue,19,False
1506,XAUUSDm,short,2026-07-08 00:40:00+00:00,61001,4122.725,0.1,4122.725,4112.725,7.0,close_above_upper,0.5867963707231963,0.05,4117.725,0.5,0.05,4117.965,23.80000000000109,61003.0,2026-07-08 00:50:00+00:00,True,2026-07-08 00:55:00+00:00,61004,4112.965,tp,72.60000000000218,0.0,0.0,72.60000000000218,1.0371428571428882,-4.161000000000058,7.770000000000437,-0.5944285714285797,1.1100000000000623,3,900.0,0.24,5.487357142857101,11.445709546183448,asian,Wed,0,False
1507,XAUUSDm,long,2026-07-08 08:20:00+00:00,61093,4088.883,0.1,4081.883,4098.883,7.0,close_below_lower,1.5286126884015339,0.1,4093.883,0.5,0.0,0.0,0.0,,,False,2026-07-08 08:25:00+00:00,61094,4081.883,sl,-70.0,0.0,0.0,-70.0,-1.0,-6.304999999999836,9.114999999999782,-0.9007142857142624,1.302142857142826,1,300.0,0.24,7.308428571428457,11.518452204721317,london,Wed,8,False
1508,XAUUSDm,long,2026-07-08 08:30:00+00:00,61095,4089.2039999999997,0.1,4082.204,4099.204,7.0,close_below_lower,0.920747158217522,0.1,4094.204,0.5,0.0,0.0,0.0,,,False,2026-07-08 08:35:00+00:00,61096,4082.204,sl,-69.99999999999545,0.0,0.0,-69.99999999999545,-0.999999999999935,-10.862999999999829,2.9160000000001673,-1.5518571428571184,0.41657142857145246,1,300.0,0.24,8.599999999999941,11.65868919263976,london,Wed,8,False
1509,XAUUSDm,long,2026-07-08 08:40:00+00:00,61097,4067.383,0.1,4067.383,4077.383,7.0,close_below_lower,2.0184081159286835,0.05,4072.383,0.5,0.05,4072.383,25.0,61098.0,2026-07-08 08:45:00+00:00,True,2026-07-08 08:50:00+00:00,61099,4066.704,be_stop,21.605000000001837,0.0,0.0,21.605000000001837,0.30864285714288336,-6.879999999999654,8.477000000000317,-0.9828571428570935,1.2110000000000452,2,600.0,0.24,10.142999999999931,11.946760056579201,london,Wed,8,False
1510,XAUUSDm,long,2026-07-08 08:55:00+00:00,61100,4063.424,0.1,4056.424,4073.424,7.0,close_below_lower,1.1463809533656055,0.1,4068.424,0.5,0.0,0.0,0.0,,,False,2026-07-08 09:00:00+00:00,61101,4056.424,sl,-70.0,0.0,0.0,-70.0,-1.0,-11.32400000000007,1.72400000000016,-1.6177142857142957,0.24628571428573715,1,300.0,0.24,10.709071428571308,12.448479719986146,london,Wed,8,False
1511,XAUUSDm,long,2026-07-08 09:05:00+00:00,61102,4055.763,0.1,4055.763,4065.763,7.0,close_below_lower,1.0163854472857143,0.05,4060.763,0.5,0.05,4060.763,25.0,61104.0,2026-07-08 09:15:00+00:00,True,2026-07-08 09:20:00+00:00,61105,4055.763,be_stop,25.0,0.0,0.0,25.0,0.35714285714285715,-5.592000000000098,5.329999999999927,-0.7988571428571569,0.761428571428561,3,900.0,0.24,11.453428571428471,12.736877384928306,london,Wed,9,False
1512,XAUUSDm,short,2026-07-08 12:20:00+00:00,61141,4075.31,0.1,4075.31,4065.31,7.0,close_above_upper,0.04915835310820038,0.05,4070.31,0.5,0.05,4067.6519999999996,38.29000000000178,61142.0,2026-07-08 12:25:00+00:00,True,2026-07-08 12:40:00+00:00,61145,4075.5499999999997,be_stop,37.090000000002874,0.0,0.0,37.090000000002874,0.5298571428571839,-1.7539999999999054,9.58199999999988,-0.25057142857141507,1.3688571428571257,4,1200.0,0.24,7.299142857142767,13.570100265904493,overlap,Wed,12,False
1513,XAUUSDm,long,2026-07-08 14:40:00+00:00,61169,4043.357,0.1,4036.357,4053.357,7.0,close_below_lower,0.345329670137256,0.1,4048.357,0.5,0.0,0.0,0.0,,,False,2026-07-08 14:45:00+00:00,61170,4036.301,sl,-70.5600000000004,0.0,0.0,-70.5600000000004,-1.0080000000000058,-8.155999999999949,5.873000000000047,-1.16514285714285,0.8390000000000067,1,300.0,0.24,8.832999999999922,14.058102953896611,overlap,Wed,14,False
1514,XAUUSDm,long,2026-07-08 14:50:00+00:00,61171,4035.897,0.1,4035.897,4045.897,7.0,close_below_lower,0.4343049766246972,0.05,4040.897,0.5,0.05,4044.41,42.5649999999996,61172.0,2026-07-08 14:55:00+00:00,True,2026-07-08 15:00:00+00:00,61173,4035.897,be_stop,42.5649999999996,0.0,0.0,42.5649999999996,0.6080714285714228,-1.3919999999998254,10.610000000000127,-0.19885714285711792,1.515714285714304,2,600.0,0.24,8.781285714285625,14.307145999125547,overlap,Wed,14,False
1515,XAUUSDm,long,2026-07-08 15:25:00+00:00,61178,4026.379,0.1,4026.379,4036.379,7.0,close_below_lower,0.04557072394343954,0.05,4031.379,0.5,0.05,4031.379,25.0,61179.0,2026-07-08 15:30:00+00:00,True,2026-07-08 15:35:00+00:00,61180,4025.113,be_stop,18.669999999999618,0.0,0.0,18.669999999999618,0.26671428571428024,-4.724999999999909,5.979000000000269,-0.674999999999987,0.8541428571428956,2,600.0,0.24,9.035642857142777,14.761616569589968,overlap,Wed,15,False
1516,XAUUSDm,short,2026-07-08 16:45:00+00:00,61194,4056.506,0.1,4063.506,4046.506,7.0,close_above_upper,0.07648283672634422,0.1,4051.506,0.5,0.0,0.0,0.0,,,False,2026-07-08 16:55:00+00:00,61196,4063.7459999999996,sl,-72.39999999999782,0.0,0.0,-72.39999999999782,-1.0342857142856832,-6.454000000000178,2.925999999999931,-0.9220000000000255,0.4179999999999901,2,600.0,0.24,5.963928571428629,15.19478640768935,newyork,Wed,16,False
1517,XAUUSDm,short,2026-07-08 17:00:00+00:00,61197,4063.679,0.1,4070.679,4053.679,7.0,close_above_upper,0.07116895321576973,0.1,4058.679,0.5,0.0,0.0,0.0,,,False,2026-07-08 17:20:00+00:00,61201,4070.919,sl,-72.39999999999782,0.0,0.0,-72.39999999999782,-1.0342857142856832,-6.83199999999988,3.9670000000000982,-0.9759999999999829,0.5667142857142997,4,1200.0,0.24,5.717214285714363,15.451915633505454,newyork,Wed,17,False
1518,XAUUSDm,short,2026-07-08 18:50:00+00:00,61219,4090.475,0.1,4090.475,4080.475,7.0,close_above_upper,0.08873843425789167,0.05,4085.475,0.5,0.05,4085.696,23.894999999999982,61220.0,2026-07-08 18:55:00+00:00,True,2026-07-08 19:00:00+00:00,61221,4090.7149999999997,be_stop,22.695000000001073,0.0,0.0,22.695000000001073,0.32421428571427996,-0.9130000000000109,8.087999999999738,-0.13042857142857298,1.155428571428534,2,600.0,0.24,5.82292857142852,16.088921773251457,newyork,Wed,18,False
1519,XAUUSDm,short,2026-07-09 06:05:00+00:00,61342,4092.998,0.1,4099.998,4082.998,7.0,close_above_upper,0.10113387139453403,0.1,4087.998,0.5,0.0,0.0,0.0,,,False,2026-07-09 06:20:00+00:00,61345,4100.237999999999,sl,-72.39999999999327,0.0,0.0,-72.39999999999327,-1.0342857142856854,-3.0359999999996035,4.947999999999865,-0.43371428571422904,0.7068571428571236,3,900.0,0.24,6.403714285714321,16.357607425769697,asian,Thu,6,False
1520,XAUUSDm,long,2026-07-10 13:30:00+00:00,61707,4087.7859999999996,0.1,4087.7859999999996,4097.786,7.0,close_below_lower,0.41558234844755265,0.05,4092.786,0.5,0.05,4092.786,25.000000000002274,61708.0,2026-07-10 13:35:00+00:00,True,2026-07-10 13:40:00+00:00,61709,4097.786,tp,75.00000000000455,0.0,0.0,75.00000000000455,1.0714285714286365,-0.9859999999994216,9.508000000000266,-0.14085714285706022,1.3582857142857523,2,600.0,0.24,5.804214285714222,9.454797269181942,overlap,Fri,13,False
1521,XAUUSDm,long,2026-07-10 14:35:00+00:00,61720,4090.319,0.1,4090.319,4100.319,7.0,close_below_lower,0.049223949342259446,0.05,4095.319,0.5,0.05,4095.562,26.21499999999969,61721.0,2026-07-10 14:40:00+00:00,True,2026-07-10 14:40:00+00:00,61721,4100.319,tp,76.21500000000196,0.0,0.0,76.21500000000196,1.0887857142857424,-2.594000000000051,7.251999999999953,-0.3705714285714358,1.0359999999999931,1,300.0,0.24,8.983714285714184,9.369467664094147,overlap,Fri,14,False
1522,XAUUSDm,short,2026-07-10 20:05:00+00:00,61786,4113.377,0.1,4120.377,4103.377,7.0,close_above_upper,0.009510940777454069,0.1,4108.377,0.5,0.0,0.0,0.0,,,False,2026-07-10 20:55:00+00:00,61796,4120.617,sl,-72.39999999999782,0.0,0.0,-72.39999999999782,-1.0342857142856832,-6.8659999999999854,3.071000000000822,-0.9808571428571408,0.4387142857144032,10,3000.0,0.24,2.794000000000064,9.335623977492638,newyork,Fri,20,False
1523,XAUUSDm,long,2026-07-12 22:05:00+00:00,61798,4091.66,0.1,4084.66,4101.66,7.0,close_below_lower,1.0161540340028956,0.1,4096.66,0.5,0.0,0.0,0.0,,,False,2026-07-12 22:10:00+00:00,61799,4084.66,sl,-70.0,0.0,0.0,-70.0,-1.0,-6.585999999999785,2.7830000000003565,-0.9408571428571122,0.3975714285714795,1,300.0,0.24,5.046785714285728,9.559169227738847,rollover,Sun,22,False
1524,XAUUSDm,long,2026-07-12 22:15:00+00:00,61800,4081.7569999999996,0.1,4081.7569999999996,4091.757,7.0,close_below_lower,1.516938186387185,0.05,4086.757,0.5,0.05,4086.757,25.000000000002274,61801.0,2026-07-12 22:20:00+00:00,True,2026-07-12 22:25:00+00:00,61802,4081.7569999999996,be_stop,25.000000000002274,0.0,0.0,25.000000000002274,0.3571428571428896,-0.5749999999998181,6.403000000000247,-0.08214285714283116,0.914714285714321,2,600.0,0.24,5.868428571428565,9.766300634934051,rollover,Sun,22,False
1525,XAUUSDm,long,2026-07-12 22:30:00+00:00,61803,4084.854,0.1,4077.854,4094.854,7.0,close_below_lower,0.433245102383209,0.1,4089.854,0.5,0.0,0.0,0.0,,,False,2026-07-12 22:40:00+00:00,61805,4077.854,sl,-70.0,0.0,0.0,-70.0,-1.0,-4.260999999999967,1.7560000000003129,-0.608714285714281,0.2508571428571876,2,600.0,0.24,6.63492857142858,10.003794900240539,rollover,Sun,22,False
1526,XAUUSDm,long,2026-07-12 22:45:00+00:00,61806,4078.79,0.1,4071.79,4088.79,7.0,close_below_lower,0.3826581246144739,0.1,4083.79,0.5,0.0,0.0,0.0,,,False,2026-07-12 23:00:00+00:00,61809,4071.79,sl,-70.0,0.0,0.0,-70.0,-1.0,-9.036000000000058,2.2159999999998945,-1.2908571428571511,0.3165714285714135,3,900.0,0.24,7.1959285714286,10.13234659454708,rollover,Sun,22,False
1527,XAUUSDm,long,2026-07-12 23:05:00+00:00,61810,4070.459,0.1,4070.459,4080.459,7.0,close_below_lower,0.34361879848932614,0.05,4075.459,0.5,0.05,4075.459,25.0,61816.0,2026-07-12 23:35:00+00:00,True,2026-07-12 23:40:00+00:00,61817,4077.128,cross_center,58.34500000000162,0.0,0.0,58.34500000000162,0.8335000000000231,-1.7349999999996726,6.984000000000378,-0.2478571428570961,0.9977142857143397,7,2100.0,0.24,8.145571428571495,10.170308539566008,rollover,Sun,23,False
1528,XAUUSDm,long,2026-07-13 00:35:00+00:00,61828,4062.852,0.1,4062.852,4072.852,7.0,close_below_lower,0.5301277173369241,0.05,4067.852,0.5,0.05,4069.397,32.725000000000364,61829.0,2026-07-13 00:40:00+00:00,True,2026-07-13 00:40:00+00:00,61829,4072.852,tp,82.72500000000036,0.0,0.0,82.72500000000036,1.1817857142857195,-0.8299999999999272,7.363000000000284,-0.11857142857141818,1.0518571428571835,1,300.0,0.24,5.883428571428534,10.612304401581312,asian,Mon,0,False
1529,XAUUSDm,long,2026-07-13 03:15:00+00:00,61860,4058.3149999999996,0.1,4051.315,4068.315,7.0,close_below_lower,0.1053097773110336,0.1,4063.315,0.5,0.0,0.0,0.0,,,False,2026-07-13 04:15:00+00:00,61872,4051.315,sl,-69.99999999999545,0.0,0.0,-69.99999999999545,-0.999999999999935,-6.198999999999614,4.222000000000207,-0.8855714285713735,0.6031428571428867,12,3600.0,0.24,5.171428571428578,9.944752553126566,asian,Mon,3,False
1530,XAUUSDm,short,2026-07-13 05:10:00+00:00,61883,4070.651,0.1,4070.651,4060.651,7.0,close_above_upper,0.24301737200141016,0.05,4065.651,0.5,0.05,4065.8909999999996,23.80000000000109,61884.0,2026-07-13 05:15:00+00:00,True,2026-07-13 05:20:00+00:00,61885,4060.8909999999996,tp,72.60000000000218,0.0,0.0,72.60000000000218,1.0371428571428882,-2.5210000000001855,6.777000000000044,-0.36014285714288363,0.9681428571428634,2,600.0,0.24,4.599142857142819,10.144227953761991,asian,Mon,5,False
1531,XAUUSDm,short,2026-07-13 08:10:00+00:00,61919,4071.157,0.1,4078.157,4061.157,7.0,close_above_upper,0.022069720289082887,0.1,4066.157,0.5,0.0,0.0,0.0,,,False,2026-07-13 08:20:00+00:00,61921,4078.397,sl,-72.39999999999782,0.0,0.0,-72.39999999999782,-1.0342857142856832,-6.9780000000000655,1.568000000000211,-0.9968571428571522,0.22400000000003015,2,600.0,0.24,4.966714285714261,10.330062684785668,london,Mon,8,False
1532,XAUUSDm,short,2026-07-13 08:25:00+00:00,61922,4078.487,0.1,4078.487,4068.487,7.0,close_above_upper,0.2616683532230686,0.05,4073.487,0.5,0.05,4073.727,23.80000000000109,61923.0,2026-07-13 08:30:00+00:00,True,2026-07-13 08:50:00+00:00,61927,4078.727,be_stop,22.600000000002183,0.0,0.0,22.600000000002183,0.32285714285717404,-1.3299999999999272,6.619000000000142,-0.1899999999999896,0.9455714285714488,5,1500.0,0.24,4.42328571428571,10.416796561916872,london,Mon,8,False
1533,XAUUSDm,long,2026-07-13 10:45:00+00:00,61950,4052.3959999999997,0.1,4052.3959999999997,4062.396,7.0,close_below_lower,0.44017933101668316,0.05,4057.396,0.5,0.05,4057.396,25.000000000002274,61951.0,2026-07-13 10:50:00+00:00,True,2026-07-13 11:00:00+00:00,61953,4062.396,tp,75.00000000000455,0.0,0.0,75.00000000000455,1.0714285714286365,-4.5109999999995125,8.998000000000047,-0.6444285714285017,1.2854285714285782,3,900.0,0.24,4.140500000000007,10.342799243578735,london,Mon,10,False
1534,XAUUSDm,long,2026-07-13 14:00:00+00:00,61989,4043.528,0.1,4036.528,4053.528,7.0,close_below_lower,0.2845656283408543,0.1,4048.528,0.5,0.0,0.0,0.0,,,False,2026-07-13 14:05:00+00:00,61990,4036.528,sl,-70.0,0.0,0.0,-70.0,-1.0,-5.893999999999778,3.494000000000142,-0.8419999999999683,0.4991428571428774,1,300.0,0.24,6.175428571428581,10.59100480204668,overlap,Mon,14,False
1535,XAUUSDm,long,2026-07-13 14:10:00+00:00,61991,4037.7169999999996,0.1,4030.717,4047.717,7.0,close_below_lower,0.44051250937198677,0.1,4042.717,0.5,0.0,0.0,0.0,,,False,2026-07-13 14:15:00+00:00,61992,4030.717,sl,-69.99999999999545,0.0,0.0,-69.99999999999545,-0.999999999999935,-3.95299999999952,2.0300000000002,-0.5647142857142171,0.29000000000002857,1,300.0,0.24,7.168785714285734,10.702317960536384,overlap,Mon,14,False
1536,XAUUSDm,long,2026-07-13 14:20:00+00:00,61993,4021.725,0.1,4014.725,4031.725,7.0,close_below_lower,1.3753289563283497,0.1,4026.725,0.5,0.0,0.0,0.0,,,False,2026-07-13 14:25:00+00:00,61994,4014.725,sl,-70.0,0.0,0.0,-70.0,-1.0,-19.366999999999734,0.4619999999999891,-2.7667142857142477,0.06599999999999843,1,300.0,0.24,8.86935714285713,10.880042957793156,overlap,Mon,14,False
1537,XAUUSDm,long,2026-07-13 14:30:00+00:00,61995,4017.24,0.1,4010.24,4027.24,7.0,close_below_lower,1.1377727969410967,0.1,4022.24,0.5,0.0,0.0,0.0,,,False,2026-07-13 14:35:00+00:00,61996,4010.24,sl,-70.0,0.0,0.0,-70.0,-1.0,-12.242999999999938,0.0,-1.7489999999999912,0.0,1,300.0,0.24,10.725785714285653,11.127625541501985,overlap,Mon,14,False
1538,XAUUSDm,long,2026-07-13 14:40:00+00:00,61997,4008.0499999999997,0.1,4008.0499999999997,4018.05,7.0,close_below_lower,1.2179346794447814,0.05,4013.05,0.5,0.05,4013.05,25.000000000002274,62000.0,2026-07-13 14:55:00+00:00,True,2026-07-13 15:15:00+00:00,62004,4018.05,tp,75.00000000000455,0.0,0.0,75.00000000000455,1.0714285714286365,-7.791999999999916,9.807000000000244,-1.1131428571428452,1.4010000000000349,7,2100.0,0.24,11.575214285714244,11.404885915333306,overlap,Mon,14,False
1539,XAUUSDm,long,2026-07-13 16:35:00+00:00,62020,3995.357,0.1,3995.357,4005.357,7.0,close_below_lower,0.3528143089074387,0.05,4000.357,0.5,0.05,4000.357,25.0,62021.0,2026-07-13 16:40:00+00:00,True,2026-07-13 16:50:00+00:00,62023,3995.357,be_stop,25.0,0.0,0.0,25.0,0.35714285714285715,-4.679999999999836,7.525000000000091,-0.6685714285714052,1.075000000000013,3,900.0,0.24,5.057642857142874,11.936192733094149,newyork,Mon,16,False
1540,XAUUSDm,long,2026-07-13 16:55:00+00:00,62024,3992.5119999999997,0.1,3992.5119999999997,4002.512,7.0,close_below_lower,0.05311145094471153,0.05,3997.512,0.5,0.05,3997.512,25.000000000002274,62026.0,2026-07-13 17:05:00+00:00,True,2026-07-13 17:20:00+00:00,62029,4001.103,cross_center,67.95500000000402,0.0,0.0,67.95500000000402,0.9707857142857718,-6.100999999999658,9.11200000000008,-0.8715714285713797,1.3017142857142971,5,1500.0,0.24,5.692214285714369,12.166259638701899,newyork,Mon,16,False
1541,XAUUSDm,short,2026-07-14 12:35:00+00:00,62248,4095.894,0.1,4095.894,4085.894,7.0,close_above_upper,3.957065983962013,0.05,4090.894,0.5,0.05,4087.1989999999996,43.47500000000082,62249.0,2026-07-14 12:40:00+00:00,True,2026-07-14 12:40:00+00:00,62249,4086.1339999999996,tp,92.27500000000191,0.0,0.0,92.27500000000191,1.3182142857142274,-4.713000000000193,13.907999999999902,-0.6732857142857418,1.9868571428571289,1,300.0,0.24,9.165785714285708,12.486021285493997,overlap,Tue,12,False
1542,XAUUSDm,short,2026-07-14 12:45:00+00:00,62250,4092.714,0.1,4092.714,4082.714,7.0,close_above_upper,2.602332277190158,0.05,4087.714,0.5,0.05,4085.29,37.11999999999989,62251.0,2026-07-14 12:50:00+00:00,True,2026-07-14 12:50:00+00:00,62251,4082.9539999999997,tp,85.92000000000098,0.0,0.0,85.92000000000098,1.2274285714285855,-2.6350000000002183,10.298999999999978,-0.3764285714286026,1.4712857142857112,1,300.0,0.24,10.636857142857123,12.983932762072527,overlap,Tue,12,False
1543,XAUUSDm,short,2026-07-14 12:55:00+00:00,62252,4073.47,0.1,4080.47,4063.47,7.0,close_above_upper,0.4327886284476689,0.1,4068.47,0.5,0.0,0.0,0.0,,,False,2026-07-14 13:00:00+00:00,62253,4080.7099999999996,sl,-72.39999999999782,0.0,0.0,-72.39999999999782,-1.0342857142856832,-3.604000000000269,4.550999999999931,-0.5148571428571813,0.6501428571428473,1,300.0,0.24,12.05442857142855,13.25354221347899,overlap,Tue,12,False
1544,XAUUSDm,short,2026-07-14 13:10:00+00:00,62255,4077.474,0.1,4084.474,4067.474,7.0,close_above_upper,0.005169189706008277,0.1,4072.474,0.5,0.0,0.0,0.0,,,False,2026-07-14 13:20:00+00:00,62257,4084.714,sl,-72.39999999999782,0.0,0.0,-72.39999999999782,-1.0342857142856832,-2.8530000000000655,5.697000000000116,-0.4075714285714379,0.8138571428571595,2,600.0,0.24,13.323785714285675,13.484147092898061,overlap,Tue,13,False
1545,XAUUSDm,long,2026-07-14 16:10:00+00:00,62291,4060.683,0.1,4053.683,4070.683,7.0,close_below_lower,0.021497516822673955,0.1,4065.683,0.5,0.0,0.0,0.0,,,False,2026-07-14 17:25:00+00:00,62306,4060.681,cross_center,-0.019999999999527063,0.0,0.0,-0.019999999999527063,-0.0002857142857075295,-6.427999999999884,4.402000000000044,-0.9182857142856976,0.6288571428571491,15,4500.0,0.24,7.427928571428603,14.319696375938928,newyork,Tue,16,False
1546,XAUUSDm,long,2026-07-15 01:45:00+00:00,62394,4039.2389999999996,0.1,4032.239,4049.239,7.0,close_below_lower,0.14848121734637978,0.1,4044.239,0.5,0.0,0.0,0.0,,,False,2026-07-15 02:15:00+00:00,62400,4032.239,sl,-69.99999999999545,0.0,0.0,-69.99999999999545,-0.999999999999935,-5.477999999999611,3.2750000000005457,-0.782571428571373,0.4678571428572208,6,1800.0,0.24,4.790214285714261,12.159229159897198,asian,Wed,1,False
1547,XAUUSDm,long,2026-07-15 02:20:00+00:00,62401,4030.5159999999996,0.1,4030.5159999999996,4040.516,7.0,close_below_lower,0.02864864715066932,0.05,4035.516,0.5,0.05,4035.516,25.000000000002274,62403.0,2026-07-15 02:30:00+00:00,True,2026-07-15 02:40:00+00:00,62405,4040.516,tp,75.00000000000455,0.0,0.0,75.00000000000455,1.0714285714286365,-1.3739999999997963,7.503000000000156,-0.19628571428568517,1.0718571428571653,4,1200.0,0.24,5.423214285714299,12.368605350156212,asian,Wed,2,False
1548,XAUUSDm,short,2026-07-15 12:35:00+00:00,62524,4054.196,0.1,4061.196,4044.196,7.0,close_above_upper,0.4888961938215635,0.1,4049.196,0.5,0.0,0.0,0.0,,,False,2026-07-15 12:40:00+00:00,62525,4063.868,sl,-96.72000000000025,0.0,0.0,-96.72000000000025,-1.3817142857142894,-11.98700000000008,0.5720000000001164,-1.712428571428583,0.08171428571430235,1,300.0,0.24,4.465428571428577,10.331982271741076,overlap,Wed,12,False
1549,XAUUSDm,short,2026-07-15 12:45:00+00:00,62526,4062.914,0.1,4069.914,4052.914,7.0,close_above_upper,0.8107765331823291,0.1,4057.914,0.5,0.0,0.0,0.0,,,False,2026-07-15 12:55:00+00:00,62528,4070.154,sl,-72.39999999999782,0.0,0.0,-72.39999999999782,-1.0342857142856832,-3.8409999999998945,2.048000000000229,-0.5487142857142706,0.2925714285714613,2,600.0,0.24,5.344214285714315,10.469831138781288,overlap,Wed,12,False
1550,XAUUSDm,short,2026-07-15 13:00:00+00:00,62529,4067.94,0.1,4067.94,4057.94,7.0,close_above_upper,0.5570276364613284,0.05,4062.94,0.5,0.05,4063.18,23.80000000000109,62531.0,2026-07-15 13:10:00+00:00,True,2026-07-15 13:25:00+00:00,62534,4058.18,tp,72.60000000000218,0.0,0.0,72.60000000000218,1.0371428571428882,-6.322000000000116,7.014999999999873,-0.9031428571428738,1.002142857142839,5,1500.0,0.24,5.918928571428588,10.723703014484627,overlap,Wed,13,False
1551,XAUUSDm,long,2026-07-15 15:15:00+00:00,62556,4044.3799999999997,0.1,4044.3799999999997,4054.38,7.0,close_below_lower,0.2588327877944253,0.05,4049.38,0.5,0.05,4049.38,25.000000000002274,62558.0,2026-07-15 15:25:00+00:00,True,2026-07-15 16:00:00+00:00,62565,4044.3799999999997,be_stop,25.000000000002274,0.0,0.0,25.000000000002274,0.3571428571428896,-4.9669999999996435,6.595000000000255,-0.7095714285713777,0.9421428571428935,9,2700.0,0.24,5.658857142857187,10.88459306229083,overlap,Wed,15,False
1552,XAUUSDm,long,2026-07-15 16:20:00+00:00,62569,4034.2299999999996,0.1,4027.23,4044.23,7.0,close_below_lower,0.05948952669834782,0.1,4039.23,0.5,0.0,0.0,0.0,,,False,2026-07-15 16:40:00+00:00,62573,4027.23,sl,-69.99999999999545,0.0,0.0,-69.99999999999545,-0.999999999999935,-6.996999999999389,3.6890000000003056,-0.9995714285713413,0.5270000000000437,4,1200.0,0.24,5.066500000000035,11.216012038807879,newyork,Wed,16,False
1553,XAUUSDm,short,2026-07-15 17:35:00+00:00,62584,4054.628,0.1,4061.628,4044.628,7.0,close_above_upper,0.3977744036807097,0.1,4049.628,0.5,0.0,0.0,0.0,,,False,2026-07-15 17:40:00+00:00,62585,4061.868,sl,-72.39999999999782,0.0,0.0,-72.39999999999782,-1.0342857142856832,-5.382000000000062,1.2640000000001237,-0.7688571428571517,0.18057142857144623,1,300.0,0.24,5.605571428571401,11.599516594197793,newyork,Wed,17,False
1554,XAUUSDm,short,2026-07-15 17:45:00+00:00,62586,4062.307,0.1,4069.307,4052.307,7.0,close_above_upper,0.6372655115488931,0.1,4057.307,0.5,0.0,0.0,0.0,,,False,2026-07-15 18:05:00+00:00,62590,4069.5469999999996,sl,-72.39999999999782,0.0,0.0,-72.39999999999782,-1.0342857142856832,-6.568000000000211,2.155999999999949,-0.9382857142857445,0.3079999999999927,4,1200.0,0.24,5.740000000000009,11.792553127560401,newyork,Wed,17,False
1555,XAUUSDm,short,2026-07-15 18:10:00+00:00,62591,4066.828,0.1,4073.828,4056.828,7.0,close_above_upper,0.01371110189962999,0.1,4061.828,0.5,0.0,0.0,0.0,,,False,2026-07-15 18:25:00+00:00,62594,4074.0679999999998,sl,-72.39999999999782,0.0,0.0,-72.39999999999782,-1.0342857142856832,-5.092000000000098,1.3989999999998872,-0.7274285714285854,0.19985714285712675,3,900.0,0.24,5.42507142857143,12.168450100127153,newyork,Wed,18,False
1556,XAUUSDm,long,2026-07-16 12:25:00+00:00,62798,4021.301,0.1,4021.301,4031.301,7.0,close_below_lower,0.06203039173553003,0.05,4026.301,0.5,0.05,4026.301,25.0,62799.0,2026-07-16 12:30:00+00:00,True,2026-07-16 12:35:00+00:00,62800,4021.301,be_stop,25.0,0.0,0.0,25.0,0.35714285714285715,-4.599999999999909,8.46100000000024,-0.6571428571428442,1.20871428571432,2,600.0,0.24,7.891857142857167,10.09705474226119,overlap,Thu,12,False
1557,XAUUSDm,long,2026-07-16 12:40:00+00:00,62801,4015.5049999999997,0.1,4008.505,4025.505,7.0,close_below_lower,0.3262843785436669,0.1,4020.505,0.5,0.0,0.0,0.0,,,False,2026-07-16 12:45:00+00:00,62802,4002.636,sl,-128.68999999999687,0.0,0.0,-128.68999999999687,-1.8384285714285267,-15.185999999999694,0.0,-2.169428571428528,0.0,1,300.0,0.24,9.005928571428578,10.208191682993684,overlap,Thu,12,False
1558,XAUUSDm,long,2026-07-16 12:50:00+00:00,62803,3999.7129999999997,0.1,3992.713,4009.713,7.0,close_below_lower,1.2487159490847222,0.1,4004.713,0.5,0.0,0.0,0.0,,,False,2026-07-16 12:55:00+00:00,62804,3992.713,sl,-69.99999999999545,0.0,0.0,-69.99999999999545,-0.999999999999935,-5.32799999999952,2.5000000000004547,-0.7611428571427885,0.3571428571429221,1,300.0,0.24,10.073071428571406,10.462679390214644,overlap,Thu,12,False
1559,XAUUSDm,long,2026-07-16 13:00:00+00:00,62805,3992.4199999999996,0.1,3985.42,4002.42,7.0,close_below_lower,1.2712812658362256,0.1,3997.42,0.5,0.0,0.0,0.0,,,False,2026-07-16 13:05:00+00:00,62806,3978.391,sl,-140.28999999999542,0.0,0.0,-140.28999999999542,-2.0041428571427917,-17.218999999999596,4.5450000000005275,-2.4598571428570852,0.6492857142857896,1,300.0,0.24,9.65142857142853,10.702620608530028,overlap,Thu,13,False
1560,XAUUSDm,long,2026-07-16 13:10:00+00:00,62807,3984.104,0.1,3984.104,3994.104,7.0,close_below_lower,1.1795521153320836,0.05,3989.104,0.5,0.05,3992.206,40.51000000000158,62808.0,2026-07-16 13:15:00+00:00,True,2026-07-16 13:15:00+00:00,62808,3994.104,tp,90.51000000000158,0.0,0.0,90.51000000000158,1.2930000000000226,-2.218999999999596,9.461999999999989,-0.31699999999994233,1.351714285714284,1,300.0,0.24,11.021499999999962,11.03098222487716,overlap,Thu,13,False
1561,XAUUSDm,long,2026-07-16 13:40:00+00:00,62813,3983.794,0.1,3983.794,3993.794,7.0,close_below_lower,0.24912565256047656,0.05,3988.794,0.5,0.05,3988.794,25.0,62814.0,2026-07-16 13:45:00+00:00,True,2026-07-16 13:50:00+00:00,62815,3993.794,tp,75.0,0.0,0.0,75.0,1.0714285714285714,-0.4169999999999163,9.298999999999978,-0.05957142857141662,1.3284285714285684,2,600.0,0.24,10.95507142857137,11.273511494414102,overlap,Thu,13,False
1562,XAUUSDm,short,2026-07-16 15:30:00+00:00,62835,4011.261,0.1,4011.261,4001.261,7.0,close_above_upper,0.0851477709368478,0.05,4006.261,0.5,0.05,4006.5009999999997,23.80000000000109,62840.0,2026-07-16 15:55:00+00:00,True,2026-07-16 16:00:00+00:00,62841,4001.5009999999997,tp,72.60000000000218,0.0,0.0,72.60000000000218,1.0371428571428882,-5.012000000000171,5.722999999999956,-0.7160000000000244,0.8175714285714223,6,1800.0,0.24,7.171357142857103,11.458688744175316,overlap,Thu,15,False
1563,XAUUSDm,long,2026-07-16 16:15:00+00:00,62844,3989.9139999999998,0.1,3982.914,3999.914,7.0,close_below_lower,0.18134731094475975,0.1,3994.914,0.5,0.0,0.0,0.0,,,False,2026-07-16 16:20:00+00:00,62845,3982.914,sl,-69.99999999999545,0.0,0.0,-69.99999999999545,-0.999999999999935,-4.536999999999807,1.7770000000000437,-0.6481428571428296,0.2538571428571491,1,300.0,0.24,6.549714285714247,11.813587215732644,newyork,Thu,16,False
1564,XAUUSDm,long,2026-07-16 16:25:00+00:00,62846,3987.102,0.1,3987.102,3997.102,7.0,close_below_lower,0.14818373524623615,0.05,3992.102,0.5,0.05,3992.102,25.0,62849.0,2026-07-16 16:40:00+00:00,True,2026-07-16 16:55:00+00:00,62852,3994.638,cross_center,62.68000000000029,0.0,0.0,62.68000000000029,0.8954285714285756,-2.688999999999851,8.48700000000008,-0.38414285714283586,1.212428571428583,6,1800.0,0.24,6.67192857142855,11.95595289814565,newyork,Thu,16,False
1565,XAUUSDm,short,2026-07-17 03:20:00+00:00,62965,4002.466,0.1,4002.466,3992.466,7.0,close_above_upper,0.4757930250648164,0.05,3997.466,0.5,0.05,3997.7059999999997,23.80000000000109,62967.0,2026-07-17 03:30:00+00:00,True,2026-07-17 03:55:00+00:00,62972,3992.7059999999997,tp,72.60000000000218,0.0,0.0,72.60000000000218,1.0371428571428882,-6.499000000000251,9.628999999999905,-0.9284285714286072,1.3755714285714151,7,2100.0,0.24,5.730357142857234,12.38522652883584,asian,Fri,3,False
1566,XAUUSDm,short,2026-07-17 06:20:00+00:00,63001,4002.162,0.1,4002.162,3992.162,7.0,close_above_upper,0.03947034863140993,0.05,3997.162,0.5,0.05,3997.4019999999996,23.80000000000109,63005.0,2026-07-17 06:40:00+00:00,True,2026-07-17 07:00:00+00:00,63009,4002.4019999999996,be_stop,22.600000000002183,0.0,0.0,22.600000000002183,0.32285714285717404,-5.072000000000116,6.460999999999785,-0.7245714285714452,0.9229999999999693,8,2400.0,0.24,5.8357857142857155,13.10902235184772,asian,Fri,6,False
1567,XAUUSDm,long,2026-07-17 12:45:00+00:00,63078,3970.0209999999997,0.1,3963.021,3980.021,7.0,close_below_lower,0.42426199557285926,0.1,3975.021,0.5,0.0,0.0,0.0,,,False,2026-07-17 13:00:00+00:00,63081,3963.021,sl,-69.99999999999545,0.0,0.0,-69.99999999999545,-0.999999999999935,-6.149999999999636,3.218000000000302,-0.8785714285713766,0.4597142857143289,3,900.0,0.24,5.435142857142864,11.994014813183112,overlap,Fri,12,False
1568,XAUUSDm,short,2026-07-17 13:40:00+00:00,63089,3994.042,0.1,3994.042,3984.042,7.0,close_above_upper,0.6867002644852356,0.05,3989.042,0.5,0.05,3985.437,43.02500000000009,63090.0,2026-07-17 13:45:00+00:00,True,2026-07-17 13:45:00+00:00,63090,3984.2819999999997,tp,91.82500000000118,0.0,0.0,91.82500000000118,1.3117857142857312,-0.20800000000008367,11.873999999999796,-0.029714285714297666,1.696285714285685,1,300.0,0.24,10.339428571428536,11.95214839832433,overlap,Fri,13,False
1569,XAUUSDm,short,2026-07-17 13:50:00+00:00,63091,3989.664,0.1,3996.664,3979.664,7.0,close_above_upper,0.13602321908089424,0.1,3984.664,0.5,0.0,0.0,0.0,,,False,2026-07-17 13:55:00+00:00,63092,3996.904,sl,-72.39999999999782,0.0,0.0,-72.39999999999782,-1.0342857142856832,-4.640999999999622,1.4020000000000437,-0.662999999999946,0.20028571428572053,1,300.0,0.24,10.994857142857134,11.929015950310966,overlap,Fri,13,False
1570,XAUUSDm,short,2026-07-17 14:00:00+00:00,63093,3997.322,0.1,4004.322,3987.322,7.0,close_above_upper,0.4505369590945564,0.1,3992.322,0.5,0.0,0.0,0.0,,,False,2026-07-17 14:20:00+00:00,63097,4004.562,sl,-72.39999999999782,0.0,0.0,-72.39999999999782,-1.0342857142856832,-3.474999999999909,7.027000000000044,-0.49642857142855845,1.003857142857149,4,1200.0,0.24,10.597071428571358,11.967700311540428,overlap,Fri,14,False
1571,XAUUSDm,short,2026-07-17 14:25:00+00:00,63098,4002.579,0.1,4002.579,3992.579,7.0,close_above_upper,0.12337956039935812,0.05,3997.579,0.5,0.05,3997.819,23.80000000000109,63099.0,2026-07-17 14:30:00+00:00,True,2026-07-17 14:30:00+00:00,63099,3992.819,tp,72.60000000000218,0.0,0.0,72.60000000000218,1.0371428571428882,-1.569999999999709,4.864000000000033,-0.2242857142856727,0.6948571428571475,1,300.0,0.24,10.265714285714239,12.09633229241474,overlap,Fri,14,False
1572,XAUUSDm,short,2026-07-17 15:05:00+00:00,63106,4012.516,0.1,4012.516,4002.516,7.0,close_above_upper,0.2341706007524722,0.05,4007.516,0.5,0.05,4007.756,23.80000000000109,63107.0,2026-07-17 15:10:00+00:00,True,2026-07-17 15:20:00+00:00,63109,4012.756,be_stop,22.600000000002183,0.0,0.0,22.600000000002183,0.32285714285717404,-1.5830000000000837,9.69900000000007,-0.2261428571428691,1.3855714285714384,3,900.0,0.24,7.774214285714281,12.105347727151987,overlap,Fri,15,False
1573,XAUUSDm,long,2026-07-19 22:05:00+00:00,63178,3997.1139999999996,0.1,3990.114,4007.114,7.0,close_below_lower,0.19728627501074525,0.1,4002.114,0.5,0.0,0.0,0.0,,,False,2026-07-19 23:40:00+00:00,63197,3990.114,sl,-69.99999999999545,0.0,0.0,-69.99999999999545,-0.999999999999935,-6.810999999999694,5.097000000000207,-0.9729999999999563,0.7281428571428867,19,5700.0,0.24,4.193714285714252,12.165159123733137,rollover,Sun,22,False
1574,XAUUSDm,short,2026-07-20 01:05:00+00:00,63214,4013.668,0.1,4020.668,4003.668,7.0,close_above_upper,0.0022199163392543552,0.1,4008.668,0.5,0.0,0.0,0.0,,,False,2026-07-20 01:10:00+00:00,63215,4020.908,sl,-72.39999999999782,0.0,0.0,-72.39999999999782,-1.0342857142856832,-3.3040000000000873,3.519999999999982,-0.47200000000001247,0.5028571428571402,1,300.0,0.24,7.108428571428574,12.800190854183533,asian,Mon,1,False
1575,XAUUSDm,short,2026-07-20 02:50:00+00:00,63235,4024.947,0.1,4024.947,4014.947,7.0,close_above_upper,0.20440602383624368,0.05,4019.947,0.5,0.05,4020.187,23.80000000000109,63237.0,2026-07-20 03:00:00+00:00,True,2026-07-20 03:15:00+00:00,63240,4025.187,be_stop,22.600000000002183,0.0,0.0,22.600000000002183,0.32285714285717404,-1.6700000000000728,6.369000000000142,-0.23857142857143895,0.9098571428571631,5,1500.0,0.24,6.033214285714199,13.121859601583887,asian,Mon,2,False
1576,XAUUSDm,short,2026-07-20 11:35:00+00:00,63340,4036.852,0.1,4036.852,4026.852,7.0,close_above_upper,0.07688850527869877,0.05,4031.852,0.5,0.05,4032.0919999999996,23.80000000000109,63341.0,2026-07-20 11:40:00+00:00,True,2026-07-20 11:45:00+00:00,63342,4027.0919999999996,tp,72.60000000000218,0.0,0.0,72.60000000000218,1.0371428571428882,-0.7960000000002765,7.7199999999998,-0.11371428571432521,1.1028571428571143,2,600.0,0.24,4.008285714285681,12.053825856955298,london,Mon,11,False
1577,XAUUSDm,long,2026-07-20 12:25:00+00:00,63350,4008.2279999999996,0.1,4008.2279999999996,4018.228,7.0,close_below_lower,0.06432280419305905,0.05,4013.228,0.5,0.05,4013.228,25.000000000002274,63351.0,2026-07-20 12:30:00+00:00,True,2026-07-20 12:40:00+00:00,63353,4008.2279999999996,be_stop,25.000000000002274,0.0,0.0,25.000000000002274,0.3571428571428896,-1.2919999999994616,6.690000000000509,-0.18457142857135164,0.9557142857143585,3,900.0,0.24,6.3685714285714505,11.966900920507276,overlap,Mon,12,False
1578,XAUUSDm,short,2026-07-21 01:20:00+00:00,63493,4034.031,0.1,4034.031,4024.031,7.0,close_above_upper,0.03240250451133705,0.05,4029.031,0.5,0.05,4028.377,28.269999999999982,63494.0,2026-07-21 01:25:00+00:00,True,2026-07-21 01:35:00+00:00,63496,4024.2709999999997,tp,77.07000000000107,0.0,0.0,77.07000000000107,1.1010000000000153,-0.012999999999919964,7.780999999999949,-0.0018571428571314236,1.1115714285714213,3,900.0,0.24,5.409785714285688,11.339613410379652,asian,Tue,1,False
1579,XAUUSDm,short,2026-07-21 05:45:00+00:00,63546,4065.798,0.1,4072.798,4055.798,7.0,close_above_upper,0.10150762561569562,0.1,4060.798,0.5,0.0,0.0,0.0,,,False,2026-07-21 06:20:00+00:00,63553,4073.0379999999996,sl,-72.39999999999782,0.0,0.0,-72.39999999999782,-1.0342857142856832,-6.762000000000171,4.519999999999982,-0.9660000000000244,0.6457142857142831,7,2100.0,0.24,3.673642857142795,11.556956166174428,asian,Tue,5,False
1580,XAUUSDm,short,2026-07-21 06:50:00+00:00,63559,4082.823,0.1,4082.823,4072.823,7.0,close_above_upper,0.0088477226900317,0.05,4077.823,0.5,0.05,4078.0629999999996,23.80000000000109,63561.0,2026-07-21 07:00:00+00:00,True,2026-07-21 07:10:00+00:00,63563,4073.0629999999996,tp,72.60000000000218,0.0,0.0,72.60000000000218,1.0371428571428882,-0.4259999999999309,8.213999999999942,-0.060857142857132986,1.173428571428563,4,1200.0,0.24,4.787071428571478,12.09303370502094,asian,Tue,6,False
1581,XAUUSDm,short,2026-07-21 14:15:00+00:00,63648,4065.723,0.1,4072.723,4055.723,7.0,close_above_upper,0.03311090348791311,0.1,4060.723,0.5,0.0,0.0,0.0,,,False,2026-07-21 14:30:00+00:00,63651,4072.9629999999997,sl,-72.39999999999782,0.0,0.0,-72.39999999999782,-1.0342857142856832,-3.7400000000002365,4.815000000000055,-0.5342857142857481,0.6878571428571506,3,900.0,0.24,6.2610714285714755,10.64792404836677,overlap,Tue,14,False
1582,XAUUSDm,short,2026-07-21 18:30:00+00:00,63699,4083.709,0.1,4090.709,4073.709,7.0,close_above_upper,0.08324790468602473,0.1,4078.709,0.5,0.0,0.0,0.0,,,False,2026-07-21 20:25:00+00:00,63722,4083.0179999999996,cross_center,6.910000000002583,0.0,0.0,6.910000000002583,0.09871428571432261,-2.6350000000002183,4.381999999999607,-0.3764285714286026,0.6259999999999438,23,6900.0,0.24,3.101142857142869,10.67199568133093,newyork,Tue,18,False
1583,XAUUSDm,short,2026-07-22 00:20:00+00:00,63757,4095.435,0.1,4102.435,4085.435,7.0,close_above_upper,0.11507674780720255,0.1,4090.435,0.5,0.0,0.0,0.0,,,False,2026-07-22 00:30:00+00:00,63759,4102.675,sl,-72.40000000000236,0.0,0.0,-72.40000000000236,-1.0342857142858153,-3.3460000000000036,2.48299999999972,-0.47800000000000054,0.3547142857142457,2,600.0,0.24,3.2522142857143144,9.959115825777094,asian,Wed,0,False
1584,XAUUSDm,short,2026-07-22 01:05:00+00:00,63766,4110.728,0.1,4117.728,4100.728,7.0,close_above_upper,0.6304370433525454,0.1,4105.728,0.5,0.0,0.0,0.0,,,False,2026-07-22 01:10:00+00:00,63767,4117.968,sl,-72.39999999999782,0.0,0.0,-72.39999999999782,-1.0342857142856832,-6.863999999999578,0.875,-0.9805714285713683,0.125,1,300.0,0.24,6.624357142857142,10.119229653693777,asian,Wed,1,False
1585,XAUUSDm,short,2026-07-22 01:15:00+00:00,63768,4121.011,0.1,4121.011,4111.011,7.0,close_above_upper,1.1053926174615312,0.05,4116.011,0.5,0.05,4113.045999999999,39.825000000005275,63769.0,2026-07-22 01:20:00+00:00,True,2026-07-22 01:35:00+00:00,63772,4121.251,be_stop,38.62500000000637,0.0,0.0,38.62500000000637,0.5517857142858053,-0.9019999999991342,9.404000000000451,-0.12885714285701916,1.3434285714286358,4,1200.0,0.24,7.17335714285712,10.28959146722071,asian,Wed,1,False
1586,XAUUSDm,short,2026-07-22 01:40:00+00:00,63773,4119.393,0.1,4126.393,4109.393,7.0,close_above_upper,0.04140832876100114,0.1,4114.393,0.5,0.0,0.0,0.0,,,False,2026-07-22 02:30:00+00:00,63783,4126.633,sl,-72.39999999999782,0.0,0.0,-72.39999999999782,-1.0342857142856832,-6.654999999999745,2.0609999999996944,-0.9507142857142493,0.2944285714285278,10,3000.0,0.24,7.373357142857133,10.437240080156283,asian,Wed,1,False
1587,XAUUSDm,long,2026-07-22 06:30:00+00:00,63831,4117.833,0.1,4110.833,4127.833,7.0,close_below_lower,0.006428668115856318,0.1,4122.833,0.5,0.0,0.0,0.0,,,False,2026-07-22 07:30:00+00:00,63843,4119.466,cross_center,16.330000000007203,0.0,0.0,16.330000000007203,0.23328571428581718,-6.056999999999789,4.564000000000306,-0.8652857142856841,0.6520000000000437,12,3600.0,0.24,4.5265000000000715,10.829080913193975,asian,Wed,6,False
1588,XAUUSDm,short,2026-07-22 13:35:00+00:00,63916,4142.172,0.1,4149.172,4132.172,7.0,close_above_upper,0.4213493451997591,0.1,4137.172,0.5,0.0,0.0,0.0,,,False,2026-07-22 13:45:00+00:00,63918,4149.411999999999,sl,-72.39999999999782,0.0,0.0,-72.39999999999782,-1.0342857142856832,-3.9130000000004657,3.5689999999995052,-0.5590000000000666,0.5098571428570722,2,600.0,0.24,6.601999999999862,10.734557933192233,overlap,Wed,13,False
1589,XAUUSDm,short,2026-07-22 13:50:00+00:00,63919,4146.211,0.1,4153.211,4136.211,7.0,close_above_upper,0.2812108436638029,0.1,4141.211,0.5,0.0,0.0,0.0,,,False,2026-07-22 13:55:00+00:00,63920,4153.451,sl,-72.39999999999782,0.0,0.0,-72.39999999999782,-1.0342857142856832,-1.9899999999997817,2.418999999999869,-0.2842857142856831,0.3455714285714099,1,300.0,0.24,6.890571428571287,10.950766039447236,overlap,Wed,13,False
1590,XAUUSDm,short,2026-07-22 14:00:00+00:00,63921,4154.526,0.1,4154.526,4144.526,7.0,close_above_upper,0.5930421761786021,0.05,4149.526,0.5,0.05,4149.766,23.80000000000109,63924.0,2026-07-22 14:15:00+00:00,True,2026-07-22 14:25:00+00:00,63926,4144.766,tp,72.60000000000218,0.0,0.0,72.60000000000218,1.0371428571428882,-9.097999999999956,6.002999999999702,-1.2997142857142794,0.8575714285713859,5,1500.0,0.24,7.169428571428463,11.121677658093565,overlap,Wed,14,False
1591,XAUUSDm,long,2026-07-23 02:05:00+00:00,64054,4114.269,0.1,4114.269,4124.269,7.0,close_below_lower,0.0811893726413603,0.05,4119.269,0.5,0.05,4119.269,25.0,64059.0,2026-07-23 02:30:00+00:00,True,2026-07-23 02:45:00+00:00,64062,4122.058,cross_center,63.9449999999988,0.0,0.0,63.9449999999988,0.9134999999999829,-2.092999999999847,8.019999999999527,-0.29899999999997817,1.1457142857142182,8,2400.0,0.24,6.290571428571444,11.2771129818332,asian,Thu,2,False
1592,XAUUSDm,long,2026-07-23 07:15:00+00:00,64116,4106.763,0.1,4099.763,4116.763,7.0,close_below_lower,0.0864063881620971,0.1,4111.763,0.5,0.0,0.0,0.0,,,False,2026-07-23 07:35:00+00:00,64120,4099.763,sl,-70.0,0.0,0.0,-70.0,-1.0,-4.777000000000044,5.050000000000182,-0.6824285714285777,0.7214285714285974,4,1200.0,0.24,4.244428571428671,11.267632868160652,london,Thu,7,False
1593,XAUUSDm,long,2026-07-23 07:45:00+00:00,64122,4095.964,0.1,4088.964,4105.964,7.0,close_below_lower,0.23964928358881646,0.1,4100.964,0.5,0.0,0.0,0.0,,,False,2026-07-23 08:20:00+00:00,64129,4088.964,sl,-70.0,0.0,0.0,-70.0,-1.0,-6.682999999999993,1.8280000000004293,-0.9547142857142846,0.26114285714291846,7,2100.0,0.24,5.450642857143066,11.54872326145746,london,Thu,7,False
1594,XAUUSDm,long,2026-07-23 13:05:00+00:00,64186,4055.991,0.1,4048.991,4065.991,7.0,close_below_lower,0.31177454983827046,0.1,4060.991,0.5,0.0,0.0,0.0,,,False,2026-07-23 13:10:00+00:00,64187,4047.245,sl,-87.46000000000095,0.0,0.0,-87.46000000000095,-1.2494285714285849,-11.277999999999793,1.1959999999999127,-1.6111428571428275,0.17085714285713038,1,300.0,0.24,6.689714285714315,11.838287263227778,overlap,Thu,13,False
1595,XAUUSDm,long,2026-07-23 13:15:00+00:00,64188,4041.317,0.1,4041.317,4051.317,7.0,close_below_lower,0.9911205472371951,0.05,4046.317,0.5,0.05,4048.769,37.259999999998854,64189.0,2026-07-23 13:20:00+00:00,True,2026-07-23 13:20:00+00:00,64189,4051.317,tp,87.25999999999885,0.0,0.0,87.25999999999885,1.2465714285714122,-0.8110000000001492,8.144999999999982,-0.11585714285716417,1.163571428571426,1,300.0,0.24,7.562214285714325,12.098944047052893,overlap,Thu,13,False
1596,XAUUSDm,long,2026-07-24 02:50:00+00:00,64339,4026.817,0.1,4026.817,4036.817,7.0,close_below_lower,0.5836785324160102,0.05,4031.817,0.5,0.05,4031.817,25.0,64343.0,2026-07-24 03:10:00+00:00,True,2026-07-24 03:50:00+00:00,64351,4031.345,cross_center,47.63999999999896,0.0,0.0,47.63999999999896,0.6805714285714137,-3.83199999999988,6.806999999999789,-0.5474285714285543,0.9724285714285413,12,3600.0,0.24,4.343214285714306,10.358607858890235,asian,Fri,2,False
1597,XAUUSDm,short,2026-07-24 07:35:00+00:00,64396,4053.535,0.1,4053.535,4043.535,7.0,close_above_upper,0.04961930401178335,0.05,4048.535,0.5,0.05,4047.3219999999997,31.065000000000964,64397.0,2026-07-24 07:40:00+00:00,True,2026-07-24 08:15:00+00:00,64404,4046.8759999999997,cross_center,64.36000000000149,0.0,0.0,64.36000000000149,0.9194285714285927,-0.22800000000006548,8.474999999999909,-0.032571428571437924,1.2107142857142728,8,2400.0,0.24,4.069428571428554,11.078154776731521,london,Fri,7,False
1598,XAUUSDm,short,2026-07-24 14:00:00+00:00,64473,4067.308,0.1,4067.308,4057.308,7.0,close_above_upper,0.3561722312972598,0.05,4062.308,0.5,0.05,4062.548,23.80000000000109,64474.0,2026-07-24 14:05:00+00:00,True,2026-07-24 14:05:00+00:00,64474,4057.548,tp,72.60000000000218,0.0,0.0,72.60000000000218,1.0371428571428882,-2.7029999999999745,4.586999999999989,-0.3861428571428535,0.6552857142857127,1,300.0,0.24,6.064285714285655,9.869739043967236,overlap,Fri,14,False
1599,XAUUSDm,short,2026-07-24 15:15:00+00:00,64488,4074.446,0.1,4081.446,4064.446,7.0,close_above_upper,0.10466355529378987,0.1,4069.446,0.5,0.0,0.0,0.0,,,False,2026-07-24 15:20:00+00:00,64489,4081.6859999999997,sl,-72.39999999999782,0.0,0.0,-72.39999999999782,-1.0342857142856832,-7.0900000000001455,2.6799999999998363,-1.0128571428571636,0.38285714285711947,1,300.0,0.24,5.746142857142916,10.004821086695038,overlap,Fri,15,False
1600,XAUUSDm,short,2026-07-26 22:05:00+00:00,64558,4089.502,0.1,4089.502,4079.502,7.0,close_above_upper,2.263324635160376,0.05,4084.502,0.5,0.05,4084.762,23.69999999999891,64560.0,2026-07-26 22:15:00+00:00,True,2026-07-26 22:20:00+00:00,64561,4089.762,be_stop,22.399999999997817,0.0,0.0,22.399999999997817,0.31999999999994805,-2.298000000000229,5.813999999999851,-0.32828571428574704,0.8305714285714073,3,900.0,0.26,4.958000000000019,9.890723463341347,rollover,Sun,22,False
1601,XAUUSDm,short,2026-07-26 22:25:00+00:00,64562,4087.504,0.1,4094.504,4077.504,7.0,close_above_upper,0.7696595142444812,0.1,4082.504,0.5,0.0,0.0,0.0,,,False,2026-07-26 23:15:00+00:00,64572,4084.9139999999998,cross_center,25.900000000001455,0.0,0.0,25.900000000001455,0.3700000000000208,-6.257000000000062,3.1970000000001164,-0.8938571428571517,0.45671428571430234,10,3000.0,0.26,5.4479285714285846,10.37759193164766,rollover,Sun,22,False
1602,XAUUSDm,short,2026-07-27 00:05:00+00:00,64582,4101.779,0.1,4108.779,4091.779,7.0,close_above_upper,0.09676647979032346,0.1,4096.779,0.5,0.0,0.0,0.0,,,False,2026-07-27 00:10:00+00:00,64583,4109.019,sl,-72.39999999999782,0.0,0.0,-72.39999999999782,-1.0342857142856832,-6.700999999999112,2.2940000000007785,-0.9572857142855875,0.3277142857143969,1,300.0,0.24,3.634357142857133,10.671382084611437,asian,Mon,0,False
1603,XAUUSDm,short,2026-07-27 00:15:00+00:00,64584,4115.688,0.1,4115.688,4105.688,7.0,close_above_upper,0.9075899337114703,0.05,4110.688,0.5,0.05,4107.629,40.29500000000098,64585.0,2026-07-27 00:20:00+00:00,True,2026-07-27 00:20:00+00:00,64585,4105.928,tp,89.09500000000207,0.0,0.0,89.09500000000207,1.272785714285744,0.0,9.059000000000196,0.0,1.2941428571428852,1,300.0,0.24,4.410714285714254,10.873609635854736,asian,Mon,0,False
1604,XAUUSDm,long,2026-07-27 12:20:00+00:00,64729,4084.732,0.1,4077.732,4094.732,7.0,close_below_lower,0.061421395245887044,0.1,4089.732,0.5,0.0,0.0,0.0,,,False,2026-07-27 13:25:00+00:00,64742,4077.732,sl,-70.0,0.0,0.0,-70.0,-1.0,-3.963999999999942,4.336999999999989,-0.566285714285706,0.619571428571427,13,3900.0,0.24,3.8280714285714503,9.64431951574507,overlap,Mon,12,False
1605,XAUUSDm,long,2026-07-27 14:30:00+00:00,64755,4068.5499999999997,0.1,4068.5499999999997,4078.55,7.0,close_below_lower,0.005558517896512255,0.05,4073.55,0.5,0.05,4073.55,25.000000000002274,64759.0,2026-07-27 14:50:00+00:00,True,2026-07-27 15:00:00+00:00,64761,4076.04,cross_center,62.450000000003456,0.0,0.0,62.450000000003456,0.8921428571429065,-3.381999999999607,9.015000000000327,-0.48314285714280103,1.2878571428571897,6,1800.0,0.24,6.4860714285714165,10.025724284875974,overlap,Mon,14,False
1606,XAUUSDm,short,2026-07-27 16:35:00+00:00,64780,4091.434,0.1,4091.434,4081.434,7.0,close_above_upper,0.06054487935158537,0.05,4086.434,0.5,0.05,4086.674,23.80000000000109,64782.0,2026-07-27 16:45:00+00:00,True,2026-07-27 16:50:00+00:00,64783,4081.674,tp,72.60000000000218,0.0,0.0,72.60000000000218,1.0371428571428882,-2.4209999999998217,7.469000000000051,-0.3458571428571174,1.0670000000000073,3,900.0,0.24,4.048785714285747,10.346133294709345,newyork,Mon,16,False
1607,XAUUSDm,long,2026-07-28 10:00:00+00:00,64977,4023.586,0.1,4016.586,4033.586,7.0,close_below_lower,0.24222369642239427,0.1,4028.586,0.5,0.0,0.0,0.0,,,False,2026-07-28 10:55:00+00:00,64988,4028.149,cross_center,45.63000000000102,0.0,0.0,45.63000000000102,0.6518571428571575,-6.755999999999858,4.843000000000302,-0.9651428571428369,0.691857142857186,11,3300.0,0.24,4.301714285714297,10.69868689126332,london,Tue,10,False
1608,XAUUSDm,short,2026-07-28 15:55:00+00:00,65048,4046.06,0.1,4046.06,4036.06,7.0,close_above_upper,0.04547585304650255,0.05,4041.06,0.5,0.05,4041.2999999999997,23.80000000000109,65055.0,2026-07-28 16:30:00+00:00,True,2026-07-28 16:40:00+00:00,65057,4042.0299999999997,cross_center,43.95000000000209,0.0,0.0,43.95000000000209,0.6278571428571728,-0.8980000000001382,5.029999999999745,-0.12828571428573404,0.7185714285713922,9,2700.0,0.24,5.413357142857096,10.883078921400033,overlap,Tue,15,False
1609,XAUUSDm,long,2026-07-29 01:05:00+00:00,65146,4012.3509999999997,0.1,4012.3509999999997,4022.351,7.0,close_below_lower,0.0022299153407445735,0.05,4017.351,0.5,0.05,4017.351,25.000000000002274,65147.0,2026-07-29 01:10:00+00:00,True,2026-07-29 01:15:00+00:00,65148,4012.3509999999997,be_stop,25.000000000002274,0.0,0.0,25.000000000002274,0.3571428571428896,-1.8129999999996471,5.281000000000404,-0.2589999999999496,0.7544285714286291,2,600.0,0.24,5.2290714285713875,9.783776311976176,asian,Wed,1,False
1610,XAUUSDm,long,2026-07-29 12:20:00+00:00,65281,4018.9109999999996,0.1,4011.911,4028.911,7.0,close_below_lower,0.17011651638234382,0.1,4023.911,0.5,0.0,0.0,0.0,,,False,2026-07-29 12:30:00+00:00,65283,4011.911,sl,-69.99999999999545,0.0,0.0,-69.99999999999545,-0.999999999999935,-6.442999999999756,1.3840000000004693,-0.9204285714285366,0.19771428571435276,2,600.0,0.24,3.4301428571427874,9.402381903052321,overlap,Wed,12,False
1611,XAUUSDm,long,2026-07-29 14:10:00+00:00,65303,3999.8489999999997,0.1,3999.8489999999997,4009.849,7.0,close_below_lower,0.3440793677959145,0.05,4004.849,0.5,0.05,4004.849,25.000000000002274,65304.0,2026-07-29 14:15:00+00:00,True,2026-07-29 14:20:00+00:00,65305,4009.849,tp,75.00000000000455,0.0,0.0,75.00000000000455,1.0714285714286365,-4.01299999999992,9.217000000000098,-0.5732857142857029,1.3167142857142997,2,600.0,0.24,6.388071428571428,9.667546870984927,overlap,Wed,14,False
1612,XAUUSDm,short,2026-07-29 16:55:00+00:00,65336,4025.453,0.1,4032.453,4015.453,7.0,close_above_upper,0.06414957372832805,0.1,4020.453,0.5,0.0,0.0,0.0,,,False,2026-07-29 17:00:00+00:00,65337,4032.6929999999998,sl,-72.39999999999782,0.0,0.0,-72.39999999999782,-1.0342857142856832,-7.389999999999873,0.5630000000001019,-1.0557142857142676,0.08042857142858598,1,300.0,0.24,4.405428571428599,9.7047489520545,newyork,Wed,16,False
1613,XAUUSDm,short,2026-07-29 17:05:00+00:00,65338,4036.775,0.1,4043.775,4026.775,7.0,close_above_upper,0.819226659147001,0.1,4031.775,0.5,0.0,0.0,0.0,,,False,2026-07-29 17:10:00+00:00,65339,4044.015,sl,-72.39999999999782,0.0,0.0,-72.39999999999782,-1.0342857142856832,-4.407999999999902,1.8670000000001892,-0.6297142857142717,0.2667142857143127,1,300.0,0.24,5.2160714285714675,9.832892742945647,newyork,Wed,17,False
1614,XAUUSDm,short,2026-07-29 17:15:00+00:00,65340,4042.177,0.1,4049.177,4032.177,7.0,close_above_upper,0.8516965221858089,0.1,4037.177,0.5,0.0,0.0,0.0,,,False,2026-07-29 17:20:00+00:00,65341,4049.417,sl,-72.39999999999782,0.0,0.0,-72.39999999999782,-1.0342857142856832,-5.682999999999993,1.4169999999999163,-0.8118571428571418,0.20242857142855947,1,300.0,0.24,6.039928571428618,10.004041808932904,newyork,Wed,17,False
1615,XAUUSDm,short,2026-07-29 17:25:00+00:00,65342,4047.198,0.1,4047.198,4037.198,7.0,close_above_upper,0.7715054983368645,0.05,4042.198,0.5,0.05,4039.263,39.67499999999973,65343.0,2026-07-29 17:30:00+00:00,True,2026-07-29 17:35:00+00:00,65344,4037.4379999999996,tp,88.47500000000082,0.0,0.0,88.47500000000082,1.263928571428583,-1.0190000000002328,9.850999999999658,-0.14557142857146183,1.4072857142856654,2,600.0,0.24,6.048214285714331,10.20539433394026,newyork,Wed,17,False
1616,XAUUSDm,short,2026-07-29 18:05:00+00:00,65350,4067.066,0.1,4074.066,4057.066,7.0,close_above_upper,1.2938002464074505,0.1,4062.066,0.5,0.0,0.0,0.0,,,False,2026-07-29 18:10:00+00:00,65351,4076.752,sl,-96.86000000000149,0.0,0.0,-96.86000000000149,-1.383714285714307,-16.195000000000164,0.8439999999995962,-2.313571428571452,0.12057142857137089,1,300.0,0.24,9.40135714285725,10.605978436932642,newyork,Wed,18,False
1617,XAUUSDm,short,2026-07-29 18:15:00+00:00,65352,4080.947,0.1,4080.947,4070.947,7.0,close_above_upper,1.758924395965771,0.05,4075.947,0.5,0.05,4072.169,43.89000000000124,65353.0,2026-07-29 18:20:00+00:00,True,2026-07-29 18:20:00+00:00,65353,4071.187,tp,92.69000000000233,0.0,0.0,92.69000000000233,1.3241428571428904,-3.01299999999992,9.885999999999967,-0.43042857142856,1.4122857142857097,1,300.0,0.24,10.32900000000008,10.956385176452724,newyork,Wed,18,False
1618,XAUUSDm,short,2026-07-29 18:45:00+00:00,65358,4083.234,0.1,4090.234,4073.234,7.0,close_above_upper,0.7208366762509524,0.1,4078.234,0.5,0.0,0.0,0.0,,,False,2026-07-29 18:50:00+00:00,65359,4099.657,sl,-164.2300000000023,0.0,0.0,-164.2300000000023,-2.34614285714289,-17.916999999999916,1.418999999999869,-2.5595714285714166,0.202714285714267,1,300.0,0.24,12.739857142857156,11.29506924075709,newyork,Wed,18,False
1619,XAUUSDm,short,2026-07-29 18:55:00+00:00,65360,4104.523,0.1,4111.523,4094.523,7.0,close_above_upper,1.785263896308437,0.1,4099.523,0.5,0.0,0.0,0.0,,,False,2026-07-29 19:00:00+00:00,65361,4111.763,sl,-72.39999999999782,0.0,0.0,-72.39999999999782,-1.0342857142856832,-4.817000000000007,3.576000000000022,-0.6881428571428582,0.510857142857146,1,300.0,0.24,14.474142857142786,11.62421093116639,newyork,Wed,18,False
1620,XAUUSDm,short,2026-07-29 19:05:00+00:00,65362,4103.487,0.1,4103.487,4093.487,7.0,close_above_upper,0.9545809590267825,0.05,4098.487,0.5,0.05,4096.754,33.66500000000087,65363.0,2026-07-29 19:10:00+00:00,True,2026-07-29 19:10:00+00:00,65363,4093.727,tp,82.46500000000196,0.0,0.0,82.46500000000196,1.1780714285714566,-2.1649999999999636,9.730000000000018,-0.3092857142857091,1.3900000000000026,1,300.0,0.24,15.660642857142777,11.863944952784077,newyork,Wed,19,False
1621,XAUUSDm,short,2026-07-29 19:15:00+00:00,65364,4099.499,0.1,4099.499,4089.499,7.0,close_above_upper,0.14396990074934204,0.05,4094.499,0.5,0.05,4094.7389999999996,23.80000000000109,65365.0,2026-07-29 19:20:00+00:00,True,2026-07-29 19:20:00+00:00,65365,4089.7389999999996,tp,72.60000000000218,0.0,0.0,72.60000000000218,1.0371428571428882,-5.22400000000016,2.155999999999949,-0.7462857142857372,0.3079999999999927,1,300.0,0.24,14.106642857142788,11.968642237164614,newyork,Wed,19,False
1622,XAUUSDm,long,2026-07-29 19:35:00+00:00,65368,4073.3489999999997,0.1,4066.349,4083.349,7.0,close_below_lower,0.2593964018208503,0.1,4078.349,0.5,0.0,0.0,0.0,,,False,2026-07-29 19:40:00+00:00,65369,4066.349,sl,-69.99999999999545,0.0,0.0,-69.99999999999545,-0.999999999999935,-7.376999999999498,2.654000000000451,-1.053857142857071,0.37914285714292156,1,300.0,0.24,14.041499999999912,12.067304210243238,newyork,Wed,19,False
1623,XAUUSDm,long,2026-07-29 19:45:00+00:00,65370,4069.3759999999997,0.1,4062.376,4079.376,7.0,close_below_lower,0.3143704421843488,0.1,4074.376,0.5,0.0,0.0,0.0,,,False,2026-07-29 19:50:00+00:00,65371,4062.376,sl,-69.99999999999545,0.0,0.0,-69.99999999999545,-0.999999999999935,-3.356999999999971,2.6230000000000473,-0.47957142857142443,0.3747142857142925,1,300.0,0.24,13.514714285714197,12.209629288185184,newyork,Wed,19,False
1624,XAUUSDm,long,2026-07-29 19:55:00+00:00,65372,4061.9429999999998,0.1,4054.943,4071.943,7.0,close_below_lower,0.5857985960803557,0.1,4066.943,0.5,0.0,0.0,0.0,,,False,2026-07-29 20:00:00+00:00,65373,4044.842,sl,-171.00999999999658,0.0,0.0,-171.00999999999658,-2.442999999999951,-17.90399999999954,0.0,-2.55771428571422,0.0,1,300.0,0.24,12.048785714285648,12.341010474085476,newyork,Wed,19,False
1625,XAUUSDm,long,2026-07-29 20:05:00+00:00,65374,4052.8869999999997,0.1,4045.887,4062.887,7.0,close_below_lower,0.7122952520267204,0.1,4057.887,0.5,0.0,0.0,0.0,,,False,2026-07-29 20:20:00+00:00,65377,4045.887,sl,-69.99999999999545,0.0,0.0,-69.99999999999545,-0.999999999999935,-5.493999999999687,3.1390000000001237,-0.7848571428570982,0.4484285714285891,3,900.0,0.24,11.446357142857096,12.569305880454637,newyork,Wed,20,False
1626,XAUUSDm,long,2026-07-29 20:25:00+00:00,65378,4049.348,0.1,4049.348,4059.348,7.0,close_below_lower,0.09210117838803045,0.05,4054.348,0.5,0.05,4055.442,30.470000000000255,65379.0,2026-07-29 20:30:00+00:00,True,2026-07-29 20:30:00+00:00,65379,4059.348,tp,80.47000000000025,0.0,0.0,80.47000000000025,1.1495714285714322,-1.18100000000004,8.124000000000251,-0.16871428571429142,1.1605714285714643,1,300.0,0.24,9.685928571428478,12.768375757327522,newyork,Wed,20,False
1627,XAUUSDm,short,2026-07-29 23:05:00+00:00,65398,4095.216,0.1,4095.216,4085.216,7.0,close_above_upper,0.20448730657674533,0.05,4090.216,0.5,0.05,4090.4559999999997,23.80000000000109,65405.0,2026-07-29 23:40:00+00:00,True,2026-07-29 23:55:00+00:00,65408,4087.435,cross_center,62.70500000000084,0.0,0.0,62.70500000000084,0.895785714285668,-5.098999999999705,8.804999999999836,-0.7284285714285293,1.2578571428571195,10,3000.0,0.24,5.2389285714285245,13.378266574791358,rollover,Wed,23,False
1628,XAUUSDm,short,2026-07-30 08:30:00+00:00,65499,4064.597,0.1,4071.597,4054.597,7.0,close_above_upper,0.011713907768049224,0.1,4059.597,0.5,0.0,0.0,0.0,,,False,2026-07-30 08:35:00+00:00,65500,4071.837,sl,-72.39999999999782,0.0,0.0,-72.39999999999782,-1.0342857142856832,-8.33999999999969,1.274000000000342,-1.1914285714285273,0.18200000000004884,1,300.0,0.24,6.451142857142778,15.07224052128344,london,Thu,8,False
1629,XAUUSDm,short,2026-07-30 13:55:00+00:00,65564,4102.233,0.1,4109.233,4092.233,7.0,close_above_upper,0.27757660282805346,0.1,4097.233,0.5,0.0,0.0,0.0,,,False,2026-07-30 14:00:00+00:00,65565,4112.471,sl,-102.37999999999374,0.0,0.0,-102.37999999999374,-1.4625714285713391,-10.372999999999593,1.3910000000005311,-1.4818571428570846,0.1987142857143616,1,300.0,0.24,10.116571428571433,15.363003819511043,overlap,Thu,13,False
1630,XAUUSDm,short,2026-07-30 14:05:00+00:00,65566,4107.67,0.1,4107.67,4097.67,7.0,close_above_upper,0.21302455064118955,0.05,4102.67,0.5,0.05,4099.1939999999995,42.38000000000284,65567.0,2026-07-30 14:10:00+00:00,True,2026-07-30 14:10:00+00:00,65567,4097.91,tp,91.18000000000393,0.0,0.0,91.18000000000393,1.3025714285714847,-1.9210000000002765,13.775000000000091,-0.27442857142861093,1.9678571428571558,1,300.0,0.24,10.783571428571479,15.593902762301266,overlap,Thu,14,False
1631,XAUUSDm,short,2026-08-02 22:05:00+00:00,65926,4075.349,0.1,4075.349,4065.349,7.0,close_above_upper,0.963297132531074,0.05,4070.349,0.5,0.05,4070.589,23.80000000000109,65928.0,2026-08-02 22:15:00+00:00,True,2026-08-02 22:20:00+00:00,65929,4065.589,tp,72.60000000000218,0.0,0.0,72.60000000000218,1.0371428571428882,-3.4279999999998836,8.04300000000012,-0.48971428571426906,1.1490000000000171,3,900.0,0.26,5.305714285714267,12.076486508904845,rollover,Sun,22,False
1632,XAUUSDm,long,2026-08-03 13:35:00+00:00,66112,4031.4489999999996,0.1,4024.449,4041.449,7.0,close_below_lower,0.013291605717089877,0.1,4036.449,0.5,0.0,0.0,0.0,,,False,2026-08-03 14:15:00+00:00,66120,4032.979,cross_center,15.300000000002001,0.0,0.0,15.300000000002001,0.21857142857145714,-12.560999999999694,4.8400000000006,-1.7944285714285277,0.6914285714286572,8,2400.0,0.24,5.337285714285664,10.442130820876498,overlap,Mon,13,False
1633,XAUUSDm,short,2026-08-04 00:10:00+00:00,66227,4067.208,0.1,4067.208,4057.208,7.0,close_above_upper,0.28896138267854127,0.05,4062.208,0.5,0.05,4062.448,23.80000000000109,66228.0,2026-08-04 00:15:00+00:00,True,2026-08-04 00:35:00+00:00,66232,4057.448,tp,72.60000000000218,0.0,0.0,72.60000000000218,1.0371428571428882,-2.2049999999999272,9.456000000000131,-0.3149999999999896,1.3508571428571616,5,1500.0,0.24,3.159428571428537,9.917018183170567,asian,Tue,0,False
1634,XAUUSDm,short,2026-08-04 11:45:00+00:00,66366,4069.504,0.1,4076.504,4059.504,7.0,close_above_upper,0.20259029022070368,0.1,4064.504,0.5,0.0,0.0,0.0,,,False,2026-08-04 11:50:00+00:00,66367,4076.7439999999997,sl,-72.39999999999782,0.0,0.0,-72.39999999999782,-1.0342857142856832,-10.501000000000204,2.520999999999731,-1.5001428571428863,0.3601428571428187,1,300.0,0.24,4.6714999999999565,9.377046626045244,london,Tue,11,False
1635,XAUUSDm,short,2026-08-04 11:55:00+00:00,66368,4076.025,0.1,4076.025,4066.025,7.0,close_above_upper,0.4595283451823931,0.05,4071.025,0.5,0.05,4071.265,23.80000000000109,66369.0,2026-08-04 12:00:00+00:00,True,2026-08-04 12:00:00+00:00,66369,4066.265,tp,72.60000000000218,0.0,0.0,72.60000000000218,1.0371428571428882,-0.36200000000008004,6.838000000000193,-0.05171428571429715,0.9768571428571704,1,300.0,0.24,5.636785714285679,9.536779595242189,london,Tue,11,False
1636,XAUUSDm,short,2026-08-04 12:40:00+00:00,66377,4082.435,0.1,4082.435,4072.435,7.0,close_above_upper,0.36527064349800137,0.05,4077.435,0.5,0.05,4077.6749999999997,23.80000000000109,66378.0,2026-08-04 12:45:00+00:00,True,2026-08-04 12:55:00+00:00,66380,4072.6749999999997,tp,72.60000000000218,0.0,0.0,72.60000000000218,1.0371428571428882,-2.0549999999998363,9.103000000000065,-0.29357142857140517,1.3004285714285808,3,900.0,0.24,7.141857142857167,9.69050144061258,overlap,Tue,12,False
1637,XAUUSDm,short,2026-08-04 13:25:00+00:00,66386,4081.459,0.1,4081.459,4071.459,7.0,close_above_upper,0.11542266781032569,0.05,4076.459,0.5,0.05,4076.6989999999996,23.80000000000109,66387.0,2026-08-04 13:30:00+00:00,True,2026-08-04 13:35:00+00:00,66388,4083.484,be_stop,13.675000000000637,0.0,0.0,13.675000000000637,0.19535714285715194,-3.34900000000016,5.518000000000029,-0.4784285714285943,0.7882857142857185,2,600.0,0.24,7.133642857142896,9.852345790319987,overlap,Tue,13,False
1638,XAUUSDm,short,2026-08-04 13:40:00+00:00,66389,4088.383,0.1,4088.383,4078.383,7.0,close_above_upper,0.4265434101727327,0.05,4083.383,0.5,0.05,4083.6229999999996,23.80000000000109,66390.0,2026-08-04 13:45:00+00:00,True,2026-08-04 13:50:00+00:00,66391,4092.9629999999997,be_stop,0.9000000000014552,0.0,0.0,0.9000000000014552,0.012857142857163646,-5.260000000000218,6.8289999999997235,-0.7514285714286026,0.9755714285713891,2,600.0,0.24,7.644428571428632,9.960821510244665,overlap,Tue,13,False
1639,XAUUSDm,short,2026-08-04 17:05:00+00:00,66430,4102.395,0.1,4102.395,4092.395,7.0,close_above_upper,0.25017513972347644,0.05,4097.395,0.5,0.05,4097.635,23.80000000000109,66432.0,2026-08-04 17:15:00+00:00,True,2026-08-04 17:30:00+00:00,66435,4092.6349999999998,tp,72.60000000000446,0.0,0.0,72.60000000000446,1.0371428571429209,-4.089999999999236,8.27200000000039,-0.5842857142856052,1.1817142857143412,5,1500.0,0.24,3.8563571428571453,10.147394571365146,newyork,Tue,17,False
1640,XAUUSDm,short,2026-08-05 02:00:00+00:00,66525,4101.168,0.1,4101.168,4091.168,7.0,close_above_upper,0.24483938178715797,0.05,4096.168,0.5,0.05,4096.407999999999,23.80000000000109,66528.0,2026-08-05 02:15:00+00:00,True,2026-08-05 02:20:00+00:00,66529,4101.407999999999,be_stop,22.600000000002183,0.0,0.0,22.600000000002183,0.32285714285717404,-1.7600000000002183,5.740999999999531,-0.2514285714286026,0.8201428571427901,4,1200.0,0.24,4.467928571428599,10.10779260516913,asian,Wed,2,False
1641,XAUUSDm,short,2026-08-05 02:40:00+00:00,66533,4120.122,0.1,4127.122,4110.122,7.0,close_above_upper,0.9360273152318443,0.1,4115.122,0.5,0.0,0.0,0.0,,,False,2026-08-05 02:45:00+00:00,66534,4128.304,sl,-81.81999999999789,0.0,0.0,-81.81999999999789,-1.1688571428571126,-8.92199999999957,0.43100000000049477,-1.2745714285713672,0.061571428571499255,1,300.0,0.24,5.649785714285632,10.43348075027956,asian,Wed,2,False
1642,XAUUSDm,short,2026-08-05 02:50:00+00:00,66535,4130.004,0.1,4137.004,4120.004,7.0,close_above_upper,1.2094451375256208,0.1,4125.004,0.5,0.0,0.0,0.0,,,False,2026-08-05 03:50:00+00:00,66547,4127.659,cross_center,23.450000000002547,0.0,0.0,23.450000000002547,0.3350000000000364,-6.515000000000327,5.476999999999862,-0.9307142857143325,0.7824285714285517,12,3600.0,0.24,5.800428571428516,10.691650968977916,asian,Wed,2,False
1643,XAUUSDm,short,2026-08-05 05:40:00+00:00,66569,4151.73,0.1,4158.73,4141.73,7.0,close_above_upper,0.1270843641833538,0.1,4146.73,0.5,0.0,0.0,0.0,,,False,2026-08-05 05:45:00+00:00,66570,4158.969999999999,sl,-72.39999999999782,0.0,0.0,-72.39999999999782,-1.0342857142856832,-7.9520000000002256,2.371999999999389,-1.1360000000000323,0.33885714285705554,1,300.0,0.24,3.916214285714237,11.35736167803428,asian,Wed,5,False
1644,XAUUSDm,short,2026-08-05 05:50:00+00:00,66571,4164.812,0.1,4171.812,4154.812,7.0,close_above_upper,0.8249500164264006,0.1,4159.812,0.5,0.0,0.0,0.0,,,False,2026-08-05 06:10:00+00:00,66575,4172.052,sl,-72.39999999999782,0.0,0.0,-72.39999999999782,-1.0342857142856832,-8.350000000000364,4.824999999999818,-1.1928571428571948,0.6892857142856883,4,1200.0,0.24,5.263214285714249,11.57059865061129,asian,Wed,5,False
1645,XAUUSDm,short,2026-08-05 06:15:00+00:00,66576,4172.93,0.1,4172.93,4162.93,7.0,close_above_upper,0.4376390209360182,0.05,4167.93,0.5,0.05,4166.558,31.86000000000149,66577.0,2026-08-05 06:20:00+00:00,True,2026-08-05 06:20:00+00:00,66577,4163.17,tp,80.66000000000258,0.0,0.0,80.66000000000258,1.1522857142857512,-0.4969999999993888,7.081000000000131,-0.07099999999991269,1.0115714285714472,1,300.0,0.24,7.197928571428553,12.01086973591044,asian,Wed,6,False
1646,XAUUSDm,short,2026-08-05 11:30:00+00:00,66639,4176.074,0.1,4183.074,4166.074,7.0,close_above_upper,0.049877037105990576,0.1,4171.074,0.5,0.0,0.0,0.0,,,False,2026-08-05 11:35:00+00:00,66640,4183.313999999999,sl,-72.39999999999782,0.0,0.0,-72.39999999999782,-1.0342857142856832,-5.4650000000001455,2.0729999999994106,-0.7807142857143065,0.29614285714277294,1,300.0,0.24,4.06899999999983,11.997640022784429,london,Wed,11,False
1647,XAUUSDm,short,2026-08-05 11:40:00+00:00,66641,4184.798,0.1,4191.798,4174.798,7.0,close_above_upper,0.3730664844517805,0.1,4179.798,0.5,0.0,0.0,0.0,,,False,2026-08-05 11:55:00+00:00,66644,4192.038,sl,-72.39999999999782,0.0,0.0,-72.39999999999782,-1.0342857142856832,-4.578000000000429,2.2969999999995707,-0.6540000000000613,0.32814285714279584,3,900.0,0.24,4.688214285714041,12.170254188414418,london,Wed,11,False
1648,XAUUSDm,short,2026-08-05 12:05:00+00:00,66646,4194.669,0.1,4201.669,4184.669,7.0,close_above_upper,0.2417762619547622,0.1,4189.669,0.5,0.0,0.0,0.0,,,False,2026-08-05 12:15:00+00:00,66648,4201.909,sl,-72.39999999999782,0.0,0.0,-72.39999999999782,-1.0342857142856832,-5.4099999999998545,0.7569999999996071,-0.772857142857122,0.10814285714280102,2,600.0,0.24,5.594499999999893,12.564383715908308,overlap,Wed,12,False
1649,XAUUSDm,short,2026-08-05 12:20:00+00:00,66649,4205.155,0.1,4205.155,4195.155,7.0,close_above_upper,0.43211185071732533,0.05,4200.155,0.5,0.05,4200.3949999999995,23.80000000000109,66651.0,2026-08-05 12:30:00+00:00,True,2026-08-05 12:40:00+00:00,66653,4195.3949999999995,tp,72.60000000000218,0.0,0.0,72.60000000000218,1.0371428571428882,-8.432999999999993,7.5109999999995125,-1.2047142857142847,1.0729999999999305,4,1200.0,0.24,6.096285714285581,12.837979047362301,overlap,Wed,12,False
1650,XAUUSDm,short,2026-08-05 14:10:00+00:00,66671,4227.563,0.1,4234.563,4217.563,7.0,close_above_upper,0.9293563498128637,0.1,4222.563,0.5,0.0,0.0,0.0,,,False,2026-08-05 14:15:00+00:00,66672,4234.803,sl,-72.39999999999782,0.0,0.0,-72.39999999999782,-1.0342857142856832,-7.3419999999996435,1.6700000000000728,-1.0488571428570919,0.23857142857143895,1,300.0,0.24,8.994000000000012,13.53578676775946,overlap,Wed,14,False
1651,XAUUSDm,short,2026-08-05 14:20:00+00:00,66673,4236.362,0.1,4236.362,4226.362,7.0,close_above_upper,1.0462317536123757,0.05,4231.362,0.5,0.05,4231.602,23.80000000000109,66675.0,2026-08-05 14:30:00+00:00,True,2026-08-05 14:40:00+00:00,66677,4236.602,be_stop,22.600000000002183,0.0,0.0,22.600000000002183,0.32285714285717404,-5.894000000000233,7.76299999999992,-0.8420000000000333,1.1089999999999887,4,1200.0,0.24,9.276285714285677,13.832764962679288,overlap,Wed,14,False
1652,XAUUSDm,short,2026-08-05 14:45:00+00:00,66678,4243.412,0.1,4243.412,4233.412,7.0,close_above_upper,0.4288088859005094,0.05,4238.412,0.5,0.05,4238.652,23.80000000000109,66679.0,2026-08-05 14:50:00+00:00,True,2026-08-05 14:50:00+00:00,66679,4233.652,tp,72.60000000000218,0.0,0.0,72.60000000000218,1.0371428571428882,-4.2849999999998545,2.3140000000003056,-0.6121428571428363,0.3305714285714722,1,300.0,0.24,10.243071428571445,14.183384064332344,overlap,Wed,14,False
1653,XAUUSDm,short,2026-08-05 15:05:00+00:00,66682,4255.369,0.1,4255.369,4245.369,7.0,close_above_upper,0.48763539083316954,0.05,4250.369,0.5,0.05,4250.6089999999995,23.80000000000109,66684.0,2026-08-05 15:15:00+00:00,True,2026-08-05 15:20:00+00:00,66685,4257.6089999999995,be_stop,12.600000000002183,0.0,0.0,12.600000000002183,0.1800000000000312,-5.756000000000313,5.338999999999942,-0.822285714285759,0.7627142857142774,3,900.0,0.24,10.85185714285717,14.423133116208524,overlap,Wed,15,False
1654,XAUUSDm,short,2026-08-05 15:25:00+00:00,66686,4259.819,0.1,4259.819,4249.819,7.0,close_above_upper,0.004488839495415039,0.05,4254.819,0.5,0.05,4255.059,23.80000000000109,66687.0,2026-08-05 15:30:00+00:00,True,2026-08-05 15:35:00+00:00,66688,4260.059,be_stop,22.600000000002183,0.0,0.0,22.600000000002183,0.32285714285717404,-5.496999999999389,5.355000000000473,-0.785285714285627,0.7650000000000675,2,600.0,0.24,9.905285714285712,14.655019717758602,overlap,Wed,15,False
1655,XAUUSDm,long,2026-08-05 16:00:00+00:00,66693,4233.214,0.1,4226.214,4243.214,7.0,close_below_lower,0.152065577134721,0.1,4238.214,0.5,0.0,0.0,0.0,,,False,2026-08-05 16:05:00+00:00,66694,4225.954,sl,-72.60000000000218,0.0,0.0,-72.60000000000218,-1.0371428571428882,-7.88799999999992,1.3479999999999563,-1.1268571428571315,0.19257142857142234,1,300.0,0.24,8.717071428571282,14.907237367588674,newyork,Wed,16,False
1656,XAUUSDm,short,2026-08-05 23:40:00+00:00,66773,4278.059,0.1,4278.059,4268.059,7.0,close_above_upper,0.3148494816638922,0.05,4273.059,0.5,0.05,4273.299,23.80000000000109,66774.0,2026-08-05 23:45:00+00:00,True,2026-08-05 23:55:00+00:00,66776,4278.299,be_stop,22.600000000002183,0.0,0.0,22.600000000002183,0.32285714285717404,-3.9290000000000873,5.887000000000626,-0.5612857142857267,0.8410000000000893,3,900.0,0.24,4.047500000000127,15.711462473347533,rollover,Wed,23,False
1657,XAUUSDm,long,2026-08-06 13:10:00+00:00,66935,4232.144,0.1,4232.144,4242.144,7.0,close_below_lower,0.43533580752649226,0.05,4237.144,0.5,0.05,4238.136,29.960000000000946,66936.0,2026-08-06 13:15:00+00:00,True,2026-08-06 13:15:00+00:00,66936,4242.144,tp,79.96000000000095,0.0,0.0,79.96000000000095,1.142285714285728,-1.798000000000684,7.2979999999997744,-0.25685714285724054,1.0425714285713963,1,300.0,0.24,7.657071428571401,17.061627452649134,overlap,Thu,13,False
1658,XAUUSDm,short,2026-08-06 13:45:00+00:00,66942,4270.339,0.1,4270.339,4260.339,7.0,close_above_upper,0.06267050216088695,0.05,4265.339,0.5,0.05,4264.188,30.7549999999992,66943.0,2026-08-06 13:50:00+00:00,True,2026-08-06 14:00:00+00:00,66945,4270.579,be_stop,29.55500000000029,0.0,0.0,29.55500000000029,0.42221428571428987,-0.10099999999965803,8.207999999999629,-0.014428571428522576,1.1725714285713755,3,900.0,0.24,9.515571428571418,17.309186415609506,overlap,Thu,13,False
1659,XAUUSDm,long,2026-08-06 15:55:00+00:00,66968,4235.157999999999,0.1,4235.157999999999,4245.158,7.0,close_below_lower,0.15578121175754872,0.05,4240.158,0.5,0.05,4240.158,25.000000000004547,66970.0,2026-08-06 16:05:00+00:00,True,2026-08-06 16:10:00+00:00,66971,4235.157999999999,be_stop,25.000000000004547,0.0,0.0,25.000000000004547,0.3571428571429221,-5.9559999999992215,7.8640000000004875,-0.8508571428570316,1.1234285714286412,3,900.0,0.24,7.409857142857098,18.02406167567636,overlap,Thu,15,False
1660,XAUUSDm,short,2026-08-07 08:35:00+00:00,67156,4313.973,0.1,4313.973,4303.973,7.0,close_above_upper,0.19239701387953173,0.05,4308.973,0.5,0.05,4304.532999999999,47.20000000000255,67157.0,2026-08-07 08:40:00+00:00,True,2026-08-07 08:50:00+00:00,67159,4304.213,tp,96.00000000000364,0.0,0.0,96.00000000000364,1.3714285714286234,-2.7669999999998254,12.92199999999957,-0.3952857142856893,1.8459999999999386,3,900.0,0.26,5.3111428571428405,16.416978239447282,london,Fri,8,False
1661,XAUUSDm,short,2026-08-07 12:35:00+00:00,67204,4359.694,0.1,4366.694,4349.694,7.0,close_above_upper,1.5284941118959539,0.1,4354.694,0.5,0.0,0.0,0.0,,,False,2026-08-07 12:40:00+00:00,67205,4366.954000000001,sl,-72.60000000000218,0.0,0.0,-72.60000000000218,-1.0371428571428882,-6.893000000000029,7.855000000000473,-0.9847142857142899,1.1221428571429246,1,300.0,0.26,9.677928571428636,14.943293118539014,overlap,Fri,12,False
1662,XAUUSDm,short,2026-08-07 12:45:00+00:00,67206,4367.071,0.1,4367.071,4357.071,7.0,close_above_upper,1.3850916010181356,0.05,4362.071,0.5,0.05,4362.331,23.69999999999891,67208.0,2026-08-07 12:55:00+00:00,True,2026-08-07 12:55:00+00:00,67208,4357.331,tp,72.39999999999782,0.0,0.0,72.39999999999782,1.0342857142856832,-4.798999999999978,3.875,-0.6855714285714255,0.5535714285714286,2,600.0,0.26,10.925285714285824,15.377371379632878,overlap,Fri,12,False
1663,XAUUSDm,short,2026-08-07 13:00:00+00:00,67209,4361.273,0.1,4361.273,4351.273,7.0,close_above_upper,0.22259889623964235,0.05,4356.273,0.5,0.05,4347.717000000001,67.77999999999793,67210.0,2026-08-07 13:05:00+00:00,True,2026-08-07 13:05:00+00:00,67210,4347.717000000001,tp,135.55999999999585,0.0,0.0,135.55999999999585,1.9365714285713693,-2.9390000000003056,14.039999999999964,-0.4198571428571865,2.0057142857142805,1,300.0,0.26,11.818428571428674,15.83309126148417,overlap,Fri,13,False
1664,XAUUSDm,long,2026-08-07 14:05:00+00:00,67222,4333.9890000000005,0.1,4333.9890000000005,4343.989,7.0,close_below_lower,0.17034334861238373,0.05,4338.989,0.5,0.05,4338.989,24.999999999995453,67223.0,2026-08-07 14:10:00+00:00,True,2026-08-07 14:15:00+00:00,67224,4333.9890000000005,be_stop,24.999999999995453,0.0,0.0,24.999999999995453,0.3571428571427922,-6.608000000000175,7.976999999999862,-0.9440000000000249,1.139571428571409,2,600.0,0.26,10.396785714285736,15.785226216425226,overlap,Fri,14,False
1665,XAUUSDm,long,2026-08-10 14:00:00+00:00,67497,4318.317,0.1,4318.317,4328.317,7.0,close_below_lower,0.00022137824358489964,0.05,4323.317,0.5,0.05,4323.579,26.30999999999858,67498.0,2026-08-10 14:05:00+00:00,True,2026-08-10 14:10:00+00:00,67499,4328.317,tp,76.30999999999858,0.0,0.0,76.30999999999858,1.0901428571428369,-0.363999999999578,8.11700000000019,-0.05199999999993971,1.1595714285714556,2,600.0,0.24,6.209928571428528,12.516187893510882,overlap,Mon,14,False
1666,XAUUSDm,short,2026-08-10 14:30:00+00:00,67503,4345.602,0.1,4352.602,4335.602,7.0,close_above_upper,0.1203073046785818,0.1,4340.602,0.5,0.0,0.0,0.0,,,False,2026-08-10 15:45:00+00:00,67518,4352.862,sl,-72.60000000000218,0.0,0.0,-72.60000000000218,-1.0371428571428882,-6.765000000000327,3.0529999999998836,-0.9664285714286182,0.4361428571428405,15,4500.0,0.26,7.172499999999933,12.68768260102944,overlap,Mon,14,False
1667,XAUUSDm,short,2026-08-10 18:35:00+00:00,67552,4379.595,0.1,4379.595,4369.595,7.0,close_above_upper,0.18446483305441713,0.05,4374.595,0.5,0.05,4374.8550000000005,23.69999999999891,67554.0,2026-08-10 18:45:00+00:00,True,2026-08-10 19:00:00+00:00,67557,4379.8550000000005,be_stop,22.399999999997817,0.0,0.0,22.399999999997817,0.3199999999999688,-3.4539999999997235,6.061999999999898,-0.4934285714285319,0.8659999999999854,5,1500.0,0.26,4.038142857142702,13.25905827240269,newyork,Mon,18,False
1668,XAUUSDm,short,2026-08-11 01:55:00+00:00,67628,4431.461,0.1,4431.461,4421.461,7.0,close_above_upper,0.08709838633296266,0.05,4426.461,0.5,0.05,4426.7210000000005,23.69999999999891,67629.0,2026-08-11 02:00:00+00:00,True,2026-08-11 02:10:00+00:00,67631,4431.7210000000005,be_stop,22.399999999997817,0.0,0.0,22.399999999997817,0.3199999999999688,-2.7119999999995343,9.722999999999956,-0.3874285714285049,1.3889999999999938,3,900.0,0.26,7.621785714285644,13.259843978986499,asian,Tue,1,False
1669,XAUUSDm,long,2026-08-11 05:35:00+00:00,67672,4384.271000000001,0.1,4377.271,4394.271,7.0,close_below_lower,0.4435889517423756,0.1,4389.271,0.5,0.0,0.0,0.0,,,False,2026-08-11 05:40:00+00:00,67673,4377.271,sl,-70.0000000000091,0.0,0.0,-70.0000000000091,-1.00000000000013,-7.317000000000917,1.4059999999990396,-1.0452857142858452,0.20085714285700565,1,300.0,0.26,6.544214285714328,13.12735724653676,asian,Tue,5,False
1670,XAUUSDm,long,2026-08-11 05:45:00+00:00,67674,4377.092000000001,0.1,4370.092,4387.092,7.0,close_below_lower,0.524570863700096,0.1,4382.092,0.5,0.0,0.0,0.0,,,False,2026-08-11 05:50:00+00:00,67675,4370.092,sl,-70.0000000000091,0.0,0.0,-70.0000000000091,-1.00000000000013,-5.207000000000335,1.2849999999998545,-0.7438571428571906,0.1835714285714078,1,300.0,0.26,6.626500000000045,13.302280368165588,asian,Tue,5,False
1671,XAUUSDm,long,2026-08-11 05:55:00+00:00,67676,4370.46,0.1,4370.46,4380.46,7.0,close_below_lower,0.54726020561191,0.05,4375.46,0.5,0.05,4375.46,25.0,67677.0,2026-08-11 06:00:00+00:00,True,2026-08-11 06:00:00+00:00,67677,4380.46,tp,75.0,0.0,0.0,75.0,1.0714285714285714,-3.2219999999997526,5.1159999999999854,-0.46028571428567894,0.7308571428571408,1,300.0,0.26,6.5978571428572,13.53653780106419,asian,Tue,5,False
1672,XAUUSDm,long,2026-08-11 06:30:00+00:00,67683,4363.764,0.1,4363.764,4373.764,7.0,close_below_lower,0.041058350527444325,0.05,4368.764,0.5,0.05,4368.764,25.0,67685.0,2026-08-11 06:40:00+00:00,True,2026-08-11 06:45:00+00:00,67686,4363.764,be_stop,25.0,0.0,0.0,25.0,0.35714285714285715,-3.9890000000004875,5.529999999999745,-0.5698571428572125,0.7899999999999636,3,900.0,0.26,8.357142857142858,13.839853823828804,asian,Tue,6,False
1673,XAUUSDm,long,2026-08-11 15:40:00+00:00,67793,4371.95,0.1,4371.95,4381.95,7.0,close_below_lower,0.21246944346753047,0.05,4376.95,0.5,0.05,4376.95,25.0,67794.0,2026-08-11 15:45:00+00:00,True,2026-08-11 15:55:00+00:00,67796,4381.95,tp,75.0,0.0,0.0,75.0,1.0714285714285714,-2.893000000000029,8.38299999999981,-0.4132857142857184,1.1975714285714016,3,900.0,0.26,6.3956428571431,12.86278770640908,overlap,Tue,15,False
1674,XAUUSDm,long,2026-08-11 18:10:00+00:00,67823,4361.883,0.1,4361.883,4371.883,7.0,close_below_lower,0.027308436648615386,0.05,4366.883,0.5,0.05,4366.883,25.0,67824.0,2026-08-11 18:15:00+00:00,True,2026-08-11 18:25:00+00:00,67826,4361.883,be_stop,25.0,0.0,0.0,25.0,0.35714285714285715,-1.8450000000002547,5.447000000000116,-0.2635714285714649,0.7781428571428738,3,900.0,0.26,4.189000000000111,13.142808712180384,newyork,Tue,18,False
1675,XAUUSDm,short,2026-08-12 09:25:00+00:00,67994,4423.446,0.1,4423.446,4413.446,7.0,close_above_upper,0.06525098939591475,0.05,4418.446,0.5,0.05,4413.464,49.909999999999854,67995.0,2026-08-12 09:30:00+00:00,True,2026-08-12 09:30:00+00:00,67995,4413.464,tp,99.81999999999971,0.0,0.0,99.81999999999971,1.425999999999996,0.0,10.286000000000058,0.0,1.4694285714285797,1,300.0,0.26,3.735857142856925,13.534478426800732,london,Wed,9,False
1676,XAUUSDm,short,2026-08-12 12:30:00+00:00,68031,4426.616,0.1,4426.616,4416.616,7.0,close_above_upper,0.18388832785878045,0.05,4421.616,0.5,0.05,4421.876,23.69999999999891,68032.0,2026-08-12 12:35:00+00:00,True,2026-08-12 12:35:00+00:00,68032,4416.876,tp,72.39999999999782,0.0,0.0,72.39999999999782,1.0342857142856832,-6.104000000000269,44.58899999999994,-0.8720000000000384,6.369857142857135,1,300.0,0.26,4.800642857142781,12.765428462154826,overlap,Wed,12,False
1677,XAUUSDm,short,2026-08-12 12:40:00+00:00,68033,4429.226,0.1,4429.226,4419.226,7.0,close_above_upper,0.09195095574975237,0.05,4424.226,0.5,0.05,4424.486,23.69999999999891,68034.0,2026-08-12 12:45:00+00:00,True,2026-08-12 12:45:00+00:00,68034,4419.486,tp,72.39999999999782,0.0,0.0,72.39999999999782,1.0342857142856832,-9.28900000000067,5.527999999999338,-1.3270000000000957,0.7897142857141911,1,300.0,0.26,8.81899999999996,12.902491031634884,overlap,Wed,12,False
1678,XAUUSDm,short,2026-08-12 13:00:00+00:00,68037,4437.177,0.1,4437.177,4427.177,7.0,close_above_upper,0.25826694446801485,0.05,4432.177,0.5,0.05,4432.418000000001,23.794999999995525,68038.0,2026-08-12 13:05:00+00:00,True,2026-08-12 13:10:00+00:00,68039,4427.437,tp,72.49499999999443,0.0,0.0,72.49499999999443,1.0356428571427776,-4.246000000000095,10.59899999999925,-0.6065714285714421,1.51414285714275,2,600.0,0.26,11.382928571428497,13.12533248651407,overlap,Wed,13,False
1679,XAUUSDm,long,2026-08-12 16:50:00+00:00,68083,4403.014,0.1,4403.014,4413.014,7.0,close_below_lower,0.12741927902583883,0.05,4408.014,0.5,0.05,4408.014,25.0,68089.0,2026-08-12 17:20:00+00:00,True,2026-08-12 17:35:00+00:00,68092,4410.14,cross_center,60.63000000000102,0.0,0.0,60.63000000000102,0.8661428571428716,-6.557999999999993,7.684999999999491,-0.9368571428571418,1.09785714285707,9,2700.0,0.26,6.000500000000037,13.282416279828107,newyork,Wed,16,False
1680,XAUUSDm,short,2026-08-13 00:20:00+00:00,68161,4428.308,0.1,4435.308,4418.308,7.0,close_above_upper,0.15368528897820422,0.1,4423.308,0.5,0.0,0.0,0.0,,,False,2026-08-13 00:30:00+00:00,68163,4435.568,sl,-72.60000000000218,0.0,0.0,-72.60000000000218,-1.0371428571428882,-9.368999999999687,1.2989999999999782,-1.3384285714285267,0.18557142857142545,2,600.0,0.26,3.5535714285713635,13.207824704406717,asian,Thu,0,False
1681,XAUUSDm,short,2026-08-13 00:35:00+00:00,68164,4444.454,0.1,4444.454,4434.454,7.0,close_above_upper,0.7631164161151838,0.05,4439.454,0.5,0.05,4437.893,32.80499999999847,68165.0,2026-08-13 00:40:00+00:00,True,2026-08-13 00:45:00+00:00,68166,4434.714,tp,81.50499999999738,0.0,0.0,81.50499999999738,1.1643571428571053,-1.0039999999999054,7.3400000000001455,-0.14342857142855792,1.0485714285714494,2,600.0,0.26,6.206357142856957,13.427297450130752,asian,Thu,0,False
1682,XAUUSDm,long,2026-08-13 02:00:00+00:00,68181,4408.6990000000005,0.1,4408.6990000000005,4418.699,7.0,close_below_lower,0.09189377927659076,0.05,4413.699,0.5,0.05,4413.699,24.999999999995453,68183.0,2026-08-13 02:10:00+00:00,True,2026-08-13 02:20:00+00:00,68185,4408.6990000000005,be_stop,24.999999999995453,0.0,0.0,24.999999999995453,0.3571428571427922,-3.4550000000008367,5.35399999999936,-0.4935714285715481,0.7648571428570514,4,1200.0,0.26,7.500857142857187,12.901645363666132,asian,Thu,2,False
1683,XAUUSDm,long,2026-08-13 06:05:00+00:00,68230,4378.354,0.1,4371.354,4388.354,7.0,close_below_lower,0.10418242754450828,0.1,4383.354,0.5,0.0,0.0,0.0,,,False,2026-08-13 06:30:00+00:00,68235,4371.354,sl,-70.0,0.0,0.0,-70.0,-1.0,-4.266000000000531,2.4229999999997744,-0.6094285714286473,0.34614285714282494,5,1500.0,0.26,6.521142857142812,13.132277479661726,asian,Thu,6,False
1684,XAUUSDm,long,2026-08-14 00:30:00+00:00,68439,4339.608,0.1,4339.608,4349.608,7.0,close_below_lower,0.14438536342531388,0.05,4344.608,0.5,0.05,4345.738,30.650000000000546,68440.0,2026-08-14 00:35:00+00:00,True,2026-08-14 00:40:00+00:00,68441,4335.632,be_stop,10.769999999997708,0.0,0.0,10.769999999997708,0.1538571428571101,-5.180000000000291,7.318000000000211,-0.7400000000000416,1.0454285714286016,2,600.0,0.26,4.747714285714275,13.302297750737026,asian,Fri,0,False
1685,XAUUSDm,long,2026-08-14 00:50:00+00:00,68443,4334.279,0.1,4334.279,4344.279,7.0,close_below_lower,0.018062125914562965,0.05,4339.279,0.5,0.05,4339.428,25.744999999997162,68444.0,2026-08-14 00:55:00+00:00,True,2026-08-14 01:00:00+00:00,68445,4334.279,be_stop,25.744999999997162,0.0,0.0,25.744999999997162,0.36778571428567375,-0.8200000000006185,7.854999999999563,-0.11714285714294549,1.1221428571427947,2,600.0,0.26,6.887642857142964,13.550180865603444,asian,Fri,0,False
1686,XAUUSDm,long,2026-08-14 01:05:00+00:00,68446,4329.925,0.1,4322.925,4339.925,7.0,close_below_lower,0.008208193675642725,0.1,4334.925,0.5,0.0,0.0,0.0,,,False,2026-08-14 01:10:00+00:00,68447,4322.925,sl,-70.0,0.0,0.0,-70.0,-1.0,-1.956000000000131,3.8170000000000073,-0.2794285714285901,0.5452857142857154,1,300.0,0.26,7.589928571428637,13.653634625113135,asian,Fri,1,False
1687,XAUUSDm,long,2026-08-14 01:15:00+00:00,68448,4324.704000000001,0.1,4317.704,4334.704,7.0,close_below_lower,0.08263923719027881,0.1,4329.704,0.5,0.0,0.0,0.0,,,False,2026-08-14 01:20:00+00:00,68449,4317.704,sl,-70.0000000000091,0.0,0.0,-70.0000000000091,-1.00000000000013,-7.095000000000255,1.2439999999996871,-1.013571428571465,0.17771428571424103,1,300.0,0.26,7.780142857142956,13.744639749155937,asian,Fri,1,False
1688,XAUUSDm,long,2026-08-14 01:25:00+00:00,68450,4316.957,0.1,4316.957,4326.957,7.0,close_below_lower,0.27837926049411565,0.05,4321.957,0.5,0.05,4321.957,25.0,68454.0,2026-08-14 01:45:00+00:00,True,2026-08-14 01:50:00+00:00,68455,4315.766,be_stop,19.044999999996435,0.0,0.0,19.044999999996435,0.2720714285713776,-3.910000000000764,6.473999999999251,-0.5585714285715377,0.9248571428570358,5,1500.0,0.26,8.066571428571478,13.859459676595893,asian,Fri,1,False
1689,XAUUSDm,short,2026-08-14 13:40:00+00:00,68597,4395.253,0.1,4395.253,4385.253,7.0,close_above_upper,0.031009426142653323,0.05,4390.253,0.5,0.05,4390.513,23.69999999999891,68598.0,2026-08-14 13:45:00+00:00,True,2026-08-14 13:50:00+00:00,68599,4385.513,tp,72.39999999999782,0.0,0.0,72.39999999999782,1.0342857142856832,-1.061000000000604,8.907999999999447,-0.15157142857151484,1.2725714285713496,2,600.0,0.26,6.052428571428403,13.463059264542064,overlap,Fri,13,False
1690,XAUUSDm,short,2026-08-17 00:35:00+00:00,68716,4392.598,0.1,4392.598,4382.598,7.0,close_above_upper,0.09105943244197269,0.05,4387.598,0.5,0.05,4387.858,23.69999999999891,68717.0,2026-08-17 00:40:00+00:00,True,2026-08-17 00:45:00+00:00,68718,4396.195000000001,be_stop,5.714999999995598,0.0,0.0,5.714999999995598,0.08164285714279426,-5.338999999999942,5.109000000000378,-0.7627142857142774,0.7298571428571969,2,600.0,0.26,5.102357142857207,12.171794924473833,asian,Mon,0,False
1691,XAUUSDm,short,2026-08-17 01:00:00+00:00,68721,4401.007,0.1,4408.007,4391.007,7.0,close_above_upper,0.028734890318207144,0.1,4396.007,0.5,0.0,0.0,0.0,,,False,2026-08-17 01:05:00+00:00,68722,4408.267,sl,-72.60000000000218,0.0,0.0,-72.60000000000218,-1.0371428571428882,-8.201000000000022,1.894999999999527,-1.1715714285714316,0.27071428571421813,1,300.0,0.26,5.384000000000209,12.433570983717562,asian,Mon,1,False
1692,XAUUSDm,short,2026-08-17 01:10:00+00:00,68723,4406.874,0.1,4413.874,4396.874,7.0,close_above_upper,0.14770107090311507,0.1,4401.874,0.5,0.0,0.0,0.0,,,False,2026-08-17 01:20:00+00:00,68725,4414.134,sl,-72.60000000000218,0.0,0.0,-72.60000000000218,-1.0371428571428882,-5.070999999999913,2.780999999999949,-0.724428571428559,0.397285714285707,2,600.0,0.26,6.189142857143062,12.557812704430674,asian,Mon,1,False
1693,XAUUSDm,short,2026-08-17 01:25:00+00:00,68726,4412.708,0.1,4412.708,4402.708,7.0,close_above_upper,0.07112190713324652,0.05,4407.708,0.5,0.05,4407.618,25.44999999999618,68727.0,2026-08-17 01:30:00+00:00,True,2026-08-17 01:30:00+00:00,68727,4402.968,tp,74.14999999999509,0.0,0.0,74.14999999999509,1.0592857142856442,-2.079000000000633,6.458999999999833,-0.2970000000000904,0.9227142857142618,1,300.0,0.26,6.3057857142858404,12.716358178511285,asian,Mon,1,False
1694,XAUUSDm,long,2026-08-17 12:40:00+00:00,68861,4381.909000000001,0.1,4381.909000000001,4391.909,7.0,close_below_lower,0.05964464467151874,0.05,4386.909,0.5,0.05,4386.909,24.999999999995453,68865.0,2026-08-17 13:00:00+00:00,True,2026-08-17 13:15:00+00:00,68868,4386.286,cross_center,46.88499999999294,0.0,0.0,46.88499999999294,0.6697857142856135,-4.626000000000204,7.745999999999185,-0.660857142857172,1.1065714285713122,7,2100.0,0.26,4.628928571428397,11.108595727872498,overlap,Mon,12,False
1695,XAUUSDm,short,2026-08-17 13:55:00+00:00,68876,4401.82,0.1,4408.82,4391.82,7.0,close_above_upper,0.1887753119373243,0.1,4396.82,0.5,0.0,0.0,0.0,,,False,2026-08-17 14:00:00+00:00,68877,4409.142,sl,-73.22000000000116,0.0,0.0,-73.22000000000116,-1.0460000000000167,-14.61200000000008,0.19700000000011642,-2.0874285714285827,0.028142857142873772,1,300.0,0.26,5.780999999999949,11.127470856987067,overlap,Mon,13,False
1696,XAUUSDm,short,2026-08-17 14:05:00+00:00,68878,4407.912,0.1,4414.912,4397.912,7.0,close_above_upper,0.34582788743101117,0.1,4402.912,0.5,0.0,0.0,0.0,,,False,2026-08-17 14:15:00+00:00,68880,4415.1720000000005,sl,-72.60000000000218,0.0,0.0,-72.60000000000218,-1.0371428571428882,-5.005000000000109,4.186000000000604,-0.7150000000000156,0.5980000000000862,2,600.0,0.26,6.499285714285699,11.294106674431513,overlap,Mon,14,False
1697,XAUUSDm,short,2026-08-17 14:20:00+00:00,68881,4418.576,0.1,4425.576,4408.576,7.0,close_above_upper,0.6503020060510739,0.1,4413.576,0.5,0.0,0.0,0.0,,,False,2026-08-17 14:25:00+00:00,68882,4425.836,sl,-72.60000000000218,0.0,0.0,-72.60000000000218,-1.0371428571428882,-9.073999999999614,1.38799999999992,-1.2962857142856592,0.19828571428570285,1,300.0,0.26,7.0993571428572455,11.538961461083659,overlap,Mon,14,False
1698,XAUUSDm,short,2026-08-17 14:30:00+00:00,68883,4418.148,0.1,4425.148,4408.148,7.0,close_above_upper,0.15453903852891832,0.1,4413.148,0.5,0.0,0.0,0.0,,,False,2026-08-17 15:25:00+00:00,68894,4425.408,sl,-72.60000000000218,0.0,0.0,-72.60000000000218,-1.0371428571428882,-6.608999999999469,4.431000000000495,-0.9441428571427812,0.6330000000000707,11,3300.0,0.26,7.919214285714328,11.727472171797352,overlap,Mon,14,False
1699,XAUUSDm,long,2026-08-17 18:35:00+00:00,68932,4400.127,0.1,4400.127,4410.127,7.0,close_below_lower,0.03287878306990873,0.05,4405.127,0.5,0.05,4405.127,25.0,68934.0,2026-08-17 18:45:00+00:00,True,2026-08-17 19:05:00+00:00,68938,4400.127,be_stop,25.0,0.0,0.0,25.0,0.35714285714285715,-0.9800000000004729,7.367999999999483,-0.14000000000006757,1.0525714285713548,6,1800.0,0.26,4.824857142857192,12.050812835886937,newyork,Mon,18,False
1700,XAUUSDm,long,2026-08-18 01:45:00+00:00,69006,4412.136,0.1,4405.136,4422.136,7.0,close_below_lower,0.19450251800898663,0.1,4417.136,0.5,0.0,0.0,0.0,,,False,2026-08-18 01:50:00+00:00,69007,4405.136,sl,-70.0,0.0,0.0,-70.0,-1.0,-8.010000000000218,0.2109999999993306,-1.1442857142857454,0.030142857142761516,1,300.0,0.26,5.2312857142856695,11.276868470218563,asian,Tue,1,False
1701,XAUUSDm,long,2026-08-18 01:55:00+00:00,69008,4408.303,0.1,4401.303,4418.303,7.0,close_below_lower,0.19874450333022037,0.1,4413.303,0.5,0.0,0.0,0.0,,,False,2026-08-18 02:00:00+00:00,69009,4401.303,sl,-70.0,0.0,0.0,-70.0,-1.0,-0.975999999999658,1.175000000000182,-0.13942857142852258,0.16785714285716885,1,300.0,0.26,5.558999999999936,11.380714824166297,asian,Tue,1,False
1702,XAUUSDm,long,2026-08-18 02:05:00+00:00,69010,4402.593,0.1,4395.593,4412.593,7.0,close_below_lower,0.33768681734927536,0.1,4407.593,0.5,0.0,0.0,0.0,,,False,2026-08-18 02:35:00+00:00,69016,4395.593,sl,-70.0,0.0,0.0,-70.0,-1.0,-6.804000000000087,2.8190000000004147,-0.9720000000000125,0.402714285714345,6,1800.0,0.26,5.9754285714285675,11.490246582349034,asian,Tue,2,False
1703,XAUUSDm,long,2026-08-18 14:40:00+00:00,69161,4383.371,0.1,4383.371,4393.371,7.0,close_below_lower,0.08456107036735176,0.05,4388.371,0.5,0.05,4388.371,25.0,69162.0,2026-08-18 14:45:00+00:00,True,2026-08-18 14:50:00+00:00,69163,4383.371,be_stop,25.0,0.0,0.0,25.0,0.35714285714285715,-5.682999999999993,5.166999999999462,-0.8118571428571418,0.7381428571427803,2,600.0,0.26,9.819285714285602,10.795100989803693,overlap,Tue,14,False
1704,XAUUSDm,long,2026-08-18 14:55:00+00:00,69164,4378.71,0.1,4371.71,4388.71,7.0,close_below_lower,0.10473606812818735,0.1,4383.71,0.5,0.0,0.0,0.0,,,False,2026-08-18 15:00:00+00:00,69165,4366.639,sl,-120.70999999999913,0.0,0.0,-120.70999999999913,-1.724428571428559,-15.234999999999673,4.342999999999847,-2.1764285714285245,0.6204285714285496,1,300.0,0.26,9.530142857142696,10.950485155289622,overlap,Tue,14,False
1705,XAUUSDm,long,2026-08-18 15:10:00+00:00,69167,4365.9310000000005,0.1,4358.931,4375.931,7.0,close_below_lower,0.6033605830792101,0.1,4370.931,0.5,0.0,0.0,0.0,,,False,2026-08-18 15:15:00+00:00,69168,4358.931,sl,-70.0000000000091,0.0,0.0,-70.0000000000091,-1.00000000000013,-7.273000000000138,2.3499999999994543,-1.0390000000000197,0.33571428571420775,1,300.0,0.26,10.857714285714142,11.241651568246729,overlap,Tue,15,False
1706,XAUUSDm,long,2026-08-18 15:20:00+00:00,69169,4355.185,0.1,4355.185,4365.185,7.0,close_below_lower,0.9752356673917075,0.05,4360.185,0.5,0.05,4360.185,25.0,69170.0,2026-08-18 15:25:00+00:00,True,2026-08-18 15:30:00+00:00,69171,4355.065,be_stop,24.399999999995998,0.0,0.0,24.399999999995998,0.3485714285713714,-3.7570000000005166,5.753999999999905,-0.5367142857143595,0.8219999999999865,2,600.0,0.26,10.84714285714264,11.494930411527774,overlap,Tue,15,False
1707,XAUUSDm,short,2026-08-19 01:40:00+00:00,69281,4355.261,0.1,4362.261,4345.261,7.0,close_above_upper,0.11414827854997209,0.1,4350.261,0.5,0.0,0.0,0.0,,,False,2026-08-19 02:55:00+00:00,69296,4354.232,cross_center,10.290000000004511,0.0,0.0,10.290000000004511,0.14700000000006444,-6.687999999999192,4.6580000000003565,-0.955428571428456,0.6654285714286223,15,4500.0,0.26,7.419428571428592,11.438818983462895,asian,Wed,1,False
1708,XAUUSDm,short,2026-08-19 12:35:00+00:00,69412,4384.167,0.1,4391.167,4374.167,7.0,close_above_upper,0.3375353736823043,0.1,4379.167,0.5,0.0,0.0,0.0,,,False,2026-08-19 12:40:00+00:00,69413,4412.66,sl,-284.92999999999483,0.0,0.0,-284.92999999999483,-4.070428571428498,-32.675999999999476,1.6080000000001746,-4.6679999999999255,0.22971428571431066,1,300.0,0.26,4.832071428571388,11.178648862285021,overlap,Wed,12,False
1709,XAUUSDm,short,2026-08-19 12:45:00+00:00,69414,4417.464,0.1,4424.464,4407.464,7.0,close_above_upper,2.385832928019649,0.1,4412.464,0.5,0.0,0.0,0.0,,,False,2026-08-19 12:50:00+00:00,69415,4424.724,sl,-72.60000000000218,0.0,0.0,-72.60000000000218,-1.0371428571428882,-3.6589999999996508,5.970999999999549,-0.5227142857142358,0.8529999999999356,1,300.0,0.26,7.85128571428569,11.6436055418202,overlap,Wed,12,False
1710,XAUUSDm,short,2026-08-19 12:55:00+00:00,69416,4428.453,0.1,4435.453,4418.453,7.0,close_above_upper,2.3445342312756026,0.1,4423.453,0.5,0.0,0.0,0.0,,,False,2026-08-19 13:00:00+00:00,69417,4438.995,sl,-105.41999999999462,0.0,0.0,-105.41999999999462,-1.5059999999999232,-13.942999999999302,2.334000000000742,-1.991857142857043,0.33342857142867743,1,300.0,0.26,9.19742857142845,12.071885487109828,overlap,Wed,12,False
1711,XAUUSDm,short,2026-08-19 13:05:00+00:00,69418,4427.735,0.1,4434.735,4417.735,7.0,close_above_upper,1.3030534069657902,0.1,4422.735,0.5,0.0,0.0,0.0,,,False,2026-08-19 13:10:00+00:00,69419,4441.635,sl,-139.00000000000546,0.0,0.0,-139.00000000000546,-1.9857142857143637,-13.69000000000051,3.70299999999952,-1.9557142857143586,0.5289999999999314,1,300.0,0.26,10.871785714285645,12.446526389134485,overlap,Wed,13,False
1712,XAUUSDm,short,2026-08-19 13:15:00+00:00,69420,4456.093,0.1,4463.093,4446.093,7.0,close_above_upper,2.4887880359499013,0.1,4451.093,0.5,0.0,0.0,0.0,,,False,2026-08-19 13:30:00+00:00,69423,4463.353,sl,-72.60000000000218,0.0,0.0,-72.60000000000218,-1.0371428571428882,-8.319000000000415,1.2899999999999636,-1.1884285714286307,0.18428571428570908,3,900.0,0.26,13.134928571428516,12.872598178992458,overlap,Wed,13,False
1713,XAUUSDm,short,2026-08-19 13:35:00+00:00,69424,4461.667,0.1,4461.667,4451.667,7.0,close_above_upper,1.0114847289594198,0.05,4456.667,0.5,0.05,4455.877,28.949999999999818,69425.0,2026-08-19 13:40:00+00:00,True,2026-08-19 13:40:00+00:00,69425,4451.927000000001,tp,77.64999999999873,0.0,0.0,77.64999999999873,1.109285714285696,-0.38099999999940337,19.289999999999964,-0.05442857142848619,2.7557142857142805,1,300.0,0.26,14.208642857142811,13.593247146066505,overlap,Wed,13,False
1714,XAUUSDm,short,2026-08-19 13:45:00+00:00,69426,4460.749,0.1,4460.749,4450.749,7.0,close_above_upper,0.36613951064689376,0.05,4455.749,0.5,0.05,4450.562,50.93499999999949,69427.0,2026-08-19 13:50:00+00:00,True,2026-08-19 13:50:00+00:00,69427,4450.562,tp,101.86999999999898,0.0,0.0,101.86999999999898,1.4552857142856996,-1.2309999999997672,11.358000000000175,-0.1758571428571096,1.6225714285714534,1,300.0,0.26,15.26128571428561,13.74364240488146,overlap,Wed,13,False
1715,XAUUSDm,short,2026-08-19 14:10:00+00:00,69431,4471.64,0.1,4478.64,4461.64,7.0,close_above_upper,0.29148076956590535,0.1,4466.64,0.5,0.0,0.0,0.0,,,False,2026-08-19 14:20:00+00:00,69433,4478.900000000001,sl,-72.60000000000218,0.0,0.0,-72.60000000000218,-1.0371428571428882,-6.878999999999905,2.6950000000006185,-0.9827142857142722,0.3850000000000883,2,600.0,0.26,12.619571428571428,13.913434868327993,overlap,Wed,14,False
1716,XAUUSDm,short,2026-08-19 14:25:00+00:00,69434,4478.393,0.1,4485.393,4468.393,7.0,close_above_upper,0.20800965549471925,0.1,4473.393,0.5,0.0,0.0,0.0,,,False,2026-08-19 14:30:00+00:00,69435,4486.119000000001,sl,-77.26000000000568,0.0,0.0,-77.26000000000568,-1.1037142857143667,-9.528999999999542,1.0690000000004147,-1.3612857142856487,0.15271428571434495,1,300.0,0.26,10.625428571428658,14.012334671887473,overlap,Wed,14,False
1717,XAUUSDm,short,2026-08-19 14:35:00+00:00,69436,4487.419,0.1,4494.419,4477.419,7.0,close_above_upper,0.3974547383242048,0.1,4482.419,0.5,0.0,0.0,0.0,,,False,2026-08-19 14:40:00+00:00,69437,4494.679,sl,-72.60000000000218,0.0,0.0,-72.60000000000218,-1.0371428571428882,-4.313000000000102,0.9110000000000582,-0.6161428571428716,0.13014285714286547,1,300.0,0.26,10.726857142857236,14.226697826596684,overlap,Wed,14,False
1718,XAUUSDm,short,2026-08-19 14:45:00+00:00,69438,4489.6,0.1,4489.6,4479.6,7.0,close_above_upper,0.1414701320667538,0.05,4484.6,0.5,0.05,4479.627,49.86499999999978,69439.0,2026-08-19 14:50:00+00:00,True,2026-08-19 14:50:00+00:00,69439,4479.627,tp,99.72999999999956,0.0,0.0,99.72999999999956,1.4247142857142794,-0.06799999999930151,11.46100000000024,-0.00971428571418593,1.6372857142857487,1,300.0,0.26,10.684214285714395,14.403296746607221,overlap,Wed,14,False
1719,XAUUSDm,long,2026-08-20 01:05:00+00:00,69550,4493.509,0.1,4493.509,4503.509,7.0,close_below_lower,0.054041843477768484,0.05,4498.509,0.5,0.05,4498.509,25.0,69552.0,2026-08-20 01:15:00+00:00,True,2026-08-20 01:35:00+00:00,69556,4493.509,be_stop,25.0,0.0,0.0,25.0,0.35714285714285715,-1.844000000000051,9.786000000000058,-0.26342857142857873,1.3980000000000083,6,1800.0,0.26,6.047142857142911,14.695986224223468,asian,Thu,1,False
1720,XAUUSDm,long,2026-08-20 11:55:00+00:00,69680,4467.566,0.1,4460.566,4477.566,7.0,close_below_lower,0.019808380030504946,0.1,4472.566,0.5,0.0,0.0,0.0,,,False,2026-08-20 12:00:00+00:00,69681,4460.566,sl,-70.0,0.0,0.0,-70.0,-1.0,-2.282000000000153,3.854000000000269,-0.32600000000002183,0.550571428571467,1,300.0,0.26,5.275071428571404,14.419775081424827,london,Thu,11,False
1721,XAUUSDm,long,2026-08-20 12:05:00+00:00,69682,4458.531,0.1,4458.531,4468.531,7.0,close_below_lower,0.320567336823636,0.05,4463.531,0.5,0.05,4463.531,25.0,69683.0,2026-08-20 12:10:00+00:00,True,2026-08-20 12:25:00+00:00,69686,4458.531,be_stop,25.0,0.0,0.0,25.0,0.35714285714285715,-8.082000000000335,9.445999999999913,-1.1545714285714763,1.349428571428559,4,1200.0,0.26,6.006785714285668,14.583372069900541,overlap,Thu,12,False
1722,XAUUSDm,short,2026-08-20 14:50:00+00:00,69715,4507.797,0.1,4514.797,4497.797,7.0,close_above_upper,0.13686959794136494,0.1,4502.797,0.5,0.0,0.0,0.0,,,False,2026-08-20 14:55:00+00:00,69716,4515.057,sl,-72.60000000000218,0.0,0.0,-72.60000000000218,-1.0371428571428882,-2.7260000000005675,2.8929999999991196,-0.3894285714286525,0.4132857142855885,1,300.0,0.26,7.920428571428731,15.58146803971732,overlap,Thu,14,False
1723,XAUUSDm,short,2026-08-20 15:00:00+00:00,69717,4515.807,0.1,4522.807,4505.807,7.0,close_above_upper,0.2873431787653157,0.1,4510.807,0.5,0.0,0.0,0.0,,,False,2026-08-20 15:05:00+00:00,69718,4535.863,sl,-200.56000000000495,0.0,0.0,-200.56000000000495,-2.865142857142928,-20.940999999999804,0.876999999999498,-2.9915714285714006,0.12528571428564256,1,300.0,0.26,7.443285714285854,15.795706508076734,overlap,Thu,15,False
1724,XAUUSDm,short,2026-08-20 15:10:00+00:00,69719,4524.501,0.1,4531.501,4514.501,7.0,close_above_upper,0.3293274345373651,0.1,4519.501,0.5,0.0,0.0,0.0,,,False,2026-08-20 15:15:00+00:00,69720,4535.13,sl,-106.28999999999905,0.0,0.0,-106.28999999999905,-1.518428571428558,-12.896999999999935,3.104000000000269,-1.842428571428562,0.44342857142860986,1,300.0,0.26,9.073000000000125,16.119243122508436,overlap,Thu,15,False
1725,XAUUSDm,short,2026-08-20 15:20:00+00:00,69721,4539.466,0.1,4539.466,4529.466,7.0,close_above_upper,0.7116482214902725,0.05,4534.466,0.5,0.05,4527.203,61.3149999999996,69722.0,2026-08-20 15:25:00+00:00,True,2026-08-20 15:25:00+00:00,69722,4527.203,tp,122.6299999999992,0.0,0.0,122.6299999999992,1.7518571428571315,-1.4020000000000437,16.12800000000061,-0.20028571428572053,2.3040000000000873,1,300.0,0.26,9.887357142857192,16.4450726073945,overlap,Thu,15,False
1726,XAUUSDm,short,2026-08-21 01:35:00+00:00,69832,4537.519,0.1,4537.519,4527.519,7.0,close_above_upper,0.04007550843242155,0.05,4532.519,0.5,0.05,4529.022,42.48500000000149,69833.0,2026-08-21 01:40:00+00:00,True,2026-08-21 01:40:00+00:00,69833,4527.779,tp,91.1850000000004,0.0,0.0,91.1850000000004,1.3026428571428628,-6.416999999999462,10.653000000000247,-0.9167142857142088,1.521857142857178,1,300.0,0.26,5.767714285714386,16.489734797617736,asian,Fri,1,False
1727,XAUUSDm,short,2026-08-21 09:10:00+00:00,69923,4595.522,0.1,4595.522,4585.522,7.0,close_above_upper,0.07980047211464446,0.05,4590.522,0.5,0.05,4590.782,23.69999999999891,69925.0,2026-08-21 09:20:00+00:00,True,2026-08-21 09:20:00+00:00,69925,4585.782,tp,72.39999999999782,0.0,0.0,72.39999999999782,1.0342857142856832,-6.42699999999968,2.38799999999992,-0.9181428571428114,0.3411428571428457,2,600.0,0.26,5.729071428571452,15.171141481621785,london,Fri,9,False
1728,XAUUSDm,long,2026-08-21 12:40:00+00:00,69965,4564.955,0.1,4564.955,4574.955,7.0,close_below_lower,0.6673162462226481,0.05,4569.955,0.5,0.05,4573.736,43.904999999999745,69966.0,2026-08-21 12:45:00+00:00,True,2026-08-21 12:45:00+00:00,69966,4574.955,tp,93.90499999999975,0.0,0.0,93.90499999999975,1.3414999999999964,-1.6340000000000146,10.938000000000102,-0.2334285714285735,1.5625714285714432,1,300.0,0.26,6.8082857142857005,14.287884505079205,overlap,Fri,12,False
1729,XAUUSDm,short,2026-08-21 14:30:00+00:00,69987,4603.281,0.1,4603.281,4593.281,7.0,close_above_upper,0.029188234431383586,0.05,4598.281,0.5,0.05,4590.251,65.14999999999873,69988.0,2026-08-21 14:35:00+00:00,True,2026-08-21 14:35:00+00:00,69988,4590.251,tp,130.29999999999745,0.0,0.0,130.29999999999745,1.861428571428535,-0.49099999999998545,13.635999999999513,-0.07014285714285506,1.9479999999999305,1,300.0,0.26,8.577357142857311,14.450042385982293,overlap,Fri,14,False
1730,XAUUSDm,short,2026-08-24 00:10:00+00:00,70091,4634.961,0.1,4634.961,4624.961,7.0,close_above_upper,0.17688623704909764,0.05,4629.961,0.5,0.05,4630.2210000000005,23.69999999999891,70092.0,2026-08-24 00:15:00+00:00,True,2026-08-24 00:20:00+00:00,70093,4625.2210000000005,tp,72.39999999999782,0.0,0.0,72.39999999999782,1.0342857142856832,-6.069999999999709,6.39600000000064,-0.8671428571428156,0.9137142857143772,2,600.0,0.26,5.483857142857038,14.759591891752772,asian,Mon,0,False
1731,XAUUSDm,long,2026-08-24 00:35:00+00:00,70096,4602.848,0.1,4602.848,4612.848,7.0,close_below_lower,0.05419250022787704,0.05,4607.848,0.5,0.05,4607.848,25.0,70097.0,2026-08-24 00:40:00+00:00,True,2026-08-24 00:45:00+00:00,70098,4612.848,tp,75.0,0.0,0.0,75.0,1.0714285714285714,-1.970999999999549,6.139000000000124,-0.28157142857136414,0.8770000000000177,2,600.0,0.26,8.74042857142857,14.991208110196393,asian,Mon,0,False
1732,XAUUSDm,short,2026-08-24 02:05:00+00:00,70114,4636.779,0.1,4643.779,4626.779,7.0,close_above_upper,0.022303301092166595,0.1,4631.779,0.5,0.0,0.0,0.0,,,False,2026-08-24 02:10:00+00:00,70115,4644.039000000001,sl,-72.60000000000218,0.0,0.0,-72.60000000000218,-1.0371428571428882,-6.309999999999491,2.867000000000189,-0.9014285714284986,0.4095714285714556,1,300.0,0.26,9.362714285714317,15.111067921123128,asian,Mon,2,False
1733,XAUUSDm,short,2026-08-24 02:15:00+00:00,70116,4650.231,0.1,4650.231,4640.231,7.0,close_above_upper,0.5331688712782977,0.05,4645.231,0.5,0.05,4645.491,23.69999999999891,70120.0,2026-08-24 02:35:00+00:00,True,2026-08-24 02:40:00+00:00,70121,4640.491,tp,72.39999999999782,0.0,0.0,72.39999999999782,1.0342857142856832,-6.703000000000429,5.230999999999767,-0.9575714285714899,0.747285714285681,5,1500.0,0.26,9.005785714285723,15.286389984427231,asian,Mon,2,False
1734,XAUUSDm,long,2026-08-24 15:50:00+00:00,70279,4647.187,0.1,4640.187,4657.187,7.0,close_below_lower,0.48787692369262126,0.1,4652.187,0.5,0.0,0.0,0.0,,,False,2026-08-24 15:55:00+00:00,70280,4640.187,sl,-70.0,0.0,0.0,-70.0,-1.0,-0.4250000000001819,8.61200000000008,-0.0607142857143117,1.2302857142857258,1,300.0,0.26,8.556571428571456,14.527590947210262,overlap,Mon,15,False
1735,XAUUSDm,long,2026-08-24 16:00:00+00:00,70281,4649.203,0.1,4649.203,4659.203,7.0,close_below_lower,0.06925607587899313,0.05,4654.203,0.5,0.05,4659.006,49.01499999999942,70282.0,2026-08-24 16:05:00+00:00,True,2026-08-24 16:05:00+00:00,70282,4659.203,tp,99.01499999999942,0.0,0.0,99.01499999999942,1.4144999999999917,-2.9260000000003856,12.43499999999949,-0.4180000000000551,1.7764285714284986,1,300.0,0.26,8.969642857142778,14.659511051234475,newyork,Mon,16,False
1736,XAUUSDm,long,2026-08-24 17:25:00+00:00,70298,4637.092000000001,0.1,4637.092000000001,4647.092,7.0,close_below_lower,0.009792929993690833,0.05,4642.092,0.5,0.05,4642.092,24.999999999995453,70300.0,2026-08-24 17:35:00+00:00,True,2026-08-24 17:45:00+00:00,70302,4637.092000000001,be_stop,24.999999999995453,0.0,0.0,24.999999999995453,0.3571428571427922,-4.400000000000546,8.078999999999724,-0.6285714285715065,1.1541428571428176,4,1200.0,0.26,6.533714285714203,14.873999519130301,newyork,Mon,17,False
1737,XAUUSDm,long,2026-08-25 02:05:00+00:00,70390,4651.607,0.1,4644.607,4661.607,7.0,close_below_lower,0.18782878258591193,0.1,4656.607,0.5,0.0,0.0,0.0,,,False,2026-08-25 02:10:00+00:00,70391,4644.404,sl,-72.0299999999952,0.0,0.0,-72.0299999999952,-1.0289999999999313,-12.311999999999898,0.0,-1.7588571428571282,0.0,1,300.0,0.26,9.34100000000009,15.621223681263519,asian,Tue,2,False
1738,XAUUSDm,long,2026-08-25 02:15:00+00:00,70392,4642.053,0.1,4642.053,4652.053,7.0,close_below_lower,0.4064886329760911,0.05,4647.053,0.5,0.05,4649.287,36.17000000000189,70393.0,2026-08-25 02:20:00+00:00,True,2026-08-25 02:20:00+00:00,70393,4652.053,tp,86.17000000000189,0.0,0.0,86.17000000000189,1.231000000000027,-1.2479999999995925,8.04700000000048,-0.17828571428565607,1.149571428571497,1,300.0,0.26,9.169785714285874,15.76550352704809,asian,Tue,2,False
1739,XAUUSDm,long,2026-08-25 02:45:00+00:00,70398,4631.8820000000005,0.1,4624.882,4641.882,7.0,close_below_lower,0.30876815573897765,0.1,4636.882,0.5,0.0,0.0,0.0,,,False,2026-08-25 02:50:00+00:00,70399,4624.882,sl,-70.0000000000091,0.0,0.0,-70.0000000000091,-1.00000000000013,-1.7840000000005602,5.574999999999818,-0.2548571428572229,0.7964285714285454,1,300.0,0.26,9.704642857142971,15.815534099626028,asian,Tue,2,False
1740,XAUUSDm,long,2026-08-25 02:55:00+00:00,70400,4627.249,0.1,4627.249,4637.249,7.0,close_below_lower,0.24842582047372905,0.05,4632.249,0.5,0.05,4632.249,25.0,70402.0,2026-08-25 03:05:00+00:00,True,2026-08-25 03:05:00+00:00,70402,4637.249,tp,75.0,0.0,0.0,75.0,1.0714285714285714,-6.523000000000138,4.173999999999978,-0.9318571428571626,0.5962857142857112,2,600.0,0.26,10.525357142857242,16.023891767842674,asian,Tue,2,False
1741,XAUUSDm,long,2026-08-25 13:25:00+00:00,70526,4614.906,0.1,4614.906,4624.906,7.0,close_below_lower,0.17397863298210745,0.05,4619.906,0.5,0.05,4619.906,25.0,70527.0,2026-08-25 13:30:00+00:00,True,2026-08-25 13:35:00+00:00,70528,4614.906,be_stop,25.0,0.0,0.0,25.0,0.35714285714285715,-6.4669999999996435,8.585000000000036,-0.923857142857092,1.2264285714285765,2,600.0,0.26,7.486428571428665,15.134802537597729,overlap,Tue,13,False
1742,XAUUSDm,long,2026-08-25 13:50:00+00:00,70531,4607.308,0.1,4607.308,4617.308,7.0,close_below_lower,0.00410954862083862,0.05,4612.308,0.5,0.05,4612.308,25.0,70532.0,2026-08-25 13:55:00+00:00,True,2026-08-25 13:55:00+00:00,70532,4617.308,tp,75.0,0.0,0.0,75.0,1.0714285714285714,-1.4440000000004147,5.108000000000175,-0.20628571428577352,0.7297142857143106,1,300.0,0.26,9.565571428571534,15.443657106303018,overlap,Tue,13,False
1743,XAUUSDm,short,2026-08-25 15:40:00+00:00,70553,4655.73,0.1,4655.73,4645.73,7.0,close_above_upper,0.10340590983295625,0.05,4650.73,0.5,0.05,4650.99,23.69999999999891,70555.0,2026-08-25 15:50:00+00:00,True,2026-08-25 16:05:00+00:00,70558,4645.99,tp,72.39999999999782,0.0,0.0,72.39999999999782,1.0342857142856832,-3.936000000000604,8.021999999999935,-0.5622857142858005,1.1459999999999906,5,1500.0,0.26,7.748857142857235,16.126302506833582,overlap,Tue,15,False
1744,XAUUSDm,long,2026-08-26 15:05:00+00:00,70822,4598.759,0.1,4591.759,4608.759,7.0,close_below_lower,0.10519267535991887,0.1,4603.759,0.5,0.0,0.0,0.0,,,False,2026-08-26 15:10:00+00:00,70823,4591.759,sl,-70.0,0.0,0.0,-70.0,-1.0,-10.820999999999913,0.05199999999967986,-1.5458571428571304,0.007428571428525694,1,300.0,0.26,7.805785714285776,14.811109224498319,overlap,Wed,15,False
1745,XAUUSDm,long,2026-08-26 15:15:00+00:00,70824,4589.428,0.1,4589.428,4599.428,7.0,close_below_lower,0.3952201551430158,0.05,4594.428,0.5,0.05,4594.428,25.0,70826.0,2026-08-26 15:25:00+00:00,True,2026-08-26 15:35:00+00:00,70828,4599.428,tp,75.0,0.0,0.0,75.0,1.0714285714285714,-6.511999999999716,8.766000000000531,-0.9302857142856737,1.2522857142857902,4,1200.0,0.26,8.087714285714226,14.985502176453206,overlap,Wed,15,False
1746,XAUUSDm,short,2026-08-27 02:00:00+00:00,70941,4639.958,0.1,4639.958,4629.958,7.0,close_above_upper,0.17655418031957437,0.05,4634.958,0.5,0.05,4635.218,23.69999999999891,70946.0,2026-08-27 02:25:00+00:00,True,2026-08-27 02:30:00+00:00,70947,4630.218,tp,72.39999999999782,0.0,0.0,72.39999999999782,1.0342857142856832,-3.1480000000001382,7.164999999999964,-0.44971428571430544,1.0235714285714235,6,1800.0,0.26,7.899714285714448,13.508793741461318,asian,Thu,2,False
1747,XAUUSDm,long,2026-08-27 10:05:00+00:00,71038,4572.907,0.1,4572.907,4582.907,7.0,close_below_lower,0.15571775581392983,0.05,4577.907,0.5,0.05,4577.907,25.0,71039.0,2026-08-27 10:10:00+00:00,True,2026-08-27 10:15:00+00:00,71040,4582.907,tp,75.0,0.0,0.0,75.0,1.0714285714285714,-3.0479999999997744,9.140999999999622,-0.4354285714285392,1.3058571428570889,2,600.0,0.26,5.650214285714161,13.407416689248205,london,Thu,10,False
1748,XAUUSDm,short,2026-08-27 14:45:00+00:00,71094,4595.144,0.1,4595.144,4585.144,7.0,close_above_upper,0.0402690364878306,0.05,4590.144,0.5,0.05,4590.404,23.69999999999891,71096.0,2026-08-27 14:55:00+00:00,True,2026-08-27 15:00:00+00:00,71097,4595.404,be_stop,22.399999999997817,0.0,0.0,22.399999999997817,0.3199999999999688,-3.2289999999993597,6.9450000000006185,-0.4612857142856228,0.9921428571429455,3,900.0,0.26,8.58499999999997,13.409401011952372,overlap,Thu,14,False
1749,XAUUSDm,short,2026-08-28 06:50:00+00:00,71275,4599.241,0.1,4606.241,4589.241,7.0,close_above_upper,0.21248900959301714,0.1,4594.241,0.5,0.0,0.0,0.0,,,False,2026-08-28 06:55:00+00:00,71276,4606.501,sl,-72.60000000000218,0.0,0.0,-72.60000000000218,-1.0371428571428882,-7.52599999999984,2.600000000000364,-1.0751428571428343,0.3714285714286234,1,300.0,0.26,4.929499999999929,12.959863340082842,asian,Fri,6,False
1750,XAUUSDm,short,2026-08-28 07:00:00+00:00,71277,4612.349,0.1,4612.349,4602.349,7.0,close_above_upper,0.7900566113624607,0.05,4607.349,0.5,0.05,4607.1140000000005,26.174999999998363,71278.0,2026-08-28 07:05:00+00:00,True,2026-08-28 07:05:00+00:00,71278,4602.609,tp,74.87499999999727,0.0,0.0,74.87499999999727,1.0696428571428183,-1.2010000000000218,6.774000000000342,-0.17157142857143168,0.9677142857143346,1,300.0,0.26,5.6822857142856265,13.190490052294155,london,Fri,7,False
1751,XAUUSDm,long,2026-08-28 14:05:00+00:00,71362,4577.691,0.1,4570.691,4587.691,7.0,close_below_lower,0.8455709931782678,0.1,4582.691,0.5,0.0,0.0,0.0,,,False,2026-08-28 14:10:00+00:00,71363,4570.691,sl,-70.0,0.0,0.0,-70.0,-1.0,-29.608000000000175,4.148000000000138,-4.22971428571431,0.5925714285714483,1,300.0,0.26,11.064857142857104,12.83735485472604,overlap,Fri,14,False
1752,XAUUSDm,long,2026-08-28 14:15:00+00:00,71364,4546.484,0.1,4546.484,4556.484,7.0,close_below_lower,2.5619192987319432,0.05,4551.484,0.5,0.05,4553.66,35.87999999999738,71365.0,2026-08-28 14:20:00+00:00,True,2026-08-28 14:20:00+00:00,71365,4556.484,tp,85.87999999999738,0.0,0.0,85.87999999999738,1.2268571428571053,-1.5770000000002256,20.078999999999724,-0.2252857142857465,2.868428571428532,1,300.0,0.26,14.664642857142878,13.230634876712742,overlap,Fri,14,False
1753,XAUUSDm,long,2026-08-28 14:25:00+00:00,71366,4557.666,0.1,4557.666,4567.666,7.0,close_below_lower,1.0048948820260042,0.05,4562.666,0.5,0.05,4562.666,25.0,71367.0,2026-08-28 14:30:00+00:00,True,2026-08-28 14:30:00+00:00,71367,4567.666,tp,75.0,0.0,0.0,75.0,1.0714285714285714,-28.074999999999818,1.712999999999738,-4.0107142857142595,0.2447142857142483,1,300.0,0.26,16.894928571428473,13.586760178004962,overlap,Fri,14,False
1754,XAUUSDm,long,2026-08-28 14:50:00+00:00,71371,4552.941,0.1,4545.941,4562.941,7.0,close_below_lower,0.25264386652835386,0.1,4557.941,0.5,0.0,0.0,0.0,,,False,2026-08-28 14:55:00+00:00,71372,4570.784,cross_center,178.42999999999847,0.0,0.0,178.42999999999847,2.548999999999978,-2.731999999999971,18.225000000000364,-0.39028571428571013,2.6035714285714806,1,300.0,0.26,20.75778571428561,13.999905038377069,overlap,Fri,14,False
1755,XAUUSDm,long,2026-08-28 15:40:00+00:00,71381,4547.54,0.1,4540.54,4557.54,7.0,close_below_lower,0.13448012941341186,0.1,4552.54,0.5,0.0,0.0,0.0,,,False,2026-08-28 15:45:00+00:00,71382,4539.211,sl,-83.28999999999724,0.0,0.0,-83.28999999999724,-1.1898571428571034,-13.304000000000087,0.8209999999999127,-1.900571428571441,0.11728571428570181,1,300.0,0.26,13.464571428571357,14.317711785907075,overlap,Fri,15,False
1756,XAUUSDm,long,2026-08-28 15:50:00+00:00,71383,4536.041,0.1,4529.041,4546.041,7.0,close_below_lower,0.5238439896231085,0.1,4541.041,0.5,0.0,0.0,0.0,,,False,2026-08-28 15:55:00+00:00,71384,4529.041,sl,-70.0,0.0,0.0,-70.0,-1.0,-2.006000000000313,9.53399999999965,-0.2865714285714733,1.3619999999999501,1,300.0,0.26,13.254142857142792,14.572330720062467,overlap,Fri,15,False
1757,XAUUSDm,long,2026-08-28 16:00:00+00:00,71385,4524.763,0.1,4517.763,4534.763,7.0,close_below_lower,0.8668132465178993,0.1,4529.763,0.5,0.0,0.0,0.0,,,False,2026-08-28 16:05:00+00:00,71386,4517.763,sl,-70.0,0.0,0.0,-70.0,-1.0,-4.592999999999847,4.755000000000109,-0.6561428571428353,0.6792857142857299,1,300.0,0.26,13.681428571428569,14.78683646815012,newyork,Fri,16,False
1758,XAUUSDm,long,2026-08-28 16:10:00+00:00,71387,4508.598,0.1,4501.598,4518.598,7.0,close_below_lower,1.334458925716334,0.1,4513.598,0.5,0.0,0.0,0.0,,,False,2026-08-28 16:15:00+00:00,71388,4498.042,sl,-105.55999999999585,0.0,0.0,-105.55999999999585,-1.5079999999999407,-11.399000000000342,6.967999999999847,-1.6284285714286202,0.9954285714285496,1,300.0,0.26,12.959571428571378,15.127528688707013,newyork,Fri,16,False
1759,XAUUSDm,long,2026-08-28 16:20:00+00:00,71389,4481.593,0.1,4474.593,4491.593,7.0,close_below_lower,2.1864159247672252,0.1,4486.593,0.5,0.0,0.0,0.0,,,False,2026-08-28 16:25:00+00:00,71390,4468.894,sl,-126.98999999999614,0.0,0.0,-126.98999999999614,-1.814142857142802,-17.630999999999403,2.161000000000058,-2.5187142857142004,0.30871428571429405,1,300.0,0.26,14.387642857142898,15.657782119179776,newyork,Fri,16,False
1760,XAUUSDm,long,2026-08-28 16:30:00+00:00,71391,4481.379,0.1,4474.379,4491.379,7.0,close_below_lower,1.2772215168017755,0.1,4486.379,0.5,0.0,0.0,0.0,,,False,2026-08-28 16:35:00+00:00,71392,4474.301,sl,-70.7799999999952,0.0,0.0,-70.7799999999952,-1.0111428571427885,-10.336999999999534,6.1909999999998035,-1.4767142857142193,0.8844285714285434,1,300.0,0.26,15.029357142857148,16.199299268515247,newyork,Fri,16,False
1761,XAUUSDm,long,2026-08-28 16:40:00+00:00,71393,4485.015,0.1,4478.015,4495.015,7.0,close_below_lower,0.32924614748649006,0.1,4490.015,0.5,0.0,0.0,0.0,,,False,2026-08-28 16:45:00+00:00,71394,4469.248,sl,-157.67000000000735,0.0,0.0,-157.67000000000735,-2.2524285714286765,-19.314000000000306,1.3499999999994543,-2.759142857142901,0.1928571428570649,1,300.0,0.26,15.30714285714287,16.546235822541693,newyork,Fri,16,False
