symbol,timeframe,scenario,split,sl_pips,tp_pips,be_trigger_pips,entry_mode,exit_at_mean,partial_fraction,initial_balance,final_balance,total_pl,trades_opened,closed_trades,open_trades,wins,losses,scratches,win_rate,gross_profit,gross_loss,profit_factor,avg_win,avg_loss,avg_trade,expectancy,realized_rr,largest_win,largest_loss,roi_pct,pips_won,pips_lost,net_pips,pip_wins,pip_losses,avg_win_pips,avg_loss_pips,avg_pips,largest_win_pips,largest_loss_pips,expectancy_r,expectancy_r_se,total_r,max_consecutive_wins,max_consecutive_losses,max_consecutive_losses_expected_iid,max_consecutive_losses_note,max_drawdown,max_drawdown_abs,trading_days,sharpe,sortino,sharpe_se,sharpe_note,avg_bars_held,avg_duration_hours,total_costs,long_trades,short_trades,long_win_rate,short_win_rate,long_pl,short_pl,avg_mae_r,avg_mfe_r,partials_fired,partials_fired_pct,partial_pl,span_days,trades_per_day,insufficient_sample,ambiguous_bars,ambiguous_entry_bars,exits_sl,exits_tp,exits_be_stop,exits_cross_center,exits_end_of_data,exits_risk_halt,exits_signal,bars_evaluated,window_start,window_end,objective,nbhd_median,nbhd_min,nbhd_std,n_neighbours,spike_ratio,plateau_score
XAUUSDm,M5,central,train,70,100,50,level,False,0.5,1000.0,-13947.279999999266,-14947.279999999266,1501,1501,0,753,748,0,50.16655562958028,40442.65000000106,55389.930000000284,0.730144450444347,53.70869853917803,74.05070855615011,-9.958214523650387,-9.958214523650387,0.725296213721609,103.32500000000437,-596.4300000000003,-1494.7279999999266,45675.23000000098,-57526.43000000061,-11851.19999999963,460,1041,99.2939782608717,-55.260739673391555,-7.895536309127002,159.45000000000618,-596.4300000000003,-0.14226020748071974,0.02530678366874141,-213.53257142856035,10,9,9.5,An iid sequence with this win rate would already produce a streak of about 9.5; only a materially longer run is evidence of a defect.,1289.5279630796122,15242.284999999276,208,1.032575783023562,2.4991864087423794,1.3628709907914967,NOT distinguishable from zero (|SR| < 2*SE); do not rank configurations by this.,1.45236508994004,0.2080834998889629,0.0,918,583,48.25708061002179,53.17324185248714,-9701.559999999592,-5245.719999999639,-1.4318791282002312,1.2625414485581214,760,50.63291139240506,18655.790000000736,243.8,6.156,False,325,512,741,460,300,0,0,0,0,45878,2025-09-18 08:45:00+00:00,2026-05-20 05:00:00+00:00,-5.621425833597242,-5.621425833597242,-5.676196626720603,0.29785630094669824,2,1.0,-5.91928213454394
XAUUSDm,M5,central,train,70,140,50,level,False,0.5,1000.0,-12754.529999999477,-13754.529999999477,1458,1458,0,729,729,0,50.0,40314.96500000083,54069.49500000029,0.7456138623081392,55.30173525377344,74.16940329218146,-9.433834019204017,-9.433834019204017,0.7456138623081393,147.32500000000073,-596.4300000000003,-1375.4529999999477,47020.96000000071,-56586.140000000756,-9565.18000000004,337,1121,139.5280712166193,-50.47826940232003,-6.560480109739396,244.65000000000146,-596.4300000000003,-0.13476905741720016,0.02685313633845031,-196.49328571427782,10,9,9.5,An iid sequence with this win rate would already produce a streak of about 9.5; only a materially longer run is evidence of a defect.,1201.5268577480601,14066.334999999486,208,0.4397178713115271,0.7691379467438536,1.1526773340963166,NOT distinguishable from zero (|SR| < 2*SE); do not rank configurations by this.,2.061042524005487,0.2641175125743027,0.0,893,565,48.488241881299,52.38938053097345,-8618.09999999975,-5136.429999999707,-1.4654559082892258,1.3490883793846926,735,50.41152263374486,18047.930000000717,243.8,5.979,False,309,490,723,337,398,0,0,0,0,45878,2025-09-18 08:45:00+00:00,2026-05-20 05:00:00+00:00,-5.018745509597247,-4.990502020971707,-5.621425833597242,0.3109610908657018,3,1.0056594483895311,-5.301463111837409
XAUUSDm,M5,central,train,70,180,50,level,False,0.5,1000.0,-12413.369999999626,-13413.369999999626,1426,1426,0,715,711,0,50.140252454417954,39338.1250000007,52751.4950000003,0.7457253107234302,55.01835664335762,74.19338255977539,-9.406290322580366,-9.406290322580366,0.7415534208732292,165.4800000000023,-596.4300000000003,-1341.3369999999625,45987.650000000525,-55495.710000000836,-9508.06000000031,256,1170,179.63925781250205,-47.43223076923148,-6.667643758765996,280.9600000000046,-596.4300000000003,-0.13437557603686232,0.02798839264310921,-191.61957142856568,10,9,9.4,An iid sequence with this win rate would already produce a streak of about 9.4; only a materially longer run is evidence of a defect.,1249.4398583560014,13690.17499999963,208,-0.4275729774314253,-0.4532425875251287,1.149906246240499,NOT distinguishable from zero (|SR| < 2*SE); do not rank configurations by this.,2.685834502103787,0.32035998129967275,0.0,867,559,48.55824682814302,52.59391771019678,-7758.479999999847,-5654.8899999997575,-1.4931984572229844,1.4279453015427939,721,50.56100981767181,17701.530000000712,243.8,5.848,False,294,481,705,256,465,0,0,0,0,45878,2025-09-18 08:45:00+00:00,2026-05-20 05:00:00+00:00,-4.801118011682097,-4.7602764713002275,-5.018745509597247,0.1881839142651457,3,1.0085796572169923,-4.948460385565373
XAUUSDm,M5,central,train,70,220,50,level,False,0.5,1000.0,-11896.75499999968,-12896.75499999968,1407,1407,0,705,702,0,50.10660980810235,39199.740000000624,52096.49500000029,0.7524448621735571,55.60246808510727,74.21153133903175,-9.166137171286183,-9.166137171286183,0.7492429691430313,165.4800000000023,-596.4300000000003,-1289.675499999968,46317.900000000474,-54954.650000000875,-8636.750000000397,211,1196,219.51611374407807,-45.94870401337866,-6.138415067519827,280.9600000000046,-596.4300000000003,-0.13094481673265967,0.029145322634775674,-184.23935714285216,9,9,9.4,An iid sequence with this win rate would already produce a streak of about 9.4; only a materially longer run is evidence of a defect.,1244.7570149594983,13055.384999999682,208,-0.7084626592318707,-0.748860509042525,1.2310912857100658,NOT distinguishable from zero (|SR| < 2*SE); do not rank configurations by this.,3.5245202558635396,0.3943970623075101,0.0,851,556,48.531139835487664,52.51798561151079,-7051.624999999884,-5845.129999999776,-1.5140898568382413,1.499850340136071,711,50.53304904051173,17454.99000000069,243.8,5.77,False,287,472,696,211,500,0,0,0,0,45878,2025-09-18 08:45:00+00:00,2026-05-20 05:00:00+00:00,-4.492824401827643,-4.492824401827643,-4.801118011682097,0.15672435101524987,2,1.0,-4.649548752842893
XAUUSDm,M5,central,train,90,100,50,level,False,0.5,1000.0,-15421.749999999212,-16421.749999999214,1392,1392,0,770,622,0,55.31609195402299,41270.19000000103,57691.940000000206,0.7153545191928176,53.597649350650684,92.75231511254053,-11.797234195401709,-11.797234195401709,0.5778578064128993,103.32500000000437,-596.4300000000003,-1642.1749999999213,46563.71000000095,-60362.65000000055,-13798.939999999599,469,923,99.28296375266727,-65.39832069339171,-9.913031609195114,159.45000000000618,-596.4300000000003,-0.1310803799489079,0.023092994934644992,-182.46388888887978,10,10,8.3,An iid sequence with this win rate would already produce a streak of about 8.3; only a materially longer run is evidence of a defect.,1460.3049023427307,16676.754999999222,208,-1.2877660440005019,-1.2897607324979354,1.4886606887151317,NOT distinguishable from zero (|SR| < 2*SE); do not rank configurations by this.,1.7442528735632183,0.2385057471264368,0.0,859,533,53.20139697322468,58.724202626641656,-11378.509999999555,-5043.239999999621,-1.1843525702426436,1.031614224137945,785,56.39367816091954,19268.430000000735,243.8,5.709,False,308,510,607,469,316,0,0,0,0,45878,2025-09-18 08:45:00+00:00,2026-05-20 05:00:00+00:00,-5.676196626720603,-5.291842182971704,-5.676196626720603,0.4268989539585448,3,1.0726315015564314,-5.718741136930249
XAUUSDm,M5,central,train,90,140,50,level,False,0.5,1000.0,-13674.044999999418,-14674.044999999418,1348,1348,0,746,602,0,55.34124629080119,41071.0700000008,55745.1150000002,0.7367653650010526,55.05505361930402,92.59985880398705,-10.88579005934674,-10.88579005934674,0.5945479218909298,147.32500000000073,-596.4300000000003,-1467.404499999942,47861.0400000007,-59009.0500000007,-11148.010000000004,343,1005,139.5365597667659,-58.71547263681662,-8.270037091988133,244.65000000000146,-596.4300000000003,-0.12095322288163048,0.02437463144920898,-163.04494444443787,10,10,8.2,An iid sequence with this win rate would already produce a streak of about 8.2; only a materially longer run is evidence of a defect.,1322.3002463064538,14951.314999999453,208,1.1039433417498752,1.5027079102912932,1.3963466301973881,NOT distinguishable from zero (|SR| < 2*SE); do not rank configurations by this.,2.3887240356083086,0.29821958456973297,0.0,834,514,53.597122302158276,58.17120622568094,-9905.594999999712,-4768.4499999996915,-1.2129590339597631,1.1036406198483486,762,56.52818991097923,18711.17000000072,243.8,5.528,False,293,491,586,343,419,0,0,0,0,45878,2025-09-18 08:45:00+00:00,2026-05-20 05:00:00+00:00,-4.9622585323461665,-4.9622585323461665,-5.676196626720603,0.4720370726023357,4,1.0,-5.4342956049485025
XAUUSDm,M5,central,train,90,180,50,level,False,0.5,1000.0,-13182.664999999584,-14182.664999999584,1315,1315,0,729,586,0,55.43726235741445,40143.13000000066,54325.795000000224,0.7389331348027304,55.0660219478747,92.70613481228708,-10.785296577946438,-10.785296577946438,0.5939846598002743,165.4800000000023,-596.4300000000003,-1418.2664999999583,47062.9300000005,-57734.38000000079,-10671.45000000028,262,1053,179.62950381679582,-54.82847103513845,-8.11517110266181,280.9600000000046,-596.4300000000003,-0.11983662864384936,0.025392156136906475,-157.5851666666619,10,10,8.2,An iid sequence with this win rate would already produce a streak of about 8.2; only a materially longer run is evidence of a defect.,1331.5426857406158,14427.26499999959,208,1.5243186298213416,2.4641316174332637,1.618354693249402,NOT distinguishable from zero (|SR| < 2*SE); do not rank configurations by this.,3.0699619771863116,0.3597591888466413,0.0,807,508,53.655514250309785,58.26771653543307,-8944.26499999983,-5238.399999999736,-1.2374480777355172,1.1694640473172928,744,56.57794676806083,18266.170000000704,243.8,5.393,False,277,479,571,262,482,0,0,0,0,45878,2025-09-18 08:45:00+00:00,2026-05-20 05:00:00+00:00,-4.719434930918358,-4.719434930918358,-4.9622585323461665,0.303036525871841,4,1.0,-5.022471456790199
XAUUSDm,M5,central,train,90,220,50,level,False,0.5,1000.0,-12687.48499999964,-13687.48499999964,1296,1296,0,717,579,0,55.324074074074076,39988.510000000584,53675.9950000002,0.7449980200646571,55.77198047419886,92.704654576857,-10.561331018518224,-10.561331018518224,0.6016092798011666,165.4800000000023,-596.4300000000003,-1368.7484999999642,47415.980000000454,-57153.790000000816,-9737.810000000369,216,1080,219.51842592592803,-52.92017592592668,-7.513742283950902,280.9600000000046,-596.4300000000003,-0.11734812242798034,0.026377115699503243,-152.08316666666252,9,10,8.2,An iid sequence with this win rate would already produce a streak of about 8.2; only a materially longer run is evidence of a defect.,1314.3514954523105,13829.474999999642,208,0.11875220292427534,0.1771555267500157,1.1045728002919544,NOT distinguishable from zero (|SR| < 2*SE); do not rank configurations by this.,4.0625,0.4470807613168724,0.0,791,505,53.476611883691525,58.21782178217821,-8187.544999999862,-5499.939999999759,-1.2556069958847607,1.2322396262002875,732,56.48148148148148,17969.63000000068,243.8,5.315,False,271,469,564,216,516,0,0,0,0,45878,2025-09-18 08:45:00+00:00,2026-05-20 05:00:00+00:00,-4.448861041701779,-4.470842721764711,-4.719434930918358,0.29152058636131056,3,0.9950833251288571,-4.762363308126022
XAUUSDm,M5,central,train,110,100,50,level,False,0.5,1000.0,-13385.979999999128,-14385.979999999128,1301,1301,0,791,510,0,60.79938508839354,42195.275000001086,56581.255000000194,0.745746537435427,53.344216182049415,110.94363725490234,-11.057632590314453,-11.057632590314453,0.48082267268276585,103.32500000000437,-596.4300000000003,-1438.5979999999129,47457.950000001,-59650.63000000055,-12192.679999999555,478,823,99.28441422594352,-72.47950182260091,-9.371775557263302,159.45000000000618,-596.4300000000003,-0.10052393263922232,0.021490123848374197,-130.78163636362825,16,8,7.1,An iid sequence with this win rate would already produce a streak of about 7.1; only a materially longer run is evidence of a defect.,1428.754485129001,14673.37999999915,208,0.32963197385650755,0.3800101360709885,1.1302033768899478,NOT distinguishable from zero (|SR| < 2*SE); do not rank configurations by this.,2.0653343581860106,0.27331539841147834,0.0,808,493,59.03465346534653,63.691683569979716,-10129.064999999511,-4256.914999999592,-1.0165469219481407,0.8888626930333423,811,62.336664104534975,19913.350000000777,243.8,5.335,False,293,516,490,478,333,0,0,0,0,45878,2025-09-18 08:45:00+00:00,2026-05-20 05:00:00+00:00,-4.677680470735273,-4.681556128783818,-5.676196626720603,0.5319199476949418,3,0.9991721432058207,-5.213476076478759
XAUUSDm,M5,central,train,110,140,50,level,False,0.5,1000.0,-12193.159999999369,-13193.159999999369,1259,1259,0,762,497,0,60.524225575853855,41629.43000000085,54822.5900000002,0.7593481081430246,54.631797900263585,110.30702213279719,-10.479078633835865,-10.479078633835865,0.4952703539987969,147.32500000000073,-596.4300000000003,-1319.3159999999368,48283.68000000072,-58640.20000000071,-10356.519999999991,346,913,139.54820809248764,-64.22803943044984,-8.225988880063536,244.65000000000146,-596.4300000000003,-0.09526435121668968,0.022576407161351654,-119.9378181818123,16,8,7.1,An iid sequence with this win rate would already produce a streak of about 7.1; only a materially longer run is evidence of a defect.,1276.3351624406023,13618.559999999397,208,1.3061567141741344,2.043578654167794,1.4983351588092084,NOT distinguishable from zero (|SR| < 2*SE); do not rank configurations by this.,2.7299444003177125,0.3344585649986762,0.0,785,474,58.853503184713375,63.29113924050633,-9064.434999999688,-4128.724999999666,-1.040697017835212,0.9505871904108713,785,62.35107227958697,19280.49000000076,243.8,5.163,False,271,496,474,346,439,0,0,0,0,45878,2025-09-18 08:45:00+00:00,2026-05-20 05:00:00+00:00,-4.219641794012816,-4.319257024682345,-4.9622585323461665,0.31847741678898117,4,0.9769369523276157,-4.637734441471326
XAUUSDm,M5,central,train,110,180,50,level,False,0.5,1000.0,-12033.389999999546,-13033.389999999546,1231,1231,0,745,486,0,60.519902518277824,40850.7200000007,53884.11000000023,0.7581218284945325,54.83318120805463,110.87265432098813,-10.587644191713675,-10.587644191713675,0.4945600116085138,165.4800000000023,-596.4300000000003,-1303.3389999999547,47780.37000000053,-57732.55000000081,-9952.18000000028,266,965,179.62545112782152,-59.826476683938665,-8.08463038180364,280.9600000000046,-596.4300000000003,-0.09625131083376068,0.023479145294283903,-118.4853636363594,16,8,7.1,An iid sequence with this win rate would already produce a streak of about 7.1; only a materially longer run is evidence of a defect.,1303.1899574867796,13303.744999999568,208,1.5769581706531115,3.0498278034933737,1.6486247635277054,NOT distinguishable from zero (|SR| < 2*SE); do not rank configurations by this.,3.436230706742486,0.39818575683725965,0.0,762,469,58.79265091863517,63.32622601279317,-8393.014999999823,-4640.374999999711,-1.06038328040764,1.0066966250646296,765,62.14459788789602,18786.89000000073,243.8,5.048,False,256,483,466,266,499,0,0,0,0,45878,2025-09-18 08:45:00+00:00,2026-05-20 05:00:00+00:00,-4.099438443238113,-4.219641794012816,-4.719434930918358,0.26584195042096465,4,0.9715133756269887,-4.485483744433781
XAUUSDm,M5,central,train,110,220,50,level,False,0.5,1000.0,-11736.194999999618,-12736.194999999618,1212,1212,0,730,482,0,60.23102310231023,40600.280000000625,53336.475000000224,0.7612104099492975,55.61682191780908,110.65658713692993,-10.508411716171283,-10.508411716171283,0.5026074213637827,165.4800000000023,-596.4300000000003,-1273.6194999999618,48076.40000000047,-57309.21000000085,-9232.810000000381,219,993,219.52694063927154,-57.71320241691929,-7.6178300330036155,280.9600000000046,-596.4300000000003,-0.09553101560155713,0.02434777035898669,-115.78359090908725,16,8,7.2,An iid sequence with this win rate would already produce a streak of about 7.2; only a materially longer run is evidence of a defect.,1271.86391865678,12983.949999999635,208,-1.2662192153023968,-1.2785984778704813,1.4774217387045483,NOT distinguishable from zero (|SR| < 2*SE); do not rank configurations by this.,4.413366336633663,0.48384213421342137,0.0,747,465,58.500669344042834,63.01075268817205,-7776.4949999998635,-4959.6999999997315,-1.0749834233423234,1.0596029852985407,751,61.96369636963696,18442.10000000071,243.8,4.97,False,253,471,461,219,532,0,0,0,0,45878,2025-09-18 08:45:00+00:00,2026-05-20 05:00:00+00:00,-3.9236042640880635,-4.109184436489514,-4.448861041701779,0.1897852323250806,3,0.9548377116506379,-4.298969668814594
XAUUSDm,M5,central,train,130,100,50,level,False,0.5,1000.0,-14339.119999999113,-15339.119999999113,1243,1243,0,792,451,0,63.716814159292035,42492.140000001076,57831.260000000155,0.7347607505006974,53.651691919193276,128.22895787139723,-12.34040225261391,-12.34040225261391,0.4184054273684527,103.32500000000437,-596.4300000000003,-1533.9119999999114,47962.35000000098,-61177.190000000526,-13214.839999999545,483,760,99.30093167702067,-80.49630263157964,-10.631407884150882,159.45000000000618,-596.4300000000003,-0.09492617117395317,0.020259855546446666,-117.9932307692238,16,8,6.6,An iid sequence with this win rate would already produce a streak of about 6.6; only a materially longer run is evidence of a defect.,1515.6808964989402,15472.979999999117,208,0.7321284169930183,2.659928564275533,1.239450704930291,NOT distinguishable from zero (|SR| < 2*SE); do not rank configurations by this.,2.3974255832662914,0.3057119871279163,0.0,775,468,61.935483870967744,66.66666666666666,-11198.94499999949,-4140.174999999597,-0.8939693669162602,0.7734029333498451,817,65.72807723250202,20064.15000000078,243.8,5.098,False,291,511,426,483,334,0,0,0,0,45878,2025-09-18 08:45:00+00:00,2026-05-20 05:00:00+00:00,-4.685431786832364,-4.681556128783818,-4.796238048380203,0.1796622229700106,3,1.0008278567941795,-4.861218351753829
XAUUSDm,M5,central,train,130,140,50,level,False,0.5,1000.0,-13290.08499999936,-14290.08499999936,1200,1200,0,761,439,0,63.416666666666664,41600.31000000083,55890.39500000017,0.7443194845912379,54.66532194481055,127.31297266514845,-11.908404166666124,-11.908404166666124,0.4293774687720808,147.32500000000073,-596.4300000000003,-1429.008499999936,48284.4800000007,-60032.9300000007,-11748.449999999997,346,854,139.5505202312159,-70.29617096018818,-9.790374999999997,244.65000000000146,-596.4300000000003,-0.09160310897435481,0.021208070844335004,-109.92373076922577,16,8,6.6,An iid sequence with this win rate would already produce a streak of about 6.6; only a materially longer run is evidence of a defect.,1412.2117224355613,14503.48499999939,208,0.0022652819112981017,0.0024904536503863213,1.100700490617027,NOT distinguishable from zero (|SR| < 2*SE); do not rank configurations by this.,3.0975,0.3703472222222222,0.0,749,451,61.815754339118826,66.07538802660754,-10056.399999999676,-4233.68499999967,-0.9163150641025549,0.8275334615384707,789,65.75,19381.290000000758,243.8,4.921,False,266,491,411,346,443,0,0,0,0,45878,2025-09-18 08:45:00+00:00,2026-05-20 05:00:00+00:00,-4.319257024682345,-4.317733877332546,-4.685431786832364,0.16233410151683547,4,1.0003527654536088,-4.480067978849381
XAUUSDm,M5,central,train,130,180,50,level,False,0.5,1000.0,-13437.744999999524,-14437.744999999524,1170,1170,0,740,430,0,63.24786324786325,40639.10000000069,55076.8450000002,0.7378618001811931,54.917702702703636,128.08568604651208,-12.339952991452574,-12.339952991452574,0.42875753253772036,165.4800000000023,-596.4300000000003,-1443.7744999999525,47599.97000000052,-59255.740000000784,-11655.77000000027,265,905,179.62252830188874,-65.47595580110584,-9.962196581196812,280.9600000000046,-596.4300000000003,-0.09492271531886601,0.02205443603056894,-111.05957692307322,16,8,6.6,An iid sequence with this win rate would already produce a streak of about 6.6; only a materially longer run is evidence of a defect.,1431.3035088062509,14611.604999999528,208,0.4398103112531544,0.5332994208952566,1.1526986977170375,NOT distinguishable from zero (|SR| < 2*SE); do not rank configurations by this.,3.82991452991453,0.43682336182336184,0.0,726,444,61.70798898071625,65.76576576576578,-9472.579999999794,-4965.164999999717,-0.9352497698882222,0.8753199868507652,765,65.38461538461539,18790.090000000735,243.8,4.798,False,251,476,405,265,500,0,0,0,0,45878,2025-09-18 08:45:00+00:00,2026-05-20 05:00:00+00:00,-4.304019163641124,-4.304019163641124,-4.462708714974929,0.13580629658301147,4,1.0,-4.439825460224135
XAUUSDm,M5,central,train,130,220,50,level,False,0.5,1000.0,-13124.049999999588,-14124.049999999588,1154,1154,0,725,429,0,62.824956672443676,40702.96000000062,54827.0100000002,0.7423888335329698,56.1420137931043,127.80188811188857,-12.239211438474504,-12.239211438474504,0.4392893925319228,165.4800000000023,-596.4300000000003,-1412.4049999999588,48515.20000000046,-59120.80000000083,-10605.600000000373,221,933,219.5257918552057,-63.3663451232592,-9.19029462738334,280.9600000000046,-596.4300000000003,-0.09414778029595774,0.022857336850401665,-108.64653846153524,16,8,6.7,An iid sequence with this win rate would already produce a streak of about 6.7; only a materially longer run is evidence of a defect.,1392.7874537154516,14218.409999999592,208,0.6752446878567828,1.087342333228098,1.2197303827003543,NOT distinguishable from zero (|SR| < 2*SE); do not rank configurations by this.,4.6785095320623915,0.5109041016753322,0.0,714,440,61.20448179271709,65.45454545454545,-8951.259999999838,-5172.789999999739,-0.9471452473003509,0.922200773230245,751,65.07798960138648,18445.300000000716,243.8,4.733,False,249,464,403,221,530,0,0,0,0,45878,2025-09-18 08:45:00+00:00,2026-05-20 05:00:00+00:00,-4.118930429740914,-4.180423919255928,-4.304019163641124,0.1452220991391686,3,0.9852901306894352,-4.325646018395096
XAUUSDm,M5,central,train,150,100,50,level,False,0.5,1000.0,-15564.634999999105,-16564.634999999107,1194,1194,0,790,404,0,66.1641541038526,42219.2350000011,58783.87000000014,0.7182112201867791,53.44206962025456,145.50462871287164,-13.873228643215286,-13.873228643215286,0.3672877632347579,103.32500000000437,-596.4300000000003,-1656.4634999999105,47566.35000000099,-62292.020000000506,-14725.669999999518,479,715,99.30344467641125,-87.121706293707,-12.333056951423382,159.45000000000618,-596.4300000000003,-0.09248819095476857,0.019283486353644165,-110.43089999999367,16,8,6.2,An iid sequence with this win rate would already produce a streak of about 6.2; only a materially longer run is evidence of a defect.,1635.7282095487203,16698.494999999108,208,1.081936761691349,14.98522329064079,1.3858730615601658,NOT distinguishable from zero (|SR| < 2*SE); do not rank configurations by this.,2.78643216080402,0.3835845896147404,0.0,746,448,64.343163538874,69.19642857142857,-12491.529999999459,-4073.1049999995935,-0.8009926856504662,0.6872421552205554,817,68.42546063651591,20063.150000000795,243.8,4.897,False,287,506,377,479,338,0,0,0,0,45878,2025-09-18 08:45:00+00:00,2026-05-20 05:00:00+00:00,-4.796238048380203,-4.685431786832364,-4.796238048380203,0.20451732389505403,2,1.0236491035595143,-4.889949110727418
XAUUSDm,M5,central,train,150,140,50,level,False,0.5,1000.0,-14045.494999999335,-15045.494999999335,1151,1151,0,758,393,0,65.85577758470895,41650.11000000085,56695.605000000156,0.7346267845629434,54.94737467018582,144.26362595419886,-13.071672458730932,-13.071672458730932,0.3808816970095472,147.32500000000073,-596.4300000000003,-1504.5494999999335,48553.6800000007,-60965.750000000655,-12412.069999999958,348,803,139.52206896551925,-75.9224782067256,-10.783727193744534,244.65000000000146,-596.4300000000003,-0.08714448305820621,0.020182921304090013,-100.30329999999535,16,8,6.2,An iid sequence with this win rate would already produce a streak of about 6.2; only a materially longer run is evidence of a defect.,1493.7160825185947,15248.749999999362,208,2.0965588522414005,6.781206879298503,1.968307107246464,NOT distinguishable from zero (|SR| < 2*SE); do not rank configurations by this.,3.5334491746307557,0.45467709238343473,0.0,719,432,64.11682892906815,68.75,-11266.384999999646,-3779.1099999996572,-0.821118911091796,0.7385430640023251,788,68.4622067767159,19353.090000000768,243.8,4.72,False,264,486,363,348,440,0,0,0,0,45878,2025-09-18 08:45:00+00:00,2026-05-20 05:00:00+00:00,-4.317733877332546,-4.390982869828637,-4.796238048380203,0.19514695838884977,3,0.9833183151318124,-4.586129828217486
XAUUSDm,M5,central,train,150,180,50,level,False,0.5,1000.0,-14747.829999999505,-15747.829999999505,1123,1123,0,735,388,0,65.44968833481745,40499.805000000706,56247.635000000184,0.7200268064604063,55.101775510205044,144.96813144329946,-14.023000890471481,-14.023000890471481,0.38009578354644574,165.4800000000023,-596.4300000000003,-1574.7829999999503,47597.57000000051,-60638.51000000075,-13040.940000000237,265,858,179.61347169811512,-70.67425407925495,-11.6125912733751,280.9600000000046,-596.4300000000003,-0.0934866726031432,0.020948414645446646,-104.98553333332981,16,8,6.2,An iid sequence with this win rate would already produce a streak of about 6.2; only a materially longer run is evidence of a defect.,1559.6350136159192,15921.68999999951,208,1.9207048440502106,5.018472791828563,1.8564175259067544,NOT distinguishable from zero (|SR| < 2*SE); do not rank configurations by this.,4.32413178984862,0.5272336004749184,0.0,697,426,63.55810616929699,68.54460093896714,-11159.139999999767,-4588.689999999708,-0.8377655090531232,0.7818680320569985,763,67.94300979519146,18736.89000000075,243.8,4.605,False,246,469,360,265,498,0,0,0,0,45878,2025-09-18 08:45:00+00:00,2026-05-20 05:00:00+00:00,-4.462708714974929,-4.3108765204868345,-4.462708714974929,0.08090957003885939,3,1.0352207245479041,-4.391786090525694
XAUUSDm,M5,central,train,150,220,50,level,False,0.5,1000.0,-14300.434999999557,-15300.434999999557,1109,1109,0,721,388,0,65.01352569882778,40809.96500000065,56110.40000000018,0.7273155243947739,56.6018932038844,144.61443298969118,-13.796605049593813,-13.796605049593813,0.3913986455827632,165.4800000000023,-596.4300000000003,-1530.0434999999557,48952.800000000454,-60613.57000000079,-11660.770000000335,223,886,219.5192825112128,-68.4126072234772,-10.51467087466216,280.9600000000046,-596.4300000000003,-0.09197736699729207,0.021682969783219264,-102.00289999999691,16,8,6.3,An iid sequence with this win rate would already produce a streak of about 6.3; only a materially longer run is evidence of a defect.,1506.8662696157676,15382.99499999956,208,1.315362139912296,8.366439278057488,1.503205505118156,NOT distinguishable from zero (|SR| < 2*SE); do not rank configurations by this.,5.202885482416591,0.6043733092876465,0.0,687,422,63.02765647743813,68.24644549763033,-10564.119999999812,-4736.314999999727,-0.8476952209197393,0.8227430718364976,750,67.62849413886384,18417.10000000073,243.8,4.548,False,244,457,359,223,527,0,0,0,0,45878,2025-09-18 08:45:00+00:00,2026-05-20 05:00:00+00:00,-4.2419174087709415,-4.2419174087709415,-4.462708714974929,0.14222755917684857,2,1.0,-4.38414496794779
XAUUSDm,M5,central,test,70,100,50,level,False,0.5,1000.0,-3005.610000000181,-4005.610000000181,604,604,0,328,276,0,54.3046357615894,16259.030000000128,20264.64000000031,0.8023350032371599,49.57021341463454,73.4226086956533,-6.631804635761889,-6.631804635761889,0.6751355515044394,75.0000000000091,-76.19999999999891,-400.5610000000181,17555.600000000166,-21379.620000000556,-3824.0200000003915,178,426,98.62696629213576,-50.18690140845201,-6.331158940397999,100.0000000000091,-76.19999999999891,-0.09474006622517037,0.03746945418259578,-57.223000000002905,9,7,7.4,An iid sequence with this win rate would already produce a streak of about 7.4; only a materially longer run is evidence of a defect.,446.0165774931989,5085.035000000173,91,1.4445615106562124,2.0062303431506567,2.3787786660263683,NOT distinguishable from zero (|SR| < 2*SE); do not rank configurations by this.,2.1788079470198674,0.18322295805739514,0.0,290,314,54.48275862068965,54.14012738853503,-1738.765000000085,-2266.845000000096,-1.034412724692516,1.0013043992431465,330,54.63576158940398,8032.200000000166,105.4,5.729,False,110,181,274,178,152,0,0,0,0,19662,2026-05-14 13:55:00+00:00,2026-08-28 00:00:00+00:00,-2.5284613371597033,-2.0824537442656244,-2.5284613371597033,0.41798015748702566,2,1.2141740694708028,-2.50043390175265
XAUUSDm,M5,central,test,70,140,50,level,False,0.5,1000.0,-2379.6950000002357,-3379.6950000002357,585,585,0,320,265,0,54.7008547008547,16068.745000000075,19448.44000000031,0.8262228230130446,50.21482812500024,73.39033962264268,-5.777256410256813,-5.777256410256813,0.6842157753076776,95.0000000000091,-76.19999999999891,-337.9695000000236,17741.20000000013,-20742.19000000062,-3000.9900000004927,128,457,138.60312500000103,-45.38772428884162,-5.129897435898278,140.0000000000091,-76.19999999999891,-0.08253223443224077,0.03963220535366355,-48.28135714286085,9,7,7.3,An iid sequence with this win rate would already produce a streak of about 7.3; only a materially longer run is evidence of a defect.,352.5146113384033,4825.2200000002285,91,-1.1627186251801156,-1.341374046654089,2.1543241457434696,NOT distinguishable from zero (|SR| < 2*SE); do not rank configurations by this.,3.095726495726496,0.26310541310541313,0.0,283,302,54.77031802120141,54.63576158940398,-1590.665000000131,-1789.0300000001048,-1.0552021978021877,1.122752136752141,322,55.042735042735046,7838.500000000163,105.4,5.549,False,103,175,263,128,194,0,0,0,0,19662,2026-05-14 13:55:00+00:00,2026-08-28 00:00:00+00:00,-2.0824537442656244,-1.8228078788860458,-2.5284613371597033,0.5340036374108037,3,1.1424428039768257,-2.3568115162968493
XAUUSDm,M5,central,test,70,180,50,level,False,0.5,1000.0,-1661.2950000002638,-2661.295000000264,580,580,0,317,263,0,54.6551724137931,16642.74500000004,19304.040000000306,0.8621379255326748,52.50077287066259,73.39939163498215,-4.588439655172869,-4.588439655172869,0.7152753136122822,115.0000000000091,-76.19999999999891,-266.1295000000264,19104.600000000108,-20665.59000000066,-1560.9900000005518,107,473,178.54766355140288,-43.690465116280464,-2.691362068966469,180.0000000000091,-76.19999999999891,-0.06554913793104164,0.041933681451228826,-38.01850000000415,9,7,7.3,An iid sequence with this win rate would already produce a streak of about 7.3; only a materially longer run is evidence of a defect.,279.4812199037,4352.920000000254,91,2.178496508173908,33.68932183614275,3.0562073863666432,NOT distinguishable from zero (|SR| < 2*SE); do not rank configurations by this.,4.020689655172414,0.34195402298850575,0.0,279,301,54.83870967741935,54.48504983388705,-1428.4650000001466,-1232.8300000001173,-1.0630352216748673,1.2159485221674924,319,55.0,7764.700000000162,105.4,5.502,False,97,174,261,107,212,0,0,0,0,19662,2026-05-14 13:55:00+00:00,2026-08-28 00:00:00+00:00,-1.563162013506467,-1.536947615438555,-2.0824537442656244,0.44711432998387324,3,1.0170561428409073,-1.9840619454224284
XAUUSDm,M5,central,test,70,220,50,level,False,0.5,1000.0,-1646.710000000278,-2646.710000000278,576,576,0,315,261,0,54.6875,16509.530000000024,19156.240000000304,0.8618356211866088,52.411206349206424,73.39555555555671,-4.5949826388893715,-4.5949826388893715,0.714092371840333,135.0000000000091,-76.19999999999891,-264.6710000000278,19015.600000000097,-20597.820000000684,-1582.2200000005887,87,489,218.57011494252984,-42.12233128834496,-2.7469097222232444,220.0000000000091,-76.19999999999891,-0.06564260912699177,0.0434508279636821,-37.810142857147255,9,7,7.3,An iid sequence with this win rate would already produce a streak of about 7.3; only a materially longer run is evidence of a defect.,278.4129819358415,4130.535000000262,91,-0.8479882010152839,-0.8995038804565854,1.9403312921548785,NOT distinguishable from zero (|SR| < 2*SE); do not rank configurations by this.,5.220486111111111,0.45500578703703703,0.0,277,299,54.87364620938629,54.515050167224075,-1352.3800000001552,-1294.3300000001227,-1.0734722222222128,1.2906250000000052,317,55.03472222222222,7716.0000000001655,105.4,5.464,False,96,172,259,87,230,0,0,0,0,19662,2026-05-14 13:55:00+00:00,2026-08-28 00:00:00+00:00,-1.5107332173706431,-1.5107332173706431,-1.563162013506467,0.21123234609662958,2,1.0,-1.7219655634672728
XAUUSDm,M5,central,test,90,100,50,level,False,0.5,1000.0,-1554.5350000001076,-2554.5350000001076,544,544,0,333,211,0,61.213235294117645,16666.715000000127,19221.250000000233,0.8670983937048801,50.05019519519558,91.09597156398215,-4.695836397059021,-4.695836397059021,0.5494227059211102,145.56000000000495,-95.39999999999964,-255.45350000001076,18096.76000000016,-20691.79000000049,-2595.030000000329,183,361,98.88939890710469,-57.317977839336535,-4.770275735294723,145.56000000000495,-95.39999999999964,-0.05217595996732266,0.034614587763330255,-28.383722222223525,11,6,6.1,An iid sequence with this win rate would already produce a streak of about 6.1; only a materially longer run is evidence of a defect.,336.46979300346175,3434.6500000000583,91,-2.4561235861079886,-2.4684558522158255,3.3349636748598055,NOT distinguishable from zero (|SR| < 2*SE); do not rank configurations by this.,2.7316176470588234,0.31954656862745096,0.0,259,285,62.54826254826254,60.0,-722.2700000000441,-1832.2650000000635,-0.8668737745097962,0.8399869281045796,340,62.5,8327.380000000168,105.4,5.16,False,104,171,204,183,157,0,0,0,0,19662,2026-05-14 13:55:00+00:00,2026-08-28 00:00:00+00:00,-1.5073402093956596,-1.5053060640640696,-2.5284613371597033,0.5254524672683744,3,1.0013513167721506,-2.030758531332444
XAUUSDm,M5,central,test,90,140,50,level,False,0.5,1000.0,-932.9200000001606,-1932.9200000001606,531,531,0,326,205,0,61.39359698681733,16720.130000000074,18653.050000000236,0.8963751236392902,51.28874233128857,90.9904878048792,-3.6401506591340125,-3.6401506591340125,0.5636714734541549,145.56000000000495,-95.39999999999964,-193.29200000001606,18719.760000000133,-20299.760000000555,-1580.000000000423,135,396,138.66488888888986,-51.2620202020216,-2.9755178907729247,145.56000000000495,-95.39999999999964,-0.04044611843482266,0.03643283184266736,-21.476888888890834,11,6,6.1,An iid sequence with this win rate would already produce a streak of about 6.1; only a materially longer run is evidence of a defect.,285.4019542847352,2970.4350000001136,91,0.4274780698908284,0.6079936380360487,1.7384625171127193,NOT distinguishable from zero (|SR| < 2*SE); do not rank configurations by this.,3.711864406779661,0.4072504708097929,0.0,255,276,62.35294117647059,60.507246376811594,-660.670000000091,-1272.2500000000696,-0.8783027830089897,0.9473555137057988,333,62.71186440677966,8157.380000000165,105.4,5.037,False,97,169,198,135,198,0,0,0,0,19662,2026-05-14 13:55:00+00:00,2026-08-28 00:00:00+00:00,-1.1101557685520138,-1.1101557685520138,-2.0824537442656244,0.4644322305353381,4,1.0,-1.574587999087352
XAUUSDm,M5,central,test,90,180,50,level,False,0.5,1000.0,-494.200000000194,-1494.200000000194,523,523,0,319,204,0,60.994263862332694,17068.650000000038,18562.85000000023,0.9195058948383371,53.50673981191235,90.99436274509917,-2.856978967495591,-2.856978967495591,0.5880225785173065,161.48000000000366,-95.39999999999964,-149.4200000000194,19819.80000000011,-20271.76000000059,-451.96000000048116,111,412,178.55675675675772,-49.20330097087522,-0.8641682600391609,180.0000000000091,-95.39999999999964,-0.03174421074995135,0.0385039269400825,-16.602222222224558,11,6,6.1,An iid sequence with this win rate would already produce a streak of about 6.1; only a materially longer run is evidence of a defect.,236.43974074842697,2683.1300000001033,91,0.829615023904213,2.214459886496319,1.9293023765475554,NOT distinguishable from zero (|SR| < 2*SE); do not rank configurations by this.,4.806883365200765,0.5019120458891013,0.0,250,273,62.4,59.70695970695971,-513.4700000001067,-980.7300000000873,-0.8896885489696119,1.0274138517102218,326,62.33269598470363,7986.980000000158,105.4,4.961,False,91,165,197,111,215,0,0,0,0,19662,2026-05-14 13:55:00+00:00,2026-08-28 00:00:00+00:00,-0.8244408628592557,-1.0911624831489064,-1.563162013506467,0.3117443516044657,4,0.7555619585454054,-1.402906834753372
XAUUSDm,M5,central,test,90,220,50,level,False,0.5,1000.0,-1008.7150000002134,-2008.7150000002134,520,520,0,317,203,0,60.96153846153846,16458.935000000012,18467.650000000227,0.891230611366352,51.92093059936912,90.97364532019816,-3.862913461538872,-3.862913461538872,0.5707249656383895,181.48000000000366,-95.39999999999964,-200.87150000002134,18798.600000000093,-20277.390000000618,-1478.7900000005266,86,434,218.58837209302433,-46.72209677419497,-2.843826923077936,220.0000000000091,-95.39999999999964,-0.04292126068376564,0.03933535229318213,-22.31905555555813,11,6,6.1,An iid sequence with this win rate would already produce a streak of about 6.1; only a materially longer run is evidence of a defect.,282.535131298807,2985.690000000161,91,2.7292954192772902,10.903548554623653,3.6170851284338377,NOT distinguishable from zero (|SR| < 2*SE); do not rank configurations by this.,6.207692307692308,0.6336538461538461,0.0,249,271,62.24899598393574,59.77859778597786,-692.5850000001174,-1316.130000000096,-0.8961391025640948,1.0913750000000033,324,62.30769230769231,7938.280000000159,105.4,4.933,False,90,164,196,86,238,0,0,0,0,19662,2026-05-14 13:55:00+00:00,2026-08-28 00:00:00+00:00,-1.0911624831489064,-0.9897597478306666,-1.5107332173706431,0.26818192205646235,3,1.1024518682846944,-1.2579416698871289
XAUUSDm,M5,central,test,110,100,50,level,False,0.5,1000.0,-1690.3850000000261,-2690.385000000026,504,504,0,327,177,0,64.88095238095238,16314.590000000131,19004.97500000016,0.8584378564033889,49.8917125382267,107.37274011299525,-5.338065476190528,-5.338065476190528,0.46465902319082514,145.56000000000495,-115.39999999999964,-269.0385000000026,17698.56000000015,-20716.2300000004,-3017.670000000253,179,325,98.87463687150922,-63.74224615384738,-5.987440476190978,145.56000000000495,-115.39999999999964,-0.048527867965368614,0.03228149702037012,-24.458045454545783,13,6,5.5,An iid sequence with this win rate would already produce a streak of about 5.5; only a materially longer run is evidence of a defect.,358.0271585447453,3583.099999999979,91,-1.3407747303451847,-1.4407753127947749,2.293103100697656,NOT distinguishable from zero (|SR| < 2*SE); do not rank configurations by this.,3.4146825396825395,0.3837632275132275,0.0,240,264,66.66666666666666,63.25757575757576,-780.3850000000125,-1910.0000000000136,-0.7689819624819584,0.7162391774891802,338,67.06349206349206,8278.280000000177,105.4,4.781,False,100,166,166,179,159,0,0,0,0,19662,2026-05-14 13:55:00+00:00,2026-08-28 00:00:00+00:00,-1.5032719187324795,-1.4942235818119738,-1.5073402093956596,0.2605719643590569,3,1.0060555441840457,-1.7547955461710307
XAUUSDm,M5,central,test,110,140,50,level,False,0.5,1000.0,-639.6950000000902,-1639.6950000000902,491,491,0,322,169,0,65.58044806517312,16557.520000000077,18197.21500000017,0.9098930797927002,51.42086956521763,107.67582840236787,-3.3395010183301226,-3.3395010183301226,0.4775525791458582,145.56000000000495,-115.39999999999964,-163.96950000000902,18577.36000000013,-20004.850000000493,-1427.4900000003618,134,357,138.6370149253741,-56.03599439776048,-2.9073116089620403,145.56000000000495,-115.39999999999964,-0.030359100166637676,0.03383990049955029,-14.906318181819099,13,6,5.4,An iid sequence with this win rate would already produce a streak of about 5.4; only a materially longer run is evidence of a defect.,240.35993608611417,2858.1200000000786,91,0.6108925860645693,0.9828721018381311,1.8127203426969565,NOT distinguishable from zero (|SR| < 2*SE); do not rank configurations by this.,4.460285132382892,0.4775967413441955,0.0,236,255,66.52542372881356,64.70588235294117,-687.4850000000697,-952.2100000000205,-0.7722521755230469,0.8180342529161277,332,67.61710794297352,8132.2800000001735,105.4,4.658,False,96,161,159,134,198,0,0,0,0,19662,2026-05-14 13:55:00+00:00,2026-08-28 00:00:00+00:00,-0.897139167623768,-1.0218800324722501,-1.5032719187324795,0.2823330470931019,4,0.8779300300577411,-1.304213079565352
XAUUSDm,M5,central,test,110,180,50,level,False,0.5,1000.0,-219.87500000012233,-1219.8750000001223,484,484,0,315,169,0,65.08264462809917,16979.74000000004,18199.61500000017,0.9329724832091164,53.90393650793664,107.69002958579982,-2.5204028925622364,-2.5204028925622364,0.5005471417852085,161.48000000000366,-115.39999999999964,-121.98750000001223,19817.40000000011,-20064.45000000053,-247.05000000041764,111,373,178.53513513513613,-53.79209115281643,-0.5104338842983835,180.0000000000091,-115.39999999999964,-0.022912753568747852,0.03569007790707725,-11.08977272727396,13,6,5.5,An iid sequence with this win rate would already produce a streak of about 5.5; only a materially longer run is evidence of a defect.,194.83234141385054,2684.4000000001074,91,2.667266861046437,19.417446765848233,3.552438221675331,NOT distinguishable from zero (|SR| < 2*SE); do not rank configurations by this.,5.5764462809917354,0.5742079889807162,0.0,233,251,66.52360515021459,63.745019920318725,-537.885000000083,-681.9900000000393,-0.7822158151765549,0.8809633734034573,325,67.14876033057851,7963.080000000168,105.4,4.591,False,88,158,159,111,214,0,0,0,0,19662,2026-05-14 13:55:00+00:00,2026-08-28 00:00:00+00:00,-0.6419922542170835,-0.8244408628592557,-0.897139167623768,0.10076817493129663,4,0.7787001871675557,-0.9252090377905523
XAUUSDm,M5,central,test,110,220,50,level,False,0.5,1000.0,-718.290000000145,-1718.290000000145,482,482,0,313,169,0,64.93775933609959,16481.325000000023,18199.61500000017,0.905586464329046,52.65599041533554,107.69002958579982,-3.5649170124484337,-3.5649170124484337,0.4889588257878874,181.48000000000366,-115.39999999999964,-171.8290000000145,19013.60000000009,-20160.08000000056,-1146.4800000004652,87,395,218.54712643678263,-51.03817721519129,-2.3785892116192224,220.0000000000091,-115.39999999999964,-0.03240833647680422,0.036481207465394856,-15.620818181819633,13,6,5.5,An iid sequence with this win rate would already produce a streak of about 5.5; only a materially longer run is evidence of a defect.,240.12367935603228,2863.7150000001225,91,1.418219964408954,6.932667671965206,2.35672950724363,NOT distinguishable from zero (|SR| < 2*SE); do not rank configurations by this.,7.047717842323651,0.7128284923928078,0.0,232,250,66.37931034482759,63.6,-737.0000000000937,-981.2900000000514,-0.7866886080724215,0.9369758581667316,323,67.01244813278008,7914.380000000169,105.4,4.572,False,88,157,159,87,236,0,0,0,0,19662,2026-05-14 13:55:00+00:00,2026-08-28 00:00:00+00:00,-0.8883570125124268,-0.8817757150418288,-1.0911624831489064,0.1590554651404418,3,1.0074636864662188,-1.0408311801822707
XAUUSDm,M5,central,test,130,100,50,level,False,0.5,1000.0,-1815.5600000000095,-2815.5600000000095,480,480,0,327,153,0,68.125,16321.780000000135,19137.340000000142,0.852876105038632,49.91370030581081,125.08065359477217,-5.86575000000002,-5.86575000000002,0.3990521225410113,145.56000000000495,-135.39999999999964,-281.55600000000095,17695.96000000016,-20867.2400000004,-3171.2800000002426,179,301,98.86011173184447,-69.32637873754287,-6.606833333333839,145.56000000000495,-135.39999999999964,-0.04512115384615408,0.03038103011840289,-21.658153846153958,12,6,5.1,An iid sequence with this win rate would already produce a streak of about 5.1; only a materially longer run is evidence of a defect.,307.256650568207,3855.3950000000714,91,2.1701716298262617,13.182093303393849,3.047995662376405,NOT distinguishable from zero (|SR| < 2*SE); do not rank configurations by this.,3.80625,0.42135416666666664,0.0,232,248,69.82758620689656,66.53225806451613,-1109.4150000000036,-1706.145000000006,-0.6746488782051244,0.6304110576923105,338,70.41666666666667,8279.180000000179,105.4,4.553,False,95,166,142,179,159,0,0,0,0,19662,2026-05-14 13:55:00+00:00,2026-08-28 00:00:00+00:00,-1.4851752448914681,-1.3161492438956448,-1.5032719187324795,0.20968950091712668,3,1.1284246462016165,-1.5258387448127715
XAUUSDm,M5,central,test,130,140,50,level,False,0.5,1000.0,-981.2800000000766,-1981.2800000000766,470,470,0,321,149,0,68.29787234042553,16617.11000000008,18598.390000000152,0.8934703487774988,51.76669781931489,124.82140939597417,-4.215489361702291,-4.215489361702291,0.4147261120493686,145.56000000000495,-135.39999999999964,-198.12800000000766,18714.560000000136,-20465.88000000049,-1751.3200000003553,135,335,138.62637037037138,-61.09217910447907,-3.726212765958203,145.56000000000495,-135.39999999999964,-0.032426841243863906,0.03173253240442828,-15.240615384616035,12,6,5.0,An iid sequence with this win rate would already produce a streak of about 5.0; only a materially longer run is evidence of a defect.,235.87021164358794,3510.02000000007,91,-2.4554347189084726,-2.4412369670242073,3.3342612358867365,NOT distinguishable from zero (|SR| < 2*SE); do not rank configurations by this.,4.938297872340425,0.5221631205673759,0.0,229,241,69.86899563318777,66.80497925311202,-790.3250000000617,-1190.955000000015,-0.679222913256952,0.7172258592471371,332,70.63829787234043,8135.580000000173,105.4,4.458,False,94,161,138,135,197,0,0,0,0,19662,2026-05-14 13:55:00+00:00,2026-08-28 00:00:00+00:00,-1.0218800324722501,-0.897139167623768,-1.4851752448914681,0.2886586492049186,4,1.1390429370940078,-1.1857978168286867
XAUUSDm,M5,central,test,130,180,50,level,False,0.5,1000.0,-426.4600000001087,-1426.4600000001087,464,464,0,315,149,0,67.88793103448276,17171.930000000048,18598.390000000152,0.923301963234447,54.51406349206364,124.82140939597417,-3.0742672413795447,-3.0742672413795447,0.43673648419661143,161.48000000000366,-135.39999999999964,-142.64600000001087,20172.200000000114,-20523.080000000526,-350.8800000004112,113,351,178.5150442477886,-58.470313390314885,-0.7562068965526103,180.0000000000091,-135.39999999999964,-0.023648209549073575,0.03335110412513619,-10.972769230770139,12,6,5.1,An iid sequence with this win rate would already produce a streak of about 5.1; only a materially longer run is evidence of a defect.,185.6419232503265,3150.0000000000978,91,1.8299742885043522,6.434516244668121,2.7214038534800125,NOT distinguishable from zero (|SR| < 2*SE); do not rank configurations by this.,6.109913793103448,0.6233836206896551,0.0,227,237,69.60352422907489,66.24472573839662,-753.3250000000771,-673.1350000000316,-0.6874744694960173,0.7748081896551741,326,70.25862068965517,7990.180000000169,105.4,4.401,False,86,159,138,113,213,0,0,0,0,19662,2026-05-14 13:55:00+00:00,2026-08-28 00:00:00+00:00,-0.7090682653366879,-0.7090682653366879,-1.0218800324722501,0.20742461420684222,4,1.0,-0.9164928795435301
XAUUSDm,M5,central,test,130,220,50,level,False,0.5,1000.0,-794.8750000001314,-1794.8750000001314,461,461,0,312,149,0,67.67895878524946,16803.51500000002,18598.390000000152,0.9034929905222916,53.85741987179494,124.82140939597417,-3.8934381778744718,-3.8934381778744718,0.43147581919173544,181.48000000000366,-135.39999999999964,-179.48750000001314,19670.800000000094,-20613.51000000055,-942.7100000004566,90,371,218.56444444444548,-55.562021563343805,-2.0449240780920968,220.0000000000091,-135.39999999999964,-0.029949524445188405,0.03422042444957764,-13.806730769231855,12,6,5.1,An iid sequence with this win rate would already produce a streak of about 5.1; only a materially longer run is evidence of a defect.,205.23329405089248,3291.4700000001562,91,0.9190925421364002,2.865345165723427,1.9846557503893083,NOT distinguishable from zero (|SR| < 2*SE); do not rank configurations by this.,7.713665943600867,0.7740419378163412,0.0,226,235,69.46902654867256,65.95744680851064,-729.8400000000856,-1065.0350000000458,-0.691864508593355,0.8280553979642938,323,70.0650759219089,7917.680000000169,105.4,4.373,False,86,158,138,90,233,0,0,0,0,19662,2026-05-14 13:55:00+00:00,2026-08-28 00:00:00+00:00,-0.8751944175712307,-0.7921313414539592,-0.8883570125124268,0.139737950871898,3,1.104860231845907,-0.9318692923258572
XAUUSDm,M5,central,test,150,100,50,level,False,0.5,1000.0,-1254.8849999999857,-2254.8849999999857,454,454,0,323,131,0,71.1453744493392,16195.995000000135,18450.88000000012,0.8777898398341992,50.14239938080537,140.8464122137414,-4.966707048458118,-4.966707048458118,0.356007644019443,145.56000000000495,-155.39999999999964,-225.48849999999857,17597.160000000156,-20208.49000000036,-2611.3300000002027,178,276,98.86044943820312,-73.21916666666797,-5.751828193833045,145.56000000000495,-155.39999999999964,-0.03311138032305423,0.028864710507784434,-15.032566666666622,12,4,4.6,An iid sequence with this win rate would already produce a streak of about 4.6; only a materially longer run is evidence of a defect.,230.12679196400833,3695.3299999999035,91,-1.8170950754180049,-1.8292734968059503,2.709428285364767,NOT distinguishable from zero (|SR| < 2*SE); do not rank configurations by this.,4.616740088105727,0.49706314243759175,0.0,223,231,71.74887892376681,70.56277056277057,-1428.614999999993,-826.2699999999927,-0.6131867841409656,0.5640531571218822,335,73.7885462555066,8205.080000000171,105.4,4.307,False,97,156,119,178,157,0,0,0,0,19662,2026-05-14 13:55:00+00:00,2026-08-28 00:00:00+00:00,-1.1471232428998215,-1.1471232428998215,-1.4851752448914681,0.32358731718057654,2,1.0,-1.470710560080398
XAUUSDm,M5,central,test,150,140,50,level,False,0.5,1000.0,-389.5050000000424,-1389.5050000000424,446,446,0,319,127,0,71.52466367713005,16442.625000000076,17832.13000000012,0.9220785739000312,51.544278996865444,140.41047244094582,-3.115482062780364,-3.115482062780364,0.36709711249311594,145.56000000000495,-155.39999999999964,-138.95050000000424,18436.160000000134,-19740.33000000044,-1304.1700000003084,133,313,138.61774436090326,-63.06814696485763,-2.924147982063472,145.56000000000495,-155.39999999999964,-0.020769880418535794,0.029872733367727923,-9.263366666666965,12,4,4.6,An iid sequence with this win rate would already produce a streak of about 4.6; only a materially longer run is evidence of a defect.,182.347367764113,3214.000000000085,91,-1.5311672364853666,-1.553340731691312,2.4526361941255748,NOT distinguishable from zero (|SR| < 2*SE); do not rank configurations by this.,5.8923766816143495,0.6098654708520179,0.0,220,226,71.81818181818181,71.23893805309734,-1140.8250000000407,-248.68000000000166,-0.6141503736920739,0.6445707025411075,331,74.2152466367713,8109.080000000167,105.4,4.231,False,98,151,115,133,198,0,0,0,0,19662,2026-05-14 13:55:00+00:00,2026-08-28 00:00:00+00:00,-0.6952788739772265,-0.8585794532247384,-1.1471232428998215,0.2868904306858529,3,0.8098014358086824,-1.1454698839105912
XAUUSDm,M5,central,test,150,180,50,level,False,0.5,1000.0,146.91499999992402,-853.085000000076,441,441,0,314,127,0,71.20181405895691,16979.045000000046,17832.13000000012,0.9521602298771896,54.073391719745366,140.41047244094582,-1.934433106576136,-1.934433106576136,0.3851093923388634,161.48000000000366,-155.39999999999964,-85.3085000000076,19816.200000000114,-19805.13000000048,11.069999999631364,111,330,178.52432432432533,-60.01554545454691,0.025102040815490622,180.0000000000091,-155.39999999999964,-0.012896220710507611,0.03124961972918114,-5.6872333333338565,12,4,4.6,An iid sequence with this win rate would already produce a streak of about 4.6; only a materially longer run is evidence of a defect.,153.76769796835254,2996.4250000000243,91,-1.4979540452807913,-1.5733162296989367,2.424071492216787,NOT distinguishable from zero (|SR| < 2*SE); do not rank configurations by this.,7.145124716553288,0.7178760393046107,0.0,218,223,71.55963302752293,70.85201793721974,-1032.5250000000551,179.43999999997914,-0.6219919879062697,0.6986057445200321,326,73.92290249433107,7987.880000000164,105.4,4.183,False,91,149,115,111,215,0,0,0,0,19662,2026-05-14 13:55:00+00:00,2026-08-28 00:00:00+00:00,-0.412684084551116,-0.620536744375277,-0.7090682653366879,0.12109288452435228,3,0.6650437517065716,-0.7416296288996292
XAUUSDm,M5,central,test,150,220,50,level,False,0.5,1000.0,-150.2000000000976,-1150.2000000000976,438,438,0,311,127,0,71.00456621004567,16681.930000000022,17832.13000000012,0.9354984513908271,53.639646302250874,140.41047244094582,-2.6260273972604966,-2.6260273972604966,0.3820202679313024,181.48000000000366,-155.39999999999964,-115.02000000000976,19454.80000000009,-19892.9600000005,-438.16000000041186,89,349,218.5932584269673,-56.99988538682092,-1.0003652968045933,220.0000000000091,-155.39999999999964,-0.017506849315070096,0.032075892361709775,-7.668000000000703,12,4,4.6,An iid sequence with this win rate would already produce a streak of about 4.6; only a materially longer run is evidence of a defect.,162.51871581899604,3093.494999999973,91,-0.8142618873885651,-1.036809084098331,1.9202244176250416,NOT distinguishable from zero (|SR| < 2*SE); do not rank configurations by this.,8.755707762557078,0.8700532724505327,0.0,217,221,71.42857142857143,70.58823529411765,-897.7400000000625,-252.46000000003505,-0.6243802130897982,0.7427838660578409,323,73.74429223744292,7915.380000000164,105.4,4.155,False,91,148,115,89,234,0,0,0,0,19662,2026-05-14 13:55:00+00:00,2026-08-28 00:00:00+00:00,-0.5457946147733272,-0.5457946147733272,-0.8751944175712307,0.19440463285795126,2,1.0,-0.7401992476312785
XAUUSDm,M15,central,train,70,100,50,level,False,0.5,1000.0,-8687.92999999992,-9687.92999999992,665,665,0,293,372,0,44.06015037593985,17600.15000000039,27288.080000000307,0.6449757549816694,60.06877133105935,73.35505376344169,-14.568315789473564,-14.568315789473564,0.8188770677582969,75.0000000000091,-76.32000000000517,-968.792999999992,21326.000000000367,-27802.98000000038,-6476.980000000017,215,450,99.19069767442032,-61.78440000000085,-9.739819548872205,100.0000000000091,-76.32000000000517,-0.20811879699247948,0.03773456519570895,-138.39899999999886,8,10,9.8,An iid sequence with this win rate would already produce a streak of about 9.8; only a materially longer run is evidence of a defect.,999.33929226892,10073.439999999933,215,0.8050637183803598,1.4331596887635902,1.2457631945307501,NOT distinguishable from zero (|SR| < 2*SE); do not rank configurations by this.,0.38345864661654133,0.09586466165413535,0.0,401,264,41.39650872817955,48.10606060606061,-6419.900000000016,-3268.0299999999033,-2.0501316863587404,1.9200981740064582,293,44.06015037593985,7194.600000000244,253.0,2.628,False,213,265,372,215,78,0,0,0,0,15306,2025-09-09 03:30:00+00:00,2026-05-20 03:30:00+00:00,-5.515335764784328,-5.515335764784328,-5.7498518997296175,0.7410630297551574,2,1.0,-6.256398794539485
XAUUSDm,M15,central,train,70,140,50,level,False,0.5,1000.0,-6668.534999999956,-7668.534999999956,649,649,0,281,368,0,43.29738058551618,19186.76000000034,26855.295000000297,0.714449794723913,68.28028469751011,72.97634510869646,-11.815924499229517,-11.815924499229517,0.9356495532327402,147.32500000000073,-76.32000000000517,-766.8534999999956,25163.050000000312,-27550.440000000403,-2387.3900000000913,180,469,139.79472222222395,-58.74294243070448,-3.6785670261942855,244.65000000000146,-76.32000000000517,-0.1687989214175645,0.041435896907312086,-109.55049999999936,7,10,9.9,An iid sequence with this win rate would already produce a streak of about 9.9; only a materially longer run is evidence of a defect.,790.3636868681833,7966.944999999969,215,-0.08590208309663654,-0.1255112897737089,1.0846278434794143,NOT distinguishable from zero (|SR| < 2*SE); do not rank configurations by this.,0.5778120184899846,0.14907550077041604,0.0,392,257,40.816326530612244,47.081712062256805,-4798.690000000029,-2869.8449999999275,-2.1022423508694557,2.0152515958617783,283,43.6055469953775,6949.200000000239,253.0,2.565,False,198,257,366,180,103,0,0,0,0,15306,2025-09-09 03:30:00+00:00,2026-05-20 03:30:00+00:00,-4.0737363980596495,-4.158564965287149,-5.515335764784328,0.8000494305536298,3,0.9796014808147545,-4.958614395840779
XAUUSDm,M15,central,train,70,180,50,level,False,0.5,1000.0,-5478.7300000000205,-6478.7300000000205,631,631,0,271,360,0,42.94770206022187,19792.16500000029,26270.89500000031,0.753387541612117,73.03381918819295,72.97470833333419,-10.267400950871666,-10.267400950871666,1.00081001837772,147.32500000000073,-76.32000000000517,-647.8730000000021,26943.450000000274,-27037.230000000447,-93.78000000017892,150,481,179.62300000000184,-56.21045738045831,-0.14862123613340558,244.65000000000146,-76.32000000000517,-0.14667715644102378,0.04465299849371187,-92.553285714286,8,10,10.0,An iid sequence with this win rate would already produce a streak of about 10.0; only a materially longer run is evidence of a defect.,681.8821241852794,6873.44000000003,215,-0.24832432221888348,-0.3353170720055972,1.099195871185437,NOT distinguishable from zero (|SR| < 2*SE); do not rank configurations by this.,0.7939778129952456,0.2048335974643423,0.0,376,255,40.159574468085104,47.05882352941176,-4049.7900000000777,-2428.939999999943,-2.151723115236573,2.12514783789904,273,43.264659270998415,6700.000000000226,253.0,2.494,False,190,247,358,150,123,0,0,0,0,15306,2025-09-09 03:30:00+00:00,2026-05-20 03:30:00+00:00,-3.2848221035297143,-3.382905650299346,-4.0737363980596495,0.4509503723223914,3,0.9710061240516854,-3.8338560226217373
XAUUSDm,M15,central,train,70,220,50,level,False,0.5,1000.0,-4780.430000000051,-5780.430000000051,622,622,0,267,355,0,42.92604501607717,20123.065000000242,25903.495000000294,0.7768474871827147,75.36728464419566,72.9675915492966,-9.293295819935773,-9.293295819935773,1.032887108426456,147.32500000000073,-76.32000000000517,-578.0430000000051,27860.25000000022,-26730.430000000466,1129.8199999997587,127,495,219.3720472440962,-54.00086868686963,1.8164308681668146,244.65000000000146,-76.32000000000517,-0.13276136885622533,0.047136892432365574,-82.57757142857216,8,10,10.0,An iid sequence with this win rate would already produce a streak of about 10.0; only a materially longer run is evidence of a defect.,640.9400700389955,6460.740000000073,215,0.4647794170229097,0.7317552832143538,1.1396011301746698,NOT distinguishable from zero (|SR| < 2*SE); do not rank configurations by this.,1.1205787781350482,0.29139871382636656,0.0,371,251,40.16172506738545,47.01195219123506,-3557.5900000000956,-2222.8399999999556,-2.175432935231958,2.187360817638966,269,43.247588424437296,6602.800000000218,253.0,2.458,False,184,243,353,127,142,0,0,0,0,15306,2025-09-09 03:30:00+00:00,2026-05-20 03:30:00+00:00,-2.8165066046031386,-3.04546674869014,-3.2848221035297143,0.19120470124554015,2,0.9248193584167427,-3.23667144993568
XAUUSDm,M15,central,train,90,100,50,level,False,0.5,1000.0,-10389.509999999844,-11389.509999999844,640,640,0,313,327,0,48.90625,18797.98000000042,30187.490000000274,0.6227076182882463,60.057444089458215,92.31648318042897,-17.796109374999766,-17.796109374999766,0.6505603552084873,75.0000000000091,-96.32000000000517,-1138.9509999999843,22825.080000000384,-31032.220000000343,-8207.13999999996,230,410,99.23947826087124,-75.68834146341547,-12.823656249999937,100.0000000000091,-96.32000000000517,-0.19773454861110856,0.03438950290535429,-126.55011111110949,10,9,8.6,An iid sequence with this win rate would already produce a streak of about 8.6; only a materially longer run is evidence of a defect.,1150.2455492676982,11839.764999999905,215,-0.3027928182030207,-0.4121298160376424,1.1071692793727812,NOT distinguishable from zero (|SR| < 2*SE); do not rank configurations by this.,0.478125,0.11953125,0.0,392,248,46.42857142857143,52.82258064516129,-7560.749999999969,-3828.759999999884,-1.6537512152777674,1.5466062500000102,317,49.53125,7788.140000000262,253.0,2.53,False,199,280,323,230,87,0,0,0,0,15306,2025-09-09 03:30:00+00:00,2026-05-20 03:30:00+00:00,-5.7498518997296175,-5.394893408368796,-5.7498518997296175,0.5749653626124975,3,1.0657952742514234,-5.969858770981293
XAUUSDm,M15,central,train,90,140,50,level,False,0.5,1000.0,-7871.399999999883,-8871.399999999883,622,622,0,302,320,0,48.553054662379424,20402.230000000367,29273.630000000252,0.6969490971908913,67.55705298013366,91.48009375000079,-14.262700964630037,-14.262700964630037,0.7384891096062424,147.32500000000073,-96.32000000000517,-887.1399999999884,26704.930000000328,-30413.850000000355,-3708.92000000003,191,431,139.8163874345567,-70.5657772621818,-5.962893890675289,244.65000000000146,-96.32000000000517,-0.15847445516255598,0.037346160319154637,-98.57111111110981,9,9,8.6,An iid sequence with this win rate would already produce a streak of about 8.6; only a materially longer run is evidence of a defect.,595.2885210746389,9854.554999999937,215,0.8362698338972043,2.520830172323678,1.2577531676743472,NOT distinguishable from zero (|SR| < 2*SE); do not rank configurations by this.,0.6929260450160771,0.17805466237942122,0.0,380,242,46.31578947368421,52.066115702479344,-5451.6249999999745,-3419.7749999999087,-1.6987861736334302,1.6309260450160876,309,49.67845659163987,7591.940000000259,253.0,2.458,False,185,273,313,191,118,0,0,0,0,15306,2025-09-09 03:30:00+00:00,2026-05-20 03:30:00+00:00,-4.243393532514649,-4.243393532514649,-5.7498518997296175,0.7485460700283332,4,1.0,-4.991939602542982
XAUUSDm,M15,central,train,90,180,50,level,False,0.5,1000.0,-6527.394999999951,-7527.394999999951,600,600,0,290,310,0,48.333333333333336,20815.0350000003,28342.430000000255,0.7344125045029701,71.77598275862174,91.42719354838792,-12.545658333333252,-12.545658333333252,0.7850616427445543,147.32500000000073,-96.32000000000517,-752.7394999999951,28206.930000000266,-29560.640000000392,-1353.7100000001283,157,443,179.66197452229468,-66.72830699774354,-2.256183333333547,244.65000000000146,-96.32000000000517,-0.13939620370370284,0.040044997502743075,-83.6377222222217,8,9,8.6,An iid sequence with this win rate would already produce a streak of about 8.6; only a materially longer run is evidence of a defect.,446.4287509550773,8881.074999999973,215,0.7108578481283979,1.5423640230433509,1.211706808713869,NOT distinguishable from zero (|SR| < 2*SE); do not rank configurations by this.,0.9416666666666667,0.24208333333333334,0.0,361,239,45.70637119113574,52.30125523012552,-4571.425000000027,-2955.9699999999248,-1.7421514814814714,1.737589814814825,297,49.5,7292.74000000024,253.0,2.372,False,176,262,303,157,140,0,0,0,0,15306,2025-09-09 03:30:00+00:00,2026-05-20 03:30:00+00:00,-3.4809891970689777,-3.4809891970689777,-4.243393532514649,0.4054803908378603,4,1.0,-3.886469587906838
XAUUSDm,M15,central,train,90,220,50,level,False,0.5,1000.0,-5816.694999999983,-6816.694999999983,591,591,0,285,306,0,48.223350253807105,21150.935000000252,27967.630000000237,0.7562648318788568,74.21380701754474,91.3974836601315,-11.534170896785081,-11.534170896785081,0.8119896089646672,147.32500000000073,-96.32000000000517,-681.6694999999984,29183.73000000022,-29246.440000000413,-62.71000000019285,133,458,219.42654135338512,-63.85685589519741,-0.10610829103247521,244.65000000000146,-96.32000000000517,-0.12815745440872317,0.042081383572433975,-75.74105555555539,8,9,8.6,An iid sequence with this win rate would already produce a streak of about 8.6; only a materially longer run is evidence of a defect.,388.8306991327303,8482.574999999997,215,-0.774203490769266,-0.7967579432643217,1.2342463507537687,NOT distinguishable from zero (|SR| < 2*SE); do not rank configurations by this.,1.2944162436548223,0.33544839255499154,0.0,356,235,45.50561797752809,52.34042553191489,-4086.8250000000467,-2729.869999999937,-1.76260424891896,1.7907441248355056,292,49.407783417935704,7170.540000000233,253.0,2.336,False,168,257,299,133,159,0,0,0,0,15306,2025-09-09 03:30:00+00:00,2026-05-20 03:30:00+00:00,-3.04546674869014,-3.1071012243256098,-3.4809891970689777,0.23984402258715232,3,0.9801633512442622,-3.346945246912762
XAUUSDm,M15,central,train,110,100,50,level,False,0.5,1000.0,-10350.529999999779,-11350.529999999779,607,607,0,324,283,0,53.37726523887974,19498.09000000044,30848.62000000023,0.6320571228145795,60.17929012345815,109.00572438162627,-18.6993904448102,-18.6993904448102,0.5520745856682902,75.0000000000091,-116.32000000000517,-1135.0529999999778,23710.680000000408,-32220.26000000031,-8509.579999999905,239,368,99.20786610878832,-87.55505434782694,-14.01907742998337,100.0000000000091,-116.32000000000517,-0.16999445858918363,0.03222979167210782,-103.18663636363446,10,9,7.6,An iid sequence with this win rate would already produce a streak of about 7.6; only a materially longer run is evidence of a defect.,647.0475636584111,12794.394999999866,215,0.40693250206964254,0.4851562035658571,1.126560626505383,NOT distinguishable from zero (|SR| < 2*SE); do not rank configurations by this.,0.6243822075782537,0.15609555189456342,0.0,377,230,49.602122015915114,59.56521739130435,-8757.404999999928,-2593.1249999998613,-1.4080217163396649,1.3165580350456878,336,55.35420098846787,8254.940000000286,253.0,2.399,False,185,287,271,239,97,0,0,0,0,15306,2025-09-09 03:30:00+00:00,2026-05-20 03:30:00+00:00,-5.274451051953264,-5.1610463169606415,-5.7498518997296175,0.5191432130953135,3,1.0219732062120703,-5.680189530055955
XAUUSDm,M15,central,train,110,140,50,level,False,0.5,1000.0,-8704.434999999836,-9704.434999999836,589,589,0,306,283,0,51.95246179966044,20715.900000000383,30420.335000000217,0.6809885558459575,67.69901960784439,107.49234982332233,-16.47612054329344,-16.47612054329344,0.6298031415176666,147.32500000000073,-116.32000000000517,-970.4434999999836,27120.93000000034,-32103.92000000033,-4982.989999999991,194,395,139.79860824742443,-81.27574683544387,-8.460084889643447,244.65000000000146,-116.32000000000517,-0.14978291402994032,0.03474491134768255,-88.22213636363485,9,9,7.8,An iid sequence with this win rate would already produce a streak of about 7.8; only a materially longer run is evidence of a defect.,540.1882156038381,11167.364999999889,215,0.07952976047026222,0.09147488204295938,1.0843430072454603,NOT distinguishable from zero (|SR| < 2*SE); do not rank configurations by this.,0.8607809847198642,0.2202886247877759,0.0,367,222,48.50136239782017,57.65765765765766,-7063.119999999943,-2641.3149999998927,-1.4467562895508477,1.3813721253279914,322,54.66893039049236,7911.74000000028,253.0,2.328,False,173,275,267,194,128,0,0,0,0,15306,2025-09-09 03:30:00+00:00,2026-05-20 03:30:00+00:00,-4.3109309599643195,-4.243393532514649,-5.274451051953264,0.5275581102154124,4,1.0159159000767124,-4.770951642730061
XAUUSDm,M15,central,train,110,180,50,level,False,0.5,1000.0,-7482.069999999911,-8482.06999999991,570,570,0,295,275,0,51.75438596491228,21138.095000000307,29620.165000000216,0.7136386647407317,71.65455932203494,107.70969090909169,-14.880824561403353,-14.880824561403353,0.6652563823854278,147.32500000000073,-116.32000000000517,-848.206999999991,28568.930000000273,-31302.19000000037,-2733.2600000000957,159,411,179.67880503144826,-76.16104622871136,-4.795192982456308,244.65000000000146,-116.32000000000517,-0.13528022328548503,0.036970847606998904,-77.10972727272646,8,9,7.8,An iid sequence with this win rate would already produce a streak of about 7.8; only a materially longer run is evidence of a defect.,455.99489653912474,10239.524999999949,215,1.0228198831651334,1.600862431158759,1.3361106775770992,NOT distinguishable from zero (|SR| < 2*SE); do not rank configurations by this.,1.119298245614035,0.28684210526315784,0.0,351,219,47.863247863247864,57.99086757990868,-6090.259999999998,-2391.8099999999117,-1.4818998405103587,1.4744846889952241,310,54.3859649122807,7612.940000000255,253.0,2.253,False,165,265,260,159,151,0,0,0,0,15306,2025-09-09 03:30:00+00:00,2026-05-20 03:30:00+00:00,-3.659105269197975,-3.4858048917285167,-4.3109309599643195,0.3794418048424034,4,1.0497160291101442,-3.86524669657092
XAUUSDm,M15,central,train,110,220,50,level,False,0.5,1000.0,-6562.469999999944,-7562.469999999944,559,559,0,289,270,0,51.6994633273703,21490.295000000267,29052.76500000021,0.7396987859847457,74.3608823529421,107.60283333333412,-13.528568872987377,-13.528568872987377,0.6910680699511464,147.32500000000073,-116.32000000000517,-756.2469999999944,29625.730000000225,-30792.790000000394,-1167.060000000165,135,424,219.4498518518535,-72.62450471698206,-2.0877638640432292,244.65000000000146,-116.32000000000517,-0.12298698975443068,0.03881263740486191,-68.74972727272674,8,9,7.8,An iid sequence with this win rate would already produce a streak of about 7.8; only a materially longer run is evidence of a defect.,398.39457177895474,9632.124999999975,215,0.9728524151937975,1.695274378703529,1.3140593408785726,NOT distinguishable from zero (|SR| < 2*SE); do not rank configurations by this.,1.5008944543828264,0.38774597495527724,0.0,344,215,47.674418604651166,58.139534883720934,-5396.76000000002,-2165.709999999924,-1.5030413075296714,1.5253018376971956,304,54.38282647584973,7465.740000000253,253.0,2.209,False,159,258,255,135,169,0,0,0,0,15306,2025-09-09 03:30:00+00:00,2026-05-20 03:30:00+00:00,-3.168735699961079,-3.1071012243256098,-3.659105269197975,0.26666145649032763,3,1.0198366487557375,-3.3737626808159376
XAUUSDm,M15,central,train,130,100,50,level,False,0.5,1000.0,-10717.129999999745,-11717.129999999745,586,586,0,332,254,0,56.65529010238908,20097.105000000432,31814.235000000182,0.63170165807854,60.533448795182025,125.25289370078812,-19.995102389078074,-19.995102389078074,0.48328982274683474,75.0000000000091,-136.32000000000517,-1171.7129999999745,24510.6800000004,-33512.26000000027,-9001.579999999867,247,339,99.2335222672081,-98.85622418879136,-15.36105802047759,100.0000000000091,-136.32000000000517,-0.1538084799159852,0.030471355269249722,-90.13176923076733,11,8,6.9,An iid sequence with this win rate would already produce a streak of about 6.9; only a materially longer run is evidence of a defect.,643.2671510850553,13234.899999999814,215,0.7783486663309888,1.2746385723499212,1.235773286658032,NOT distinguishable from zero (|SR| < 2*SE); do not rank configurations by this.,0.7508532423208191,0.1877133105802048,0.0,368,218,52.71739130434783,63.30275229357798,-9479.364999999905,-2237.764999999847,-1.2322438960356976,1.1504133630874316,349,59.55631399317406,8575.720000000281,253.0,2.316,False,175,295,237,247,102,0,0,0,0,15306,2025-09-09 03:30:00+00:00,2026-05-20 03:30:00+00:00,-5.047641581968019,-4.777404654483165,-5.274451051953264,0.4506540726761206,3,1.0565656349062373,-5.2280587271592855
XAUUSDm,M15,central,train,130,140,50,level,False,0.5,1000.0,-8932.439999999793,-9932.439999999793,567,567,0,314,253,0,55.379188712522044,21239.310000000365,31171.750000000164,0.6813640555952185,67.64111464968269,123.20849802371606,-17.51753086419718,-17.51753086419718,0.5489971530751283,147.32500000000073,-136.32000000000517,-993.2439999999792,27824.130000000325,-33234.53000000029,-5410.399999999963,199,368,139.81974874372023,-90.31122282608774,-9.542151675484943,244.65000000000146,-136.32000000000517,-0.13475023741690142,0.032664448961134386,-76.4033846153831,11,8,7.1,An iid sequence with this win rate would already produce a streak of about 7.1; only a materially longer run is evidence of a defect.,583.0402746161338,11243.989999999847,215,1.539231098926575,11.524351141565255,1.6001791750893075,NOT distinguishable from zero (|SR| < 2*SE); do not rank configurations by this.,1.0194003527336861,0.3447971781305115,0.0,357,210,51.540616246498594,61.904761904761905,-7660.079999999918,-2272.359999999883,-1.2677354497354423,1.2049481752815157,335,59.08289241622575,8231.720000000276,253.0,2.241,False,164,283,232,199,136,0,0,0,0,15306,2025-09-09 03:30:00+00:00,2026-05-20 03:30:00+00:00,-4.125287329268382,-4.125287329268382,-5.047641581968019,0.529256159032521,4,1.0,-4.654543488300902
XAUUSDm,M15,central,train,130,180,50,level,False,0.5,1000.0,-7554.399999999866,-8554.399999999867,545,545,0,301,244,0,55.22935779816514,21446.55000000029,30000.950000000157,0.714862362691854,71.25099667774182,122.95471311475474,-15.696146788990582,-15.696146788990582,0.5794897558033634,147.32500000000073,-136.32000000000517,-855.4399999999868,28932.13000000026,-32139.85000000032,-3207.7200000000585,161,384,179.70267080745504,-83.6975260416675,-5.885724770642309,244.65000000000146,-136.32000000000517,-0.12073959068454297,0.034637506812571904,-65.80307692307592,11,8,7.1,An iid sequence with this win rate would already produce a streak of about 7.1; only a materially longer run is evidence of a defect.,466.13625661684506,10245.604999999914,215,0.21566019786559423,0.25000374377854173,1.0951482313152372,NOT distinguishable from zero (|SR| < 2*SE); do not rank configurations by this.,1.2972477064220183,0.41972477064220187,0.0,340,205,50.882352941176464,62.4390243902439,-6648.389999999968,-1906.0099999998988,-1.3030794636556036,1.2881093860268245,322,59.08256880733945,7908.720000000256,253.0,2.154,False,155,272,223,161,161,0,0,0,0,15306,2025-09-09 03:30:00+00:00,2026-05-20 03:30:00+00:00,-3.4858048917285167,-3.4858048917285167,-4.125287329268382,0.37866734507123145,4,1.0,-3.864472236799748
XAUUSDm,M15,central,train,130,220,50,level,False,0.5,1000.0,-6494.7999999999,-7494.7999999999,534,534,0,295,239,0,55.243445692883896,21838.75000000025,29333.55000000015,0.744497341781003,74.02966101695,122.73451882845251,-14.035205992509177,-14.035205992509177,0.6031690328327448,147.32500000000073,-136.32000000000517,-749.47999999999,30068.93000000021,-31530.450000000343,-1461.5200000001278,137,397,219.48124087591395,-79.4217884130991,-2.7369288389515503,244.65000000000146,-136.32000000000517,-0.10796312301930137,0.036258018811375324,-57.652307692306934,11,8,7.1,An iid sequence with this win rate would already produce a streak of about 7.1; only a materially longer run is evidence of a defect.,397.38367532219655,9498.20499999994,215,1.0922771628660601,1.83054332504205,1.3679499930771641,NOT distinguishable from zero (|SR| < 2*SE); do not rank configurations by this.,1.6086142322097379,0.5032771535580524,0.0,333,201,50.750750750750754,62.68656716417911,-5814.8899999999885,-1679.9099999999112,-1.322778594065104,1.3293497551138076,316,59.176029962546814,7761.520000000253,253.0,2.111,False,149,265,218,137,179,0,0,0,0,15306,2025-09-09 03:30:00+00:00,2026-05-20 03:30:00+00:00,-2.977634370508678,-3.0731850352348786,-3.4858048917285167,0.23718518445284031,3,0.9689082617445136,-3.310370219687719
XAUUSDm,M15,central,train,150,100,50,level,False,0.5,1000.0,-10179.289999999697,-11179.289999999697,571,571,0,344,227,0,60.245183887915935,20993.475000000435,32172.765000000138,0.6525231822630211,61.02754360465243,141.73024229074952,-19.57844133099773,-19.57844133099773,0.43058942550495866,75.0000000000091,-156.32000000000517,-1117.9289999999696,25709.080000000402,-34038.380000000216,-8329.299999999817,259,312,99.26285714285869,-109.09737179487249,-14.587215411558349,100.0000000000091,-156.32000000000517,-0.13052294220665153,0.02895897160090321,-74.52859999999802,11,8,6.3,An iid sequence with this win rate would already produce a streak of about 6.3; only a materially longer run is evidence of a defect.,604.8122567702371,12798.159999999807,215,1.2085646210559255,2.4192395261032282,1.424109977220003,NOT distinguishable from zero (|SR| < 2*SE); do not rank configurations by this.,0.8178633975481612,0.2044658493870403,0.0,361,210,57.06371191135734,65.71428571428571,-8778.559999999863,-2400.7299999998418,-1.087347227086975,1.0151734967892652,363,63.57267950963222,8925.720000000281,253.0,2.257,False,165,304,208,259,104,0,0,0,0,15306,2025-09-09 03:30:00+00:00,2026-05-20 03:30:00+00:00,-4.50716772699831,-4.50716772699831,-5.047641581968019,0.5136720608721717,2,1.0,-5.020839787870482
XAUUSDm,M15,central,train,150,140,50,level,False,0.5,1000.0,-8656.074999999777,-9656.074999999777,549,549,0,320,229,0,58.287795992714024,21734.38000000037,31390.45500000014,0.6923881797826846,67.91993750000115,137.0762227074242,-17.588479052822894,-17.588479052822894,0.4954902911569837,147.32500000000073,-156.32000000000517,-965.6074999999777,28524.130000000325,-33937.80000000026,-5413.669999999934,204,345,139.82416666666825,-98.37043478260944,-9.860965391621008,244.65000000000146,-156.32000000000517,-0.1172565270188193,0.030910735178038464,-64.3738333333318,11,8,6.6,An iid sequence with this win rate would already produce a streak of about 6.6; only a materially longer run is evidence of a defect.,576.6301111877378,10991.924999999857,215,1.705007796468915,6.92752993150613,1.6958067296614563,NOT distinguishable from zero (|SR| < 2*SE); do not rank configurations by this.,1.1092896174863387,0.3702185792349727,0.0,347,202,54.7550432276657,64.35643564356435,-7209.4499999998925,-2446.6249999998786,-1.1253540983606491,1.0688851244687372,347,63.20582877959927,8531.720000000274,253.0,2.17,False,153,291,202,204,143,0,0,0,0,15306,2025-09-09 03:30:00+00:00,2026-05-20 03:30:00+00:00,-3.7933917243782678,-3.9593395268233245,-4.50716772699831,0.43279326309150723,3,0.9580869987732018,-4.3921327899148315
XAUUSDm,M15,central,train,150,180,50,level,False,0.5,1000.0,-7603.164999999849,-8603.164999999848,528,528,0,306,222,0,57.95454545454545,21747.220000000292,30350.38500000014,0.7165385216695008,71.06934640522971,136.71344594594657,-16.293873106060317,-16.293873106060317,0.5198416725837555,147.32500000000073,-156.32000000000517,-860.3164999999849,29295.330000000256,-32982.98000000031,-3687.6500000000487,163,365,179.72595092024696,-90.36432876712414,-6.984185606060699,244.65000000000146,-156.32000000000517,-0.10862582070706879,0.03261746865457612,-57.354433333332324,11,9,6.6,An iid sequence with this win rate would already produce a streak of about 6.6; only a materially longer run is evidence of a defect.,535.9067520114127,9904.574999999895,215,1.2530456752340169,11.963229162079633,1.4464641033529442,NOT distinguishable from zero (|SR| < 2*SE); do not rank configurations by this.,1.4034090909090908,0.44933712121212116,0.0,332,196,54.21686746987952,64.28571428571429,-6323.979999999949,-2279.1849999999,-1.1554242424242362,1.141810479797986,333,63.06818181818182,8184.520000000252,253.0,2.087,False,144,280,195,163,170,0,0,0,0,15306,2025-09-09 03:30:00+00:00,2026-05-20 03:30:00+00:00,-3.330295856414626,-3.4080503740715713,-3.7933917243782678,0.33773576113687387,3,0.977185044490979,-3.745786135208445
XAUUSDm,M15,central,train,150,220,50,level,False,0.5,1000.0,-6557.764999999883,-7557.764999999883,518,518,0,300,218,0,57.915057915057915,22179.42000000025,29737.18500000013,0.7458480014164136,73.93140000000083,136.40910550458776,-14.590279922779697,-14.590279922779697,0.5419828810292605,147.32500000000073,-156.32000000000517,-755.7764999999883,30512.13000000021,-32427.780000000334,-1915.6500000001188,139,379,219.51172661870655,-85.5614248021117,-3.6981660231662525,244.65000000000146,-156.32000000000517,-0.09726853281853132,0.034032713231536824,-50.38509999999922,11,9,6.6,An iid sequence with this win rate would already produce a streak of about 6.6; only a materially longer run is evidence of a defect.,449.49127372707267,9171.37499999992,215,1.1216218220086391,7.818607582819898,1.3817960581563864,NOT distinguishable from zero (|SR| < 2*SE); do not rank configurations by this.,1.725868725868726,0.5357142857142857,0.0,325,193,54.15384615384615,64.24870466321244,-5350.4799999999705,-2207.284999999913,-1.1731105534105475,1.1774656370656433,327,63.12741312741313,8037.32000000025,253.0,2.047,False,137,272,191,139,188,0,0,0,0,15306,2025-09-09 03:30:00+00:00,2026-05-20 03:30:00+00:00,-2.8580892788881807,-2.977634370508678,-3.330295856414626,0.20045509456433902,2,0.9598523267985803,-3.178089465073017
XAUUSDm,M15,central,test,70,100,50,level,False,0.5,1000.0,-2375.6150000001253,-3375.6150000001253,241,241,0,110,131,0,45.643153526970956,6263.450000000075,9639.0650000002,0.6497985022406162,56.94045454545523,73.58064885496336,-14.006701244813797,-14.006701244813797,0.7738509435774612,75.0000000000091,-75.39999999999964,-337.56150000001253,7388.6000000000695,-9908.630000000248,-2520.030000000179,75,166,98.5146666666676,-59.690542168676195,-10.456556016598253,100.0000000000091,-75.39999999999964,-0.20009573206876913,0.06194961577143166,-48.22307142857336,5,8,7.7,An iid sequence with this win rate would already produce a streak of about 7.7; only a materially longer run is evidence of a defect.,346.35009991599316,3648.4000000001106,99,0.38592470321099487,0.6301249209529255,1.6537871213913544,NOT distinguishable from zero (|SR| < 2*SE); do not rank configurations by this.,0.48132780082987553,0.12448132780082988,0.0,106,135,47.16981132075472,44.44444444444444,-1324.4850000000793,-2051.130000000046,-1.3157362181387071,1.2753793716656772,111,46.058091286307054,2697.5000000000637,114.7,2.101,False,51,101,130,75,36,0,0,0,0,6560,2026-05-05 07:15:00+00:00,2026-08-28 00:00:00+00:00,-3.2299753529874864,-2.7913881105568694,-3.2299753529874864,0.41937657592792854,2,1.1571215556775876,-3.210764686484798
XAUUSDm,M15,central,test,70,140,50,level,False,0.5,1000.0,-1994.93000000012,-2994.93000000012,229,229,0,104,125,0,45.414847161572055,6203.535000000058,9198.465000000178,0.6744098064187816,59.64937500000056,73.58772000000143,-13.078296943231965,-13.078296943231965,0.8105887096379587,95.0000000000091,-75.39999999999964,-299.493000000012,7619.40000000006,-9529.260000000246,-1909.8600000001852,55,174,138.53454545454653,-54.76586206896693,-8.340000000000808,140.0000000000091,-75.39999999999964,-0.18683281347474295,0.06693186546440891,-42.784714285716134,8,8,7.7,An iid sequence with this win rate would already produce a streak of about 7.7; only a materially longer run is evidence of a defect.,316.93662556262706,3246.160000000102,99,-1.3247264355222852,-1.350064070548596,2.1860841247557885,NOT distinguishable from zero (|SR| < 2*SE); do not rank configurations by this.,0.7816593886462883,0.19978165938864628,0.0,100,129,48.0,43.41085271317829,-1034.2000000000735,-1960.7300000000464,-1.3648340611353689,1.3504061135371175,105,45.851528384279476,2552.800000000061,114.7,1.997,False,49,95,124,55,50,0,0,0,0,6560,2026-05-05 07:15:00+00:00,2026-08-28 00:00:00+00:00,-2.7913881105568694,-2.7395550277442395,-3.2299753529874864,0.47822221824778677,3,1.018920256132,-3.217777245992026
XAUUSDm,M15,central,test,70,180,50,level,False,0.5,1000.0,-1922.330000000104,-2922.330000000104,223,223,0,102,121,0,45.73991031390135,5980.735000000057,8903.06500000016,0.6717613540954659,58.63465686274566,73.57904958677818,-13.104618834081185,-13.104618834081185,0.7968933710348175,115.0000000000091,-75.39999999999964,-292.2330000000104,7311.600000000071,-9274.46000000025,-1962.860000000178,41,182,178.33170731707492,-50.9585714285728,-8.802062780269857,180.0000000000091,-75.39999999999964,-0.18720884048687467,0.06965335117343706,-41.74757142857305,8,8,7.6,An iid sequence with this win rate would already produce a streak of about 7.6; only a materially longer run is evidence of a defect.,305.1684843366971,3180.1150000000894,99,2.3531690241167156,16.657177727442065,3.0972665718027423,NOT distinguishable from zero (|SR| < 2*SE); do not rank configurations by this.,1.0269058295964126,0.26121076233183854,0.0,97,126,48.45360824742268,43.65079365079365,-1274.4000000000574,-1647.9300000000467,-1.3947962844330533,1.4245432415118513,103,46.18834080717489,2504.2000000000644,114.7,1.944,False,48,93,120,41,62,0,0,0,0,6560,2026-05-05 07:15:00+00:00,2026-08-28 00:00:00+00:00,-2.6877219449316097,-2.6213123851694204,-2.7913881105568694,0.5864063549226927,3,1.0253344699158766,-3.207718740092113
XAUUSDm,M15,central,test,70,220,50,level,False,0.5,1000.0,-1833.330000000119,-2833.330000000119,217,217,0,99,118,0,45.6221198156682,5846.73500000004,8680.065000000159,0.6735819374624421,59.05792929292969,73.55987288135728,-13.056820276498245,-13.056820276498245,0.8028552385915977,135.0000000000091,-75.39999999999964,-283.3330000000119,7204.800000000055,-9070.060000000263,-1865.2600000002076,33,184,218.3272727272744,-49.29380434782752,-8.595668202765934,220.0000000000091,-75.39999999999964,-0.1865260039499756,0.07300708351608041,-40.4761428571447,8,8,7.5,An iid sequence with this win rate would already produce a streak of about 7.5; only a materially longer run is evidence of a defect.,288.09511479778786,3059.8150000001033,99,2.7727029076678797,17.04351976633127,3.511414371843227,NOT distinguishable from zero (|SR| < 2*SE); do not rank configurations by this.,1.3179723502304148,0.3387096774193548,0.0,96,121,48.95833333333333,42.97520661157025,-1255.7000000000653,-1577.6300000000538,-1.398701777485185,1.4779275839368018,100,46.08294930875576,2432.9000000000633,114.7,1.892,False,48,90,117,33,67,0,0,0,0,6560,2026-05-05 07:15:00+00:00,2026-08-28 00:00:00+00:00,-2.5549028254072317,-2.5549028254072317,-2.6877219449316097,0.5842618857385773,2,1.0,-3.139164711145809
XAUUSDm,M15,central,test,90,100,50,level,False,0.5,1000.0,-1504.3800000000647,-2504.3800000000647,219,219,0,118,101,0,53.881278538812786,6674.470000000088,9178.850000000153,0.7271575415220836,56.5633050847465,90.87970297029855,-11.435525114155546,-11.435525114155546,0.6223975567265291,75.0000000000091,-103.22000000000116,-250.43800000000647,7886.000000000076,-9694.340000000197,-1808.340000000121,80,139,98.57500000000095,-69.74345323741149,-8.257260273973156,100.0000000000091,-103.22000000000116,-0.12706139015728435,0.05759263121114912,-27.826444444445272,7,8,6.2,An iid sequence with this win rate would already produce a streak of about 6.2; only a materially longer run is evidence of a defect.,282.69265876246743,2864.765000000052,99,1.5206428963067804,19.10330422006549,2.3427444561150503,NOT distinguishable from zero (|SR| < 2*SE); do not rank configurations by this.,0.6894977168949772,0.1769406392694064,0.0,97,122,56.70103092783505,51.63934426229508,-671.8300000000431,-1832.5500000000216,-1.0789284627092839,1.0464784373414509,122,55.70776255707762,2967.6000000000704,114.7,1.909,False,35,110,97,80,42,0,0,0,0,6560,2026-05-05 07:15:00+00:00,2026-08-28 00:00:00+00:00,-2.2062091535885076,-2.0549284987082284,-3.2299753529874864,0.6472070832916451,3,1.073618451919557,-2.7021355819998734
XAUUSDm,M15,central,test,90,140,50,level,False,0.5,1000.0,-1197.4850000000583,-2197.4850000000583,207,207,0,110,97,0,53.14009661835749,6526.955000000078,8724.440000000135,0.7481230887025387,59.33595454545526,89.94268041237252,-10.615869565217674,-10.615869565217674,0.6597085418558751,95.0000000000091,-103.22000000000116,-219.74850000000583,8034.400000000078,-9357.350000000206,-1322.950000000128,58,149,138.52413793103582,-62.80100671141078,-6.391062801932986,140.0000000000091,-103.22000000000116,-0.11795410628019691,0.06196214634057998,-24.41650000000076,8,8,6.2,An iid sequence with this win rate would already produce a streak of about 6.2; only a materially longer run is evidence of a defect.,249.44634197345587,2505.0150000000417,99,-1.6865358097538115,-1.686785649325947,2.483063403542766,NOT distinguishable from zero (|SR| < 2*SE); do not rank configurations by this.,1.0193236714975846,0.25966183574879226,0.0,91,116,57.14285714285714,50.0,-470.13500000003205,-1727.3500000000263,-1.1235050993021982,1.1129350509930223,115,55.55555555555556,2799.1000000000713,114.7,1.805,False,32,105,92,58,57,0,0,0,0,6560,2026-05-05 07:15:00+00:00,2026-08-28 00:00:00+00:00,-1.903647843827949,-1.903647843827949,-2.7913881105568694,0.5231451619377988,4,1.0,-2.426793005765748
XAUUSDm,M15,central,test,90,180,50,level,False,0.5,1000.0,-595.9850000000552,-1595.9850000000552,202,202,0,109,93,0,53.960396039603964,6753.055000000063,8349.04000000012,0.8088420944204324,61.95463302752351,89.77462365591526,-7.900915841584432,-7.900915841584432,0.6901129796431211,115.0000000000091,-103.22000000000116,-159.59850000000554,8564.20000000007,-9012.350000000206,-448.15000000013697,48,154,178.4208333333348,-58.521753246754585,-2.2185643564363215,180.0000000000091,-103.22000000000116,-0.08778795379538311,0.06562783749539043,-17.733166666667387,8,8,6.0,An iid sequence with this win rate would already produce a streak of about 6.0; only a materially longer run is evidence of a defect.,188.4244645151044,1892.2150000000374,99,-2.3069394381197816,-2.4298058984215976,3.0526824864837963,NOT distinguishable from zero (|SR| < 2*SE); do not rank configurations by this.,1.2821782178217822,0.3254950495049505,0.0,89,113,58.42696629213483,50.442477876106196,-352.7350000000274,-1243.2500000000277,-1.1442970297029678,1.175527502750276,114,56.43564356435643,2775.50000000007,114.7,1.761,False,30,104,88,48,66,0,0,0,0,6560,2026-05-05 07:15:00+00:00,2026-08-28 00:00:00+00:00,-1.337663362769635,-1.3872548130978541,-2.6877219449316097,0.5698734346341774,4,0.9642520971201554,-1.9571282477320315
XAUUSDm,M15,central,test,90,220,50,level,False,0.5,1000.0,-664.5850000000632,-1664.5850000000632,195,195,0,105,90,0,53.84615384615385,6401.455000000053,8066.040000000116,0.7936304555891069,60.966238095238594,89.62266666666795,-8.536333333333658,-8.536333333333658,0.6802546762192345,135.0000000000091,-103.22000000000116,-166.45850000000632,8079.800000000059,-8755.550000000221,-675.7500000001619,37,158,218.37297297297457,-55.414873417722916,-3.4653846153854455,220.0000000000091,-103.22000000000116,-0.0948481481481523,0.06837110763836428,-18.4953888888897,8,8,6.0,An iid sequence with this win rate would already produce a streak of about 6.0; only a materially longer run is evidence of a defect.,188.57237900957713,1927.3700000000485,99,-2.5102868195676984,-2.54970100651127,3.2504763123821827,NOT distinguishable from zero (|SR| < 2*SE); do not rank configurations by this.,1.7743589743589743,0.45384615384615384,0.0,87,108,58.620689655172406,50.0,-480.3350000000273,-1184.250000000036,-1.1559948717948691,1.2352792022792043,110,56.41025641025641,2679.2000000000735,114.7,1.7,False,30,100,85,37,73,0,0,0,0,6560,2026-05-05 07:15:00+00:00,2026-08-28 00:00:00+00:00,-1.3872548130978541,-1.3624590879337446,-2.5549028254072317,0.5892634016052108,3,1.018199243840572,-1.9517224895389553
XAUUSDm,M15,central,test,110,100,50,level,False,0.5,1000.0,-788.3100000000422,-1788.3100000000422,206,206,0,124,82,0,60.19417475728155,7054.280000000076,8842.590000000118,0.7977617417521317,56.88935483871029,107.83646341463559,-8.681116504854574,-8.681116504854574,0.5275521195457644,75.0000000000091,-115.39999999999964,-178.83100000000422,8378.20000000007,-9445.020000000173,-1066.8200000001025,85,121,98.56705882353023,-78.05801652892706,-5.178737864078167,100.0000000000091,-115.39999999999964,-0.07891924095322382,0.05353508014941799,-16.257363636364108,7,6,5.2,An iid sequence with this win rate would already produce a streak of about 5.2; only a materially longer run is evidence of a defect.,211.53100000000222,2115.3100000000222,99,-0.09291025504938386,-0.13715697736447494,1.598887465961788,NOT distinguishable from zero (|SR| < 2*SE); do not rank configurations by this.,0.8155339805825242,0.2087378640776699,0.0,92,114,61.95652173913043,58.77192982456141,-542.4200000000269,-1245.8900000000153,-0.9360997352162406,0.8905264783759917,129,62.62135922330097,3136.100000000067,114.7,1.796,False,33,110,77,85,44,0,0,0,0,6560,2026-05-05 07:15:00+00:00,2026-08-28 00:00:00+00:00,-1.4741593873205734,-1.4786927640648662,-2.2062091535885076,0.35346114641548154,3,0.9969341996833536,-1.8321539104803477
XAUUSDm,M15,central,test,110,140,50,level,False,0.5,1000.0,-801.4350000000377,-1801.4350000000377,192,192,0,113,79,0,58.854166666666664,6584.36500000008,8385.800000000118,0.7851803048009716,58.26871681416,106.14936708860908,-9.382473958333529,-9.382473958333529,0.5489313635334226,95.0000000000091,-115.39999999999964,-180.1435000000038,8037.000000000085,-9101.070000000196,-1064.0700000001107,58,134,138.56896551724284,-67.91843283582236,-5.542031250000576,140.0000000000091,-115.39999999999964,-0.08529521780303229,0.05750654971365347,-16.3766818181822,8,6,5.3,An iid sequence with this win rate would already produce a streak of about 5.3; only a materially longer run is evidence of a defect.,208.47350000000188,2084.7350000000188,99,1.6635318651205901,31.752444048184717,2.4632339372865513,NOT distinguishable from zero (|SR| < 2*SE); do not rank configurations by this.,1.2291666666666667,0.3125,0.0,86,106,61.627906976744185,56.60377358490566,-428.325000000018,-1373.1100000000197,-0.9770771780303015,0.9520056818181826,119,61.979166666666664,2895.3000000000725,114.7,1.674,False,34,100,73,58,61,0,0,0,0,6560,2026-05-05 07:15:00+00:00,2026-08-28 00:00:00+00:00,-1.4832261408091592,-1.4741593873205734,-1.903647843827949,0.26425005691102105,4,1.0061504567054078,-1.7384094442315945
XAUUSDm,M15,central,test,110,180,50,level,False,0.5,1000.0,-347.7350000000365,-1347.7350000000365,187,187,0,111,76,0,59.35828877005348,6697.865000000067,8045.600000000104,0.832487943720789,60.34112612612673,105.86315789473821,-7.20713903743335,-7.20713903743335,0.56999174525027,115.0000000000091,-115.39999999999964,-134.77350000000365,8386.60000000008,-8788.670000000198,-402.07000000011703,47,140,178.43829787234213,-62.7762142857157,-2.1501069518722837,180.0000000000091,-115.39999999999964,-0.06551944579484886,0.060449154021082904,-12.252136363636737,8,6,5.2,An iid sequence with this win rate would already produce a streak of about 5.2; only a materially longer run is evidence of a defect.,161.97350000000165,1619.7350000000165,99,-2.591722612210858,-2.767156213397112,3.3308252510182825,NOT distinguishable from zero (|SR| < 2*SE); do not rank configurations by this.,1.5454545454545454,0.3917112299465241,0.0,84,103,63.095238095238095,56.310679611650485,-342.2250000000099,-1005.5100000000266,-0.9964278074866293,1.0073208556149746,117,62.5668449197861,2847.90000000007,114.7,1.63,False,31,98,70,47,70,0,0,0,0,6560,2026-05-05 07:15:00+00:00,2026-08-28 00:00:00+00:00,-1.0838769682698552,-1.0838769682698552,-1.4832261408091592,0.2079940715111301,4,1.0,-1.2918710397809854
XAUUSDm,M15,central,test,110,220,50,level,False,0.5,1000.0,-243.93500000004224,-1243.9350000000422,181,181,0,108,73,0,59.668508287292816,6458.865000000055,7702.8000000000975,0.8385087241003237,59.80430555555607,105.51780821917941,-6.872569060773714,-6.872569060773714,0.5667697857344781,135.0000000000091,-115.39999999999964,-124.39350000000422,8079.800000000064,-8472.070000000207,-392.27000000014414,37,144,218.3729729729747,-58.83381944444588,-2.16723756906157,220.0000000000091,-115.39999999999964,-0.062477900552488516,0.06284123246823281,-11.308500000000421,8,6,5.2,An iid sequence with this win rate would already produce a streak of about 5.2; only a materially longer run is evidence of a defect.,151.6564999999987,1516.5649999999869,99,1.4464862579839184,9.68335661053745,2.282194217763177,NOT distinguishable from zero (|SR| < 2*SE); do not rank configurations by this.,2.0552486187845305,0.5248618784530387,0.0,82,99,63.41463414634146,56.56565656565656,-449.82500000001437,-794.1100000000279,-1.001686087393268,1.068040180813664,114,62.98342541436464,2775.4000000000747,114.7,1.578,False,30,95,67,37,77,0,0,0,0,6560,2026-05-05 07:15:00+00:00,2026-08-28 00:00:00+00:00,-0.9942182560482409,-1.039047612159048,-1.3872548130978541,0.17906524566095863,3,0.9568553398456345,-1.2181128578200067
XAUUSDm,M15,central,test,130,100,50,level,False,0.5,1000.0,-626.7850000000294,-1626.7850000000294,196,196,0,127,69,0,64.79591836734694,7025.920000000078,8652.705000000107,0.8119911634569758,55.322204724410064,125.401521739132,-8.299923469387906,-8.299923469387906,0.44116055337426235,75.0000000000091,-135.39999999999964,-162.67850000000294,8283.400000000074,-9378.970000000163,-1095.5700000000888,84,112,98.61190476190565,-83.74080357143002,-5.5896428571433106,100.0000000000091,-135.39999999999964,-0.06384556514913767,0.04992953536392999,-12.513730769230982,11,5,4.6,An iid sequence with this win rate would already produce a streak of about 4.6; only a materially longer run is evidence of a defect.,198.50952249516374,2121.63999999995,99,-0.8449550538719679,-1.0062198258805546,1.8585254811003686,NOT distinguishable from zero (|SR| < 2*SE); do not rank configurations by this.,0.9540816326530612,0.24362244897959184,0.0,89,107,64.04494382022472,65.42056074766354,-650.5000000000246,-976.2850000000049,-0.8235298273155411,0.7837390109890102,132,67.34693877551021,3208.6000000000695,114.7,1.709,False,36,107,64,84,48,0,0,0,0,6560,2026-05-05 07:15:00+00:00,2026-08-28 00:00:00+00:00,-1.2787133844482133,-1.3190765734671157,-1.4741593873205734,0.10456010239116016,3,0.9694004200887215,-1.423636675858276
XAUUSDm,M15,central,test,130,140,50,level,False,0.5,1000.0,-742.0700000000329,-1742.070000000033,185,185,0,117,68,0,63.24324324324324,6641.245000000081,8383.315000000113,0.7921979551048709,56.76277777777847,123.28404411764872,-9.416594594594773,-9.416594594594773,0.46042274313787374,95.0000000000091,-135.39999999999964,-174.2070000000033,8039.400000000082,-9196.140000000187,-1156.7400000001044,58,127,138.61034482758762,-72.41055118110383,-6.252648648649213,140.0000000000091,-135.39999999999964,-0.07243534303534456,0.05328323110314316,-13.400538461538744,11,5,4.8,An iid sequence with this win rate would already produce a streak of about 4.8; only a materially longer run is evidence of a defect.,206.77841125413906,2145.295000000017,99,-1.8827183106976157,-2.0275090882448383,2.656463734915019,NOT distinguishable from zero (|SR| < 2*SE); do not rank configurations by this.,1.335135135135135,0.33918918918918917,0.0,84,101,63.095238095238095,63.366336633663366,-589.0050000000178,-1153.065000000015,-0.8546224532224515,0.8302286902286911,123,66.48648648648648,2991.300000000074,114.7,1.613,False,35,100,62,58,65,0,0,0,0,6560,2026-05-05 07:15:00+00:00,2026-08-28 00:00:00+00:00,-1.3594397624860182,-1.2787133844482133,-1.4832261408091592,0.18002529120705313,4,1.0631309400680433,-1.4587386756552663
XAUUSDm,M15,central,test,130,180,50,level,False,0.5,1000.0,-228.37000000003172,-1228.3700000000317,180,180,0,115,65,0,63.888888888888886,6754.745000000068,7983.1150000001,0.8461289859910553,58.73691304347885,122.81715384615538,-6.824277777777954,-6.824277777777954,0.47824681816885733,115.0000000000091,-135.39999999999964,-122.83700000000317,8386.60000000008,-8821.340000000191,-434.74000000011074,47,133,178.43829787234213,-66.32586466165557,-2.4152222222228374,180.0000000000091,-135.39999999999964,-0.052494444444446,0.05570067464156052,-9.44900000000028,11,5,4.7,An iid sequence with this win rate would already produce a streak of about 4.7; only a materially longer run is evidence of a defect.,157.56204579733947,1666.1950000000047,99,-1.0794217532807013,-1.2528375289370082,2.0070810669041967,NOT distinguishable from zero (|SR| < 2*SE); do not rank configurations by this.,1.6833333333333333,0.4263888888888889,0.0,82,98,64.63414634146342,63.26530612244898,-534.2050000000108,-694.1650000000209,-0.8665354700854683,0.8827799145299158,121,67.22222222222223,2943.9000000000715,114.7,1.569,False,33,98,59,47,74,0,0,0,0,6560,2026-05-05 07:15:00+00:00,2026-08-28 00:00:00+00:00,-0.9424382160943843,-0.9424382160943843,-1.3594397624860182,0.23228894428552188,4,1.0,-1.174727160379906
XAUUSDm,M15,central,test,130,220,50,level,False,0.5,1000.0,-199.57000000003745,-1199.5700000000375,175,175,0,112,63,0,64.0,6515.745000000056,7715.315000000094,0.8445209301240425,58.17629464285765,122.46531746031896,-6.854685714285928,-6.854685714285928,0.47504302319477393,135.0000000000091,-135.39999999999964,-119.95700000000375,8079.800000000064,-8579.740000000202,-499.94000000013784,37,138,218.3729729729747,-62.17202898550871,-2.8568000000007876,220.0000000000091,-135.39999999999964,-0.0527283516483535,0.05765526419866555,-9.227461538461863,11,5,4.6,An iid sequence with this win rate would already produce a streak of about 4.6; only a materially longer run is evidence of a defect.,161.98044520341287,1745.3150000000028,99,0.7654913888400413,2.1636390963639216,1.8141784749686558,NOT distinguishable from zero (|SR| < 2*SE); do not rank configurations by this.,2.3142857142857145,0.5957142857142856,0.0,80,95,65.0,63.1578947368421,-621.8050000000153,-577.7650000000222,-0.869507252747251,0.9364527472527492,118,67.42857142857143,2871.400000000076,114.7,1.526,False,31,96,57,37,81,0,0,0,0,6560,2026-05-05 07:15:00+00:00,2026-08-28 00:00:00+00:00,-0.914545313098642,-0.9284917645965132,-0.9942182560482409,0.13313909483317377,3,0.9849794558986403,-1.061630859429687
XAUUSDm,M15,central,test,150,100,50,level,False,0.5,1000.0,-601.9750000000067,-1601.9750000000067,189,189,0,127,62,0,67.19576719576719,7130.165000000067,8732.140000000074,0.8165426802593645,56.14303149606352,140.84096774193668,-8.476058201058237,-8.476058201058237,0.3986271352447291,75.0000000000091,-155.39999999999964,-160.19750000000067,8478.20000000007,-9519.75000000014,-1041.5500000000702,86,103,98.58372093023337,-92.42475728155476,-5.510846560846932,100.0000000000091,-155.39999999999964,-0.056507054673721496,0.04747469108738529,-10.679833333333363,15,5,4.3,An iid sequence with this win rate would already produce a streak of about 4.3; only a materially longer run is evidence of a defect.,210.94647616050094,2212.3749999999245,99,1.5675446192369231,6.777611193007514,2.381763019014216,NOT distinguishable from zero (|SR| < 2*SE); do not rank configurations by this.,1.1428571428571428,0.29100529100529104,0.0,84,105,69.04761904761905,65.71428571428571,-173.3549999999991,-1428.6200000000076,-0.7337767195767194,0.7036204585537907,133,70.37037037037037,3234.800000000066,114.7,1.648,False,34,108,56,86,47,0,0,0,0,6560,2026-05-05 07:15:00+00:00,2026-08-28 00:00:00+00:00,-1.1902563951329477,-1.2260561917191626,-1.2787133844482133,0.03633034290513121,2,0.9708008516836273,-1.2623865346242937
XAUUSDm,M15,central,test,150,140,50,level,False,0.5,1000.0,-640.3400000000101,-1640.3400000000101,176,176,0,116,60,0,65.9090909090909,6624.410000000068,8264.75000000008,0.8015257569799454,57.10698275862128,137.74583333333467,-9.320113636363693,-9.320113636363693,0.41458228809307524,95.0000000000091,-155.39999999999964,-164.03400000000101,8039.400000000082,-9138.880000000172,-1099.4800000000896,58,118,138.61034482758762,-77.44813559322179,-6.2470454545459635,140.0000000000091,-155.39999999999964,-0.062134090909091416,0.050678012417985245,-10.93560000000009,12,5,4.4,An iid sequence with this win rate would already produce a streak of about 4.4; only a materially longer run is evidence of a defect.,207.68561698697602,2113.1699999999455,99,-0.6026228574436157,-0.7087553548653166,1.7342580366985636,NOT distinguishable from zero (|SR| < 2*SE); do not rank configurations by this.,1.6363636363636365,0.4147727272727273,0.0,80,96,67.5,64.58333333333334,-224.45999999999458,-1415.8800000000156,-0.7698446969696946,0.7467037878787885,123,69.88636363636364,2993.8000000000716,114.7,1.534,False,33,99,53,58,65,0,0,0,0,6560,2026-05-05 07:15:00+00:00,2026-08-28 00:00:00+00:00,-1.2260561917191626,-1.2081562934260552,-1.3594397624860182,0.2715401137382093,3,1.0148158796924753,-1.4796964071642646
XAUUSDm,M15,central,test,150,180,50,level,False,0.5,1000.0,115.95999999998867,-884.0400000000113,171,171,0,114,57,0,66.66666666666667,6920.510000000054,7804.550000000065,0.8867276140200263,60.70622807017591,136.92192982456254,-5.169824561403575,-5.169824561403575,0.44336380701001316,115.0000000000091,-155.39999999999964,-88.40400000000113,8746.600000000071,-8698.880000000172,47.7199999998993,49,122,178.502040816328,-71.30229508196862,0.2790643274847912,180.0000000000091,-155.39999999999964,-0.03446549707602397,0.05313623951618418,-5.893600000000099,12,5,4.3,An iid sequence with this win rate would already produce a streak of about 4.3; only a materially longer run is evidence of a defect.,129.44476305680908,1342.9699999999434,99,-2.2367705360613432,-2.2557409555269223,2.9854799223436896,NOT distinguishable from zero (|SR| < 2*SE); do not rank configurations by this.,1.9707602339181287,0.49853801169590645,0.0,78,93,69.23076923076923,64.51612903225806,52.94000000001006,-936.9800000000214,-0.7814912280701732,0.793882261208578,121,70.76023391812865,2946.400000000069,114.7,1.491,False,30,97,50,49,72,0,0,0,0,6560,2026-05-05 07:15:00+00:00,2026-08-28 00:00:00+00:00,-0.648625070005688,-0.7962693848812372,-1.2260561917191626,0.23944994312003948,3,0.8145799428197654,-1.0357193280012766
XAUUSDm,M15,central,test,150,220,50,level,False,0.5,1000.0,113.45999999998185,-886.5400000000182,166,166,0,111,55,0,66.86746987951807,6610.21000000004,7496.750000000059,0.8817434221495966,59.5514414414418,136.30454545454654,-5.340602409638664,-5.340602409638664,0.4368998938579082,135.0000000000091,-155.39999999999964,-88.65400000000182,8299.800000000054,-8419.880000000185,-120.08000000012998,38,128,218.41578947368563,-65.78031250000144,-0.7233734939766867,220.0000000000091,-155.39999999999964,-0.035604016064257914,0.05476693699669668,-5.910266666666814,12,5,4.3,An iid sequence with this win rate would already produce a streak of about 4.3; only a materially longer run is evidence of a defect.,125.09586424393164,1322.869999999948,99,0.29592279616988976,0.51708177050876,1.6300023485231852,NOT distinguishable from zero (|SR| < 2*SE); do not rank configurations by this.,2.674698795180723,0.6867469879518072,0.0,76,90,69.73684210526315,64.44444444444444,-85.95999999999549,-800.5800000000227,-0.7859369477911625,0.8451365461847407,118,71.08433734939759,2873.9000000000738,114.7,1.447,False,28,95,48,38,80,0,0,0,0,6560,2026-05-05 07:15:00+00:00,2026-08-28 00:00:00+00:00,-0.65010055366809,-0.65010055366809,-0.914545313098642,0.12500968119351405,2,1.0,-0.7751102348616041
XAUUSDm,M30,central,train,70,100,50,level,False,0.5,1000.0,-9245.469999999937,-10245.469999999937,408,408,0,143,265,0,35.049019607843135,9150.765000000254,19396.23500000019,0.47178047698433045,63.99136363636541,73.19333962264223,-25.111446078431225,-25.111446078431225,0.8742785062996333,75.0000000000091,-76.32000000000517,-1024.5469999999937,11504.120000000245,-19664.040000000212,-8159.91999999997,116,292,99.17344827586417,-67.34260273972676,-19.999803921568553,100.0000000000091,-76.32000000000517,-0.35873494397758887,0.047264910103349,-146.36385714285626,6,15,11.5,An iid sequence with this win rate would already produce a streak of about 11.5; only a materially longer run is evidence of a defect.,824.7660746714129,10718.329999999954,228,-0.9334458695891364,-1.0181355714753297,1.2596756581349506,NOT distinguishable from zero (|SR| < 2*SE); do not rank configurations by this.,0.19852941176470587,0.09926470588235295,0.0,226,182,31.858407079646017,39.010989010989015,-6090.374999999981,-4155.0949999999575,-2.773635854341723,2.4695136554621975,144,35.294117647058826,3531.6600000001404,268.0,1.523,False,179,135,264,116,28,0,0,0,0,7655,2025-08-25 03:30:00+00:00,2026-05-20 03:00:00+00:00,-7.589878901561062,-7.589878901561062,-8.016335081675736,0.7360436377264572,2,1.0,-8.32592253928752
XAUUSDm,M30,central,train,70,140,50,level,False,0.5,1000.0,-8083.744999999968,-9083.744999999968,398,398,0,137,261,0,34.42211055276382,10020.490000000216,19104.235000000182,0.5245166843896194,73.14226277372421,73.19630268199303,-22.82347989949741,-22.82347989949741,0.9992617125962824,95.0000000000091,-76.32000000000517,-908.3744999999968,13641.720000000205,-19476.190000000224,-5834.470000000019,98,300,139.20122448979802,-64.92063333333408,-14.659472361809094,140.0000000000091,-76.32000000000517,-0.32604971284996304,0.05186893947729636,-129.76778571428528,6,15,11.7,An iid sequence with this win rate would already produce a streak of about 11.7; only a materially longer run is evidence of a defect.,676.7874975727401,9759.004999999985,228,1.1107487487168386,3.6486065115707147,1.336816903164659,NOT distinguishable from zero (|SR| < 2*SE); do not rank configurations by this.,0.30904522613065327,0.15703517587939697,0.0,220,178,31.363636363636367,38.20224719101123,-5129.4049999999925,-3954.339999999977,-2.843433596554186,2.5359023689878084,138,34.67336683417086,3384.660000000131,268.0,1.485,False,172,130,260,98,40,0,0,0,0,7655,2025-08-25 03:30:00+00:00,2026-05-20 03:00:00+00:00,-6.286030062224018,-6.507509158817985,-7.589878901561062,0.8596655736081651,3,0.9659656112363896,-7.36717473242615
XAUUSDm,M30,central,train,70,180,50,level,False,0.5,1000.0,-7111.2449999999835,-8111.2449999999835,395,395,0,133,262,0,33.67088607594937,11065.590000000204,19176.83500000019,0.5770290040040547,83.19992481203161,73.19402671755797,-20.534797468354387,-20.534797468354387,1.1367037522485888,115.0000000000091,-76.32000000000517,-811.1244999999984,15951.360000000195,-19569.830000000227,-3618.470000000034,89,306,179.22876404494602,-63.95369281045826,-9.160683544303883,180.0000000000091,-76.32000000000517,-0.2933542495479198,0.05636900246345373,-115.87492857142831,6,15,11.9,An iid sequence with this win rate would already produce a streak of about 11.9; only a materially longer run is evidence of a defect.,544.0450891339156,8960.204999999993,228,1.7433559884403125,3.2311494723157113,1.6687932304752806,NOT distinguishable from zero (|SR| < 2*SE); do not rank configurations by this.,0.38734177215189874,0.20126582278481012,0.0,218,177,30.275229357798167,37.85310734463277,-4549.605000000001,-3561.6399999999817,-2.8696542495479074,2.590211934900555,134,33.924050632911396,3285.4600000001255,268.0,1.474,False,171,126,261,89,45,0,0,0,0,7655,2025-08-25 03:30:00+00:00,2026-05-20 03:00:00+00:00,-5.204176705772166,-5.468026085111549,-6.286030062224018,0.5102440931692924,3,0.9517468689372575,-5.978270178280841
XAUUSDm,M30,central,train,70,220,50,level,False,0.5,1000.0,-6879.5950000000175,-7879.5950000000175,385,385,0,130,255,0,33.76623376623377,10784.64000000016,18664.235000000175,0.5778238433024476,82.95876923077046,73.19307843137324,-20.466480519480566,-20.466480519480566,1.133423692631724,135.0000000000091,-76.32000000000517,-787.9595000000018,15561.76000000014,-19082.730000000247,-3520.9700000001067,71,314,219.17971830986113,-60.77302547770779,-9.145376623376901,220.0000000000091,-76.32000000000517,-0.2923782931354366,0.05893671547465522,-112.5656428571431,6,15,11.8,An iid sequence with this win rate would already produce a streak of about 11.8; only a materially longer run is evidence of a defect.,495.33373560560744,8783.555000000018,228,1.2076732444888156,15.437436802772977,1.3824841102592806,NOT distinguishable from zero (|SR| < 2*SE); do not rank configurations by this.,0.5766233766233766,0.43116883116883115,0.0,212,173,30.660377358490564,37.57225433526011,-4577.205000000029,-3302.389999999989,-2.9304601113172417,2.667890538033407,131,34.02597402597402,3212.060000000122,268.0,1.437,False,170,123,254,71,60,0,0,0,0,7655,2025-08-25 03:30:00+00:00,2026-05-20 03:00:00+00:00,-4.9608854307663135,-5.204176705772166,-5.462363403570843,0.2047576270787542,2,0.9532507659211478,-5.4089343328509205
XAUUSDm,M30,central,train,90,100,50,level,False,0.5,1000.0,-11407.914999999919,-12407.914999999919,398,398,0,156,242,0,39.19597989949749,9853.505000000263,22261.420000000184,0.44262697527831474,63.16349358974527,91.98933884297597,-31.17566582914553,-31.17566582914553,0.6866392821625139,75.0000000000091,-96.32000000000517,-1240.7914999999919,12388.400000000256,-22808.810000000223,-10420.409999999965,125,273,99.10720000000205,-83.54875457875539,-26.181934673366747,100.0000000000091,-96.32000000000517,-0.3463962869905059,0.043211303352615735,-137.86572222222134,9,11,10.2,An iid sequence with this win rate would already produce a streak of about 10.2; only a materially longer run is evidence of a defect.,1152.7230427418742,12659.434999999929,228,1.0792262895083629,87.40753262572004,1.3224709435001802,NOT distinguishable from zero (|SR| < 2*SE); do not rank configurations by this.,0.24623115577889448,0.12311557788944724,0.0,221,177,34.841628959276015,44.632768361581924,-7909.39999999998,-4498.514999999941,-2.206724734785026,1.9586342825237397,160,40.20100502512563,3920.00000000015,268.0,1.485,False,165,148,238,125,35,0,0,0,0,7655,2025-08-25 03:30:00+00:00,2026-05-20 03:00:00+00:00,-8.016335081675736,-7.42814323381692,-8.016335081675736,0.4701132794529832,3,1.0791842361333381,-7.898256513269903
XAUUSDm,M30,central,train,90,140,50,level,False,0.5,1000.0,-10012.22499999996,-11012.22499999996,388,388,0,151,237,0,38.91752577319588,10782.995000000225,21795.220000000176,0.4947412781334686,71.41056291390878,91.96295358649863,-28.38202319587617,-28.38202319587617,0.7765144564081594,95.0000000000091,-96.32000000000517,-1101.222499999996,14610.400000000212,-22461.63000000023,-7851.230000000019,105,283,139.1466666666687,-79.36971731448844,-20.23512886597943,140.0000000000091,-96.32000000000517,-0.315355813287513,0.04686526433359137,-122.35805555555504,9,11,10.2,An iid sequence with this win rate would already produce a streak of about 10.2; only a materially longer run is evidence of a defect.,877.2400085130887,11541.144999999968,228,0.8601894989873371,1.9396338359281282,1.2305159963622643,NOT distinguishable from zero (|SR| < 2*SE); do not rank configurations by this.,0.3711340206185567,0.18814432989690721,0.0,216,172,34.72222222222222,44.18604651162791,-6806.064999999991,-4206.159999999962,-2.2587058991981572,2.01774255441009,155,39.94845360824742,3798.0000000001405,268.0,1.448,False,159,144,233,105,50,0,0,0,0,7655,2025-08-25 03:30:00+00:00,2026-05-20 03:00:00+00:00,-6.728988255411953,-6.286030062224018,-8.016335081675736,0.7819093645554731,4,1.0704670815766375,-7.067939426779491
XAUUSDm,M30,central,train,90,180,50,level,False,0.5,1000.0,-9011.024999999983,-10011.024999999983,385,385,0,147,238,0,38.18181818181818,11876.795000000206,21887.820000000178,0.5426211929739969,80.7945238095252,91.96563025210159,-26.002662337662265,-26.002662337662265,0.8785295505293282,115.0000000000091,-96.32000000000517,-1001.1024999999984,17020.040000000197,-22577.87000000024,-5557.8300000000445,95,290,179.15831578947575,-77.85472413793185,-14.435922077922193,180.0000000000091,-96.32000000000517,-0.28891847041846963,0.050405573570176256,-111.2336111111108,8,11,10.4,An iid sequence with this win rate would already produce a streak of about 10.4; only a materially longer run is evidence of a defect.,704.5576804198263,10713.644999999986,228,1.258725035365062,4.355632995769858,1.4074254491591367,NOT distinguishable from zero (|SR| < 2*SE); do not rank configurations by this.,0.4623376623376623,0.23896103896103896,0.0,214,171,33.64485981308411,43.859649122807014,-6277.565000000006,-3733.459999999966,-2.2799968253968155,2.0654017316017415,151,39.22077922077922,3698.8000000001352,268.0,1.437,False,158,140,234,95,56,0,0,0,0,7655,2025-08-25 03:30:00+00:00,2026-05-20 03:00:00+00:00,-5.7318754644509315,-5.462363403570843,-6.728988255411953,0.5660071870125866,4,1.0493398261829125,-6.02837059058343
XAUUSDm,M30,central,train,90,220,50,level,False,0.5,1000.0,-8726.94000000001,-9726.94000000001,376,376,0,143,233,0,38.03191489361702,11693.480000000165,21420.420000000173,0.5459033949847888,81.77258741258856,91.93313304721104,-25.869521276595762,-25.869521276595762,0.8894789582619287,135.0000000000091,-96.32000000000517,-972.694000000001,16872.840000000142,-22133.10000000026,-5260.260000000117,77,299,219.12779220779404,-74.02374581939887,-13.990053191489672,220.0000000000091,-96.32000000000517,-0.28743912529550847,0.05262175070732285,-108.07711111111118,8,11,10.4,An iid sequence with this win rate would already produce a streak of about 10.4; only a materially longer run is evidence of a defect.,661.362365973881,10411.960000000005,228,0.27424776048691335,0.3240717441320632,1.0709003653686369,NOT distinguishable from zero (|SR| < 2*SE); do not rank configurations by this.,0.6436170212765957,0.4680851063829787,0.0,209,167,33.49282296650718,43.712574850299404,-6261.430000000032,-3465.5099999999743,-2.323848995271858,2.1240162529550926,147,39.09574468085106,3600.400000000134,268.0,1.403,False,156,137,229,77,70,0,0,0,0,7655,2025-08-25 03:30:00+00:00,2026-05-20 03:00:00+00:00,-5.462363403570843,-5.211624417168578,-5.7318754644509315,0.34545754122629907,3,1.0481114843149977,-5.557081958394877
XAUUSDm,M30,central,train,110,100,50,level,False,0.5,1000.0,-11639.924999999885,-12639.924999999885,382,382,0,169,213,0,44.24083769633508,10873.005000000285,23512.930000000168,0.46242663079421437,64.33730769230938,110.38934272300548,-33.08880890052325,-33.08880890052325,0.5828217299359033,75.0000000000091,-116.32000000000517,-1263.9924999999885,13778.80000000028,-24171.8700000002,-10393.06999999992,139,243,99.12805755395884,-99.47271604938354,-27.206989528795603,100.0000000000091,-116.32000000000517,-0.30080735364112043,0.04139698343451103,-114.90840909090801,9,9,8.8,An iid sequence with this win rate would already produce a streak of about 8.8; only a materially longer run is evidence of a defect.,1078.9121836100287,12983.844999999917,228,1.5356902665067513,39.85057281596924,1.5519532386430361,NOT distinguishable from zero (|SR| < 2*SE); do not rank configurations by this.,0.28534031413612565,0.14267015706806285,0.0,219,163,39.726027397260275,50.306748466257666,-8668.199999999959,-3971.7249999999217,-1.8592732032365453,1.652112803426948,175,45.81151832460733,4288.980000000163,268.0,1.425,False,150,160,207,139,36,0,0,0,0,7655,2025-08-25 03:30:00+00:00,2026-05-20 03:00:00+00:00,-7.266407566072779,-6.756008536284139,-8.016335081675736,0.7641364728695624,3,1.0755474222756627,-7.520145009153702
XAUUSDm,M30,central,train,110,140,50,level,False,0.5,1000.0,-10219.489999999912,-11219.489999999912,370,370,0,161,209,0,43.513513513513516,11733.715000000248,22953.205000000155,0.5112015947228358,72.88021739130589,109.8239473684218,-30.322945945945705,-30.322945945945705,0.6636095235843024,95.0000000000091,-116.32000000000517,-1121.9489999999912,16004.000000000233,-23778.4000000002,-7774.399999999969,115,255,139.16521739130638,-93.24862745098119,-21.011891891891807,140.0000000000091,-116.32000000000517,-0.27566314496314276,0.044660939708888986,-101.99536363636281,9,9,8.9,An iid sequence with this win rate would already produce a streak of about 8.9; only a materially longer run is evidence of a defect.,883.7908891573718,11850.044999999944,228,-0.5323511127888838,-0.5902343339660825,1.1233332899647934,NOT distinguishable from zero (|SR| < 2*SE); do not rank configurations by this.,0.43513513513513513,0.2202702702702703,0.0,212,158,39.15094339622642,49.36708860759494,-7490.6299999999665,-3728.859999999943,-1.9122046683046594,1.7098547911547997,168,45.4054054054054,4116.980000000153,268.0,1.381,False,144,155,202,115,53,0,0,0,0,7655,2025-08-25 03:30:00+00:00,2026-05-20 03:00:00+00:00,-6.172354338264781,-6.172354338264781,-7.266407566072779,0.8512162269561528,4,1.0,-7.0235705652209335
XAUUSDm,M30,central,train,110,180,50,level,False,0.5,1000.0,-8992.489999999943,-9992.489999999943,365,365,0,157,208,0,43.013698630136986,12845.315000000228,22837.80500000016,0.5624583886236062,81.81729299363202,109.7971394230777,-27.376684931506656,-27.376684931506656,0.7451678014885993,115.0000000000091,-116.32000000000517,-999.2489999999943,18457.240000000216,-23694.64000000021,-5237.399999999998,103,262,179.19650485437103,-90.4375572519092,-14.349041095890405,180.0000000000091,-116.32000000000517,-0.24887895392278778,0.04781803397071517,-90.84081818181754,8,9,9.0,An iid sequence with this win rate would already produce a streak of about 9.0; only a materially longer run is evidence of a defect.,725.0083829604562,10810.74499999996,228,2.046747306683727,9.04438461327214,1.8494143118819146,NOT distinguishable from zero (|SR| < 2*SE); do not rank configurations by this.,0.5452054794520548,0.2808219178082192,0.0,209,156,38.27751196172249,49.358974358974365,-6800.82999999998,-3191.6599999999494,-1.9351043586550347,1.7620724782067334,164,44.93150684931507,4017.780000000148,268.0,1.362,False,142,151,201,103,61,0,0,0,0,7655,2025-08-25 03:30:00+00:00,2026-05-20 03:00:00+00:00,-5.204709045026962,-5.204709045026962,-6.172354338264781,0.6597754987115317,4,1.0,-5.864484543738493
XAUUSDm,M30,central,train,110,220,50,level,False,0.5,1000.0,-8583.404999999977,-9583.404999999977,355,355,0,152,203,0,42.816901408450704,12687.000000000187,22270.40500000015,0.5696798060026345,83.46710526315913,109.70642857142931,-26.995507042253415,-26.995507042253415,0.7608223724903606,135.0000000000091,-116.32000000000517,-958.3404999999976,18410.04000000016,-23149.870000000228,-4739.83000000007,84,271,219.16714285714477,-85.42387453874623,-13.351633802817098,220.0000000000091,-116.32000000000517,-0.24541370038412197,0.05000999726215494,-87.1218636363633,8,9,9.0,An iid sequence with this win rate would already produce a streak of about 9.0; only a materially longer run is evidence of a defect.,666.8388550122347,10301.459999999986,228,1.0730309879064326,118.67539076822561,1.3196820342830249,NOT distinguishable from zero (|SR| < 2*SE); do not rank configurations by this.,0.7464788732394366,0.528169014084507,0.0,203,152,37.93103448275862,49.34210526315789,-6719.695000000006,-2863.7099999999577,-1.9800158770806573,1.8262550576184462,159,44.7887323943662,3894.3800000001465,268.0,1.325,False,140,147,196,84,75,0,0,0,0,7655,2025-08-25 03:30:00+00:00,2026-05-20 03:00:00+00:00,-4.907292817827022,-5.056000931426992,-5.462363403570843,0.5893386682658034,3,0.9705877994057255,-5.645339599692795
XAUUSDm,M30,central,train,130,100,50,level,False,0.5,1000.0,-10951.824999999842,-11951.824999999842,373,373,0,188,185,0,50.402144772117964,11967.905000000299,23919.73000000014,0.5003361241953913,63.65906914893776,129.2958378378386,-32.04242627345802,-32.04242627345802,0.492352037107167,76.04000000000042,-136.32000000000517,-1195.1824999999842,15077.280000000292,-24626.15000000018,-9548.869999999888,152,221,99.19263157894929,-111.43054298642615,-25.60018766756002,102.08000000000084,-136.32000000000517,-0.24648020210352325,0.03946455535639576,-91.93711538461417,10,9,7.5,An iid sequence with this win rate would already produce a streak of about 7.5; only a materially longer run is evidence of a defect.,937.4929988949397,12386.344999999856,228,1.025213220783531,7.08672071060558,1.2985042519584251,NOT distinguishable from zero (|SR| < 2*SE); do not rank configurations by this.,0.32439678284182305,0.1648793565683646,0.0,215,158,46.04651162790698,56.32911392405063,-8380.299999999934,-3571.5249999999082,-1.6001140441328037,1.4271088884306116,194,52.01072386058981,4758.380000000172,268.0,1.392,False,138,174,179,152,42,0,0,0,0,7655,2025-08-25 03:30:00+00:00,2026-05-20 03:00:00+00:00,-6.2456095064955,-6.224191860774831,-7.266407566072779,0.7771448427606057,3,1.003441032378138,-7.001336703535437
XAUUSDm,M30,central,train,130,140,50,level,False,0.5,1000.0,-9094.444999999874,-10094.444999999874,360,360,0,179,181,0,49.72222222222222,13063.875000000262,23158.32000000013,0.5641115158612623,72.98254189944281,127.94651933701729,-28.040124999999634,-28.040124999999634,0.5704144378261926,95.0000000000091,-136.32000000000517,-1009.4444999999874,17817.600000000246,-24106.51000000018,-6288.909999999933,128,232,139.20000000000192,-103.90737068965595,-17.469194444444256,140.0000000000091,-136.32000000000517,-0.21569326923076645,0.04254178905085607,-77.64957692307593,10,9,7.5,An iid sequence with this win rate would already produce a streak of about 7.5; only a materially longer run is evidence of a defect.,735.8309663963416,10725.324999999884,228,-1.0061821206876447,-1.0352038695478656,1.290251420417754,NOT distinguishable from zero (|SR| < 2*SE); do not rank configurations by this.,0.48333333333333334,0.24722222222222223,0.0,207,153,45.410628019323674,55.55555555555556,-6937.084999999941,-3157.3599999999283,-1.6512034188034117,1.4803683760683837,187,51.94444444444444,4586.380000000163,268.0,1.343,False,128,169,173,128,59,0,0,0,0,7655,2025-08-25 03:30:00+00:00,2026-05-20 03:00:00+00:00,-5.070150410762428,-5.1319119394282255,-6.2456095064955,0.7459732142893215,4,0.987965201002128,-5.877885153717547
XAUUSDm,M30,central,train,130,180,50,level,False,0.5,1000.0,-7890.624999999895,-8890.624999999894,353,353,0,173,180,0,49.008498583569406,14132.295000000237,23022.92000000013,0.6138359078692085,81.6895664739898,127.90511111111184,-25.185906515580438,-25.185906515580438,0.6386731989390607,115.0000000000091,-136.32000000000517,-889.0624999999894,20252.440000000213,-23972.310000000187,-3719.8699999999735,113,240,179.22513274336472,-99.88462500000078,-10.537875354107573,180.0000000000091,-136.32000000000517,-0.19373774242754185,0.045446765477262056,-68.38942307692227,9,9,7.7,An iid sequence with this win rate would already produce a streak of about 7.7; only a materially longer run is evidence of a defect.,610.4171669046673,9660.339999999927,228,-0.08699451357184619,-0.13512130935369004,1.0533021877737858,NOT distinguishable from zero (|SR| < 2*SE); do not rank configurations by this.,0.6090651558073654,0.31586402266288954,0.0,203,150,44.33497536945813,55.333333333333336,-6273.584999999959,-2617.039999999936,-1.67542296796687,1.5290603617345904,181,51.274787535410766,4437.980000000157,268.0,1.317,False,125,163,172,113,68,0,0,0,0,7655,2025-08-25 03:30:00+00:00,2026-05-20 03:00:00+00:00,-4.262959979505534,-4.483345262704287,-5.204709045026962,0.4881481103991951,4,0.9508435620535235,-4.971493373103482
XAUUSDm,M30,central,train,130,220,50,level,False,0.5,1000.0,-7316.93999999993,-8316.93999999993,344,344,0,168,176,0,48.83720930232558,14173.980000000194,22490.920000000122,0.6302089910061535,84.36892857142973,127.78931818181887,-24.177151162790494,-24.177151162790494,0.6602189429588275,135.0000000000091,-136.32000000000517,-831.693999999993,20603.640000000167,-23461.340000000208,-2857.7000000000453,94,250,219.18765957446985,-93.84536000000082,-8.307267441860597,220.0000000000091,-136.32000000000517,-0.1859780858676192,0.04758604877319211,-63.976461538460995,9,9,7.6,An iid sequence with this win rate would already produce a streak of about 7.6; only a materially longer run is evidence of a defect.,567.1050468518773,8969.219999999928,228,-0.3971143006660497,-0.4141851668450076,1.091976661641669,NOT distinguishable from zero (|SR| < 2*SE); do not rank configurations by this.,0.7790697674418605,0.40406976744186046,0.0,197,147,44.16243654822335,55.10204081632652,-6103.749999999986,-2213.1899999999428,-1.711495527728079,1.5909036225402577,176,51.16279069767442,4314.580000000155,268.0,1.284,False,123,160,168,94,82,0,0,0,0,7655,2025-08-25 03:30:00+00:00,2026-05-20 03:00:00+00:00,-3.9082481244458998,-4.085604051975717,-4.907292817827022,0.4194914474398051,3,0.9565900353353988,-4.505095499415522
XAUUSDm,M30,central,train,150,100,50,level,False,0.5,1000.0,-11818.17999999981,-12818.17999999981,363,363,0,193,170,0,53.16804407713499,12284.510000000304,25102.69000000011,0.4893702627089069,63.65031088083059,147.66288235294184,-35.31179063360829,-35.31179063360829,0.43105152673841535,75.0000000000091,-156.32000000000517,-1281.8179999999809,15473.600000000297,-25923.180000000153,-10449.579999999856,156,207,99.18974358974549,-125.23275362318914,-28.786721763085005,100.0000000000091,-156.32000000000517,-0.23541193755738857,0.03795268526557724,-85.45453333333205,11,9,6.9,An iid sequence with this win rate would already produce a streak of about 6.9; only a materially longer run is evidence of a defect.,1015.2257430002483,13212.959999999828,228,0.5677194511174621,0.9845051741093677,1.1328633131503945,NOT distinguishable from zero (|SR| < 2*SE); do not rank configurations by this.,0.3774104683195592,0.1887052341597796,0.0,209,154,49.760765550239235,57.7922077922078,-8482.919999999904,-4335.259999999906,-1.4223054178145023,1.2601704315886197,200,55.09641873278237,4909.180000000177,268.0,1.355,False,131,177,163,156,44,0,0,0,0,7655,2025-08-25 03:30:00+00:00,2026-05-20 03:00:00+00:00,-6.202774215054163,-6.202774215054163,-6.2456095064955,0.5152025649568646,2,1.0,-6.7179767800110275
XAUUSDm,M30,central,train,150,140,50,level,False,0.5,1000.0,-9979.019999999842,-10979.019999999842,351,351,0,184,167,0,52.421652421652425,13394.860000000266,24373.880000000107,0.5495579694328604,72.79815217391449,145.95137724550963,-31.279259259258794,-31.279259259258794,0.49878359182221566,99.64000000000169,-156.32000000000517,-1097.9019999999841,18245.280000000257,-25438.740000000158,-7193.4599999999,131,220,139.27694656488745,-115.63063636363708,-20.49418803418775,149.28000000000338,-156.32000000000517,-0.20852839506172532,0.04063366587793761,-73.19346666666559,11,9,7.0,An iid sequence with this win rate would already produce a streak of about 7.0; only a materially longer run is evidence of a defect.,813.2340957625978,11576.549999999886,228,1.4695548024620018,28.483050647080322,1.516153527032191,NOT distinguishable from zero (|SR| < 2*SE); do not rank configurations by this.,0.5441595441595442,0.2777777777777778,0.0,202,149,49.00990099009901,57.04697986577181,-7117.924999999912,-3861.094999999925,-1.4631728395061663,1.3106879392212791,193,54.98575498575499,4737.180000000167,268.0,1.31,False,121,173,158,131,62,0,0,0,0,7655,2025-08-25 03:30:00+00:00,2026-05-20 03:00:00+00:00,-5.1319119394282255,-5.1010311750953266,-6.202774215054163,0.6202223452094339,3,1.006053827799302,-5.72125352030476
XAUUSDm,M30,central,train,150,180,50,level,False,0.5,1000.0,-8891.664999999866,-9891.664999999866,341,341,0,175,166,0,51.31964809384164,14075.070000000238,23966.735000000088,0.5872752379496075,80.4289714285728,144.37792168674753,-29.00781524926642,-29.00781524926642,0.5570725114264848,115.0000000000091,-156.32000000000517,-989.1664999999866,20070.840000000222,-25203.390000000152,-5132.549999999928,112,229,179.20392857143057,-110.05847161572119,-15.051466275659614,180.0000000000091,-156.32000000000517,-0.19338543499510952,0.04313418299586017,-65.94443333333234,10,9,7.2,An iid sequence with this win rate would already produce a streak of about 7.2; only a materially longer run is evidence of a defect.,691.9284616007026,10687.69999999989,228,1.0925101485971693,1.4582167077894987,1.3284849594115609,NOT distinguishable from zero (|SR| < 2*SE); do not rank configurations by this.,0.6744868035190615,0.34897360703812313,0.0,195,146,47.179487179487175,56.849315068493155,-6610.889999999918,-3280.774999999933,-1.495635777126093,1.3542920821114435,186,54.54545454545455,4563.780000000161,268.0,1.272,False,116,166,155,112,74,0,0,0,0,7655,2025-08-25 03:30:00+00:00,2026-05-20 03:00:00+00:00,-4.483345262704287,-4.373152621104911,-5.1319119394282255,0.46205360458383654,3,1.02519752936762,-4.835206225688747
XAUUSDm,M30,central,train,150,220,50,level,False,0.5,1000.0,-7661.179999999881,-8661.17999999988,334,334,0,173,161,0,51.796407185628745,14387.5200000002,23048.70000000008,0.624222624269488,83.16485549133064,143.15962732919306,-25.93167664670623,-25.93167664670623,0.5809239451294079,135.0000000000091,-156.32000000000517,-866.117999999988,20822.04000000017,-24364.020000000168,-3541.9799999999987,95,239,219.1793684210544,-101.94150627615133,-10.604730538922151,220.0000000000091,-156.32000000000517,-0.17287784431137487,0.04484473724782601,-57.74119999999921,10,9,7.1,An iid sequence with this win rate would already produce a streak of about 7.1; only a materially longer run is evidence of a defect.,546.7728386622014,9438.009999999884,228,-0.4525624248544774,-0.5337567150078087,1.1038338418558038,NOT distinguishable from zero (|SR| < 2*SE); do not rank configurations by this.,0.8682634730538922,0.4491017964071856,0.0,191,143,47.64397905759162,57.34265734265735,-6152.389999999943,-2508.7899999999377,-1.5207610778443053,1.4126552894211641,185,55.38922155688623,4538.780000000161,268.0,1.246,False,114,166,149,95,90,0,0,0,0,7655,2025-08-25 03:30:00+00:00,2026-05-20 03:00:00+00:00,-3.8550308223682515,-3.9082481244458998,-4.483345262704287,0.2844776569254595,2,0.9863833358622303,-4.192725781371359
XAUUSDm,M30,central,test,70,100,50,level,False,0.5,1000.0,-2179.5900000000847,-3179.5900000000847,123,123,0,45,78,0,36.58536585365854,2533.140000000003,5712.730000000088,0.44342022115520324,56.292000000000066,73.24012820512932,-25.850325203252723,-25.850325203252723,0.7685950500023523,75.0000000000091,-75.39999999999964,-317.9590000000085,2957.2000000000025,-5837.580000000112,-2880.3800000001092,30,93,98.57333333333342,-62.76967741935604,-23.41772357723666,100.0000000000091,-75.39999999999964,-0.3692903600464669,0.08335819605772102,-45.42271428571543,3,7,8.4,An iid sequence with this win rate would already produce a streak of about 8.4; only a materially longer run is evidence of a defect.,327.3090000000079,3273.0900000000793,112,0.9139896441276064,1.1762710421131097,1.7860008967716317,NOT distinguishable from zero (|SR| < 2*SE); do not rank configurations by this.,0.2764227642276423,0.15447154471544716,0.0,49,74,36.734693877551024,36.486486486486484,-1087.2300000000587,-2092.360000000026,-1.667173054587689,1.5115400696864092,46,37.39837398373984,1115.600000000013,129.6,0.949,False,39,44,77,30,16,0,0,0,0,3281,2026-04-20 09:30:00+00:00,2026-08-28 00:00:00+00:00,-4.430162569626068,-3.6516362844896753,-4.430162569626068,0.3907595876323562,2,1.2131992960096227,-4.042395872122031
XAUUSDm,M30,central,test,70,140,50,level,False,0.5,1000.0,-1813.2900000000814,-2813.2900000000814,121,121,0,44,77,0,36.36363636363637,2824.240000000002,5637.530000000083,0.5009711699982013,64.18727272727277,73.2146753246764,-23.25033057851307,-23.25033057851307,0.8766995474968524,95.0000000000091,-75.39999999999964,-281.32900000000814,3602.2000000000116,-5775.180000000114,-2172.9800000001023,26,95,138.54615384615428,-60.79136842105383,-17.95851239669506,140.0000000000091,-75.39999999999964,-0.3321475796930429,0.09095856044147653,-40.189857142858195,3,7,8.4,An iid sequence with this win rate would already produce a streak of about 8.4; only a materially longer run is evidence of a defect.,294.78900000000726,2947.8900000000726,112,1.9892504974379284,8.132402614601359,2.58877523826455,NOT distinguishable from zero (|SR| < 2*SE); do not rank configurations by this.,0.371900826446281,0.21074380165289255,0.0,48,73,35.41666666666667,36.986301369863014,-993.5300000000575,-1819.7600000000239,-1.6854628099173554,1.5461192443919691,45,37.1900826446281,1090.6000000000108,129.6,0.934,False,37,43,76,26,19,0,0,0,0,3281,2026-04-20 09:30:00+00:00,2026-08-28 00:00:00+00:00,-3.6516362844896753,-3.3612089288407603,-4.430162569626068,0.6500901459574215,3,1.086405624225531,-4.011299074798182
XAUUSDm,M30,central,test,70,180,50,level,False,0.5,1000.0,-1472.3900000000754,-2472.3900000000754,117,117,0,43,74,0,36.75213675213675,2947.3400000000015,5419.730000000077,0.5438167583993962,68.54279069767445,73.23959459459563,-21.131538461539105,-21.131538461539105,0.9358707005012865,115.0000000000091,-75.39999999999964,-247.23900000000754,3925.000000000018,-5586.380000000113,-1661.3800000000947,22,95,178.40909090909173,-58.80400000000119,-14.199829059829868,180.0000000000091,-75.39999999999964,-0.30187912087912894,0.09830693381598887,-35.31985714285808,3,6,8.2,An iid sequence with this win rate would already produce a streak of about 8.2; only a materially longer run is evidence of a defect.,259.20134641917434,2648.960000000086,112,1.3207565186140198,4.390331652235891,2.052424786476743,NOT distinguishable from zero (|SR| < 2*SE); do not rank configurations by this.,0.5811965811965812,0.3162393162393163,0.0,45,72,37.77777777777778,36.11111111111111,-840.0300000000493,-1632.360000000026,-1.7134358974358974,1.6443479853479825,44,37.60683760683761,1066.8000000000097,129.6,0.903,False,37,42,73,22,22,0,0,0,0,3281,2026-04-20 09:30:00+00:00,2026-08-28 00:00:00+00:00,-3.0707815731918453,-2.853549548652617,-3.6516362844896753,0.5829980631697194,3,1.07612695025457,-3.436547611822336
XAUUSDm,M30,central,test,70,220,50,level,False,0.5,1000.0,-1254.9900000000775,-2254.9900000000775,117,117,0,43,74,0,36.75213675213675,3164.7399999999993,5419.730000000077,0.5839294577405063,73.59860465116277,73.23959459459563,-19.273418803419467,-19.273418803419467,1.004901857506918,135.0000000000091,-75.39999999999964,-225.49900000000775,4367.800000000016,-5594.380000000115,-1226.580000000099,20,97,218.39000000000078,-57.67402061855788,-10.48358974359059,220.0000000000091,-75.39999999999964,-0.27533455433456233,0.10443907147609592,-32.21414285714379,3,6,8.2,An iid sequence with this win rate would already produce a streak of about 8.2; only a materially longer run is evidence of a defect.,234.61679708466744,2491.560000000088,112,1.4010047161335724,12.834277495405841,2.1114369494391907,NOT distinguishable from zero (|SR| < 2*SE); do not rank configurations by this.,0.7264957264957265,0.3888888888888889,0.0,45,72,37.77777777777778,36.11111111111111,-791.3300000000504,-1463.6600000000271,-1.715726495726496,1.6825421245421215,44,37.60683760683761,1066.8000000000097,129.6,0.903,False,36,42,73,20,24,0,0,0,0,3281,2026-04-20 09:30:00+00:00,2026-08-28 00:00:00+00:00,-2.636317524113388,-2.636317524113388,-3.0707815731918453,0.4786048931228938,2,1.0,-3.1149224172362815
XAUUSDm,M30,central,test,90,100,50,level,False,0.5,1000.0,-1951.490000000067,-2951.490000000067,119,119,0,54,65,0,45.378151260504204,2982.540000000008,5934.030000000075,0.5026162658429382,55.232222222222376,91.29276923077039,-24.80243697479048,-24.80243697479048,0.60500106073687,75.0000000000091,-95.39999999999964,-295.1490000000067,3449.8000000000047,-6140.5800000001,-2690.7800000000952,35,84,98.56571428571442,-73.10214285714405,-22.611596638656263,100.0000000000091,-95.39999999999964,-0.2755826330532279,0.07743969618262032,-32.794333333334116,4,7,6.6,An iid sequence with this win rate would already produce a streak of about 6.6; only a materially longer run is evidence of a defect.,304.49900000000616,3044.9900000000616,112,0.7933356069562935,1.0555611037189387,1.719899432647967,NOT distinguishable from zero (|SR| < 2*SE); do not rank configurations by this.,0.40336134453781514,0.2184873949579832,0.0,49,70,38.775510204081634,50.0,-1384.0300000000525,-1567.4600000000146,-1.3275191409897296,1.229061624649858,56,47.05882352941177,1355.4000000000178,129.6,0.918,False,33,52,63,35,21,0,0,0,0,3281,2026-04-20 09:30:00+00:00,2026-08-28 00:00:00+00:00,-3.5586739958708216,-3.885877886241283,-4.430162569626068,0.6692409443451037,3,0.915796661668399,-4.555118830586387
XAUUSDm,M30,central,test,90,140,50,level,False,0.5,1000.0,-1415.1900000000637,-2415.1900000000637,116,116,0,52,64,0,44.827586206896555,3423.640000000007,5838.830000000071,0.5863571982743059,65.83923076923091,91.23171875000111,-20.82060344827641,-20.82060344827641,0.7216703978760688,95.0000000000091,-95.39999999999964,-241.51900000000637,4432.400000000016,-6048.180000000102,-1615.7800000000861,32,84,138.5125000000005,-72.00214285714408,-13.929137931035225,140.0000000000091,-95.39999999999964,-0.23134003831418237,0.0853375073192159,-26.835444444445155,3,7,6.6,An iid sequence with this win rate would already produce a streak of about 6.6; only a materially longer run is evidence of a defect.,250.50901981180286,2600.960000000057,112,1.7819456539145524,6.9938979979934235,2.4129331948259742,NOT distinguishable from zero (|SR| < 2*SE); do not rank configurations by this.,0.5344827586206896,0.2931034482758621,0.0,48,68,37.5,50.0,-1250.3300000000513,-1164.8600000000124,-1.3500287356321832,1.2649683908045952,54,46.55172413793103,1306.6000000000145,129.6,0.895,False,29,50,62,32,22,0,0,0,0,3281,2026-04-20 09:30:00+00:00,2026-08-28 00:00:00+00:00,-2.7108834741191266,-3.4159259242471944,-3.6516362844896753,0.6072027624155889,4,0.7936013643845494,-4.023128686662783
XAUUSDm,M30,central,test,90,180,50,level,False,0.5,1000.0,-896.4400000000569,-1896.440000000057,111,111,0,51,60,0,45.945945945945944,3569.390000000003,5465.83000000006,0.653037141660089,69.98803921568633,91.09716666666766,-17.085045045045558,-17.085045045045558,0.7682789901883399,115.0000000000091,-95.39999999999964,-189.64400000000572,4817.80000000002,-5721.480000000101,-903.6800000000812,27,84,178.43703703703778,-68.11285714285835,-8.141261261261993,180.0000000000091,-95.39999999999964,-0.1898338338338394,0.09211038953874909,-21.071555555556174,3,6,6.4,An iid sequence with this win rate would already produce a streak of about 6.4; only a materially longer run is evidence of a defect.,209.15540634535085,2255.2600000000575,112,1.426474707829867,4.448165798661306,2.1305360484131906,NOT distinguishable from zero (|SR| < 2*SE); do not rank configurations by this.,0.8018018018018018,0.42792792792792794,0.0,45,66,40.0,50.0,-996.8300000000431,-899.6100000000138,-1.379606606606606,1.3586346346346312,53,47.747747747747745,1282.8000000000134,129.6,0.856,False,29,49,58,27,26,0,0,0,0,3281,2026-04-20 09:30:00+00:00,2026-08-28 00:00:00+00:00,-2.0609383456573043,-2.7108834741191266,-3.0707815731918453,0.4535609421406111,4,0.7602460103258347,-3.164444416259738
XAUUSDm,M30,central,test,90,220,50,level,False,0.5,1000.0,-825.3400000000511,-1825.340000000051,110,110,0,50,60,0,45.45454545454545,3640.490000000009,5465.83000000006,0.6660452300931367,72.80980000000018,91.09716666666766,-16.594000000000463,-16.594000000000463,0.799254276111764,135.0000000000091,-95.39999999999964,-182.53400000000514,5023.000000000025,-5734.480000000103,-711.4800000000787,23,87,218.39130434782714,-65.91356321839199,-6.468000000000715,220.0000000000091,-95.39999999999964,-0.18437777777778255,0.09650412749528853,-20.281555555556082,3,6,6.5,An iid sequence with this win rate would already produce a streak of about 6.5; only a materially longer run is evidence of a defect.,203.16739249018744,2271.9600000000605,112,2.0230441605297127,20.64805574998229,2.618071071396848,NOT distinguishable from zero (|SR| < 2*SE); do not rank configurations by this.,0.990909090909091,0.5227272727272727,0.0,44,66,38.63636363636363,50.0,-1043.1300000000351,-782.210000000016,-1.3930999999999993,1.4000626262626237,52,47.27272727272727,1257.800000000018,129.6,0.849,False,28,48,58,23,29,0,0,0,0,3281,2026-04-20 09:30:00+00:00,2026-08-28 00:00:00+00:00,-1.9105688281237934,-2.348627934885346,-2.6890908880669553,0.3431326823212381,3,0.8134829700972037,-2.691760617206584
XAUUSDm,M30,central,test,110,100,50,level,False,0.5,1000.0,-2854.485000000052,-3854.485000000052,114,114,0,52,62,0,45.6140350877193,2890.4000000000224,6744.885000000075,0.4285321395398128,55.584615384615816,108.78846774193669,-33.81127192982502,-33.81127192982502,0.5109421663743923,75.0000000000091,-115.83000000000538,-385.4485000000052,3349.800000000014,-6991.140000000091,-3641.3400000000775,34,80,98.52352941176511,-87.38925000000114,-31.941578947369102,100.0000000000091,-115.83000000000538,-0.307375199362046,0.07295733044357001,-35.04077272727324,4,11,6.5,An iid sequence with this win rate would already produce a streak of about 6.5; only a materially longer run is evidence of a defect.,396.7845000000045,3967.8450000000453,112,-0.7309363504686077,-0.7658646726041886,1.6885056831384708,NOT distinguishable from zero (|SR| < 2*SE); do not rank configurations by this.,0.45614035087719296,0.2456140350877193,0.0,46,68,39.130434782608695,50.0,-1793.830000000039,-2060.655000000013,-1.1388556618819765,1.0019904306220093,55,48.24561403508772,1330.7000000000244,129.6,0.88,False,30,51,59,34,21,0,0,0,0,3281,2026-04-20 09:30:00+00:00,2026-08-28 00:00:00+00:00,-4.213081776611744,-3.487299960059008,-4.213081776611744,0.34154432850338234,3,1.2081214191108627,-3.82884428856239
XAUUSDm,M30,central,test,110,140,50,level,False,0.5,1000.0,-2318.1850000000463,-3318.1850000000463,111,111,0,50,61,0,45.04504504504504,3311.5000000000236,6629.68500000007,0.4994958282331647,66.23000000000047,108.68336065573887,-29.893558558558976,-29.893558558558976,0.6093849104444609,95.0000000000091,-115.83000000000538,-331.81850000000463,4292.40000000003,-6878.7400000000935,-2586.340000000064,31,80,138.46451612903323,-85.98425000000117,-23.300360360360933,140.0000000000091,-115.83000000000538,-0.27175962325962716,0.07955665002294154,-30.165318181818616,3,11,6.5,An iid sequence with this win rate would already produce a streak of about 6.5; only a materially longer run is evidence of a defect.,345.27850000000376,3452.7850000000376,112,-0.2125159413545956,-0.23536170370089549,1.5168415881350494,NOT distinguishable from zero (|SR| < 2*SE); do not rank configurations by this.,0.6036036036036037,0.3288288288288288,0.0,45,66,37.77777777777778,50.0,-1680.1300000000379,-1638.0550000000085,-1.1535208845208818,1.0440360360360357,53,47.747747747747745,1281.900000000021,129.6,0.856,False,28,49,58,31,22,0,0,0,0,3281,2026-04-20 09:30:00+00:00,2026-08-28 00:00:00+00:00,-3.4159259242471944,-2.84656830348514,-4.213081776611744,0.5920919466393655,4,1.2000154431794146,-3.4386602501245056
XAUUSDm,M30,central,test,110,180,50,level,False,0.5,1000.0,-1873.3350000000473,-2873.3350000000473,108,108,0,49,59,0,45.370370370370374,3528.550000000016,6401.885000000064,0.5511735996507249,72.01122448979625,108.5065254237299,-26.60495370370414,-26.60495370370414,0.6636580077427096,115.0000000000091,-115.83000000000538,-287.33350000000473,4817.800000000025,-6694.640000000095,-1876.8400000000702,27,81,178.43703703703795,-82.64987654321105,-17.3781481481488,180.0000000000091,-115.83000000000538,-0.24186321548821946,0.08496659475625404,-26.1212272727277,3,10,6.4,An iid sequence with this win rate would already produce a streak of about 6.4; only a materially longer run is evidence of a defect.,301.22752270604025,3127.555000000066,112,-0.041887845406926597,-0.048052604137212,1.5006578276015954,NOT distinguishable from zero (|SR| < 2*SE); do not rank configurations by this.,0.8240740740740741,0.43981481481481477,0.0,44,64,38.63636363636363,50.0,-1520.5300000000375,-1352.8050000000098,-1.183451178451176,1.10423148148148,52,48.148148148148145,1258.10000000002,129.6,0.833,False,28,48,56,27,25,0,0,0,0,3281,2026-04-20 09:30:00+00:00,2026-08-28 00:00:00+00:00,-2.84656830348514,-2.6890908880669553,-3.4159259242471944,0.5181701042539096,4,1.0585615815802296,-3.207260992320865
XAUUSDm,M30,central,test,110,220,50,level,False,0.5,1000.0,-1802.2350000000415,-2802.2350000000415,107,107,0,48,59,0,44.85981308411215,3599.650000000022,6401.885000000064,0.5622797035560598,74.9927083333338,108.5065254237299,-26.1891121495331,-26.1891121495331,0.6911354689543235,135.0000000000091,-115.83000000000538,-280.22350000000415,5023.000000000029,-6707.640000000097,-1684.6400000000676,23,84,218.39130434782734,-79.8528571428583,-15.744299065421194,220.0000000000091,-115.83000000000538,-0.238082837723028,0.0885365529218587,-25.474863636363995,3,10,6.5,An iid sequence with this win rate would already produce a streak of about 6.5; only a materially longer run is evidence of a defect.,293.54011518450795,3165.1550000000543,112,-0.13797587679145407,-0.1576890508433871,1.5071220953852469,NOT distinguishable from zero (|SR| < 2*SE); do not rank configurations by this.,1.0093457943925233,0.5327102803738317,0.0,43,64,37.2093023255814,50.0,-1566.8300000000295,-1235.405000000012,-1.1953118096856392,1.1357451146983848,51,47.66355140186916,1233.1000000000245,129.6,0.826,False,27,47,56,23,28,0,0,0,0,3281,2026-04-20 09:30:00+00:00,2026-08-28 00:00:00+00:00,-2.6890908880669553,-2.299829858095374,-2.84656830348514,0.44533793016613343,3,1.1692564467764373,-2.7451677882615075
XAUUSDm,M30,central,test,130,100,50,level,False,0.5,1000.0,-2275.8050000000344,-3275.8050000000344,106,106,0,55,51,0,51.886792452830186,3047.535000000021,6323.340000000055,0.481950203531677,55.40972727272765,123.98705882353049,-30.903820754717305,-30.903820754717305,0.4468992796384641,75.0000000000091,-135.39999999999964,-327.58050000000344,3544.800000000014,-6658.210000000072,-3113.410000000058,36,70,98.46666666666705,-95.11728571428674,-29.371792452830736,100.0000000000091,-135.39999999999964,-0.2377216981132102,0.07086400381300789,-25.19850000000028,7,5,5.5,An iid sequence with this win rate would already produce a streak of about 5.5; only a materially longer run is evidence of a defect.,350.96550000000275,3509.6550000000275,112,1.0097772169185106,2.6460234589322904,1.8431240547732144,NOT distinguishable from zero (|SR| < 2*SE); do not rank configurations by this.,0.6132075471698113,0.32547169811320753,0.0,45,61,42.22222222222222,59.01639344262295,-2024.9300000000358,-1250.8749999999986,-1.0280014513788074,0.9067518142235139,59,55.660377358490564,1426.9000000000233,129.6,0.818,False,26,53,47,36,23,0,0,0,0,3281,2026-04-20 09:30:00+00:00,2026-08-28 00:00:00+00:00,-3.3546184991254147,-3.2836374102609636,-4.213081776611744,0.5654437269348005,3,1.0216166037829402,-3.849081137195764
XAUUSDm,M30,central,test,130,140,50,level,False,0.5,1000.0,-1743.3050000000298,-2743.30500000003,104,104,0,53,51,0,50.96153846153846,3580.0350000000253,6323.340000000055,0.5661620282951723,67.54783018867973,123.98705882353049,-26.37793269230798,-26.37793269230798,0.544797423453845,95.0000000000091,-135.39999999999964,-274.330500000003,4705.000000000032,-6655.810000000074,-1950.8100000000422,34,70,138.3823529411774,-95.08300000000106,-18.75778846153887,140.0000000000091,-135.39999999999964,-0.20290717455621538,0.07708479203771824,-21.102346153846398,6,5,5.6,An iid sequence with this win rate would already produce a streak of about 5.6; only a materially longer run is evidence of a defect.,321.72550000000274,3217.2550000000274,112,-0.5812454582327956,-0.6307577705235766,1.6217512349481298,NOT distinguishable from zero (|SR| < 2*SE); do not rank configurations by this.,0.7980769230769231,0.4278846153846154,0.0,44,60,40.909090909090914,58.333333333333336,-1911.2300000000346,-832.0749999999953,-1.0421331360946715,0.9404178994082846,57,54.80769230769231,1378.10000000002,129.6,0.802,False,22,51,47,34,23,0,0,0,0,3281,2026-04-20 09:30:00+00:00,2026-08-28 00:00:00+00:00,-2.632259479365673,-2.632259479365673,-3.4159259242471944,0.5255068039840933,4,1.0,-3.1577662833497664
XAUUSDm,M30,central,test,130,180,50,level,False,0.5,1000.0,-1198.4550000000309,-2198.455000000031,101,101,0,52,49,0,51.48514851485149,3857.0850000000178,6055.540000000048,0.636951452719326,74.17471153846188,123.58244897959283,-21.766881188119118,-21.766881188119118,0.6002042535239802,115.0000000000091,-135.39999999999964,-219.84550000000309,5350.400000000027,-6431.7100000000755,-1081.3100000000486,30,71,178.34666666666757,-90.58746478873346,-10.706039603960877,180.0000000000091,-135.39999999999964,-0.1674375476009164,0.08223216180860957,-16.911192307692556,5,5,5.5,An iid sequence with this win rate would already produce a streak of about 5.5; only a materially longer run is evidence of a defect.,295.0255000000029,2950.255000000029,112,-0.6456798931501679,-0.6983446931660546,1.6489437043060973,NOT distinguishable from zero (|SR| < 2*SE); do not rank configurations by this.,1.0792079207920793,0.5693069306930693,0.0,43,58,41.86046511627907,58.620689655172406,-1731.6300000000342,-466.82499999999663,-1.0711766945925332,1.003545316070068,56,55.445544554455445,1354.3000000000188,129.6,0.779,False,22,50,45,30,26,0,0,0,0,3281,2026-04-20 09:30:00+00:00,2026-08-28 00:00:00+00:00,-2.0361564613930163,-2.0361564613930163,-2.84656830348514,0.4013418783055519,4,1.0,-2.437498339698568
XAUUSDm,M30,central,test,130,220,50,level,False,0.5,1000.0,-1048.7950000000228,-2048.795000000023,99,99,0,51,48,0,51.515151515151516,3871.5450000000214,5920.340000000044,0.6539396386018358,75.91264705882395,123.34041666666758,-20.69489898989922,-20.69489898989922,0.615472601037022,135.0000000000091,-135.39999999999964,-204.87950000000228,5458.2000000000335,-6325.390000000079,-867.190000000046,25,74,218.32800000000134,-85.47824324324432,-8.759494949495414,220.0000000000091,-135.39999999999964,-0.15919153069153247,0.08562329465340666,-15.759961538461715,5,5,5.4,An iid sequence with this win rate would already produce a streak of about 5.4; only a materially longer run is evidence of a defect.,283.89195488649216,2947.5650000000405,112,-0.9017868889305485,-0.9527584465102601,1.779008724592973,NOT distinguishable from zero (|SR| < 2*SE); do not rank configurations by this.,1.2828282828282829,0.6717171717171717,0.0,42,57,40.476190476190474,59.64912280701754,-1777.9300000000262,-270.8649999999966,-1.085751359751357,1.0369797979797983,55,55.55555555555556,1329.3000000000234,129.6,0.764,False,22,49,44,25,30,0,0,0,0,3281,2026-04-20 09:30:00+00:00,2026-08-28 00:00:00+00:00,-1.8592081902001276,-1.9476823257965719,-2.6890908880669553,0.36509906622878835,3,0.9545746580822622,-2.3127813920253604
XAUUSDm,M30,central,test,150,100,50,level,False,0.5,1000.0,-2373.985000000032,-3373.985000000032,102,102,0,56,46,0,54.90196078431372,3120.9550000000218,6494.940000000053,0.4805209901862059,55.731339285714675,141.19434782608812,-33.0782843137258,-33.0782843137258,0.3947136705100977,75.0000000000091,-155.39999999999964,-337.3985000000032,3644.800000000014,-6835.570000000071,-3190.770000000057,37,65,98.50810810810849,-105.16261538461647,-31.28205882352997,100.0000000000091,-155.39999999999964,-0.2205218954248388,0.06864160786703134,-22.493233333333556,7,4,5.1,An iid sequence with this win rate would already produce a streak of about 5.1; only a materially longer run is evidence of a defect.,344.51082066810176,3561.1050000000364,112,0.7209092571798834,1.0248758672755136,1.6836489915429547,NOT distinguishable from zero (|SR| < 2*SE); do not rank configurations by this.,0.6764705882352942,0.838235294117647,0.0,44,58,47.72727272727273,60.3448275862069,-1952.6100000000406,-1421.3749999999914,-0.9391202614379064,0.8119823529411772,60,58.8235294117647,1453.2000000000244,129.6,0.787,False,25,54,42,37,23,0,0,0,0,3281,2026-04-20 09:30:00+00:00,2026-08-28 00:00:00+00:00,-3.212656321396512,-3.212656321396512,-3.3546184991254147,0.3681435854542713,2,1.0,-3.580799906850783
XAUUSDm,M30,central,test,150,140,50,level,False,0.5,1000.0,-1766.0300000000257,-2766.0300000000257,99,99,0,53,46,0,53.535353535353536,3578.4550000000263,6344.4850000000515,0.5640260793429249,67.51801886792502,137.92358695652285,-27.93969696969723,-27.93969696969723,0.48953206886367073,95.0000000000091,-155.39999999999964,-276.60300000000257,4705.000000000032,-6734.8600000000715,-2029.8600000000397,34,65,138.3823529411774,-103.61323076923188,-20.503636363636765,140.0000000000091,-155.39999999999964,-0.1862646464646483,0.07413739804644487,-18.440200000000182,6,4,5.2,An iid sequence with this win rate would already produce a streak of about 5.2; only a materially longer run is evidence of a defect.,299.3145007311356,3213.6500000000433,112,1.4991826809674036,398.44564085260885,2.185976280698555,NOT distinguishable from zero (|SR| < 2*SE); do not rank configurations by this.,0.8888888888888888,0.9696969696969697,0.0,42,57,45.23809523809524,59.64912280701754,-1763.4550000000377,-1002.574999999988,-0.9567656565656545,0.8453622895622891,58,58.58585858585859,1404.400000000021,129.6,0.764,False,20,52,41,34,24,0,0,0,0,3281,2026-04-20 09:30:00+00:00,2026-08-28 00:00:00+00:00,-2.5124249214675576,-2.572342200416615,-3.212656321396512,0.45710570650193694,3,0.9767071119311601,-3.029447906918552
XAUUSDm,M30,central,test,150,180,50,level,False,0.5,1000.0,-1181.1800000000267,-2181.1800000000267,96,96,0,52,44,0,54.166666666666664,3855.5050000000188,6036.685000000045,0.6386791757396634,74.14432692307729,137.19738636363738,-22.72062500000028,-22.72062500000028,0.5404208410104845,115.0000000000091,-155.39999999999964,-218.11800000000267,5350.400000000027,-6470.760000000073,-1120.360000000046,30,66,178.34666666666757,-98.04181818181928,-11.670416666667146,180.0000000000091,-155.39999999999964,-0.15147083333333525,0.07867223627518542,-14.541200000000185,5,4,5.1,An iid sequence with this win rate would already produce a streak of about 5.1; only a materially longer run is evidence of a defect.,266.3850153097409,2966.650000000045,112,-0.7100699849322422,-0.7852653298770342,1.678458908177196,NOT distinguishable from zero (|SR| < 2*SE); do not rank configurations by this.,1.1875,1.1354166666666667,0.0,41,55,46.34146341463415,60.0,-1563.8550000000373,-617.3249999999894,-0.9849222222222203,0.9038701388888875,57,59.375,1380.60000000002,129.6,0.741,False,20,51,39,30,27,0,0,0,0,3281,2026-04-20 09:30:00+00:00,2026-08-28 00:00:00+00:00,-1.9253403806078377,-1.9807484210004271,-2.5124249214675576,0.283673711727408,3,0.9720267148492264,-2.264422132727835
XAUUSDm,M30,central,test,150,220,50,level,False,0.5,1000.0,-1011.5200000000186,-2011.5200000000186,94,94,0,51,43,0,54.255319148936174,3869.9650000000224,5881.485000000041,0.6579911365922034,75.8816666666671,136.7787209302335,-21.399148936170413,-21.399148936170413,0.5547768406561715,135.0000000000091,-155.39999999999964,-201.15200000000186,5458.2000000000335,-6344.440000000077,-886.2400000000434,25,69,218.32800000000134,-91.94840579710257,-9.42808510638344,220.0000000000091,-155.39999999999964,-0.1426609929078028,0.0817071638473078,-13.410133333333462,5,4,5.0,An iid sequence with this win rate would already produce a streak of about 5.0; only a materially longer run is evidence of a defect.,255.33211403607484,2945.690000000036,112,-0.632774667674575,-0.7116294186644487,1.643305891353464,NOT distinguishable from zero (|SR| < 2*SE); do not rank configurations by this.,1.4042553191489362,1.2553191489361701,0.0,40,54,45.0,61.111111111111114,-1610.1550000000293,-401.3649999999893,-0.9994290780141826,0.9351141843971624,56,59.57446808510638,1355.6000000000245,129.6,0.725,False,20,50,38,25,31,0,0,0,0,3281,2026-04-20 09:30:00+00:00,2026-08-28 00:00:00+00:00,-1.7460034859905784,-1.8592081902001276,-1.9253403806078377,0.07404990316915804,2,0.9391113352413946,-1.9332580933692856
XAUUSDm,H1,central,train,70,100,50,level,False,0.5,1000.0,-6717.005000000036,-7717.005000000036,236,236,0,66,170,0,27.966101694915253,4618.1200000000945,12335.125000000131,0.3743877747489422,69.97151515151658,72.55955882353018,-32.69917372881371,-32.69917372881371,0.9643321470806087,75.0000000000091,-76.32000000000517,-771.7005000000036,6045.560000000096,-12494.410000000138,-6448.850000000043,61,175,99.10754098360813,-71.39662857142936,-27.32563559322052,100.0000000000091,-76.32000000000517,-0.46713105326876725,0.0603294932815267,-110.24292857142908,4,13,12.8,An iid sequence with this win rate would already produce a streak of about 12.8; only a materially longer run is evidence of a defect.,714.2384859922712,8155.675000000054,255,-0.8424526122207641,-0.8582766782636879,1.1571186779399065,NOT distinguishable from zero (|SR| < 2*SE); do not rank configurations by this.,0.046610169491525424,0.05084745762711865,0.0,136,100,25.0,32.0,-5026.8400000000565,-2690.164999999979,-3.9831967312348557,3.3654794188862147,68,28.8135593220339,1668.9800000000514,299.7,0.788,False,132,67,168,61,7,0,0,0,0,3829,2025-07-24 10:00:00+00:00,2026-05-20 02:00:00+00:00,-7.742996465906103,-7.368854153621513,-7.742996465906103,0.4573844133734047,2,1.0507734723044713,-7.826238566994918
XAUUSDm,H1,central,train,70,140,50,level,False,0.5,1000.0,-6164.0750000000435,-7164.0750000000435,233,233,0,62,171,0,26.609442060085836,5179.320000000084,12343.395000000128,0.4196025485695006,83.53741935484007,72.18359649122881,-30.747103004292033,-30.747103004292033,1.1572909000868485,95.0000000000091,-76.32000000000517,-716.4075000000043,7378.360000000084,-12576.15000000014,-5197.7900000000545,53,180,139.2143396226431,-69.86750000000077,-22.308111587983067,140.0000000000091,-76.32000000000517,-0.43924432863274326,0.06613763017437599,-102.34392857142917,4,13,13.3,An iid sequence with this win rate would already produce a streak of about 13.3; only a materially longer run is evidence of a defect.,619.9327189013106,7822.745000000061,255,0.9752810269639345,2.1490607398759103,1.2075705772838716,NOT distinguishable from zero (|SR| < 2*SE); do not rank configurations by this.,0.1072961373390558,0.11158798283261802,0.0,136,97,25.0,28.865979381443296,-4406.8400000000565,-2757.234999999987,-4.042212139791528,3.4021508277130756,65,27.896995708154506,1596.3800000000492,299.7,0.778,False,133,64,168,53,12,0,0,0,0,3829,2025-07-24 10:00:00+00:00,2026-05-20 02:00:00+00:00,-6.641367818511915,-6.6785293754396715,-7.742996465906103,0.8093811449674264,3,0.9944356676689304,-7.487910520407098
XAUUSDm,H1,central,train,70,180,50,level,False,0.5,1000.0,-5396.675000000046,-6396.675000000046,232,232,0,62,170,0,26.724137931034484,5874.12000000008,12270.795000000126,0.47870736981589374,94.74387096774322,72.18114705882427,-27.571875000000198,-27.571875000000198,1.312584723688741,115.0000000000091,-76.32000000000517,-639.6675000000046,8779.960000000083,-12515.550000000145,-3735.590000000061,49,183,179.18285714285884,-68.39098360655817,-16.101681034483022,180.0000000000091,-76.32000000000517,-0.3938839285714314,0.07217158583579268,-91.38107142857208,4,13,13.3,An iid sequence with this win rate would already produce a streak of about 13.3; only a materially longer run is evidence of a defect.,551.1371291221417,7199.835000000057,255,1.1993781318543535,3.9657502624142222,1.3034674658416858,NOT distinguishable from zero (|SR| < 2*SE); do not rank configurations by this.,0.15948275862068967,0.16379310344827588,0.0,135,97,25.185185185185183,28.865979381443296,-3988.1400000000576,-2408.534999999988,-4.079450123152698,3.4347764778325285,65,28.017241379310345,1596.3800000000492,299.7,0.774,False,132,64,167,49,16,0,0,0,0,3829,2025-07-24 10:00:00+00:00,2026-05-20 02:00:00+00:00,-5.457603903392256,-5.615147467099135,-6.641367818511915,0.620400581070233,3,0.9719431119788082,-6.235548048169368
XAUUSDm,H1,central,train,70,220,50,level,False,0.5,1000.0,-5052.085000000052,-6052.085000000052,227,227,0,60,167,0,26.431718061674008,5996.1100000000715,12048.195000000123,0.4976770379297488,99.93516666666785,72.1448802395217,-26.661167400881286,-26.661167400881286,1.3852010889044675,216.10000000000127,-76.32000000000517,-605.2085000000052,9161.660000000069,-12330.67000000014,-3169.010000000071,41,186,223.4551219512212,-66.29392473118355,-13.960396475771239,382.20000000000255,-76.32000000000517,-0.3808738200125897,0.07722047933970656,-86.45835714285786,3,13,13.3,An iid sequence with this win rate would already produce a streak of about 13.3; only a materially longer run is evidence of a defect.,562.0911594649225,6571.745000000046,255,-0.8424175264734594,-0.9624095086309706,1.1571060561194482,NOT distinguishable from zero (|SR| < 2*SE); do not rank configurations by this.,0.23348017621145375,0.4581497797356828,0.0,133,94,24.06015037593985,29.78723404255319,-3723.1900000000633,-2328.8949999999886,-4.165879798615471,3.5305053492762912,63,27.75330396475771,1546.380000000047,299.7,0.758,False,130,62,164,41,22,0,0,0,0,3829,2025-07-24 10:00:00+00:00,2026-05-20 02:00:00+00:00,-4.93229028451194,-5.323595927614982,-5.457603903392256,0.22286833234927972,2,0.9264959909760938,-5.546464259964262
XAUUSDm,H1,central,train,90,100,50,level,False,0.5,1000.0,-7719.805000000006,-8719.805000000006,233,233,0,79,154,0,33.90557939914163,5471.1600000001135,14190.96500000012,0.38553826325412455,69.25518987341916,92.14912337662416,-37.42405579399144,-37.42405579399144,0.7515556017865211,75.0000000000091,-96.23999999999796,-871.9805000000006,7129.400000000114,-14358.650000000129,-7229.2500000000155,72,161,99.01944444444604,-89.18416149068403,-31.02682403433483,100.0000000000091,-96.23999999999796,-0.4158228421554605,0.05642978317749705,-96.8867222222223,4,13,10.6,An iid sequence with this win rate would already produce a streak of about 10.6; only a materially longer run is evidence of a defect.,761.1660479383445,9206.075000000026,255,0.14753434546811964,0.16441904414538028,0.9994950965944738,NOT distinguishable from zero (|SR| < 2*SE); do not rank configurations by this.,0.07296137339055794,0.0815450643776824,0.0,135,98,28.888888888888886,40.816326530612244,-6136.240000000043,-2583.5649999999623,-3.131314258464464,2.6511344778254777,81,34.76394849785408,1984.300000000062,299.7,0.778,False,119,80,152,72,9,0,0,0,0,3829,2025-07-24 10:00:00+00:00,2026-05-20 02:00:00+00:00,-7.368854153621513,-7.555925309763808,-7.886780925414964,0.45293040347225066,3,0.9752417938937855,-8.00885571323606
XAUUSDm,H1,central,train,90,140,50,level,False,0.5,1000.0,-7339.340000000018,-8339.340000000018,226,226,0,71,155,0,31.41592920353982,5780.655000000091,14119.995000000108,0.4093949749982239,81.4176760563393,91.09674193548457,-36.89973451327442,-36.89973451327442,0.8937495933059817,99.64000000000169,-96.63500000000113,-833.9340000000019,8215.880000000092,-14628.60000000013,-6412.720000000036,59,167,139.25220338983206,-87.59640718562952,-28.374867256637327,149.28000000000338,-243.27000000000226,-0.40999705014749344,0.0610506132989894,-92.65933333333352,5,16,11.3,An iid sequence with this win rate would already produce a streak of about 11.3; only a materially longer run is evidence of a defect.,670.6866502721281,9081.83500000004,255,-0.965515357412103,-0.966848370088502,1.2036866703235576,NOT distinguishable from zero (|SR| < 2*SE); do not rank configurations by this.,0.15486725663716813,0.38495575221238937,0.0,133,93,27.06766917293233,37.634408602150536,-5712.760000000042,-2626.5799999999763,-3.2359331366764907,2.6983362831858533,76,33.6283185840708,1862.5000000000591,299.7,0.754,False,120,75,150,59,17,0,0,0,0,3829,2025-07-24 10:00:00+00:00,2026-05-20 02:00:00+00:00,-6.715690932367428,-6.715690932367428,-7.567250255788475,0.6323031795393906,4,1.0,-7.347994111906819
XAUUSDm,H1,central,train,90,180,50,level,False,0.5,1000.0,-6639.240000000027,-7639.240000000027,224,224,0,70,154,0,31.25,6388.155000000079,14027.395000000106,0.4554056544354836,91.25935714285826,91.0869805194812,-34.10375000000012,-34.10375000000012,1.001892439758064,115.0000000000091,-96.63500000000113,-763.9240000000027,9493.440000000082,-14552.200000000135,-5058.760000000052,53,171,179.1215094339638,-85.10058479532243,-22.583750000000233,180.0000000000091,-243.27000000000226,-0.37893055555555694,0.0656419256692227,-84.88044444444475,5,16,11.3,An iid sequence with this win rate would already produce a streak of about 11.3; only a materially longer run is evidence of a defect.,611.5872890993195,8551.030000000053,255,-1.0790285841642113,-1.0807523387949283,1.2504150500986544,NOT distinguishable from zero (|SR| < 2*SE); do not rank configurations by this.,0.20982142857142858,0.44196428571428575,0.0,132,92,27.27272727272727,36.95652173913043,-5238.700000000044,-2400.5399999999827,-3.3018080357142763,2.7258050595238217,75,33.482142857142854,1839.320000000057,299.7,0.747,False,119,74,149,53,22,0,0,0,0,3829,2025-07-24 10:00:00+00:00,2026-05-20 02:00:00+00:00,-5.772691030806015,-5.772691030806015,-6.715690932367428,0.571057622258667,4,1.0,-6.343748653064681
XAUUSDm,H1,central,train,90,220,50,level,False,0.5,1000.0,-6292.385000000031,-7292.385000000031,218,218,0,67,151,0,30.73394495412844,6454.010000000071,13746.395000000102,0.46950564129722905,96.32850746268763,91.03572847682187,-33.451307339449684,-33.451307339449684,1.0581395796400237,216.10000000000127,-96.63500000000113,-729.2385000000031,9815.14000000007,-14312.790000000128,-4497.650000000058,44,174,223.07136363636525,-82.25741379310419,-20.63142201834889,382.20000000000255,-243.27000000000226,-0.371681192660552,0.06981769422666691,-81.02650000000034,4,16,11.5,An iid sequence with this win rate would already produce a streak of about 11.5; only a materially longer run is evidence of a defect.,602.0385912326717,8034.205000000047,255,0.8109480562831863,2.6424605292477192,1.1459429382137052,NOT distinguishable from zero (|SR| < 2*SE); do not rank configurations by this.,0.2981651376146789,0.7660550458715597,0.0,129,89,26.356589147286826,37.07865168539326,-4955.185000000047,-2337.1999999999844,-3.362815494393467,2.81821661569828,72,33.027522935779814,1765.120000000054,299.7,0.727,False,117,71,146,44,28,0,0,0,0,3829,2025-07-24 10:00:00+00:00,2026-05-20 02:00:00+00:00,-5.323595927614982,-5.548143479210498,-6.0916948172149725,0.43996009213950393,3,0.959527443290369,-5.988103571350003
XAUUSDm,H1,central,train,110,100,50,level,False,0.5,1000.0,-9513.999999999989,-10513.999999999989,230,230,0,83,147,0,36.08695652173913,5718.260000000118,16232.260000000111,0.3522775017157241,68.89469879518215,110.42353741496675,-45.71304347826084,-45.71304347826084,0.6239131656892944,75.0000000000091,-116.23999999999796,-1051.3999999999987,7429.400000000119,-16525.240000000125,-9095.840000000007,75,155,99.05866666666824,-106.61445161290403,-39.54713043478264,100.0000000000091,-116.23999999999796,-0.41557312252964385,0.05269236288667146,-95.58181818181808,5,13,9.9,An iid sequence with this win rate would already produce a streak of about 9.9; only a materially longer run is evidence of a defect.,933.6148792765082,10942.899999999998,255,1.0408207727222676,1.482891271414897,1.2343082416005926,NOT distinguishable from zero (|SR| < 2*SE); do not rank configurations by this.,0.1,0.10869565217391304,0.0,135,95,31.11111111111111,43.15789473684211,-7493.440000000037,-3020.559999999957,-2.596651778656119,2.189629249011869,87,37.82608695652174,2131.9000000000665,299.7,0.768,False,114,84,143,75,12,0,0,0,0,3829,2025-07-24 10:00:00+00:00,2026-05-20 02:00:00+00:00,-7.886780925414964,-7.494178359389193,-7.886780925414964,0.2016571998606369,3,1.0523876730974642,-7.695835559249829
XAUUSDm,H1,central,train,110,140,50,level,False,0.5,1000.0,-9353.04500000001,-10353.04500000001,221,221,0,72,149,0,32.57918552036199,5793.80000000009,16146.845000000101,0.358819323527293,80.4694444444457,108.36808724832282,-46.846357466063395,-46.846357466063395,0.7425566556328703,99.64000000000169,-116.23999999999796,-1035.3045000000009,8220.680000000093,-16882.210000000126,-8661.530000000035,59,162,139.33355932203548,-104.21117283950696,-39.19244343891419,149.28000000000338,-243.27000000000226,-0.4258759769642127,0.056278828183122936,-94.11859090909101,5,16,10.8,An iid sequence with this win rate would already produce a streak of about 10.8; only a materially longer run is evidence of a defect.,852.3977214680345,11013.490000000033,255,1.1134725094572757,2.074822665149925,1.2652480957890642,NOT distinguishable from zero (|SR| < 2*SE); do not rank configurations by this.,0.19004524886877827,0.4253393665158371,0.0,133,88,29.32330827067669,37.5,-6989.9600000000355,-3363.084999999976,-2.7042188399835387,2.239623611682446,80,36.199095022624434,1961.7000000000621,299.7,0.737,False,116,77,141,59,21,0,0,0,0,3829,2025-07-24 10:00:00+00:00,2026-05-20 02:00:00+00:00,-7.567250255788475,-6.915232109921703,-7.886780925414964,0.5098610726304375,4,1.094287239459581,-7.425093182552141
XAUUSDm,H1,central,train,110,180,50,level,False,0.5,1000.0,-8541.645000000015,-9541.645000000015,219,219,0,71,148,0,32.42009132420091,6492.6000000000795,16034.245000000097,0.40492084285852187,91.44507042253633,108.3394932432439,-43.56915525114164,-43.56915525114164,0.8440603484938203,115.0000000000091,-116.23999999999796,-954.1645000000016,9676.640000000083,-16781.61000000013,-7104.9700000000485,54,165,179.19703703703857,-101.70672727272807,-32.44278538812807,180.0000000000091,-243.27000000000226,-0.396083229555833,0.06032347592186579,-86.74222727272743,5,16,10.9,An iid sequence with this win rate would already produce a streak of about 10.9; only a materially longer run is evidence of a defect.,740.1806141734465,10417.450000000037,255,1.2463923737145897,3.4937215683978264,1.3250826649847542,NOT distinguishable from zero (|SR| < 2*SE); do not rank configurations by this.,0.2420091324200913,0.4794520547945206,0.0,132,87,29.545454545454547,36.7816091954023,-6435.900000000038,-3105.7449999999812,-2.759864259028635,2.2629024491490353,79,36.073059360730596,1938.52000000006,299.7,0.731,False,115,76,140,54,25,0,0,0,0,3829,2025-07-24 10:00:00+00:00,2026-05-20 02:00:00+00:00,-6.565988174634719,-6.0916948172149725,-7.567250255788475,0.6457385068534336,4,1.0778590148802933,-6.737433324068406
XAUUSDm,H1,central,train,110,220,50,level,False,0.5,1000.0,-8114.790000000023,-9114.790000000023,213,213,0,68,145,0,31.92488262910798,6578.455000000072,15693.245000000094,0.4191902312109467,96.7419852941187,108.22927586206961,-42.7924413145541,-42.7924413145541,0.8938615224351069,216.10000000000127,-116.23999999999796,-911.4790000000023,10038.340000000071,-16482.200000000124,-6443.860000000054,45,168,223.0742222222238,-98.10833333333407,-30.252863849765514,382.20000000000255,-243.27000000000226,-0.3890221937686736,0.06386107732601884,-82.86172727272748,5,16,11.0,An iid sequence with this win rate would already produce a streak of about 11.0; only a materially longer run is evidence of a defect.,743.7512362114862,9776.61000000004,255,1.3085118443653625,13.36295635977256,1.3543504471645813,NOT distinguishable from zero (|SR| < 2*SE); do not rank configurations by this.,0.3286384976525822,0.8075117370892019,0.0,129,84,28.68217054263566,36.904761904761905,-6072.38500000004,-3042.404999999983,-2.8125958173282046,2.3398779342723115,76,35.68075117370892,1864.320000000057,299.7,0.711,False,113,73,137,45,31,0,0,0,0,3829,2025-07-24 10:00:00+00:00,2026-05-20 02:00:00+00:00,-6.0916948172149725,-5.771841190809194,-6.565988174634719,0.5015710150270735,3,1.0554162208958724,-6.273412205836268
XAUUSDm,H1,central,train,130,100,50,level,False,0.5,1000.0,-9938.41999999998,-10938.41999999998,225,225,0,91,134,0,40.44444444444444,6068.730000000114,17007.1500000001,0.3568340374489599,66.68934065934191,126.91902985074701,-48.615199999999945,-48.615199999999945,0.5254479232764904,75.0000000000091,-136.23999999999796,-1093.8419999999978,7832.600000000116,-17596.88000000013,-9764.280000000013,79,146,99.14683544303944,-120.52657534246663,-43.39680000000006,100.0000000000091,-136.23999999999796,-0.3739630769230765,0.050391822134351845,-84.14169230769221,5,11,8.7,An iid sequence with this win rate would already produce a streak of about 8.7; only a materially longer run is evidence of a defect.,968.118761197845,11347.319999999989,255,-0.5016568400832745,-0.5210529918190244,1.0547913235411188,NOT distinguishable from zero (|SR| < 2*SE); do not rank configurations by this.,0.13333333333333333,0.13777777777777778,0.0,135,90,36.2962962962963,46.666666666666664,-7964.4500000000335,-2973.969999999954,-2.24227008547008,1.8738810256410352,98,43.55555555555556,2403.7000000000694,299.7,0.751,False,102,94,127,79,19,0,0,0,0,3829,2025-07-24 10:00:00+00:00,2026-05-20 02:00:00+00:00,-7.42110646298991,-7.362700404496225,-7.886780925414964,0.34649799569660894,3,1.0079326952456218,-7.709198400192834
XAUUSDm,H1,central,train,130,140,50,level,False,0.5,1000.0,-9514.864999999998,-10514.864999999998,216,216,0,80,136,0,37.03703703703704,6366.870000000088,16881.735000000088,0.37714547704960744,79.5858750000011,124.13040441176535,-48.679930555555565,-48.679930555555565,0.6411473109843326,99.64000000000169,-136.23999999999796,-1051.4864999999998,9060.680000000093,-17905.450000000128,-8844.770000000035,65,151,139.39507692307836,-118.57913907284853,-40.94800925925942,149.28000000000338,-243.27000000000226,-0.37446100427350437,0.05415017143621867,-80.88357692307694,5,14,9.5,An iid sequence with this win rate would already produce a streak of about 9.5; only a materially longer run is evidence of a defect.,900.5494862263093,11095.310000000021,255,-0.384055781280064,-0.4039651833293715,1.030105371033097,NOT distinguishable from zero (|SR| < 2*SE); do not rank configurations by this.,0.21296296296296297,0.44907407407407407,0.0,133,83,34.58646616541353,40.963855421686745,-7320.970000000032,-3193.8949999999704,-2.3357521367521312,1.9164711538461632,91,42.129629629629626,2233.500000000065,299.7,0.721,False,102,87,125,65,26,0,0,0,0,3829,2025-07-24 10:00:00+00:00,2026-05-20 02:00:00+00:00,-6.915232109921703,-6.915232109921703,-7.567250255788475,0.5698204424881923,4,1.0,-7.485052552409895
XAUUSDm,H1,central,train,130,180,50,level,False,0.5,1000.0,-8563.465000000007,-9563.465000000007,214,214,0,79,135,0,36.91588785046729,7185.670000000077,16749.13500000009,0.4290173791064457,90.9578481012668,124.06766666666734,-44.68908878504678,-44.68908878504678,0.733130964295825,115.0000000000091,-136.23999999999796,-956.3465000000007,10756.640000000085,-17784.850000000133,-7028.210000000049,60,154,179.27733333333475,-115.48603896103982,-32.84210280373855,180.0000000000091,-243.27000000000226,-0.34376222142343676,0.057822993956897654,-73.56511538461547,5,14,9.5,An iid sequence with this win rate would already produce a streak of about 9.5; only a materially longer run is evidence of a defect.,768.822638820851,10359.27000000003,255,1.0850336406051455,2.141177747438051,1.252980052666367,NOT distinguishable from zero (|SR| < 2*SE); do not rank configurations by this.,0.2616822429906542,0.5,0.0,132,82,34.84848484848485,40.243902439024396,-6626.910000000034,-2936.5549999999757,-2.384381380301935,1.9354392523364574,90,42.05607476635514,2210.320000000063,299.7,0.714,False,101,86,124,60,30,0,0,0,0,3829,2025-07-24 10:00:00+00:00,2026-05-20 02:00:00+00:00,-5.945078210230407,-6.006113875960245,-6.915232109921703,0.5108681222856811,4,0.9898377441736268,-6.516981998245926
XAUUSDm,H1,central,train,130,220,50,level,False,0.5,1000.0,-8054.080000000013,-9054.080000000013,209,209,0,77,132,0,36.8421052631579,7413.62500000007,16467.70500000008,0.45019175410295686,96.28084415584506,124.75534090909153,-43.3209569377991,-43.3209569377991,0.771757292747926,216.10000000000127,-136.23999999999796,-905.4080000000013,11358.340000000071,-17486.180000000124,-6127.840000000051,51,158,222.71254901960924,-110.67202531645648,-29.319808612440436,382.20000000000255,-243.27000000000226,-0.3332381302907624,0.061122320319750574,-69.64676923076934,5,14,9.5,An iid sequence with this win rate would already produce a streak of about 9.5; only a materially longer run is evidence of a defect.,745.5129393588232,9650.66500000002,255,1.0812762975967838,2.6057458339738324,1.2513740877332713,NOT distinguishable from zero (|SR| < 2*SE); do not rank configurations by this.,0.3492822966507177,0.8325358851674641,0.0,129,80,34.10852713178294,41.25,-6123.395000000037,-2930.684999999976,-2.422705189547289,1.9963032756717065,87,41.6267942583732,2136.12000000006,299.7,0.697,False,99,83,122,51,36,0,0,0,0,3829,2025-07-24 10:00:00+00:00,2026-05-20 02:00:00+00:00,-5.451987564403416,-5.74601545245398,-6.0916948172149725,0.2667075254274612,3,0.9488292555974608,-6.012722977881441
XAUUSDm,H1,central,train,150,100,50,level,False,0.5,1000.0,-10748.509999999962,-11748.509999999962,220,220,0,94,126,0,42.72727272727273,6288.18000000012,18036.690000000093,0.3486327036723527,66.8955319148949,143.14833333333408,-53.40231818181804,-53.40231818181804,0.46731617726294095,75.0000000000091,-156.23999999999796,-1174.8509999999962,8129.400000000119,-18756.26000000011,-10626.859999999993,82,138,99.13902439024535,-135.91492753623268,-48.30390909090906,100.0000000000091,-156.23999999999796,-0.3560154545454535,0.04874056790171551,-78.32339999999978,5,11,8.2,An iid sequence with this win rate would already produce a streak of about 8.2; only a materially longer run is evidence of a defect.,1035.5268321815477,12137.40999999997,255,1.004731518582391,9.420990923121773,1.2194424368450518,NOT distinguishable from zero (|SR| < 2*SE); do not rank configurations by this.,0.1590909090909091,0.16818181818181818,0.0,134,86,37.3134328358209,51.162790697674424,-9158.640000000029,-2589.8699999999417,-1.9848584848484798,1.6482145454545538,103,46.81818181818182,2526.3000000000716,299.7,0.734,False,95,99,117,82,21,0,0,0,0,3829,2025-07-24 10:00:00+00:00,2026-05-20 02:00:00+00:00,-7.30429434600254,-7.30429434600254,-7.42110646298991,0.24631795937123102,2,1.0,-7.550612305373771
XAUUSDm,H1,central,train,150,140,50,level,False,0.5,1000.0,-10296.25499999998,-11296.25499999998,211,211,0,83,128,0,39.33649289099526,6575.020000000093,17871.27500000008,0.36790995606077703,79.21710843373606,139.61933593750064,-53.5367535545023,-53.5367535545023,0.5673792093467405,99.64000000000169,-156.23999999999796,-1129.6254999999978,9337.480000000096,-19027.430000000113,-9689.950000000017,67,144,139.3653731343298,-132.13493055555634,-45.92393364928918,149.28000000000338,-243.27000000000226,-0.3569116903633487,0.05210338386031717,-75.30836666666657,5,14,8.8,An iid sequence with this win rate would already produce a streak of about 8.8; only a materially longer run is evidence of a defect.,973.2054506303671,11841.379999999992,255,1.0094156519443132,12.265904982238562,1.2213523760564224,NOT distinguishable from zero (|SR| < 2*SE); do not rank configurations by this.,0.24644549763033174,0.49289099526066354,0.0,132,79,35.60606060606061,45.56962025316456,-8546.460000000026,-2749.7949999999582,-2.069568720379142,1.691697630331762,96,45.497630331753555,2356.100000000067,299.7,0.704,False,96,92,115,67,29,0,0,0,0,3829,2025-07-24 10:00:00+00:00,2026-05-20 02:00:00+00:00,-6.8500673837266595,-6.882649746824182,-7.30429434600254,0.47341604441378654,3,0.9952660146460952,-7.3560657912379686
XAUUSDm,H1,central,train,150,180,50,level,False,0.5,1000.0,-9462.729999999992,-10462.729999999992,210,210,0,83,127,0,39.523809523809526,7457.520000000081,17920.250000000076,0.41615044432974146,89.84963855421785,141.10433070866202,-49.82252380952379,-49.82252380952379,0.636760318432255,115.0000000000091,-156.23999999999796,-1046.2729999999992,11113.440000000086,-18887.38000000012,-7773.940000000034,62,148,179.2490322580659,-127.61743243243325,-37.018761904762066,180.0000000000091,-156.23999999999796,-0.3321501587301586,0.05530200818529354,-69.7515333333333,5,14,8.8,An iid sequence with this win rate would already produce a streak of about 8.8; only a materially longer run is evidence of a defect.,868.2896801354553,11178.535000000014,255,-0.508984335557252,-0.5335754598153085,1.056524447874988,NOT distinguishable from zero (|SR| < 2*SE); do not rank configurations by this.,0.2904761904761905,0.30476190476190473,0.0,132,78,36.36363636363637,44.871794871794876,-8010.275000000033,-2452.4549999999635,-2.096514920634915,1.7124117460317545,94,44.76190476190476,2307.920000000065,299.7,0.701,False,94,90,116,62,32,0,0,0,0,3829,2025-07-24 10:00:00+00:00,2026-05-20 02:00:00+00:00,-6.006113875960245,-5.975596043095326,-6.8500673837266595,0.4745016523452821,3,1.0051070776278763,-6.450097695440608
XAUUSDm,H1,central,train,150,220,50,level,False,0.5,1000.0,-9028.594999999998,-10028.594999999998,207,207,0,82,125,0,39.61352657004831,7858.8750000000755,17887.470000000078,0.4393508416785628,95.83993902439117,143.09976000000063,-48.44731884057972,-48.44731884057972,0.6697421367051262,216.10000000000127,-156.23999999999796,-1002.8594999999998,12013.540000000075,-18769.210000000112,-6755.670000000036,54,153,222.47296296296437,-122.67457516339942,-32.636086956521915,382.20000000000255,-156.23999999999796,-0.3229821256038647,0.058226947908493,-66.8573,5,14,8.7,An iid sequence with this win rate would already produce a streak of about 8.7; only a materially longer run is evidence of a defect.,820.585094032967,10602.780000000006,255,-0.7617755578326424,-0.7754076407699743,1.1291469139105796,NOT distinguishable from zero (|SR| < 2*SE); do not rank configurations by this.,0.3719806763285024,0.6280193236714976,0.0,129,78,35.65891472868217,46.15384615384615,-7486.760000000036,-2541.8349999999646,-2.128229307568432,1.756552979066031,91,43.96135265700483,2233.720000000062,299.7,0.691,False,94,87,116,54,37,0,0,0,0,3829,2025-07-24 10:00:00+00:00,2026-05-20 02:00:00+00:00,-5.546952694677552,-5.546952694677552,-6.006113875960245,0.24196035844384756,2,1.0,-5.7889130531214
XAUUSDm,H1,central,test,70,100,50,level,False,0.5,1000.0,-408.40000000008786,-1408.4000000000879,66,66,0,25,41,0,37.878787878787875,1633.9999999999782,3042.400000000066,0.5370759926373727,65.35999999999913,74.20487804878209,-21.339393939395272,-21.339393939395272,0.8808046279252914,75.0000000000091,-75.39999999999964,-140.84000000000879,2074.7999999999865,-3063.4000000000788,-988.6000000000922,21,45,98.79999999999936,-68.0755555555573,-14.978787878789277,100.0000000000091,-75.39999999999964,-0.3048484848485039,0.12181903052822855,-20.12000000000126,4,8,6.8,An iid sequence with this win rate would already produce a streak of about 6.8; only a materially longer run is evidence of a defect.,140.1571206723353,1534.3000000000711,139,1.3467729618781807,12.337722379520079,1.8593308801990995,NOT distinguishable from zero (|SR| < 2*SE); do not rank configurations by this.,0.10606060606060606,0.12121212121212122,0.0,26,40,42.30769230769231,35.0,-264.00000000004184,-1144.400000000046,-1.9412619047619073,1.86188744588743,25,37.878787878787875,607.0999999999913,162.4,0.406,False,25,23,41,21,4,0,0,0,0,1642,2026-03-18 15:00:00+00:00,2026-08-28 00:00:00+00:00,-2.502470127422848,-2.502470127422848,-3.0533622184461127,0.42125277458442967,2,1.0,-2.9237229020072775
XAUUSDm,H1,central,test,70,140,50,level,False,0.5,1000.0,-230.21500000008928,-1230.2150000000893,66,66,0,24,42,0,36.36363636363637,1818.9999999999827,3049.215000000072,0.5965469801243729,75.79166666666595,72.60035714285885,-18.639621212122563,-18.639621212122563,1.0439572152176526,95.0000000000091,-75.39999999999964,-123.02150000000894,2500.1999999999953,-3132.4300000000903,-632.2300000000951,18,48,138.89999999999975,-65.25895833333522,-9.579242424243864,140.0000000000091,-75.39999999999964,-0.266280303030322,0.1316709391690553,-17.574500000001255,4,8,7.0,An iid sequence with this win rate would already produce a streak of about 7.0; only a materially longer run is evidence of a defect.,122.49105065330987,1368.715000000093,139,-2.2755952194499383,-2.299924576596204,2.550878017764844,NOT distinguishable from zero (|SR| < 2*SE); do not rank configurations by this.,0.19696969696969696,0.21212121212121213,0.0,26,40,42.30769230769231,32.5,-115.30000000003838,-1114.915000000051,-1.9910714285714328,1.9057878787878633,25,37.878787878787875,607.0999999999913,162.4,0.406,False,22,24,41,18,7,0,0,0,0,1642,2026-03-18 15:00:00+00:00,2026-08-28 00:00:00+00:00,-2.022316425406814,-2.262393276414831,-2.595780391660887,0.3237121080065652,3,0.8938836790619968,-2.586105384421396
XAUUSDm,H1,central,test,70,180,50,level,False,0.5,1000.0,-165.41500000009364,-1165.4150000000936,65,65,0,23,42,0,35.38461538461539,1883.7999999999784,3049.215000000072,0.6177983513789398,81.90434782608601,72.60035714285885,-17.92946153846298,-17.92946153846298,1.128153511213716,115.0000000000091,-75.39999999999964,-116.54150000000938,2684.999999999991,-3140.0300000000925,-455.0300000001016,15,50,178.9999999999994,-62.80060000000185,-7.000461538463101,180.0000000000091,-75.39999999999964,-0.25613516483518484,0.14073324689671537,-16.648785714287015,4,8,7.2,An iid sequence with this win rate would already produce a streak of about 7.2; only a materially longer run is evidence of a defect.,120.40570740932262,1400.800000000072,139,0.9151401945259645,4.464695181669946,1.6037785386197045,NOT distinguishable from zero (|SR| < 2*SE); do not rank configurations by this.,0.3230769230769231,0.3538461538461538,0.0,26,39,42.30769230769231,30.76923076923077,-6.600000000039472,-1158.8150000000542,-2.0604857142857176,2.0215648351648206,24,36.92307692307692,583.2999999999902,162.4,0.4,False,23,23,41,15,9,0,0,0,0,1642,2026-03-18 15:00:00+00:00,2026-08-28 00:00:00+00:00,-1.8200046576283664,-1.9211605415175903,-2.39588416882953,0.2878225317014088,3,0.9473464701657273,-2.2089830732189992
XAUUSDm,H1,central,test,70,220,50,level,False,0.5,1000.0,-88.01500000009582,-1088.0150000000958,65,65,0,23,42,0,35.38461538461539,1961.1999999999762,3049.215000000072,0.6431819337107846,85.26956521739027,72.60035714285885,-16.738692307693782,-16.738692307693782,1.1745061398196934,135.0000000000091,-75.39999999999964,-108.80150000000957,2847.3999999999887,-3147.6300000000947,-300.230000000106,13,52,219.03076923076836,-60.53134615384798,-4.618923076924707,220.0000000000091,-75.39999999999964,-0.239124175824196,0.14792078644229767,-15.543071428572741,4,8,7.2,An iid sequence with this win rate would already produce a streak of about 7.2; only a materially longer run is evidence of a defect.,108.91899623999441,1332.515000000103,139,-0.8508850276497708,-1.115512290089292,1.5713822710706755,NOT distinguishable from zero (|SR| < 2*SE); do not rank configurations by this.,0.4,0.43076923076923074,0.0,26,39,42.30769230769231,30.76923076923077,62.09999999995944,-1150.1150000000553,-2.072498901098905,2.044885714285699,24,36.92307692307692,583.2999999999902,162.4,0.4,False,22,23,41,13,11,0,0,0,0,1642,2026-03-18 15:00:00+00:00,2026-08-28 00:00:00+00:00,-1.6165691217270253,-1.8200046576283664,-2.3942922194051537,0.329316706317972,2,0.8882225190750686,-2.1493213639463384
XAUUSDm,H1,central,test,90,100,50,level,False,0.5,1000.0,-934.9500000000899,-1934.9500000000899,64,64,0,26,38,0,40.625,1647.249999999981,3582.2000000000708,0.45984311317066284,63.355769230768495,94.26842105263344,-30.233593750001404,-30.233593750001404,0.6720783961725072,75.0000000000091,-95.39999999999964,-193.495000000009,2072.3999999999887,-3621.9000000000824,-1549.5000000000937,21,43,98.68571428571374,-84.23023255814145,-24.210937500001464,100.0000000000091,-95.39999999999964,-0.33592881944446024,0.11001931490965322,-21.499444444445455,4,8,6.2,An iid sequence with this win rate would already produce a streak of about 6.2; only a materially longer run is evidence of a defect.,187.90629441159447,2049.4000000000733,139,0.5581919612918111,0.8796148654745051,1.4475453335230373,NOT distinguishable from zero (|SR| < 2*SE); do not rank configurations by this.,0.15625,0.171875,0.0,24,40,45.83333333333333,37.5,-438.150000000046,-1496.8000000000438,-1.545630208333337,1.4675486111110987,26,40.625,630.8999999999924,162.4,0.394,False,24,24,38,21,5,0,0,0,0,1642,2026-03-18 15:00:00+00:00,2026-08-28 00:00:00+00:00,-3.0533622184461127,-2.5619110268755576,-3.0533622184461127,0.22399416222407023,3,1.1918299216541945,-2.785905189099628
XAUUSDm,H1,central,test,90,140,50,level,False,0.5,1000.0,-756.7650000000913,-1756.7650000000913,64,64,0,25,39,0,39.0625,1832.2499999999854,3589.0150000000767,0.510516116538924,73.28999999999942,92.0260256410276,-27.449453125001426,-27.449453125001426,0.7964051418007215,95.0000000000091,-95.39999999999964,-175.67650000000913,2497.7999999999975,-3690.930000000094,-1193.1300000000965,18,46,138.76666666666654,-80.23760869565422,-18.642656250001508,140.0000000000091,-95.39999999999964,-0.304993923611127,0.1174960426509653,-19.519611111112127,4,8,6.5,An iid sequence with this win rate would already produce a streak of about 6.5; only a materially longer run is evidence of a defect.,170.35069553865344,1892.000000000071,139,0.7513367068088425,1.3717316315614765,1.5246838632616917,NOT distinguishable from zero (|SR| < 2*SE); do not rank configurations by this.,0.25,0.265625,0.0,24,40,45.83333333333333,35.0,-309.45000000004256,-1447.3150000000487,-1.5855815972222271,1.5027604166666544,26,40.625,630.8999999999924,162.4,0.394,False,21,25,38,18,8,0,0,0,0,1642,2026-03-18 15:00:00+00:00,2026-08-28 00:00:00+00:00,-2.595780391660887,-2.39588416882953,-3.0533622184461127,0.37555831389714106,4,1.0834331748721444,-2.771442482726671
XAUUSDm,H1,central,test,90,180,50,level,False,0.5,1000.0,-691.9650000000956,-1691.9650000000956,63,63,0,24,39,0,38.095238095238095,1897.049999999981,3589.0150000000767,0.5285712096494276,79.0437499999992,92.0260256410276,-26.85658730158882,-26.85658730158882,0.85892821568032,115.0000000000091,-95.39999999999964,-169.19650000000956,2682.599999999993,-3698.530000000096,-1015.9300000001031,15,48,178.83999999999955,-77.05270833333533,-16.125873015874653,180.0000000000091,-95.39999999999964,-0.298406525573209,0.12454964620388581,-18.799611111112167,4,8,6.6,An iid sequence with this win rate would already produce a streak of about 6.6; only a materially longer run is evidence of a defect.,170.45062574625734,1927.2000000000753,139,0.7691031385679458,1.5593706656891806,1.532692825563351,NOT distinguishable from zero (|SR| < 2*SE); do not rank configurations by this.,0.38095238095238093,0.41269841269841273,0.0,24,39,45.83333333333333,33.33333333333333,-220.75000000004366,-1471.215000000052,-1.6418712522045902,1.5959929453262662,25,39.682539682539684,607.0999999999913,162.4,0.388,False,22,24,38,15,10,0,0,0,0,1642,2026-03-18 15:00:00+00:00,2026-08-28 00:00:00+00:00,-2.39588416882953,-2.3942922194051537,-2.595780391660887,0.31451281978311096,4,1.0006648935378373,-2.7088050391882645
XAUUSDm,H1,central,test,90,220,50,level,False,0.5,1000.0,-725.8650000000989,-1725.865000000099,63,63,0,24,39,0,38.095238095238095,1863.1499999999778,3589.0150000000767,0.5191257211240237,77.63124999999907,92.0260256410276,-27.39468253968411,-27.39468253968411,0.8435792968265385,135.0000000000091,-95.39999999999964,-172.5865000000099,2627.3999999999887,-3711.1300000000983,-1083.7300000001096,12,51,218.94999999999905,-72.76725490196272,-17.202063492065232,220.0000000000091,-95.39999999999964,-0.3043853615520454,0.12712957887307003,-19.176277777778857,4,8,6.6,An iid sequence with this win rate would already produce a streak of about 6.6; only a materially longer run is evidence of a defect.,164.91678616434967,1897.6150000001053,139,-1.4454896186707988,-1.4517423833896936,1.9253505145673409,NOT distinguishable from zero (|SR| < 2*SE); do not rank configurations by this.,0.47619047619047616,0.5079365079365079,0.0,24,39,45.83333333333333,33.33333333333333,-172.05000000004475,-1553.8150000000542,-1.653837742504415,1.614707231040552,25,39.682539682539684,607.0999999999913,162.4,0.388,False,20,24,38,12,13,0,0,0,0,1642,2026-03-18 15:00:00+00:00,2026-08-28 00:00:00+00:00,-2.3942922194051537,-2.0970010166704625,-2.39588416882953,0.3495247045162596,3,1.1417696989039703,-2.446525721186722
XAUUSDm,H1,central,test,110,100,50,level,False,0.5,1000.0,-764.7000000000799,-1764.7000000000799,60,60,0,28,32,0,46.666666666666664,1792.249999999981,3556.9500000000608,0.503872699925484,64.00892857142789,111.1546875000019,-29.411666666667998,-29.411666666667998,0.5758545142005531,75.0000000000091,-115.83000000000538,-176.47000000000799,2267.3999999999887,-3661.770000000074,-1394.3700000000854,23,37,98.58260869565169,-98.96675675675876,-23.239500000001424,100.0000000000091,-115.83000000000538,-0.26737878787880026,0.10576518254755614,-16.042727272728015,4,7,5.3,An iid sequence with this win rate would already produce a streak of about 5.3; only a materially longer run is evidence of a defect.,172.04877825150777,1876.4500000000862,139,0.2055684210691184,0.3688540561175724,1.3606086115547815,NOT distinguishable from zero (|SR| < 2*SE); do not rank configurations by this.,0.23333333333333334,0.26666666666666666,0.0,23,37,47.82608695652174,45.94594594594595,-585.5500000000438,-1179.150000000036,-1.3356090909090927,1.2569272727272636,29,48.333333333333336,702.1999999999935,162.4,0.37,False,20,27,31,23,6,0,0,0,0,1642,2026-03-18 15:00:00+00:00,2026-08-28 00:00:00+00:00,-2.5280416620902284,-2.4764661079745203,-3.0533622184461127,0.3486675492093447,3,1.0208262709308351,-2.8251336571838648
XAUUSDm,H1,central,test,110,140,50,level,False,0.5,1000.0,-546.515000000079,-1546.515000000079,60,60,0,27,33,0,45.0,2017.2499999999877,3563.7650000000667,0.5660446185424544,74.71296296296251,107.99287878788081,-25.775250000001318,-25.775250000001318,0.6918323115518886,95.0000000000091,-115.83000000000538,-154.6515000000079,2772.800000000002,-3730.8000000000857,-958.0000000000837,20,40,138.6400000000001,-93.27000000000214,-15.966666666668061,140.0000000000091,-115.83000000000538,-0.2343204545454666,0.11259887514212442,-14.059227272727997,4,7,5.5,An iid sequence with this win rate would already produce a streak of about 5.5; only a materially longer run is evidence of a defect.,151.10655922208355,1678.2650000000854,139,-1.6971636901488345,-1.8310869586662597,2.1033134847207138,NOT distinguishable from zero (|SR| < 2*SE); do not rank configurations by this.,0.3333333333333333,0.36666666666666664,0.0,23,37,47.82608695652174,43.24324324324324,-456.8500000000404,-1089.6650000000386,-1.3704757575757605,1.2876575757575666,29,48.333333333333336,702.1999999999935,162.4,0.37,False,17,28,31,20,9,0,0,0,0,1642,2026-03-18 15:00:00+00:00,2026-08-28 00:00:00+00:00,-2.0810194973058382,-2.0810194973058382,-2.595780391660887,0.29533908321105046,4,1.0,-2.3763585805168885
XAUUSDm,H1,central,test,110,180,50,level,False,0.5,1000.0,-441.71500000008336,-1441.7150000000834,59,59,0,26,33,0,44.067796610169495,2122.0499999999834,3563.7650000000667,0.595451720301407,81.61730769230705,107.99287878788081,-24.435847457628533,-24.435847457628533,0.7557656449979396,115.0000000000091,-115.83000000000538,-144.17150000000834,3037.5999999999976,-3738.400000000088,-700.8000000000902,17,42,178.68235294117633,-89.0095238095259,-11.877966101696444,180.0000000000091,-115.83000000000538,-0.22214406779662296,0.11967745475472256,-13.106500000000755,4,7,5.6,An iid sequence with this win rate would already produce a streak of about 5.6; only a materially longer run is evidence of a defect.,141.2417635873214,1596.950000000063,139,-0.2521930327922744,-0.38845675284058523,1.3676997626099214,NOT distinguishable from zero (|SR| < 2*SE); do not rank configurations by this.,0.4745762711864407,0.5254237288135594,0.0,23,36,47.82608695652174,41.66666666666667,-368.1500000000415,-1073.565000000042,-1.4208936825886003,1.3700955315870482,28,47.45762711864407,678.3999999999924,162.4,0.363,False,18,27,31,17,11,0,0,0,0,1642,2026-03-18 15:00:00+00:00,2026-08-28 00:00:00+00:00,-1.856189774856964,-1.856189774856964,-2.39588416882953,0.23426076403678284,4,1.0,-2.0904505388937467
XAUUSDm,H1,central,test,110,220,50,level,False,0.5,1000.0,-435.61500000008664,-1435.6150000000866,59,59,0,26,33,0,44.067796610169495,2128.14999999998,3563.7650000000667,0.5971633932091314,81.8519230769223,107.99287878788081,-24.332457627120114,-24.332457627120114,0.7579381529192821,135.0000000000091,-115.83000000000538,-143.56150000000866,3062.3999999999933,-3751.00000000009,-688.6000000000968,14,45,218.74285714285665,-83.35555555555756,-11.671186440679607,220.0000000000091,-115.83000000000538,-0.2212041602465463,0.12291101517238305,-13.051045454546232,4,7,5.6,An iid sequence with this win rate would already produce a streak of about 5.6; only a materially longer run is evidence of a defect.,139.69191326642155,1607.365000000093,139,1.3209033031184718,14.236664466640086,1.842431490013837,NOT distinguishable from zero (|SR| < 2*SE); do not rank configurations by this.,0.5932203389830508,0.6440677966101696,0.0,23,36,47.82608695652174,41.66666666666667,-319.45000000004256,-1116.165000000044,-1.4313482280431467,1.4317688751925948,28,47.45762711864407,678.3999999999924,162.4,0.363,False,16,27,31,14,14,0,0,0,0,1642,2026-03-18 15:00:00+00:00,2026-08-28 00:00:00+00:00,-1.7997098139357715,-1.8279497943963676,-2.3942922194051537,0.2706217751569019,3,0.9845510087053996,-2.0985715695532696
XAUUSDm,H1,central,test,130,100,50,level,False,0.5,1000.0,-863.8700000000745,-1863.8700000000745,60,60,0,31,29,0,51.666666666666664,1914.6499999999787,3778.520000000053,0.5067195621565989,61.762903225805765,130.2937931034501,-31.064500000001242,-31.064500000001242,0.4740279775013344,75.0000000000091,-135.39999999999964,-186.38700000000745,2367.3999999999887,-3888.540000000071,-1521.1400000000822,24,36,98.6416666666662,-108.01500000000198,-25.352333333334702,100.0000000000091,-135.39999999999964,-0.23895769230770217,0.09854370207654962,-14.33746153846213,4,5,4.7,An iid sequence with this win rate would already produce a streak of about 4.7; only a materially longer run is evidence of a defect.,181.14152111126972,1975.6200000000808,139,-1.1562443558052895,-1.2271059504106971,1.7392000296625674,NOT distinguishable from zero (|SR| < 2*SE); do not rank configurations by this.,0.26666666666666666,1.1166666666666667,0.0,23,37,60.86956521739131,45.94594594594595,-305.3500000000395,-1558.520000000035,-1.1688961538461569,1.0636435897435812,32,53.333333333333336,777.1999999999935,162.4,0.37,False,19,29,28,24,8,0,0,0,0,1642,2026-03-18 15:00:00+00:00,2026-08-28 00:00:00+00:00,-2.4248905538588117,-2.4764661079745203,-2.7637570828869698,0.27678775677581097,3,0.9791737290691647,-2.7532538647503313
XAUUSDm,H1,central,test,130,140,50,level,False,0.5,1000.0,-625.6850000000736,-1625.6850000000736,60,60,0,30,30,0,50.0,2159.6499999999855,3785.335000000059,0.5705307456275209,71.98833333333285,126.1778333333353,-27.094750000001227,-27.094750000001227,0.5705307456275209,95.0000000000091,-135.39999999999964,-162.56850000000736,2912.800000000002,-3957.5700000000825,-1044.7700000000805,21,39,138.704761904762,-101.47615384615597,-17.412833333334675,140.0000000000091,-135.39999999999964,-0.20842115384616347,0.10424192521986682,-12.505269230769809,4,5,4.9,An iid sequence with this win rate would already produce a streak of about 4.9; only a materially longer run is evidence of a defect.,158.23481744924726,1757.43500000008,139,-0.011388696356126595,-0.01801149117561681,1.3465018426469886,NOT distinguishable from zero (|SR| < 2*SE); do not rank configurations by this.,0.36666666666666664,1.2166666666666666,0.0,23,37,60.86956521739131,43.24324324324324,-156.65000000003602,-1469.0350000000376,-1.198398717948722,1.0896461538461457,32,53.333333333333336,777.1999999999935,162.4,0.37,False,15,30,28,21,11,0,0,0,0,1642,2026-03-18 15:00:00+00:00,2026-08-28 00:00:00+00:00,-1.9993985472405855,-2.0810194973058382,-2.4248905538588117,0.2394593230403095,4,0.9607783828210538,-2.320478820346148
XAUUSDm,H1,central,test,130,180,50,level,False,0.5,1000.0,-500.885000000078,-1500.885000000078,59,59,0,29,30,0,49.152542372881356,2284.449999999981,3785.335000000059,0.6035000865180877,78.77413793103383,126.1778333333353,-25.438728813560644,-25.438728813560644,0.6243104343290563,115.0000000000091,-135.39999999999964,-150.0885000000078,3217.5999999999976,-3965.1700000000847,-747.570000000087,18,41,178.75555555555542,-96.71146341463621,-12.67067796610317,180.0000000000091,-135.39999999999964,-0.19568252933508198,0.11045015119233688,-11.545269230769836,4,5,5.0,An iid sequence with this win rate would already produce a streak of about 5.0; only a materially longer run is evidence of a defect.,146.16680670411446,1652.6350000000843,139,-1.4431884172385283,-1.4426072504646086,1.923785038927321,NOT distinguishable from zero (|SR| < 2*SE); do not rank configurations by this.,0.5084745762711864,1.3898305084745763,0.0,23,36,60.86956521739131,41.66666666666667,-47.95000000003711,-1452.9350000000409,-1.2417170795306425,1.1594028683181146,31,52.54237288135593,753.3999999999924,162.4,0.363,False,16,29,28,18,13,0,0,0,0,1642,2026-03-18 15:00:00+00:00,2026-08-28 00:00:00+00:00,-1.771681860302049,-1.856189774856964,-2.1374540480867648,0.15890760251613603,4,0.954472373622774,-2.0150973773731002
XAUUSDm,H1,central,test,130,220,50,level,False,0.5,1000.0,-474.78500000008125,-1474.7850000000813,59,59,0,29,30,0,49.152542372881356,2310.549999999978,3785.335000000059,0.61039511694472,79.67413793103373,126.1778333333353,-24.996355932204768,-24.996355932204768,0.6314432244255725,135.0000000000091,-135.39999999999964,-147.47850000000813,3282.3999999999933,-3977.770000000087,-695.3700000000936,15,44,218.82666666666623,-90.40386363636561,-11.785932203391416,220.0000000000091,-135.39999999999964,-0.19227966101695976,0.11342372185166696,-11.344500000000625,4,5,5.0,An iid sequence with this win rate would already produce a streak of about 5.0; only a materially longer run is evidence of a defect.,143.09607613088897,1646.5350000000876,139,-1.2923096012522506,-1.321072648352529,1.823957428214662,NOT distinguishable from zero (|SR| < 2*SE); do not rank configurations by this.,0.6271186440677966,1.5084745762711866,0.0,23,36,60.86956521739131,41.66666666666667,20.7499999999618,-1495.535000000043,-1.2505632333767975,1.2115880052151158,31,52.54237288135593,753.3999999999924,162.4,0.363,False,14,29,28,15,16,0,0,0,0,1642,2026-03-18 15:00:00+00:00,2026-08-28 00:00:00+00:00,-1.6952332182188383,-1.7856958371189102,-2.0604582385204417,0.13745821481192175,3,0.9493404100409246,-1.9231540519308319
XAUUSDm,H1,central,test,150,100,50,level,False,0.5,1000.0,-1313.325000000068,-2313.325000000068,60,60,0,31,29,0,51.666666666666664,1914.6499999999787,4227.975000000047,0.45285272500427687,61.762903225805765,145.79224137931195,-38.5554166666678,-38.5554166666678,0.4236364201652913,75.0000000000091,-155.39999999999964,-231.3325000000068,2367.3999999999887,-4430.05000000006,-2062.6500000000715,24,36,98.6416666666662,-123.05694444444612,-34.37750000000119,100.0000000000091,-155.39999999999964,-0.2570361111111189,0.09300242510554643,-15.422166666667135,4,5,4.7,An iid sequence with this win rate would already produce a streak of about 4.7; only a materially longer run is evidence of a defect.,222.3513501123232,2425.0750000000744,139,1.3496611175088753,787.7424181171101,1.8612282759776584,NOT distinguishable from zero (|SR| < 2*SE); do not rank configurations by this.,0.2833333333333333,1.15,0.0,23,37,60.86956521739131,45.94594594594595,-485.3500000000395,-1827.9750000000286,-1.0139444444444468,0.920564444444438,33,55.0,800.8999999999924,162.4,0.37,False,17,30,27,24,9,0,0,0,0,1642,2026-03-18 15:00:00+00:00,2026-08-28 00:00:00+00:00,-2.7637570828869698,-2.4248905538588117,-2.7637570828869698,0.17764891470886224,2,1.1397450818920087,-2.6025394685676737
XAUUSDm,H1,central,test,150,140,50,level,False,0.5,1000.0,-1075.1400000000672,-2075.140000000067,60,60,0,30,30,0,50.0,2159.6499999999855,4234.790000000053,0.5099780626666159,71.98833333333285,141.15966666666841,-34.585666666667784,-34.585666666667784,0.5099780626666159,95.0000000000091,-155.39999999999964,-207.51400000000672,2912.800000000002,-4499.080000000072,-1586.2800000000698,21,39,138.704761904762,-115.36102564102748,-26.438000000001164,140.0000000000091,-155.39999999999964,-0.23057111111111878,0.09778637382968489,-13.834266666667126,4,5,4.9,An iid sequence with this win rate would already produce a streak of about 4.9; only a materially longer run is evidence of a defect.,198.70256156305356,2206.8900000000735,139,1.6448979598673734,15.327114073361239,2.0653302061409575,NOT distinguishable from zero (|SR| < 2*SE); do not rank configurations by this.,0.38333333333333336,1.25,0.0,23,37,60.86956521739131,43.24324324324324,-336.650000000036,-1738.4900000000312,-1.0395133333333362,0.9430999999999939,33,55.0,800.8999999999924,162.4,0.37,False,14,31,27,21,12,0,0,0,0,1642,2026-03-18 15:00:00+00:00,2026-08-28 00:00:00+00:00,-2.35790634299116,-2.2476801955389627,-2.7637570828869698,0.28911510042994204,3,1.0490399602536724,-2.5367952959689046
XAUUSDm,H1,central,test,150,180,50,level,False,0.5,1000.0,-950.3400000000715,-1950.3400000000715,59,59,0,29,30,0,49.152542372881356,2284.449999999981,4234.790000000053,0.5394482371026551,78.77413793103383,141.15966666666841,-33.056610169492735,-33.056610169492735,0.5580499004510225,115.0000000000091,-155.39999999999964,-195.03400000000715,3217.5999999999976,-4506.680000000074,-1289.0800000000763,18,41,178.75555555555542,-109.91902439024571,-21.84881355932333,180.0000000000091,-155.39999999999964,-0.22037740112995172,0.1031027550403769,-13.00226666666715,4,5,5.0,An iid sequence with this win rate would already produce a streak of about 5.0; only a materially longer run is evidence of a defect.,185.91871932075003,2102.090000000078,139,-0.8167967304768612,-0.9549086564989884,1.5548988938969426,NOT distinguishable from zero (|SR| < 2*SE); do not rank configurations by this.,0.5254237288135594,1.423728813559322,0.0,23,36,60.86956521739131,41.66666666666667,-227.9500000000371,-1722.3900000000344,-1.0770711864406806,1.0035344632768302,32,54.23728813559322,777.0999999999913,162.4,0.363,False,14,30,27,18,14,0,0,0,0,1642,2026-03-18 15:00:00+00:00,2026-08-28 00:00:00+00:00,-2.1374540480867648,-2.098956143303603,-2.35790634299116,0.2097384052144595,3,1.0183414526816024,-2.3086945485180626
XAUUSDm,H1,central,test,150,220,50,level,False,0.5,1000.0,-924.2400000000748,-1924.2400000000748,59,59,0,29,30,0,49.152542372881356,2310.549999999978,4234.790000000053,0.5456114706986531,79.67413793103373,141.15966666666841,-32.61423728813686,-32.61423728813686,0.5644256593434344,135.0000000000091,-155.39999999999964,-192.42400000000748,3282.3999999999933,-4519.280000000076,-1236.8800000000829,15,44,218.82666666666623,-102.71090909091082,-20.964067796611573,220.0000000000091,-155.39999999999964,-0.21742824858757914,0.10552422006073192,-12.828266666667169,4,5,5.0,An iid sequence with this win rate would already produce a streak of about 5.0; only a materially longer run is evidence of a defect.,182.1570416721039,2095.990000000081,139,0.8605605171925422,2.6004704273145767,1.5761512062561274,NOT distinguishable from zero (|SR| < 2*SE); do not rank configurations by this.,0.6440677966101694,1.542372881355932,0.0,23,36,60.86956521739131,41.66666666666667,-159.2500000000382,-1764.9900000000366,-1.0847378531073482,1.0487615819208977,32,54.23728813559322,777.0999999999913,162.4,0.363,False,12,30,27,15,17,0,0,0,0,1642,2026-03-18 15:00:00+00:00,2026-08-28 00:00:00+00:00,-2.0604582385204417,-2.0604582385204417,-2.1374540480867648,0.19289517375281484,2,1.0,-2.2533534122732566
BTCUSDm,M5,central,train,70,100,50,level,False,0.5,1000.0,-1791.2378000000144,-2791.2378000000144,1003,1002,1,570,432,0,56.88622754491018,28111.4684,30965.031199999998,0.9078456345944197,49.31836561403509,71.67831296296296,-2.847867065868263,-2.847867065868263,0.6880514283241916,90.63600000000005,-74.2772,-279.12378000000143,28883.010000000002,-31528.118000000002,-2645.108,291,711,99.25432989690722,-44.34334458509142,-2.6398283433133733,133.07200000000012,-72.8,-0.04068381522668948,0.028415766578057614,-40.765182857142854,11,6,7.5,An iid sequence with this win rate would already produce a streak of about 7.5; only a materially longer run is evidence of a defect.,277.85642812074826,3111.6958000000013,240,0.7564885452664609,1.4804750424337554,1.1620861984111452,NOT distinguishable from zero (|SR| < 2*SE); do not rank configurations by this.,31.661676646706585,2.6427145708582835,95.0388,530,472,55.471698113207545,58.47457627118644,-1933.0228000000009,-920.539999999999,-0.7874707014542344,0.8977653550042773,571,56.986027944111775,14031.43,240.1,4.174,False,36,53,431,291,280,0,0,0,0,68037,2025-09-20 12:50:00+00:00,2026-05-18 14:45:00+00:00,-1.4317338620772995,-1.7144522661170134,-2.242915764148055,0.33619099118426,2,0.8350969521711851,-2.0506432573012736
BTCUSDm,M5,central,train,70,140,50,level,False,0.5,1000.0,-3359.2086000000113,-4359.208600000011,928,927,1,517,410,0,55.771305285868394,24966.897600000004,29388.4312,0.8495484985261821,48.291871566731146,71.67910048780487,-4.7697234088457385,-4.7697234088457385,0.6737231806493901,96.67999999999958,-74.2772,-435.9208600000011,25323.200000000004,-30056.418,-4733.218000000001,182,745,139.13846153846157,-40.34418523489933,-5.105952535059332,140.0,-72.8,-0.0681389058406534,0.030379609849741796,-63.1647657142857,11,5,7.7,An iid sequence with this win rate would already produce a streak of about 7.7; only a materially longer run is evidence of a defect.,420.88328493913576,4959.016900000018,240,0.9293647814569842,13.093190429531662,1.2261535062673063,NOT distinguishable from zero (|SR| < 2*SE); do not rank configurations by this.,39.41423948220065,3.291621718806185,99.9546,485,442,54.02061855670103,57.692307692307686,-2968.9386000000004,-1452.5949999999984,-0.8083109261827708,1.005910695022346,518,55.87918015102481,12724.130000000001,240.1,3.861,False,30,49,409,182,336,0,0,0,0,68037,2025-09-20 12:50:00+00:00,2026-05-18 14:45:00+00:00,-2.242915764148055,-2.346631949967094,-2.507077816082451,0.43069593184882515,3,0.9558021078590986,-2.777327881815919
BTCUSDm,M5,central,train,70,180,50,level,False,0.5,1000.0,-3806.520900000008,-4806.520900000009,849,848,1,467,381,0,55.070754716981135,22431.746700000003,27300.592599999996,0.8216578676024786,48.03371884368309,71.65509868766404,-5.741563561320753,-5.741563561320753,0.6703461403780392,115.0,-74.2772,-480.65209000000084,22757.799999999996,-27991.818000000003,-5234.017999999999,127,721,179.19527559055115,-38.82360332871013,-6.172191037735848,180.0,-72.8,-0.08202233659029645,0.03271631062432047,-69.5549414285714,10,5,7.7,An iid sequence with this win rate would already produce a streak of about 7.7; only a materially longer run is evidence of a defect.,460.6323771153323,5773.307800000013,240,-1.89234496824476,-1.920992396437642,1.711726898892362,NOT distinguishable from zero (|SR| < 2*SE); do not rank configurations by this.,46.367924528301884,3.87185534591195,108.96690000000001,444,404,52.702702702702695,57.67326732673267,-3143.4509,-1725.3949999999977,-0.8187684973045823,1.0804585411051217,468,55.18867924528302,11493.130000000001,240.1,3.532,False,31,50,380,127,341,0,0,0,0,68037,2025-09-20 12:50:00+00:00,2026-05-18 14:45:00+00:00,-2.507077816082451,-2.5364086432050414,-3.0083614925445814,0.2750618869672548,3,0.9884360798086828,-2.811470530172296
BTCUSDm,M5,central,train,70,220,50,level,False,0.5,1000.0,-3797.2297000000094,-4797.229700000009,781,780,1,431,349,0,55.256410256410255,20143.553700000004,25003.108399999997,0.8056419776990611,46.736783526682146,71.64214441260744,-6.230198333333332,-6.230198333333332,0.6523643856542282,135.0,-75.9158,-479.7229700000009,19947.199999999997,-25682.818,-5735.618,91,689,219.19999999999996,-37.27549782293178,-7.353356410256411,220.0,-72.8,-0.08900283333333332,0.0346889597960498,-69.42220999999999,11,5,7.5,An iid sequence with this win rate would already produce a streak of about 7.5; only a materially longer run is evidence of a defect.,435.10416204042866,5388.360400000012,240,1.231493598010272,3.3459085806049664,1.3587504012947522,NOT distinguishable from zero (|SR| < 2*SE); do not rank configurations by this.,53.87564102564102,4.499358974358975,122.0757,420,360,53.333333333333336,57.49999999999999,-3036.5597,-1822.994999999999,-0.8279150915750916,1.145692765567766,432,55.38461538461539,10615.130000000001,240.1,3.249,False,29,44,348,91,341,0,0,0,0,68037,2025-09-20 12:50:00+00:00,2026-05-18 14:45:00+00:00,-2.5657394703276317,-2.507077816082451,-2.5657394703276317,0.11314970355474556,2,1.0233984178188953,-2.6202275196371967
BTCUSDm,M5,central,train,90,100,50,level,False,0.5,1000.0,-2622.9322000000075,-3622.9322000000075,878,877,1,547,330,0,62.37172177879133,26706.3526,30314.694799999997,0.8809705252252779,48.823313711151734,91.8627115151515,-4.11441527936146,-4.11441527936146,0.5314813040664382,90.63600000000005,-94.2772,-362.2932200000007,27193.61,-30808.368000000002,-3614.758,274,603,99.24675182481752,-51.09182089552239,-4.121730900798175,133.07200000000012,-92.8,-0.04571572532623845,0.02666491580414657,-40.09269111111112,12,8,6.5,An iid sequence with this win rate would already produce a streak of about 6.5; only a materially longer run is evidence of a defect.,336.629533466268,3882.5551000000205,240,1.665938922017138,4.291728874512709,1.5833698425330396,NOT distinguishable from zero (|SR| < 2*SE); do not rank configurations by this.,39.48346636259977,3.297605473204105,101.5932,466,411,60.94420600858369,63.990267639902676,-2495.5771999999997,-1112.7650000000012,-0.6863365640440899,0.7424877866463958,547,62.37172177879133,13443.23,240.1,3.653,False,37,51,330,274,273,0,0,0,0,68037,2025-09-20 12:50:00+00:00,2026-05-18 14:45:00+00:00,-1.7144522661170134,-1.6544862725843377,-2.450348135786132,0.3899015809324286,3,1.0362444793446415,-2.044387853516766
BTCUSDm,M5,central,train,90,140,50,level,False,0.5,1000.0,-4133.880199999992,-5133.880199999992,818,817,1,500,317,0,61.19951040391677,24005.604600000006,29124.8948,0.8242297445139616,48.01120920000001,91.87663974763406,-6.265961077111384,-6.265961077111384,0.5225616580218516,96.67999999999958,-94.2772,-513.3880199999992,24210.4,-29711.468,-5501.068000000001,174,643,139.1402298850575,-46.20757076205288,-6.733253365973074,140.0,-92.8,-0.06962178974568205,0.028413019655815424,-56.88100222222223,11,8,6.6,An iid sequence with this win rate would already produce a streak of about 6.6; only a materially longer run is evidence of a defect.,534.3111589948247,5425.518400000017,240,0.5840668042043269,0.8207902544932948,1.1086457354272663,NOT distinguishable from zero (|SR| < 2*SE); do not rank configurations by this.,48.85556915544676,4.0795593635250915,109.78620000000001,433,384,60.046189376443415,62.5,-3219.770199999999,-1899.5200000000004,-0.7009145926832587,0.8317409628722975,500,61.19951040391677,12288.73,240.1,3.403,False,35,50,317,174,326,0,0,0,0,68037,2025-09-20 12:50:00+00:00,2026-05-18 14:45:00+00:00,-2.450348135786132,-2.301451581637639,-3.0083614925445814,0.41498039416594096,4,1.064696800635077,-2.71643197580358
BTCUSDm,M5,central,train,90,180,50,level,False,0.5,1000.0,-5083.360899999955,-6083.360899999955,751,750,1,457,293,0,60.93333333333333,20841.5695,26910.3404,0.774481823351443,45.60518490153173,91.84416518771332,-8.091694533333333,-8.091694533333333,0.49654961540913084,115.0,-94.2772,-608.3360899999956,20064.2,-27550.068,-7485.867999999999,112,638,179.14464285714286,-43.18192476489028,-9.981157333333332,180.0,-92.8,-0.08990771703703707,0.02988594198531303,-67.4307877777778,10,8,6.5,An iid sequence with this win rate would already produce a streak of about 6.5; only a materially longer run is evidence of a defect.,643.7617607804082,6632.194599999962,240,0.11772977820843092,0.13424670741252626,1.0282395916591756,NOT distinguishable from zero (|SR| < 2*SE); do not rank configurations by this.,54.294666666666664,4.533666666666667,108.9669,395,355,58.734177215189874,63.38028169014085,-4110.950899999999,-1957.8200000000004,-0.7163351851851851,0.8876612740740746,457,60.93333333333333,11226.83,240.1,3.124,False,35,51,293,112,345,0,0,0,0,68037,2025-09-20 12:50:00+00:00,2026-05-18 14:45:00+00:00,-3.0083614925445814,-2.450348135786132,-3.0083614925445814,0.25590312134360943,4,1.227728194458958,-2.7062512571297415
BTCUSDm,M5,central,train,90,220,50,level,False,0.5,1000.0,-3546.4686000000065,-4546.4686000000065,686,685,1,425,260,0,62.043795620437955,19344.818600000002,23876.697199999995,0.8101965878262261,45.517220235294126,91.83345076923075,-6.61588116788321,-6.61588116788321,0.49564967725839715,135.0,-95.9158,-454.64686000000063,18630.799999999996,-24495.709,-5864.908999999998,85,600,219.18588235294112,-40.82618166666666,-8.561910948905107,220.0,-92.8,-0.0735097907542579,0.03193551159625301,-50.354206666666656,12,8,6.2,An iid sequence with this win rate would already produce a streak of about 6.2; only a materially longer run is evidence of a defect.,455.15639659508054,5188.503000000013,240,-1.6759904770600214,-1.9570441980803812,1.5889290863905274,NOT distinguishable from zero (|SR| < 2*SE); do not rank configurations by this.,65.5897810218978,5.477128953771289,124.5336,378,307,60.05291005291006,64.49511400651465,-3232.758599999998,-1299.1200000000006,-0.7154908353609084,0.955800145985402,425,62.043795620437955,10449.53,240.1,2.853,False,34,46,260,85,340,0,0,0,0,68037,2025-09-20 12:50:00+00:00,2026-05-18 14:45:00+00:00,-2.3018197323284086,-2.4675124433616134,-3.0083614925445814,0.2757187410348336,3,0.9328503037628157,-2.743231184396447
BTCUSDm,M5,central,train,110,100,50,level,False,0.5,1000.0,-2637.3230000000103,-3637.3230000000103,799,798,1,531,267,0,66.54135338345864,26334.2944,29893.119399999996,0.8809483562963323,49.5937747645951,111.95924868913856,-4.459680451127822,-4.459680451127822,0.44296273282696935,76.67999999999957,-115.9158,-363.73230000000103,27248.338000000003,-30337.886,-3089.5480000000002,275,523,99.08486545454547,-58.00743021032505,-3.8716140350877195,100.0,-112.8,-0.040542549555707456,0.025426173682670288,-32.35295454545455,14,5,5.7,An iid sequence with this win rate would already produce a streak of about 5.7; only a materially longer run is evidence of a defect.,386.81143190333415,4277.53720000002,240,0.9259998642619558,5.330645886563243,1.224816218059636,NOT distinguishable from zero (|SR| < 2*SE); do not rank configurations by this.,46.907268170426065,3.91687552213868,139.281,420,378,65.23809523809524,67.98941798941799,-2677.8239999999996,-881.0010000000016,-0.6110277511961724,0.6397619047619048,531,66.54135338345864,13048.029999999999,240.1,3.324,False,41,45,267,275,256,0,0,0,0,68037,2025-09-20 12:50:00+00:00,2026-05-18 14:45:00+00:00,-1.5945202790516622,-1.9239563405954938,-2.301451581637639,0.2907908479120497,3,0.828771550272359,-2.2147471885075434
BTCUSDm,M5,central,train,110,140,50,level,False,0.5,1000.0,-4100.964800000002,-5100.964800000002,723,722,1,472,250,0,65.37396121883657,22972.652600000005,27995.1194,0.8205949141263532,48.67087415254238,111.9804776,-6.956325207756233,-6.956325207756233,0.43463713671946674,96.67999999999958,-115.9158,-510.09648000000016,23508.199999999997,-28527.786,-5019.585999999999,169,553,139.10177514792898,-51.587316455696204,-6.9523351800554005,140.0,-112.8,-0.0632393200705112,0.02747801456049409,-45.65878909090908,11,5,5.8,An iid sequence with this win rate would already produce a streak of about 5.8; only a materially longer run is evidence of a defect.,577.1996187431441,5813.525700000009,240,1.0726279125029794,53.35174491746284,1.2860904265669901,NOT distinguishable from zero (|SR| < 2*SE); do not rank configurations by this.,58.10526315789474,4.851800554016621,136.0038,378,344,64.02116402116403,66.86046511627907,-3466.046799999999,-1556.4200000000005,-0.6343781667086376,0.7244691009821205,472,65.37396121883657,11597.130000000001,240.1,3.007,False,38,42,250,169,303,0,0,0,0,68037,2025-09-20 12:50:00+00:00,2026-05-18 14:45:00+00:00,-2.301451581637639,-2.329432824815283,-2.8485093524414644,0.40544281371618374,4,0.9879879587513486,-2.7348756385314665
BTCUSDm,M5,central,train,110,180,50,level,False,0.5,1000.0,-4046.646799999975,-5046.646799999975,687,686,1,453,233,0,66.03498542274052,20995.398200000003,25963.547000000002,0.8086490724861284,46.34745739514349,111.43153218884122,-7.242199416909621,-7.242199416909621,0.41592766862973046,115.0,-115.9158,-504.6646799999975,20601.0,-26647.536,-6046.535999999998,115,571,179.1391304347826,-46.668189141856395,-8.814192419825071,180.0,-112.8,-0.06583817651736018,0.028263608126403453,-45.16498909090909,10,5,5.7,An iid sequence with this win rate would already produce a streak of about 5.7; only a materially longer run is evidence of a defect.,602.3227300848827,6084.8148000000065,240,-1.0467187455509752,-1.0504391550325576,1.274833545781997,NOT distinguishable from zero (|SR| < 2*SE); do not rank configurations by this.,62.92857142857143,5.254251700680272,127.8108,354,332,63.2768361581921,68.97590361445783,-3835.3537999999994,-1132.795,-0.6214981049562682,0.7801056453750334,454,66.1807580174927,11147.130000000001,240.1,2.857,False,40,44,232,115,339,0,0,0,0,68037,2025-09-20 12:50:00+00:00,2026-05-18 14:45:00+00:00,-2.329432824815283,-2.329432824815283,-3.0083614925445814,0.2741296760445373,4,1.0,-2.6035625008598204
BTCUSDm,M5,central,train,110,220,50,level,False,0.5,1000.0,-3941.9467999999997,-4941.9468,621,620,1,410,210,0,66.12903225806451,18525.221000000005,23388.669800000003,0.7920596236729975,45.18346585365855,111.3746180952381,-7.844272258064517,-7.844272258064517,0.405689075539828,135.0,-115.9158,-494.19468,17750.8,-24057.136,-6306.336,81,539,219.14567901234568,-44.63290538033395,-10.171509677419355,220.0,-112.8,-0.07131156598240469,0.0300983433607975,-44.213170909090906,15,5,5.6,An iid sequence with this win rate would already produce a streak of about 5.6; only a materially longer run is evidence of a defect.,487.1292128987453,5455.547600000016,240,1.0427371306432376,5.75731977237179,1.2731193502188232,NOT distinguishable from zero (|SR| < 2*SE); do not rank configurations by this.,75.44032258064516,6.299596774193548,127.8108,327,293,63.91437308868502,68.60068259385666,-3478.853799999999,-1384.5950000000005,-0.6343259530791787,0.8259041348973609,411,66.29032258064517,10095.93,240.1,2.582,False,36,39,209,81,330,0,0,0,0,68037,2025-09-20 12:50:00+00:00,2026-05-18 14:45:00+00:00,-2.369285416395595,-2.3156262785718456,-2.369285416395595,0.03959185110217358,3,1.0231726243221093,-2.3552181296740193
BTCUSDm,M5,central,train,130,100,50,level,False,0.5,1000.0,-3968.8482000000004,-4968.8482,708,707,1,489,218,0,69.16548797736917,23893.0394,28783.389600000002,0.8300981827380053,48.86102126789366,132.03389724770642,-6.917044130127298,-6.917044130127298,0.3700642205253275,76.67999999999957,-135.9158,-496.88482000000005,24377.138000000003,-29193.568,-4816.43,246,461,99.09405691056912,-63.32661171366594,-6.812489391796323,100.00000000000072,-132.8,-0.05320803177021,0.02493977924046231,-37.618078461538474,14,6,5.3,An iid sequence with this win rate would already produce a streak of about 5.3; only a materially longer run is evidence of a defect.,572.4228588296277,5786.58490000002,240,0.9437774798236774,3.70006830288063,1.2319195850365903,NOT distinguishable from zero (|SR| < 2*SE); do not rank configurations by this.,57.44978783592645,4.795497406883546,134.36520000000002,372,335,67.20430107526882,71.34328358208955,-3690.3491999999997,-1200.0010000000009,-0.5799909694266129,0.5580567620498316,489,69.16548797736917,12014.43,240.1,2.945,False,43,43,218,246,243,0,0,0,0,68037,2025-09-20 12:50:00+00:00,2026-05-18 14:45:00+00:00,-2.133460415073974,-2.010600122482008,-2.8485093524414644,0.46392849904833283,3,1.0611062792736232,-2.474528621530341
BTCUSDm,M5,central,train,130,140,50,level,False,0.5,1000.0,-5551.486499999969,-6551.486499999969,652,651,1,440,211,0,67.58832565284179,21390.123900000002,27863.112399999998,0.767686093101358,48.61391795454546,132.0526654028436,-9.943146697388633,-9.943146697388633,0.36814037646451486,96.67999999999958,-135.9158,-655.1486499999969,21842.200000000004,-28340.068,-6497.868000000001,157,494,139.1222929936306,-57.36855870445344,-9.981364055299542,140.00000000000074,-132.8,-0.07648574382606639,0.026851147165976575,-49.79221923076922,11,6,5.4,An iid sequence with this win rate would already produce a streak of about 5.4; only a materially longer run is evidence of a defect.,689.5537309061283,6945.1506999999765,240,-2.12531040110008,-2.1181773401839994,1.8497015321499024,NOT distinguishable from zero (|SR| < 2*SE); do not rank configurations by this.,67.94777265745007,5.671530977982591,135.1845,346,305,66.76300578034682,68.52459016393443,-3982.6684999999998,-2490.32,-0.6030903816613494,0.6347229233132463,440,67.58832565284179,10814.830000000002,240.1,2.712,False,37,40,211,157,283,0,0,0,0,68037,2025-09-20 12:50:00+00:00,2026-05-18 14:45:00+00:00,-2.8485093524414644,-2.301451581637639,-2.8485093524414644,0.2460947043831444,4,1.2377011861420768,-2.5475462860207836
BTCUSDm,M5,central,train,130,180,50,level,False,0.5,1000.0,-4205.93209999998,-5205.93209999998,616,615,1,423,192,0,68.78048780487805,20217.608100000005,25345.0422,0.79769478939751,47.79576382978725,132.005428125,-8.337291219512196,-8.337291219512196,0.3620742306485152,115.0,-135.9158,-520.593209999998,20418.800000000003,-25895.667999999998,-5476.868000000002,114,501,179.1122807017544,-51.687960079840316,-8.905476422764231,180.0,-132.8,-0.06413300938086304,0.027847523593736604,-39.441800769230774,11,6,5.2,An iid sequence with this win rate would already produce a streak of about 5.2; only a materially longer run is evidence of a defect.,621.8271635581976,6263.012099999987,240,-1.1708487912766772,-1.1704389062233265,1.3303065880908354,NOT distinguishable from zero (|SR| < 2*SE); do not rank configurations by this.,73.47317073170731,6.132520325203251,128.6301,320,295,66.875,70.84745762711864,-3715.1141000000002,-1412.32,-0.5951668417761101,0.688051044402752,423,68.78048780487805,10390.030000000002,240.1,2.562,False,41,44,192,114,309,0,0,0,0,68037,2025-09-20 12:50:00+00:00,2026-05-18 14:45:00+00:00,-2.303005836945863,-2.303005836945863,-2.8485093524414644,0.3349558731340825,4,1.0,-2.6379617100799457
BTCUSDm,M5,central,train,130,220,50,level,False,0.5,1000.0,-3954.711600000007,-4954.711600000007,567,566,1,391,175,0,69.08127208480565,18221.2742,23097.4878,0.7888855427818432,46.601724296675194,131.98564457142857,-8.615218374558305,-8.615218374558305,0.35308176467218044,135.0,-135.9158,-495.4711600000007,17970.799999999996,-23642.027000000002,-5671.227000000001,82,484,219.15609756097555,-48.8471632231405,-10.019835689045937,220.0,-132.8,-0.06627091057352541,0.029313503005711658,-37.50933538461538,16,6,5.1,An iid sequence with this win rate would already produce a streak of about 5.1; only a materially longer run is evidence of a defect.,472.19004517070823,5193.800100000011,240,0.3487465968698107,0.4553131085166359,1.0553922015700345,NOT distinguishable from zero (|SR| < 2*SE); do not rank configurations by this.,83.03003533568905,6.930948174322733,128.6301,312,254,68.91025641025641,69.29133858267717,-2829.6936,-2046.52,-0.6040403234574612,0.7247360288121777,391,69.08127208480565,9617.93,240.1,2.358,False,33,35,175,82,309,0,0,0,0,68037,2025-09-20 12:50:00+00:00,2026-05-18 14:45:00+00:00,-2.260763940789086,-2.2818848888674745,-2.369285416395595,0.049156145215362795,3,0.9907440782041942,-2.3310410340828374
BTCUSDm,M5,central,train,150,100,50,level,False,0.5,1000.0,-3503.5100000000148,-4503.510000000015,639,638,1,460,178,0,72.10031347962382,22621.275800000003,27046.287800000002,0.836391151616748,49.176686521739136,151.9454370786517,-6.935755485893418,-6.935755485893418,0.32364701084300246,75.00000000000074,-155.9158,-450.3510000000015,23284.938000000002,-27467.279000000002,-4182.341,235,403,99.08484255319149,-68.15701985111663,-6.555393416927901,100.00000000000072,-152.8,-0.04623836990595612,0.02449403735293832,-29.500080000000004,14,4,4.8,An iid sequence with this win rate would already produce a streak of about 4.8; only a materially longer run is evidence of a defect.,560.1387318245258,5641.689300000032,240,-0.8634953309635914,-0.8939281320002179,1.2006051382377385,NOT distinguishable from zero (|SR| < 2*SE); do not rank configurations by this.,63.86677115987461,5.33059038662487,126.9915,337,301,69.43620178041543,75.08305647840533,-3948.9755000000005,-476.0365000000004,-0.551652904911181,0.50284486938349,460,72.10031347962382,11297.45,240.1,2.657,False,42,41,178,235,225,0,0,0,0,68037,2025-09-20 12:50:00+00:00,2026-05-18 14:45:00+00:00,-1.8877398298900419,-2.133460415073974,-2.2765264850757974,0.1605551375071395,2,0.8848253365997361,-2.2940155525811137
BTCUSDm,M5,central,train,150,140,50,level,False,0.5,1000.0,-4404.809699999996,-5404.809699999996,603,602,1,429,173,0,71.2624584717608,20961.698900000003,26288.0106,0.7973862769212365,48.861768997669,151.95381849710984,-8.847693853820598,-8.847693853820598,0.32155670374679235,95.00000000000074,-155.9158,-540.4809699999996,21564.6,-26793.178999999996,-5228.5790000000015,155,447,139.12645161290322,-59.93999776286353,-8.685347176079738,140.00000000000074,-152.8,-0.05898462569213733,0.025909922892978523,-35.50874466666667,14,4,4.9,An iid sequence with this win rate would already produce a streak of about 4.9; only a materially longer run is evidence of a defect.,623.2716206891429,6277.560600000012,240,-0.7832230612768906,-0.8179685777428439,1.171347574783365,NOT distinguishable from zero (|SR| < 2*SE); do not rank configurations by this.,72.75581395348837,6.074197120708749,126.1722,324,278,69.75308641975309,73.02158273381295,-3829.1562,-1497.1554999999994,-0.5549799224806204,0.5688539756367664,429,71.2624584717608,10540.95,240.1,2.507,False,38,40,173,155,274,0,0,0,0,68037,2025-09-20 12:50:00+00:00,2026-05-18 14:45:00+00:00,-2.2765264850757974,-2.08213315748292,-2.8485093524414644,0.41541444125521026,3,1.0933625819723647,-2.49754759873813
BTCUSDm,M5,central,train,150,180,50,level,False,0.5,1000.0,-3219.139500000005,-4219.139500000005,575,574,1,414,160,0,72.12543554006969,20168.253300000004,24308.8948,0.8296655798600933,48.71558768115943,151.9305925,-7.213661149825784,-7.213661149825784,0.32064370236138867,115.0,-155.9158,-421.91395000000045,20772.0,-24873.379,-4101.379000000002,116,458,179.06896551724137,-54.308687772925765,-7.145259581881536,180.0,-152.8,-0.048091074332171885,0.026834546654244527,-27.604276666666664,11,3,4.7,An iid sequence with this win rate would already produce a streak of about 4.7; only a materially longer run is evidence of a defect.,537.7651894618243,5416.344100000019,240,-1.1354370039313322,-1.1349126587375504,1.3140924718967437,NOT distinguishable from zero (|SR| < 2*SE); do not rank configurations by this.,78.50174216027875,6.553571428571428,114.70199999999998,299,275,69.56521739130434,74.90909090909092,-3884.1860000000006,-256.4554999999994,-0.5486191753774683,0.6224280487804877,414,72.12543554006969,10164.45,240.1,2.391,False,39,43,160,116,298,0,0,0,0,68037,2025-09-20 12:50:00+00:00,2026-05-18 14:45:00+00:00,-1.792132915521609,-2.2587460257528544,-2.303005836945863,0.20959689745548848,3,0.7934193995645348,-2.468342923208343
BTCUSDm,M5,central,train,150,220,50,level,False,0.5,1000.0,-4058.2597000000155,-5058.259700000015,526,525,1,373,152,0,71.04761904761905,17896.512300000002,22953.747000000003,0.7796771612059678,47.97992573726542,151.01149342105265,-9.632828,-9.632828,0.3177236689096705,135.0,-155.9158,-505.82597000000146,18185.399999999998,-23520.218,-5334.818000000001,83,442,219.1012048192771,-53.2131628959276,-10.161558095238098,220.0,-152.8,-0.06421885333333334,0.02865677826350566,-33.714898000000005,15,3,4.8,An iid sequence with this win rate would already produce a streak of about 4.8; only a materially longer run is evidence of a defect.,522.7026444730187,5264.634900000019,240,0.7042947003489826,1.1805790093092645,1.144734156078748,NOT distinguishable from zero (|SR| < 2*SE); do not rank configurations by this.,89.20380952380953,7.447777777777778,122.0757,284,241,70.77464788732394,71.36929460580913,-3211.5597000000007,-1845.6749999999993,-0.5590358349206349,0.6632881396825399,374,71.23809523809524,9191.55,240.1,2.187,False,31,35,151,83,291,0,0,0,0,68037,2025-09-20 12:50:00+00:00,2026-05-18 14:45:00+00:00,-2.2409655664299115,-2.2409655664299115,-2.260763940789086,0.21639926113857402,2,1.0,-2.4573648275684854
BTCUSDm,M5,central,test,70,100,50,level,False,0.5,1000.0,842.8099999999978,-157.19000000000221,253,253,0,150,103,0,59.28853754940712,7235.643599999998,7392.833599999999,0.9787375168298118,48.23762399999998,71.77508349514562,-0.6213043478260895,-0.6213043478260895,0.6720664282231374,75.0,-75.9158,-15.719000000000221,7264.784,-7504.635999999999,-239.8519999999998,73,180,99.51758904109589,-41.69242222222221,-0.9480316205533589,100.0,-72.4,-0.008875776397515488,0.055878006024894594,-2.2455714285714183,9,5,5.6,An iid sequence with this win rate would already produce a streak of about 5.6; only a materially longer run is evidence of a defect.,61.35222851344248,1044.1009999999994,105,0.47637461492283645,0.6671483865780792,1.6347230127735577,NOT distinguishable from zero (|SR| < 2*SE); do not rank configurations by this.,80.62845849802372,6.731884057971015,65.54400000000001,127,126,59.84251968503938,58.730158730158735,144.9559999999979,-302.14599999999825,-0.7209480519480523,0.8717224731789944,150,59.28853754940712,3711.587999999999,104.8,2.413,False,5,6,103,73,77,0,0,0,0,29159,2026-05-15 03:40:00+00:00,2026-08-28 00:00:00+00:00,-0.15884203873633537,-0.15884203873633537,-0.8487085900479406,0.3343003172257104,2,1.0,-0.4931423559620458
BTCUSDm,M5,central,test,70,140,50,level,False,0.5,1000.0,880.1670999999968,-119.83290000000318,228,228,0,134,94,0,58.771929824561404,6621.807699999998,6741.640599999999,0.9822249646473291,49.41647537313431,71.71958085106381,-0.5255828947368518,-0.5255828947368518,0.6890234826630519,95.0,-74.2772,-11.983290000000318,6835.583999999997,-6867.835999999999,-32.252000000002,49,179,139.50171428571423,-38.36779888268156,-0.14145614035088597,140.0,-72.4,-0.007508327067669248,0.061686565116404884,-1.7118985714285886,15,5,5.5,An iid sequence with this win rate would already produce a streak of about 5.5; only a materially longer run is evidence of a defect.,82.28008011734808,1195.1374999999994,105,0.8787750776034314,1.2748642594564217,1.8239229052841845,NOT distinguishable from zero (|SR| < 2*SE); do not rank configurations by this.,95.32894736842105,7.958333333333333,59.808899999999994,117,111,60.68376068376068,56.75675675675676,176.21309999999815,-296.0460000000003,-0.7028421679197996,1.0144322681704256,134,58.771929824561404,3317.909999999999,104.8,2.175,False,4,6,94,49,85,0,0,0,0,29159,2026-05-15 03:40:00+00:00,2026-08-28 00:00:00+00:00,-0.12171737968390282,-0.1402797092101191,-0.2399221818405555,0.10763994379136135,3,0.8676763045009416,-0.24791965300148044
BTCUSDm,M5,central,test,70,180,50,level,False,0.5,1000.0,1101.786699999996,101.78669999999602,197,196,1,114,82,0,58.16326530612245,5934.892699999998,5882.0019999999995,1.0089919554600624,52.060462280701735,71.73173170731707,0.26985051020407025,0.26985051020407025,0.7257661434010976,115.0,-74.2772,10.178669999999602,6463.191999999998,-6002.643999999999,460.54799999999807,36,160,179.53311111111105,-37.516524999999994,2.349734693877541,180.0,-72.4,0.0038550072886295644,0.07053989315679,0.7555814285713947,9,4,5.4,An iid sequence with this win rate would already produce a streak of about 5.4; only a materially longer run is evidence of a defect.,68.16881283837395,1241.2549999999992,105,0.9124207863568646,1.3949324282899067,1.843641513323915,NOT distinguishable from zero (|SR| < 2*SE); do not rank configurations by this.,114.71938775510205,9.576530612244898,66.3633,100,96,60.0,56.25,373.636699999998,-320.74600000000015,-0.7167473760932946,1.113758819241982,114,58.16326530612245,2821.787999999998,104.8,1.869,False,3,6,82,36,78,0,0,0,0,29159,2026-05-15 03:40:00+00:00,2026-08-28 00:00:00+00:00,0.05465003016181193,0.013212444527498804,-0.12171737968390282,0.06807738040238734,3,4.136254275132045,-0.05486493587488853
BTCUSDm,M5,central,test,70,220,50,level,False,0.5,1000.0,1042.4490999999962,42.44909999999618,170,169,1,96,73,0,56.80473372781065,5231.508499999998,5237.955399999999,0.9987691953238088,54.49488020833331,71.75281369863012,-0.038147337278119454,-0.038147337278119454,0.7594807422774796,135.0,-74.2772,4.244909999999618,5926.591999999998,-5347.436,579.1559999999982,27,142,219.50340740740734,-37.658,3.426958579881646,220.0,-72.4,-0.000544961961116021,0.08026067259054859,-0.09209857142860756,10,4,5.4,An iid sequence with this win rate would already produce a streak of about 5.4; only a materially longer run is evidence of a defect.,68.08677685442987,1331.2662999999993,105,0.8089617045305713,1.3099152381675412,1.7847416752226102,NOT distinguishable from zero (|SR| < 2*SE); do not rank configurations by this.,144.28994082840237,12.043392504930965,59.808899999999994,82,87,58.536585365853654,55.172413793103445,249.19109999999796,-255.638,-0.7528088757396452,1.1897306001690613,96,56.80473372781065,2375.3879999999986,104.8,1.612,False,2,6,73,27,69,0,0,0,0,29159,2026-05-15 03:40:00+00:00,2026-08-28 00:00:00+00:00,-0.00678990025284432,-0.00678990025284432,-0.11193130524985394,0.06878220167200631,2,1.0,-0.07557210192485063
BTCUSDm,M5,central,test,90,100,50,level,False,0.5,1000.0,155.67269999999752,-844.3273000000024,218,217,1,135,82,0,62.21198156682028,6641.087499999998,7534.310799999999,0.8814459180526504,49.19324074074073,91.88183902439023,-4.11623640552996,-4.11623640552996,0.5353967798542025,75.0,-97.5544,-84.43273000000025,6768.784,-7630.235999999999,-861.4520000000006,68,149,99.54094117647058,-51.20963758389261,-3.9698248847926294,100.0,-92.4,-0.045735960061443946,0.05388888553473988,-9.924703333333337,9,4,5.0,An iid sequence with this win rate would already produce a streak of about 5.0; only a materially longer run is evidence of a defect.,104.90416840107358,1624.5042000000005,105,-1.218435489004397,-1.3000916675859397,2.0448721351317936,NOT distinguishable from zero (|SR| < 2*SE); do not rank configurations by this.,98.52995391705069,8.225806451612902,49.9773,108,109,62.96296296296296,61.46788990825688,-104.97730000000212,-788.2459999999992,-0.6493964157706096,0.7258281618023552,135,62.21198156682028,3339.8879999999986,104.8,2.07,False,6,4,82,68,67,0,0,0,0,29159,2026-05-15 03:40:00+00:00,2026-08-28 00:00:00+00:00,-0.8487085900479406,-0.5443153859442481,-0.9534310924622071,0.3539548233348251,3,1.5592221200502134,-0.8982702092790732
BTCUSDm,M5,central,test,90,140,50,level,False,0.5,1000.0,803.1367999999956,-196.86320000000444,195,194,1,124,70,0,63.91752577319588,6184.235799999998,6429.995000000001,0.9617792548827794,49.87286935483869,91.85707142857144,-1.2668000000000148,-1.2668000000000148,0.5429399019499561,95.0,-95.9158,-19.686320000000443,6416.583999999997,-6538.636,-122.05200000000264,46,148,139.49095652173907,-44.179972972972976,-0.6291340206185703,140.0,-92.4,-0.014075555555555721,0.0586671705282752,-2.73065777777781,15,4,4.7,An iid sequence with this win rate would already produce a streak of about 4.7; only a materially longer run is evidence of a defect.,74.26505737137323,1298.8065999999985,105,0.6780692934048855,0.9931943690747368,1.718060988437349,NOT distinguishable from zero (|SR| < 2*SE); do not rank configurations by this.,114.69587628865979,9.574742268041238,52.4352,101,93,65.34653465346535,62.365591397849464,1.0867999999981635,-246.84600000000094,-0.6394134020618559,0.8543436998854528,124,63.91752577319588,3070.409999999998,104.8,1.85,False,4,4,70,46,78,0,0,0,0,29159,2026-05-15 03:40:00+00:00,2026-08-28 00:00:00+00:00,-0.2399221818405555,-0.12171737968390282,-0.8487085900479406,0.3224239638593045,4,1.9711415285444673,-0.44414134354320733
BTCUSDm,M5,central,test,90,180,50,level,False,0.5,1000.0,1082.3440999999948,82.3440999999948,167,166,1,105,61,0,63.25301204819277,5634.765899999997,5601.317800000001,1.0059714697851987,53.66443714285711,91.82488196721313,0.20149457831323458,0.20149457831323458,0.5844215205418773,115.0,-95.9158,8.23440999999948,6285.1839999999975,-5703.244000000001,581.9399999999972,35,131,179.57668571428565,-43.53621374045802,3.505662650602393,180.0,-92.00800000000018,0.002238828647924735,0.06740457171577341,0.37164555555550605,9,3,4.6,An iid sequence with this win rate would already produce a streak of about 4.6; only a materially longer run is evidence of a defect.,54.60140540425318,1059.712899999999,105,0.7141581568223327,0.9950370309634095,1.735519013882316,NOT distinguishable from zero (|SR| < 2*SE); do not rank configurations by this.,143.48192771084337,11.97640562248996,68.0019,90,76,64.44444444444444,61.8421052631579,341.498099999998,-308.050000000001,-0.659144511378849,0.9345532128514056,105,63.25301204819277,2600.4879999999985,104.8,1.583,False,3,4,61,35,70,0,0,0,0,29159,2026-05-15 03:40:00+00:00,2026-08-28 00:00:00+00:00,0.03321478930784193,-0.11193130524985394,-0.3680145158719832,0.16107774369106287,4,-0.2967426247170049,-0.2730090489409168
BTCUSDm,M5,central,test,90,220,50,level,False,0.5,1000.0,941.568399999996,-58.43160000000398,144,143,1,90,53,0,62.93706293706294,4760.066399999997,4867.393999999999,0.9779496790274216,52.889626666666636,91.83762264150943,-0.7505426573426722,-0.7505426573426722,0.5759036998717039,135.0,-95.9158,-5.843160000000398,5268.591999999997,-4969.635999999999,298.9559999999983,24,119,219.52466666666655,-41.76164705882352,2.090601398601387,220.0,-92.00800000000018,-0.008339362859362928,0.07450429386799105,-1.1925288888888987,10,3,4.5,An iid sequence with this win rate would already produce a streak of about 4.5; only a materially longer run is evidence of a defect.,56.43614361467445,991.9469999999985,105,0.510402843867356,0.7500154437385481,1.6470012980060038,NOT distinguishable from zero (|SR| < 2*SE); do not rank configurations by this.,172.33566433566435,14.384032634032634,58.989599999999996,72,71,65.27777777777779,60.56338028169014,254.01039999999807,-361.33799999999997,-0.6942384615384622,0.9827202020202015,90,62.93706293706294,2227.6879999999983,104.8,1.364,False,3,4,53,24,66,0,0,0,0,29159,2026-05-15 03:40:00+00:00,2026-08-28 00:00:00+00:00,-0.11193130524985394,-0.05936060275134913,-0.7507620759709915,0.31720868093342025,3,1.8856160493975105,-0.3765692836847694
BTCUSDm,M5,central,test,110,100,50,level,False,0.5,1000.0,-22.38700000000283,-1022.3870000000028,201,200,1,132,68,0,66.0,6544.704999999998,7615.987999999999,0.8593376197546528,49.58109848484847,111.99982352941176,-5.356415000000009,-5.356415000000009,0.44268907684330594,75.0,-115.9158,-102.23870000000028,6767.784,-7707.036,-939.2520000000004,68,132,99.52623529411764,-58.38663636363636,-4.696260000000002,100.0,-112.4,-0.048694681818181845,0.05107310030390271,-9.73893636363637,9,4,4.5,An iid sequence with this win rate would already produce a streak of about 4.5; only a materially longer run is evidence of a defect.,122.06730641031496,1826.5152000000016,105,1.0259299786864222,3.2422593686352696,1.9139066814766668,NOT distinguishable from zero (|SR| < 2*SE); do not rank configurations by this.,111.99,9.34875,73.737,97,103,64.94845360824742,66.99029126213593,-435.73700000000207,-635.5459999999996,-0.5632253181818184,0.6134824090909089,132,66.0,3263.6879999999983,104.8,1.908,False,6,4,68,68,64,0,0,0,0,29159,2026-05-15 03:40:00+00:00,2026-08-28 00:00:00+00:00,-0.9534310924622071,-0.715990464247066,-0.9534310924622071,0.3724456116281722,3,1.331625405744521,-1.0884360758752383
BTCUSDm,M5,central,test,110,140,50,level,False,0.5,1000.0,1057.6492999999957,57.64929999999572,182,181,1,124,57,0,68.50828729281768,6382.901499999997,6375.7178,1.001126728036802,51.47501209677417,111.85469824561405,0.039688950276224495,0.039688950276224495,0.4601953507911105,95.0,-114.2772,5.764929999999572,6836.1839999999975,-6488.036,348.1479999999973,49,132,139.51395918367342,-49.15178787878788,1.9234696132596536,140.0,-112.4,0.00036080863887474906,0.054928932892844604,0.06530636363632958,20,4,4.2,An iid sequence with this win rate would already produce a streak of about 4.2; only a materially longer run is evidence of a defect.,88.33387564583246,1159.0454000000004,105,1.184611020665267,1.9047097524045125,2.0208819669485716,NOT distinguishable from zero (|SR| < 2*SE); do not rank configurations by this.,122.46408839779005,10.22329650092081,58.1703,93,88,67.74193548387096,69.31818181818183,-11.67030000000193,18.853999999998678,-0.5428817679558013,0.7466838774485185,124,68.50828729281768,3068.487999999998,104.8,1.726,False,5,4,57,49,75,0,0,0,0,29159,2026-05-15 03:40:00+00:00,2026-08-28 00:00:00+00:00,0.006568644608090508,-0.2399221818405555,-0.9534310924622071,0.3283774078338358,4,-0.027378229714732322,-0.5682995896743913
BTCUSDm,M5,central,test,110,180,50,level,False,0.5,1000.0,654.1522999999954,-345.8477000000046,155,154,1,101,53,0,65.58441558441558,5531.357899999996,5927.6712,0.9331418213614812,54.76591980198016,111.84285283018868,-2.5734629870130044,-2.5734629870130044,0.48966848051642076,115.0,-114.2772,-34.584770000000454,6284.1839999999975,-6031.644,252.53999999999792,35,119,179.5481142857142,-50.68608403361345,1.6398701298701164,180.0,-112.00800000000018,-0.02339511806375449,0.06357118280598657,-3.6028481818181914,10,3,4.3,An iid sequence with this win rate would already produce a streak of about 4.3; only a materially longer run is evidence of a defect.,68.20464025349291,1171.7652,105,-0.13397426613992391,-0.18942933697661496,1.5561294691590664,NOT distinguishable from zero (|SR| < 2*SE); do not rank configurations by this.,151.55194805194805,12.64935064935065,66.3633,77,77,63.63636363636363,67.53246753246754,-163.86330000000203,-232.45000000000064,-0.5595774498229049,0.7971912632821722,101,65.58441558441558,2497.783999999998,104.8,1.469,False,4,4,53,35,66,0,0,0,0,29159,2026-05-15 03:40:00+00:00,2026-08-28 00:00:00+00:00,-0.3680145158719832,0.006568644608090508,-0.7507620759709915,0.3261818165416192,4,-56.0259441375021,-0.3196131719335287
BTCUSDm,M5,central,test,110,220,50,level,False,0.5,1000.0,192.24069999999705,-807.7593000000029,137,136,1,88,48,0,64.70588235294117,4596.347099999997,5365.7554,0.8566076455889132,52.231217045454514,111.78657083333333,-5.657413970588253,-5.657413970588253,0.467240533957589,135.0,-114.2772,-80.77593000000029,5049.591999999998,-5473.036,-423.4440000000017,23,113,219.54747826086947,-48.43394690265487,-3.1135588235294245,220.0,-112.00800000000018,-0.05143103609625678,0.06850510666743376,-6.994620909090922,10,3,4.3,An iid sequence with this win rate would already produce a streak of about 4.3; only a materially longer run is evidence of a defect.,101.76563607274736,1315.410400000003,105,0.42222715740591066,0.7080227922661767,1.616765575753421,NOT distinguishable from zero (|SR| < 2*SE); do not rank configurations by this.,183.98529411764707,15.356004901960786,58.1703,67,69,62.68656716417911,66.66666666666666,-367.67030000000204,-401.73800000000045,-0.6031109625668456,0.8160819518716572,88,64.70588235294117,2175.9879999999976,104.8,1.297,False,4,4,48,23,65,0,0,0,0,29159,2026-05-15 03:40:00+00:00,2026-08-28 00:00:00+00:00,-0.7507620759709915,-0.23997291056091857,-0.7507620759709915,0.34120597925763063,3,3.1285284418818016,-0.5811788898185493
BTCUSDm,M5,central,test,130,100,50,level,False,0.5,1000.0,313.34699999999617,-686.6530000000039,169,168,1,120,48,0,71.42857142857143,5701.842599999998,6338.017600000001,0.8996255548422581,47.515354999999985,132.04203333333336,-3.7867559523809677,-3.7867559523809677,0.35985022193690325,75.0,-135.9158,-68.6653000000004,5674.784,-6428.428000000001,-753.6440000000018,57,111,99.55761403508771,-57.913765765765774,-4.485976190476201,100.0,-132.4,-0.029128891941392083,0.04994046523617081,-4.89365384615387,16,4,3.8,An iid sequence with this win rate would already produce a streak of about 3.8; only a materially longer run is evidence of a defect.,85.65784240663822,1281.7138000000023,105,-0.29392980760695214,-0.409744044269563,1.582300122656834,NOT distinguishable from zero (|SR| < 2*SE); do not rank configurations by this.,142.70238095238096,11.911210317460318,73.737,88,80,71.5909090909091,71.25,-138.73700000000213,-497.43800000000056,-0.5515441849816851,0.5506682234432232,120,71.42857142857143,2970.2839999999987,104.8,1.602,False,5,7,48,57,63,0,0,0,0,29159,2026-05-15 03:40:00+00:00,2026-08-28 00:00:00+00:00,-0.5832723384461915,-0.4158167106227848,-0.9534310924622071,0.312240994719201,3,1.402715002897796,-0.7280577053419859
BTCUSDm,M5,central,test,130,140,50,level,False,0.5,1000.0,778.7873999999953,-221.21260000000473,154,153,1,111,42,0,72.54901960784314,5365.774199999996,5536.5088,0.9691620466673866,48.340308108108076,131.8216380952381,-1.1159124183006772,-1.1159124183006772,0.36670996360387603,95.0,-134.2772,-22.121260000000472,5439.591999999997,-5650.236,-210.64400000000387,39,114,139.47671794871786,-49.56347368421053,-1.3767581699346658,140.0,-132.4,-0.008583941679235957,0.05327971897392154,-1.3133430769231014,15,4,3.6,An iid sequence with this win rate would already produce a streak of about 3.6; only a materially longer run is evidence of a defect.,80.22116176832311,1330.3280999999993,105,0.6865335705092649,1.0670681740772867,1.72209001278198,NOT distinguishable from zero (|SR| < 2*SE); do not rank configurations by this.,153.43790849673204,12.807734204793029,50.7966,77,76,72.72727272727273,72.36842105263158,-90.29660000000129,-80.43800000000226,-0.5403586224233284,0.6407050276520865,111,72.54901960784314,2747.083999999998,104.8,1.459,False,4,7,42,39,72,0,0,0,0,29159,2026-05-15 03:40:00+00:00,2026-08-28 00:00:00+00:00,-0.1611108662836131,0.006568644608090508,-0.5832723384461915,0.25299335114855687,4,-24.527261847166322,-0.24642470654046636
BTCUSDm,M5,central,test,130,180,50,level,False,0.5,1000.0,1080.3399999999951,80.33999999999514,138,137,1,98,39,0,71.53284671532846,5272.326799999997,5141.5088000000005,1.0254435040546845,53.79925306122446,131.833558974359,0.9548759124087325,0.9548759124087325,0.40808465977686426,115.0,-134.2772,8.033999999999514,5924.799999999997,-5250.644000000001,674.1559999999969,33,104,179.53939393939388,-50.48696153846155,4.9208467153284445,180.00000000000074,-132.4,0.0073451993262211,0.06018190422860056,1.0062923076922907,13,4,3.6,An iid sequence with this win rate would already produce a streak of about 3.6; only a materially longer run is evidence of a defect.,59.68954040437531,1121.1896000000015,105,0.802485048520164,1.1851236740811872,1.7812295482946863,NOT distinguishable from zero (|SR| < 2*SE); do not rank configurations by this.,184.02919708029196,15.359489051094892,65.54400000000001,67,70,70.1492537313433,72.85714285714285,185.4559999999991,-54.63800000000265,-0.5315273441886583,0.720849129702414,98,71.53284671532846,2423.4839999999986,104.8,1.307,False,3,7,39,33,65,0,0,0,0,29159,2026-05-15 03:40:00+00:00,2026-08-28 00:00:00+00:00,0.12204996535703505,-0.1611108662836131,-1.2775098935232576,0.5263912446383571,4,-0.757552660304012,-0.6875021109219701
BTCUSDm,M5,central,test,130,220,50,level,False,0.5,1000.0,1154.8060999999977,154.80609999999774,123,122,1,85,37,0,69.67213114754098,5073.265899999998,4880.1088,1.0395804905005392,59.68548117647056,131.89483243243242,1.5832549180327702,1.5832549180327702,0.45252327233552886,135.0,-134.2772,15.480609999999775,6145.199999999999,-4975.244000000001,1169.9559999999976,28,94,219.47142857142853,-52.92812765957447,9.589803278688505,220.0,-132.00000000000074,0.012178883984867377,0.06866409320187992,1.48582384615382,16,4,3.7,An iid sequence with this win rate would already produce a streak of about 3.7; only a materially longer run is evidence of a defect.,63.241921187375624,1417.8849000000007,105,0.9001362884075597,1.359501306387929,1.8363807898281241,NOT distinguishable from zero (|SR| < 2*SE); do not rank configurations by this.,214.00819672131146,17.860655737704917,59.8089,57,65,70.17543859649122,69.23076923076923,240.19109999999907,-47.03400000000104,-0.5552328499369485,0.7804024590163932,85,69.67213114754098,2101.4879999999994,104.8,1.164,False,4,7,37,28,57,0,0,0,0,29159,2026-05-15 03:40:00+00:00,2026-08-28 00:00:00+00:00,0.17736903550244418,-0.18237460607886047,-0.7507620759709915,0.39589941310999827,3,-0.9725533577067641,-0.5782740191888587
BTCUSDm,M5,central,test,150,100,50,level,False,0.5,1000.0,769.7595999999978,-230.24040000000218,154,153,1,114,39,0,74.50980392156863,5651.965399999998,5931.1018,0.9529368388180418,49.578643859649105,152.07953333333333,-1.8244209150326856,-1.8244209150326856,0.32600470801669856,75.0,-155.9158,-23.02404000000022,5870.784,-6015.028,-144.2440000000003,59,94,99.50481355932203,-63.989659574468085,-0.9427712418300674,100.0,-152.4,-0.012162806100217955,0.048972270386028506,-1.860909333333347,16,4,3.5,An iid sequence with this win rate would already produce a streak of about 3.5; only a materially longer run is evidence of a defect.,93.5239839710554,1399.4162999999996,105,1.5337982246127946,2.6717796465444676,2.2853980818646087,NOT distinguishable from zero (|SR| < 2*SE); do not rank configurations by this.,163.4640522875817,13.642156862745097,72.0984,75,78,74.66666666666667,74.35897435897436,-3.5984000000021013,-275.5379999999989,-0.5041350762527237,0.49267642701525033,114,74.50980392156863,2819.983999999999,104.8,1.459,False,5,6,39,59,55,0,0,0,0,29159,2026-05-15 03:40:00+00:00,2026-08-28 00:00:00+00:00,-0.24836108279937805,-0.24836108279937805,-0.5832723384461915,0.25921806422873295,2,1.0,-0.507579147028111
BTCUSDm,M5,central,test,150,140,50,level,False,0.5,1000.0,1006.1206999999956,6.120699999995622,142,141,1,106,35,0,75.177304964539,5374.746099999997,5318.1474,1.010642559474752,50.70515188679242,151.94706857142856,0.4014092198581319,0.4014092198581319,0.3337027319020407,95.0,-152.6386,0.6120699999995622,5719.991999999997,-5419.236000000001,300.75599999999633,41,100,139.51199999999992,-54.19236000000001,2.1330212765957186,140.0,-152.4,0.0026760614657208755,0.052109667872290176,0.37732466666664344,21,4,3.3,An iid sequence with this win rate would already produce a streak of about 3.3; only a materially longer run is evidence of a defect.,95.98913457105081,1292.0078000000003,105,1.6573538258529665,3.6346617318594907,2.386668398601565,NOT distinguishable from zero (|SR| < 2*SE); do not rank configurations by this.,170.06382978723406,14.19385342789598,66.36330000000001,72,69,76.38888888888889,73.91304347826086,194.63669999999803,-138.03800000000143,-0.47772652482269506,0.5896229787234043,106,75.177304964539,2624.2839999999983,104.8,1.345,False,4,6,35,41,65,0,0,0,0,29159,2026-05-15 03:40:00+00:00,2026-08-28 00:00:00+00:00,0.05135441416129035,-0.20473597454149556,-1.2775098935232576,0.5131981760044612,3,-0.2508323917000816,-0.7179341505459567
BTCUSDm,M5,central,test,150,180,50,level,False,0.5,1000.0,-432.34770000000236,-1432.3477000000023,119,118,1,82,36,0,69.49152542372882,4091.954899999998,5473.8246,0.7475495104464981,49.901889024390215,152.05068333333332,-11.710760169491547,-11.710760169491547,0.32819246800090157,115.0,-154.2772,-143.23477000000022,4309.5999999999985,-5563.644,-1254.0440000000017,24,94,179.5666666666666,-59.18770212765958,-10.627491525423743,180.0,-152.4,-0.07807173446327698,0.06111243040784768,-9.212464666666683,13,4,3.7,An iid sequence with this win rate would already produce a streak of about 3.7; only a materially longer run is evidence of a defect.,144.86650129036383,1873.0226000000027,105,-1.7432084210590988,-1.7648299007604404,2.458969442490416,NOT distinguishable from zero (|SR| < 2*SE); do not rank configurations by this.,218.64406779661016,18.2478813559322,56.531699999999994,59,59,71.1864406779661,67.79661016949152,-327.531700000002,-1054.338,-0.5664000564971756,0.5973554802259887,82,69.49152542372882,2029.5839999999985,104.8,1.125,False,4,5,36,24,58,0,0,0,0,29159,2026-05-15 03:40:00+00:00,2026-08-28 00:00:00+00:00,-1.2775098935232576,-0.21772238167673283,-1.2775098935232576,0.5598647164274402,3,5.867609400948329,-0.777587098104173
BTCUSDm,M5,central,test,150,220,50,level,False,0.5,1000.0,453.28329999999943,-546.7167000000006,110,109,1,79,30,0,72.4770642201835,4050.1044999999986,4558.4702,0.888478880480561,51.26714556962023,151.94900666666666,-4.663905504587164,-4.663905504587164,0.33739704322046615,135.0,-154.2772,-54.67167000000006,4390.999999999999,-4656.844,-265.8440000000009,20,89,219.54999999999995,-52.32408988764045,-2.438935779816522,220.0,-152.0,-0.031092703363914464,0.06387172534401411,-3.3891046666666766,16,4,3.4,An iid sequence with this win rate would already produce a streak of about 3.4; only a materially longer run is evidence of a defect.,86.9955286381435,1313.8738999999987,105,0.2617485668721422,0.3897771253611742,1.5755046095494436,NOT distinguishable from zero (|SR| < 2*SE); do not rank configurations by this.,237.3394495412844,19.808103975535168,56.5317,52,57,75.0,70.17543859649122,151.4682999999983,-659.8339999999992,-0.5230846483180429,0.650417737003058,79,72.4770642201835,1954.5879999999993,104.8,1.04,False,3,6,30,20,59,0,0,0,0,29159,2026-05-15 03:40:00+00:00,2026-08-28 00:00:00+00:00,-0.486799177514756,-0.486799177514756,-1.2775098935232576,0.5947002559381501,2,1.0,-1.081499433452906
BTCUSDm,M15,central,train,70,100,50,level,False,0.5,1000.0,-3148.7224000000106,-4148.722400000011,589,588,1,316,272,0,53.74149659863946,15390.525399999999,19529.6948,0.7880576505476162,48.704194303797465,71.80034852941176,-7.0394037414966,-7.0394037414966,0.6783281042688343,75.0,-75.9158,-414.87224000000106,15778.400000000001,-19968.528,-4190.1280000000015,159,429,99.23522012578617,-46.54668531468531,-7.126068027210887,100.0,-72.8,-0.10056291059280856,0.03712304648733178,-59.130991428571434,8,8,7.5,An iid sequence with this win rate would already produce a streak of about 7.5; only a materially longer run is evidence of a defect.,411.209471141647,4504.6106000000145,247,-0.3051087336414596,-0.33262738419035565,1.033310604167863,NOT distinguishable from zero (|SR| < 2*SE); do not rank configurations by this.,10.534013605442176,2.636904761904762,63.90539999999999,324,264,50.308641975308646,57.95454545454546,-3146.1609,-993.0085000000013,-0.8835929543245873,0.9008522837706516,316,53.74149659863946,7769.9,247.0,2.38,False,49,79,272,159,157,0,0,0,0,22682,2025-09-13 14:30:00+00:00,2026-05-18 14:45:00+00:00,-2.7089078108696065,-2.7089078108696065,-3.0804190365460418,0.27138925194269764,2,1.0,-2.980297062812304
BTCUSDm,M15,central,train,70,140,50,level,False,0.5,1000.0,-2805.6796000000113,-3805.6796000000113,573,572,1,307,265,0,53.67132867132867,15231.1682,19027.2948,0.8004904722451665,49.61292573289902,71.80111245283018,-6.636584965034966,-6.636584965034966,0.6909771177360557,95.0,-75.9158,-380.5679600000011,16016.400000000001,-19559.902,-3543.5020000000013,115,457,139.2730434782609,-42.800660831509845,-6.194933566433568,140.0,-72.8,-0.09480835664335666,0.0392215011808189,-54.230380000000004,9,8,7.4,An iid sequence with this win rate would already produce a streak of about 7.4; only a materially longer run is evidence of a defect.,409.8113141404861,4676.152000000016,247,0.2567971080957282,0.3260980695837376,1.0265879160474103,NOT distinguishable from zero (|SR| < 2*SE); do not rank configurations by this.,13.825174825174825,3.4637237762237763,75.37559999999999,317,255,50.473186119873816,57.647058823529406,-2774.7081,-1021.4185000000006,-0.899412487512488,1.0175879370629377,307,53.67132867132867,7549.9,247.0,2.316,False,48,76,265,115,192,0,0,0,0,22682,2025-09-13 14:30:00+00:00,2026-05-18 14:45:00+00:00,-2.4172546636160437,-2.5115143125475323,-2.7089078108696065,0.16931996399457377,3,0.9624689979027524,-2.680834276542106
BTCUSDm,M15,central,train,70,180,50,level,False,0.5,1000.0,-2499.807400000009,-3499.807400000009,551,550,1,297,253,0,54.0,14568.546600000001,18158.979,0.8022778483305698,49.05234545454546,71.77462055335968,-6.52805890909091,-6.52805890909091,0.683421870800115,115.0,-75.9158,-349.9807400000009,15236.000000000002,-18730.082,-3494.082000000002,85,465,179.24705882352944,-40.279746236559134,-6.352876363636367,180.0,-72.8,-0.09325798441558442,0.041086758942040676,-51.29189142857143,8,8,7.3,An iid sequence with this win rate would already produce a streak of about 7.3; only a materially longer run is evidence of a defect.,387.6143490805748,4500.396400000013,247,-0.2161381450587859,-0.24316495748684958,1.0217991949514174,NOT distinguishable from zero (|SR| < 2*SE); do not rank configurations by this.,16.438181818181818,4.119090909090909,80.2914,308,242,50.649350649350644,58.26446280991735,-2851.6239,-738.8085000000005,-0.9115470129870135,1.0918440779220786,297,54.0,7304.099999999999,247.0,2.227,False,47,75,253,85,212,0,0,0,0,22682,2025-09-13 14:30:00+00:00,2026-05-18 14:45:00+00:00,-2.2697819642366888,-2.3435183139263662,-2.612681248744666,0.3124336313019252,3,0.9685360471682688,-2.6559519452282916
BTCUSDm,M15,central,train,70,220,50,level,False,0.5,1000.0,-1728.610400000008,-2728.6104000000078,523,522,1,286,236,0,54.78927203065134,14126.020800000002,16945.256199999996,0.8336268648449237,49.391681118881124,71.80193305084744,-5.400834099616859,-5.400834099616859,0.6878879024594475,135.0,-75.9158,-272.8610400000008,14905.6,-17517.102,-2611.5020000000013,68,454,219.20000000000002,-38.58392511013216,-5.002877394636018,220.0,-72.8,-0.07715477285166941,0.04362419940722387,-40.27479142857143,8,8,7.1,An iid sequence with this win rate would already produce a streak of about 7.1; only a materially longer run is evidence of a defect.,338.2411244231835,3994.796800000009,247,1.480630333511862,42.68574337662129,1.4623833068763308,NOT distinguishable from zero (|SR| < 2*SE); do not rank configurations by this.,18.674329501915707,4.679118773946359,88.4844,292,230,51.71232876712328,58.69565217391305,-2476.8169,-342.4185000000004,-0.9153261631089221,1.1829228243021352,286,54.78927203065134,7033.7,247.0,2.113,False,48,73,236,68,218,0,0,0,0,22682,2025-09-13 14:30:00+00:00,2026-05-18 14:45:00+00:00,-1.7686232389377239,-2.2697819642366888,-2.7430395245297094,0.3978581383056958,2,0.7792040234721396,-2.6676401025423844
BTCUSDm,M15,central,train,90,100,50,level,False,0.5,1000.0,-4088.8126000000066,-5088.812600000007,517,516,1,299,217,0,57.945736434108525,14845.358,19924.617599999998,0.7450761815373562,49.65002675585284,91.81851428571427,-9.84352635658915,-9.84352635658915,0.5407409076709241,75.0,-95.9158,-508.8812600000006,15484.400000000001,-20328.146999999997,-4843.747,156,360,99.25897435897437,-56.467074999999994,-9.387106589147287,100.0,-92.8,-0.10937251507321276,0.035505726258544375,-56.436217777777784,8,7,6.6,An iid sequence with this win rate would already produce a streak of about 6.6; only a materially longer run is evidence of a defect.,487.6173805563733,5341.62410000001,247,-1.2898916886740306,-1.3008659034996684,1.3671113664913666,NOT distinguishable from zero (|SR| < 2*SE); do not rank configurations by this.,13.358527131782946,3.3435077519379846,63.0861,286,230,55.24475524475524,61.30434782608696,-3430.2410999999993,-1649.0185000000008,-0.7867560938845826,0.747481567614126,299,57.945736434108525,7354.9,247.0,2.089,False,50,70,217,156,143,0,0,0,0,22682,2025-09-13 14:30:00+00:00,2026-05-18 14:45:00+00:00,-3.0804190365460418,-2.657340886174314,-3.0804190365460418,0.32473772417146346,3,1.1592110942833607,-2.9820786103457775
BTCUSDm,M15,central,train,90,140,50,level,False,0.5,1000.0,-3396.0370000000094,-4396.037000000009,502,501,1,292,209,0,58.28343313373254,14807.7722,19194.256199999996,0.7714689251673114,50.71154863013698,91.83854641148324,-8.755457085828343,-8.755457085828343,0.5521815252053701,95.0,-95.9158,-439.60370000000097,15872.400000000001,-19687.700999999997,-3815.3010000000004,114,387,139.23157894736843,-50.87261240310077,-7.61537125748503,140.0,-92.8,-0.09728285650920382,0.037333574572211425,-48.738711111111115,10,7,6.5,An iid sequence with this win rate would already produce a streak of about 6.5; only a materially longer run is evidence of a defect.,445.85032207177716,5087.375100000013,247,-1.0124238276772375,-1.0125337083079238,1.2422231814949478,NOT distinguishable from zero (|SR| < 2*SE); do not rank configurations by this.,16.98802395209581,4.253493013972056,77.8335,276,225,55.79710144927537,61.33333333333333,-3086.5654999999997,-1299.9185000000007,-0.8022005100909295,0.8573910844976719,292,58.28343313373254,7182.2,247.0,2.028,False,50,68,209,114,178,0,0,0,0,22682,2025-09-13 14:30:00+00:00,2026-05-18 14:45:00+00:00,-2.605773961479021,-2.605773961479021,-3.0804190365460418,0.3536906130445869,4,1.0,-2.959464574523608
BTCUSDm,M15,central,train,90,180,50,level,False,0.5,1000.0,-3400.9849000000095,-4400.9849000000095,484,483,1,283,200,0,58.59213250517598,13971.1085,18362.540399999998,0.7608483464521065,49.36787455830389,91.81270199999999,-9.091991511387162,-9.091991511387162,0.5377020116269304,115.0,-95.9158,-440.09849000000094,14697.0,-18902.481,-4205.481000000002,82,401,179.23170731707316,-47.1383566084788,-8.707000000000003,180.0,-92.8,-0.10102212790430184,0.038666074536586,-48.79368777777779,9,7,6.4,An iid sequence with this win rate would already produce a streak of about 6.4; only a materially longer run is evidence of a defect.,442.45160845786245,5137.0844000000125,247,-0.8920069869937578,-1.1305343287171343,1.1942087560042551,NOT distinguishable from zero (|SR| < 2*SE); do not rank configurations by this.,20.28985507246377,5.081262939958592,80.2914,269,214,56.13382899628253,61.6822429906542,-3097.0233999999996,-1294.408500000001,-0.8113399585921328,0.9139293075684386,283,58.59213250517598,6961.4,247.0,1.955,False,48,67,200,82,201,0,0,0,0,22682,2025-09-13 14:30:00+00:00,2026-05-18 14:45:00+00:00,-2.612681248744666,-2.605773961479021,-2.7430395245297094,0.20908493534409173,4,1.0026507622563412,-2.8148588968231127
BTCUSDm,M15,central,train,90,220,50,level,False,0.5,1000.0,-3572.11070000001,-4572.11070000001,457,456,1,266,190,0,58.333333333333336,12888.659900000002,17451.2176,0.7385536181727516,48.45360864661655,91.84851368421053,-10.005608991228073,-10.005608991228073,0.5275382986948226,135.0,-95.9158,-457.211070000001,13368.4,-17985.900999999998,-4617.501,61,395,219.15409836065572,-45.533926582278475,-10.126098684210527,220.0,-92.8,-0.11117343323586747,0.04052928594054,-50.695085555555565,13,7,6.4,An iid sequence with this win rate would already produce a streak of about 6.4; only a materially longer run is evidence of a defect.,448.65605181829847,5298.852300000013,247,0.5202532741608945,0.6606689022026998,1.076250044560117,NOT distinguishable from zero (|SR| < 2*SE); do not rank configurations by this.,22.80482456140351,5.7110745614035086,85.2072,254,202,56.2992125984252,60.89108910891089,-3307.9391999999993,-1254.6185000000005,-0.8240843079922029,0.9806923001949326,266,58.333333333333336,6543.900000000001,247.0,1.846,False,46,65,190,61,205,0,0,0,0,22682,2025-09-13 14:30:00+00:00,2026-05-18 14:45:00+00:00,-2.7430395245297094,-2.542447830676621,-2.7430395245297094,0.3764166586527233,3,1.0788970736912644,-2.9188644893293443
BTCUSDm,M15,central,train,110,100,50,level,False,0.5,1000.0,-2754.257400000003,-3754.257400000003,468,467,1,301,166,0,64.45396145610279,14821.1518,18565.856200000002,0.7983015509944539,49.23970697674419,111.84250722891568,-8.01863897216274,-8.01863897216274,0.44025932712650945,75.0,-115.9158,-375.42574000000036,15383.400000000001,-18974.033000000003,-3590.6330000000003,155,312,99.24774193548389,-60.81420833333334,-7.688721627408994,100.0,-112.8,-0.0728967179287522,0.03360997050299766,-34.042767272727275,10,6,5.5,An iid sequence with this win rate would already produce a streak of about 5.5; only a materially longer run is evidence of a defect.,404.29524197273554,4428.868400000008,247,0.7782353377112897,1.1962667661701718,1.1529085386871263,NOT distinguishable from zero (|SR| < 2*SE); do not rank configurations by this.,16.89293361884368,4.231798715203426,84.3879,259,208,61.38996138996139,68.26923076923077,-2981.2858999999994,-763.4185000000011,-0.7035083706443451,0.6533877360327042,301,64.45396145610279,7404.000000000001,247.0,1.891,False,57,64,166,155,146,0,0,0,0,22682,2025-09-13 14:30:00+00:00,2026-05-18 14:45:00+00:00,-2.1689015740805417,-2.076621089979602,-3.0804190365460418,0.5678642632996611,3,1.0444378055034809,-2.644485353279263
BTCUSDm,M15,central,train,110,140,50,level,False,0.5,1000.0,-2501.985300000005,-3501.985300000005,451,450,1,288,162,0,64.0,14627.2239,18119.656199999998,0.807257253589613,50.788971875,111.84972962962962,-7.760960666666663,-7.760960666666663,0.45408220514415726,95.0,-115.9158,-350.1985300000005,15732.8,-18606.587,-2873.787,113,337,139.2283185840708,-55.21242433234421,-6.386193333333333,140.0,-112.8,-0.07055418787878788,0.035555482596974136,-31.749384545454546,10,6,5.5,An iid sequence with this win rate would already produce a streak of about 5.5; only a materially longer run is evidence of a defect.,382.69174006397697,4366.704100000009,247,-0.6886399166645589,-0.7207257683583321,1.12345682156018,NOT distinguishable from zero (|SR| < 2*SE); do not rank configurations by this.,20.615555555555556,5.163333333333333,95.03879999999998,251,199,61.354581673306775,67.33668341708542,-2840.513799999999,-651.9185000000004,-0.7114020404040408,0.7436940404040409,288,64.0,7085.4,247.0,1.822,False,54,61,162,113,175,0,0,0,0,22682,2025-09-13 14:30:00+00:00,2026-05-18 14:45:00+00:00,-1.984340605878662,-2.1689015740805417,-2.605773961479021,0.44173369766651716,4,0.9149057889913145,-2.610635271747059
BTCUSDm,M15,central,train,110,180,50,level,False,0.5,1000.0,-2868.833900000004,-3868.833900000004,440,439,1,283,156,0,64.46469248291572,13588.136700000001,17447.4176,0.7788050364542201,48.01461731448764,111.84242051282051,-8.791072665148063,-8.791072665148063,0.4293059564906655,115.0,-115.9158,-386.8833900000004,13978.800000000001,-18013.8,-4035.000000000001,78,361,179.21538461538464,-49.89972299168975,-9.191343963553534,180.0,-112.8,-0.07991884241043695,0.03613936140484024,-35.08437181818182,10,6,5.5,An iid sequence with this win rate would already produce a streak of about 5.5; only a materially longer run is evidence of a defect.,412.656879548685,4791.152700000008,247,-0.4314759598857008,-0.6601259472628115,1.0560364548265138,NOT distinguishable from zero (|SR| < 2*SE); do not rank configurations by this.,22.927107061503417,5.744305239179955,92.58089999999999,245,194,61.63265306122449,68.04123711340206,-3078.0558999999994,-781.2250000000004,-0.7126314764961692,0.7904856077862915,283,64.46469248291572,6961.4,247.0,1.777,False,54,61,156,78,205,0,0,0,0,22682,2025-09-13 14:30:00+00:00,2026-05-18 14:45:00+00:00,-2.2114071556265302,-2.2114071556265302,-2.612681248744666,0.4423938937106986,4,1.0,-2.653801049337229
BTCUSDm,M15,central,train,110,220,50,level,False,0.5,1000.0,-3261.9239000000107,-4261.923900000011,415,414,1,265,149,0,64.00966183574879,12411.4081,16663.779,0.7448135323926225,46.835502264150946,111.83744295302013,-10.27142729468599,-10.27142729468599,0.4187819484018896,135.0,-115.9158,-426.19239000000107,12493.8,-17207.387000000002,-4713.587000000001,57,357,219.18947368421053,-48.19996358543418,-11.385475845410632,220.0,-112.8,-0.09337661176987261,0.03777043418792529,-38.65791727272726,19,6,5.5,An iid sequence with this win rate would already produce a streak of about 5.5; only a materially longer run is evidence of a defect.,451.18718089835437,5328.746200000014,247,1.1231620216538987,2.199145564695659,1.2898672510982863,NOT distinguishable from zero (|SR| < 2*SE); do not rank configurations by this.,25.76086956521739,6.453502415458937,96.67739999999998,234,180,61.53846153846154,67.22222222222223,-3295.6523999999995,-956.7185000000004,-0.7261372639437859,0.8482057531840146,265,64.00966183574879,6520.700000000001,247.0,1.676,False,51,60,149,57,208,0,0,0,0,22682,2025-09-13 14:30:00+00:00,2026-05-18 14:45:00+00:00,-2.4722144126085763,-2.3418107841175533,-2.7430395245297094,0.5113139109205835,3,1.055684955153267,-2.8531246950381366
BTCUSDm,M15,central,train,130,100,50,level,False,0.5,1000.0,-1739.720500000007,-2739.7205000000067,433,432,1,297,135,0,68.75,14852.8609,17583.028400000003,0.8447271176562506,50.009632659932656,130.24465481481482,-6.319832175925926,-6.319832175925926,0.38396687166193216,75.0,-139.193,-273.9720500000007,15583.400000000003,-18063.689,-2480.2889999999998,157,275,99.25732484076435,-65.68614181818181,-5.741409722222222,100.0,-132.8,-0.048614093660968666,0.03206802173805323,-21.001288461538465,14,6,4.9,An iid sequence with this win rate would already produce a streak of about 4.9; only a materially longer run is evidence of a defect.,320.2100955402975,3507.7543000000082,247,0.10436586147496461,0.13019322224892307,1.0128174943069266,NOT distinguishable from zero (|SR| < 2*SE); do not rank configurations by this.,19.877314814814813,4.978587962962964,90.12299999999999,240,192,66.66666666666666,71.35416666666666,-2011.0344999999998,-719.1330000000003,-0.6395862001424502,0.5829976673789177,299,69.21296296296296,7358.299999999999,247.0,1.749,False,53,68,133,157,142,0,0,0,0,22682,2025-09-13 14:30:00+00:00,2026-05-18 14:45:00+00:00,-1.515967965160794,-1.4773145856328553,-2.1689015740805417,0.34333613751824005,3,1.0261646232318082,-1.8206507231510953
BTCUSDm,M15,central,train,130,140,50,level,False,0.5,1000.0,-1305.9870000000074,-2305.9870000000074,418,417,1,287,130,0,68.82494004796163,14626.355800000001,16922.7898,0.8642993249257284,50.96291219512196,130.17530615384615,-5.507035971223022,-5.507035971223022,0.3914944677363927,95.0,-139.193,-230.59870000000075,15734.199999999999,-17492.042999999998,-1757.8430000000008,113,304,139.24070796460177,-57.53961513157894,-4.215450839328539,140.0,-132.8,-0.042361815163254,0.03359052926204846,-17.664876923076918,13,6,4.9,An iid sequence with this win rate would already produce a streak of about 4.9; only a materially longer run is evidence of a defect.,281.1989921563477,3208.621100000005,247,-0.5127586878584004,-0.5748529896204093,1.0744137003355156,NOT distinguishable from zero (|SR| < 2*SE); do not rank configurations by this.,23.786570743405274,5.956834532374101,102.4125,234,183,67.09401709401709,71.03825136612022,-1793.4009999999998,-503.03300000000024,-0.6436857037446967,0.6632184098874749,289,69.30455635491607,7113.799999999999,247.0,1.688,False,51,65,128,113,176,0,0,0,0,22682,2025-09-13 14:30:00+00:00,2026-05-18 14:45:00+00:00,-1.261123777859481,-1.3549725878250787,-1.984340605878662,0.2786458125942528,4,0.9307374844267232,-1.6336184004193315
BTCUSDm,M15,central,train,130,180,50,level,False,0.5,1000.0,-1437.8263000000056,-2437.8263000000056,409,408,1,285,123,0,69.8529411764706,13571.277900000001,15999.5512,0.8482286615639569,47.61851894736842,130.07765203252032,-5.951650245098039,-5.951650245098039,0.3660776328854972,115.0,-139.193,-243.78263000000055,13797.800000000001,-16648.476000000002,-2850.676000000001,77,331,179.1922077922078,-50.29751057401813,-6.986950980392159,180.0,-132.8,-0.045781924962292615,0.033788082042145985,-18.679025384615386,15,6,4.7,An iid sequence with this win rate would already produce a streak of about 4.7; only a materially longer run is evidence of a defect.,301.774927867017,3503.757800000001,247,1.15439491906012,2.556519126073934,1.3038576852762596,NOT distinguishable from zero (|SR| < 2*SE); do not rank configurations by this.,26.857843137254903,6.727941176470589,99.1353,229,179,68.12227074235808,72.06703910614524,-2041.6237999999998,-386.6494999999999,-0.6460743024132732,0.7124773190045253,287,70.34313725490196,7064.3,247.0,1.652,False,52,65,121,77,210,0,0,0,0,22682,2025-09-13 14:30:00+00:00,2026-05-18 14:45:00+00:00,-1.3549725878250787,-1.3774131796006799,-2.2114071556265302,0.34321332874301047,4,0.9837081624396052,-1.7206265083436905
BTCUSDm,M15,central,train,130,220,50,level,False,0.5,1000.0,-1446.422100000011,-2446.4221000000107,386,385,1,269,116,0,69.87012987012987,12639.2821,15076.1512,0.8383626518683363,46.98617881040892,129.96682068965518,-6.329530129870127,-6.329530129870127,0.36152441493207066,135.0,-139.193,-244.64221000000106,12714.200000000003,-15705.242999999999,-2991.0429999999997,58,327,219.21034482758625,-48.02826605504587,-7.768942857142856,220.00000000000074,-132.8,-0.04868869330669331,0.03534792176216032,-18.745146923076923,19,6,4.7,An iid sequence with this win rate would already produce a streak of about 4.7; only a materially longer run is evidence of a defect.,374.0266119131291,4417.441300000011,247,0.5324859188659968,0.8010351269689068,1.0792976385695967,NOT distinguishable from zero (|SR| < 2*SE); do not rank configurations by this.,29.82857142857143,7.4714285714285715,108.14759999999998,221,164,68.32579185520362,71.95121951219512,-1974.6360999999993,-462.233,-0.6542534465534466,0.7657459340659346,271,70.3896103896104,6673.200000000001,247.0,1.559,False,49,65,114,58,213,0,0,0,0,22682,2025-09-13 14:30:00+00:00,2026-05-18 14:45:00+00:00,-1.3774131796006799,-1.4245267285405765,-2.4722144126085763,0.46576290311381446,3,0.9669268761364946,-1.890289631654391
BTCUSDm,M15,central,train,150,100,50,level,False,0.5,1000.0,-1684.1813000000095,-2684.1813000000093,398,397,1,284,113,0,71.53652392947103,14235.238700000002,16909.867,0.8418303171751738,50.12407992957747,149.6448407079646,-6.737098992443324,-6.737098992443324,0.33495361211547403,75.0,-159.193,-268.41813000000093,14990.800000000003,-17368.592999999997,-2377.7929999999988,151,246,99.276821192053,-70.60403658536585,-5.989403022670022,100.0,-152.8,-0.0449139932829555,0.031219298256159468,-17.830855333333332,14,3,4.5,An iid sequence with this win rate would already produce a streak of about 4.5; only a materially longer run is evidence of a defect.,314.2347717758432,3667.5660000000107,247,-0.149971649849357,-0.17871538740589266,1.0157343695953338,NOT distinguishable from zero (|SR| < 2*SE); do not rank configurations by this.,23.138539042821158,5.797858942065491,103.23179999999999,219,178,69.86301369863014,73.59550561797754,-1686.4873,-988.1410000000002,-0.5945308144416457,0.5189972124265325,286,72.04030226700252,7038.3,247.0,1.607,False,56,62,111,151,135,0,0,0,0,22682,2025-09-13 14:30:00+00:00,2026-05-18 14:45:00+00:00,-1.4386612061049167,-1.4386612061049167,-1.515967965160794,0.127385330038034,2,1.0,-1.5660465361429508
BTCUSDm,M15,central,train,150,140,50,level,False,0.5,1000.0,-1287.667800000009,-2287.6678000000093,387,386,1,277,109,0,71.76165803108809,14022.913600000002,16301.028399999997,0.8602471731170043,50.6242368231047,149.550719266055,-5.901851813471502,-5.901851813471502,0.3385088154142725,95.0,-159.193,-228.76678000000092,15040.800000000001,-16874.18,-1833.3799999999999,108,278,139.26666666666668,-60.69848920863309,-4.749689119170984,140.0,-152.8,-0.03934567875647669,0.032369570854103406,-15.187432000000001,15,3,4.4,An iid sequence with this win rate would already produce a streak of about 4.4; only a materially longer run is evidence of a defect.,305.2290434249164,3482.816000000009,247,-0.2913555595929686,-0.3318354214608379,1.0312837325123598,NOT distinguishable from zero (|SR| < 2*SE); do not rank configurations by this.,26.27461139896373,6.5822538860103625,111.4248,215,171,70.23255813953489,73.68421052631578,-1480.7573,-797.3574999999996,-0.5956304145077722,0.5890688946459415,279,72.27979274611398,6867.2,247.0,1.563,False,56,60,107,108,171,0,0,0,0,22682,2025-09-13 14:30:00+00:00,2026-05-18 14:45:00+00:00,-1.2155143771851686,-1.3498924919821988,-1.5689840799694323,0.1414428133046942,3,0.9004527282022973,-1.491335305286893
BTCUSDm,M15,central,train,150,180,50,level,False,0.5,1000.0,-1940.9892000000045,-2940.9892000000045,379,378,1,271,107,0,71.6931216931217,13062.353600000002,15993.789799999999,0.8167140973679674,48.2005667896679,149.47467102803736,-7.75512222222222,-7.75512222222222,0.32246645172831184,115.0,-159.193,-294.0989200000005,13443.000000000002,-16598.893,-3155.893,75,303,179.24000000000004,-54.78182508250825,-8.34892328042328,180.0,-152.8,-0.05170081481481482,0.03295177782544618,-19.542908,15,3,4.4,An iid sequence with this win rate would already produce a streak of about 4.4; only a materially longer run is evidence of a defect.,328.0206106541499,3808.483300000007,247,-1.5594274885582833,-1.5709517276141414,1.5035835407357785,NOT distinguishable from zero (|SR| < 2*SE); do not rank configurations by this.,29.41269841269841,7.369708994708995,105.6897,209,169,69.377990430622,74.55621301775149,-2192.0222000000003,-739.414,-0.597672204585538,0.6341507054673725,273,72.22222222222223,6716.599999999999,247.0,1.53,False,52,60,105,75,198,0,0,0,0,22682,2025-09-13 14:30:00+00:00,2026-05-18 14:45:00+00:00,-1.5689840799694323,-1.413306432652776,-1.5689840799694323,0.13202224825899406,3,1.110151375328031,-1.5453286809117701
BTCUSDm,M15,central,train,150,220,50,level,False,0.5,1000.0,-1715.1850000000106,-2715.1850000000104,357,356,1,256,100,0,71.91011235955057,12224.519200000002,14930.1512,0.8187806698166594,47.75202812500001,149.301512,-7.600089887640447,-7.600089887640447,0.3198361991471326,135.0,-159.193,-271.51850000000104,12498.400000000001,-15515.259999999998,-3016.859999999999,57,299,219.2701754385965,-51.890501672240795,-8.474325842696627,220.00000000000074,-152.8,-0.05066726591760299,0.03442911062773306,-18.037546666666664,19,3,4.4,An iid sequence with this win rate would already produce a streak of about 4.4; only a materially longer run is evidence of a defect.,354.40013547267364,4185.642800000012,247,-0.3952099868460376,-0.5512247197348256,1.0487703570024076,NOT distinguishable from zero (|SR| < 2*SE); do not rank configurations by this.,32.61797752808989,8.172752808988763,114.702,201,155,70.1492537313433,74.19354838709677,-1849.5344999999998,-856.0974999999999,-0.6037344382022473,0.6886328277153563,258,72.47191011235955,6350.900000000001,247.0,1.441,False,48,60,98,57,201,0,0,0,0,22682,2025-09-13 14:30:00+00:00,2026-05-18 14:45:00+00:00,-1.4716402774804733,-1.4716402774804733,-1.5689840799694323,0.07821194262739058,2,1.0,-1.549852220107864
BTCUSDm,M15,central,test,70,100,50,level,False,0.5,1000.0,660.5894999999966,-339.41050000000337,176,176,0,104,72,0,59.09090909090909,4820.898299999998,5160.3088,0.9342267075179683,46.354791346153824,71.67095555555555,-1.9284687500000108,-1.9284687500000108,0.6467723359739781,75.0,-75.9158,-33.94105000000034,4672.383999999999,-5267.287000000001,-594.9030000000022,47,129,99.41242553191488,-40.83168217054264,-3.380130681818194,100.0,-72.4,-0.0275495535714286,0.06611361244941096,-4.848721428571434,11,5,5.2,An iid sequence with this win rate would already produce a streak of about 5.2; only a materially longer run is evidence of a defect.,78.93352944236844,1075.6897999999992,112,-0.01538418934926374,-0.020299106259274464,1.500088749855213,NOT distinguishable from zero (|SR| < 2*SE); do not rank configurations by this.,27.164772727272727,6.796875,40.965,90,86,57.77777777777777,60.46511627906976,-404.4430000000012,65.03249999999952,-0.7992431818181818,0.8778672077922072,104,59.09090909090909,2572.605999999999,111.8,1.575,False,11,12,72,47,57,0,0,0,0,9721,2026-05-08 05:30:00+00:00,2026-08-28 00:00:00+00:00,-0.4167001703697414,-0.40882229286138955,-0.4167001703697414,0.21534187407531843,2,1.019269686721861,-0.624164166936708
BTCUSDm,M15,central,test,70,140,50,level,False,0.5,1000.0,1036.5175999999963,36.517599999996264,164,164,0,98,66,0,59.75609756097561,4768.4263999999985,4731.908799999999,1.0077173084992677,48.65741224489794,71.69558787878786,0.22266829268291513,0.22266829268291513,0.6786667587852211,95.0,-75.9158,3.6517599999996264,4878.392,-4847.8870000000015,30.504999999998063,35,129,139.38262857142857,-37.58051937984497,0.18600609756096378,140.0,-72.4,0.003180975609756097,0.07229996571003301,0.5216799999999999,11,5,5.0,An iid sequence with this win rate would already produce a streak of about 5.0; only a materially longer run is evidence of a defect.,64.63492909290547,1121.2947000000004,112,0.6023645228643256,0.8426023119910582,1.6303982322445836,NOT distinguishable from zero (|SR| < 2*SE); do not rank configurations by this.,31.054878048780488,7.769817073170732,43.4229,83,81,59.036144578313255,60.49382716049383,-199.42290000000133,235.9404999999995,-0.7941475609756097,0.9926127177700347,98,59.75609756097561,2424.087999999999,111.8,1.467,False,9,12,66,35,63,0,0,0,0,9721,2026-05-08 05:30:00+00:00,2026-08-28 00:00:00+00:00,0.043996917267066914,-0.09763875798226947,-0.4167001703697414,0.21444615573276227,3,-0.45060914514148626,-0.3120849137150317
BTCUSDm,M15,central,test,70,180,50,level,False,0.5,1000.0,1138.7831999999976,138.78319999999758,144,143,1,85,58,0,59.44055944055944,4245.360699999998,4152.593,1.0223397043726652,49.94541999999998,71.59643103448276,0.6487251748251632,0.6487251748251632,0.6975965041601714,115.0,-72.6386,13.878319999999757,4485.191999999999,-4269.479000000001,215.71299999999837,25,118,179.40767999999997,-36.182025423728824,1.508482517482506,180.0,-72.4,0.009267502497502559,0.08111339342271033,1.325252857142866,11,4,4.9,An iid sequence with this win rate would already produce a streak of about 4.9; only a materially longer run is evidence of a defect.,57.95532237227018,878.4445000000003,112,0.8492407020005998,1.1286433840057832,1.7496745386431962,NOT distinguishable from zero (|SR| < 2*SE); do not rank configurations by this.,38.65034965034965,9.676573426573425,45.880799999999994,75,68,57.333333333333336,61.76470588235294,-268.8808000000013,361.6484999999998,-0.824239160839161,1.1029445554445545,85,59.44055944055944,2102.9919999999993,111.8,1.279,False,9,12,58,25,60,0,0,0,0,9721,2026-05-08 05:30:00+00:00,2026-08-28 00:00:00+00:00,0.11425366522648552,0.04519488577601546,-0.20323569984398263,0.12087822377877977,3,2.528021993300821,-0.0756833380027643
BTCUSDm,M15,central,test,70,220,50,level,False,0.5,1000.0,1084.3796999999963,84.37969999999632,136,135,1,79,56,0,58.51851851851852,4049.3185999999982,4010.9544000000005,1.0095648556862171,51.257197468354406,71.62418571428573,0.28417925925924187,0.28417925925924187,0.71564091035985,135.0,-72.6386,8.437969999999632,4385.799999999999,-4128.087000000001,257.71299999999746,20,115,219.28999999999996,-35.896408695652184,1.9089851851851665,220.0,-72.4,0.004059703703703723,0.08750709061286363,0.5480600000000027,11,4,5.0,An iid sequence with this win rate would already produce a streak of about 5.0; only a materially longer run is evidence of a defect.,60.51280455998661,1048.4882999999993,112,0.7212338928284222,1.0011334832742822,1.6838053982527184,NOT distinguishable from zero (|SR| < 2*SE); do not rank configurations by this.,43.785185185185185,10.96111111111111,41.784299999999995,66,69,57.57575757575758,59.42028985507246,-325.2843000000022,363.6484999999998,-0.8218958730158731,1.176187195767195,79,58.51851851851852,1953.4919999999993,111.8,1.208,False,7,12,56,20,59,0,0,0,0,9721,2026-05-08 05:30:00+00:00,2026-08-28 00:00:00+00:00,0.046392854284964,0.046392854284964,-0.24494803308136598,0.15581700890620465,2,1.0,-0.10942415462124064
BTCUSDm,M15,central,test,90,100,50,level,False,0.5,1000.0,647.0095999999965,-352.99040000000355,158,158,0,103,55,0,65.18987341772151,4689.241199999998,5042.231599999999,0.9299932196688463,45.526613592232984,91.67693818181817,-2.2341164556962143,-2.2341164556962143,0.4965983211823936,75.0,-92.6386,-35.29904000000036,4474.383999999999,-5155.887000000001,-681.5030000000013,45,113,99.43075555555554,-45.6273185840708,-4.313310126582286,100.0,-92.4,-0.024823516174402403,0.060719575737076474,-3.9221155555555796,11,4,4.4,An iid sequence with this win rate would already produce a streak of about 4.4; only a materially longer run is evidence of a defect.,79.52620316645027,1224.1275999999996,112,-0.11508451848070983,-0.1487515102595947,1.5049584719164775,NOT distinguishable from zero (|SR| < 2*SE); do not rank configurations by this.,32.45569620253165,8.120253164556962,43.4229,79,79,64.55696202531645,65.82278481012658,-281.4229000000021,-71.56749999999971,-0.6826191279887485,0.7259791842475383,103,65.18987341772151,2547.383999999998,111.8,1.414,False,12,10,55,45,58,0,0,0,0,9721,2026-05-08 05:30:00+00:00,2026-08-28 00:00:00+00:00,-0.40882229286138955,-0.41276123161556544,-0.49282960945413523,0.09267941316162949,3,0.9904571009763715,-0.505440644777195
BTCUSDm,M15,central,test,90,140,50,level,False,0.5,1000.0,788.6288999999963,-211.3711000000037,152,152,0,99,53,0,65.13157894736842,4650.737699999998,4862.1088,0.9565268675188836,46.97714848484846,91.73790188679246,-1.3905993421052767,-1.3905993421052767,0.512080040186877,95.0,-95.9158,-21.137110000000373,4600.783999999999,-4985.487,-384.70300000000134,33,119,139.41769696969692,-41.8948487394958,-2.530940789473693,140.0,-92.0,-0.01545110380116974,0.06457482144034099,-2.3485677777778005,11,4,4.4,An iid sequence with this win rate would already produce a streak of about 4.4; only a materially longer run is evidence of a defect.,74.34753995341772,1384.6951999999997,112,0.13751502223645645,0.19623748766363944,1.5070747091661647,NOT distinguishable from zero (|SR| < 2*SE); do not rank configurations by this.,34.75657894736842,8.695723684210526,42.6036,75,77,64.0,66.23376623376623,-266.10360000000213,54.73250000000007,-0.6670298245614038,0.8272481725146195,99,65.13157894736842,2448.083999999998,111.8,1.36,False,9,10,53,33,66,0,0,0,0,9721,2026-05-08 05:30:00+00:00,2026-08-28 00:00:00+00:00,-0.23927443323160585,-0.20323569984398263,-0.40882229286138955,0.16877965851174456,4,1.177324817516258,-0.3720153583557272
BTCUSDm,M15,central,test,90,180,50,level,False,0.5,1000.0,822.0862999999963,-177.9137000000037,132,132,0,84,48,0,63.63636363636363,4221.917899999997,4399.8315999999995,0.9595635205674683,50.26092738095234,91.66315833333333,-1.3478310606060766,-1.3478310606060766,0.548322011752839,115.0,-92.6386,-17.79137000000037,4486.183999999999,-4517.095,-30.91100000000145,25,107,179.44735999999997,-42.21584112149533,-0.23417424242425341,180.0,-92.0,-0.014975900673400815,0.0736873525905996,-1.9768188888889076,11,4,4.4,An iid sequence with this win rate would already produce a streak of about 4.4; only a materially longer run is evidence of a defect.,65.50710920884748,1037.3619999999999,112,0.3093198797221054,0.4171405018100716,1.5354603988674569,NOT distinguishable from zero (|SR| < 2*SE); do not rank configurations by this.,43.553030303030305,10.903409090909092,44.2422,66,66,60.60606060606061,66.66666666666666,-344.2422000000021,166.32850000000008,-0.7010752525252529,0.9100857744107738,84,63.63636363636363,2076.7839999999983,111.8,1.181,False,8,10,48,25,59,0,0,0,0,9721,2026-05-08 05:30:00+00:00,2026-08-28 00:00:00+00:00,-0.20323569984398263,-0.20323569984398263,-0.24494803308136598,0.15670935784371345,4,1.0,-0.3599450576876961
BTCUSDm,M15,central,test,90,220,50,level,False,0.5,1000.0,786.7255999999967,-213.2744000000033,123,123,0,78,45,0,63.41463414634146,3913.9185999999977,4127.192999999999,0.9483245876798101,50.17844358974356,91.71539999999999,-1.733938211382127,-1.733938211382127,0.5471103390460442,135.0,-92.6386,-21.32744000000033,4168.199999999999,-4245.487,-77.28700000000106,19,104,219.378947368421,-40.82199038461538,-0.6283495934959435,220.0,-92.0,-0.019265980126468005,0.07865333672660396,-2.3697155555555645,11,4,4.3,An iid sequence with this win rate would already produce a streak of about 4.3; only a materially longer run is evidence of a defect.,72.27400998996563,1174.8075999999999,112,0.17482003681635172,0.22214774364698012,1.5114173152811006,NOT distinguishable from zero (|SR| < 2*SE); do not rank configurations by this.,49.40650406504065,12.367886178861788,43.4229,58,65,63.793103448275865,63.07692307692307,-163.92290000000213,-49.35149999999955,-0.6931751580849145,0.9678040650406501,78,63.41463414634146,1928.2919999999986,111.8,1.1,False,10,11,45,19,59,0,0,0,0,9721,2026-05-08 05:30:00+00:00,2026-08-28 00:00:00+00:00,-0.24494803308136598,-0.22409186646267432,-0.5553665386721416,0.21380540067301168,3,1.0930697171116006,-0.437897267135686
BTCUSDm,M15,central,test,110,100,50,level,False,0.5,1000.0,558.0937999999965,-441.90620000000354,139,139,0,96,43,0,69.06474820143885,4370.518399999997,4812.4245999999985,0.9081738963764748,45.5262333333333,111.91685116279066,-3.179181294964042,-3.179181294964042,0.4067862244186293,75.0,-117.5544,-44.19062000000035,4174.383999999998,-4912.886999999999,-738.5030000000013,42,97,99.3900952380952,-50.648319587628855,-5.312971223021592,100.0,-112.4,-0.028901648136036722,0.05864430136015687,-4.017329090909104,15,5,3.9,An iid sequence with this win rate would already produce a streak of about 3.9; only a materially longer run is evidence of a defect.,88.43818499760148,1566.0310999999997,112,-0.0725974585775109,-0.0990348124200319,1.5019750962868534,NOT distinguishable from zero (|SR| < 2*SE); do not rank configurations by this.,38.81294964028777,9.71043165467626,48.3387,67,72,67.16417910447761,70.83333333333334,-478.8387000000017,36.93249999999989,-0.6277364290385874,0.6292538260300848,96,69.06474820143885,2372.883999999998,111.8,1.244,False,13,8,43,42,54,0,0,0,0,9721,2026-05-08 05:30:00+00:00,2026-08-28 00:00:00+00:00,-0.49282960945413523,-0.29807000484472385,-0.49282960945413523,0.19824436731955472,3,1.6534022257988326,-0.49631437216427854
BTCUSDm,M15,central,test,110,140,50,level,False,0.5,1000.0,1013.8393999999969,13.839399999996886,130,130,0,91,39,0,70.0,4372.309599999997,4358.470199999999,1.00317528843033,48.04735824175821,111.75564615384613,0.10645692307690961,0.10645692307690961,0.42993226647014143,95.0,-112.6386,1.3839399999996886,4459.783999999999,-4473.486999999999,-13.703000000000713,32,98,139.36824999999996,-45.647826530612235,-0.1054076923076978,140.0,-112.0,0.0009677902097901408,0.06284732836159974,0.1258127272727183,15,5,3.7,An iid sequence with this win rate would already produce a streak of about 3.7; only a materially longer run is evidence of a defect.,65.33655287961393,1189.3198999999995,112,0.6165327181385897,0.9243478738143093,1.636345521765583,NOT distinguishable from zero (|SR| < 2*SE); do not rank configurations by this.,43.93846153846154,10.992307692307692,54.893100000000004,63,67,66.66666666666666,73.13432835820896,-440.39310000000137,454.2324999999997,-0.6238323076923078,0.7174753846153843,91,70.0,2249.083999999998,111.8,1.163,False,9,8,39,32,59,0,0,0,0,9721,2026-05-08 05:30:00+00:00,2026-08-28 00:00:00+00:00,0.015399066834183343,0.015399066834183343,-0.49282960945413523,0.21872303752874972,4,1.0,-0.20332397069456637
BTCUSDm,M15,central,test,110,180,50,level,False,0.5,1000.0,1055.2125999999964,55.21259999999643,120,120,0,83,37,0,69.16666666666667,4190.682799999997,4135.470199999999,1.0133509848529432,50.49015421686743,111.76946486486483,0.46010499999998633,0.46010499999998633,0.4517347763802277,115.0,-112.6386,5.521259999999643,4485.183999999999,-4250.094999999999,235.08899999999915,25,95,179.40735999999998,-44.73784210526315,1.9590749999999928,180.0,-112.0,0.00418277272727267,0.06881742126742499,0.5019327272727203,14,5,3.8,An iid sequence with this win rate would already produce a streak of about 3.8; only a materially longer run is evidence of a defect.,61.478602675782724,1128.9040999999997,112,0.6933504809824342,1.0338857367419665,1.6705767718555753,NOT distinguishable from zero (|SR| < 2*SE); do not rank configurations by this.,50.61666666666667,12.670833333333333,51.615899999999996,58,62,65.51724137931035,72.58064516129032,-345.1159000000014,400.32849999999974,-0.6365490909090912,0.781470227272727,83,69.16666666666667,2051.283999999998,111.8,1.074,False,8,8,37,25,58,0,0,0,0,9721,2026-05-08 05:30:00+00:00,2026-08-28 00:00:00+00:00,0.060780724564182445,0.015399066834183343,-0.5553665386721416,0.3187321901846542,4,3.9470394679539567,-0.30333312335047086
BTCUSDm,M15,central,test,110,220,50,level,False,0.5,1000.0,497.0869999999974,-502.9130000000026,108,108,0,71,37,0,65.74074074074075,3634.5571999999975,4137.470199999999,0.8784491547516158,51.1909464788732,111.8235189189189,-4.656601851851865,-4.656601851851865,0.457783362335349,135.0,-112.6386,-50.29130000000026,3948.1999999999994,-4245.486999999999,-297.28700000000015,18,90,219.3444444444444,-47.172077777777766,-2.752657407407409,220.0,-112.0,-0.04233274410774412,0.07622487341235926,-4.571936363636365,13,5,4.0,An iid sequence with this win rate would already produce a streak of about 4.0; only a materially longer run is evidence of a defect.,94.93417175080059,1668.7110999999995,112,-0.05273000234682153,-0.06843030539586084,1.5010423077951311,NOT distinguishable from zero (|SR| < 2*SE); do not rank configurations by this.,58.25,14.581018518518517,45.0615,49,59,63.26530612244898,67.79661016949152,-510.0615000000013,7.148500000000155,-0.6533317340067339,0.8162625420875421,71,65.74074074074075,1753.791999999998,111.8,0.966,False,10,9,37,18,53,0,0,0,0,9721,2026-05-08 05:30:00+00:00,2026-08-28 00:00:00+00:00,-0.5553665386721416,-0.1301858552586848,-0.5553665386721416,0.23972562519169763,3,4.265951455084001,-0.36991148045038247
BTCUSDm,M15,central,test,130,100,50,level,False,0.5,1000.0,826.342899999996,-173.657100000004,126,126,0,92,34,0,73.01587301587301,4308.213099999997,4481.8702,0.9612534294277413,46.828403260869536,131.8197117647059,-1.3782309523809755,-1.3782309523809755,0.3552458326146001,75.0,-132.6386,-17.365710000000398,4273.383999999998,-4580.487000000001,-307.10300000000257,43,83,99.38102325581391,-55.186590361445795,-2.4373253968254174,100.0,-132.4,-0.010601776556776748,0.056597831408057804,-1.3358238461538703,15,3,3.5,An iid sequence with this win rate would already produce a streak of about 3.5; only a materially longer run is evidence of a defect.,82.47382547373448,1013.2662000000012,112,0.5568685945603385,0.8597684287798071,1.6120997055264783,NOT distinguishable from zero (|SR| < 2*SE); do not rank configurations by this.,45.642857142857146,11.418650793650793,58.989599999999996,61,65,70.49180327868852,75.38461538461539,-454.4896000000017,280.8324999999987,-0.5674998778998781,0.568778327228327,92,73.01587301587301,2274.083999999998,111.8,1.127,False,9,8,34,43,49,0,0,0,0,9721,2026-05-08 05:30:00+00:00,2026-08-28 00:00:00+00:00,-0.18731771682805817,-0.3400736631410967,-0.6932871724417723,0.2900158364115261,3,0.5508151236937745,-0.6300894995526228
BTCUSDm,M15,central,test,130,140,50,level,False,0.5,1000.0,1063.6849999999956,63.684999999995625,123,123,0,90,33,0,73.17073170731707,4413.155199999997,4349.4702,1.014642013181283,49.03505777777775,131.80212727272726,0.51776422764225,0.51776422764225,0.37203540483313713,95.0,-132.6386,6.368499999999562,4598.783999999998,-4460.087000000001,138.69699999999705,33,90,139.35709090909086,-49.556522222222235,1.1276178861788377,140.0,-132.00000000000074,0.003982801751094241,0.059417246009985,0.4898846153845916,15,3,3.4,An iid sequence with this win rate would already produce a streak of about 3.4; only a materially longer run is evidence of a defect.,81.13547200821219,951.0011999999998,112,0.8109593303459378,1.3021466833783046,1.7291217177832,NOT distinguishable from zero (|SR| < 2*SE); do not rank configurations by this.,49.49593495934959,12.382113821138212,61.447500000000005,60,63,70.0,76.19047619047619,-473.94750000000136,537.6324999999983,-0.5511003752345217,0.6573338336460284,90,73.17073170731707,2224.7839999999983,111.8,1.1,False,7,8,33,33,57,0,0,0,0,9721,2026-05-08 05:30:00+00:00,2026-08-28 00:00:00+00:00,0.06703107293840134,0.015399066834183343,-0.5684599753336446,0.32193671720594796,4,4.352930840562599,-0.3065376503717646
BTCUSDm,M15,central,test,130,180,50,level,False,0.5,1000.0,1398.5739999999955,398.5739999999955,115,115,0,84,31,0,73.04347826086956,4484.405599999996,4085.8316000000004,1.097550275934034,53.38578095238091,131.80101935483873,3.4658608695651902,3.4658608695651902,0.40504831611851255,115.0,-132.6386,39.85739999999955,5022.183999999998,-4196.095000000001,826.088999999997,28,87,179.36371428571422,-48.23097701149427,7.183382608695626,180.0,-132.00000000000074,0.026660468227424558,0.06485105903001753,3.0659538461538243,14,3,3.4,An iid sequence with this win rate would already produce a streak of about 3.4; only a materially longer run is evidence of a defect.,76.81860187817202,936.9866000000004,112,1.1941960329385353,2.059877313722643,1.9632542335932712,NOT distinguishable from zero (|SR| < 2*SE); do not rank configurations by this.,56.504347826086956,14.143478260869564,53.25449999999999,56,59,71.42857142857143,74.57627118644068,-173.7545000000014,572.3284999999983,-0.5541183277591979,0.7299917725752504,84,73.04347826086956,2076.7839999999983,111.8,1.029,False,7,8,31,28,56,0,0,0,0,9721,2026-05-08 05:30:00+00:00,2026-08-28 00:00:00+00:00,0.4111030509938821,0.060780724564182445,-0.20690628232076175,0.20009801642599143,4,6.763707638262371,-0.13931729186180897
BTCUSDm,M15,central,test,130,220,50,level,False,0.5,1000.0,985.0869999999958,-14.913000000004217,100,100,0,70,30,0,70.0,3940.9185999999972,3955.8316000000004,0.9962301226371711,56.2988371428571,131.86105333333336,-0.14913000000002796,-0.14913000000002796,0.42695576684450187,135.0,-132.6386,-1.4913000000004217,4606.199999999999,-4058.487000000001,547.7129999999977,21,79,219.3428571428571,-51.37325316455698,5.477129999999977,220.0,-132.00000000000074,-0.0011471538461539834,0.0743761564590406,-0.11471538461539835,13,3,3.5,An iid sequence with this win rate would already produce a streak of about 3.5; only a materially longer run is evidence of a defect.,63.05407906748347,1018.9519000000003,112,0.5811769967396357,0.7992259263967575,1.621723632198691,NOT distinguishable from zero (|SR| < 2*SE); do not rank configurations by this.,64.88,16.23,45.061499999999995,45,55,68.88888888888889,70.9090909090909,-235.56150000000133,220.6484999999986,-0.5873064615384616,0.7696848461538459,70,70.0,1729.2919999999983,111.8,0.895,False,8,9,30,21,49,0,0,0,0,9721,2026-05-08 05:30:00+00:00,2026-08-28 00:00:00+00:00,-0.015423677436003674,0.01604128753550309,-0.5553665386721416,0.3452485718209832,3,-0.9614987202160361,-0.3292072842854801
BTCUSDm,M15,central,test,150,100,50,level,False,0.5,1000.0,297.3042999999964,-702.6957000000036,125,125,0,92,33,0,73.6,4311.451699999998,5014.1474,0.8598573907101331,46.863605434782585,151.9438606060606,-5.621565600000016,-5.621565600000016,0.3084271075373303,75.0,-152.6386,-70.26957000000036,4276.383999999998,-5110.887000000001,-834.5030000000022,43,82,99.45079069767438,-62.327890243902445,-6.676024000000018,100.0,-152.4,-0.03747710400000018,0.05405711441047584,-4.684638000000022,15,4,3.4,An iid sequence with this win rate would already produce a streak of about 3.4; only a materially longer run is evidence of a defect.,101.1035500386418,1471.0976000000005,112,0.011422672592530013,0.01644967015505227,1.5000489282454426,NOT distinguishable from zero (|SR| < 2*SE); do not rank configurations by this.,47.68,11.928,60.62820000000001,62,63,72.58064516129032,74.60317460317461,-464.6282000000017,-238.06750000000022,-0.51706656,0.4859025599999998,92,73.6,2274.8839999999987,111.8,1.118,False,12,8,33,43,49,0,0,0,0,9721,2026-05-08 05:30:00+00:00,2026-08-28 00:00:00+00:00,-0.6932871724417723,-0.5684599753336446,-0.6932871724417723,0.2152147094236226,2,1.219588365979264,-0.7836746847572672
BTCUSDm,M15,central,test,150,140,50,level,False,0.5,1000.0,415.74289999999655,-584.2571000000034,119,119,0,87,32,0,73.10924369747899,4277.490299999998,4861.747399999999,0.8798256980607422,49.166555172413766,151.92960624999998,-4.909723529411778,-4.909723529411778,0.3236140498614224,95.0,-152.6386,-58.42571000000034,4460.783999999999,-4966.487,-505.7030000000012,32,87,139.39949999999996,-57.08605747126437,-4.249605042016817,140.0,-152.0,-0.032731490196078586,0.05757923445158577,-3.8950473333333515,15,4,3.4,An iid sequence with this win rate would already produce a streak of about 3.4; only a materially longer run is evidence of a defect.,95.53193275059625,1558.2824,112,-0.27513988526050825,-0.3613418693630706,1.5281245698629453,NOT distinguishable from zero (|SR| < 2*SE); do not rank configurations by this.,52.134453781512605,13.042016806722689,58.989599999999996,59,60,71.1864406779661,75.0,-609.9896000000014,25.732499999999675,-0.5110910924369749,0.5567636414565822,87,73.10924369747899,2151.0839999999985,111.8,1.065,False,9,8,32,32,55,0,0,0,0,9721,2026-05-08 05:30:00+00:00,2026-08-28 00:00:00+00:00,-0.5684599753336446,-0.3876831288272031,-0.6932871724417723,0.299983713478989,3,1.4663005250017385,-0.6876668423061921
BTCUSDm,M15,central,test,150,180,50,level,False,0.5,1000.0,792.2974999999979,-207.70250000000215,105,105,0,77,28,0,73.33333333333333,4046.406299999998,4254.1088,0.9511760253992558,52.55073116883114,151.93245714285715,-1.9781190476190602,-1.9781190476190602,0.34588219105427487,115.0,-152.6386,-20.770250000000214,4485.191999999999,-4354.479,130.71299999999906,25,80,179.40767999999997,-54.4309875,1.2448857142857053,180.0,-152.0,-0.013187460317460457,0.06373639393421733,-1.384683333333348,13,4,3.3,An iid sequence with this win rate would already produce a streak of about 3.3; only a materially longer run is evidence of a defect.,82.49020287075727,1205.4445000000003,112,0.5011668096622561,0.693666314388515,1.5914032149318489,NOT distinguishable from zero (|SR| < 2*SE); do not rank configurations by this.,61.266666666666666,15.335714285714285,57.351,54,51,72.22222222222221,74.50980392156863,-371.35100000000125,163.64850000000018,-0.522600888888889,0.6293189841269838,77,73.33333333333333,1904.7919999999986,111.8,0.939,False,10,8,28,25,52,0,0,0,0,9721,2026-05-08 05:30:00+00:00,2026-08-28 00:00:00+00:00,-0.20690628232076175,-0.07970001490687595,-0.5684599753336446,0.3578183106629368,3,2.5960632825792778,-0.43751832556981274
BTCUSDm,M15,central,test,150,220,50,level,False,0.5,1000.0,1048.2132999999972,48.21329999999716,94,94,0,68,26,0,72.34042553191489,3999.6834999999983,3951.4701999999997,1.0122013573580786,58.81887499999998,151.97962307692308,0.5129074468084974,0.5129074468084974,0.3870181660486771,135.0,-152.6386,4.821329999999716,4825.799999999999,-4046.0870000000004,779.7129999999992,22,72,219.35454545454542,-56.19565277777778,8.294819148936162,220.0,-152.0,0.003419382978723279,0.07197753555110933,0.3214219999999882,13,4,3.3,An iid sequence with this win rate would already produce a streak of about 3.3; only a materially longer run is evidence of a defect.,66.56194504649213,1353.9519000000003,112,0.6895513074292655,0.9079892717576417,1.6688067986662165,NOT distinguishable from zero (|SR| < 2*SE); do not rank configurations by this.,69.72340425531915,17.44148936170213,52.435199999999995,44,50,72.72727272727273,72.0,-85.93520000000137,134.14850000000013,-0.5239444680851063,0.7034307801418436,68,72.34042553191489,1680.7919999999986,111.8,0.841,False,6,10,26,22,46,0,0,0,0,9721,2026-05-08 05:30:00+00:00,2026-08-28 00:00:00+00:00,0.047506252507009857,-0.015423677436003674,-0.20690628232076175,0.10819298700500009,2,-3.0800859719819766,-0.12361666444100376
BTCUSDm,M30,central,train,70,100,50,level,False,0.5,1000.0,-1603.054500000003,-2603.054500000003,347,347,0,187,160,0,53.89048991354467,8802.3089,11405.363399999998,0.7717692625208243,47.0711705882353,71.28352124999999,-7.501597982708933,-7.501597982708933,0.6603373369162133,75.0,-75.9158,-260.3054500000003,8737.472000000002,-11775.415999999997,-3037.944,88,259,99.28945454545456,-45.46492664092663,-8.754881844380403,100.07200000000012,-72.8,-0.10716568546727047,0.04764264130851881,-37.18649285714285,12,6,6.8,An iid sequence with this win rate would already produce a streak of about 6.8; only a materially longer run is evidence of a defect.,302.0604439911889,3127.7483000000007,257,0.9147781654518327,8.36459968133573,1.1793277871460033,NOT distinguishable from zero (|SR| < 2*SE); do not rank configurations by this.,5.054755043227666,2.5360230547550433,20.4825,206,141,52.42718446601942,56.02836879432624,-1766.854499999999,-836.2000000000003,-1.0221895018526144,0.9549043639357762,188,54.178674351585016,4633.099999999999,257.4,1.348,False,33,82,159,88,100,0,0,0,0,11342,2025-09-03 05:00:00+00:00,2026-05-18 14:30:00+00:00,-2.24936490765277,-2.24936490765277,-2.333466499045924,0.10088777661544558,2,1.0,-2.3502526842682157
BTCUSDm,M30,central,train,70,140,50,level,False,0.5,1000.0,-1469.7642000000014,-2469.7642000000014,340,340,0,184,156,0,54.11764705882353,8645.2834,11115.047599999998,0.7777999439246668,46.985235869565216,71.25030512820511,-7.264012352941174,-7.264012352941174,0.6594390828926522,95.0,-72.8,-246.97642000000016,8634.600000000002,-11528.416000000001,-2893.8159999999993,62,278,139.2677419354839,-41.469122302158276,-8.511223529411764,140.0,-72.8,-0.10377160504201675,0.04964732367565274,-35.2823457142857,12,6,6.7,An iid sequence with this win rate would already produce a streak of about 6.7; only a materially longer run is evidence of a defect.,300.77694112148015,3114.457999999999,257,0.12779733846766095,0.16932519725337355,0.99425950022738,NOT distinguishable from zero (|SR| < 2*SE); do not rank configurations by this.,6.208823529411765,3.113235294117647,27.8562,201,139,52.736318407960205,56.11510791366906,-1718.2641999999992,-751.4999999999995,-1.0407963025210087,1.0393029831932776,185,54.411764705882355,4558.999999999999,257.4,1.321,False,30,80,155,62,123,0,0,0,0,11342,2025-09-03 05:00:00+00:00,2026-05-18 14:30:00+00:00,-2.090175207025445,-2.1697700573391074,-2.258324286314279,0.11936322750024782,3,0.9633164583295645,-2.2891332848393553
BTCUSDm,M30,central,train,70,180,50,level,False,0.5,1000.0,-1416.0607000000023,-2416.0607000000023,336,336,0,180,156,0,53.57142857142857,8698.9869,11115.047599999998,0.7826315471649443,48.327705,71.25030512820511,-7.190656845238093,-7.190656845238093,0.6782806742096185,115.0,-72.8,-241.60607000000024,8962.800000000001,-11542.815999999999,-2580.0159999999996,50,286,179.25600000000003,-40.3594965034965,-7.678619047619047,180.0,-72.8,-0.10272366921768701,0.05211793542877677,-34.51515285714284,11,6,6.8,An iid sequence with this win rate would already produce a streak of about 6.8; only a materially longer run is evidence of a defect.,294.5812775055992,3050.3037000000004,257,0.9247129353322224,1.5778167578431186,1.1831203312949174,NOT distinguishable from zero (|SR| < 2*SE); do not rank configurations by this.,7.4375,3.730654761904762,31.9527,198,138,52.02020202020202,55.79710144927537,-1729.3606999999993,-686.6999999999997,-1.046595110544218,1.1014627976190479,181,53.86904761904762,4459.9,257.4,1.305,False,28,79,155,50,131,0,0,0,0,11342,2025-09-03 05:00:00+00:00,2026-05-18 14:30:00+00:00,-1.970985004923438,-2.213160632129177,-2.342260598895525,0.15997666951895317,3,0.8905747627668792,-2.37313730164813
BTCUSDm,M30,central,train,70,220,50,level,False,0.5,1000.0,-1862.4764999999961,-2862.476499999996,328,328,0,174,154,0,53.048780487804876,8110.571099999999,10973.0476,0.7391356891589533,46.61247758620689,71.25355584415584,-8.727062499999999,-8.727062499999999,0.6541775639682691,135.0,-72.8,-286.2476499999996,8111.000000000001,-11416.016,-3305.0160000000005,37,291,219.21621621621625,-39.230295532646046,-10.07626829268293,220.0,-72.8,-0.12467232142857138,0.05336666388754896,-40.89252142857141,10,6,6.8,An iid sequence with this win rate would already produce a streak of about 6.8; only a materially longer run is evidence of a defect.,338.17649166418005,3501.719499999999,257,-1.0541560835452874,-1.064417516602662,1.2350536403668217,NOT distinguishable from zero (|SR| < 2*SE); do not rank configurations by this.,8.490853658536585,4.257621951219512,36.8685,190,138,51.05263157894737,55.79710144927537,-2063.276499999999,-799.1999999999999,-1.066602047038328,1.155132404181185,175,53.353658536585364,4309.900000000001,257.4,1.274,False,26,77,153,37,138,0,0,0,0,11342,2025-09-03 05:00:00+00:00,2026-05-18 14:30:00+00:00,-2.336146057232909,-2.336146057232909,-2.513562959634776,0.2258834970904673,2,1.0,-2.5620295543233764
BTCUSDm,M30,central,train,90,100,50,level,False,0.5,1000.0,-1956.0375999999965,-2956.0375999999965,318,318,0,188,130,0,59.119496855345915,8875.810000000001,11831.847600000001,0.7501626373213259,47.21175531914894,91.01421230769232,-9.295715723270442,-9.295715723270442,0.5187294832541083,75.00000000000074,-92.80000000000001,-295.6037599999997,8838.872000000001,-12197.704999999998,-3358.8329999999996,89,229,99.31316853932586,-53.265087336244534,-10.562367924528301,100.07200000000012,-92.8,-0.10328573025856046,0.04426278684557525,-32.844862222222226,12,5,5.9,An iid sequence with this win rate would already produce a streak of about 5.9; only a materially longer run is evidence of a defect.,334.4015815025241,3462.631399999998,257,1.7051843101177728,3.97554605708898,1.5511566475990928,NOT distinguishable from zero (|SR| < 2*SE); do not rank configurations by this.,6.0062893081761,3.0125786163522017,22.1211,188,130,57.97872340425532,60.76923076923077,-1848.5375999999992,-1107.500000000001,-0.8606895527603078,0.786712788259958,189,59.43396226415094,4657.900000000001,257.4,1.235,False,37,81,129,89,100,0,0,0,0,11342,2025-09-03 05:00:00+00:00,2026-05-18 14:30:00+00:00,-2.333466499045924,-2.253844596983525,-2.333466499045924,0.05071285082878133,3,1.035327148184468,-2.3045574478123063
BTCUSDm,M30,central,train,90,140,50,level,False,0.5,1000.0,-1887.4279999999965,-2887.4279999999962,310,310,0,184,126,0,59.354838709677416,8579.019600000001,11466.4476,0.7481846077594252,46.62510652173914,91.00355238095237,-9.31428387096774,-9.31428387096774,0.5123438074874325,95.00000000000074,-92.80000000000001,-288.74279999999965,8495.600000000002,-11871.304999999998,-3375.705,61,249,139.27213114754102,-47.67592369477911,-10.889370967741936,140.00000000000074,-92.8,-0.10349204301075268,0.045826918497900014,-32.08253333333333,12,5,5.8,An iid sequence with this win rate would already produce a streak of about 5.8; only a materially longer run is evidence of a defect.,337.433090834992,3494.0217999999973,257,-1.0028622162479832,-1.0054452461973382,1.213930668604681,NOT distinguishable from zero (|SR| < 2*SE); do not rank configurations by this.,7.077419354838709,3.5483870967741935,28.6755,182,128,58.24175824175825,60.9375,-1864.6279999999992,-1022.7999999999998,-0.8779304659498212,0.8593536917562726,185,59.67741935483871,4558.8,257.4,1.204,False,33,79,125,61,124,0,0,0,0,11342,2025-09-03 05:00:00+00:00,2026-05-18 14:30:00+00:00,-2.258324286314279,-2.258324286314279,-2.342260598895525,0.2039192257054354,4,1.0,-2.462243512019714
BTCUSDm,M30,central,train,90,180,50,level,False,0.5,1000.0,-2060.0437999999967,-3060.0437999999967,305,305,0,179,126,0,58.68852459016394,8406.4038,11466.4476,0.7331306166698045,46.963149720670394,91.00355238095237,-10.032930491803278,-10.032930491803278,0.5160584229072368,115.0,-92.80000000000001,-306.0043799999996,8425.2,-11888.105,-3462.9049999999997,47,258,179.25957446808513,-46.077926356589145,-11.353786885245901,180.0,-92.8,-0.1114770054644809,0.047593767114149046,-34.000486666666674,11,5,5.9,An iid sequence with this win rate would already produce a streak of about 5.9; only a materially longer run is evidence of a defect.,338.94524327576545,3509.6796999999983,257,0.0841227479176435,0.10012887934317401,0.9919749122642909,NOT distinguishable from zero (|SR| < 2*SE); do not rank configurations by this.,8.554098360655738,4.2901639344262295,33.591300000000004,178,127,57.30337078651685,60.629921259842526,-1991.5438,-1068.5000000000007,-0.886390273224044,0.9075035336976323,180,59.01639344262295,4434.700000000001,257.4,1.185,False,31,77,125,47,133,0,0,0,0,11342,2025-09-03 05:00:00+00:00,2026-05-18 14:30:00+00:00,-2.342260598895525,-2.258324286314279,-2.513562959634776,0.22759202603356946,4,1.0371675197800025,-2.4859163123478485
BTCUSDm,M30,central,train,90,220,50,level,False,0.5,1000.0,-2274.1595999999963,-3274.1595999999963,298,298,0,175,123,0,58.7248322147651,7917.488,11191.647600000002,0.7074461493944822,45.24278857142858,90.9890048780488,-10.987112751677852,-10.987112751677852,0.4972335792886933,135.0,-92.80000000000001,-327.4159599999996,7673.800000000001,-11629.904999999999,-3956.1050000000005,35,263,219.2514285714286,-44.220171102661595,-13.27552013422819,220.0,-92.8,-0.12207903057419839,0.04856812124249978,-36.37955111111112,10,5,5.8,An iid sequence with this win rate would already produce a streak of about 5.8; only a materially longer run is evidence of a defect.,365.4178146949554,3783.795499999998,257,1.1462659725845576,2.079436391206148,1.2746474841402735,NOT distinguishable from zero (|SR| < 2*SE); do not rank configurations by this.,9.775167785234899,4.901006711409396,38.5071,172,126,56.97674418604651,61.111111111111114,-2145.9595999999997,-1128.2000000000007,-0.8996131245339303,0.9559436241610739,176,59.060402684563755,4334.700000000001,257.4,1.158,False,30,76,122,35,141,0,0,0,0,11342,2025-09-03 05:00:00+00:00,2026-05-18 14:30:00+00:00,-2.513562959634776,-2.339203328064217,-2.513562959634776,0.1567162884960148,3,1.074538040143286,-2.495919616560232
BTCUSDm,M30,central,train,110,100,50,level,False,0.5,1000.0,-1948.375199999997,-2948.3751999999968,289,289,0,183,106,0,63.32179930795848,8707.5521,11655.9273,0.7470492802404491,47.58225191256831,109.96157830188679,-10.201990311418683,-10.201990311418683,0.432717069428894,75.00000000000074,-115.9158,-294.83751999999964,8738.872000000001,-12078.517,-3339.6449999999995,88,201,99.30536363636365,-60.09212437810945,-11.555865051903112,100.07200000000012,-112.8,-0.09274536646744258,0.04233422944006638,-26.803410909090907,12,4,5.2,An iid sequence with this win rate would already produce a streak of about 5.2; only a materially longer run is evidence of a defect.,343.0853881953238,3552.549699999998,257,0.4464172085513499,0.621394465364208,1.0383883217528391,NOT distinguishable from zero (|SR| < 2*SE); do not rank configurations by this.,7.204152249134948,3.6124567474048446,31.9527,171,118,63.1578947368421,63.559322033898304,-1631.6751999999992,-1316.7000000000012,-0.7670146272412709,0.6854234350424662,185,64.01384083044982,4561.5,257.4,1.123,False,43,73,104,88,97,0,0,0,0,11342,2025-09-03 05:00:00+00:00,2026-05-18 14:30:00+00:00,-2.1907890540146595,-2.0436617281135954,-2.333466499045924,0.2159422393135759,3,1.0719920150566553,-2.259603967427171
BTCUSDm,M30,central,train,110,140,50,level,False,0.5,1000.0,-1428.8077000000014,-2428.807700000001,280,280,0,180,100,0,64.28571428571429,8556.919600000001,10985.7273,0.7789124348644628,47.53844222222223,109.857273,-8.674313214285712,-8.674313214285712,0.43272913048025713,95.00000000000074,-115.9158,-242.88077000000013,8637.000000000002,-11449.517,-2812.516999999999,62,218,139.30645161290326,-52.52072018348624,-10.044703571428567,140.00000000000074,-112.8,-0.07885739285714283,0.0438289975119238,-22.080069999999992,15,4,5.0,An iid sequence with this win rate would already produce a streak of about 5.0; only a materially longer run is evidence of a defect.,306.17778769275066,3170.3821999999996,257,-0.40624184748339887,-0.480263201697056,1.0302696697895546,NOT distinguishable from zero (|SR| < 2*SE); do not rank configurations by this.,8.267857142857142,4.144642857142857,36.0492,165,115,63.63636363636363,65.21739130434783,-1393.807699999999,-1035.0000000000002,-0.7805474350649353,0.7506339610389613,182,65.0,4486.5,257.4,1.088,False,40,73,98,62,120,0,0,0,0,11342,2025-09-03 05:00:00+00:00,2026-05-18 14:30:00+00:00,-1.7992059443223507,-1.9091602376849628,-2.258324286314279,0.3359277813563835,4,0.9424069854419648,-2.2450880190413463
BTCUSDm,M30,central,train,110,180,50,level,False,0.5,1000.0,-1622.9235000000015,-2622.9235000000017,277,277,0,177,100,0,63.898916967509024,8362.803800000002,10985.7273,0.7612426170454824,47.247479096045204,109.857273,-9.469037906137183,-9.469037906137183,0.4300805746019674,115.0,-115.9158,-262.29235000000017,8428.400000000001,-11471.116999999998,-3042.7169999999996,47,230,179.32765957446813,-49.874421739130426,-10.984537906137183,180.0,-112.8,-0.0860821627830653,0.04508901928915514,-23.844759090909086,14,4,5.1,An iid sequence with this win rate would already produce a streak of about 5.1; only a materially longer run is evidence of a defect.,314.4984359774444,3256.5401000000006,257,1.0042048124439902,31.878751159829143,1.2144746994532412,NOT distinguishable from zero (|SR| < 2*SE); do not rank configurations by this.,9.8014440433213,4.915162454873647,40.965,163,114,63.190184049079754,64.91228070175438,-1431.7234999999994,-1191.2,-0.7822015096816544,0.7935340662947163,179,64.62093862815884,4412.4,257.4,1.076,False,38,71,98,47,132,0,0,0,0,11342,2025-09-03 05:00:00+00:00,2026-05-18 14:30:00+00:00,-1.9091602376849628,-1.9091602376849628,-2.342260598895525,0.2751765393026756,4,1.0,-2.1843367769876383
BTCUSDm,M30,central,train,110,220,50,level,False,0.5,1000.0,-1864.6332999999972,-2864.6332999999972,271,271,0,173,98,0,63.837638376383765,7982.1687,10846.802000000001,0.7359006553267958,46.13970346820809,110.68165306122451,-10.570602583025831,-10.570602583025831,0.41686857931806925,135.0,-115.9158,-286.4633299999997,7893.8,-11271.504999999997,-3377.705000000001,36,235,219.27222222222224,-47.96385106382978,-12.463856088560888,220.0,-112.8,-0.09609638711841663,0.04631310800342116,-26.042120909090908,14,4,5.1,An iid sequence with this win rate would already produce a streak of about 5.1; only a materially longer run is evidence of a defect.,354.1721496787454,3667.349899999999,257,0.7860301639895381,6.874283887979351,1.1328973062219956,NOT distinguishable from zero (|SR| < 2*SE); do not rank configurations by this.,11.092250922509225,5.560885608856089,45.880799999999994,157,114,62.42038216560509,65.78947368421053,-1837.8332999999998,-1026.8000000000006,-0.7910829922844687,0.8413109694733313,174,64.20664206642067,4286.700000000001,257.4,1.053,False,36,71,97,36,138,0,0,0,0,11342,2025-09-03 05:00:00+00:00,2026-05-18 14:30:00+00:00,-2.0749284870131794,-1.9920443623490711,-2.513562959634776,0.2849933233138661,3,1.041607569706113,-2.277037685662937
BTCUSDm,M30,central,train,130,100,50,level,False,0.5,1000.0,-1690.4567999999979,-2690.456799999998,269,269,0,180,89,0,66.91449814126393,8675.571100000001,11366.0279,0.7632896185306743,48.19761722222223,127.70817865168539,-10.001698141263935,-10.001698141263935,0.37740431138461117,75.00000000000074,-135.9158,-269.04567999999983,8840.272,-11845.809999999998,-3005.5379999999977,89,180,99.32889887640451,-65.81005555555554,-11.17300371747211,100.07200000000012,-132.8,-0.07693613954818411,0.0405666986364334,-20.695821538461527,15,4,4.7,An iid sequence with this win rate would already produce a streak of about 4.7; only a materially longer run is evidence of a defect.,321.7889540122322,3332.031299999998,257,1.201794525271461,11.172835091623172,1.2994806957431357,NOT distinguishable from zero (|SR| < 2*SE); do not rank configurations by this.,8.338289962825279,4.180297397769516,37.687799999999996,161,108,65.83850931677019,68.51851851851852,-1632.956799999998,-1057.5000000000011,-0.6886200743494423,0.603463397197598,183,68.02973977695167,4512.000000000001,257.4,1.045,False,42,72,86,89,94,0,0,0,0,11342,2025-09-03 05:00:00+00:00,2026-05-18 14:30:00+00:00,-1.896534402212531,-1.6734362258134223,-2.1907890540146595,0.34951827818524467,3,1.1333174058011475,-2.022954503998667
BTCUSDm,M30,central,train,130,140,50,level,False,0.5,1000.0,-869.6664999999998,-1869.6664999999998,261,261,0,178,83,0,68.19923371647509,8706.1614,10575.827899999998,0.823213225699333,48.9110191011236,127.41961325301203,-7.163473180076621,-7.163473180076621,0.383857852432835,95.00000000000074,-135.9158,-186.96665,9053.800000000001,-11092.21,-2038.4099999999976,65,196,139.28923076923078,-56.5929081632653,-7.809999999999991,140.00000000000074,-132.8,-0.05510363984674325,0.04187547891073526,-14.382049999999987,15,4,4.5,An iid sequence with this win rate would already produce a streak of about 4.5; only a materially longer run is evidence of a defect.,260.50846426408845,2697.4895999999967,257,-0.9675213333612243,-0.9678765547857404,1.1997864415095436,NOT distinguishable from zero (|SR| < 2*SE); do not rank configurations by this.,9.735632183908047,4.879310344827586,45.061499999999995,155,106,66.45161290322581,70.75471698113208,-1368.866499999998,-500.79999999999984,-0.6967987032124966,0.6733563513115237,181,69.34865900383141,4461.5,257.4,1.014,False,39,73,80,65,116,0,0,0,0,11342,2025-09-03 05:00:00+00:00,2026-05-18 14:30:00+00:00,-1.3158927677986938,-1.5175491541183372,-1.896534402212531,0.33540114000817756,4,0.8671170645297474,-1.8529502941265148
BTCUSDm,M30,central,train,130,180,50,level,False,0.5,1000.0,-1183.5437000000009,-2183.543700000001,258,258,0,175,83,0,67.82945736434108,8392.284200000002,10575.827899999998,0.7935344900988794,47.955909714285724,127.41961325301203,-8.463347674418598,-8.463347674418598,0.3763620724468971,115.0,-135.9158,-218.3543700000001,8607.000000000002,-11118.009999999998,-2511.0099999999984,48,210,179.31250000000003,-52.94290476190476,-9.7325968992248,180.0,-132.8,-0.06510267441860462,0.042899878558746156,-16.79648999999999,14,4,4.6,An iid sequence with this win rate would already produce a streak of about 4.6; only a materially longer run is evidence of a defect.,291.60542400511457,3019.489599999997,257,-0.7417834257027657,-0.8169012699520593,1.1181741892200836,NOT distinguishable from zero (|SR| < 2*SE); do not rank configurations by this.,11.2015503875969,5.616279069767442,48.338699999999996,153,105,66.01307189542483,70.47619047619048,-1475.6436999999985,-707.9,-0.6947571258199167,0.7137501490757305,178,68.9922480620155,4387.2,257.4,1.002,False,37,70,80,48,130,0,0,0,0,11342,2025-09-03 05:00:00+00:00,2026-05-18 14:30:00+00:00,-1.5175491541183372,-1.5175491541183372,-1.9091602376849628,0.29796599603662227,4,1.0,-1.8155151501549596
BTCUSDm,M30,central,train,130,220,50,level,False,0.5,1000.0,-1559.1955999999955,-2559.1955999999955,253,253,0,170,83,0,67.19367588932806,8121.5070000000005,10680.702599999999,0.760390706881025,47.773570588235295,128.68316385542167,-10.11539762845849,-10.11539762845849,0.3712495804183828,135.0,-135.9158,-255.91955999999954,8332.4,-11158.797999999997,-2826.3979999999992,38,215,219.2736842105263,-51.90138604651161,-11.171533596837941,220.0,-132.8,-0.07781075098814225,0.0444675445167694,-19.68611999999999,14,4,4.6,An iid sequence with this win rate would already produce a streak of about 4.6; only a materially longer run is evidence of a defect.,331.79504785744865,3435.6414999999993,257,1.3312741909911128,2.94392139246145,1.359944869593104,NOT distinguishable from zero (|SR| < 2*SE); do not rank configurations by this.,12.533596837944664,6.282608695652175,50.7966,148,105,64.86486486486487,70.47619047619048,-1899.7955999999988,-659.4000000000004,-0.7004623289753726,0.7558377318333842,172,67.98418972332016,4237.200000000001,257.4,0.983,False,34,70,81,38,134,0,0,0,0,11342,2025-09-03 05:00:00+00:00,2026-05-18 14:30:00+00:00,-1.74983241898591,-1.6336907865521235,-2.0749284870131794,0.3284953204769587,3,1.0710915635870735,-1.9621861070290822
BTCUSDm,M30,central,train,150,100,50,level,False,0.5,1000.0,-1149.2536000000018,-2149.253600000002,257,257,0,182,75,0,70.8171206225681,8811.2971,10960.550699999998,0.8039100717813387,48.413720329670326,146.14067599999998,-8.362854474708165,-8.362854474708165,0.33128162298681535,75.00000000000074,-154.2772,-214.92536000000018,9038.872000000003,-11432.985999999997,-2394.1139999999964,91,166,99.32826373626376,-68.8734096385542,-9.315618677042787,100.07200000000012,-152.8,-0.05575236316472109,0.038440943604310336,-14.32835733333332,15,5,4.2,An iid sequence with this win rate would already produce a streak of about 4.2; only a materially longer run is evidence of a defect.,279.4753305500591,2893.8859999999995,257,-0.8027363032442228,-0.9447901324133907,1.1386260102463062,NOT distinguishable from zero (|SR| < 2*SE); do not rank configurations by this.,10.797665369649806,5.418287937743191,50.7966,151,106,69.5364238410596,72.64150943396226,-1293.9535999999976,-855.3000000000005,-0.630764383916991,0.5474289234760051,185,71.98443579766537,4559.5,257.4,0.998,False,45,68,72,91,94,0,0,0,0,11342,2025-09-03 05:00:00+00:00,2026-05-18 14:30:00+00:00,-1.4503380494143137,-1.4503380494143137,-1.896534402212531,0.3785765473067111,2,1.0,-1.8289145967210247
BTCUSDm,M30,central,train,150,140,50,level,False,0.5,1000.0,-456.5644999999986,-1456.5644999999986,253,253,0,181,72,0,71.54150197628458,9049.586200000002,10506.150699999998,0.861360783640768,49.99771381215471,145.9187597222222,-5.757171936758884,-5.757171936758884,0.34264075371345465,95.00000000000074,-154.2772,-145.65644999999986,9612.000000000002,-11004.233999999997,-1392.2339999999965,69,184,139.304347826087,-59.80561956521738,-5.502901185770737,140.00000000000074,-152.8,-0.03838114624505923,0.039591391966742995,-9.710429999999985,15,5,4.1,An iid sequence with this win rate would already produce a streak of about 4.1; only a materially longer run is evidence of a defect.,223.38152396349088,2313.0508999999965,257,1.5408905533025965,5.384826821022347,1.4644520706181416,NOT distinguishable from zero (|SR| < 2*SE); do not rank configurations by this.,11.802371541501977,5.92094861660079,61.447500000000005,148,105,70.27027027027027,73.33333333333333,-910.0644999999975,-546.4999999999999,-0.6273589459815548,0.6044832411067194,184,72.72727272727273,4534.7,257.4,0.983,False,41,68,69,69,115,0,0,0,0,11342,2025-09-03 05:00:00+00:00,2026-05-18 14:30:00+00:00,-0.9694315945572113,-1.195348693144391,-1.4503380494143137,0.19033428229816501,3,0.8110031826839582,-1.3856829754425561
BTCUSDm,M30,central,train,150,180,50,level,False,0.5,1000.0,-627.4837999999997,-1627.4837999999997,249,249,0,178,71,0,71.4859437751004,8726.266900000002,10353.750699999995,0.8428121511560064,49.02397134831462,145.82747464788724,-6.536079518072281,-6.536079518072281,0.3361778805172834,115.0,-154.2772,-162.74837999999997,9145.200000000003,-10880.033999999996,-1734.8339999999973,51,198,179.31764705882358,-54.949666666666644,-6.9672048192770974,180.0,-152.8,-0.043573863453815205,0.040541194840629576,-10.849891999999986,14,5,4.1,An iid sequence with this win rate would already produce a streak of about 4.1; only a materially longer run is evidence of a defect.,261.63377825163616,2709.141899999997,257,1.3752674459503431,3.6953059270978663,1.381240953678126,NOT distinguishable from zero (|SR| < 2*SE); do not rank configurations by this.,13.373493975903614,6.706827309236948,62.2668,145,104,69.6551724137931,74.03846153846155,-1069.3837999999978,-558.1,-0.6278881124497994,0.6439349933065598,181,72.69076305220884,4459.700000000001,257.4,0.967,False,39,65,68,51,130,0,0,0,0,11342,2025-09-03 05:00:00+00:00,2026-05-18 14:30:00+00:00,-1.0748046184900883,-1.125096531389433,-1.5175491541183372,0.20572559673254645,3,0.9552999129441481,-1.3308221281219794
BTCUSDm,M30,central,train,150,220,50,level,False,0.5,1000.0,-775.3936000000006,-1775.3936000000006,239,239,0,171,68,0,71.54811715481172,8248.431800000002,10023.825399999998,0.8228826292205772,48.23644327485381,147.4091970588235,-7.428425104602504,-7.428425104602504,0.32722818004093124,135.0,-154.2772,-177.53936000000004,8551.000000000002,-10481.021999999997,-1930.0219999999986,39,200,219.2564102564103,-52.405109999999986,-8.075405857740579,220.0,-152.8,-0.04952283403068336,0.04213316395215151,-11.835957333333322,14,5,4.1,An iid sequence with this win rate would already produce a streak of about 4.1; only a materially longer run is evidence of a defect.,292.0936654105914,3060.288699999999,257,0.6856908068199672,1.1416486882975156,1.1004803641661716,NOT distinguishable from zero (|SR| < 2*SE); do not rank configurations by this.,15.326359832635983,7.684100418410042,67.1826,139,100,69.7841726618705,74.0,-1370.4935999999984,-404.9000000000002,-0.6347956206415623,0.6964688145048815,173,72.38493723849372,4262.4,257.4,0.929,False,35,65,66,39,134,0,0,0,0,11342,2025-09-03 05:00:00+00:00,2026-05-18 14:30:00+00:00,-1.1753884442887774,-1.1753884442887774,-1.74983241898591,0.29735230087489894,2,1.0,-1.4727407451636765
BTCUSDm,M30,central,test,70,100,50,level,False,0.5,1000.0,831.3074999999969,-168.69250000000306,115,115,0,68,47,0,59.130434782608695,3198.508499999999,3367.201000000002,0.9499012681452629,47.03688970588234,71.64257446808514,-1.4668913043478489,-1.4668913043478489,0.6565494059239317,75.0,-72.6386,-16.869250000000306,3184.583999999999,-3466.6010000000015,-282.0170000000027,32,83,99.51824999999997,-41.766277108433755,-2.4523217391304586,100.0,-72.00800000000018,-0.020955590062112197,0.08248636273761842,-2.4098928571429026,8,4,4.7,An iid sequence with this win rate would already produce a streak of about 4.7; only a materially longer run is evidence of a defect.,60.617762118372795,857.8165000000001,123,-0.03998456836069717,-0.055280344652339324,1.4319281573449856,NOT distinguishable from zero (|SR| < 2*SE); do not rank configurations by this.,12.156521739130435,6.08695652173913,32.772,63,52,60.317460317460316,57.692307692307686,-34.74500000000174,-133.94750000000084,-0.8183413664596271,0.9447219875776398,68,59.130434782608695,1684.5919999999996,122.2,0.941,False,9,21,47,32,36,0,0,0,0,4861,2026-04-27 19:00:00+00:00,2026-08-28 00:00:00+00:00,-0.2540491466300922,-0.2540491466300922,-1.267369136350006,0.48039818806669465,2,1.0,-0.7344473346967868
BTCUSDm,M30,central,test,70,140,50,level,False,0.5,1000.0,836.5382999999963,-163.4617000000037,110,110,0,65,45,0,59.09090909090909,3059.7392999999993,3223.201000000002,0.949285911738051,47.0729123076923,71.62668888888894,-1.486015454545477,-1.486015454545477,0.6571979388955737,95.0,-72.6386,-16.34617000000037,3070.5999999999995,-3332.6090000000017,-262.00900000000263,22,88,139.57272727272724,-37.87055681818184,-2.381900000000024,140.0,-72.00800000000018,-0.02122879220779252,0.08749514653917143,-2.335167142857177,8,4,4.7,An iid sequence with this win rate would already produce a streak of about 4.7; only a materially longer run is evidence of a defect.,59.907560433319816,856.5577000000004,123,-0.03687126374084871,-0.05244102013898548,1.431842566831144,NOT distinguishable from zero (|SR| < 2*SE); do not rank configurations by this.,15.163636363636364,7.590909090909091,36.0492,63,47,60.317460317460316,57.446808510638306,19.97779999999827,-183.4395000000008,-0.8382157142857142,1.0529875324675324,65,59.09090909090909,1611.0959999999995,122.2,0.9,False,9,21,45,22,43,0,0,0,0,4861,2026-04-27 19:00:00+00:00,2026-08-28 00:00:00+00:00,-0.2426282262215359,-0.2925334707024847,-1.194969491676648,0.3994187059214837,3,0.8294033008902973,-0.6919521766239685
BTCUSDm,M30,central,test,70,180,50,level,False,0.5,1000.0,774.4838999999961,-225.51610000000392,108,108,0,64,44,0,59.25925925925926,2926.6848999999984,3152.201000000002,0.9284575761507584,45.729451562499975,71.64093181818185,-2.0881120370370665,-2.0881120370370665,0.6383145836036465,115.0,-72.6386,-22.551610000000395,2871.5999999999985,-3266.6090000000017,-395.0090000000032,16,92,179.4749999999999,-35.50661956521741,-3.65749074074077,180.0,-72.00800000000018,-0.02983017195767234,0.0901165207083795,-3.2216585714286126,7,4,4.6,An iid sequence with this win rate would already produce a streak of about 4.6; only a materially longer run is evidence of a defect.,61.757347056799574,907.0577000000004,123,-0.19064355802921507,-0.2739678776587031,1.4443032633812058,NOT distinguishable from zero (|SR| < 2*SE); do not rank configurations by this.,18.305555555555557,9.171296296296296,42.6036,62,46,61.29032258064516,56.52173913043478,-108.07660000000206,-117.43950000000115,-0.849173148148148,1.153253439153439,64,59.25925925925926,1586.595999999999,122.2,0.884,False,9,20,44,16,48,0,0,0,0,4861,2026-04-27 19:00:00+00:00,2026-08-28 00:00:00+00:00,-0.33101779477487725,-0.29288409479274347,-1.0055515521392924,0.31766005296516603,3,1.130200651589219,-0.6105441477579094
BTCUSDm,M30,central,test,70,220,50,level,False,0.5,1000.0,819.7066999999961,-180.2933000000039,102,102,0,59,43,0,57.84313725490196,2900.907699999999,3081.201000000002,0.9414860309340407,49.16792711864405,71.65583720930236,-1.7675813725490497,-1.7675813725490497,0.6861677852570128,135.0,-72.6386,-18.029330000000392,3071.5999999999985,-3191.6090000000017,-120.00900000000325,14,88,219.3999999999999,-36.26828409090911,-1.1765588235294437,220.0,-72.00800000000018,-0.02525116246498635,0.09912119070024969,-2.5756185714286075,6,4,4.7,An iid sequence with this win rate would already produce a streak of about 4.7; only a materially longer run is evidence of a defect.,60.806512382172905,910.5577000000004,123,0.018475105737084052,0.027709553953241862,1.431478306663224,NOT distinguishable from zero (|SR| < 2*SE); do not rank configurations by this.,21.57843137254902,10.808823529411764,45.8808,57,45,59.64912280701754,55.55555555555556,-199.3538000000021,19.060499999998854,-0.86435350140056,1.2090735294117647,59,57.84313725490196,1462.095999999999,122.2,0.835,False,7,19,43,14,45,0,0,0,0,4861,2026-04-27 19:00:00+00:00,2026-08-28 00:00:00+00:00,-0.25475039481060974,-0.33101779477487725,-1.133126273471518,0.39731584303054746,2,0.769597280967519,-0.7283336378054247
BTCUSDm,M30,central,test,90,100,50,level,False,0.5,1000.0,86.4417999999963,-913.5582000000037,101,101,0,60,41,0,59.40594059405941,2853.827799999999,3767.3860000000022,0.7575087341727121,47.563796666666654,91.8874634146342,-9.045130693069337,-9.045130693069337,0.5176309683513534,75.0,-92.6386,-91.35582000000036,2885.591999999999,-3852.601000000002,-967.0090000000032,29,72,99.50317241379308,-53.50834722222225,-9.574346534653497,100.0,-92.00000000000072,-0.1005014521452148,0.07929927379694339,-10.150646666666695,7,4,4.5,An iid sequence with this win rate would already produce a streak of about 4.5; only a materially longer run is evidence of a defect.,113.6787028459526,1321.8746000000037,123,-1.3369959043435196,-1.354392535291621,1.96975569876631,NOT distinguishable from zero (|SR| < 2*SE); do not rank configurations by this.,15.712871287128714,7.866336633663366,40.145700000000005,53,48,60.37735849056604,58.333333333333336,-426.1187000000017,-487.4395000000015,-0.7503161716171615,0.7542783278327835,60,59.40594059405941,1485.5919999999994,122.2,0.826,False,8,19,41,29,31,0,0,0,0,4861,2026-04-27 19:00:00+00:00,2026-08-28 00:00:00+00:00,-1.267369136350006,-1.2311693140133269,-1.495818463317371,0.47447869027705275,3,1.0294027977506002,-1.7056480042903797
BTCUSDm,M30,central,test,90,140,50,level,False,0.5,1000.0,120.6725999999968,-879.3274000000032,97,97,0,57,40,0,58.76288659793814,2796.0585999999994,3675.3860000000022,0.7607523672343525,49.0536596491228,91.88465000000005,-9.065230927835081,-9.065230927835081,0.5338613103398965,95.0,-92.6386,-87.93274000000032,2930.5999999999995,-3767.6010000000024,-837.0010000000032,21,76,139.55238095238093,-49.57369736842109,-8.628876288659827,140.0,-92.00000000000072,-0.10072478808705639,0.0842906775349809,-9.77030444444447,7,4,4.6,An iid sequence with this win rate would already produce a streak of about 4.6; only a materially longer run is evidence of a defect.,111.28372592293978,1406.6076000000007,123,0.2591249649237328,0.5311934448782056,1.4551851897297612,NOT distinguishable from zero (|SR| < 2*SE); do not rank configurations by this.,18.989690721649485,9.50515463917526,43.4229,53,44,60.37735849056604,56.81818181818182,-340.8959000000017,-538.4315000000013,-0.7724164948453608,0.829505040091638,57,58.76288659793814,1412.0959999999995,122.2,0.794,False,8,19,40,21,36,0,0,0,0,4861,2026-04-27 19:00:00+00:00,2026-08-28 00:00:00+00:00,-1.194969491676648,-1.194969491676648,-1.267369136350006,0.38658049214057194,4,1.0,-1.58154998381722
BTCUSDm,M30,central,test,90,180,50,level,False,0.5,1000.0,239.61819999999568,-760.3818000000043,95,95,0,56,39,0,58.94736842105263,2824.0041999999985,3584.3860000000022,0.7878627469251349,50.428646428571405,91.9073333333334,-8.004018947368461,-8.004018947368461,0.5486901273228618,115.0,-92.6386,-76.03818000000042,3051.5999999999985,-3679.6010000000024,-628.0010000000038,17,78,179.5058823529411,-47.174371794871824,-6.6105368421053035,180.0,-92.00000000000072,-0.08893354385964944,0.08844255042960747,-8.448686666666697,6,4,4.5,An iid sequence with this win rate would already produce a streak of about 4.5; only a materially longer run is evidence of a defect.,98.10708907885875,1390.1076000000016,123,-0.42765220259645015,-0.7207705125718286,1.495368696425286,NOT distinguishable from zero (|SR| < 2*SE); do not rank configurations by this.,22.242105263157896,11.142105263157895,49.9773,52,43,61.53846153846154,55.81395348837209,-287.950300000002,-472.4315000000016,-0.777739649122807,0.9207497076023391,56,58.94736842105263,1387.595999999999,122.2,0.777,False,8,18,39,17,39,0,0,0,0,4861,2026-04-27 19:00:00+00:00,2026-08-28 00:00:00+00:00,-1.0055515521392924,-1.0478225607861915,-1.194969491676648,0.3127484764725243,4,0.9596582377314125,-1.3605710372587159
BTCUSDm,M30,central,test,90,220,50,level,False,0.5,1000.0,123.34099999999569,-876.6590000000043,90,90,0,51,39,0,56.666666666666664,2707.7269999999985,3584.3860000000022,0.7554228255550594,53.092686274509774,91.9073333333334,-9.740655555555596,-9.740655555555596,0.5776762783656335,135.0,-92.6386,-87.66590000000043,3071.5999999999985,-3676.6010000000024,-605.0010000000036,14,76,219.3999999999999,-48.37632894736845,-6.7222333333333735,220.0,-92.00000000000072,-0.10822950617283983,0.09551407350326545,-9.740655555555584,5,4,4.7,An iid sequence with this win rate would already produce a streak of about 4.7; only a materially longer run is evidence of a defect.,108.65284727103246,1374.4269000000015,123,-2.5262192831212276,-2.513149028526343,2.930224841074979,NOT distinguishable from zero (|SR| < 2*SE); do not rank configurations by this.,25.733333333333334,12.88888888888889,53.25449999999999,48,42,58.333333333333336,54.761904761904766,-540.727500000002,-335.9315000000016,-0.8058050617283951,0.9722191358024691,51,56.666666666666664,1263.095999999999,122.2,0.736,False,5,18,39,14,37,0,0,0,0,4861,2026-04-27 19:00:00+00:00,2026-08-28 00:00:00+00:00,-1.133126273471518,-0.9439793980458219,-1.133126273471518,0.33759253770807224,3,1.2003718257170213,-1.2815719357538942
BTCUSDm,M30,central,test,110,100,50,level,False,0.5,1000.0,-123.19860000000261,-1123.1986000000027,88,88,0,55,33,0,62.5,2570.548799999998,3693.747400000001,0.6959189467043679,46.737250909090875,111.93173939393942,-12.763620454545476,-12.763620454545476,0.4175513680226207,75.0,-112.6386,-112.31986000000026,2587.591999999999,-3788.773000000001,-1201.1810000000019,26,62,99.5227692307692,-61.10924193548389,-13.649784090909112,100.0,-112.00000000000072,-0.11603291322314066,0.07757152092226964,-10.210896363636378,9,4,4.1,An iid sequence with this win rate would already produce a streak of about 4.1; only a materially longer run is evidence of a defect.,133.52223506768044,1525.9140000000034,123,-1.6257351910503621,-1.6250902817114352,2.1808849528463763,NOT distinguishable from zero (|SR| < 2*SE); do not rank configurations by this.,20.125,10.073863636363635,46.7001,50,38,66.0,57.89473684210527,-434.6731000000013,-688.5255000000008,-0.730224173553719,0.63998326446281,55,62.5,1363.5919999999992,122.2,0.72,False,8,17,33,26,29,0,0,0,0,4861,2026-04-27 19:00:00+00:00,2026-08-28 00:00:00+00:00,-1.495818463317371,-1.2605082851153684,-1.495818463317371,0.10695464651221893,3,1.1866788032896316,-1.3674629316275873
BTCUSDm,M30,central,test,110,140,50,level,False,0.5,1000.0,35.53219999999777,-964.4678000000022,85,85,0,53,32,0,62.35294117647059,2617.279599999999,3581.7474000000007,0.7307270188846926,49.38263396226413,111.92960625000002,-11.346680000000022,-11.346680000000022,0.441193671779437,95.0,-112.6386,-96.44678000000022,2790.5999999999995,-3681.7730000000006,-891.1730000000016,20,65,139.52999999999997,-56.642661538461546,-10.484388235294137,140.0,-112.00000000000072,-0.10315163636363649,0.08228121685243292,-8.767889090909101,8,4,4.1,An iid sequence with this win rate would already produce a streak of about 4.1; only a materially longer run is evidence of a defect.,121.12499617440949,1515.8075000000006,123,-2.254837245183228,-2.4125084583476974,2.6938965436123565,NOT distinguishable from zero (|SR| < 2*SE); do not rank configurations by this.,22.83529411764706,11.429411764705883,49.9773,50,35,66.0,57.14285714285714,-369.4503000000012,-595.0175000000006,-0.740560320855615,0.7075875935828877,53,62.35294117647059,1314.5959999999993,122.2,0.696,False,8,17,32,20,33,0,0,0,0,4861,2026-04-27 19:00:00+00:00,2026-08-28 00:00:00+00:00,-1.253647433880731,-1.194969491676648,-1.495818463317371,0.2294154518266872,4,1.0491041341329583,-1.4243849435033353
BTCUSDm,M30,central,test,110,180,50,level,False,0.5,1000.0,177.97779999999744,-822.0222000000026,84,84,0,53,31,0,63.095238095238095,2648.725199999999,3470.747400000001,0.763157007623199,49.9759471698113,111.95959354838713,-9.785978571428593,-9.785978571428593,0.44637485351545597,115.0,-112.6386,-82.20222000000027,2871.5999999999995,-3575.773000000001,-704.1730000000017,16,68,179.47499999999997,-52.58489705882354,-8.383011904761926,180.0,-112.00000000000072,-0.08896344155844166,0.08490315525530537,-7.4729290909090995,8,4,4.0,An iid sequence with this win rate would already produce a streak of about 4.0; only a materially longer run is evidence of a defect.,105.06413984846006,1481.7535000000007,123,1.4378305494574521,73.66875539194059,2.0412154493425976,NOT distinguishable from zero (|SR| < 2*SE); do not rank configurations by this.,26.511904761904763,13.279761904761903,56.5317,49,35,67.3469387755102,57.14285714285714,-316.5047000000013,-505.5175000000006,-0.7416731601731603,0.7895922077922078,53,63.095238095238095,1314.595999999999,122.2,0.687,False,8,16,31,16,37,0,0,0,0,4861,2026-04-27 19:00:00+00:00,2026-08-28 00:00:00+00:00,-1.0478225607861915,-1.0055515521392924,-1.253647433880731,0.1803373771445787,4,1.04203763452701,-1.185888929283871
BTCUSDm,M30,central,test,110,220,50,level,False,0.5,1000.0,290.15849999999756,-709.8415000000025,79,79,0,49,30,0,62.0253164556962,2648.2672999999986,3358.108800000001,0.7886186713188084,54.0462714285714,111.93696000000003,-8.985335443037998,-8.985335443037998,0.48282775795029087,135.0,-112.6386,-70.98415000000026,3071.5999999999995,-3461.773000000001,-390.1730000000018,14,65,219.39999999999995,-53.25804615384617,-4.938898734177238,220.0,-112.00000000000072,-0.08168486766398167,0.0925704862735607,-6.4531045454545515,8,4,4.0,An iid sequence with this win rate would already produce a streak of about 4.0; only a materially longer run is evidence of a defect.,98.62155904364724,1485.2535000000007,123,-0.1364859277644683,-0.21911384088878824,1.4380066925118575,NOT distinguishable from zero (|SR| < 2*SE); do not rank configurations by this.,29.974683544303797,15.012658227848101,57.351,45,34,66.66666666666666,55.88235294117647,-340.82400000000126,-369.0175000000006,-0.7399537399309553,0.8357909090909088,49,62.0253164556962,1215.095999999999,122.2,0.646,False,5,16,30,14,35,0,0,0,0,4861,2026-04-27 19:00:00+00:00,2026-08-28 00:00:00+00:00,-0.8824072439523514,-0.9988104242309264,-1.133126273471518,0.09528196428007239,3,0.8834581844015051,-1.0940923885109988
BTCUSDm,M30,central,test,130,100,50,level,False,0.5,1000.0,26.66279999999739,-973.3372000000027,83,83,0,56,27,0,67.46987951807229,2590.771599999998,3564.108800000001,0.726905867744553,46.26377857142854,132.00402962962966,-11.726954216867497,-11.726954216867497,0.35047247194826664,75.0,-132.6386,-97.33372000000027,2588.591999999999,-3663.7730000000006,-1075.181000000002,26,57,99.56123076923073,-64.27671929824562,-12.953987951807255,100.0,-132.00000000000074,-0.09020734012975001,0.07328341018460417,-7.487209230769251,9,5,3.6,An iid sequence with this win rate would already produce a streak of about 3.6; only a materially longer run is evidence of a defect.,120.3161227662923,1381.271200000001,123,-0.865010460675259,-1.2237684251061038,1.6778776524283712,NOT distinguishable from zero (|SR| < 2*SE); do not rank configurations by this.,22.97590361445783,11.5,48.3387,46,37,71.73913043478261,62.16216216216216,-201.81170000000137,-771.5255000000008,-0.677085449490269,0.5618227988878589,56,67.46987951807229,1388.0919999999992,122.2,0.679,False,10,15,27,26,30,0,0,0,0,4861,2026-04-27 19:00:00+00:00,2026-08-28 00:00:00+00:00,-1.2309380786526405,-1.3633782709850057,-1.817323078871322,0.3717799700070045,3,0.9028588065756097,-1.7351582409920103
BTCUSDm,M30,central,test,130,140,50,level,False,0.5,1000.0,360.89359999999766,-639.1064000000024,80,80,0,55,25,0,68.75,2661.002399999999,3300.108800000001,0.8063377789241367,48.3818618181818,132.00435200000004,-7.988830000000021,-7.988830000000021,0.3665171722382439,95.0,-132.6386,-63.91064000000024,2791.5999999999995,-3406.7730000000006,-615.1730000000018,20,60,139.57999999999998,-56.77955000000001,-7.689662500000023,140.0,-132.00000000000074,-0.06145253846153868,0.07657717074835767,-4.916203076923095,8,4,3.4,An iid sequence with this win rate would already produce a streak of about 3.4; only a materially longer run is evidence of a defect.,95.54352802338867,1307.6800000000003,123,-0.15223280929666558,-0.20794880923643846,1.439625144176105,NOT distinguishable from zero (|SR| < 2*SE); do not rank configurations by this.,26.7375,13.38125,51.615899999999996,46,34,71.73913043478261,64.70588235294117,-116.58890000000126,-522.5175000000006,-0.6863630769230772,0.6277848076923075,55,68.75,1363.5959999999993,122.2,0.655,False,10,15,25,20,35,0,0,0,0,4861,2026-04-27 19:00:00+00:00,2026-08-28 00:00:00+00:00,-0.8024916285230692,-1.2309380786526405,-1.3846861403836384,0.268208402026345,4,0.6519350099246747,-1.4991464806789856
BTCUSDm,M30,central,test,130,180,50,level,False,0.5,1000.0,432.83919999999745,-567.1608000000026,79,79,0,55,24,0,69.62025316455696,2601.9479999999985,3169.108800000001,0.8210346075843145,47.308145454545425,132.04620000000003,-7.179250632911417,-7.179250632911417,0.3582696469458827,115.0,-132.6386,-56.71608000000026,2692.5999999999995,-3281.773000000001,-589.1730000000017,15,64,179.50666666666663,-51.277703125000016,-7.457886075949388,180.0,-132.00000000000074,-0.055225004868549366,0.0777914121048295,-4.3627753846154,8,4,3.4,An iid sequence with this win rate would already produce a streak of about 3.4; only a materially longer run is evidence of a defect.,87.53057703918434,1287.6800000000003,123,-0.37607540631238134,-0.49155525178718523,1.4811018794669926,NOT distinguishable from zero (|SR| < 2*SE); do not rank configurations by this.,29.50632911392405,14.77848101265823,58.1703,45,34,73.33333333333333,64.70588235294117,-114.14330000000125,-453.0175000000006,-0.6798355404089583,0.6983865628042839,55,69.62025316455696,1363.595999999999,122.2,0.646,False,10,14,24,15,40,0,0,0,0,4861,2026-04-27 19:00:00+00:00,2026-08-28 00:00:00+00:00,-0.7099113304966069,-0.9497982876756613,-1.2503914828565674,0.18930606450112356,4,0.747433786424164,-1.139104352176785
BTCUSDm,M30,central,test,130,220,50,level,False,0.5,1000.0,232.65849999999756,-767.3415000000025,72,72,0,48,24,0,66.66666666666667,2401.7672999999986,3169.108800000001,0.7578683634970178,50.03681874999997,132.04620000000003,-10.657520833333358,-10.657520833333358,0.37893418174850896,135.0,-132.6386,-76.73415000000026,2632.5999999999995,-3275.773000000001,-643.1730000000016,12,60,219.3833333333333,-54.596216666666685,-8.932958333333355,220.0,-132.00000000000074,-0.08198092948717972,0.08631404220342699,-5.90262692307694,8,4,3.5,An iid sequence with this win rate would already produce a streak of about 3.5; only a materially longer run is evidence of a defect.,102.92883793917547,1291.1800000000003,123,0.6524216002109179,1.3588683120271854,1.5763299894847955,NOT distinguishable from zero (|SR| < 2*SE); do not rank configurations by this.,33.875,16.96527777777778,57.351,40,32,70.0,62.5,-407.3240000000012,-360.0175000000006,-0.7255996794871796,0.7451930555555552,48,66.66666666666667,1189.5959999999993,122.2,0.589,False,7,14,24,12,36,0,0,0,0,4861,2026-04-27 19:00:00+00:00,2026-08-28 00:00:00+00:00,-0.9497982876756613,-0.9161027658140064,-1.4449309722535322,0.27313976952804114,3,1.0367813777220884,-1.1892425353420475
BTCUSDm,M30,central,test,150,100,50,level,False,0.5,1000.0,-584.3793000000022,-1584.3793000000023,80,80,0,53,27,0,66.25,2523.006699999998,4107.386,0.6142609192318418,47.60389999999997,152.12540740740744,-19.804741250000028,-19.804741250000028,0.3129253739482968,75.0,-155.9158,-158.43793000000022,2588.591999999999,-4200.773000000001,-1612.1810000000019,26,54,99.56123076923073,-77.79209259259261,-20.152262500000024,100.0,-152.00000000000074,-0.13203160833333363,0.07265169846152728,-10.56252866666669,9,5,3.7,An iid sequence with this win rate would already produce a streak of about 3.7; only a materially longer run is evidence of a defect.,176.55656009468146,1947.0947000000028,123,-1.3406045350541975,-1.4081601676314193,1.9722666285336743,NOT distinguishable from zero (|SR| < 2*SE); do not rank configurations by this.,24.2125,12.11875,45.8808,43,37,69.76744186046511,62.16216216216216,-532.8538000000012,-1051.5255000000009,-0.6210513333333333,0.48817024999999986,53,66.25,1313.0919999999992,122.2,0.655,False,10,14,27,26,27,0,0,0,0,4861,2026-04-27 19:00:00+00:00,2026-08-28 00:00:00+00:00,-1.817323078871322,-1.3846861403836384,-1.817323078871322,0.24825178873955492,2,1.3124440448055745,-1.6329379291231934
BTCUSDm,M30,central,test,150,140,50,level,False,0.5,1000.0,-210.14850000000234,-1210.1485000000023,77,77,0,52,25,0,67.53246753246754,2593.2374999999984,3803.3860000000004,0.6818233805351331,49.86995192307689,152.13544000000002,-15.716214285714312,-15.716214285714312,0.3277997021803525,95.0,-155.9158,-121.01485000000022,2791.5999999999995,-3903.773000000001,-1112.1730000000016,20,57,139.57999999999998,-68.4872456140351,-14.443805194805215,140.0,-152.00000000000074,-0.10477476190476215,0.07566679469741314,-8.067656666666686,8,4,3.5,An iid sequence with this win rate would already produce a streak of about 3.5; only a materially longer run is evidence of a defect.,143.92501303417984,1671.225300000003,123,-1.8184497662559278,-1.8441632282517597,2.3315644344968858,NOT distinguishable from zero (|SR| < 2*SE); do not rank configurations by this.,28.0,14.012987012987011,49.158,43,34,69.76744186046511,64.70588235294117,-447.6310000000012,-762.5175000000006,-0.6283178354978356,0.5476135930735929,52,67.53246753246754,1288.595999999999,122.2,0.63,False,10,14,25,20,32,0,0,0,0,4861,2026-04-27 19:00:00+00:00,2026-08-28 00:00:00+00:00,-1.3846861403836384,-1.317538811620103,-1.817323078871322,0.361945162620719,3,1.0509642131004613,-1.679483974240822
BTCUSDm,M30,central,test,150,180,50,level,False,0.5,1000.0,-93.70290000000222,-1093.7029000000023,77,77,0,53,24,0,68.83116883116882,2558.6830999999984,3652.3860000000004,0.7005511191861972,48.27703962264148,152.18275000000003,-14.20393376623379,-14.20393376623379,0.3172306954805421,115.0,-155.9158,-109.37029000000022,2692.5999999999995,-3759.773000000001,-1067.1730000000016,15,62,179.50666666666663,-60.641500000000015,-13.85938961038963,180.0,-152.00000000000074,-0.09469289177489205,0.07573059563598634,-7.291352666666688,8,4,3.4,An iid sequence with this win rate would already produce a streak of about 3.4; only a materially longer run is evidence of a defect.,128.11484494105648,1563.4604000000031,123,-1.3350945923928765,-1.565268345140416,1.9684341800375331,NOT distinguishable from zero (|SR| < 2*SE); do not rank configurations by this.,30.454545454545453,15.253246753246753,55.712399999999995,43,34,72.09302325581395,64.70588235294117,-400.6854000000012,-693.0175000000006,-0.6119666666666667,0.6106478787878785,53,68.83116883116882,1313.5959999999993,122.2,0.63,False,10,14,24,15,38,0,0,0,0,4861,2026-04-27 19:00:00+00:00,2026-08-28 00:00:00+00:00,-1.2503914828565674,-1.317538811620103,-1.4449309722535322,0.2901727740355499,3,0.9490357868995386,-1.607711585655653
BTCUSDm,M30,central,test,150,220,50,level,False,0.5,1000.0,-273.4801000000023,-1273.4801000000023,71,71,0,47,24,0,66.19718309859155,2378.905899999999,3652.3860000000004,0.6513292680456004,50.61501914893615,152.18275000000003,-17.936339436619743,-17.936339436619743,0.3325936687892428,135.0,-155.9158,-127.34801000000023,2632.5999999999995,-3754.773000000001,-1122.1730000000016,12,59,219.3833333333333,-63.64022033898307,-15.805253521126783,220.0,-152.00000000000074,-0.11957559624413172,0.08275523090050464,-8.489867333333352,8,4,3.5,An iid sequence with this win rate would already produce a streak of about 3.5; only a materially longer run is evidence of a defect.,145.61389814626878,1733.040700000003,123,-1.6563847123439248,-1.6632618158623604,2.204383843130464,NOT distinguishable from zero (|SR| < 2*SE); do not rank configurations by this.,35.23943661971831,17.647887323943664,58.989599999999996,39,32,69.23076923076923,62.5,-673.4626000000012,-600.0175000000006,-0.6438967136150235,0.6474900469483564,47,66.19718309859155,1164.595999999999,122.2,0.581,False,7,14,24,12,35,0,0,0,0,4861,2026-04-27 19:00:00+00:00,2026-08-28 00:00:00+00:00,-1.4449309722535322,-1.2503914828565674,-1.4449309722535322,0.2036768293321521,2,1.1555828650980027,-1.4540683121887195
BTCUSDm,H1,central,train,70,100,50,level,False,0.5,1000.0,-649.8611999999997,-1649.8611999999998,191,191,0,101,90,0,52.87958115183246,4804.454599999999,6454.3157999999985,0.7443786063272578,47.568857425742564,71.71461999999998,-8.638016753926701,-8.638016753926701,0.6633076690044871,75.0,-75.9158,-164.98612,4867.472,-6669.254000000003,-1801.7820000000015,49,142,99.33616326530611,-46.96657746478875,-9.433413612565452,100.07200000000012,-72.8,-0.12340023934181005,0.06476321029517303,-23.56944571428572,7,9,6.1,An iid sequence with this win rate would already produce a streak of about 6.1; only a materially longer run is evidence of a defect.,171.12521231304189,1919.2975999999994,278,0.6571398621519625,3.7656358979809665,1.0498559897852704,NOT distinguishable from zero (|SR| < 2*SE); do not rank configurations by this.,2.0157068062827226,2.020942408376963,11.4702,112,79,50.89285714285714,55.69620253164557,-1066.1712000000002,-583.6899999999999,-1.2111806282722515,1.047719072550486,101,52.87958115183246,2487.2000000000007,278.2,0.687,False,32,69,90,49,52,0,0,0,0,5671,2025-08-13 09:00:00+00:00,2026-05-18 14:00:00+00:00,-1.9054064611588193,-1.8693712403034055,-1.9054064611588193,0.1507403914968624,2,1.0192766530684216,-2.020111631800268
BTCUSDm,H1,central,train,70,140,50,level,False,0.5,1000.0,-397.8971999999991,-1397.897199999999,187,187,0,100,87,0,53.475935828877006,4838.5028,6236.399999999997,0.7758486947597978,48.385028000000005,71.68275862068963,-7.4753860962566865,-7.4753860962566865,0.6749883644410241,95.0,-72.8,-139.78971999999987,5016.000000000002,-6476.854000000003,-1460.854000000002,36,151,139.33333333333337,-42.89307284768214,-7.81205347593584,140.0,-72.8,-0.10679122994652407,0.06805688258684113,-19.96996,7,9,6.0,An iid sequence with this win rate would already produce a streak of about 6.0; only a materially longer run is evidence of a defect.,149.3011688863733,1620.9500999999987,278,-0.9240157790623681,-0.9245546874849333,1.1372999866123756,NOT distinguishable from zero (|SR| < 2*SE); do not rank configurations by this.,2.695187165775401,2.700534759358289,11.4702,108,79,51.85185185185185,55.69620253164557,-841.7072000000003,-556.1899999999998,-1.2374579067990834,1.1138222307104662,100,53.475935828877006,2462.2000000000007,278.2,0.672,False,29,69,87,36,64,0,0,0,0,5671,2025-08-13 09:00:00+00:00,2026-05-18 14:00:00+00:00,-1.5691466591972913,-1.6682661169432387,-1.9054064611588193,0.17407423139067044,3,0.9405853438253822,-1.8423403483339091
BTCUSDm,H1,central,train,70,180,50,level,False,0.5,1000.0,-333.1936999999991,-1333.1936999999991,186,186,0,100,86,0,53.763440860215056,4830.4063,6163.599999999997,0.7836988610552278,48.304063,71.66976744186043,-7.16770806451613,-7.16770806451613,0.673981020507496,115.0,-72.8,-133.3193699999999,5021.4000000000015,-6417.454000000002,-1396.0540000000015,28,158,179.33571428571435,-40.61679746835445,-7.5056666666666745,180.0,-72.8,-0.10239582949308756,0.07037321372960394,-19.045624285714286,7,9,6.0,An iid sequence with this win rate would already produce a streak of about 6.0; only a materially longer run is evidence of a defect.,147.02579876511876,1596.2465999999986,278,0.49255246772946687,0.9307821251085756,1.0081834215910797,NOT distinguishable from zero (|SR| < 2*SE); do not rank configurations by this.,3.204301075268817,3.2096774193548385,15.5667,108,78,51.85185185185185,56.41025641025641,-858.3037000000003,-474.88999999999976,-1.2537437788018435,1.2140986943164362,100,53.763440860215056,2462.2000000000007,278.2,0.669,False,28,69,86,28,72,0,0,0,0,5671,2025-08-13 09:00:00+00:00,2026-05-18 14:00:00+00:00,-1.4550398378355238,-1.5589578397748927,-1.644802771409542,0.0676281534002536,3,0.9333413647963859,-1.6265859931751463
BTCUSDm,H1,central,train,70,220,50,level,False,0.5,1000.0,-439.7515999999993,-1439.7515999999994,182,182,0,97,85,0,53.2967032967033,4652.848399999999,6092.599999999998,0.7636884745428882,47.967509278350505,71.6776470588235,-7.910723076923078,-7.910723076923078,0.6692115498571701,135.0,-72.8,-143.97515999999993,4823.200000000001,-6349.854000000002,-1526.6540000000018,22,160,219.23636363636368,-39.686587500000016,-8.3882087912088,220.0,-72.8,-0.11301032967032969,0.07296783973933631,-20.567880000000002,7,9,6.0,An iid sequence with this win rate would already produce a streak of about 6.0; only a materially longer run is evidence of a defect.,160.68141824818557,1744.5044999999986,278,-0.043288814550835095,-0.05557890679936273,0.9525356431417452,NOT distinguishable from zero (|SR| < 2*SE); do not rank configurations by this.,3.8846153846153846,3.89010989010989,18.0246,105,77,51.42857142857142,55.84415584415584,-1051.2616000000003,-388.4899999999998,-1.2744112244897965,1.2920294348508632,97,53.2967032967033,2387.9,278.2,0.654,False,28,66,85,22,75,0,0,0,0,5671,2025-08-13 09:00:00+00:00,2026-05-18 14:00:00+00:00,-1.5487690203524942,-1.5487690203524942,-2.0813763234509293,0.27583269731691923,2,1.0,-1.8246017176694134
BTCUSDm,H1,central,train,90,100,50,level,False,0.5,1000.0,-775.0475000000007,-1775.0475000000006,180,180,0,107,73,0,59.44444444444444,4913.591100000001,6688.6386,0.7346175199240097,45.92141214953271,91.62518630136987,-9.861375000000006,-9.861375000000006,0.5011876537799318,86.27090000000013,-92.80000000000001,-177.50475000000006,4869.200000000001,-6987.949000000002,-2118.7490000000025,49,131,99.37142857142858,-53.3431221374046,-11.770827777777791,100.0,-92.8,-0.10957083333333342,0.058613736517926576,-19.722750000000016,8,8,5.2,An iid sequence with this win rate would already produce a streak of about 5.2; only a materially longer run is evidence of a defect.,173.93921679901754,1987.6616999999997,278,1.116364371840366,3.391090888112089,1.2129842291258477,NOT distinguishable from zero (|SR| < 2*SE); do not rank configurations by this.,2.5166666666666666,2.522222222222222,20.4825,108,72,56.481481481481474,63.888888888888886,-1301.5305000000012,-473.51699999999994,-0.9958539506172839,0.8548167283950616,107,59.44444444444444,2648.3095000000003,278.2,0.647,False,33,70,73,49,58,0,0,0,0,5671,2025-08-13 09:00:00+00:00,2026-05-18 14:00:00+00:00,-1.8693712403034055,-1.8183784074962959,-1.9054064611588193,0.2822198506794582,3,1.0280430259163278,-2.1005982581757543
BTCUSDm,H1,central,train,90,140,50,level,False,0.5,1000.0,-721.5200000000002,-1721.5200000000002,176,176,0,103,73,0,58.52272727272727,4879.0911000000015,6600.6111,0.7391877852037065,47.369816504854384,90.4193301369863,-9.781363636363638,-9.781363636363638,0.5238903720375785,106.27090000000013,-92.80000000000001,-172.15200000000002,5016.000000000002,-6968.694000000002,-1952.694000000002,36,140,139.33333333333337,-49.77638571428573,-11.094852272727284,140.0,-92.8,-0.10868181818181824,0.061492987007620625,-19.12800000000001,8,8,5.3,An iid sequence with this win rate would already produce a streak of about 5.3; only a materially longer run is evidence of a defect.,172.89369954540498,1877.0921999999996,278,-1.036443465126178,-1.1272841139151062,1.1804021645897456,NOT distinguishable from zero (|SR| < 2*SE); do not rank configurations by this.,3.0625,3.0681818181818183,20.4825,104,72,54.807692307692314,63.888888888888886,-1326.0030000000008,-395.51699999999994,-1.0241801136363637,0.8923762626262629,104,59.09090909090909,2573.3095000000003,278.2,0.633,False,30,69,72,36,68,0,0,0,0,5671,2025-08-13 09:00:00+00:00,2026-05-18 14:00:00+00:00,-1.7673855746891862,-1.644802771409542,-1.8693712403034055,0.28200048751655593,4,1.0745273569636529,-1.926803258926098
BTCUSDm,H1,central,train,90,180,50,level,False,0.5,1000.0,-636.8164999999998,-1636.8165,175,175,0,103,72,0,58.857142857142854,4870.994600000001,6507.8111,0.7484843252441671,47.291209708737874,90.38626527777778,-9.353237142857148,-9.353237142857148,0.5232123438600003,115.0,-92.80000000000001,-163.68165,5021.4000000000015,-6889.294000000003,-1867.8940000000025,28,147,179.33571428571435,-46.86594557823131,-10.673680000000015,180.0,-92.8,-0.10392485714285722,0.06318378041994484,-18.186850000000014,8,8,5.2,An iid sequence with this win rate would already produce a streak of about 5.2; only a materially longer run is evidence of a defect.,165.0918976523257,1792.388699999999,278,0.3060354615052754,0.43006458392819424,0.9741272992795091,NOT distinguishable from zero (|SR| < 2*SE); do not rank configurations by this.,3.5885714285714285,3.594285714285714,24.579,104,71,54.807692307692314,64.7887323943662,-1342.5995000000007,-294.21699999999976,-1.037995746031746,0.9756511746031745,104,59.42857142857143,2573.3095000000003,278.2,0.629,False,30,69,71,28,76,0,0,0,0,5671,2025-08-13 09:00:00+00:00,2026-05-18 14:00:00+00:00,-1.644802771409542,-1.644802771409542,-2.0813763234509293,0.42080267675926897,4,1.0,-2.065605448168811
BTCUSDm,H1,central,train,90,220,50,level,False,0.5,1000.0,-1031.7744,-2031.7744,172,172,0,101,71,0,58.72093023255814,4385.036700000001,6416.811099999998,0.6833669608880962,43.41620495049506,90.37762112676053,-11.81264186046512,-11.81264186046512,0.4803866754757905,135.0,-92.80000000000001,-203.17744,4166.4,-6810.294000000002,-2643.894000000002,19,153,219.28421052631577,-44.51172549019609,-15.371476744186058,220.0,-92.8,-0.13125157622739023,0.06305999292322816,-22.57527111111112,8,8,5.2,An iid sequence with this win rate would already produce a streak of about 5.2; only a materially longer run is evidence of a defect.,201.47036243721166,2187.346599999999,278,-1.251031612707916,-1.3754463699522457,1.2711521031755446,NOT distinguishable from zero (|SR| < 2*SE); do not rank configurations by this.,4.255813953488372,4.261627906976744,27.036900000000003,101,71,54.45544554455446,64.7887323943662,-1626.057400000001,-405.71699999999976,-1.0516468992248063,1.0157312015503879,102,59.30232558139535,2523.3095000000008,278.2,0.618,False,30,67,70,19,83,0,0,0,0,5671,2025-08-13 09:00:00+00:00,2026-05-18 14:00:00+00:00,-2.0813763234509293,-1.596785895881018,-2.0813763234509293,0.32159719909565315,3,1.3034786497174946,-1.9183830949766711
BTCUSDm,H1,central,train,110,100,50,level,False,0.5,1000.0,-200.41339999999923,-1200.4133999999992,166,166,0,108,58,0,65.06024096385542,4989.7038999999995,6190.117299999999,0.8060758234742984,46.20096203703703,106.72616034482756,-7.231406024096388,-7.231406024096388,0.4328925718658269,86.27090000000013,-112.80000000000001,-120.04133999999992,4967.8,-6682.164999999999,-1714.3650000000007,50,116,99.35600000000001,-57.604870689655165,-10.327500000000004,100.0,-112.8,-0.06574005476451264,0.054501837018102545,-10.912849090909098,10,7,4.5,An iid sequence with this win rate would already produce a streak of about 4.5; only a materially longer run is evidence of a defect.,137.21677013931944,1568.0219999999986,278,0.7218418580767584,4.744396414642433,1.0689418794508947,NOT distinguishable from zero (|SR| < 2*SE); do not rank configurations by this.,3.253012048192771,3.2590361445783134,22.9404,101,65,63.366336633663366,67.6923076923077,-776.3864000000005,-424.02699999999976,-0.8712064074479741,0.7425869660460018,111,66.86746987951807,2749.909500000001,278.2,0.597,False,32,69,55,50,61,0,0,0,0,5671,2025-08-13 09:00:00+00:00,2026-05-18 14:00:00+00:00,-1.206198879914403,-1.3409281446890704,-1.8693712403034055,0.3089666521078537,3,0.8995253658383702,-1.6498947967969242
BTCUSDm,H1,central,train,110,140,50,level,False,0.5,1000.0,-64.98589999999902,-1064.985899999999,161,161,0,104,57,0,64.59627329192547,4904.7038999999995,5969.689799999999,0.821601132440751,47.16061442307692,104.73139999999998,-6.614819254658386,-6.614819254658386,0.45030062066464244,106.27090000000013,-112.80000000000001,-106.4985899999999,5016.000000000001,-6532.909999999999,-1516.9100000000012,36,125,139.33333333333337,-52.263279999999995,-9.421801242236032,140.0,-112.8,-0.06013472049689441,0.056940015293119435,-9.68169,10,7,4.5,An iid sequence with this win rate would already produce a streak of about 4.5; only a materially longer run is evidence of a defect.,133.27473780535257,1446.9524999999987,278,-0.41720825694754843,-0.6050861864950966,0.9926563156135149,NOT distinguishable from zero (|SR| < 2*SE); do not rank configurations by this.,3.857142857142857,3.8633540372670807,22.940399999999997,97,64,61.855670103092784,68.75,-780.8589000000005,-284.1269999999997,-0.8948350084697914,0.7760752117447769,108,67.0807453416149,2674.9095000000007,278.2,0.579,False,30,68,53,36,72,0,0,0,0,5671,2025-08-13 09:00:00+00:00,2026-05-18 14:00:00+00:00,-1.0561065041399984,-1.206198879914403,-1.7673855746891862,0.3186503705884493,4,0.8755658140015387,-1.5248492505028524
BTCUSDm,H1,central,train,110,180,50,level,False,0.5,1000.0,155.77550000000122,-844.2244999999988,161,161,0,105,56,0,65.21739130434783,5012.6653,5856.889799999999,0.8558578821134727,47.73966952380952,104.58731785714284,-5.24363043478261,-5.24363043478261,0.4564575371271854,115.0,-112.80000000000001,-84.42244999999988,5201.4000000000015,-6434.910000000001,-1233.510000000001,29,132,179.35862068965523,-48.74931818181819,-7.661552795031062,180.0,-112.8,-0.04766936758893282,0.05837167550875193,-7.674768181818185,10,7,4.4,An iid sequence with this win rate would already produce a streak of about 4.4; only a materially longer run is evidence of a defect.,120.59513222678811,1309.2910999999986,278,-1.3384480385923736,-1.338104523259544,1.3108866749848431,NOT distinguishable from zero (|SR| < 2*SE); do not rank configurations by this.,4.391304347826087,4.39751552795031,24.579,97,64,61.855670103092784,70.3125,-704.4975000000005,-139.72699999999963,-0.8932818746470922,0.8505581592320719,109,67.70186335403727,2699.209500000001,278.2,0.579,False,29,69,52,29,80,0,0,0,0,5671,2025-08-13 09:00:00+00:00,2026-05-18 14:00:00+00:00,-0.8166523776036811,-1.0960553433200149,-1.644802771409542,0.27133588466917835,4,0.7450831589671321,-1.3673912279891933
BTCUSDm,H1,central,train,110,220,50,level,False,0.5,1000.0,-199.18239999999878,-1199.1823999999988,158,158,0,103,55,0,65.18987341772151,4546.707400000001,5745.889799999997,0.791297354850071,44.142790291262145,104.47072363636359,-7.589762025316457,-7.589762025316457,0.42253742249275633,135.0,-112.80000000000001,-119.91823999999987,4386.4,-6335.91,-1949.5100000000007,20,138,219.32,-45.91239130434783,-12.338670886075954,220.0,-112.8,-0.06899783659378596,0.05856978084043243,-10.901658181818181,10,7,4.4,An iid sequence with this win rate would already produce a streak of about 4.4; only a materially longer run is evidence of a defect.,148.6378957558385,1613.7489999999984,278,0.6450776838278184,1.042270006603695,1.046459906682566,NOT distinguishable from zero (|SR| < 2*SE); do not rank configurations by this.,5.1835443037974684,5.189873417721519,27.036899999999996,94,64,61.702127659574465,70.3125,-947.9554000000004,-251.2269999999997,-0.906276352128884,0.8896907364787108,107,67.72151898734177,2649.209500000001,278.2,0.568,False,29,67,51,20,87,0,0,0,0,5671,2025-08-13 09:00:00+00:00,2026-05-18 14:00:00+00:00,-1.178044985036972,-1.2437260458897814,-2.0813763234509293,0.4611221695847441,3,0.947190089754999,-1.7048482154745255
BTCUSDm,H1,central,train,130,100,50,level,False,0.5,1000.0,-565.3605000000001,-1565.3605000000002,156,156,0,103,53,0,66.02564102564102,4839.4207000000015,6404.781199999998,0.7555950076795759,46.984666990291274,120.84492830188675,-10.034362179487184,-10.034362179487184,0.388801314631238,86.27090000000013,-132.8,-156.53605000000002,4871.0,-6978.589000000001,-2107.5890000000018,49,107,99.40816326530613,-65.22045794392524,-13.510185897435909,100.0,-132.8,-0.07718740138067065,0.05230712825731075,-12.04123461538462,10,7,4.3,An iid sequence with this win rate would already produce a streak of about 4.3; only a materially longer run is evidence of a defect.,173.25706299850322,1979.8664999999992,278,-0.10247279447875755,-0.14417017569583135,0.9545858359802513,NOT distinguishable from zero (|SR| < 2*SE); do not rank configurations by this.,3.9166666666666665,3.9230769230769234,28.6755,96,60,65.625,66.66666666666666,-661.1335000000008,-904.2269999999997,-0.7877526627218937,0.6412685404339248,108,69.23076923076923,2678.1095000000005,278.2,0.561,False,33,65,48,49,59,0,0,0,0,5671,2025-08-13 09:00:00+00:00,2026-05-18 14:00:00+00:00,-1.4756574094637376,-1.4198647881933144,-1.51475619362341,0.11974586290333256,3,1.0392943199481801,-1.539610651096647
BTCUSDm,H1,central,train,130,140,50,level,False,0.5,1000.0,-471.83299999999963,-1471.8329999999996,152,152,0,99,53,0,65.13157894736842,4804.9207,6276.7536999999975,0.7655104739891262,48.53455252525252,118.42931509433957,-9.683111842105266,-9.683111842105266,0.40981873860023926,106.27090000000013,-132.8,-147.18329999999995,5016.0,-6917.534,-1901.5340000000015,36,116,139.33333333333334,-59.633913793103446,-12.510092105263167,140.0,-132.8,-0.07448547570850203,0.05460523095088749,-11.32179230769231,10,7,4.4,An iid sequence with this win rate would already produce a streak of about 4.4; only a materially longer run is evidence of a defect.,171.20857996954015,1858.7969999999991,278,1.3556778389838926,11.839419655131639,1.3188869609632892,NOT distinguishable from zero (|SR| < 2*SE); do not rank configurations by this.,4.532894736842105,4.5394736842105265,28.6755,92,60,64.13043478260869,66.66666666666666,-696.1060000000007,-775.7269999999997,-0.8069011133603241,0.6710887145748987,105,69.07894736842105,2603.1095,278.2,0.546,False,31,64,47,36,69,0,0,0,0,5671,2025-08-13 09:00:00+00:00,2026-05-18 14:00:00+00:00,-1.3640721669228912,-1.3276393913245257,-1.4756574094637376,0.16142387617887835,4,1.0274417705865282,-1.4890632675034041
BTCUSDm,H1,central,train,130,180,50,level,False,0.5,1000.0,-207.5522999999988,-1207.552299999999,153,153,0,101,52,0,66.01307189542484,4936.401400000001,6143.953699999998,0.8034568033935545,48.87526138613862,118.15295576923073,-7.892498692810461,-7.892498692810461,0.41366092847984987,115.0,-132.8,-120.7552299999999,5201.4000000000015,-6802.334,-1600.9340000000013,29,124,179.35862068965523,-54.857532258064516,-10.463620915032688,180.0,-132.8,-0.060711528406234304,0.05539093329205036,-9.288863846153848,10,7,4.3,An iid sequence with this win rate would already produce a streak of about 4.3; only a materially longer run is evidence of a defect.,156.3626776114577,1697.6162999999988,278,0.36626774673773316,0.5318607666639429,0.9835026961918809,NOT distinguishable from zero (|SR| < 2*SE); do not rank configurations by this.,4.9869281045751634,4.993464052287582,29.494799999999998,92,61,64.13043478260869,68.85245901639344,-618.9253000000008,-588.6269999999996,-0.8013730517848167,0.734748567119155,107,69.93464052287581,2651.5095000000006,278.2,0.55,False,30,66,46,29,78,0,0,0,0,5671,2025-08-13 09:00:00+00:00,2026-05-18 14:00:00+00:00,-1.0960553433200149,-1.1251282230113075,-1.3640721669228912,0.19265901717045167,4,0.9741603853705832,-1.3177872401817592
BTCUSDm,H1,central,train,130,220,50,level,False,0.5,1000.0,-410.1101999999994,-1410.1101999999994,149,149,0,99,50,0,66.44295302013423,4470.4435,5880.5536999999995,0.7602079205568688,45.15599494949495,117.61107399999999,-9.463826845637588,-9.463826845637588,0.38394339422064083,135.0,-132.8,-141.01101999999995,4386.4,-6550.934000000001,-2164.5340000000015,20,129,219.32,-50.78243410852714,-14.527073825503365,220.0,-132.8,-0.07279866804336607,0.05559666483288543,-10.847001538461544,10,7,4.2,An iid sequence with this win rate would already produce a streak of about 4.2; only a materially longer run is evidence of a defect.,184.40544114050815,2002.0741999999989,278,0.6556374133670579,1.1173373196670948,1.0494301513693098,NOT distinguishable from zero (|SR| < 2*SE); do not rank configurations by this.,5.859060402684563,5.865771812080537,31.9527,89,60,64.04494382022472,70.0,-842.3832000000006,-567.7269999999996,-0.8119638616417141,0.7782580795043881,105,70.46979865771812,2601.5095,278.2,0.536,False,30,64,44,20,85,0,0,0,0,5671,2025-08-13 09:00:00+00:00,2026-05-18 14:00:00+00:00,-1.309407106742591,-1.153309278448745,-1.309407106742591,0.0812799585423866,3,1.1353477607531302,-1.2345892369911318
BTCUSDm,H1,central,train,150,100,50,level,False,0.5,1000.0,-698.1937999999998,-1698.1937999999998,149,149,0,101,48,0,67.78523489932886,4790.3414,6488.5352,0.7382777857165667,47.42912277227723,135.17781666666667,-11.39727382550336,-11.39727382550336,0.35086469024153666,86.27090000000013,-152.8,-169.81937999999997,4871.0,-7142.217000000001,-2271.2170000000015,49,100,99.40816326530613,-71.42217000000001,-15.24306711409397,100.0,-152.8,-0.07598182550335572,0.05016109247363532,-11.321292000000003,9,7,4.1,An iid sequence with this win rate would already produce a streak of about 4.1; only a materially longer run is evidence of a defect.,184.49353239403592,2108.2693999999988,278,-0.2232964253267178,-0.24875213513863062,0.9638847564421428,NOT distinguishable from zero (|SR| < 2*SE); do not rank configurations by this.,4.416107382550336,4.422818791946309,29.4948,91,58,67.03296703296702,68.96551724137932,-699.5668000000009,-998.6269999999997,-0.7193083668903804,0.5697162863534673,107,71.81208053691275,2653.3095000000003,278.2,0.536,False,32,61,42,49,58,0,0,0,0,5671,2025-08-13 09:00:00+00:00,2026-05-18 14:00:00+00:00,-1.51475619362341,-1.4756574094637376,-1.51475619362341,0.08058863051819576,2,1.0264958410461145,-1.5562460399819333
BTCUSDm,H1,central,train,150,140,50,level,False,0.5,1000.0,-514.1662999999998,-1514.1662999999999,145,145,0,97,48,0,66.89655172413794,4826.3414,6340.5077,0.7611916313893917,49.756096907216495,132.09391041666666,-10.442526206896552,-10.442526206896552,0.3766721474916578,106.27090000000013,-152.8,-151.41662999999997,5156.000000000001,-7060.162,-1904.1620000000014,37,108,139.35135135135138,-65.37187037037037,-13.132151724137941,140.0,-152.8,-0.06961684137931036,0.05243655907938735,-10.094442000000003,9,7,4.1,An iid sequence with this win rate would already produce a streak of about 4.1; only a materially longer run is evidence of a defect.,171.01542196839526,1856.699899999999,278,1.85064001615706,13.84900673570647,1.568041241502473,NOT distinguishable from zero (|SR| < 2*SE); do not rank configurations by this.,5.096551724137931,5.103448275862069,29.494799999999998,87,58,65.51724137931035,68.96551724137932,-644.0393000000006,-870.1269999999996,-0.7377142068965519,0.6029212873563217,104,71.72413793103448,2578.3095000000003,278.2,0.521,False,30,60,41,37,67,0,0,0,0,5671,2025-08-13 09:00:00+00:00,2026-05-18 14:00:00+00:00,-1.3276393913245257,-1.3458557791237085,-1.51475619362341,0.13896057396118583,3,0.9864648292322648,-1.4848163530848943
BTCUSDm,H1,central,train,150,180,50,level,False,0.5,1000.0,-300.38559999999933,-1300.3855999999994,146,146,0,99,47,0,67.8082191780822,4887.322100000001,6187.707699999999,0.7898437251649754,49.36688989898991,131.65335531914891,-8.90675068493151,-8.90675068493151,0.37497631396721054,115.0,-152.8,-130.03855999999993,5201.4000000000015,-6925.9619999999995,-1724.5620000000013,29,117,179.35862068965523,-59.1962564102564,-11.812068493150694,180.0,-152.8,-0.05937833789954339,0.0527747297464661,-8.669237333333335,9,7,4.1,An iid sequence with this win rate would already produce a streak of about 4.1; only a materially longer run is evidence of a defect.,158.92656431408,1725.4521999999988,278,-1.5288119188695333,-1.766256625117951,1.402073876701977,NOT distinguishable from zero (|SR| < 2*SE); do not rank configurations by this.,5.568493150684931,5.575342465753424,30.314099999999996,87,59,65.51724137931035,71.1864406779661,-637.3586000000008,-663.0269999999997,-0.732430502283105,0.6583914611872141,106,72.6027397260274,2626.7095000000004,278.2,0.525,False,29,62,40,29,77,0,0,0,0,5671,2025-08-13 09:00:00+00:00,2026-05-18 14:00:00+00:00,-1.1251282230113075,-1.1268508974359128,-1.3276393913245257,0.09225768362657744,3,0.9984712490103836,-1.2191085810624902
BTCUSDm,H1,central,train,150,220,50,level,False,0.5,1000.0,-262.9434999999993,-1262.9434999999994,143,143,0,99,44,0,69.23076923076923,4468.9642,5731.9077,0.779664368984867,45.141052525252526,130.27062954545454,-8.831772727272732,-8.831772727272732,0.3465174973266075,135.0,-152.8,-126.29434999999995,4386.4,-6485.562,-2099.162000000001,20,123,219.32,-52.728146341463415,-14.679454545454554,220.0,-152.8,-0.058878484848484874,0.05217071028113862,-8.419623333333337,9,7,3.9,An iid sequence with this win rate would already produce a streak of about 3.9; only a materially longer run is evidence of a defect.,180.5708159269921,1960.4419999999986,278,0.39952504459465726,0.7108619344246253,0.9893536748562832,NOT distinguishable from zero (|SR| < 2*SE); do not rank configurations by this.,6.398601398601398,6.405594405594406,32.772,85,58,65.88235294117646,74.13793103448276,-816.3165000000007,-446.6269999999997,-0.7334123076923078,0.6962630769230767,106,74.12587412587412,2626.0095000000006,278.2,0.514,False,29,61,37,20,86,0,0,0,0,5671,2025-08-13 09:00:00+00:00,2026-05-18 14:00:00+00:00,-1.1285735718605183,-1.1285735718605183,-1.309407106742591,0.08606931622302161,2,1.0,-1.21464288808354
BTCUSDm,H1,central,test,70,100,50,level,False,0.5,1000.0,1085.7807999999986,85.78079999999864,76,76,0,47,29,0,61.8421052631579,2162.057999999999,2076.2772,1.0413147146248098,46.00123404255317,71.59576551724138,1.1286947368420943,1.1286947368420943,0.6425133345557337,75.0,-72.6386,8.578079999999863,2091.983999999999,-2143.873,-51.889000000001374,21,55,99.61828571428566,-38.97950909090909,-0.6827500000000181,100.0,-72.0,0.01612421052631564,0.0999117186581956,1.2254399999999888,9,5,4.0,An iid sequence with this win rate would already produce a streak of about 4.0; only a materially longer run is evidence of a defect.,54.140418514081645,628.1645999999998,143,0.5745913069744137,0.9023163707038148,1.4328795191042163,NOT distinguishable from zero (|SR| < 2*SE); do not rank configurations by this.,4.802631578947368,4.81578947368421,15.5667,40,36,62.5,61.111111111111114,179.53929999999943,-93.75850000000025,-1.002271992481203,1.031502255639099,47,61.8421052631579,1163.792,143.0,0.531,False,9,20,29,21,26,0,0,0,0,2431,2026-04-07 00:00:00+00:00,2026-08-28 00:00:00+00:00,0.1613845777338452,0.11530827503224726,-0.15962799107746262,0.14172039978141354,2,1.3995923335832765,-0.02641212474916628
BTCUSDm,H1,central,test,70,140,50,level,False,0.5,1000.0,1063.5024999999991,63.502499999999145,75,75,0,46,29,0,61.333333333333336,2139.7796999999996,2076.2772,1.0305847889674844,46.516949999999994,71.59576551724138,0.8466999999999939,0.8466999999999939,0.6497164973925447,95.0,-72.6386,6.350249999999915,2094.9919999999993,-2140.799,-45.8070000000007,15,60,139.66613333333328,-35.67998333333333,-0.6107600000000093,140.0,-72.0,0.01209571428571422,0.10489892665839912,0.9071785714285665,9,5,4.0,An iid sequence with this win rate would already produce a streak of about 4.0; only a materially longer run is evidence of a defect.,51.29005948772271,628.1645999999998,143,0.5194511993488696,0.7476556472441502,1.4142099109076003,NOT distinguishable from zero (|SR| < 2*SE); do not rank configurations by this.,5.453333333333333,5.466666666666667,16.386,40,35,62.5,60.0,227.21999999999946,-163.71749999999992,-1.0273693333333331,1.1187550476190489,46,61.333333333333336,1139.292,143.0,0.524,False,9,19,29,15,31,0,0,0,0,2431,2026-04-07 00:00:00+00:00,2026-08-28 00:00:00+00:00,0.11530827503224726,0.0043598169762053135,-0.20499146486615424,0.15200274601783706,3,26.447962302447152,-0.14764292904163173
BTCUSDm,H1,central,test,70,180,50,level,False,0.5,1000.0,887.1653999999992,-112.83460000000082,74,74,0,45,29,0,60.810810810810814,1963.4425999999994,2076.2772,0.9456553296448083,43.63205777777777,71.59576551724138,-1.5247918918919,-1.5247918918919,0.6094223235488765,115.0,-72.6386,-11.283460000000083,1796.9999999999993,-2143.204,-346.20400000000075,10,64,179.69999999999993,-33.4875625,-4.678432432432443,180.0,-72.0,-0.021782741312741365,0.10626169888079995,-1.611922857142861,9,5,4.1,An iid sequence with this win rate would already produce a streak of about 4.1; only a materially longer run is evidence of a defect.,56.75889330216155,628.1645999999998,143,0.17959294970437623,0.27510922790445436,1.338154341802984,NOT distinguishable from zero (|SR| < 2*SE); do not rank configurations by this.,6.797297297297297,6.810810810810811,18.0246,40,34,62.5,58.82352941176471,154.08139999999946,-266.916,-1.0811239382239377,1.155328571428573,45,60.810810810810814,1114.792,143.0,0.517,False,9,18,29,10,35,0,0,0,0,2431,2026-04-07 00:00:00+00:00,2026-08-28 00:00:00+00:00,-0.20499146486615424,-0.24373419570084826,-0.44328225521344694,0.2033305839192577,3,0.841045156904263,-0.44706477962010593
BTCUSDm,H1,central,test,70,220,50,level,False,0.5,1000.0,841.064899999999,-158.93510000000094,73,73,0,44,29,0,60.273972602739725,1917.3420999999994,2076.2772,0.9234518878307768,43.5759568181818,71.59576551724138,-2.177193150684939,-2.177193150684939,0.6086387442521028,135.0,-72.6386,-15.893510000000095,1756.9999999999993,-2129.0190000000002,-372.0190000000009,8,65,219.62499999999991,-32.75413846153847,-5.096150684931519,220.0,-72.0,-0.03110275929549909,0.11010725611100709,-2.2705014285714338,9,5,4.1,An iid sequence with this win rate would already produce a streak of about 4.1; only a materially longer run is evidence of a defect.,55.74674319284129,653.7915000000003,143,0.09267603368627411,0.13683965853351193,1.3303403916630474,NOT distinguishable from zero (|SR| < 2*SE); do not rank configurations by this.,7.931506849315069,7.945205479452055,26.217599999999997,39,34,61.53846153846154,58.82352941176471,49.28239999999933,-208.21749999999997,-1.0783516634050878,1.2273054794520564,44,60.273972602739725,1089.792,143.0,0.51,False,8,19,29,8,36,0,0,0,0,2431,2026-04-07 00:00:00+00:00,2026-08-28 00:00:00+00:00,-0.2824769265355423,-0.2824769265355423,-0.5054622550448978,0.127370478548551,2,1.0,-0.4098474050840933
BTCUSDm,H1,central,test,90,100,50,level,False,0.5,1000.0,908.0035999999985,-91.99640000000147,71,71,0,47,24,0,66.19718309859155,2110.9193999999993,2202.9157999999998,0.9582388033169491,44.91317872340424,91.78815833333333,-1.295723943661983,-1.295723943661983,0.48931343148099526,75.0,-92.6386,-9.199640000000146,1992.983999999999,-2269.8730000000005,-276.88900000000143,20,51,99.64919999999995,-44.50731372549021,-3.8998450704225553,100.0,-92.0,-0.01439693270735536,0.09019052742679048,-1.0221822222222305,10,3,3.5,An iid sequence with this win rate would already produce a streak of about 3.5; only a materially longer run is evidence of a defect.,57.331842540176446,828.1645999999998,143,0.17737333109302544,0.24700331613990292,1.3378934585548259,NOT distinguishable from zero (|SR| < 2*SE); do not rank configurations by this.,5.47887323943662,5.492957746478873,18.843899999999998,36,35,72.22222222222221,60.0,355.76209999999946,-447.75850000000025,-0.8323491392801251,0.8121704225352121,47,66.19718309859155,1164.292,143.0,0.497,False,10,19,24,20,27,0,0,0,0,2431,2026-04-07 00:00:00+00:00,2026-08-28 00:00:00+00:00,-0.15962799107746262,-0.13310831607864962,-0.19444324758547044,0.1399142289104789,3,1.1992337953035432,-0.2730225449891285
BTCUSDm,H1,central,test,90,140,50,level,False,0.5,1000.0,936.2252999999988,-63.77470000000119,70,70,0,46,24,0,65.71428571428571,2139.1410999999994,2202.9157999999998,0.9710498694502984,46.503067391304334,91.78815833333333,-0.9110671428571488,-0.9110671428571488,0.5066347144958078,95.0,-92.6386,-6.37747000000012,2094.9919999999993,-2264.799,-169.8070000000007,15,55,139.66613333333328,-41.178163636363635,-2.4258142857142957,140.0,-92.0,-0.010122968253968335,0.09497229865597091,-0.7086077777777835,10,3,3.6,An iid sequence with this win rate would already produce a streak of about 3.6; only a materially longer run is evidence of a defect.,55.89319071434178,828.1645999999998,143,0.23640299911737464,0.32875093448945986,1.3459124433199905,NOT distinguishable from zero (|SR| < 2*SE); do not rank configurations by this.,6.1571428571428575,6.171428571428572,19.6632,36,34,72.22222222222221,58.82352941176471,403.44279999999947,-467.2175,-0.8476936507936506,0.8813633333333344,46,65.71428571428571,1139.792,143.0,0.49,False,10,18,24,15,31,0,0,0,0,2431,2026-04-07 00:00:00+00:00,2026-08-28 00:00:00+00:00,-0.10658864107983664,-0.14285464740348067,-0.44328225521344694,0.17798746996564277,4,0.7461335211502513,-0.32084211736912344
BTCUSDm,H1,central,test,90,180,50,level,False,0.5,1000.0,735.388199999999,-264.61180000000104,68,68,0,44,24,0,64.70588235294117,1938.3039999999996,2202.9157999999998,0.8798811102993587,44.05236363636363,91.78815833333333,-3.8913500000000076,-3.8913500000000076,0.47993515107237744,115.0,-92.6386,-26.461180000000102,1796.9999999999993,-2266.204,-469.20400000000086,10,58,179.69999999999993,-39.072482758620694,-6.900058823529425,180.0,-92.0,-0.043237222222222316,0.09753880673929291,-2.9401311111111177,9,3,3.6,An iid sequence with this win rate would already produce a streak of about 3.6; only a materially longer run is evidence of a defect.,63.89009242180106,894.1950000000002,143,-0.16889644696052844,-0.23483503406147357,1.3369265380236506,NOT distinguishable from zero (|SR| < 2*SE); do not rank configurations by this.,7.3088235294117645,7.323529411764706,21.3018,35,33,71.42857142857143,57.57575757575758,305.80419999999947,-570.4159999999999,-0.8975246732026138,0.915576633986929,44,64.70588235294117,1090.292,143.0,0.476,False,10,16,24,10,34,0,0,0,0,2431,2026-04-07 00:00:00+00:00,2026-08-28 00:00:00+00:00,-0.44328225521344694,-0.44328225521344694,-0.5054622550448978,0.15883642863762162,4,1.0,-0.6021186838510686
BTCUSDm,H1,central,test,90,220,50,level,False,0.5,1000.0,692.5648999999986,-307.4351000000014,67,67,0,43,24,0,64.17910447761194,1895.4806999999994,2202.9157999999998,0.8604417381726526,44.08094651162789,91.78815833333333,-4.588583582089561,-4.588583582089561,0.4802465515382247,135.0,-92.6386,-30.74351000000014,1756.9999999999993,-2252.0190000000002,-495.0190000000009,8,59,219.62499999999991,-38.16981355932204,-7.3883432835821035,220.0,-92.0,-0.05098426202321736,0.10086660579371781,-3.415945555555563,9,3,3.7,An iid sequence with this win rate would already produce a streak of about 3.7; only a materially longer run is evidence of a defect.,67.84168021307664,894.1950000000002,143,-0.2536419836723138,-0.34740564387569645,1.3486748643751927,NOT distinguishable from zero (|SR| < 2*SE); do not rank configurations by this.,8.208955223880597,8.223880597014926,26.217599999999997,34,33,70.58823529411765,57.57575757575758,204.28239999999937,-511.7175,-0.9128376451077941,0.9661928689883923,43,64.17910447761194,1065.292,143.0,0.469,False,9,17,24,8,35,0,0,0,0,2431,2026-04-07 00:00:00+00:00,2026-08-28 00:00:00+00:00,-0.5054622550448978,-0.47437225512917236,-0.5240593407555733,0.09509206553607082,3,1.0655392459815332,-0.5694643206652432
BTCUSDm,H1,central,test,110,100,50,level,False,0.5,1000.0,882.2789999999987,-117.72100000000125,62,62,0,43,19,0,69.35483870967742,2008.833399999999,2126.5544,0.944642375478379,46.717055813953465,111.92391578947368,-1.8987258064516286,-1.8987258064516286,0.4174001193974233,75.0,-112.6386,-11.772100000000126,1992.983999999999,-2199.0450000000005,-206.06100000000157,20,42,99.64919999999995,-52.3582142857143,-3.3235645161290575,100.0,-112.0,-0.017261143695014705,0.08877214256271518,-1.0701909090909116,10,4,3.2,An iid sequence with this win rate would already produce a streak of about 3.2; only a materially longer run is evidence of a defect.,65.040307420112,897.1166999999996,143,0.1223895061684281,0.16845580413464853,1.3324549562539545,NOT distinguishable from zero (|SR| < 2*SE); do not rank configurations by this.,6.661290322580645,6.67741935483871,20.4825,33,29,75.75757575757575,62.06896551724138,351.62349999999947,-469.34450000000027,-0.7698357771260996,0.6983633431085046,43,69.35483870967742,1065.792,143.0,0.434,False,9,17,19,20,23,0,0,0,0,2431,2026-04-07 00:00:00+00:00,2026-08-28 00:00:00+00:00,-0.19444324758547044,-0.16472163967790227,-0.19444324758547044,0.018694959836706236,3,1.1804353572832689,-0.1834165995146085
BTCUSDm,H1,central,test,110,140,50,level,False,0.5,1000.0,910.500699999999,-89.49930000000097,61,61,0,42,19,0,68.85245901639344,2037.0550999999994,2126.5544,0.9579134679084623,48.50131190476189,111.92391578947368,-1.4672016393442708,-1.4672016393442708,0.4333418069109711,95.0,-112.6386,-8.949930000000096,2094.9919999999993,-2193.971,-98.97900000000084,15,46,139.66613333333328,-47.69502173913043,-1.622606557377063,140.0,-112.0,-0.013338196721311452,0.09336900803541143,-0.8136299999999985,10,4,3.2,An iid sequence with this win rate would already produce a streak of about 3.2; only a materially longer run is evidence of a defect.,63.18966463633523,891.5965000000001,143,0.18308199187793728,0.24390139852020687,1.3385708796666698,NOT distinguishable from zero (|SR| < 2*SE); do not rank configurations by this.,7.459016393442623,7.475409836065573,21.3018,33,28,75.75757575757575,60.71428571428571,399.30419999999947,-488.8034999999999,-0.7856988077496271,0.7638834575260808,42,68.85245901639344,1041.292,143.0,0.427,False,9,16,19,15,27,0,0,0,0,2431,2026-04-07 00:00:00+00:00,2026-08-28 00:00:00+00:00,-0.14285464740348067,-0.15267772088586531,-0.46456234737909075,0.12923427733840928,4,0.9356613825161307,-0.2819119982242746
BTCUSDm,H1,central,test,110,180,50,level,False,0.5,1000.0,709.663599999999,-290.33640000000105,59,59,0,40,19,0,67.79661016949153,1836.2179999999994,2126.5544,0.8634709744552029,45.90544999999999,111.92391578947368,-4.9209559322034,-4.9209559322034,0.4101487128662214,115.0,-112.6386,-29.033640000000105,1796.9999999999993,-2195.376,-398.376000000001,10,49,179.69999999999993,-44.8035918367347,-6.7521355932203555,180.0,-112.0,-0.04473596302003078,0.09629700571390792,-2.639421818181816,9,4,3.3,An iid sequence with this win rate would already produce a streak of about 3.3; only a materially longer run is evidence of a defect.,72.12724913633801,960.6950000000002,143,-0.16274268920650203,-0.21602096537398655,1.3362538519877774,NOT distinguishable from zero (|SR| < 2*SE); do not rank configurations by this.,8.830508474576272,8.847457627118644,22.9404,32,27,75.0,59.25925925925925,301.6655999999995,-592.002,-0.8358120184899841,0.7975959938366723,40,67.79661016949153,991.7919999999999,143.0,0.413,False,9,14,19,10,30,0,0,0,0,2431,2026-04-07 00:00:00+00:00,2026-08-28 00:00:00+00:00,-0.46456234737909075,-0.45660074418605284,-0.5240593407555733,0.13458310842823087,4,1.0174366846625063,-0.5911838526142837
BTCUSDm,H1,central,test,110,220,50,level,False,0.5,1000.0,666.8402999999987,-333.1597000000013,58,58,0,39,19,0,67.24137931034483,1793.3946999999991,2126.5544,0.8433335634395241,45.98447948717946,111.92391578947368,-5.744132758620701,-5.744132758620701,0.41085481295771686,135.0,-112.6386,-33.315970000000135,1756.9999999999993,-2181.1910000000007,-424.19100000000117,8,50,219.62499999999991,-43.623820000000016,-7.313637931034503,220.0,-112.0,-0.05221938871473345,0.09964403771421207,-3.02872454545454,9,4,3.3,An iid sequence with this win rate would already produce a streak of about 3.3; only a materially longer run is evidence of a defect.,76.82961315164766,960.6950000000002,143,-0.24134475123145704,-0.3171082004115144,1.3466850219345756,NOT distinguishable from zero (|SR| < 2*SE); do not rank configurations by this.,9.89655172413793,9.913793103448276,27.8562,31,27,74.19354838709677,59.25925925925925,200.14379999999937,-533.3035,-0.8520344827586203,0.8462714733542324,39,67.24137931034483,966.7919999999998,143.0,0.406,False,8,15,19,8,31,0,0,0,0,2431,2026-04-07 00:00:00+00:00,2026-08-28 00:00:00+00:00,-0.5240593407555733,-0.5147607979002355,-0.5481734359000237,0.030572756400892596,3,1.018063813121099,-0.5453335543011282
BTCUSDm,H1,central,test,130,100,50,level,False,0.5,1000.0,892.1403999999987,-107.85960000000125,61,61,0,45,16,0,73.77049180327869,2002.0561999999993,2109.9157999999998,0.9488796661933142,44.49013777777776,131.86973749999999,-1.7681901639344402,-1.7681901639344402,0.33737943686873395,75.0,-132.6386,-10.785960000000125,1892.983999999999,-2189.0450000000005,-296.06100000000157,19,42,99.63073684210521,-52.12011904761906,-4.853459016393469,100.0,-132.0,-0.013601462799495648,0.08009563177375216,-0.8296892307692345,9,3,2.8,An iid sequence with this win rate would already produce a streak of about 2.8; only a materially longer run is evidence of a defect.,64.1148717559774,879.1645999999998,143,0.22655857561365955,0.32518326834311306,1.344419773229967,NOT distinguishable from zero (|SR| < 2*SE); do not rank configurations by this.,7.39344262295082,7.409836065573771,22.1211,32,29,78.125,68.96551724137932,270.48489999999947,-378.3445000000003,-0.6583640605296339,0.5998446406052967,45,73.77049180327869,1114.792,143.0,0.427,False,9,16,16,19,26,0,0,0,0,2431,2026-04-07 00:00:00+00:00,2026-08-28 00:00:00+00:00,-0.16981528827834194,-0.1821292679319062,-0.4363819066306001,0.11530522906227454,3,0.9323887928975361,-0.29743449699418073
BTCUSDm,H1,central,test,130,140,50,level,False,0.5,1000.0,900.3620999999993,-99.63790000000074,60,60,0,44,16,0,73.33333333333333,2010.2778999999996,2109.9157999999998,0.9527763619761508,45.68813409090908,131.86973749999999,-1.6606316666666763,-1.6606316666666763,0.3464641316276912,95.0,-132.6386,-9.963790000000074,1954.991999999999,-2183.971,-228.97900000000084,14,46,139.64228571428563,-47.47763043478261,-3.8163166666666806,140.0,-132.0,-0.012774089743589732,0.08366701879928533,-0.7664453846153839,9,3,2.9,An iid sequence with this win rate would already produce a streak of about 2.9; only a materially longer run is evidence of a defect.,63.32149296658018,879.1645999999998,143,0.2090017174985916,0.27223849911533243,1.3419115278789648,NOT distinguishable from zero (|SR| < 2*SE); do not rank configurations by this.,8.216666666666667,8.233333333333333,22.9404,32,28,78.125,67.85714285714286,298.1655999999995,-397.8034999999999,-0.6721264102564098,0.6563574358974363,44,73.33333333333333,1090.292,143.0,0.42,False,9,15,16,14,30,0,0,0,0,2431,2026-04-07 00:00:00+00:00,2026-08-28 00:00:00+00:00,-0.15267772088586531,-0.16981528827834194,-0.45660074418605284,0.13831555180707797,4,0.8990811276992524,-0.3081308400854199
BTCUSDm,H1,central,test,130,180,50,level,False,0.5,1000.0,704.024999999999,-295.97500000000105,59,59,0,43,16,0,72.88135593220339,1813.9407999999994,2109.9157999999998,0.8597218903237748,42.18466976744185,131.86973749999999,-5.016525423728823,-5.016525423728823,0.3198965173297767,115.0,-132.6386,-29.597500000000107,1616.9999999999993,-2186.376,-569.3760000000009,9,50,179.6666666666666,-43.727520000000005,-9.650440677966117,180.0,-132.0,-0.03858865710560624,0.08451290891869938,-2.276730769230768,9,3,2.9,An iid sequence with this win rate would already produce a streak of about 2.9; only a materially longer run is evidence of a defect.,70.62836064588676,879.1645999999998,143,-0.0664259695760855,-0.09053050027561245,1.3289565905255878,NOT distinguishable from zero (|SR| < 2*SE); do not rank configurations by this.,9.559322033898304,9.576271186440676,24.579,32,27,78.125,66.66666666666666,205.0269999999995,-501.00199999999995,-0.7104457627118638,0.6824882659713173,43,72.88135593220339,1065.792,143.0,0.413,False,9,14,16,9,34,0,0,0,0,2431,2026-04-07 00:00:00+00:00,2026-08-28 00:00:00+00:00,-0.45660074418605284,-0.46456234737909075,-0.6992219225387785,0.178544583353489,4,0.9828621427501504,-0.6431069307325797
BTCUSDm,H1,central,test,130,220,50,level,False,0.5,1000.0,641.2016999999987,-358.7983000000013,58,58,0,42,16,0,72.41379310344827,1751.1174999999994,2109.9157999999998,0.8299466263061301,41.693273809523795,131.86973749999999,-6.186177586206907,-6.186177586206907,0.3161701433547162,135.0,-132.6386,-35.87983000000013,1536.9999999999993,-2172.1910000000003,-635.1910000000012,7,51,219.57142857142847,-42.59198039215687,-10.95156896551726,220.0,-132.0,-0.04758598143236071,0.08680825869322037,-2.759986923076921,9,3,2.9,An iid sequence with this win rate would already produce a streak of about 2.9; only a materially longer run is evidence of a defect.,76.90021235879566,879.1645999999998,143,-0.1920088778838236,-0.25266714891670944,1.3396724721250577,NOT distinguishable from zero (|SR| < 2*SE); do not rank configurations by this.,10.637931034482758,10.655172413793103,29.4948,31,27,77.41935483870968,66.66666666666666,83.50519999999936,-442.3035,-0.7242279840848802,0.7238062334217512,42,72.41379310344827,1040.792,143.0,0.406,False,8,15,16,7,35,0,0,0,0,2431,2026-04-07 00:00:00+00:00,2026-08-28 00:00:00+00:00,-0.5481734359000237,-0.5361163883277984,-0.7831106926787744,0.12309284446206384,3,1.0224896082916481,-0.6592092327898622
BTCUSDm,H1,central,test,150,100,50,level,False,0.5,1000.0,700.6403999999994,-299.35960000000057,59,59,0,44,15,0,74.57627118644068,1978.5561999999993,2277.9157999999993,0.8685817974483516,44.96718636363635,151.86105333333327,-5.073891525423732,-5.073891525423732,0.2961074309483017,75.0,-152.6386,-29.93596000000006,1892.983999999999,-2355.0449999999996,-462.0610000000007,19,40,99.63073684210521,-58.87612499999999,-7.831542372881368,100.0,-152.0,-0.03382594350282475,0.07751454170958241,-1.9957306666666603,9,3,2.8,An iid sequence with this win rate would already produce a streak of about 2.8; only a materially longer run is evidence of a defect.,74.76826331697353,890.6645999999992,143,0.039715631903561144,0.05518650409607729,1.328016407553575,NOT distinguishable from zero (|SR| < 2*SE); do not rank configurations by this.,7.796610169491525,7.813559322033898,22.1211,32,27,78.125,70.37037037037037,130.48489999999944,-429.8444999999996,-0.5853733333333333,0.5309814689265538,44,74.57627118644068,1090.292,143.0,0.413,False,9,16,15,19,25,0,0,0,0,2431,2026-04-07 00:00:00+00:00,2026-08-28 00:00:00+00:00,-0.4363819066306001,-0.41458545809660874,-0.4363819066306001,0.12085127830947909,2,1.0525740787775346,-0.5354367364060878
BTCUSDm,H1,central,test,150,140,50,level,False,0.5,1000.0,708.8620999999997,-291.1379000000003,58,58,0,43,15,0,74.13793103448276,1986.7778999999994,2277.9157999999993,0.8721911055711541,46.20413720930231,151.86105333333327,-5.01961896551724,-5.01961896551724,0.30425271124575143,95.0,-152.6386,-29.11379000000003,1954.991999999999,-2349.970999999999,-394.97900000000016,14,44,139.64228571428563,-53.408431818181796,-6.809982758620692,140.0,-152.0,-0.03346412643678147,0.08071707722315599,-1.9409193333333252,9,3,2.8,An iid sequence with this win rate would already produce a streak of about 2.8; only a materially longer run is evidence of a defect.,73.7052411333796,890.6645999999992,143,-0.02803225004149366,-0.0357260249272529,1.3277537993392177,NOT distinguishable from zero (|SR| < 2*SE); do not rank configurations by this.,8.655172413793103,8.672413793103448,22.9404,32,26,78.125,69.23076923076923,158.16559999999947,-449.3034999999993,-0.5979670114942527,0.5818397701149429,43,74.13793103448276,1065.792,143.0,0.406,False,9,15,15,14,29,0,0,0,0,2431,2026-04-07 00:00:00+00:00,2026-08-28 00:00:00+00:00,-0.41458545809660874,-0.42548368236360445,-0.6992219225387785,0.19338629866826784,3,0.9743862697472792,-0.6188699810318723
BTCUSDm,H1,central,test,150,180,50,level,False,0.5,1000.0,512.5249999999999,-487.47500000000014,57,57,0,42,15,0,73.6842105263158,1790.4407999999996,2277.9157999999993,0.7859995527490525,42.62954285714285,151.86105333333327,-8.55219298245614,-8.55219298245614,0.2807141259818045,115.0,-152.6386,-48.74750000000002,1616.9999999999993,-2352.3759999999993,-735.3760000000003,9,48,179.6666666666666,-49.007833333333316,-12.901333333333339,180.0,-152.0,-0.05701461988304079,0.08154009198685956,-3.249833333333325,9,3,2.8,An iid sequence with this win rate would already produce a streak of about 2.8; only a materially longer run is evidence of a defect.,83.6481038821701,890.6645999999992,143,-0.17787353342265183,-0.2434636137994244,1.337951971161834,NOT distinguishable from zero (|SR| < 2*SE); do not rank configurations by this.,10.052631578947368,10.070175438596491,24.579,32,25,78.125,68.0,65.0269999999995,-552.5019999999993,-0.6326135672514617,0.605509122807018,42,73.6842105263158,1041.292,143.0,0.399,False,9,14,15,9,33,0,0,0,0,2431,2026-04-07 00:00:00+00:00,2026-08-28 00:00:00+00:00,-0.6992219225387785,-0.5779113333624156,-0.7831106926787744,0.15634600212444322,3,1.20991211311007,-0.7342573354868589
BTCUSDm,H1,central,test,150,220,50,level,False,0.5,1000.0,449.7016999999997,-550.2983000000004,56,56,0,41,15,0,73.21428571428571,1727.6174999999994,2277.9157999999993,0.7584202629438718,42.13701219512193,151.86105333333327,-9.826755357142858,-9.826755357142858,0.2774708279062945,135.0,-152.6386,-55.02983000000004,1536.9999999999993,-2338.191,-801.1910000000004,7,49,219.57142857142847,-47.71818367346938,-14.30698214285715,220.0,-152.0,-0.0655117023809522,0.08365573729667432,-3.668655333333324,9,3,2.8,An iid sequence with this win rate would already produce a streak of about 2.8; only a materially longer run is evidence of a defect.,93.14390570655482,986.1651999999995,143,-0.20976875715194715,-0.285006457739881,1.3420169805135818,NOT distinguishable from zero (|SR| < 2*SE); do not rank configurations by this.,11.178571428571429,11.196428571428571,29.4948,31,25,77.41935483870968,68.0,-56.49480000000062,-493.8034999999993,-0.6452864285714283,0.6428472619047623,41,73.21428571428571,1016.2919999999999,143.0,0.392,False,8,15,15,7,34,0,0,0,0,2431,2026-04-07 00:00:00+00:00,2026-08-28 00:00:00+00:00,-0.7831106926787744,-0.6992219225387785,-0.7831106926787744,0.09721024505574608,2,1.1199744565150467,-0.7964321675945245
