symbol,timeframe,scenario,split,sl_pips,tp_pips,be_trigger_pips,entry_mode,exit_at_mean,partial_fraction,initial_balance,final_balance,total_pl,trades_opened,closed_trades,open_trades,wins,losses,scratches,win_rate,gross_profit,gross_loss,profit_factor,avg_win,avg_loss,avg_trade,expectancy,realized_rr,largest_win,largest_loss,roi_pct,pips_won,pips_lost,net_pips,pip_wins,pip_losses,avg_win_pips,avg_loss_pips,avg_pips,largest_win_pips,largest_loss_pips,expectancy_r,expectancy_r_se,total_r,max_consecutive_wins,max_consecutive_losses,max_consecutive_losses_expected_iid,max_consecutive_losses_note,max_drawdown,max_drawdown_abs,trading_days,sharpe,sortino,sharpe_se,sharpe_note,avg_bars_held,avg_duration_hours,total_costs,long_trades,short_trades,long_win_rate,short_win_rate,long_pl,short_pl,avg_mae_r,avg_mfe_r,partials_fired,partials_fired_pct,partial_pl,span_days,trades_per_day,insufficient_sample,ambiguous_bars,ambiguous_entry_bars,exits_sl,exits_tp,exits_be_stop,exits_cross_center,exits_end_of_data,exits_risk_halt,exits_signal,bars_evaluated,window_start,window_end,objective,nbhd_median,nbhd_min,nbhd_std,n_neighbours,spike_ratio,plateau_score
XAUUSDm,H1,central,train,70,100,50,level,False,0.5,1000.0,-4355.8350000000755,-5355.8350000000755,914,914,0,509,405,0,55.689277899343544,24650.69999999993,30006.535000000033,0.8215110475101476,48.42966601178769,74.09020987654328,-5.859775711159844,-5.859775711159844,0.6536581026357756,207.3350000000005,-196.85000000000173,-535.5835000000076,25587.309999999943,-31331.80000000002,-5744.490000000076,256,658,99.95042968749978,-47.616717325227995,-6.285000000000084,364.670000000001,-196.85000000000173,-0.08371108158799773,0.030475496884116115,-76.51192857142992,9,7,7.7,An iid sequence with this win rate would already produce a streak of about 7.7; only a materially longer run is evidence of a defect.,497.1057142857192,6089.54500000006,2979,0.47226675404437785,0.9658861169214205,0.30663608245347224,NOT distinguishable from zero (|SR| < 2*SE); do not rank configurations by this.,8.23522975929978,14.061269146608316,0.0,466,448,55.36480686695279,56.02678571428571,-1829.9200000000474,-3525.91500000005,-0.9809673335417333,0.9885376680212559,511,55.90809628008753,12516.729999999954,3552.0,0.257,False,120,214,403,256,255,0,0,0,0,39825,2014-01-14 00:00:00+00:00,2023-10-05 23:00:00+00:00,-2.746832378363225,-2.746832378363225,-2.7645589197396867,0.40062501443892745,2,1.0,-3.1474573928021528
XAUUSDm,H1,central,train,70,160,50,level,False,0.5,1000.0,-4587.4400000000705,-5587.4400000000705,875,875,0,480,395,0,54.857142857142854,23682.794999999947,29270.23500000003,0.8091084680392872,49.33915624999989,74.10186075949375,-6.38564571428581,-6.38564571428581,0.6658288434906633,207.3350000000005,-196.85000000000173,-558.7440000000071,25335.62999999997,-30840.130000000026,-5504.500000000062,158,717,160.35208860759474,-43.0127336122734,-6.290857142857214,364.670000000001,-196.85000000000173,-0.09122351020408295,0.032997491770829265,-79.82057142857258,8,7,7.8,An iid sequence with this win rate would already produce a streak of about 7.8; only a materially longer run is evidence of a defect.,532.97975206612,6449.055000000053,2979,-0.23017387776666806,-0.23228450800249686,0.2946743822068027,NOT distinguishable from zero (|SR| < 2*SE); do not rank configurations by this.,10.588571428571429,17.477714285714285,0.0,446,429,54.48430493273543,55.24475524475524,-1713.340000000037,-3874.1000000000463,-1.0172089795918382,1.13306481632653,482,55.08571428571429,11796.979999999961,3552.0,0.246,False,108,206,393,158,324,0,0,0,0,39825,2014-01-14 00:00:00+00:00,2023-10-05 23:00:00+00:00,-2.7645589197396867,-2.5792041620227177,-2.7645589197396867,0.2533152404467706,3,1.0718650971668742,-2.8325194024694884
XAUUSDm,H1,central,train,70,220,50,level,False,0.5,1000.0,-4079.940000000067,-5079.940000000067,849,849,0,465,384,0,54.77031802120141,23384.88499999995,28464.825000000033,0.8215362293637822,50.2900752688171,74.12714843750008,-5.9834393404005635,-5.9834393404005635,0.6784299184423492,221.0349999999994,-196.85000000000173,-507.9940000000067,25581.17999999997,-30148.540000000034,-4567.360000000061,115,734,222.44504347826063,-41.07430517711176,-5.379693757361673,392.0699999999988,-196.85000000000173,-0.08547770486286516,0.035444749320836494,-72.57057142857252,10,6,7.7,An iid sequence with this win rate would already produce a streak of about 7.7; only a materially longer run is evidence of a defect.,493.5595601414567,6113.130000000052,2979,0.348781633795448,7.568545598779996,0.2995620206376747,NOT distinguishable from zero (|SR| < 2*SE); do not rank configurations by this.,12.68080094228504,20.90223792697291,0.0,433,416,54.96535796766744,54.567307692307686,-1118.1050000000323,-3961.8350000000464,-1.0267279151943478,1.2513084300858142,467,55.005889281507656,11433.204999999965,3552.0,0.239,False,104,204,382,115,352,0,0,0,0,39825,2014-01-14 00:00:00+00:00,2023-10-05 23:00:00+00:00,-2.4115759456822103,-2.5880674327109485,-3.1129490436574705,0.3335403668171482,3,0.9318056845049563,-2.921607799528097
XAUUSDm,H1,central,train,70,300,50,level,False,0.5,1000.0,-5552.265000000066,-6552.265000000066,813,813,0,444,369,0,54.61254612546126,20880.099999999966,27432.36500000003,0.761148373463241,47.027252252252175,74.34245257452582,-8.059366543665519,-8.059366543665519,0.6325760130809369,221.0349999999994,-196.85000000000173,-655.2265000000066,21689.289999999986,-29142.690000000028,-7453.4000000000415,72,741,301.2401388888887,-39.32886639676117,-9.167773677736829,392.0699999999988,-196.85000000000173,-0.11513380776665026,0.036985445682521385,-93.60378571428666,8,6,7.7,An iid sequence with this win rate would already produce a streak of about 7.7; only a materially longer run is evidence of a defect.,577.2419544337934,7025.785000000054,2979,-0.2814708616481423,-0.2835545280287267,0.29655199736331744,NOT distinguishable from zero (|SR| < 2*SE); do not rank configurations by this.,15.507995079950799,24.739237392373923,0.0,413,400,54.47941888619855,54.75,-2027.1250000000248,-4525.140000000042,-1.0459082762256209,1.3409746968898255,445,54.73554735547356,10890.45499999997,3552.0,0.229,False,99,197,368,72,373,0,0,0,0,39825,2014-01-14 00:00:00+00:00,2023-10-05 23:00:00+00:00,-3.1129490436574705,-2.6963066223045127,-3.1129490436574705,0.28801749330438314,2,1.1545233831740014,-2.9843241156088958
XAUUSDm,H1,central,train,110,100,50,level,False,0.5,1000.0,-3312.7250000000586,-4312.725000000059,785,785,0,518,267,0,65.98726114649682,25818.25499999993,30130.980000000014,0.8568674168579952,49.84219111969098,112.85011235955062,-5.493917197452333,-5.493917197452333,0.4416671820484261,207.3350000000005,-194.86999999999853,-431.2725000000059,27459.45999999994,-31566.510000000002,-4107.050000000061,273,512,100.58410256410235,-61.653339843750004,-5.231910828025556,364.670000000001,-194.86999999999853,-0.049944701795021196,0.026204206423737473,-39.20659090909164,9,4,5.8,An iid sequence with this win rate would already produce a streak of about 5.8; only a materially longer run is evidence of a defect.,435.15306122449306,5330.62500000004,2979,0.37739068334220116,0.9190005052922083,0.3010250975185275,NOT distinguishable from zero (|SR| < 2*SE); do not rank configurations by this.,11.529936305732484,18.941401273885347,0.0,404,381,66.33663366336634,65.61679790026247,-679.5550000000435,-3633.1700000000374,-0.7376019687319058,0.7113455703532133,522,66.4968152866242,12796.614999999954,3552.0,0.221,False,135,205,263,273,249,0,0,0,0,39825,2014-01-14 00:00:00+00:00,2023-10-05 23:00:00+00:00,-1.9059803219141962,-2.1472079829303334,-2.746832378363225,0.3105365480528992,3,0.8876551955218938,-2.4577445309832324
XAUUSDm,H1,central,train,110,160,50,level,False,0.5,1000.0,-3970.9650000000547,-4970.965000000055,746,746,0,486,260,0,65.14745308310992,24359.634999999937,29330.60000000001,0.8305194915889865,50.122705761316745,112.81000000000003,-6.66349195710465,-6.66349195710465,0.44431083912168007,207.3350000000005,-194.86999999999853,-497.09650000000545,26448.609999999964,-31077.530000000006,-4628.920000000042,165,581,160.29460606060584,-53.48972461273667,-6.204986595174319,364.670000000001,-194.86999999999853,-0.06057719961004226,0.028117809531013664,-45.190590909091526,9,4,5.9,An iid sequence with this win rate would already produce a streak of about 5.9; only a materially longer run is evidence of a defect.,503.4929752066148,6092.265000000039,2979,0.265729489745498,0.39244834460047745,0.29593709150281744,NOT distinguishable from zero (|SR| < 2*SE); do not rank configurations by this.,14.45710455764075,23.131367292225203,0.0,382,364,64.65968586387434,65.65934065934066,-1512.765000000037,-3458.2000000000326,-0.7667265415549605,0.8146507433585176,490,65.68364611260054,11999.119999999955,3552.0,0.21,False,119,197,256,165,325,0,0,0,0,39825,2014-01-14 00:00:00+00:00,2023-10-05 23:00:00+00:00,-2.1544067841851695,-2.2478825815520054,-2.7645589197396867,0.2842268241121937,4,0.9584160675766715,-2.5321094056641993
XAUUSDm,H1,central,train,110,220,50,level,False,0.5,1000.0,-4283.320000000055,-5283.320000000055,721,721,0,468,253,0,64.90984743411929,23193.929999999946,28477.25000000001,0.8144722541677984,49.55967948717937,112.55830039525696,-7.32776699029135,-7.32776699029135,0.4403023083428483,221.0349999999994,-194.86999999999853,-528.3320000000055,25143.079999999973,-30425.420000000013,-5282.340000000036,113,608,222.5051327433626,-50.04180921052634,-7.32640776699034,392.0699999999988,-194.86999999999853,-0.06661606354810316,0.02963502813483676,-48.030181818182385,10,4,5.9,An iid sequence with this win rate would already produce a streak of about 5.9; only a materially longer run is evidence of a defect.,517.3271003891584,6407.510000000037,2979,0.3541026464887266,1.3300007958069093,0.29982593933111246,NOT distinguishable from zero (|SR| < 2*SE); do not rank configurations by this.,16.984743411927877,27.249653259361995,0.0,368,353,64.40217391304348,65.43909348441926,-1498.5800000000302,-3784.7400000000334,-0.778106039591477,0.8945119152691962,473,65.60332871012483,11582.67499999996,3552.0,0.203,False,113,194,248,113,360,0,0,0,0,39825,2014-01-14 00:00:00+00:00,2023-10-05 23:00:00+00:00,-2.2478825815520054,-2.4115759456822103,-2.6963066223045127,0.18840496038671506,4,0.9321218291203772,-2.599980906068925
XAUUSDm,H1,central,train,110,300,50,level,False,0.5,1000.0,-5372.670000000045,-6372.670000000045,690,690,0,446,244,0,64.6376811594203,21188.489999999954,27561.16000000001,0.7687807770064811,47.50782511210752,112.95557377049185,-9.235753623188483,-9.235753623188483,0.42058858652372505,221.0349999999994,-194.86999999999853,-637.2670000000044,22289.579999999987,-29524.500000000004,-7234.92000000002,74,616,301.21054054054036,-47.92938311688312,-10.485391304347855,392.0699999999988,-194.86999999999853,-0.08396139657444074,0.031139409694688053,-57.93336363636411,9,4,5.9,An iid sequence with this win rate would already produce a streak of about 5.9; only a materially longer run is evidence of a defect.,551.4508258547166,7164.78000000002,2979,-0.06699654993967706,-0.07951555118075604,0.29117347497888507,NOT distinguishable from zero (|SR| < 2*SE); do not rank configurations by this.,20.514492753623188,32.38985507246377,0.0,350,340,63.42857142857142,65.88235294117646,-2211.5000000000246,-4161.170000000029,-0.788134123847168,0.9698702239789192,450,65.21739130434783,11014.354999999963,3552.0,0.194,False,107,188,240,74,376,0,0,0,0,39825,2014-01-14 00:00:00+00:00,2023-10-05 23:00:00+00:00,-2.6963066223045127,-2.750368833361412,-3.1129490436574705,0.31020511857944016,3,0.9803436504947498,-3.060573951940852
XAUUSDm,H1,central,train,150,100,50,level,False,0.5,1000.0,-4384.905000000057,-5384.905000000057,705,705,0,504,201,0,71.48936170212765,25011.844999999936,30396.750000000015,0.8228460279470642,49.62667658730146,151.22761194029857,-7.638163120567485,-7.638163120567485,0.3281588325741268,207.3350000000005,-276.6300000000001,-538.4905000000057,26561.079999999944,-32034.42000000001,-5473.340000000064,264,441,100.6101515151513,-72.64040816326532,-7.763602836879524,364.670000000001,-276.6300000000001,-0.050921087470449884,0.023794798595481618,-35.89936666666717,15,4,5.0,An iid sequence with this win rate would already produce a streak of about 5.0; only a materially longer run is evidence of a defect.,514.0248979591871,6296.805000000042,2979,0.19498671002238074,0.31681454074634613,0.2935987635452024,NOT distinguishable from zero (|SR| < 2*SE); do not rank configurations by this.,14.920567375886526,24.14609929078014,0.0,364,341,71.97802197802197,70.96774193548387,-1482.1600000000353,-3902.7450000000417,-0.6188860520094568,0.5509295508274229,510,72.34042553191489,12504.629999999961,3552.0,0.198,False,140,188,195,264,246,0,0,0,0,39825,2014-01-14 00:00:00+00:00,2023-10-05 23:00:00+00:00,-2.140009181675497,-2.0229947517948466,-2.395621201669162,0.20938125056933735,3,1.0578421816353367,-2.232376002364184
XAUUSDm,H1,central,train,150,160,50,level,False,0.5,1000.0,-5126.975000000056,-6126.975000000056,671,671,0,473,198,0,70.49180327868852,23689.16499999994,29816.14000000001,0.7945081086954895,50.08280126849881,150.5865656565657,-9.131110283159567,-9.131110283159567,0.3325847896864839,207.3350000000005,-276.6300000000001,-612.6975000000056,25781.56999999997,-31862.90000000002,-6081.330000000048,160,511,161.1348124999998,-62.35401174168301,-9.063084947839117,364.670000000001,-276.6300000000001,-0.0608740685543971,0.025410556774160608,-40.846500000000454,15,4,5.0,An iid sequence with this win rate would already produce a streak of about 5.0; only a materially longer run is evidence of a defect.,594.1632231404993,7189.375000000042,2979,0.3291622528876187,1.3605459992500661,0.29862155137078755,NOT distinguishable from zero (|SR| < 2*SE); do not rank configurations by this.,18.102831594634875,28.913561847988078,0.0,345,326,71.01449275362319,69.93865030674846,-1395.015000000027,-4731.960000000042,-0.6431811227024348,0.6350447093889714,480,71.53502235469449,11760.629999999961,3552.0,0.189,False,123,185,191,160,320,0,0,0,0,39825,2014-01-14 00:00:00+00:00,2023-10-05 23:00:00+00:00,-2.395621201669162,-2.2564035712401234,-2.478240936953039,0.1330216304668045,4,1.061698905374682,-2.3894252017069277
XAUUSDm,H1,central,train,150,220,50,level,False,0.5,1000.0,-5423.7700000000505,-6423.7700000000505,652,652,0,457,195,0,70.0920245398773,22745.759999999947,29169.53000000001,0.7797780766436737,49.77190371991236,149.5873333333334,-9.852407975460213,-9.852407975460213,0.3327280633381102,207.3350000000005,-276.6300000000001,-642.377000000005,24820.27999999998,-31413.260000000017,-6592.980000000036,112,540,221.6096428571427,-58.17270370370373,-10.111932515337479,364.670000000001,-276.6300000000001,-0.06568271983640142,0.026503766787565605,-42.825133333333724,15,4,5.1,An iid sequence with this win rate would already produce a streak of about 5.1; only a materially longer run is evidence of a defect.,598.6545075812656,7414.815000000037,2979,-0.4097556152239308,-0.41298967527807307,0.3028095794165398,NOT distinguishable from zero (|SR| < 2*SE); do not rank configurations by this.,20.97239263803681,33.22546012269939,0.0,335,317,70.44776119402985,69.71608832807571,-1397.0650000000182,-5026.705000000042,-0.6494819018404913,0.696680061349693,465,71.31901840490798,11392.229999999963,3552.0,0.184,False,116,182,187,112,353,0,0,0,0,39825,2014-01-14 00:00:00+00:00,2023-10-05 23:00:00+00:00,-2.478240936953039,-2.395621201669162,-2.804431044418311,0.1904111413957924,4,1.0344878126918862,-2.5860323430649546
XAUUSDm,H1,central,train,150,300,50,level,False,0.5,1000.0,-6250.465000000054,-7250.465000000054,620,620,0,434,186,0,70.0,20683.21499999996,27933.68000000001,0.7404400351117344,47.657177419354745,150.18107526881727,-11.69429838709686,-11.69429838709686,0.3173314436193147,207.3350000000005,-276.6300000000001,-725.0465000000054,21903.969999999987,-30190.98000000001,-8287.010000000026,73,547,300.05438356164365,-55.19374771480806,-13.366145161290364,364.670000000001,-276.6300000000001,-0.07796198924731237,0.02779957432095931,-48.33643333333367,14,4,5.0,An iid sequence with this win rate would already produce a streak of about 5.0; only a materially longer run is evidence of a defect.,624.6415432037401,7852.525000000017,2979,0.28374845644050195,0.6033908453640133,0.29664378737889135,NOT distinguishable from zero (|SR| < 2*SE); do not rank configurations by this.,24.85322580645161,39.00645161290323,0.0,315,305,69.52380952380952,70.49180327868852,-2058.780000000016,-5191.685000000037,-0.6544568817204306,0.7652253763440857,441,71.12903225806451,10797.409999999967,3552.0,0.175,False,111,175,179,73,368,0,0,0,0,39825,2014-01-14 00:00:00+00:00,2023-10-05 23:00:00+00:00,-2.804431044418311,-2.587273779628776,-2.804431044418311,0.19411088746597335,3,1.083932851057105,-2.7813846670947493
XAUUSDm,H1,central,train,200,100,50,level,False,0.5,1000.0,-4163.285000000049,-5163.285000000049,638,638,0,490,148,0,76.8025078369906,24064.269999999935,29227.555000000008,0.8233418772114167,49.110755102040685,197.4834797297298,-8.092923197492274,-8.092923197492274,0.24868285270875443,207.3350000000005,-365.03999999999905,-516.3285000000049,25386.809999999947,-30921.270000000004,-5534.4600000000555,252,386,100.7413095238093,-80.1069170984456,-8.674702194357454,364.670000000001,-365.03999999999905,-0.040464615987461365,0.02157659363036763,-25.81642500000035,38,3,4.2,An iid sequence with this win rate would already produce a streak of about 4.2; only a materially longer run is evidence of a defect.,588.3489795918399,7207.27500000004,2979,0.3600226137488954,0.5261778227642417,0.300123982204194,NOT distinguishable from zero (|SR| < 2*SE); do not rank configurations by this.,18.653605015673982,30.22884012539185,0.0,330,308,76.66666666666667,76.94805194805194,-1955.590000000036,-3207.695000000035,-0.515295141065831,0.4386061128526642,497,77.89968652037618,12158.65999999996,3552.0,0.18,False,139,174,141,252,245,0,0,0,0,39825,2014-01-14 00:00:00+00:00,2023-10-05 23:00:00+00:00,-1.8753940812283774,-2.007701631451937,-2.2564035712401234,0.21925486237468336,3,0.9340999936689413,-2.2269564938266204
XAUUSDm,H1,central,train,200,160,50,level,False,0.5,1000.0,-5255.335000000055,-6255.335000000055,606,606,0,460,146,0,75.9075907590759,22395.829999999944,28651.165000000008,0.7816725777119338,48.686586956521616,196.24085616438362,-10.322334983498456,-10.322334983498456,0.2480960790129181,207.3350000000005,-365.03999999999905,-625.5335000000055,23859.459999999966,-30770.930000000008,-6911.470000000046,148,458,161.21256756756733,-67.18543668122273,-11.405066006600736,364.670000000001,-365.03999999999905,-0.05161167491749227,0.022873423697484404,-31.276675000000317,35,3,4.3,An iid sequence with this win rate would already produce a streak of about 4.3; only a materially longer run is evidence of a defect.,680.6219008264499,8235.525000000043,2979,-0.34687159282904795,-0.3563897913231149,0.29946820250314926,NOT distinguishable from zero (|SR| < 2*SE); do not rank configurations by this.,21.71122112211221,34.665016501650165,0.0,314,292,76.11464968152866,75.68493150684932,-2268.775000000024,-3986.5600000000404,-0.5358960396039607,0.5002710396039601,468,77.22772277227723,11451.29999999996,3552.0,0.171,False,127,169,138,148,320,0,0,0,0,39825,2014-01-14 00:00:00+00:00,2023-10-05 23:00:00+00:00,-2.2564035712401234,-2.2564035712401234,-2.395621201669162,0.22621511504074818,4,1.0,-2.4826186862808717
XAUUSDm,H1,central,train,200,220,50,level,False,0.5,1000.0,-5585.195000000053,-6585.195000000053,590,590,0,445,145,0,75.42372881355932,21666.939999999944,28252.135000000002,0.7669133677861848,48.689752808988636,194.8423103448276,-11.161347457627217,-11.161347457627217,0.24989311984044218,207.3350000000005,-365.03999999999905,-658.5195000000053,23279.819999999978,-30562.560000000012,-7282.740000000036,105,485,221.7125714285712,-63.015587628866,-12.343627118644129,364.670000000001,-365.03999999999905,-0.055806737288136066,0.023803713131546035,-32.92597500000028,33,3,4.3,An iid sequence with this win rate would already produce a streak of about 4.3; only a materially longer run is evidence of a defect.,674.4477546868221,8353.575000000039,2979,-0.3926809751124113,-0.4153570491221618,0.3018511711618197,NOT distinguishable from zero (|SR| < 2*SE); do not rank configurations by this.,25.183050847457626,39.891525423728815,0.0,302,288,75.16556291390728,75.69444444444444,-2407.4250000000166,-4177.770000000041,-0.5404766101694918,0.5483753389830507,454,76.94915254237289,11103.434999999961,3552.0,0.166,False,120,163,136,105,349,0,0,0,0,39825,2014-01-14 00:00:00+00:00,2023-10-05 23:00:00+00:00,-2.3444551268002725,-2.3028185057762873,-2.478240936953039,0.22070499833240328,4,1.0180807219151427,-2.5235235041086908
XAUUSDm,H1,central,train,200,300,50,level,False,0.5,1000.0,-5460.845000000053,-6460.845000000053,564,564,0,427,137,0,75.70921985815603,20362.919999999955,26823.765000000007,0.7591372799455985,47.688337236533854,195.7939051094891,-11.455398936170303,-11.455398936170303,0.24356395164530917,207.3350000000005,-365.03999999999905,-646.0845000000054,21599.979999999985,-29121.83000000001,-7521.850000000024,72,492,299.99972222222203,-59.19071138211384,-13.336613475177348,364.670000000001,-365.03999999999905,-0.05727699468085151,0.024872561401248276,-32.30422500000025,31,3,4.3,An iid sequence with this win rate would already produce a streak of about 4.3; only a materially longer run is evidence of a defect.,669.5364422790124,8416.910000000033,2979,0.3652948955856784,1.1952450132900012,0.3003933224764476,NOT distinguishable from zero (|SR| < 2*SE); do not rank configurations by this.,28.96808510638298,45.361702127659576,0.0,288,276,75.34722222222221,76.08695652173914,-2227.520000000014,-4233.325000000037,-0.5347037234042555,0.6051124999999997,435,77.12765957446808,10635.939999999964,3552.0,0.159,False,114,158,129,72,363,0,0,0,0,39825,2014-01-14 00:00:00+00:00,2023-10-05 23:00:00+00:00,-2.3028185057762873,-2.32363681628828,-2.804431044418311,0.34187607938395337,3,0.9910406349365528,-2.6655128956722334
XAUUSDm,H1,central,train,260,100,50,level,False,0.5,1000.0,-4063.1400000000394,-5063.140000000039,578,578,0,467,111,0,80.79584775086505,22934.309999999932,27997.449999999983,0.8191571018074841,49.109871520342466,252.22927927927913,-8.759757785467235,-8.759757785467235,0.19470329400563327,207.3350000000005,-429.80999999999995,-506.31400000000394,24184.74999999994,-29577.60999999999,-5392.860000000048,240,338,100.76979166666642,-87.5077218934911,-9.33020761245683,364.670000000001,-429.80999999999995,-0.033691376097950906,0.019850579411836832,-19.473615384615623,38,4,3.7,An iid sequence with this win rate would already produce a streak of about 3.7; only a materially longer run is evidence of a defect.,426.7253064679444,7209.140000000014,2979,-0.3180497433052455,-0.31914861893105173,0.298111776463051,NOT distinguishable from zero (|SR| < 2*SE); do not rank configurations by this.,23.359861591695502,37.13148788927336,0.0,297,281,81.48148148148148,80.0711743772242,-1446.4650000000302,-3616.6750000000325,-0.4406655576257654,0.3485415224913493,473,81.83391003460207,11583.244999999959,3552.0,0.163,False,143,158,105,240,233,0,0,0,0,39825,2014-01-14 00:00:00+00:00,2023-10-05 23:00:00+00:00,-1.697249002105241,-1.8753940812283774,-1.8835425783693232,0.08596340550794199,2,0.9050092559711761,-1.9613574867363193
XAUUSDm,H1,central,train,260,160,50,level,False,0.5,1000.0,-4665.89000000004,-5665.89000000004,548,548,0,438,110,0,79.92700729927007,21835.20999999994,27501.099999999984,0.7939758773285416,49.852077625570644,250.00999999999985,-10.339215328467251,-10.339215328467251,0.19940033448890315,207.3350000000005,-429.80999999999995,-566.589000000004,23703.339999999967,-29438.64,-5735.300000000029,147,401,161.2472108843535,-73.41306733167082,-10.465875912408812,364.670000000001,-429.80999999999995,-0.03976621280179711,0.021112457588415498,-21.791884615384816,35,4,3.8,An iid sequence with this win rate would already produce a streak of about 3.8; only a materially longer run is evidence of a defect.,460.7863695937169,7822.655000000004,2979,-0.3567173101155604,-0.3580224984217256,0.29995700271280645,NOT distinguishable from zero (|SR| < 2*SE); do not rank configurations by this.,27.052919708029197,42.277372262773724,0.0,281,267,80.42704626334519,79.40074906367042,-1784.2900000000202,-3881.600000000034,-0.45555432341381275,0.40118311341942703,445,81.2043795620438,10887.919999999958,3552.0,0.154,False,129,153,103,147,298,0,0,0,0,39825,2014-01-14 00:00:00+00:00,2023-10-05 23:00:00+00:00,-1.8835425783693232,-1.8545998030267965,-2.2564035712401234,0.2079312373632818,3,1.0156059411282643,-2.0625310403900783
XAUUSDm,H1,central,train,260,220,50,level,False,0.5,1000.0,-4521.405000000042,-5521.405000000042,530,530,0,423,107,0,79.81132075471699,21189.034999999945,26710.439999999988,0.7932866324927614,50.09228132387694,249.63028037383165,-10.417745283018958,-10.417745283018958,0.20066588576058034,207.3350000000005,-429.80999999999995,-552.1405000000042,23274.61999999998,-28770.620000000003,-5496.000000000025,105,425,221.66304761904743,-67.69557647058824,-10.369811320754764,364.670000000001,-429.80999999999995,-0.04006825108853443,0.021947304713283666,-21.236173076923247,33,4,3.8,An iid sequence with this win rate would already produce a streak of about 3.8; only a materially longer run is evidence of a defect.,387.57320708399584,7736.155000000007,2979,-0.2659725771094501,-0.266423834823103,0.29594632772987023,NOT distinguishable from zero (|SR| < 2*SE); do not rank configurations by this.,31.230188679245284,48.701886792452825,0.0,269,261,80.29739776951673,79.3103448275862,-1607.89000000001,-3913.5150000000376,-0.45890667634252563,0.4461721335268504,430,81.13207547169812,10517.424999999961,3552.0,0.149,False,123,148,100,105,325,0,0,0,0,39825,2014-01-14 00:00:00+00:00,2023-10-05 23:00:00+00:00,-1.82565702768427,-1.8609520349760134,-2.3444551268002725,0.21553365217807374,3,0.9810338973663025,-2.0764856871540873
XAUUSDm,H1,central,train,260,300,50,level,False,0.5,1000.0,-4497.635000000045,-5497.635000000045,507,507,0,407,100,0,80.27613412228797,19628.23499999995,25125.869999999988,0.7811962332050575,48.2266216216215,251.2586999999999,-10.84346153846163,-10.84346153846163,0.19194010643858905,207.3350000000005,-429.80999999999995,-549.7635000000045,21001.979999999985,-27192.920000000002,-6190.940000000017,70,437,300.0282857142855,-62.22636155606408,-12.210927021696286,364.670000000001,-429.80999999999995,-0.04170562130177547,0.02268630054139667,-21.144750000000165,31,4,3.7,An iid sequence with this win rate would already produce a streak of about 3.7; only a materially longer run is evidence of a defect.,414.14161676565743,7638.780000000026,2979,-0.08941623509160473,-0.09458521579063306,0.29142805843434827,NOT distinguishable from zero (|SR| < 2*SE); do not rank configurations by this.,35.78500986193294,55.26824457593688,0.0,255,252,80.7843137254902,79.76190476190477,-1116.6850000000113,-4380.950000000034,-0.4567382036109848,0.4870879229252008,413,81.45956607495069,10099.16499999996,3552.0,0.143,False,118,143,94,70,343,0,0,0,0,39825,2014-01-14 00:00:00+00:00,2023-10-05 23:00:00+00:00,-1.8383614915827033,-1.8383614915827033,-2.3028185057762873,0.2220022015935689,2,1.0,-2.060363693176272
XAUUSDm,H1,central,test,70,100,50,level,False,0.5,1000.0,-10811.14000000068,-11811.14000000068,626,626,0,259,367,0,41.373801916932905,15131.379999999941,26942.52000000063,0.5616171018894887,58.42231660231637,73.41286103542406,-18.8676357827487,-18.8676357827487,0.795804928160009,175.81999999999653,-163.3650000000057,-1181.114000000068,18174.39000000004,-27882.1300000008,-9707.740000000766,181,445,100.41099447513834,-62.65647191011416,-15.507571884985248,301.6399999999976,-376.73000000000684,-0.2695376540392671,0.0384230078452702,-168.73057142858121,12,13,10.4,An iid sequence with this win rate would already produce a streak of about 10.4; only a materially longer run is evidence of a defect.,762.2691873072899,12479.490000000555,899,0.7943760773942614,3.048112737008001,0.6072515100304242,NOT distinguishable from zero (|SR| < 2*SE); do not rank configurations by this.,0.9009584664536742,2.142172523961661,0.0,323,303,39.0092879256966,43.89438943894389,-6473.945000000399,-5337.195000000287,-2.3193439068918287,2.095423322683708,262,41.853035143769965,6426.305000000008,1057.0,0.592,False,212,212,364,181,81,0,0,0,0,17068,2023-10-06 00:00:00+00:00,2026-08-28 00:00:00+00:00,-7.01500661074473,-6.744980133884733,-7.01500661074473,0.7057883796076508,2,1.0400336949108961,-7.450768513492384
XAUUSDm,H1,central,test,70,160,50,level,False,0.5,1000.0,-8819.645000000712,-9819.645000000712,610,610,0,250,360,0,40.98360655737705,16397.949999999903,26217.595000000612,0.6254559199651806,65.59179999999961,72.82665277777947,-16.097778688525757,-16.097778688525757,0.9006565247498601,175.81999999999653,-163.3650000000057,-981.9645000000711,21308.180000000044,-27481.870000000872,-6173.690000000832,133,477,160.21187969924844,-57.61398322851336,-10.120803278689888,301.6399999999976,-376.73000000000684,-0.22996826697893935,0.042577526367030244,-140.280642857153,11,13,10.5,An iid sequence with this win rate would already produce a streak of about 10.5; only a materially longer run is evidence of a defect.,632.4570838015743,10525.920000000579,899,0.487765453613283,3.9679277348281508,0.560050557223489,NOT distinguishable from zero (|SR| < 2*SE); do not rank configurations by this.,1.3737704918032787,2.8278688524590163,0.0,315,295,39.04761904761905,43.050847457627114,-5137.1950000004,-4682.450000000313,-2.3818850117096004,2.2176967213114764,256,41.967213114754095,6279.905000000006,1057.0,0.577,False,204,207,354,133,123,0,0,0,0,17068,2023-10-06 00:00:00+00:00,2026-08-28 00:00:00+00:00,-5.4011655115083075,-5.56948632945158,-7.01500661074473,0.8829521888327881,3,0.9697780355338718,-6.452438518284368
XAUUSDm,H1,central,test,70,220,50,level,False,0.5,1000.0,-7870.245000000741,-8870.245000000741,603,603,0,246,357,0,40.79601990049751,17126.349999999868,25996.59500000061,0.6587920456505734,69.6193089430889,72.81959383753671,-14.71019071310239,-14.71019071310239,0.9560518711270517,216.10000000000127,-163.3650000000057,-887.0245000000741,23055.680000000022,-27353.170000000908,-4297.490000000887,104,499,221.689230769231,-54.81597194388959,-7.126849087895335,382.20000000000255,-376.73000000000684,-0.2101455816157483,0.0460876941651003,-126.71778571429623,11,13,10.5,An iid sequence with this win rate would already produce a streak of about 10.5; only a materially longer run is evidence of a defect.,563.0622621636537,9595.510000000631,899,0.5255216598677124,5.502877987242499,0.5648173928861742,NOT distinguishable from zero (|SR| < 2*SE); do not rank configurations by this.,1.8938640132669984,3.548922056384743,0.0,311,292,38.58520900321543,43.15068493150685,-4002.445000000411,-4867.80000000033,-2.427257758824922,2.3219320066335016,252,41.791044776119406,6180.705000000003,1057.0,0.57,False,202,203,351,104,148,0,0,0,0,17068,2023-10-06 00:00:00+00:00,2026-08-28 00:00:00+00:00,-4.55968963999245,-4.851719243464048,-5.4011655115083075,0.5535484437879508,3,0.9398090473052406,-5.405267687251999
XAUUSDm,H1,central,test,70,300,50,level,False,0.5,1000.0,-7254.175000000741,-8254.175000000741,596,596,0,243,353,0,40.77181208053691,17449.41999999986,25703.595000000598,0.6788707960890084,71.80831275720107,72.81471671388272,-13.849286912752921,-13.849286912752921,0.9861785638659256,223.24499999999716,-163.3650000000057,-825.4175000000741,23910.540000000048,-27136.100000000944,-3225.5600000008985,79,517,302.66506329113986,-52.487620889750374,-5.4120134228203,396.4899999999989,-376.73000000000684,-0.19784695589647014,0.04986207375648567,-117.9167857142962,11,13,10.5,An iid sequence with this win rate would already produce a streak of about 10.5; only a materially longer run is evidence of a defect.,562.5251486847774,8919.230000000598,899,-0.1894911895594732,-0.20982085286201793,0.5341760163429692,NOT distinguishable from zero (|SR| < 2*SE); do not rank configurations by this.,2.4261744966442955,4.3607382550335565,0.0,307,289,38.762214983713356,42.90657439446367,-3091.375000000402,-5162.800000000339,-2.465024928092041,2.4497097315436265,249,41.77852348993289,6114.310000000003,1057.0,0.564,False,199,201,347,79,170,0,0,0,0,17068,2023-10-06 00:00:00+00:00,2026-08-28 00:00:00+00:00,-3.967884626353627,-4.5547770273537616,-4.55968963999245,0.27782888384413246,2,0.871147940398499,-4.832605911197894
XAUUSDm,H1,central,test,110,100,50,level,False,0.5,1000.0,-13143.010000000479,-14143.010000000479,570,570,0,288,282,0,50.526315789473685,17076.894999999968,31219.905000000454,0.5469874107560455,59.29477430555544,110.70888297872501,-24.812298245614876,-24.812298245614876,0.5355918396986279,175.81999999999653,-163.3650000000057,-1414.301000000048,20610.41000000007,-32531.970000000634,-11921.560000000567,206,364,100.05053398058286,-89.3735439560457,-20.915017543860642,301.6399999999976,-376.73000000000684,-0.225566347687408,0.03344210704998687,-128.57281818182256,14,13,8.0,An iid sequence with this win rate would already produce a streak of about 8.0; only a materially longer run is evidence of a defect.,923.1916230760085,14763.265000000394,899,0.6175440407245038,6.797261893268542,0.5777208113280337,NOT distinguishable from zero (|SR| < 2*SE); do not rank configurations by this.,1.2350877192982457,2.6912280701754385,0.0,299,271,47.491638795986624,53.874538745387454,-8815.010000000297,-5328.000000000184,-1.6041025518341294,1.438865071770337,297,52.10526315789474,7305.270000000024,1057.0,0.539,False,189,228,273,206,91,0,0,0,0,17068,2023-10-06 00:00:00+00:00,2026-08-28 00:00:00+00:00,-6.744980133884733,-6.616937235658853,-7.01500661074473,0.47598951002192075,3,1.019350780227422,-7.092926745680774
XAUUSDm,H1,central,test,110,160,50,level,False,0.5,1000.0,-11542.055000000528,-12542.055000000528,550,550,0,273,277,0,49.63636363636363,17693.269999999895,30235.325000000426,0.5851853750538367,64.81051282051243,109.15279783393656,-22.803736363637338,-22.803736363637338,0.5937595197432701,175.81999999999653,-163.3650000000057,-1254.2055000000528,22896.970000000045,-32266.240000000722,-9369.270000000677,143,407,160.11867132867164,-79.27823095823273,-17.035036363637595,301.6399999999976,-376.73000000000684,-0.20730669421488485,0.03612995154586342,-114.01868181818666,13,16,8.2,An iid sequence with this win rate would already produce a streak of about 8.2; only a materially longer run is evidence of a defect.,761.638309620667,13310.810000000442,899,-0.5539486500973869,-0.6059404527328026,0.5686119229159106,NOT distinguishable from zero (|SR| < 2*SE); do not rank configurations by this.,1.8872727272727272,3.6963636363636363,0.0,291,259,47.42268041237113,52.123552123552116,-7329.985000000305,-5212.07000000023,-1.671636198347106,1.5263852892562,287,52.18181818181818,7063.0900000000165,1057.0,0.52,False,182,219,263,143,144,0,0,0,0,17068,2023-10-06 00:00:00+00:00,2026-08-28 00:00:00+00:00,-5.737807147394854,-5.4011655115083075,-6.744980133884733,0.5710343878715872,4,1.0623275911781005,-5.972199899379895
XAUUSDm,H1,central,test,110,220,50,level,False,0.5,1000.0,-10753.99000000056,-11753.99000000056,542,542,0,268,274,0,49.44649446494465,18140.334999999857,29894.325000000426,0.6068153403697725,67.68781716417857,109.10337591241031,-21.686328413285178,-21.686328413285178,0.6204007584377524,216.10000000000127,-163.3650000000057,-1175.399000000056,24149.350000000028,-32036.690000000766,-7887.340000000739,109,433,221.55366972477088,-73.98773672055604,-14.552287822879592,382.20000000000255,-376.73000000000684,-0.19714844012077432,0.0383277733784036,-106.85445454545967,13,16,8.2,An iid sequence with this win rate would already produce a streak of about 8.2; only a materially longer run is evidence of a defect.,754.5312623388672,12421.320000000469,899,0.24896632229538843,0.42434036914012896,0.5375861810355403,NOT distinguishable from zero (|SR| < 2*SE); do not rank configurations by this.,2.5313653136531364,4.6642066420664205,0.0,287,255,47.038327526132406,52.156862745098046,-6281.870000000317,-5472.12000000025,-1.701757463938275,1.608308285810133,282,52.02952029520295,6939.690000000013,1057.0,0.513,False,177,214,260,109,173,0,0,0,0,17068,2023-10-06 00:00:00+00:00,2026-08-28 00:00:00+00:00,-5.1437488469356465,-4.724322083635957,-5.737807147394854,0.4511045837763487,4,1.0887803066502375,-5.175426667412306
XAUUSDm,H1,central,test,110,300,50,level,False,0.5,1000.0,-9951.33000000057,-10951.33000000057,534,534,0,264,270,0,49.438202247191015,18491.004999999852,29442.335000000414,0.6280413900595722,70.04168560606004,109.04568518518671,-20.508108614233272,-20.508108614233272,0.6423150580154715,223.24499999999716,-163.3650000000057,-1095.1330000000569,25106.02000000005,-31659.840000000804,-6553.820000000749,83,451,302.48216867469944,-70.1992017738377,-12.273071161050092,396.4899999999989,-376.73000000000684,-0.18643735103848422,0.04093226735772854,-99.55754545455058,13,16,8.2,An iid sequence with this win rate would already produce a streak of about 8.2; only a materially longer run is evidence of a defect.,723.6920200008843,11571.365000000475,899,0.41876598533164344,1.0039146541579296,0.5521683254013672,NOT distinguishable from zero (|SR| < 2*SE); do not rank configurations by this.,3.0823970037453186,5.52808988764045,0.0,283,251,47.349823321554766,51.79282868525896,-5242.10000000031,-5709.230000000256,-1.7299078992168868,1.701143513789583,278,52.059925093632955,6849.595000000014,1057.0,0.505,False,174,211,256,83,195,0,0,0,0,17068,2023-10-06 00:00:00+00:00,2026-08-28 00:00:00+00:00,-4.5547770273537616,-4.265382266777532,-5.1437488469356465,0.48558705934348473,3,1.0678473211721924,-4.750969326121017
XAUUSDm,H1,central,test,150,100,50,level,False,0.5,1000.0,-14780.980000000376,-15780.980000000376,525,525,0,295,230,0,56.19047619047619,17276.889999999967,33057.870000000345,0.5226256259099509,58.56572881355921,143.72986956521888,-30.059009523810246,-30.059009523810246,0.4074708269806397,175.81999999999653,-443.430000000003,-1578.0980000000377,20814.22000000006,-34958.98000000055,-14144.760000000482,208,317,100.06836538461567,-110.28069400631088,-26.94240000000092,301.6399999999976,-443.430000000003,-0.20039339682540167,0.03088251810009868,-105.20653333333587,14,11,6.9,An iid sequence with this win rate would already produce a streak of about 6.9; only a materially longer run is evidence of a defect.,946.6604510693859,16550.370000000305,899,0.7053915385473614,4.51755910336625,0.5916500277564387,NOT distinguishable from zero (|SR| < 2*SE); do not rank configurations by this.,1.5314285714285714,3.401904761904762,0.0,283,242,52.65017667844523,60.33057851239669,-10883.835000000257,-4897.145000000122,-1.2653880634920625,1.1097404444444465,313,59.61904761904762,7700.370000000029,1057.0,0.497,False,172,234,212,208,105,0,0,0,0,17068,2023-10-06 00:00:00+00:00,2026-08-28 00:00:00+00:00,-6.488894337432974,-6.420676950171624,-6.744980133884733,0.5411584914608901,3,1.0106246409515318,-6.961835441632514
XAUUSDm,H1,central,test,150,160,50,level,False,0.5,1000.0,-12475.515000000427,-13475.515000000427,508,508,0,281,227,0,55.31496062992126,18648.584999999897,32124.100000000326,0.5805169638993687,66.36507117437687,141.51585903083844,-26.526604330709514,-26.526604330709514,0.4689585437905932,175.81999999999653,-443.430000000003,-1347.5515000000426,24494.77000000004,-34618.43000000062,-10123.660000000584,153,355,160.09653594771268,-97.51670422535386,-19.928464566930284,301.6399999999976,-443.430000000003,-0.17684402887139677,0.033228014474151295,-89.83676666666956,14,14,7.0,An iid sequence with this win rate would already produce a streak of about 7.0; only a materially longer run is evidence of a defect.,820.6044914470451,14230.800000000352,899,0.07803494163894824,0.09711153840003822,0.5302498739016703,NOT distinguishable from zero (|SR| < 2*SE); do not rank configurations by this.,2.1535433070866143,4.5,0.0,277,231,52.34657039711191,58.87445887445888,-9141.20500000027,-4334.310000000165,-1.3139026246719152,1.176227427821524,303,59.645669291338585,7457.1950000000215,1057.0,0.481,False,162,224,205,153,150,0,0,0,0,17068,2023-10-06 00:00:00+00:00,2026-08-28 00:00:00+00:00,-5.322136506500174,-5.511303884814776,-6.488894337432974,0.5747555534561126,4,0.9656764747021458,-6.086059438270889
XAUUSDm,H1,central,test,150,220,50,level,False,0.5,1000.0,-11490.920000000455,-12490.920000000455,502,502,0,277,225,0,55.179282868525895,19527.44999999986,32018.37000000032,0.6098827017115382,70.49620938628108,142.30386666666809,-24.882310756973023,-24.882310756973023,0.49539208622778375,216.10000000000127,-443.430000000003,-1249.0920000000453,26563.360000000022,-34419.43000000066,-7856.0700000006345,120,382,221.36133333333353,-90.1032198952897,-15.649541832670586,382.20000000000255,-443.430000000003,-0.1658820717131535,0.03511235448737367,-83.27280000000306,14,14,7.0,An iid sequence with this win rate would already produce a streak of about 7.0; only a materially longer run is evidence of a defect.,783.5872831134861,13196.080000000375,899,0.5908839374957322,2.837595689170946,0.5737995858419078,NOT distinguishable from zero (|SR| < 2*SE); do not rank configurations by this.,2.8366533864541834,5.338645418326693,0.0,272,230,51.83823529411765,59.130434782608695,-7875.140000000276,-4615.780000000183,-1.3419671978751653,1.2452606905710513,297,59.16334661354582,7308.795000000016,1057.0,0.475,False,158,218,205,120,177,0,0,0,0,17068,2023-10-06 00:00:00+00:00,2026-08-28 00:00:00+00:00,-4.724322083635957,-4.956537569282629,-5.322136506500174,0.46840258214928937,4,0.9531496569125609,-5.424940151431918
XAUUSDm,H1,central,test,150,300,50,level,False,0.5,1000.0,-10001.225000000459,-11001.225000000459,493,493,0,272,221,0,55.172413793103445,20277.809999999856,31279.035000000313,0.648287583040834,74.550772058823,141.53409502262585,-22.314858012171317,-22.314858012171317,0.5267336612206777,223.24499999999716,-443.430000000003,-1100.1225000000459,28399.640000000047,-33862.32000000069,-5462.680000000644,94,399,302.1238297872345,-84.86796992481376,-11.080486815417128,396.4899999999989,-443.430000000003,-0.14876572008114206,0.03741604314629103,-73.34150000000304,14,14,7.0,An iid sequence with this win rate would already produce a streak of about 7.0; only a materially longer run is evidence of a defect.,673.3382339902068,11770.390000000376,899,0.5069922137814035,0.7518733057217203,0.5624386548768435,NOT distinguishable from zero (|SR| < 2*SE); do not rank configurations by this.,3.5091277890466532,6.365111561866125,0.0,268,225,52.23880597014925,58.666666666666664,-6435.370000000268,-4565.85500000019,-1.3651926977687616,1.3561264367816108,293,59.43204868154158,7218.700000000018,1057.0,0.466,False,153,215,200,94,199,0,0,0,0,17068,2023-10-06 00:00:00+00:00,2026-08-28 00:00:00+00:00,-3.9759875062013035,-4.43468345684804,-4.724322083635957,0.2810659824371105,3,0.896566247600284,-4.71574943928515
XAUUSDm,H1,central,test,200,100,50,level,False,0.5,1000.0,-16923.65500000028,-17923.65500000028,492,492,0,301,191,0,61.17886178861789,17785.88499999999,35709.54000000027,0.4980709636696484,59.08931893687705,186.96094240837837,-36.43019308943146,-36.43019308943146,0.3160516746209397,254.94000000000142,-443.430000000003,-1792.3655000000279,21396.660000000076,-37708.37000000046,-16311.71000000038,214,278,99.98439252336485,-135.64161870503764,-33.15388211382191,254.94000000000142,-443.430000000003,-0.18215096544715736,0.02867408499704135,-89.61827500000142,16,11,6.0,An iid sequence with this win rate would already produce a streak of about 6.0; only a materially longer run is evidence of a defect.,1221.1260383551028,18456.160000000218,899,-0.2383268490473293,-0.24497417226895848,0.5369099167331589,NOT distinguishable from zero (|SR| < 2*SE); do not rank configurations by this.,1.934959349593496,3.9390243902439024,0.0,270,222,57.77777777777777,65.31531531531532,-12702.9650000002,-5220.690000000081,-1.0050892276422758,0.8727467479674815,319,64.83739837398375,7946.395000000042,1057.0,0.465,False,164,235,173,214,105,0,0,0,0,17068,2023-10-06 00:00:00+00:00,2026-08-28 00:00:00+00:00,-6.3524595629102745,-5.931881723862525,-6.488894337432974,0.679357467345319,3,1.070901251681379,-6.6112391912078445
XAUUSDm,H1,central,test,200,160,50,level,False,0.5,1000.0,-15038.075000000354,-16038.075000000354,477,477,0,284,193,0,59.538784067085956,19118.219999999914,35156.295000000275,0.5438064505944032,67.31767605633773,182.1569689119185,-33.6227987421391,-33.6227987421391,0.36955860903070364,254.94000000000142,-443.430000000003,-1603.8075000000354,25088.870000000046,-37907.07000000056,-12818.200000000516,157,320,159.80171974522324,-118.45959375000174,-26.87253668763211,254.94000000000142,-443.430000000003,-0.16811399371069558,0.030503488325856587,-80.1903750000018,16,14,6.2,An iid sequence with this win rate would already produce a streak of about 6.2; only a materially longer run is evidence of a defect.,1105.7553596474297,16556.47500000029,899,-0.3978708817107328,-0.4469605460894133,0.5499984387202764,NOT distinguishable from zero (|SR| < 2*SE); do not rank configurations by this.,2.6163522012578615,5.123689727463312,0.0,264,213,57.1969696969697,62.441314553990615,-10773.900000000214,-5264.175000000139,-1.041166352201257,0.9247039832285127,308,64.57023060796645,7678.6200000000335,1057.0,0.451,False,150,226,169,157,151,0,0,0,0,17068,2023-10-06 00:00:00+00:00,2026-08-28 00:00:00+00:00,-5.511303884814776,-5.322136506500174,-6.3524595629102745,0.6749278861543546,4,1.035543503644366,-5.997064392654528
XAUUSDm,H1,central,test,200,220,50,level,False,0.5,1000.0,-13856.085000000372,-14856.085000000372,470,470,0,279,191,0,59.361702127659576,19865.074999999884,34721.160000000265,0.5721316626518161,71.20098566308202,181.78617801047258,-31.608691489362503,-31.608691489362503,0.39167436403762323,254.94000000000142,-443.430000000003,-1485.6085000000373,26959.060000000034,-37573.8800000006,-10614.820000000564,122,348,220.97590163934453,-107.97091954023162,-22.58472340425652,382.20000000000255,-443.430000000003,-0.15804345744681259,0.0318858588758133,-74.28042500000191,16,14,6.3,An iid sequence with this win rate would already produce a streak of about 6.3; only a materially longer run is evidence of a defect.,1058.9154732496763,15324.360000000303,899,-0.5632503734552036,-0.5667633717146415,0.5698912175755275,NOT distinguishable from zero (|SR| < 2*SE); do not rank configurations by this.,3.325531914893617,6.0,0.0,259,211,56.75675675675676,62.55924170616114,-9530.43500000022,-5325.650000000155,-1.0637129787234036,0.9820269148936187,303,64.46808510638297,7554.420000000031,1057.0,0.445,False,144,221,167,122,181,0,0,0,0,17068,2023-10-06 00:00:00+00:00,2026-08-28 00:00:00+00:00,-4.956537569282629,-4.724322083635957,-5.511303884814776,0.5310825428793214,4,1.049153186750543,-5.255404626515278
XAUUSDm,H1,central,test,200,300,50,level,False,0.5,1000.0,-12362.355000000374,-13362.355000000374,461,461,0,273,188,0,59.219088937093275,20541.364999999878,33903.72000000024,0.6058734852694552,75.2430952380948,180.33893617021405,-28.985585683297977,-28.985585683297977,0.4172315576214563,223.24499999999716,-443.430000000003,-1336.2355000000375,28698.000000000062,-36907.16000000062,-8209.16000000056,95,366,302.08421052631644,-100.8392349726793,-17.807288503255013,396.4899999999989,-443.430000000003,-0.14492792841648994,0.0335901979641806,-66.81177500000186,16,14,6.3,An iid sequence with this win rate would already produce a streak of about 6.3; only a materially longer run is evidence of a defect.,959.255057470099,13824.640000000363,899,0.4141059267791146,0.610506453367363,0.5516755230160079,NOT distinguishable from zero (|SR| < 2*SE); do not rank configurations by this.,4.1496746203904555,7.21475054229935,0.0,254,207,56.69291338582677,62.31884057971014,-8156.715000000211,-5205.640000000158,-1.0831746203904546,1.0690214750542315,298,64.64208242950109,7439.325000000032,1057.0,0.436,False,140,217,163,95,203,0,0,0,0,17068,2023-10-06 00:00:00+00:00,2026-08-28 00:00:00+00:00,-4.314589886342318,-4.145288696271811,-4.956537569282629,0.5578867541689205,3,1.0408418333378744,-4.703175450440732
XAUUSDm,H1,central,test,260,100,50,level,False,0.5,1000.0,-13880.320000000194,-14880.320000000194,453,453,0,309,144,0,68.21192052980132,18298.20500000001,33178.525000000205,0.5515074886541791,59.217491909385146,230.40642361111253,-32.84838852097174,-32.84838852097174,0.2570131985961223,175.81999999999653,-443.430000000003,-1488.0320000000193,22305.54000000008,-35608.86000000038,-13303.320000000298,223,230,100.02484304932771,-154.82113043478427,-29.36715231788145,301.6399999999976,-443.430000000003,-0.12633995584989136,0.026275072487357002,-57.23200000000079,16,6,5.0,An iid sequence with this win rate would already produce a streak of about 5.0; only a materially longer run is evidence of a defect.,910.5051730018956,15616.575000000134,899,0.5809364431380631,8.16324293080425,0.5723741911609252,NOT distinguishable from zero (|SR| < 2*SE); do not rank configurations by this.,2.673289183222958,4.880794701986755,0.0,251,202,66.13545816733067,70.79207920792079,-10359.04000000015,-4521.280000000048,-0.8363903888605868,0.6960905077262703,330,72.8476821192053,8118.005000000052,1057.0,0.429,False,138,240,123,223,107,0,0,0,0,17068,2023-10-06 00:00:00+00:00,2026-08-28 00:00:00+00:00,-4.808358032530012,-4.808358032530012,-6.3524595629102745,0.8739920333684597,2,1.0,-5.682350065898471
XAUUSDm,H1,central,test,260,160,50,level,False,0.5,1000.0,-12511.250000000284,-13511.250000000284,436,436,0,285,151,0,65.36697247706422,19013.709999999915,32524.960000000206,0.5845882669801836,66.71477192982427,215.3970860927166,-30.989105504587812,-30.989105504587812,0.3097292221544131,175.81999999999653,-443.430000000003,-1351.1250000000284,25139.10000000004,-36122.7300000005,-10983.630000000463,157,279,160.12165605095566,-129.4721505376362,-25.191811926606565,301.6399999999976,-443.430000000003,-0.11918886732533776,0.027742858048451866,-51.96634615384726,16,6,5.3,An iid sequence with this win rate would already produce a streak of about 5.3; only a materially longer run is evidence of a defect.,899.0277025088949,14100.800000000221,899,0.5910444868985602,1.7513790994106906,0.5738227604142729,NOT distinguishable from zero (|SR| < 2*SE); do not rank configurations by this.,3.3990825688073394,6.277522935779817,0.0,243,193,64.60905349794238,66.32124352331607,-8262.685000000165,-5248.5650000001215,-0.8704668313338032,0.7408993472124211,317,72.70642201834862,7802.0300000000425,1057.0,0.412,False,129,230,119,157,160,0,0,0,0,17068,2023-10-06 00:00:00+00:00,2026-08-28 00:00:00+00:00,-4.29620002081901,-4.552279026674511,-5.511303884814776,0.5827628512596926,3,0.9437470760568538,-5.135041877934204
XAUUSDm,H1,central,test,260,220,50,level,False,0.5,1000.0,-11770.14000000031,-12770.14000000031,428,428,0,277,151,0,64.7196261682243,19501.159999999887,32271.300000000203,0.6042880206251302,70.40129963898876,213.7172185430477,-29.836775700935313,-29.836775700935313,0.32941332532272444,216.10000000000127,-443.430000000003,-1277.014000000031,26629.610000000037,-36049.02000000055,-9419.410000000516,120,308,221.91341666666696,-117.04227272727451,-22.00796728972083,382.20000000000255,-443.430000000003,-0.114756829618982,0.028927531981252252,-49.1159230769243,16,8,5.4,An iid sequence with this win rate would already produce a streak of about 5.4; only a materially longer run is evidence of a defect.,892.2490047537214,13279.565000000242,899,-0.44630185382554993,-0.45059558302540165,0.5551832348773915,NOT distinguishable from zero (|SR| < 2*SE); do not rank configurations by this.,4.156542056074766,7.345794392523365,0.0,237,191,63.71308016877637,65.96858638743456,-7002.5000000001755,-5767.640000000139,-0.8924233465132991,0.7877965492451481,310,72.42990654205607,7629.230000000036,1057.0,0.405,False,120,223,118,120,190,0,0,0,0,17068,2023-10-06 00:00:00+00:00,2026-08-28 00:00:00+00:00,-3.9670452941977614,-4.131622657508386,-4.956537569282629,0.5574740368610472,3,0.9601664099185006,-4.689096694369433
XAUUSDm,H1,central,test,260,300,50,level,False,0.5,1000.0,-10303.890000000309,-11303.890000000309,417,417,0,267,150,0,64.02877697841727,20209.499999999876,31513.390000000185,0.6412988256737773,75.69101123595459,210.0892666666679,-27.107649880096655,-27.107649880096655,0.3602802391425715,223.24499999999716,-443.430000000003,-1130.389000000031,28617.040000000048,-35511.56000000056,-6894.520000000507,95,322,301.2320000000005,-110.28434782608869,-16.533621103118723,396.4899999999989,-443.430000000003,-0.10426019184652562,0.03051706575419926,-43.47650000000118,16,10,5.5,An iid sequence with this win rate would already produce a streak of about 5.5; only a materially longer run is evidence of a defect.,783.9129026072845,11855.350000000217,899,0.9224357289292614,4.04625144046168,0.6321141028887228,NOT distinguishable from zero (|SR| < 2*SE); do not rank configurations by this.,4.942446043165468,8.347721822541965,0.0,229,188,62.44541484716157,65.95744680851064,-5840.970000000164,-5462.920000000141,-0.907150249031543,0.8584474266740459,302,72.4220623501199,7438.3400000000365,1057.0,0.395,False,117,216,115,95,207,0,0,0,0,17068,2023-10-06 00:00:00+00:00,2026-08-28 00:00:00+00:00,-3.4164553265472133,-3.9670452941977614,-4.314589886342318,0.369772038409358,2,0.8612090543922334,-4.3368173326071195
XAUUSDm,H4,central,train,70,100,50,level,False,0.5,1000.0,-1471.050000000023,-2471.050000000023,276,276,0,146,130,0,52.89855072463768,7274.709999999983,9745.760000000006,0.7464487120552916,49.82678082191769,74.96738461538466,-8.95307971014501,-8.95307971014501,0.6646461134738897,83.76499999999851,-148.07000000000016,-247.1050000000023,7956.40999999999,-10278.430000000008,-2322.020000000018,81,195,98.22728395061716,-52.709897435897474,-8.413115942029052,106.49999999999864,-148.07000000000016,-0.1279011387163573,0.056342159271565426,-35.30071428571462,7,11,6.6,An iid sequence with this win rate would already produce a streak of about 6.6; only a materially longer run is evidence of a defect.,255.19401125232554,2723.775000000004,2942,0.26805078387124404,1.4092022513242148,0.2978812868725137,NOT distinguishable from zero (|SR| < 2*SE); do not rank configurations by this.,1.5072463768115942,9.71014492753623,0.0,116,160,50.86206896551724,54.37499999999999,-1323.3950000000038,-1147.655000000019,-1.391859213250518,1.43772049689441,146,52.89855072463768,3562.8399999999883,3503.8,0.079,False,68,99,130,81,65,0,0,0,0,11277,2014-01-14 00:00:00+00:00,2023-08-18 20:00:00+00:00,-2.270078753990993,-2.270078753990993,-2.38689109904238,0.2694526065834492,2,1.0,-2.539531360574442
XAUUSDm,H4,central,train,70,160,50,level,False,0.5,1000.0,-1014.2900000000191,-2014.290000000019,265,265,0,141,124,0,53.20754716981132,7288.669999999984,9302.960000000003,0.78347859176004,51.69269503546088,75.02387096774196,-7.601094339622714,-7.601094339622714,0.6890166338882622,113.76499999999851,-148.07000000000016,-201.42900000000193,8388.849999999995,-9999.940000000006,-1611.0900000000129,53,212,158.28018867924519,-47.16952830188682,-6.079584905660426,160.00000000000227,-148.07000000000016,-0.10858706199461013,0.06149061200417147,-28.775571428571684,8,11,6.5,An iid sequence with this win rate would already produce a streak of about 6.5; only a materially longer run is evidence of a defect.,212.16869905005873,2361.9150000000136,2942,0.18993146639212985,0.29839107583080254,0.29529814129295456,NOT distinguishable from zero (|SR| < 2*SE); do not rank configurations by this.,1.9811320754716981,11.924528301886793,0.0,112,153,51.78571428571429,54.248366013071895,-1001.1700000000008,-1013.1200000000183,-1.4391762803234505,1.5558043126684644,141,53.20754716981132,3442.7349999999888,3503.8,0.076,False,62,95,124,53,88,0,0,0,0,11277,2014-01-14 00:00:00+00:00,2023-08-18 20:00:00+00:00,-1.7659128516600824,-1.9274839971101883,-2.270078753990993,0.18392486857996143,3,0.9161751040774688,-2.1114088656901497
XAUUSDm,H4,central,train,70,220,50,level,False,0.5,1000.0,-1274.5750000000169,-2274.575000000017,264,264,0,139,125,0,52.65151515151515,7054.934999999986,9329.510000000002,0.7561956630090952,50.754928057553855,74.63608000000002,-8.61581439393946,-8.61581439393946,0.6800320710513446,143.7649999999985,-148.07000000000016,-227.45750000000172,8080.729999999998,-10164.390000000007,-2083.660000000009,37,227,218.39810810810803,-44.77704845814981,-7.892651515151549,220.00000000000227,-148.07000000000016,-0.12308306277056379,0.063984156925692,-32.49392857142884,7,11,6.6,An iid sequence with this win rate would already produce a streak of about 6.6; only a materially longer run is evidence of a defect.,213.864805837292,2585.1550000000097,2942,-0.2321417512582219,-0.2348890667148781,0.29658727011763314,NOT distinguishable from zero (|SR| < 2*SE); do not rank configurations by this.,2.2954545454545454,13.530303030303031,0.0,112,152,51.78571428571429,53.289473684210535,-735.0700000000006,-1539.5050000000163,-1.512831168831169,1.6155243506493508,140,53.03030303030303,3418.7349999999888,3503.8,0.075,False,62,94,124,37,103,0,0,0,0,11277,2014-01-14 00:00:00+00:00,2023-08-18 20:00:00+00:00,-1.9236490513347908,-2.105879370767026,-2.3523865210607484,0.24524229065132244,3,0.913465926889316,-2.351121661418348
XAUUSDm,H4,central,train,70,300,50,level,False,0.5,1000.0,-1798.5300000000166,-2798.5300000000166,259,259,0,136,123,0,52.50965250965251,6383.179999999987,9181.710000000003,0.6952060128233177,46.93514705882343,74.64804878048783,-10.805135135135199,-10.805135135135199,0.6287524968916771,183.7649999999985,-148.07000000000016,-279.85300000000166,6860.639999999998,-10008.850000000006,-3148.210000000008,23,236,298.2886956521738,-42.41038135593223,-12.155250965250996,305.3600000000006,-148.07000000000016,-0.1543590733590744,0.06561807423104521,-39.97900000000027,7,11,6.6,An iid sequence with this win rate would already produce a streak of about 6.6; only a materially longer run is evidence of a defect.,284.78013475228107,2990.4050000000134,2942,0.308279579982451,3.6942147180795937,0.29954337202294573,NOT distinguishable from zero (|SR| < 2*SE); do not rank configurations by this.,3.4054054054054053,19.922779922779924,0.0,111,148,52.25225225225225,52.702702702702695,-1190.19,-1608.3400000000165,-1.5436839492553784,1.7011908439051295,137,52.8957528957529,3353.154999999989,3503.8,0.074,False,59,92,122,23,114,0,0,0,0,11277,2014-01-14 00:00:00+00:00,2023-08-18 20:00:00+00:00,-2.3523865210607484,-2.1426547055185896,-2.3523865210607484,0.17504498753879122,2,1.0978840944376043,-2.317699693057381
XAUUSDm,H4,central,train,110,100,50,level,False,0.5,1000.0,-2194.660000000007,-3194.660000000007,246,246,0,152,94,0,61.78861788617886,7623.009999999986,10817.67,0.7046813223180209,50.15138157894727,115.08159574468085,-12.986422764227699,-12.986422764227699,0.43578976511772344,165.09500000000003,-344.65999999999894,-319.4660000000007,8433.759999999998,-11533.310000000005,-3099.5500000000084,84,162,100.40190476190475,-71.1932716049383,-12.599796747967513,280.19000000000005,-344.65999999999894,-0.11805838876570636,0.04946115422403283,-29.042363636363763,11,7,5.2,An iid sequence with this win rate would already produce a streak of about 5.2; only a materially longer run is evidence of a defect.,336.9764997574522,3751.1549999999907,2942,0.25232739380213054,1.4048771854177728,0.2972925119049993,NOT distinguishable from zero (|SR| < 2*SE); do not rank configurations by this.,2.1016260162601625,13.512195121951219,0.0,106,140,59.43396226415094,63.57142857142857,-1396.094999999998,-1798.5650000000157,-1.0134759793052477,0.994750184774575,154,62.60162601626016,3753.38499999999,3503.8,0.07,False,61,102,92,84,70,0,0,0,0,11277,2014-01-14 00:00:00+00:00,2023-08-18 20:00:00+00:00,-2.38689109904238,-2.178440263734523,-2.38689109904238,0.17388363360207412,3,1.0956881117091124,-2.3523238973365967
XAUUSDm,H4,central,train,110,160,50,level,False,0.5,1000.0,-1665.265000000013,-2665.265000000013,237,237,0,147,90,0,62.0253164556962,7696.804999999988,10362.07,0.7427864316685747,52.35921768707475,115.13411111111111,-11.245843881856596,-11.245843881856596,0.45476720306239266,165.09500000000003,-344.65999999999894,-266.5265000000013,8988.349999999999,-11244.500000000005,-2256.150000000007,56,181,160.50624999999997,-62.124309392265225,-9.519620253164586,280.19000000000005,-344.65999999999894,-0.1022349443805145,0.05293529831368255,-24.229681818181938,11,7,5.2,An iid sequence with this win rate would already produce a streak of about 5.2; only a materially longer run is evidence of a defect.,270.7026994046842,3105.7449999999994,2942,0.3892729423655793,1.0997216364291944,0.3035554167199479,NOT distinguishable from zero (|SR| < 2*SE); do not rank configurations by this.,2.5780590717299576,15.79746835443038,0.0,103,134,60.19417475728155,63.43283582089553,-1109.069999999997,-1556.195000000016,-1.0414023782125048,1.075204065976218,149,62.869198312236286,3633.2799999999907,3503.8,0.068,False,55,98,88,56,93,0,0,0,0,11277,2014-01-14 00:00:00+00:00,2023-08-18 20:00:00+00:00,-1.9313189428855855,-1.9313189428855855,-2.38689109904238,0.29300811402523325,4,1.0,-2.224327056910819
XAUUSDm,H4,central,train,110,220,50,level,False,0.5,1000.0,-2199.0350000000094,-3199.0350000000094,236,236,0,145,91,0,61.440677966101696,7189.58499999999,10388.62,0.6920635272057298,49.58334482758614,114.16065934065935,-13.555233050847502,-13.555233050847502,0.4343295239704925,165.09500000000003,-344.65999999999894,-319.9035000000009,8145.310000000003,-11421.000000000004,-3275.690000000002,37,199,220.1435135135136,-57.391959798994996,-13.880042372881364,280.19000000000005,-344.65999999999894,-0.12322939137134098,0.05385641776667163,-29.082136363636472,11,7,5.2,An iid sequence with this win rate would already produce a streak of about 5.2; only a materially longer run is evidence of a defect.,312.0629575608642,3326.950000000007,2942,0.2844669921943827,4.905294050840412,0.29853261409376314,NOT distinguishable from zero (|SR| < 2*SE); do not rank configurations by this.,3.038135593220339,18.406779661016948,0.0,103,133,60.19417475728155,62.40601503759399,-894.2699999999968,-2304.7650000000135,-1.0922342064714945,1.1082939137134054,148,62.71186440677966,3609.2799999999907,3503.8,0.067,False,53,97,88,37,111,0,0,0,0,11277,2014-01-14 00:00:00+00:00,2023-08-18 20:00:00+00:00,-2.2881096901992604,-1.9313189428855855,-2.2881096901992604,0.18833451949480504,4,1.1847394230911408,-2.1196534623803904
XAUUSDm,H4,central,train,110,300,50,level,False,0.5,1000.0,-2089.440000000012,-3089.440000000012,230,230,0,141,89,0,61.30434782608695,7068.779999999988,10158.22,0.6958679768699623,50.133191489361614,114.13730337078651,-13.43234782608701,-13.43234782608701,0.439235815187423,183.7649999999985,-344.65999999999894,-308.94400000000115,8060.1799999999985,-11165.920000000004,-3105.7400000000052,27,203,298.52518518518514,-55.00453201970445,-13.503217391304371,305.3600000000006,-344.65999999999894,-0.12211225296442746,0.05699110204267489,-28.085818181818315,11,7,5.2,An iid sequence with this win rate would already produce a streak of about 5.2; only a materially longer run is evidence of a defect.,305.5350501587549,3257.3550000000096,2942,0.15102831297104796,0.21959820938129876,0.2943346801948261,NOT distinguishable from zero (|SR| < 2*SE); do not rank configurations by this.,3.7956521739130435,22.93913043478261,0.0,102,128,59.80392156862745,62.5,-1093.1849999999974,-1996.2550000000147,-1.1035529644268773,1.191379841897233,144,62.608695652173914,3518.6999999999907,3503.8,0.066,False,52,94,86,27,117,0,0,0,0,11277,2014-01-14 00:00:00+00:00,2023-08-18 20:00:00+00:00,-2.1426547055185896,-2.2153821978589248,-2.3523865210607484,0.24247823258835224,3,0.9671715822169993,-2.457860430447277
XAUUSDm,H4,central,train,150,100,50,level,False,0.5,1000.0,-2084.115000000008,-3084.115000000008,225,225,0,153,72,0,68.0,7643.104999999989,10727.220000000005,0.7124963410837091,49.9549346405228,148.98916666666673,-13.707177777777849,-13.707177777777849,0.33529239580409836,165.09500000000003,-344.65999999999894,-308.41150000000084,8429.989999999998,-11575.850000000013,-3145.8600000000138,84,141,100.35702380952378,-82.0982269503547,-13.98160000000006,280.19000000000005,-344.65999999999894,-0.09138118518518563,0.04379006494367766,-20.56076666666677,15,7,4.4,An iid sequence with this win rate would already produce a streak of about 4.4; only a materially longer run is evidence of a defect.,267.6441059061185,4451.884999999992,2942,0.29647722924445186,24.735818314984023,0.299032681472647,NOT distinguishable from zero (|SR| < 2*SE); do not rank configurations by this.,2.942222222222222,18.133333333333333,0.0,101,124,66.33663366336634,69.35483870967742,-1581.709999999996,-1502.4050000000204,-0.8145896296296298,0.7685087407407406,157,69.77777777777777,3825.059999999993,3503.8,0.064,False,60,97,68,84,73,0,0,0,0,11277,2014-01-14 00:00:00+00:00,2023-08-18 20:00:00+00:00,-2.0868017734780526,-1.8582902530812675,-2.38689109904238,0.45006105753010783,3,1.1229686912568613,-2.3083513106113753
XAUUSDm,H4,central,train,150,160,50,level,False,0.5,1000.0,-1444.1650000000163,-2444.1650000000163,218,218,0,149,69,0,68.34862385321101,7667.714999999991,10111.880000000006,0.7582877763581042,51.46117449664423,146.54898550724647,-11.211766055045947,-11.211766055045947,0.35115339978999455,165.09500000000003,-344.65999999999894,-244.41650000000163,8834.710000000003,-11171.460000000014,-2336.750000000013,55,163,160.63109090909097,-68.536564417178,-10.719036697247766,280.19000000000005,-344.65999999999894,-0.0747451070336396,0.04586211952252165,-16.294433333333433,15,7,4.3,An iid sequence with this win rate would already produce a streak of about 4.3; only a materially longer run is evidence of a defect.,230.1841778795693,3497.5449999999946,2942,0.2978038813452056,3.0205582949200136,0.2990891344964237,NOT distinguishable from zero (|SR| < 2*SE); do not rank configurations by this.,3.5137614678899083,21.027522935779817,0.0,98,120,67.3469387755102,69.16666666666667,-1130.1349999999945,-1314.0300000000218,-0.835638532110092,0.826636391437309,154,70.64220183486239,3752.654999999993,3503.8,0.062,False,54,95,64,55,99,0,0,0,0,11277,2014-01-14 00:00:00+00:00,2023-08-18 20:00:00+00:00,-1.6297787326844824,-1.7476737496081054,-2.0868017734780526,0.38973320108110665,4,0.9325417475944469,-2.137406950689212
XAUUSDm,H4,central,train,150,220,50,level,False,0.5,1000.0,-1680.030000000014,-2680.0300000000143,216,216,0,146,70,0,67.5925925925926,7458.399999999992,10138.430000000008,0.7356563097047557,51.084931506849266,144.8347142857144,-12.407546296296362,-12.407546296296362,0.35271192931049933,165.09500000000003,-344.65999999999894,-268.00300000000146,8583.810000000005,-11294.290000000012,-2710.480000000009,39,177,220.09769230769243,-63.80954802259894,-12.548518518518561,280.19000000000005,-344.65999999999894,-0.0827169753086424,0.04732975781503308,-17.86686666666676,14,7,4.4,An iid sequence with this win rate would already produce a streak of about 4.4; only a materially longer run is evidence of a defect.,226.4132538121562,3562.805000000004,2942,-0.34911072327215664,-0.34941895117441385,0.30145616765631705,NOT distinguishable from zero (|SR| < 2*SE); do not rank configurations by this.,4.0,23.851851851851855,0.0,97,119,67.0103092783505,68.0672268907563,-891.2049999999942,-1788.8250000000198,-0.8688108024691359,0.8586280864197532,152,70.37037037037037,3703.6549999999934,3503.8,0.062,False,51,94,64,39,113,0,0,0,0,11277,2014-01-14 00:00:00+00:00,2023-08-18 20:00:00+00:00,-1.7476737496081054,-1.7292724817497829,-2.2881096901992604,0.3921804599325662,4,1.0106410459037103,-2.121452941682349
XAUUSDm,H4,central,train,150,300,50,level,False,0.5,1000.0,-1716.9250000000159,-2716.9250000000156,211,211,0,142,69,0,67.29857819905213,7263.74499999999,9980.670000000006,0.7277813012553251,51.15313380281683,144.6473913043479,-12.876421800947941,-12.876421800947941,0.3536402097649115,183.7649999999985,-344.65999999999894,-271.6925000000016,8358.68,-11117.000000000011,-2758.3200000000124,28,183,298.5242857142857,-60.74863387978148,-13.07260663507115,305.3600000000006,-344.65999999999894,-0.08584281200631959,0.049640998114686134,-18.112833333333434,14,7,4.4,An iid sequence with this win rate would already produce a streak of about 4.4; only a materially longer run is evidence of a defect.,224.94761382088134,3719.700000000006,2942,0.25624171372334054,1.3268335133403772,0.29743586778391384,NOT distinguishable from zero (|SR| < 2*SE); do not rank configurations by this.,4.966824644549763,29.57345971563981,0.0,96,115,65.625,68.69565217391305,-1377.7199999999948,-1339.205000000021,-0.8782638230647711,0.923652764612954,148,70.14218009478672,3611.799999999993,3503.8,0.06,False,50,90,63,28,120,0,0,0,0,11277,2014-01-14 00:00:00+00:00,2023-08-18 20:00:00+00:00,-1.7292724817497829,-1.7384731156789441,-2.1426547055185896,0.3609283260939508,3,0.9947076351965511,-2.099401441772895
XAUUSDm,H4,central,train,200,100,50,level,False,0.5,1000.0,-930.3100000000143,-1930.3100000000143,210,210,0,158,52,0,75.23809523809524,7915.709999999992,9846.020000000006,0.8039502255733776,50.099430379746785,189.3465384615386,-9.191952380952449,-9.191952380952449,0.26459121347984577,165.09500000000003,-344.65999999999894,-193.03100000000143,8716.0,-10718.390000000014,-2002.390000000014,87,123,100.183908045977,-87.14138211382125,-9.535190476190543,280.19000000000005,-344.65999999999894,-0.045959761904762225,0.03822907456414481,-9.651550000000068,16,3,3.6,An iid sequence with this win rate would already produce a streak of about 3.6; only a materially longer run is evidence of a defect.,186.9210917848861,3147.1249999999873,2942,0.3436781395208878,1.877158704505297,0.3011886984781736,NOT distinguishable from zero (|SR| < 2*SE); do not rank configurations by this.,3.257142857142857,20.057142857142857,0.0,95,115,74.73684210526315,75.65217391304347,-840.8749999999964,-1089.435000000018,-0.6557304761904764,0.5991578571428572,163,77.61904761904762,3964.4499999999944,3503.8,0.06,False,61,93,47,87,76,0,0,0,0,11277,2014-01-14 00:00:00+00:00,2023-08-18 20:00:00+00:00,-1.2022201015524465,-1.2226970576972613,-2.0868017734780526,0.4270304781900105,3,0.9832526331719652,-1.6497275358872718
XAUUSDm,H4,central,train,200,160,50,level,False,0.5,1000.0,-521.1000000000126,-1521.1000000000126,202,202,0,151,51,0,74.75247524752476,7573.939999999993,9095.040000000006,0.8327549961297573,50.15854304635757,178.33411764705895,-7.530198019802043,-7.530198019802043,0.28126162120938825,165.09500000000003,-344.65999999999894,-152.11000000000126,8515.95,-10330.32000000001,-1814.3700000000104,53,149,160.67830188679247,-69.33100671140947,-8.982029702970348,280.19000000000005,-344.65999999999894,-0.037650990099010184,0.03938394040701679,-7.605500000000058,16,6,3.6,An iid sequence with this win rate would already produce a streak of about 3.6; only a materially longer run is evidence of a defect.,157.30247613723972,2420.0750000000007,2942,-0.03689666218277448,-0.056926370226935974,0.29277008182229647,NOT distinguishable from zero (|SR| < 2*SE); do not rank configurations by this.,3.9257425742574257,23.445544554455445,0.0,90,112,74.44444444444444,75.0,-472.7249999999947,-1048.375000000018,-0.676134405940594,0.6397532178217824,159,78.7128712871287,3873.149999999995,3503.8,0.058,False,55,89,43,53,106,0,0,0,0,11277,2014-01-14 00:00:00+00:00,2023-08-18 20:00:00+00:00,-0.9559985544844605,-1.0553369556287386,-1.6297787326844824,0.3031771167330081,4,0.9058704420285413,-1.3585140723617468
XAUUSDm,H4,central,train,200,220,50,level,False,0.5,1000.0,-714.5600000000104,-1714.5600000000104,199,199,0,147,52,0,73.86934673366834,7407.029999999993,9121.590000000004,0.8120327706024926,50.38795918367342,175.4151923076924,-8.615879396984976,-8.615879396984976,0.28724968756006536,165.09500000000003,-344.65999999999894,-171.45600000000104,8362.460000000005,-10430.55000000001,-2068.0900000000065,38,161,220.0647368421054,-64.78602484472056,-10.39241206030154,280.19000000000005,-344.65999999999894,-0.04307939698492488,0.04082051401228477,-8.57280000000005,15,6,3.7,An iid sequence with this win rate would already produce a streak of about 3.7; only a materially longer run is evidence of a defect.,163.3169745154984,2640.614999999997,2942,-0.12777560076715647,-0.13950233252071184,0.29386264180942767,NOT distinguishable from zero (|SR| < 2*SE); do not rank configurations by this.,4.482412060301508,26.673366834170857,0.0,89,110,74.15730337078652,73.63636363636363,-263.7949999999944,-1450.765000000016,-0.6998464824120602,0.6700698492462313,156,78.39195979899498,3806.5499999999956,3503.8,0.057,False,52,87,43,38,118,0,0,0,0,11277,2014-01-14 00:00:00+00:00,2023-08-18 20:00:00+00:00,-1.0553369556287386,-1.0553369556287386,-1.7476737496081054,0.3465597154194478,4,1.0,-1.4018966710481864
XAUUSDm,H4,central,train,200,300,50,level,False,0.5,1000.0,-860.1100000000133,-1860.1100000000133,196,196,0,145,51,0,73.9795918367347,7053.649999999992,8913.760000000006,0.7913215074222313,48.645862068965464,174.77960784313737,-9.49035714285721,-9.49035714285721,0.278326875024371,183.7649999999985,-344.65999999999894,-186.01100000000133,7774.719999999999,-10243.190000000011,-2468.470000000011,26,170,299.0276923076923,-60.254058823529476,-12.594234693877608,305.3600000000006,-344.65999999999894,-0.04745178571428606,0.04191739922296094,-9.300550000000067,15,6,3.7,An iid sequence with this win rate would already produce a streak of about 3.7; only a materially longer run is evidence of a defect.,164.04020451771342,3097.6450000000013,2942,-0.43888959685986645,-0.4782462684092146,0.30644040515133836,NOT distinguishable from zero (|SR| < 2*SE); do not rank configurations by this.,5.48469387755102,32.61224489795919,0.0,89,107,73.03370786516854,74.76635514018692,-665.309999999995,-1194.8000000000184,-0.7063099489795918,0.720858418367347,154,78.57142857142857,3757.274999999995,3503.8,0.056,False,50,86,42,26,128,0,0,0,0,11277,2014-01-14 00:00:00+00:00,2023-08-18 20:00:00+00:00,-1.1320307698931273,-1.0936838627609329,-1.7292724817497829,0.29427297264659896,3,1.0350621495277348,-1.3879568354075318
XAUUSDm,H4,central,train,260,100,50,level,False,0.5,1000.0,-1203.5250000000121,-2203.5250000000124,194,194,0,152,42,0,78.35051546391753,7767.069999999991,9970.595000000003,0.77899764256797,51.09914473684204,237.39511904761912,-11.358376288659857,-11.358376288659857,0.21524934860430747,165.09500000000003,-344.65999999999894,-220.3525000000012,8620.560000000001,-10817.330000000005,-2196.770000000008,86,108,100.23906976744188,-100.16046296296301,-11.32355670103097,280.19000000000005,-344.65999999999894,-0.04368606264869174,0.03514074631730623,-8.475096153846197,16,3,3.3,An iid sequence with this win rate would already produce a streak of about 3.3; only a materially longer run is evidence of a defect.,198.51930164254802,3342.3999999999896,2942,0.28305531523813565,0.5770458060076017,0.2984751407894654,NOT distinguishable from zero (|SR| < 2*SE); do not rank configurations by this.,3.9690721649484537,24.391752577319586,0.0,87,107,79.3103448275862,77.57009345794393,-399.29499999999734,-1804.2300000000148,-0.5435388580491675,0.4798752973830295,157,80.9278350515464,3822.119999999993,3503.8,0.055,False,57,92,37,86,71,0,0,0,0,11277,2014-01-14 00:00:00+00:00,2023-08-18 20:00:00+00:00,-1.243174013842076,-1.2022201015524465,-1.243174013842076,0.2388396439531323,2,1.034065236670677,-1.441059745505579
XAUUSDm,H4,central,train,260,160,50,level,False,0.5,1000.0,-224.47000000001026,-1224.4700000000103,187,187,0,148,39,0,79.14438502673796,7437.199999999992,8661.670000000002,0.8586334967737157,50.251351351351296,222.0941025641026,-6.547967914438558,-6.547967914438558,0.2262615295552359,165.09500000000003,-344.65999999999894,-122.44700000000101,8356.560000000001,-9828.220000000005,-1471.660000000004,52,135,160.70307692307694,-72.80162962962966,-7.869839572192534,280.19000000000005,-344.65999999999894,-0.025184491978609808,0.03511087883722612,-4.709500000000034,16,4,3.2,An iid sequence with this win rate would already produce a streak of about 3.2; only a materially longer run is evidence of a defect.,138.021820167243,2123.444999999998,2942,-0.06809293963558885,-0.08658819894266365,0.2930095471689272,NOT distinguishable from zero (|SR| < 2*SE); do not rank configurations by this.,4.652406417112299,27.67914438502674,0.0,83,104,79.51807228915662,78.84615384615384,140.30500000000416,-1364.7750000000144,-0.5570164541341012,0.5157959687371453,155,82.88770053475936,3779.519999999993,3503.8,0.053,False,51,89,32,52,103,0,0,0,0,11277,2014-01-14 00:00:00+00:00,2023-08-18 20:00:00+00:00,-0.7172845799549764,-0.8366415672197185,-1.243174013842076,0.22005874602359515,3,0.8573379665304192,-1.0567003132433137
XAUUSDm,H4,central,train,260,220,50,level,False,0.5,1000.0,-225.335000000008,-1225.335000000008,184,184,0,144,40,0,78.26086956521739,7462.884999999993,8688.220000000001,0.8589659331830907,51.82559027777773,217.20550000000003,-6.659429347826131,-6.659429347826131,0.23860164810641407,165.09500000000003,-344.65999999999894,-122.5335000000008,8580.460000000005,-9920.650000000001,-1340.19,39,145,220.011794871795,-68.41827586206898,-7.283641304347826,280.19000000000005,-344.65999999999894,-0.02561318979933126,0.036523902365173964,-4.7128269230769515,15,4,3.3,An iid sequence with this win rate would already produce a streak of about 3.3; only a materially longer run is evidence of a defect.,133.56272545467718,2127.139999999997,2942,0.27180647106858985,4.8707508268306166,0.29802700608086063,NOT distinguishable from zero (|SR| < 2*SE); do not rank configurations by this.,5.173913043478261,30.8695652173913,0.0,82,102,79.26829268292683,77.45098039215686,430.5350000000044,-1655.8700000000124,-0.5758841973244146,0.5334926839464884,152,82.6086956521739,3712.9199999999937,3503.8,0.053,False,48,87,32,39,113,0,0,0,0,11277,2014-01-14 00:00:00+00:00,2023-08-18 20:00:00+00:00,-0.701271992878663,-0.8542214070892844,-1.0553369556287386,0.1587170298824883,3,0.8209487459091096,-1.0129384369717727
XAUUSDm,H4,central,train,260,300,50,level,False,0.5,1000.0,-754.5800000000145,-1754.5800000000145,181,181,0,141,40,0,77.90055248618785,6974.544999999988,8729.125000000004,0.798997035785372,49.464858156028285,218.2281250000001,-9.693812154696213,-9.693812154696213,0.22666582575471547,183.7649999999985,-344.65999999999894,-175.45800000000145,7774.7199999999975,-10027.520000000006,-2252.800000000009,26,155,299.02769230769223,-64.69367741935487,-12.446408839779055,305.3600000000006,-344.65999999999894,-0.03728389290267769,0.037616489088529256,-6.748384615384662,15,4,3.3,An iid sequence with this win rate would already produce a streak of about 3.3; only a materially longer run is evidence of a defect.,165.99067926570166,2776.385000000004,2942,0.34949801845212874,2.1611909263945104,0.30147538688574355,NOT distinguishable from zero (|SR| < 2*SE); do not rank configurations by this.,6.237569060773481,37.23756906077348,0.0,81,100,77.77777777777779,78.0,-54.6799999999962,-1699.9000000000183,-0.5843185295367618,0.5650042498937526,149,82.32044198895028,3638.669999999992,3503.8,0.052,False,45,86,32,26,123,0,0,0,0,11277,2014-01-14 00:00:00+00:00,2023-08-18 20:00:00+00:00,-0.9911582342235924,-0.9911582342235924,-1.1320307698931273,0.1793296865186985,2,1.0,-1.170487920742291
XAUUSDm,H4,central,test,70,100,50,level,False,0.5,1000.0,-5785.150000000258,-6785.150000000258,204,204,0,59,145,0,28.92156862745098,3882.249999999972,10667.40000000023,0.3639359169057022,65.80084745762665,73.56827586207055,-33.26053921568754,-33.26053921568754,0.8944187788360479,75.00000000000455,-81.55999999999949,-678.5150000000258,4949.1699999999855,-10740.680000000251,-5791.510000000267,50,154,98.9833999999997,-69.74467532467696,-28.389754901962093,100.00000000000455,-81.55999999999949,-0.4751505602241076,0.06422330574211363,-96.93071428571795,8,17,11.9,An iid sequence with this win rate would already produce a streak of about 11.9; only a materially longer run is evidence of a defect.,570.8311969464534,7013.86000000015,941,0.8723929175082791,2.5619193392816166,0.6080357608034922,NOT distinguishable from zero (|SR| < 2*SE); do not rank configurations by this.,0.12745098039215685,1.1568627450980393,0.0,92,112,26.08695652173913,31.25,-3302.1900000001096,-3482.9600000001483,-4.254434873949581,3.814447478991595,59,28.92156862745098,1444.3049999999903,1103.2,0.185,False,105,57,145,50,9,0,0,0,0,4834,2023-08-20 20:00:00+00:00,2026-08-28 00:00:00+00:00,-7.398413313261351,-7.045020360005943,-7.398413313261351,0.63464473508487,2,1.050162091122063,-7.679665095090813
XAUUSDm,H4,central,test,70,160,50,level,False,0.5,1000.0,-4985.350000000255,-5985.350000000255,200,200,0,58,142,0,29.0,4464.249999999964,10449.600000000219,0.42721730975347094,76.96982758620626,73.58873239436774,-29.926750000001274,-29.926750000001274,1.0459458273274633,105.00000000000455,-81.55999999999949,-598.5350000000255,6197.149999999988,-10556.86000000026,-4359.710000000273,39,161,158.90128205128173,-65.5705590062128,-21.798550000001363,160.00000000000455,-81.55999999999949,-0.42752500000001814,0.07233093412623505,-85.50500000000363,8,17,11.9,An iid sequence with this win rate would already produce a streak of about 11.9; only a materially longer run is evidence of a defect.,421.1361689244842,6537.760000000153,941,-0.6582443913216666,-0.6584120832314437,0.5708040039837485,NOT distinguishable from zero (|SR| < 2*SE); do not rank configurations by this.,0.24,1.84,0.0,88,112,26.136363636363637,31.25,-2965.8900000001017,-3019.4600000001537,-4.347742142857142,3.9413071428571413,58,29.0,1419.3049999999903,1103.2,0.181,False,104,56,142,39,19,0,0,0,0,4834,2023-08-20 20:00:00+00:00,2026-08-28 00:00:00+00:00,-5.910679920901936,-5.874029591567185,-7.398413313261351,0.9111802264959552,3,1.0062393845252953,-6.78520981806314
XAUUSDm,H4,central,test,70,220,50,level,False,0.5,1000.0,-4335.200000000248,-5335.200000000248,193,193,0,54,139,0,27.979274611398964,4886.049999999966,10221.250000000215,0.4780286168521329,90.48240740740677,73.53417266187205,-27.64352331606346,-27.64352331606346,1.2304810693045642,135.00000000000455,-76.19999999999891,-533.5200000000248,7220.349999999994,-10311.300000000261,-3090.9500000002663,33,160,218.79848484848466,-64.44562500000163,-16.015284974094644,220.00000000000455,-76.19999999999891,-0.39490747594376363,0.08148641309489486,-76.21714285714638,7,17,12.2,An iid sequence with this win rate would already produce a streak of about 12.2; only a materially longer run is evidence of a defect.,341.4884135472641,6130.400000000151,941,-0.12315781355815739,-0.13159039856138102,0.5194527782873534,NOT distinguishable from zero (|SR| < 2*SE); do not rank configurations by this.,0.32642487046632124,2.44559585492228,0.0,84,109,25.0,30.275229357798167,-2851.915000000097,-2483.285000000151,-4.4591628423390075,4.0736358253145815,54,27.979274611398964,1320.8999999999924,1103.2,0.175,False,102,52,139,33,21,0,0,0,0,4834,2023-08-20 20:00:00+00:00,2026-08-28 00:00:00+00:00,-4.846298431173732,-4.892205979633555,-5.910679920901936,0.46433595670869393,3,0.9906161865115782,-5.356541936342249
XAUUSDm,H4,central,test,70,300,50,level,False,0.5,1000.0,-4430.135000000246,-5430.135000000246,189,189,0,52,137,0,27.513227513227513,4644.324999999958,10074.460000000203,0.460999894783429,89.3139423076915,73.53620437956353,-28.730873015874316,-28.730873015874316,1.2145574151024958,175.00000000000455,-76.19999999999891,-543.0135000000246,6872.88,-10202.080000000275,-3329.2000000002736,23,166,298.8208695652174,-61.4583132530137,-17.614814814816263,300.00000000000455,-76.19999999999891,-0.41044104308391866,0.0862224146817842,-77.57335714286063,7,17,12.3,An iid sequence with this win rate would already produce a streak of about 12.3; only a materially longer run is evidence of a defect.,396.624740963466,5923.650000000157,941,-0.07242114898409936,-0.09000536031299249,0.5181722637046872,NOT distinguishable from zero (|SR| < 2*SE); do not rank configurations by this.,0.4973544973544973,3.1534391534391535,0.0,82,107,24.390243902439025,29.906542056074763,-2819.8300000000927,-2610.305000000153,-4.559494331065759,4.230752834467119,52,27.513227513227513,1271.694999999993,1103.2,0.171,False,99,50,137,23,29,0,0,0,0,4834,2023-08-20 20:00:00+00:00,2026-08-28 00:00:00+00:00,-4.76025920404466,-4.846298431173732,-4.972964292325009,0.0873628725912238,2,0.9822464034456428,-4.933661303764956
XAUUSDm,H4,central,test,110,100,50,level,False,0.5,1000.0,-7830.205000000207,-8830.205000000207,199,199,0,76,123,0,38.19095477386934,5127.474999999984,13957.680000000191,0.3673586871170505,67.46677631578926,113.47707317073326,-44.372889447237235,-44.372889447237235,0.5945410330973318,104.37999999999647,-115.20000000000437,-883.0205000000208,6534.759999999997,-14011.690000000213,-7476.930000000216,66,133,99.0115151515151,-105.35105263158056,-37.572512562815156,104.37999999999647,-115.20000000000437,-0.403389904065793,0.057258869875778856,-80.27459090909281,11,15,9.0,An iid sequence with this win rate would already produce a streak of about 9.0; only a materially longer run is evidence of a defect.,770.5492708074837,8997.935000000205,941,0.7772379012666214,2.782444355350213,0.59049902629388,NOT distinguishable from zero (|SR| < 2*SE); do not rank configurations by this.,0.16080402010050251,1.5276381909547738,0.0,89,110,33.70786516853933,41.81818181818181,-4604.150000000089,-4226.055000000119,-2.7866098675194153,2.4852946550936488,76,38.19095477386934,1887.0999999999958,1103.2,0.18,False,90,72,123,66,10,0,0,0,0,4834,2023-08-20 20:00:00+00:00,2026-08-28 00:00:00+00:00,-7.045020360005943,-6.441199811119189,-7.398413313261351,0.7557135578500083,3,1.0937434898144913,-7.196913368969197
XAUUSDm,H4,central,test,110,160,50,level,False,0.5,1000.0,-6787.375000000205,-7787.375000000205,192,192,0,73,119,0,38.020833333333336,5703.939999999973,13491.315000000177,0.42278606644347855,78.13616438356128,113.37239495798468,-40.55924479166773,-40.55924479166773,0.6891992042023828,131.3949999999977,-115.20000000000437,-778.7375000000205,7941.5799999999945,-13797.450000000217,-5855.870000000223,50,142,158.8315999999999,-97.16514084507195,-30.499322916667825,160.00000000000455,-243.27000000000226,-0.36872040719697924,0.06316540190948064,-70.79431818182002,11,15,9.0,An iid sequence with this win rate would already produce a streak of about 9.0; only a materially longer run is evidence of a defect.,652.8393865100813,8015.1050000002015,941,-0.2434586199041126,-0.2718979348062416,0.5251064206195586,NOT distinguishable from zero (|SR| < 2*SE); do not rank configurations by this.,0.3020833333333333,2.5833333333333335,0.0,83,109,33.734939759036145,41.284403669724774,-4055.5850000000783,-3731.790000000126,-2.8955383522727267,2.5896287878787865,74,38.541666666666664,1837.899999999995,1103.2,0.174,False,90,70,118,50,24,0,0,0,0,4834,2023-08-20 20:00:00+00:00,2026-08-28 00:00:00+00:00,-5.837379262232433,-5.837379262232433,-7.045020360005943,0.8078495497925023,4,1.0,-6.645228812024936
XAUUSDm,H4,central,test,110,220,50,level,False,0.5,1000.0,-5941.850000000195,-6941.850000000195,185,185,0,70,115,0,37.83783783783784,6095.884999999971,13037.735000000166,0.4675570564979188,87.08407142857102,113.37160869565362,-37.523513513514565,-37.523513513514565,0.7681294499608666,135.00000000000455,-115.20000000000437,-694.1850000000196,8971.149999999998,-13386.770000000219,-4415.620000000222,41,144,218.8085365853658,-92.96368055555708,-23.868216216217416,220.00000000000455,-243.27000000000226,-0.34112285012285964,0.06907958842626455,-63.107727272729036,10,15,8.9,An iid sequence with this win rate would already produce a streak of about 8.9; only a materially longer run is evidence of a defect.,517.5286346708276,7364.95000000011,941,0.4681286719469635,1.1449583630564943,0.545108868164708,NOT distinguishable from zero (|SR| < 2*SE); do not rank configurations by this.,0.41081081081081083,3.0702702702702704,0.0,80,105,33.75,40.95238095238095,-3648.100000000072,-3293.750000000123,-2.978668304668304,2.67526339066339,71,38.37837837837838,1736.5099999999984,1103.2,0.168,False,87,68,114,41,30,0,0,0,0,4834,2023-08-20 20:00:00+00:00,2026-08-28 00:00:00+00:00,-4.9381135280933774,-4.9381135280933774,-5.837379262232433,0.60257035662009,4,1.0,-5.540683884713467
XAUUSDm,H4,central,test,110,300,50,level,False,0.5,1000.0,-6114.385000000196,-7114.385000000196,180,180,0,67,113,0,37.22222222222222,5696.559999999965,12810.94500000016,0.4446635279442612,85.02328358208904,113.3711946902669,-39.52436111111219,-39.52436111111219,0.7499549053388287,175.00000000000455,-115.20000000000437,-711.4385000000195,8365.280000000006,-13204.35000000024,-4839.070000000233,28,152,298.7600000000002,-86.87072368421211,-26.88372222222352,300.00000000000455,-243.27000000000226,-0.3593123737373836,0.0722531577980413,-64.67622727272905,10,15,9.0,An iid sequence with this win rate would already produce a streak of about 9.0; only a materially longer run is evidence of a defect.,608.9319677214435,7315.80000000012,941,-0.43756673576165594,-0.44449901160926925,0.5416985778888528,NOT distinguishable from zero (|SR| < 2*SE); do not rank configurations by this.,0.6055555555555555,3.888888888888889,0.0,77,103,32.467532467532465,40.77669902912621,-3742.315000000069,-3372.070000000126,-3.0583979797979786,2.7919126262626244,68,37.77777777777778,1662.3050000000012,1103.2,0.163,False,82,65,112,28,40,0,0,0,0,4834,2023-08-20 20:00:00+00:00,2026-08-28 00:00:00+00:00,-4.972964292325009,-4.849186366069018,-4.972964292325009,0.3833277152093985,3,1.0255255040561229,-5.232514081278417
XAUUSDm,H4,central,test,150,100,50,level,False,0.5,1000.0,-7767.020000000146,-8767.020000000146,194,194,0,93,101,0,47.93814432989691,6442.044999999996,15209.06500000014,0.42356614295487177,69.26930107526879,150.58480198019942,-45.190824742268795,-45.190824742268795,0.46000194019830165,104.37999999999647,-155.20000000000437,-876.7020000000146,8319.200000000004,-15367.730000000161,-7048.530000000155,84,110,99.0380952380953,-139.70663636363784,-36.33262886598018,104.37999999999647,-155.20000000000437,-0.3012721649484586,0.05343462477375586,-58.44680000000097,11,13,6.9,An iid sequence with this win rate would already produce a streak of about 6.9; only a materially longer run is evidence of a defect.,765.1383453366931,8934.750000000142,941,0.372405967632433,1.0521931306426058,0.5351357865917178,NOT distinguishable from zero (|SR| < 2*SE); do not rank configurations by this.,0.21649484536082475,1.7731958762886597,0.0,87,107,43.67816091954023,51.4018691588785,-4699.100000000058,-4067.920000000088,-2.0870886597938147,1.8679728522336767,95,48.96907216494845,2354.1200000000026,1103.2,0.176,False,71,89,99,84,11,0,0,0,0,4834,2023-08-20 20:00:00+00:00,2026-08-28 00:00:00+00:00,-5.638145045914627,-5.544499341153146,-7.045020360005943,0.8186869630705053,3,1.0168898396409594,-6.363186304223651
XAUUSDm,H4,central,test,150,160,50,level,False,0.5,1000.0,-6618.710000000149,-7618.710000000149,183,183,0,87,96,0,47.540983606557376,6632.474999999975,14251.185000000123,0.46539814057567264,76.23534482758592,148.4498437500013,-41.632295081968024,-41.632295081968024,0.5135427758076387,131.3949999999977,-155.20000000000437,-761.8710000000149,9215.990000000002,-14842.49000000018,-5626.500000000178,58,125,158.89637931034486,-118.73992000000143,-30.745901639345238,160.00000000000455,-243.27000000000226,-0.27754863387978673,0.057825883396651026,-50.791400000000976,11,13,6.9,An iid sequence with this win rate would already produce a streak of about 6.9; only a materially longer run is evidence of a defect.,639.1014310964272,7846.440000000146,941,0.41506005728665357,0.6399784703025747,0.539321641895738,NOT distinguishable from zero (|SR| < 2*SE); do not rank configurations by this.,0.37158469945355194,2.6885245901639343,0.0,80,103,43.75,50.48543689320388,-4073.2550000000515,-3545.4550000000972,-2.21167504553734,1.9828586520947173,91,49.72677595628415,2255.720000000001,1103.2,0.166,False,73,86,92,58,33,0,0,0,0,4834,2023-08-20 20:00:00+00:00,2026-08-28 00:00:00+00:00,-4.799730113519734,-4.799730113519734,-5.837379262232433,0.6893804214319642,4,1.0,-5.489110534951698
XAUUSDm,H4,central,test,150,220,50,level,False,0.5,1000.0,-5508.185000000135,-6508.185000000135,175,175,0,83,92,0,47.42857142857143,7129.419999999973,13637.605000000109,0.5227765432420074,85.89662650602376,148.2348369565229,-37.189628571429346,-37.189628571429346,0.5794631563646346,135.00000000000455,-155.20000000000437,-650.8185000000135,10505.560000000005,-14271.810000000178,-3766.250000000173,48,127,218.86583333333343,-112.37645669291479,-21.52142857142956,220.00000000000455,-243.27000000000226,-0.24793085714286228,0.0629741320463336,-43.3879000000009,10,13,6.9,An iid sequence with this win rate would already produce a streak of about 6.9; only a materially longer run is evidence of a defect.,460.5293214775704,7035.990000000063,941,-0.22447348168070205,-0.24024374966204518,0.5239725347317852,NOT distinguishable from zero (|SR| < 2*SE); do not rank configurations by this.,0.4857142857142857,3.2,0.0,76,99,43.42105263157895,50.505050505050505,-3600.770000000041,-2907.415000000094,-2.282601142857142,2.0517078095238097,87,49.714285714285715,2129.3300000000045,1103.2,0.159,False,69,83,88,48,39,0,0,0,0,4834,2023-08-20 20:00:00+00:00,2026-08-28 00:00:00+00:00,-3.9370269837215957,-4.025012846426605,-4.9381135280933774,0.44330967994790293,4,0.9781402281030922,-4.468322526374507
XAUUSDm,H4,central,test,150,300,50,level,False,0.5,1000.0,-5823.030000000138,-6823.030000000138,170,170,0,78,92,0,45.88235294117647,6812.98499999997,13636.015000000107,0.499631673916457,87.34596153846115,148.21755434782725,-40.1354705882361,-40.1354705882361,0.5893091538501801,175.00000000000455,-155.20000000000437,-682.3030000000139,10161.280000000015,-14311.990000000202,-4150.710000000186,34,136,298.8611764705887,-105.23522058823677,-24.41594117647168,300.00000000000455,-243.27000000000226,-0.267569803921574,0.0664767577472757,-45.48686666666758,10,13,7.1,An iid sequence with this win rate would already produce a streak of about 7.1; only a materially longer run is evidence of a defect.,587.8993539954603,7016.5200000000805,941,0.5116714914660013,26.588034174715375,0.5503238077937491,NOT distinguishable from zero (|SR| < 2*SE); do not rank configurations by this.,0.6882352941176471,4.047058823529412,0.0,74,96,40.54054054054054,50.0,-3863.885000000041,-2959.1450000000964,-2.354209803921567,2.1412058823529403,82,48.23529411764706,2005.9200000000078,1103.2,0.154,False,65,78,88,34,48,0,0,0,0,4834,2023-08-20 20:00:00+00:00,2026-08-28 00:00:00+00:00,-4.025012846426605,-3.9810199150741,-4.972964292325009,0.44742825717214635,3,1.0110506684947558,-4.428448172246246
XAUUSDm,H4,central,test,200,100,50,level,False,0.5,1000.0,-8952.840000000106,-9952.840000000106,184,184,0,97,87,0,52.71739130434783,6736.644999999997,16689.485000000102,0.4036460681680684,69.44994845360822,191.8331609195414,-54.09152173913101,-54.09152173913101,0.36203307144971086,104.37999999999647,-205.0,-995.2840000000106,8717.620000000006,-17246.140000000123,-8528.520000000117,88,96,99.0638636363637,-179.64729166666794,-46.35065217391368,104.37999999999647,-205.0,-0.27045760869565505,0.04961747769009838,-49.76420000000053,13,13,6.1,An iid sequence with this win rate would already produce a streak of about 6.1; only a materially longer run is evidence of a defect.,868.2195370505278,10138.460000000101,941,0.0960125185880408,0.11680516358955996,0.5186854131150699,NOT distinguishable from zero (|SR| < 2*SE); do not rank configurations by this.,0.2717391304347826,1.8043478260869563,0.0,84,100,48.80952380952381,56.00000000000001,-5516.840000000043,-4436.000000000063,-1.6402086956521733,1.4595831521739129,103,55.97826086956522,2550.635000000002,1103.2,0.167,False,58,97,81,88,15,0,0,0,0,4834,2023-08-20 20:00:00+00:00,2026-08-28 00:00:00+00:00,-5.450853636391664,-5.067367940244409,-5.638145045914627,0.5134963060513438,3,1.0756774918792966,-5.580864246295754
XAUUSDm,H4,central,test,200,160,50,level,False,0.5,1000.0,-7648.04000000011,-8648.04000000011,174,174,0,90,84,0,51.724137931034484,7024.9449999999815,15672.985000000092,0.4482199785171708,78.05494444444425,186.58315476190586,-49.70137931034546,-49.70137931034546,0.4183386466160261,131.3949999999977,-205.0,-864.8040000000109,9854.390000000007,-16795.29000000015,-6940.900000000142,62,112,158.9417741935485,-149.95794642857277,-39.89022988505829,160.00000000000455,-243.27000000000226,-0.24850689655172734,0.05305575238679565,-43.240200000000556,12,13,6.2,An iid sequence with this win rate would already produce a streak of about 6.2; only a materially longer run is evidence of a defect.,724.3986870077401,8893.660000000105,941,0.22720529202322234,0.36461865174107916,0.524130171421376,NOT distinguishable from zero (|SR| < 2*SE); do not rank configurations by this.,0.4425287356321839,2.781609195402299,0.0,78,96,48.717948717948715,54.166666666666664,-4753.595000000038,-3894.445000000071,-1.7342149425287352,1.5503488505747123,99,56.89655172413793,2452.230000000002,1103.2,0.158,False,62,94,75,62,37,0,0,0,0,4834,2023-08-20 20:00:00+00:00,2026-08-28 00:00:00+00:00,-4.683882244097154,-4.683882244097154,-5.450853636391664,0.5788166184773058,4,1.0,-5.262698862574459
XAUUSDm,H4,central,test,200,220,50,level,False,0.5,1000.0,-6568.0150000001,-7568.0150000001,167,167,0,86,81,0,51.49700598802395,7641.88999999998,15209.90500000008,0.5024285161544362,88.8591860465114,187.7766049382726,-45.31745508982096,-45.31745508982096,0.47321755591289916,135.00000000000455,-205.0,-756.80150000001,11383.960000000012,-16268.82000000015,-4884.86000000014,52,115,218.92230769230792,-141.4680000000013,-29.250658682635567,220.00000000000455,-243.27000000000226,-0.2265872754491048,0.057370056002562626,-37.8400750000005,11,13,6.2,An iid sequence with this win rate would already produce a streak of about 6.2; only a materially longer run is evidence of a defect.,584.1046580860692,7946.335000000054,941,-0.5623649333790458,-0.6402316603715414,0.5569081606223748,NOT distinguishable from zero (|SR| < 2*SE); do not rank configurations by this.,0.5988023952095808,3.712574850299401,0.0,74,93,48.64864864864865,53.76344086021505,-4091.110000000028,-3476.905000000072,-1.7834736526946102,1.6041098802395208,94,56.287425149700596,2301.6350000000057,1103.2,0.151,False,61,90,73,52,42,0,0,0,0,4834,2023-08-20 20:00:00+00:00,2026-08-28 00:00:00+00:00,-3.949573893373636,-3.9370269837215957,-4.683882244097154,0.41081755427936567,4,1.003186899582837,-4.347844538000961
XAUUSDm,H4,central,test,200,300,50,level,False,0.5,1000.0,-6599.680000000105,-7599.680000000105,161,161,0,80,81,0,49.68944099378882,7461.754999999977,15061.435000000083,0.4954212530213712,93.27193749999972,185.94364197530967,-47.202981366460286,-47.202981366460286,0.5016140186841384,175.00000000000455,-205.0,-759.9680000000105,11359.680000000022,-16265.240000000176,-4905.560000000155,38,123,298.9389473684216,-132.2377235772372,-30.469316770187298,300.00000000000455,-243.27000000000226,-0.23601490683230142,0.06085699585349157,-37.99840000000053,11,13,6.4,An iid sequence with this win rate would already produce a streak of about 6.4; only a materially longer run is evidence of a defect.,653.6649849820011,7812.800000000054,941,-0.5701838868028136,-0.6122389658076749,0.55797171182944,NOT distinguishable from zero (|SR| < 2*SE); do not rank configurations by this.,0.8571428571428571,4.795031055900622,0.0,71,90,45.07042253521127,53.333333333333336,-4161.045000000031,-3438.6350000000743,-1.8524739130434773,1.6766217391304346,89,55.27950310559006,2178.225000000009,1103.2,0.146,False,55,85,72,38,51,0,0,0,0,4834,2023-08-20 20:00:00+00:00,2026-08-28 00:00:00+00:00,-3.87818858821899,-3.913881240796313,-4.025012846426605,0.3229550241375694,3,0.9908804967802086,-4.236836264933882
XAUUSDm,H4,central,test,260,100,50,level,False,0.5,1000.0,-8235.230000000067,-9235.230000000067,176,176,0,107,69,0,60.79545454545455,7374.865000000016,16610.09500000008,0.4439989656892378,68.92397196261697,240.7260144927548,-52.47289772727311,-52.47289772727311,0.286317090023901,104.37999999999647,-265.0,-923.5230000000066,9510.43000000003,-17292.69000000011,-7782.260000000083,96,80,99.06697916666697,-216.1586250000014,-44.217386363636834,104.37999999999647,-265.0,-0.20181883741258888,0.04580096979022413,-35.52011538461564,13,8,5.0,An iid sequence with this win rate would already produce a streak of about 5.0; only a materially longer run is evidence of a defect.,679.1073890727037,9678.265000000043,941,-0.522740106509015,-0.5227381666810736,0.5517149474109704,NOT distinguishable from zero (|SR| < 2*SE); do not rank configurations by this.,0.3806818181818182,2.522727272727273,0.0,82,94,56.09756097560976,64.8936170212766,-5814.940000000029,-3420.2900000000386,-1.3046614947552444,1.1579294143356644,114,64.77272727272727,2820.2500000000123,1103.2,0.16,False,51,104,62,96,18,0,0,0,0,4834,2023-08-20 20:00:00+00:00,2026-08-28 00:00:00+00:00,-4.4064315305320365,-4.4064315305320365,-5.450853636391664,0.6458516017189533,2,1.0,-5.05228313225099
XAUUSDm,H4,central,test,260,160,50,level,False,0.5,1000.0,-7071.315000000077,-8071.315000000077,165,165,0,95,70,0,57.57575757575758,7386.135000000002,15457.450000000079,0.47783657718446215,77.74878947368423,220.8207142857154,-48.91706060606107,-48.91706060606107,0.3520901095043405,131.3949999999977,-265.0,-807.1315000000077,10335.170000000031,-17124.76000000015,-6789.590000000121,65,100,159.00261538461586,-171.2476000000015,-41.14903030303104,160.0000000000091,-265.0,-0.1881425407925426,0.04824673082865232,-31.04351923076953,12,8,5.3,An iid sequence with this win rate would already produce a streak of about 5.3; only a materially longer run is evidence of a defect.,548.0359100920657,8671.490000000038,941,-0.5199807753564177,-0.5199808465935931,0.551365690060268,NOT distinguishable from zero (|SR| < 2*SE); do not rank configurations by this.,0.5878787878787879,3.684848484848485,0.0,77,88,55.84415584415584,59.09090909090909,-4954.295000000027,-3117.02000000005,-1.3896459207459206,1.229998834498834,109,66.06060606060606,2697.6450000000114,1103.2,0.15,False,56,101,56,65,44,0,0,0,0,4834,2023-08-20 20:00:00+00:00,2026-08-28 00:00:00+00:00,-3.8995914865346744,-4.153011508533355,-4.683882244097154,0.49097223708120635,3,0.938979215088143,-4.643983745614562
XAUUSDm,H4,central,test,260,220,50,level,False,0.5,1000.0,-6248.100000000072,-7248.100000000072,158,158,0,89,69,0,56.32911392405063,7942.124999999996,15190.22500000007,0.5228444608292477,89.23735955056176,220.1481884057981,-45.87405063291185,-45.87405063291185,0.4053513235642483,135.0000000000091,-265.0,-724.8100000000072,11827.950000000028,-16883.33000000015,-5055.380000000123,54,104,219.03611111111164,-162.33971153846298,-31.996075949367867,220.0000000000091,-265.0,-0.1764386562804302,0.05188560384982054,-27.877307692307973,11,8,5.4,An iid sequence with this win rate would already produce a streak of about 5.4; only a materially longer run is evidence of a defect.,417.69239154408837,8238.335000000014,941,0.07323922149568536,0.08730740661931116,0.5181876595493897,NOT distinguishable from zero (|SR| < 2*SE); do not rank configurations by this.,0.7151898734177216,4.253164556962025,0.0,73,85,56.16438356164384,56.470588235294116,-4051.810000000016,-3196.290000000056,-1.4322251703992208,1.2654612950340796,103,65.18987341772151,2523.250000000014,1103.2,0.143,False,55,96,55,54,49,0,0,0,0,4834,2023-08-20 20:00:00+00:00,2026-08-28 00:00:00+00:00,-3.4005320009596547,-3.6500617437471643,-3.949573893373636,0.3158676537000232,3,0.9316368433451918,-3.9659293974471876
XAUUSDm,H4,central,test,260,300,50,level,False,0.5,1000.0,-5951.960000000076,-6951.960000000076,152,152,0,83,69,0,54.60526315789474,7843.5799999999945,14795.540000000072,0.5301313774286005,94.50096385542162,214.42811594203002,-45.73657894736893,-45.73657894736893,0.44071162701895705,175.0000000000091,-265.0,-695.1960000000076,11965.260000000038,-16758.330000000176,-4793.070000000139,40,112,299.131500000001,-149.627946428573,-31.533355263158807,300.0000000000091,-265.0,-0.175909919028342,0.05471890234658456,-26.738307692307984,11,8,5.6,An iid sequence with this win rate would already produce a streak of about 5.6; only a materially longer run is evidence of a defect.,470.6991300460273,7580.28000000003,941,-0.7360211818420873,-0.7433699141785346,0.5833845554411398,NOT distinguishable from zero (|SR| < 2*SE); do not rank configurations by this.,0.9802631578947368,5.368421052631579,0.0,70,82,54.285714285714285,54.87804878048781,-3524.145000000017,-3427.8150000000596,-1.4906993927125498,1.325939524291498,99,65.13157894736842,2424.8400000000174,1103.2,0.138,False,46,92,53,40,59,0,0,0,0,4834,2023-08-20 20:00:00+00:00,2026-08-28 00:00:00+00:00,-3.2147925394070325,-3.4005320009596547,-3.87818858821899,0.2794338086022064,2,0.9453792931517171,-3.6799658095618613
