trade_id,symbol,side,entry_time,entry_index,entry_price,volume,sl_price,tp_price,r_price,entry_reason,signal_strength,remaining_volume,be_trigger_price,partial_fraction,partial_volume,partial_price,partial_pl,partial_index,partial_time,be_moved,exit_time,exit_index,exit_price,exit_reason,gross_pl,commission,swap,net_pl,pnl_r,mae_price,mfe_price,mae_r,mfe_r,bars_held,duration_s,spread_at_entry,atr_at_entry,band_at_entry,session,day_of_week,hour_utc,is_open
1,BTCUSDm,short,2025-09-24 04:35:00+00:00,1068,112185.44,0.1,112885.44,111185.44,700.0,close_above_upper,0.06955682517203743,0.1,111685.44,0.5,0.0,0.0,0.0,,,False,2025-09-24 10:05:00+00:00,1134,112903.44,sl,-71.8,0.0,0.0,-71.8,-1.0257142857142856,-670.1900000000023,107.02000000000407,-0.957414285714289,0.15288571428572012,66,19800.0,18.0,248.97142857143004,372.02411641994,asian,Wed,4,False
2,BTCUSDm,short,2025-09-24 14:50:00+00:00,1191,113548.35,0.1,113548.35,112548.35,700.0,close_above_upper,0.08039020219302306,0.05,113048.35,0.5,0.05,113066.35,24.1,1312.0,2025-09-25 00:55:00+00:00,True,2025-09-25 01:50:00+00:00,1323,112566.35,tp,73.2,0.0,0.0,73.2,1.0457142857142858,-455.65999999998894,881.3300000000017,-0.6509428571428414,1.2590428571428596,132,39600.0,18.0,158.9871428571444,334.000823680764,overlap,Wed,14,False
3,BTCUSDm,long,2025-09-25 01:55:00+00:00,1324,112541.04,0.1,112541.04,113541.04,700.0,close_below_lower,0.4406333117629629,0.05,113041.04,0.5,0.05,113041.04,25.0,1331.0,2025-09-25 02:30:00+00:00,True,2025-09-25 03:20:00+00:00,1341,112541.04,be_stop,25.0,0.0,0.0,25.0,0.35714285714285715,-35.94999999999709,671.7200000000012,-0.0513571428571387,0.9596000000000017,17,5100.0,18.0,209.23499999999953,320.8010154344466,asian,Thu,1,False
4,BTCUSDm,long,2025-09-25 03:30:00+00:00,1343,112402.0,0.1,111702.0,113402.0,700.0,close_below_lower,0.09105705963571212,0.1,112902.0,0.5,0.0,0.0,0.0,,,False,2025-09-25 04:40:00+00:00,1357,111702.0,sl,-70.0,0.0,0.0,-70.0,-1.0,-695.570000000007,237.63000000000466,-0.9936714285714385,0.3394714285714352,14,4200.0,18.0,184.73285714285572,330.2227968050803,asian,Thu,3,False
5,BTCUSDm,long,2025-09-25 13:05:00+00:00,1458,110908.73,0.1,110908.73,111908.73,700.0,close_below_lower,0.3370581494933761,0.05,111408.73,0.5,0.05,111408.73,25.0,1460.0,2025-09-25 13:15:00+00:00,True,2025-09-25 13:40:00+00:00,1465,110908.73,be_stop,25.0,0.0,0.0,25.0,0.35714285714285715,-41.61000000000058,845.8000000000029,-0.05944285714285798,1.2082857142857184,7,2100.0,18.0,242.4350000000008,341.6641289651795,overlap,Thu,13,False
6,BTCUSDm,long,2025-09-25 13:45:00+00:00,1466,110751.25,0.1,110751.25,111751.25,700.0,close_below_lower,0.6300520052053239,0.05,111251.25,0.5,0.05,111251.25,25.0,1470.0,2025-09-25 14:05:00+00:00,True,2025-09-25 14:20:00+00:00,1473,111751.25,tp,75.0,0.0,0.0,75.0,1.0714285714285714,-80.91999999999825,988.3699999999953,-0.11559999999999751,1.4119571428571362,7,2100.0,18.0,307.06714285714196,347.9946107997358,overlap,Thu,13,False
7,BTCUSDm,short,2025-09-25 14:25:00+00:00,1474,111739.58,0.1,111739.58,110739.58,700.0,close_above_upper,0.3026283242942474,0.05,111239.58,0.5,0.05,111257.58,24.1,1483.0,2025-09-25 15:10:00+00:00,True,2025-09-25 16:00:00+00:00,1493,111757.58,be_stop,23.200000000000003,0.0,0.0,23.200000000000003,0.33142857142857146,-32.729999999995925,834.5200000000041,-0.046757142857137036,1.1921714285714344,19,5700.0,18.0,285.8871428571396,354.7379015255608,overlap,Thu,14,False
8,BTCUSDm,long,2025-09-25 17:10:00+00:00,1507,110744.11,0.1,110044.11,111744.11,700.0,close_below_lower,0.1118330950393826,0.1,111244.11,0.5,0.0,0.0,0.0,,,False,2025-09-25 17:20:00+00:00,1509,110044.11,sl,-70.0,0.0,0.0,-70.0,-1.0,-583.2200000000012,15.25,-0.8331714285714302,0.021785714285714287,2,600.0,18.0,185.17285714285597,372.47262977394723,newyork,Thu,17,False
9,BTCUSDm,long,2025-09-25 17:25:00+00:00,1510,110009.78,0.1,109309.78,111009.78,700.0,close_below_lower,1.145631159230891,0.1,110509.78,0.5,0.0,0.0,0.0,,,False,2025-09-25 17:45:00+00:00,1514,109309.78,sl,-70.0,0.0,0.0,-70.0,-1.0,-603.1999999999971,144.3000000000029,-0.8617142857142815,0.2061428571428613,4,1200.0,18.0,234.58928571428675,386.4311773443711,newyork,Thu,17,False
10,BTCUSDm,long,2025-09-25 17:50:00+00:00,1515,109195.11,0.1,109195.11,110195.11,700.0,close_below_lower,1.4280662685449637,0.05,109695.11,0.5,0.05,109695.11,25.0,1527.0,2025-09-25 18:50:00+00:00,True,2025-09-25 20:35:00+00:00,1548,109195.11,be_stop,25.0,0.0,0.0,25.0,0.35714285714285715,-550.4799999999959,811.1499999999942,-0.7863999999999942,1.1587857142857059,33,9900.0,18.0,274.39642857142877,410.4339601561867,newyork,Thu,17,False
11,BTCUSDm,long,2025-09-26 14:35:00+00:00,1764,108922.11,0.1,108922.11,109922.11,700.0,close_below_lower,0.021653533101867375,0.05,109422.11,0.5,0.05,109422.11,25.0,1784.0,2025-09-26 16:15:00+00:00,True,2025-09-26 17:25:00+00:00,1798,109922.11,tp,75.0,0.0,0.0,75.0,1.0714285714285714,-128.88999999999942,816.3099999999977,-0.1841285714285706,1.1661571428571396,34,10200.0,18.0,277.72285714286096,475.7162946861714,overlap,Fri,14,False
12,BTCUSDm,long,2025-09-26 19:35:00+00:00,1824,109104.51,0.1,109104.51,110104.51,700.0,close_below_lower,0.1824592033579014,0.05,109604.51,0.5,0.05,109604.51,25.0,1856.0,2025-09-26 22:15:00+00:00,True,2025-09-28 16:00:00+00:00,2357,110104.51,tp,75.0,0.0,0.0,75.0,1.0714285714285714,-32.26999999998952,973.3300000000017,-0.046099999999985035,1.390471428571431,533,159900.0,18.0,187.3564285714279,508.8712104779095,newyork,Fri,19,False
13,BTCUSDm,short,2025-09-28 16:05:00+00:00,2358,110194.09,0.1,110894.09,109194.09,700.0,close_above_upper,0.7647358402638378,0.1,109694.09,0.5,0.0,0.0,0.0,,,False,2025-09-28 20:35:00+00:00,2412,110912.09,sl,-71.8,0.0,0.0,-71.8,-1.0257142857142856,-679.9700000000012,174.72000000000116,-0.971385714285716,0.24960000000000165,54,16200.0,18.0,98.72499999999854,144.38717932700956,newyork,Sun,16,False
14,BTCUSDm,short,2025-09-28 20:40:00+00:00,2413,110955.17,0.1,111655.17,109955.17,700.0,close_above_upper,1.7359654669110127,0.1,110455.17,0.5,0.0,0.0,0.0,,,False,2025-09-28 22:15:00+00:00,2432,111673.17,sl,-71.8,0.0,0.0,-71.8,-1.0257142857142856,-610.6000000000058,301.97000000000116,-0.8722857142857225,0.4313857142857159,19,5700.0,18.0,95.47142857143002,156.59739106780026,newyork,Sun,20,False
15,BTCUSDm,short,2025-09-28 22:20:00+00:00,2433,111634.11,0.1,112334.11,110634.11,700.0,close_above_upper,2.6682452185149286,0.1,111134.11,0.5,0.0,0.0,0.0,,,False,2025-09-28 23:05:00+00:00,2442,112352.11,sl,-71.8,0.0,0.0,-71.8,-1.0257142857142856,-552.9900000000052,21.74000000000524,-0.7899857142857217,0.03105714285715034,9,2700.0,18.0,144.60642857142997,171.4575656722048,rollover,Sun,22,False
16,BTCUSDm,short,2025-09-28 23:10:00+00:00,2443,112338.78,0.1,112338.78,111338.78,700.0,close_above_upper,1.7193624194956445,0.05,111838.78,0.5,0.05,111856.78,24.1,2475.0,2025-09-29 01:50:00+00:00,True,2025-09-29 08:45:00+00:00,2558,112356.78,be_stop,23.200000000000003,0.0,0.0,23.200000000000003,0.33142857142857146,-20.24000000000524,753.5599999999977,-0.0289142857142932,1.0765142857142824,115,34500.0,18.0,215.27928571428805,200.4340044865938,rollover,Sun,23,False
17,BTCUSDm,short,2025-09-29 12:30:00+00:00,2603,112411.06,0.1,113111.06,111411.06,700.0,close_above_upper,0.00502084134003851,0.1,111911.06,0.5,0.0,0.0,0.0,,,False,2025-09-29 13:40:00+00:00,2617,113129.06,sl,-71.8,0.0,0.0,-71.8,-1.0257142857142856,-218.43000000000757,485.4400000000023,-0.31204285714286795,0.6934857142857176,14,4200.0,18.0,101.5535714285704,241.2842384317604,overlap,Mon,12,False
18,BTCUSDm,short,2025-09-29 13:45:00+00:00,2618,113303.42,0.1,114003.42,112303.42,700.0,close_above_upper,2.949467204786744,0.1,112803.42,0.5,0.0,0.0,0.0,,,False,2025-09-29 14:40:00+00:00,2629,114021.42,sl,-71.8,0.0,0.0,-71.8,-1.0257142857142856,-697.4400000000023,188.47999999999593,-0.9963428571428604,0.26925714285713703,11,3300.0,18.0,232.26500000000047,253.66486438649014,overlap,Mon,13,False
19,BTCUSDm,short,2025-09-29 14:45:00+00:00,2630,114145.51,0.1,114145.51,113145.51,700.0,close_above_upper,0.9046102355404962,0.05,113645.51,0.5,0.05,113663.51,24.1,2657.0,2025-09-29 17:00:00+00:00,True,2025-09-29 17:50:00+00:00,2667,114163.51,be_stop,23.200000000000003,0.0,0.0,23.200000000000003,0.33142857142857146,-171.68000000000757,638.6899999999878,-0.24525714285715366,0.9124142857142683,37,11100.0,18.0,341.6864285714286,301.62951099910214,overlap,Mon,14,False
20,BTCUSDm,short,2025-09-30 00:55:00+00:00,2752,114732.3,0.1,114732.3,113732.3,700.0,close_above_upper,0.01378942505834178,0.05,114232.3,0.5,0.05,114250.3,24.1,2795.0,2025-09-30 04:30:00+00:00,True,2025-09-30 07:35:00+00:00,2832,113750.3,tp,73.2,0.0,0.0,73.2,1.0457142857142858,-134.47000000000116,871.2400000000052,-0.19210000000000166,1.244628571428579,80,24000.0,18.0,155.5550000000003,338.43958349540094,asian,Tue,0,False
21,BTCUSDm,short,2025-09-30 19:05:00+00:00,2970,113900.63,0.1,114600.63,112900.63,700.0,close_above_upper,0.09177961700641177,0.1,113400.63,0.5,0.0,0.0,0.0,,,False,2025-09-30 20:50:00+00:00,2991,114618.63,sl,-71.8,0.0,0.0,-71.8,-1.0257142857142856,-697.3999999999942,184.5500000000029,-0.996285714285706,0.2636428571428613,21,6300.0,18.0,137.34571428571508,343.89110739673026,newyork,Tue,19,False
22,BTCUSDm,short,2025-09-30 20:55:00+00:00,2992,114716.31,0.1,114716.31,113716.31,700.0,close_above_upper,0.002419743671372654,0.05,114216.31,0.5,0.05,114234.31,24.1,2999.0,2025-09-30 21:30:00+00:00,True,2025-10-01 04:30:00+00:00,3071,114734.31,be_stop,23.200000000000003,0.0,0.0,23.200000000000003,0.33142857142857146,-78.76000000000931,827.0800000000017,-0.11251428571429901,1.1815428571428597,79,27300.0,18.0,185.93571428571053,355.3424208876148,newyork,Tue,20,False
23,BTCUSDm,short,2025-10-01 08:30:00+00:00,3119,115112.47,0.1,115812.47,114112.47,700.0,close_above_upper,0.30723654572345993,0.1,114612.47,0.5,0.0,0.0,0.0,,,False,2025-10-01 08:45:00+00:00,3122,115830.47,sl,-71.8,0.0,0.0,-71.8,-1.0257142857142856,-623.75,0.0,-0.8910714285714286,0.0,3,900.0,18.0,150.20214285714403,371.2054052034506,london,Wed,8,False
24,BTCUSDm,short,2025-10-01 08:50:00+00:00,3123,116250.97,0.1,116950.97,115250.97,700.0,close_above_upper,2.2954389103311112,0.1,115750.97,0.5,0.0,0.0,0.0,,,False,2025-10-01 14:00:00+00:00,3185,116968.97,sl,-71.8,0.0,0.0,-71.8,-1.0257142857142856,-697.5599999999977,275.8899999999994,-0.9965142857142824,0.3941285714285706,62,18600.0,18.0,239.11071428571555,372.6344297108782,london,Wed,8,False
25,BTCUSDm,short,2025-10-01 14:05:00+00:00,3186,117279.58,0.1,117979.58,116279.58,700.0,close_above_upper,0.522834812194938,0.1,116779.58,0.5,0.0,0.0,0.0,,,False,2025-10-01 16:35:00+00:00,3216,117997.58,sl,-71.8,0.0,0.0,-71.8,-1.0257142857142856,-685.0800000000017,347.4499999999971,-0.9786857142857168,0.4963571428571387,30,9000.0,18.0,183.09142857142848,388.0735076221294,overlap,Wed,14,False
26,BTCUSDm,long,2025-10-01 17:50:00+00:00,3231,117085.24,0.1,117085.24,118085.24,700.0,close_below_lower,0.03123874932421808,0.05,117585.24,0.5,0.05,117585.24,25.0,3253.0,2025-10-01 19:40:00+00:00,True,2025-10-01 22:05:00+00:00,3282,118085.24,tp,75.0,0.0,0.0,75.0,1.0714285714285714,-308.90000000000873,762.1399999999994,-0.44128571428572677,1.0887714285714278,51,15300.0,18.0,205.86357142857327,419.40429242161605,newyork,Wed,17,False
27,BTCUSDm,short,2025-10-01 23:20:00+00:00,3297,118418.15,0.1,119118.15,117418.15,700.0,close_above_upper,0.16906880636680793,0.1,117918.15,0.5,0.0,0.0,0.0,,,False,2025-10-02 00:00:00+00:00,3305,119136.15,sl,-71.8,0.0,0.0,-71.8,-1.0257142857142856,-308.63000000000466,290.66999999999825,-0.4409000000000067,0.41524285714285464,8,2400.0,18.0,153.49428571428663,443.87566994010564,rollover,Wed,23,False
28,BTCUSDm,short,2025-10-02 00:05:00+00:00,3306,119124.71,0.1,119124.71,118124.71,700.0,close_above_upper,0.6778186766369821,0.05,118624.71,0.5,0.05,118642.71,24.1,3313.0,2025-10-02 00:40:00+00:00,True,2025-10-02 03:25:00+00:00,3346,119142.71,be_stop,23.200000000000003,0.0,0.0,23.200000000000003,0.33142857142857146,-431.1499999999942,689.9300000000076,-0.6159285714285632,0.9856142857142965,40,12000.0,18.0,238.08571428571824,457.2829757574274,asian,Thu,0,False
29,BTCUSDm,long,2025-10-02 14:45:00+00:00,3482,119108.05,0.1,119108.05,120108.05,700.0,close_below_lower,0.05292456787464323,0.05,119608.05,0.5,0.05,119608.05,25.0,3490.0,2025-10-02 15:25:00+00:00,True,2025-10-02 16:10:00+00:00,3499,120108.05,tp,75.0,0.0,0.0,75.0,1.0714285714285714,-529.6999999999971,986.9899999999907,-0.7567142857142816,1.409985714285701,17,5100.0,18.0,277.124999999999,435.8008316600125,overlap,Thu,14,False
30,BTCUSDm,short,2025-10-02 16:15:00+00:00,3500,120195.93,0.1,120195.93,119195.93,700.0,close_above_upper,0.12113717345032811,0.05,119695.93,0.5,0.05,119713.93,24.1,3508.0,2025-10-02 16:55:00+00:00,True,2025-10-02 18:00:00+00:00,3521,120213.93,be_stop,23.200000000000003,0.0,0.0,23.200000000000003,0.33142857142857146,-109.19000000000233,765.1999999999971,-0.1559857142857176,1.093142857142853,21,6300.0,18.0,278.51714285714326,456.5208350190902,newyork,Thu,16,False
31,BTCUSDm,short,2025-10-02 19:10:00+00:00,3535,120945.35,0.1,120945.35,119945.35,700.0,close_above_upper,0.25015856879135245,0.05,120445.35,0.5,0.05,120463.35,24.1,3551.0,2025-10-02 20:30:00+00:00,True,2025-10-03 01:50:00+00:00,3615,119963.35,tp,73.2,0.0,0.0,73.2,1.0457142857142858,-176.86999999999534,851.3400000000111,-0.25267142857142194,1.2162000000000157,80,24000.0,18.0,227.44428571428475,477.5285954345819,newyork,Thu,19,False
32,BTCUSDm,short,2025-10-03 14:55:00+00:00,3772,121057.12,0.1,121757.12,120057.12,700.0,close_above_upper,0.15395081990176168,0.1,120557.12,0.5,0.0,0.0,0.0,,,False,2025-10-03 15:30:00+00:00,3779,121775.12,sl,-71.8,0.0,0.0,-71.8,-1.0257142857142856,-560.2799999999988,327.15999999998894,-0.8003999999999983,0.4673714285714128,7,2100.0,18.0,262.855714285715,407.0557344112343,overlap,Fri,14,False
33,BTCUSDm,short,2025-10-03 15:35:00+00:00,3780,121862.41,0.1,122562.41,120862.41,700.0,close_above_upper,0.867622298608497,0.1,121362.41,0.5,0.0,0.0,0.0,,,False,2025-10-03 16:00:00+00:00,3785,122580.41,sl,-71.8,0.0,0.0,-71.8,-1.0257142857142856,-642.0599999999977,154.60000000000582,-0.9172285714285681,0.22085714285715116,5,1500.0,18.0,275.3085714285688,424.5934696162309,overlap,Fri,15,False
34,BTCUSDm,short,2025-10-03 16:05:00+00:00,3786,122842.03,0.1,123542.03,121842.03,700.0,close_above_upper,1.5236261857058397,0.1,122342.03,0.5,0.0,0.0,0.0,,,False,2025-10-03 16:20:00+00:00,3789,123560.03,sl,-71.8,0.0,0.0,-71.8,-1.0257142857142856,-573.9400000000023,184.97000000000116,-0.819914285714289,0.26424285714285883,3,900.0,18.0,322.40714285714057,442.8367468298451,newyork,Fri,16,False
35,BTCUSDm,short,2025-10-03 16:25:00+00:00,3790,123508.34,0.1,123508.34,122508.34,700.0,close_above_upper,1.4393668786986686,0.05,123008.34,0.5,0.05,123026.34,24.1,3795.0,2025-10-03 16:50:00+00:00,True,2025-10-03 17:00:00+00:00,3797,122526.34,tp,73.2,0.0,0.0,73.2,1.0457142857142858,-493.75,907.3899999999994,-0.7053571428571429,1.2962714285714276,7,2100.0,18.0,397.6999999999981,466.5903244165382,newyork,Fri,16,False
36,BTCUSDm,long,2025-10-03 17:05:00+00:00,3798,122222.56,0.1,122222.56,123222.56,700.0,close_below_lower,0.764994199727472,0.05,122722.56,0.5,0.05,122809.45,29.34449999999997,3799.0,2025-10-03 17:10:00+00:00,True,2025-10-03 17:45:00+00:00,3806,122222.56,be_stop,29.34449999999997,0.0,0.0,29.34449999999997,0.41920714285714245,-386.77999999999884,983.4499999999971,-0.5525428571428554,1.4049285714285673,8,2400.0,18.0,486.6242857142861,492.348783595733,newyork,Fri,17,False
37,BTCUSDm,long,2025-10-03 17:50:00+00:00,3807,122282.98,0.1,121582.98,123282.98,700.0,close_below_lower,0.042809314072983884,0.1,122782.98,0.5,0.0,0.0,0.0,,,False,2025-10-03 18:05:00+00:00,3810,121582.98,sl,-70.0,0.0,0.0,-70.0,-1.0,-621.8799999999901,73.07000000000698,-0.8883999999999859,0.10438571428572427,3,900.0,18.0,526.586428571429,485.30887240538004,newyork,Fri,17,False
38,BTCUSDm,short,2025-10-05 02:30:00+00:00,4199,122923.66,0.1,123623.66,121923.66,700.0,close_above_upper,0.0960465939830188,0.1,122423.66,0.5,0.0,0.0,0.0,,,False,2025-10-05 02:35:00+00:00,4200,124202.59,sl,-127.8929999999993,0.0,0.0,-127.8929999999993,-1.8270428571428472,-1364.3199999999924,53.36000000000058,-1.9490285714285607,0.07622857142857226,1,300.0,18.0,93.59642857142795,412.72031924081887,asian,Sun,2,False
39,BTCUSDm,short,2025-10-05 02:40:00+00:00,4201,123875.95,0.1,124575.95,122875.95,700.0,close_above_upper,1.6167508172572782,0.1,123375.95,0.5,0.0,0.0,0.0,,,False,2025-10-05 04:45:00+00:00,4226,124593.95,sl,-71.8,0.0,0.0,-71.8,-1.0257142857142856,-660.6000000000058,495.2899999999936,-0.943714285714294,0.7075571428571337,25,7500.0,18.0,219.10500000000008,425.57390892253756,asian,Sun,2,False
40,BTCUSDm,short,2025-10-05 04:50:00+00:00,4227,125301.42,0.1,125301.42,124301.42,700.0,close_above_upper,1.4690487543657367,0.05,124801.42,0.5,0.05,124819.42,24.1,4258.0,2025-10-05 07:25:00+00:00,True,2025-10-05 09:20:00+00:00,4281,124319.42,tp,73.2,0.0,0.0,73.2,1.0457142857142858,-380.7299999999959,958.8999999999942,-0.5438999999999942,1.3698571428571344,54,16200.0,18.0,282.0799999999986,452.88701732682625,asian,Sun,4,False
41,BTCUSDm,long,2025-10-05 09:30:00+00:00,4283,124045.71,0.1,123345.71,125045.71,700.0,close_below_lower,0.14658820498982095,0.1,124545.71,0.5,0.0,0.0,0.0,,,False,2025-10-05 09:35:00+00:00,4284,123345.71,sl,-70.0,0.0,0.0,-70.0,-1.0,-902.1399999999994,5.509999999994761,-1.2887714285714278,0.007871428571421087,1,300.0,18.0,172.2092857142873,455.7715530257236,london,Sun,9,False
42,BTCUSDm,long,2025-10-05 09:40:00+00:00,4285,123352.97,0.1,122652.97,124352.97,700.0,close_below_lower,1.1652094270073068,0.1,123852.97,0.5,0.0,0.0,0.0,,,False,2025-10-05 10:00:00+00:00,4289,122652.97,sl,-70.0,0.0,0.0,-70.0,-1.0,-580.9300000000076,0.0,-0.8299000000000109,0.0,4,1200.0,18.0,252.47928571428616,457.8600404414191,london,Sun,9,False
43,BTCUSDm,long,2025-10-05 10:05:00+00:00,4290,122711.52,0.1,122711.52,123711.52,700.0,close_below_lower,1.1531501519797995,0.05,123211.52,0.5,0.05,123211.52,25.0,4301.0,2025-10-05 11:00:00+00:00,True,2025-10-05 15:35:00+00:00,4356,122711.52,be_stop,25.0,0.0,0.0,25.0,0.35714285714285715,-189.15000000000873,857.679999999993,-0.2702142857142982,1.2252571428571328,66,19800.0,18.0,352.2450000000016,452.17695364065116,london,Sun,10,False
44,BTCUSDm,short,2025-10-05 22:25:00+00:00,4438,123281.67,0.1,123981.67,122281.67,700.0,close_above_upper,0.003059240770220681,0.1,122781.67,0.5,0.0,0.0,0.0,,,False,2025-10-06 00:15:00+00:00,4460,123999.67,sl,-71.8,0.0,0.0,-71.8,-1.0257142857142856,-282.38000000000466,211.13999999999942,-0.40340000000000664,0.3016285714285706,22,6600.0,18.0,135.4728571428568,398.5505849873797,rollover,Sun,22,False
45,BTCUSDm,short,2025-10-06 00:20:00+00:00,4461,124387.97,0.1,124387.97,123387.97,700.0,close_above_upper,0.991220351677104,0.05,123887.97,0.5,0.05,123905.97,24.1,4462.0,2025-10-06 00:25:00+00:00,True,2025-10-06 00:50:00+00:00,4467,123405.97,tp,73.2,0.0,0.0,73.2,1.0457142857142858,-37.36999999999534,895.2100000000064,-0.05338571428570763,1.2788714285714378,6,1800.0,18.0,158.00285714285772,410.65976777241974,asian,Mon,0,False
46,BTCUSDm,long,2025-10-06 00:55:00+00:00,4468,123231.16,0.1,123231.16,124231.16,700.0,close_below_lower,0.03122191404849176,0.05,123731.16,0.5,0.05,123731.16,25.0,4473.0,2025-10-06 01:20:00+00:00,True,2025-10-06 01:35:00+00:00,4476,124231.16,tp,75.0,0.0,0.0,75.0,1.0714285714285714,-126.16000000000349,950.1299999999901,-0.18022857142857643,1.3573285714285572,8,2400.0,18.0,309.4257142857147,415.97371957506437,asian,Mon,0,False
47,BTCUSDm,short,2025-10-06 14:10:00+00:00,4627,125347.92,0.1,125347.92,124347.92,700.0,close_above_upper,0.07181974057372524,0.05,124847.92,0.5,0.05,124865.92,24.1,4629.0,2025-10-06 14:20:00+00:00,True,2025-10-06 15:20:00+00:00,4641,125365.92,be_stop,23.200000000000003,0.0,0.0,23.200000000000003,0.33142857142857146,-54.94000000000233,945.1199999999953,-0.07848571428571761,1.350171428571422,14,4200.0,18.0,298.3207142857136,466.0585255080025,overlap,Mon,14,False
48,BTCUSDm,short,2025-10-06 18:55:00+00:00,4684,125995.78,0.1,125995.78,124995.78,700.0,close_above_upper,0.025312061492168084,0.05,125495.78,0.5,0.05,125513.78,24.1,4688.0,2025-10-06 19:15:00+00:00,True,2025-10-06 21:15:00+00:00,4712,125013.78,tp,73.2,0.0,0.0,73.2,1.0457142857142858,-307.8099999999977,911.5200000000041,-0.4397285714285681,1.3021714285714343,28,8400.0,18.0,188.70357142857185,499.92805149157755,newyork,Mon,18,False
49,BTCUSDm,long,2025-10-07 06:30:00+00:00,4823,123977.61,0.1,123977.61,124977.61,700.0,close_below_lower,0.07746499341506037,0.05,124477.61,0.5,0.05,124477.61,25.0,4869.0,2025-10-07 10:20:00+00:00,True,2025-10-07 12:45:00+00:00,4898,124977.61,tp,75.0,0.0,0.0,75.0,1.0714285714285714,-594.1399999999994,723.6399999999994,-0.8487714285714277,1.0337714285714277,75,22500.0,18.0,139.84142857143368,394.8216057807843,asian,Tue,6,False
50,BTCUSDm,long,2025-10-07 13:45:00+00:00,4910,123900.8,0.1,123200.8,124900.8,700.0,close_below_lower,0.9310501433240865,0.1,124400.8,0.5,0.0,0.0,0.0,,,False,2025-10-07 14:05:00+00:00,4914,123200.8,sl,-70.0,0.0,0.0,-70.0,-1.0,-456.77999999999884,199.9100000000035,-0.6525428571428554,0.28558571428571927,4,1200.0,18.0,257.77928571428595,418.82259629883055,overlap,Tue,13,False
51,BTCUSDm,long,2025-10-07 14:10:00+00:00,4915,123193.6,0.1,122493.6,124193.6,700.0,close_below_lower,1.2251489031685474,0.1,123693.6,0.5,0.0,0.0,0.0,,,False,2025-10-07 15:05:00+00:00,4926,122493.6,sl,-70.0,0.0,0.0,-70.0,-1.0,-548.0900000000111,229.5,-0.78298571428573,0.32785714285714285,11,3300.0,18.0,352.9771428571424,440.88383439400206,overlap,Tue,14,False
52,BTCUSDm,long,2025-10-07 15:10:00+00:00,4927,121899.68,0.1,121899.68,122899.68,700.0,close_below_lower,1.1957388289368476,0.05,122399.68,0.5,0.05,122399.68,25.0,4928.0,2025-10-07 15:15:00+00:00,True,2025-10-07 15:35:00+00:00,4932,121899.68,be_stop,25.0,0.0,0.0,25.0,0.35714285714285715,-106.05999999999767,581.2600000000093,-0.15151428571428238,0.8303714285714419,5,1500.0,18.0,389.78428571428645,475.59448066081603,overlap,Tue,15,False
53,BTCUSDm,long,2025-10-07 15:40:00+00:00,4933,121633.7,0.1,120933.7,122633.7,700.0,close_below_lower,0.5981511231954383,0.1,122133.7,0.5,0.0,0.0,0.0,,,False,2025-10-07 16:25:00+00:00,4942,120933.7,sl,-70.0,0.0,0.0,-70.0,-1.0,-651.0299999999988,368.6100000000006,-0.9300428571428555,0.5265857142857151,9,2700.0,18.0,386.3928571428561,493.23802710765705,overlap,Tue,15,False
54,BTCUSDm,short,2025-10-07 19:10:00+00:00,4975,121585.71,0.1,122285.71,120585.71,700.0,close_above_upper,0.03017134937581452,0.1,121085.71,0.5,0.0,0.0,0.0,,,False,2025-10-07 21:25:00+00:00,5002,122303.71,sl,-71.8,0.0,0.0,-71.8,-1.0257142857142856,-675.8799999999901,307.59000000001106,-0.965542857142843,0.4394142857143015,27,8100.0,18.0,265.2849999999983,510.67683380065256,newyork,Tue,19,False
55,BTCUSDm,short,2025-10-08 08:35:00+00:00,5136,122418.79,0.1,123118.79,121418.79,700.0,close_above_upper,0.1752680127975167,0.1,121918.79,0.5,0.0,0.0,0.0,,,False,2025-10-08 10:40:00+00:00,5161,123136.79,sl,-71.8,0.0,0.0,-71.8,-1.0257142857142856,-635.2200000000012,51.939999999987776,-0.9074571428571445,0.07419999999998254,25,7500.0,18.0,215.23285714285572,543.0229838374469,london,Wed,8,False
56,BTCUSDm,long,2025-10-08 13:45:00+00:00,5198,121961.02,0.1,121961.02,122961.02,700.0,close_below_lower,0.15252031005321476,0.05,122461.02,0.5,0.05,122461.02,25.0,5200.0,2025-10-08 13:55:00+00:00,True,2025-10-08 14:00:00+00:00,5201,122961.02,tp,75.0,0.0,0.0,75.0,1.0714285714285714,-269.2600000000093,743.929999999993,-0.3846571428571562,1.062757142857133,3,900.0,18.0,227.182857142857,539.6741542719727,overlap,Wed,13,False
57,BTCUSDm,short,2025-10-08 14:05:00+00:00,5202,123106.83,0.1,123106.83,122106.83,700.0,close_above_upper,0.05363842860123694,0.05,122606.83,0.5,0.05,122624.83,24.1,5206.0,2025-10-08 14:25:00+00:00,True,2025-10-08 15:45:00+00:00,5222,122124.83,tp,73.2,0.0,0.0,73.2,1.0457142857142858,-105.69999999999709,976.9499999999971,-0.15099999999999583,1.395642857142853,20,6000.0,18.0,338.95571428571463,542.7933602828709,overlap,Wed,14,False
58,BTCUSDm,short,2025-10-08 17:15:00+00:00,5240,123700.18,0.1,123700.18,122700.18,700.0,close_above_upper,0.37215184304291427,0.05,123200.18,0.5,0.05,123218.18,24.1,5264.0,2025-10-08 19:15:00+00:00,True,2025-10-08 19:30:00+00:00,5267,123718.18,be_stop,23.200000000000003,0.0,0.0,23.200000000000003,0.33142857142857146,-546.0600000000122,533.7399999999907,-0.7800857142857317,0.762485714285701,27,8100.0,18.0,227.62142857142524,560.4439425918761,newyork,Wed,17,False
59,BTCUSDm,long,2025-10-09 08:30:00+00:00,5423,121250.41,0.1,121250.41,122250.41,700.0,close_below_lower,0.0453562794498945,0.05,121750.41,0.5,0.05,121750.41,25.0,5433.0,2025-10-09 09:20:00+00:00,True,2025-10-09 10:40:00+00:00,5449,122250.41,tp,75.0,0.0,0.0,75.0,1.0714285714285714,-91.88999999999942,923.1199999999953,-0.13127142857142773,1.3187428571428506,26,7800.0,18.0,160.11714285714282,541.3775406725996,london,Thu,8,False
60,BTCUSDm,short,2025-10-09 11:25:00+00:00,5458,122740.55,0.1,123440.55,121740.55,700.0,close_above_upper,0.005941132380902095,0.1,122240.55,0.5,0.0,0.0,0.0,,,False,2025-10-09 12:35:00+00:00,5472,123458.55,sl,-71.8,0.0,0.0,-71.8,-1.0257142857142856,-443.9799999999959,120.66999999999825,-0.6342571428571371,0.17238571428571178,14,4200.0,18.0,174.816428571426,509.3905211417966,london,Thu,11,False
61,BTCUSDm,long,2025-10-09 13:45:00+00:00,5486,122825.53,0.1,122125.53,123825.53,700.0,close_below_lower,0.0024146940327515257,0.1,123325.53,0.5,0.0,0.0,0.0,,,False,2025-10-09 14:00:00+00:00,5489,122125.53,sl,-70.0,0.0,0.0,-70.0,-1.0,-511.1399999999994,312.3899999999994,-0.7301999999999992,0.44627142857142776,3,900.0,18.0,290.9121428571411,509.16635539185927,overlap,Thu,13,False
62,BTCUSDm,long,2025-10-09 14:05:00+00:00,5490,122237.65,0.1,121537.65,123237.65,700.0,close_below_lower,0.6235922343237975,0.1,122737.65,0.5,0.0,0.0,0.0,,,False,2025-10-09 14:30:00+00:00,5495,121537.65,sl,-70.0,0.0,0.0,-70.0,-1.0,-674.7299999999959,404.2700000000041,-0.9638999999999942,0.5775285714285773,5,1500.0,18.0,315.78142857142876,513.0040511076318,overlap,Thu,14,False
63,BTCUSDm,long,2025-10-09 14:35:00+00:00,5496,121557.09,0.1,120857.09,122557.09,700.0,close_below_lower,0.6441144639666795,0.1,122057.09,0.5,0.0,0.0,0.0,,,False,2025-10-09 14:45:00+00:00,5498,120857.09,sl,-70.0,0.0,0.0,-70.0,-1.0,-275.09999999999127,319.58000000000175,-0.3929999999999875,0.45654285714285964,2,600.0,18.0,428.1485714285726,530.0971073881366,overlap,Thu,14,False
64,BTCUSDm,long,2025-10-09 14:50:00+00:00,5499,121125.65,0.1,121125.65,122125.65,700.0,close_below_lower,0.6605749643508995,0.05,121625.65,0.5,0.05,121625.65,25.0,5501.0,2025-10-09 15:00:00+00:00,True,2025-10-09 15:20:00+00:00,5505,121125.65,be_stop,25.0,0.0,0.0,25.0,0.35714285714285715,-85.27999999999884,655.8400000000111,-0.12182857142856976,0.9369142857143015,6,1800.0,18.0,487.91000000000037,543.6101375275747,overlap,Thu,14,False
65,BTCUSDm,long,2025-10-09 16:55:00+00:00,5524,120377.85,0.1,120377.85,121377.85,700.0,close_below_lower,0.2628892010184638,0.05,120877.85,0.5,0.05,120877.85,25.0,5536.0,2025-10-09 17:55:00+00:00,True,2025-10-09 21:10:00+00:00,5575,121377.85,tp,75.0,0.0,0.0,75.0,1.0714285714285714,-668.7100000000064,898.3799999999901,-0.9553000000000091,1.2833999999999859,51,15300.0,18.0,297.26857142857,568.5750893128481,newyork,Thu,16,False
66,BTCUSDm,short,2025-10-10 13:40:00+00:00,5773,122470.1,0.1,122470.1,121470.1,700.0,close_above_upper,0.18154346230008922,0.05,121970.1,0.5,0.05,121988.1,24.1,5774.0,2025-10-10 13:45:00+00:00,True,2025-10-10 13:50:00+00:00,5775,121488.1,tp,73.2,0.0,0.0,73.2,1.0457142857142858,-92.77999999999884,696.7100000000064,-0.1325428571428555,0.9953000000000092,2,600.0,18.0,200.91357142857098,504.4742129674486,overlap,Fri,13,False
67,BTCUSDm,long,2025-10-10 14:20:00+00:00,5781,121312.46,0.1,120612.46,122312.46,700.0,close_below_lower,0.05197024441535334,0.1,121812.46,0.5,0.0,0.0,0.0,,,False,2025-10-10 14:55:00+00:00,5788,120612.46,sl,-70.0,0.0,0.0,-70.0,-1.0,-145.02000000000407,194.89999999999418,-0.2071714285714344,0.2784285714285631,7,2100.0,18.0,353.885000000001,511.8910666836601,overlap,Fri,14,False
68,BTCUSDm,long,2025-10-10 15:00:00+00:00,5789,120543.48,0.1,119843.48,121543.48,700.0,close_below_lower,0.7201022294655681,0.1,121043.48,0.5,0.0,0.0,0.0,,,False,2025-10-10 15:20:00+00:00,5793,119843.48,sl,-70.0,0.0,0.0,-70.0,-1.0,-667.3399999999965,127.94999999999709,-0.9533428571428522,0.18278571428571014,4,1200.0,18.0,346.2350000000006,518.0535829508026,overlap,Fri,15,False
69,BTCUSDm,long,2025-10-10 15:25:00+00:00,5794,119421.38,0.1,118721.38,120421.38,700.0,close_below_lower,1.4145234148199939,0.1,119921.38,0.5,0.0,0.0,0.0,,,False,2025-10-10 15:30:00+00:00,5795,118721.38,sl,-70.0,0.0,0.0,-70.0,-1.0,-162.25,346.9799999999959,-0.2317857142857143,0.49568571428570846,1,300.0,18.0,428.75214285714173,546.1720581540588,overlap,Fri,15,False
70,BTCUSDm,long,2025-10-10 15:35:00+00:00,5796,118707.88,0.1,118707.88,119707.88,700.0,close_below_lower,1.9032982267876248,0.05,119207.88,0.5,0.05,119242.41,26.726499999999945,5797.0,2025-10-10 15:40:00+00:00,True,2025-10-10 16:00:00+00:00,5801,118707.88,be_stop,26.726499999999945,0.0,0.0,26.726499999999945,0.38180714285714207,-31.79000000000815,913.4400000000023,-0.045414285714297356,1.304914285714289,5,1500.0,18.0,458.8435714285692,563.3719720288553,overlap,Fri,15,False
71,BTCUSDm,long,2025-10-10 16:05:00+00:00,5802,118869.68,0.1,118869.68,119869.68,700.0,close_below_lower,0.21564862519666456,0.05,119369.68,0.5,0.05,119369.68,25.0,5807.0,2025-10-10 16:30:00+00:00,True,2025-10-10 16:40:00+00:00,5809,118869.68,be_stop,25.0,0.0,0.0,25.0,0.35714285714285715,-272.3099999999977,625.9800000000105,-0.38901428571428237,0.8942571428571578,7,2100.0,18.0,596.5742857142842,583.8940052489411,newyork,Fri,16,False
72,BTCUSDm,long,2025-10-10 17:00:00+00:00,5813,118250.03,0.1,117550.03,119250.03,700.0,close_below_lower,0.1928728330106873,0.1,118750.03,0.5,0.0,0.0,0.0,,,False,2025-10-10 18:00:00+00:00,5825,117550.03,sl,-70.0,0.0,0.0,-70.0,-1.0,-671.7799999999988,214.13000000000466,-0.9596857142857126,0.30590000000000667,12,3600.0,18.0,375.5507142857147,601.6471723710109,newyork,Fri,17,False
73,BTCUSDm,long,2025-10-10 19:20:00+00:00,5841,116605.25,0.1,116605.25,117605.25,700.0,close_below_lower,0.11845066099212917,0.05,117105.25,0.5,0.05,117105.25,25.0,5846.0,2025-10-10 19:45:00+00:00,True,2025-10-10 19:55:00+00:00,5848,116605.25,be_stop,25.0,0.0,0.0,25.0,0.35714285714285715,-660.2899999999936,515.429999999993,-0.9432714285714194,0.7363285714285615,7,2100.0,18.0,239.62285714285827,631.876902651087,newyork,Fri,19,False
74,BTCUSDm,long,2025-10-10 20:55:00+00:00,5860,115440.93,0.1,114740.93,116440.93,700.0,close_below_lower,1.0779236937229204,0.1,115940.93,0.5,0.0,0.0,0.0,,,False,2025-10-10 21:00:00+00:00,5861,114282.36,sl,-115.85699999999925,0.0,0.0,-115.85699999999925,-1.6550999999999891,-2545.829999999987,117.0,-3.6368999999999816,0.16714285714285715,1,300.0,18.0,388.7857142857153,637.3329234214034,newyork,Fri,20,False
75,BTCUSDm,long,2025-10-10 21:05:00+00:00,5862,115110.47,0.1,114410.47,116110.47,700.0,close_below_lower,0.9087139836112731,0.1,115610.47,0.5,0.0,0.0,0.0,,,False,2025-10-10 21:10:00+00:00,5863,114410.47,sl,-70.0,0.0,0.0,-70.0,-1.0,-708.570000000007,37.39999999999418,-1.0122428571428672,0.05342857142856312,1,300.0,18.0,596.5800000000007,657.0241214624657,rollover,Fri,21,False
76,BTCUSDm,long,2025-10-10 21:15:00+00:00,5864,112355.82,0.1,111655.82,113355.82,700.0,close_below_lower,3.933779431707277,0.1,112855.82,0.5,0.0,0.0,0.0,,,False,2025-10-10 21:20:00+00:00,5865,105098.72,sl,-725.7100000000006,0.0,0.0,-725.7100000000006,-10.367285714285723,-8262.340000000011,339.9899999999907,-11.803342857142873,0.4856999999999867,1,300.0,18.0,954.9342857142858,685.6807791707035,rollover,Fri,21,False
77,BTCUSDm,long,2025-10-10 21:25:00+00:00,5866,109734.41,0.1,109734.41,110734.41,700.0,close_below_lower,4.631382447808111,0.05,110234.41,0.5,0.05,110234.41,25.0,5867.0,2025-10-10 21:30:00+00:00,True,2025-10-10 21:30:00+00:00,5867,110734.41,tp,75.0,0.0,0.0,75.0,1.0714285714285714,-3188.1699999999983,649.0699999999924,-4.554528571428569,0.9272428571428464,1,300.0,18.0,2049.222857142859,766.7248118925518,rollover,Fri,21,False
78,BTCUSDm,short,2025-10-10 21:50:00+00:00,5871,113765.28,0.1,113765.28,112765.28,700.0,close_above_upper,0.29652738076112756,0.05,113265.28,0.5,0.05,113283.28,24.1,5872.0,2025-10-10 21:55:00+00:00,True,2025-10-10 22:00:00+00:00,5873,113863.44,be_stop,19.191999999999826,0.0,0.0,19.191999999999826,0.27417142857142607,-542.5099999999948,1308.7200000000012,-0.7750142857142782,1.8696000000000017,2,600.0,18.0,2923.6892857142852,801.5454655235887,rollover,Fri,21,False
79,BTCUSDm,short,2025-10-10 22:05:00+00:00,5874,113704.0,0.1,113704.0,112704.0,700.0,close_above_upper,0.0957800486204227,0.05,113204.0,0.5,0.05,113304.0,20.0,5875.0,2025-10-10 22:10:00+00:00,True,2025-10-10 22:15:00+00:00,5876,114193.09,be_stop,-4.454499999999825,0.0,0.0,-4.454499999999825,-0.0636357142857118,-338.179999999993,1805.270000000004,-0.4831142857142757,2.5789571428571487,2,600.0,20.0,3005.8235714285724,816.5312962945954,rollover,Fri,22,False
80,BTCUSDm,short,2025-10-10 22:50:00+00:00,5883,114274.75,0.1,114274.75,113274.75,700.0,close_above_upper,0.08190835487789502,0.05,113774.75,0.5,0.05,113801.75,23.650000000000002,5884.0,2025-10-10 22:55:00+00:00,True,2025-10-10 23:05:00+00:00,5886,113301.75,tp,72.30000000000001,0.0,0.0,72.30000000000001,1.032857142857143,-69.08999999999651,599.3000000000029,-0.09869999999999501,0.8561428571428613,3,900.0,27.0,1208.3314285714296,841.7573266340389,rollover,Fri,22,False
81,BTCUSDm,short,2025-10-10 23:45:00+00:00,5894,114698.03,0.1,114698.03,113698.03,700.0,close_above_upper,0.014532701188000255,0.05,114198.03,0.5,0.05,113704.75,49.663999999999945,5895.0,2025-10-10 23:50:00+00:00,True,2025-10-10 23:50:00+00:00,5895,113704.75,tp,99.32799999999989,0.0,0.0,99.32799999999989,1.418971428571427,-4.1600000000034925,1070.4400000000023,-0.005942857142862132,1.5292000000000032,1,300.0,27.0,550.4242857142859,862.2604076723501,rollover,Fri,23,False
82,BTCUSDm,long,2025-10-11 00:15:00+00:00,5900,112566.73,0.1,112566.73,113566.73,700.0,close_below_lower,0.02568765104018729,0.05,113066.73,0.5,0.05,113066.73,25.0,5906.0,2025-10-11 00:45:00+00:00,True,2025-10-11 01:00:00+00:00,5909,112566.73,be_stop,25.0,0.0,0.0,25.0,0.35714285714285715,-796.8199999999924,761.8400000000111,-1.138314285714275,1.088342857142873,9,2700.0,27.0,580.047142857142,881.9285824662334,asian,Sat,0,False
83,BTCUSDm,long,2025-10-11 01:25:00+00:00,5914,111489.48,0.1,111489.48,112489.48,700.0,close_below_lower,0.003661533776070733,0.05,111989.48,0.5,0.05,111989.48,25.0,5916.0,2025-10-11 01:35:00+00:00,True,2025-10-11 01:40:00+00:00,5917,111489.48,be_stop,25.0,0.0,0.0,25.0,0.35714285714285715,-181.25999999999476,632.7799999999988,-0.25894285714284965,0.9039714285714269,3,900.0,27.0,451.75214285714384,918.5672849607939,asian,Sat,1,False
84,BTCUSDm,short,2025-10-11 02:45:00+00:00,5930,113271.68,0.1,113271.68,112271.68,700.0,close_above_upper,0.1802267786090944,0.05,112771.68,0.5,0.05,112798.68,23.650000000000002,5934.0,2025-10-11 03:05:00+00:00,True,2025-10-11 03:10:00+00:00,5935,112298.68,tp,72.30000000000001,0.0,0.0,72.30000000000001,1.032857142857143,-179.0300000000134,876.7199999999866,-0.255757142857162,1.2524571428571238,5,1500.0,27.0,459.64642857142775,947.7410263973546,asian,Sat,2,False
85,BTCUSDm,short,2025-10-12 14:55:00+00:00,6364,112981.53,0.1,112981.53,111981.53,700.0,close_above_upper,0.5453502593172529,0.05,112481.53,0.5,0.05,112411.13,28.519999999999712,6365.0,2025-10-12 15:00:00+00:00,True,2025-10-12 15:05:00+00:00,6366,112999.53,be_stop,27.619999999999713,0.0,0.0,27.619999999999713,0.39457142857142447,-20.970000000001164,1008.8500000000058,-0.02995714285714452,1.441214285714294,2,600.0,18.0,322.3378571428569,852.1680105545908,overlap,Sun,14,False
86,BTCUSDm,short,2025-10-12 15:10:00+00:00,6367,112924.33,0.1,113624.33,111924.33,700.0,close_above_upper,0.21584558493011832,0.1,112424.33,0.5,0.0,0.0,0.0,,,False,2025-10-12 15:15:00+00:00,6368,113642.33,sl,-71.8,0.0,0.0,-71.8,-1.0257142857142856,-342.3899999999994,200.77999999999884,-0.4891285714285706,0.28682857142856977,1,300.0,18.0,436.99214285714487,764.1655871348181,overlap,Sun,15,False
87,BTCUSDm,short,2025-10-12 15:20:00+00:00,6369,113711.17,0.1,113711.17,112711.17,700.0,close_above_upper,0.7727652663759516,0.05,113211.17,0.5,0.05,113229.17,24.1,6370.0,2025-10-12 15:25:00+00:00,True,2025-10-12 15:30:00+00:00,6371,112729.17,tp,73.2,0.0,0.0,73.2,1.0457142857142858,-45.770000000004075,778.2799999999988,-0.06538571428572011,1.1118285714285698,2,600.0,18.0,504.93642857142964,774.6418349698286,overlap,Sun,15,False
88,BTCUSDm,short,2025-10-12 16:05:00+00:00,6378,113938.58,0.1,114638.58,112938.58,700.0,close_above_upper,0.16836574757643968,0.1,113438.58,0.5,0.0,0.0,0.0,,,False,2025-10-12 16:45:00+00:00,6386,114656.58,sl,-71.8,0.0,0.0,-71.8,-1.0257142857142856,-437.5899999999965,498.320000000007,-0.6251285714285665,0.7118857142857242,8,2400.0,18.0,562.0628571428585,755.1525826658485,newyork,Sun,16,False
89,BTCUSDm,short,2025-10-12 20:30:00+00:00,6431,115304.87,0.1,115304.87,114304.87,700.0,close_above_upper,0.05688420251243785,0.05,114804.87,0.5,0.05,114822.87,24.1,6438.0,2025-10-12 21:05:00+00:00,True,2025-10-12 21:10:00+00:00,6439,115322.87,be_stop,23.200000000000003,0.0,0.0,23.200000000000003,0.33142857142857146,-239.30999999999767,574.4400000000023,-0.3418714285714252,0.8206285714285747,8,2400.0,18.0,207.54642857142713,680.4936107260407,newyork,Sun,20,False
90,BTCUSDm,long,2025-10-13 11:30:00+00:00,6611,113775.75,0.1,113775.75,114775.75,700.0,close_below_lower,0.45955550024319275,0.05,114275.75,0.5,0.05,114275.75,25.0,6612.0,2025-10-13 11:35:00+00:00,True,2025-10-13 12:45:00+00:00,6626,114775.75,tp,75.0,0.0,0.0,75.0,1.0714285714285714,-29.669999999998254,978.8800000000047,-0.04238571428571179,1.3984000000000067,15,4500.0,18.0,241.1435714285721,614.4525639967192,london,Mon,11,False
91,BTCUSDm,short,2025-10-13 13:35:00+00:00,6636,115238.61,0.1,115238.61,114238.61,700.0,close_above_upper,0.12029716596566163,0.05,114738.61,0.5,0.05,114756.61,24.1,6637.0,2025-10-13 13:40:00+00:00,True,2025-10-13 13:50:00+00:00,6639,115256.61,be_stop,23.200000000000003,0.0,0.0,23.200000000000003,0.33142857142857146,-2.7299999999959255,623.3099999999977,-0.0038999999999941794,0.8904428571428539,3,900.0,18.0,329.35928571428354,613.0385778590958,overlap,Mon,13,False
92,BTCUSDm,short,2025-10-13 14:00:00+00:00,6641,115432.0,0.1,115432.0,114432.0,700.0,close_above_upper,0.017749868453425757,0.05,114932.0,0.5,0.05,114950.0,24.1,6645.0,2025-10-13 14:20:00+00:00,True,2025-10-13 14:20:00+00:00,6645,114450.0,tp,73.2,0.0,0.0,73.2,1.0457142857142858,-138.4100000000035,485.1600000000035,-0.19772857142857642,0.6930857142857193,4,1200.0,18.0,428.9164285714287,615.0773442804536,overlap,Mon,14,False
93,BTCUSDm,long,2025-10-13 14:55:00+00:00,6652,114089.19,0.1,114089.19,115089.19,700.0,close_below_lower,0.06717812879323673,0.05,114589.19,0.5,0.05,114589.19,25.0,6655.0,2025-10-13 15:10:00+00:00,True,2025-10-13 16:05:00+00:00,6666,115089.19,tp,75.0,0.0,0.0,75.0,1.0714285714285714,-210.25,750.1100000000006,-0.3003571428571429,1.071585714285715,14,4200.0,18.0,419.9492857142863,608.4561277331766,overlap,Mon,14,False
94,BTCUSDm,long,2025-10-14 03:05:00+00:00,6798,113393.7,0.1,112693.7,114393.7,700.0,close_below_lower,0.04633913387395971,0.1,113893.7,0.5,0.0,0.0,0.0,,,False,2025-10-14 05:35:00+00:00,6828,112693.7,sl,-70.0,0.0,0.0,-70.0,-1.0,-601.7200000000012,379.9799999999959,-0.8596000000000017,0.5428285714285656,30,9000.0,18.0,189.5721428571404,594.2117832784585,asian,Tue,3,False
95,BTCUSDm,long,2025-10-14 10:20:00+00:00,6885,110703.53,0.1,110703.53,111703.53,700.0,close_below_lower,0.24587614365958957,0.05,111203.53,0.5,0.05,111203.53,25.0,6894.0,2025-10-14 11:05:00+00:00,True,2025-10-14 11:30:00+00:00,6899,111703.53,tp,75.0,0.0,0.0,75.0,1.0714285714285714,-589.6600000000035,999.0099999999948,-0.8423714285714335,1.4271571428571355,14,4200.0,18.0,250.47214285714395,585.9467743743724,london,Tue,10,False
96,BTCUSDm,short,2025-10-14 14:15:00+00:00,6932,111746.62,0.1,111746.62,110746.62,700.0,close_above_upper,0.2622297678903735,0.05,111246.62,0.5,0.05,111264.62,24.1,6943.0,2025-10-14 15:10:00+00:00,True,2025-10-14 15:30:00+00:00,6947,111764.62,be_stop,23.200000000000003,0.0,0.0,23.200000000000003,0.33142857142857146,-560.7200000000012,632.5399999999936,-0.8010285714285731,0.9036285714285622,15,4500.0,18.0,417.44642857143066,598.1579776779406,overlap,Tue,14,False
97,BTCUSDm,short,2025-10-14 15:50:00+00:00,6951,112347.42,0.1,113047.42,111347.42,700.0,close_above_upper,0.0688545707294475,0.1,111847.42,0.5,0.0,0.0,0.0,,,False,2025-10-14 16:20:00+00:00,6957,113065.42,sl,-71.8,0.0,0.0,-71.8,-1.0257142857142856,-631.6199999999953,59.330000000001746,-0.9023142857142791,0.08475714285714535,6,1800.0,18.0,350.97999999999905,608.5193305358422,overlap,Tue,15,False
98,BTCUSDm,long,2025-10-14 19:45:00+00:00,6998,112195.69,0.1,112195.69,113195.69,700.0,close_below_lower,0.4299896248143793,0.05,112695.69,0.5,0.05,112695.69,25.0,6999.0,2025-10-14 19:50:00+00:00,True,2025-10-14 21:40:00+00:00,7021,113195.69,tp,75.0,0.0,0.0,75.0,1.0714285714285714,-107.72999999999593,894.8499999999913,-0.15389999999999418,1.2783571428571303,23,6900.0,18.0,334.2164285714316,636.4475431219205,newyork,Tue,19,False
99,BTCUSDm,short,2025-10-15 02:30:00+00:00,7079,113598.99,0.1,113598.99,112598.99,700.0,close_above_upper,0.08049952690447532,0.05,113098.99,0.5,0.05,113116.99,24.1,7080.0,2025-10-15 02:35:00+00:00,True,2025-10-15 03:05:00+00:00,7086,112616.99,tp,73.2,0.0,0.0,73.2,1.0457142857142858,-66.48999999999069,989.2900000000081,-0.09498571428570098,1.4132714285714403,7,2100.0,18.0,220.18928571428737,649.3896879465838,asian,Wed,2,False
100,BTCUSDm,long,2025-10-15 20:35:00+00:00,7296,110616.29,0.1,110616.29,111616.29,700.0,close_below_lower,0.0640338149146639,0.05,111116.29,0.5,0.05,111203.2,29.345500000000175,7297.0,2025-10-15 20:40:00+00:00,True,2025-10-15 21:10:00+00:00,7303,110616.29,be_stop,29.345500000000175,0.0,0.0,29.345500000000175,0.4192214285714311,-18.0,880.6399999999994,-0.025714285714285714,1.258057142857142,7,2100.0,18.0,214.44785714285848,670.2679483135084,newyork,Wed,20,False
101,BTCUSDm,long,2025-10-16 09:35:00+00:00,7452,109593.0,0.1,109593.0,110593.0,700.0,close_below_lower,0.9029202382351819,0.05,110093.0,0.5,0.05,110093.0,25.0,7453.0,2025-10-16 09:40:00+00:00,True,2025-10-16 09:40:00+00:00,7453,110593.0,tp,75.0,0.0,0.0,75.0,1.0714285714285714,-65.41999999999825,444.72000000000116,-0.09345714285714037,0.6353142857142874,1,300.0,18.0,237.3342857142821,581.7386532247658,london,Thu,9,False
102,BTCUSDm,short,2025-10-16 09:45:00+00:00,7454,111255.95,0.1,111955.95,110255.95,700.0,close_above_upper,0.037124822757859825,0.1,110755.95,0.5,0.0,0.0,0.0,,,False,2025-10-16 12:00:00+00:00,7481,111973.95,sl,-71.8,0.0,0.0,-71.8,-1.0257142857142856,-503.4400000000023,232.66999999999825,-0.7192000000000033,0.3323857142857118,27,8100.0,18.0,384.12857142856745,580.2462485960058,london,Thu,9,False
103,BTCUSDm,long,2025-10-16 14:10:00+00:00,7507,110464.88,0.1,109764.88,111464.88,700.0,close_below_lower,0.16049179084702123,0.1,110964.88,0.5,0.0,0.0,0.0,,,False,2025-10-16 14:20:00+00:00,7509,109764.88,sl,-70.0,0.0,0.0,-70.0,-1.0,-668.25,55.979999999995925,-0.9546428571428571,0.07997142857142275,2,600.0,18.0,291.47142857142796,574.6587752216944,overlap,Thu,14,False
104,BTCUSDm,short,2025-10-16 14:45:00+00:00,7514,111388.54,0.1,111388.54,110388.54,700.0,close_above_upper,0.12693590932844231,0.05,110888.54,0.5,0.05,110906.54,24.1,7515.0,2025-10-16 14:50:00+00:00,True,2025-10-16 15:00:00+00:00,7517,110406.54,tp,73.2,0.0,0.0,73.2,1.0457142857142858,-68.02000000000407,865.9399999999878,-0.09717142857143439,1.2370571428571253,3,900.0,18.0,414.3650000000021,591.4785308894159,overlap,Thu,14,False
105,BTCUSDm,long,2025-10-16 15:45:00+00:00,7526,109272.23,0.1,108572.23,110272.23,700.0,close_below_lower,0.7542955603313618,0.1,109772.23,0.5,0.0,0.0,0.0,,,False,2025-10-16 15:55:00+00:00,7528,108572.23,sl,-70.0,0.0,0.0,-70.0,-1.0,-804.3699999999953,34.29000000000815,-1.1490999999999933,0.04898571428572593,2,600.0,18.0,453.9385714285735,605.3539415050427,overlap,Thu,15,False
106,BTCUSDm,long,2025-10-16 16:00:00+00:00,7529,108596.72,0.1,107896.72,109596.72,700.0,close_below_lower,1.017995529046955,0.1,109096.72,0.5,0.0,0.0,0.0,,,False,2025-10-16 16:30:00+00:00,7535,107896.72,sl,-70.0,0.0,0.0,-70.0,-1.0,-657.8800000000047,265.83000000000175,-0.9398285714285781,0.37975714285714535,6,1800.0,18.0,465.22428571428776,622.2766167666139,newyork,Thu,16,False
107,BTCUSDm,long,2025-10-16 16:35:00+00:00,7536,107625.92,0.1,107625.92,108625.92,700.0,close_below_lower,0.7097295429991115,0.05,108125.92,0.5,0.05,108125.92,25.0,7537.0,2025-10-16 16:40:00+00:00,True,2025-10-16 16:50:00+00:00,7539,108625.92,tp,75.0,0.0,0.0,75.0,1.0714285714285714,-24.419999999998254,842.8800000000047,-0.03488571428571179,1.2041142857142924,3,900.0,18.0,528.2957142857164,657.7400570530153,newyork,Thu,16,False
108,BTCUSDm,short,2025-10-16 17:00:00+00:00,7541,109284.73,0.1,109284.73,108284.73,700.0,close_above_upper,0.19721731357220457,0.05,108784.73,0.5,0.05,108577.3,35.37149999999965,7542.0,2025-10-16 17:05:00+00:00,True,2025-10-16 17:50:00+00:00,7551,108302.73,tp,84.47149999999965,0.0,0.0,84.47149999999965,1.2067357142857094,-12.730000000010477,902.2599999999948,-0.018185714285729255,1.2889428571428496,10,3000.0,18.0,497.4450000000018,665.3698832327967,newyork,Thu,17,False
109,BTCUSDm,long,2025-10-17 06:40:00+00:00,7705,107420.69,0.1,106720.69,108420.69,700.0,close_below_lower,0.18141700943799438,0.1,107920.69,0.5,0.0,0.0,0.0,,,False,2025-10-17 06:45:00+00:00,7706,106720.69,sl,-70.0,0.0,0.0,-70.0,-1.0,-529.1800000000076,0.0,-0.7559714285714394,0.0,1,300.0,18.0,242.08499999999913,669.0375116930207,asian,Fri,6,False
110,BTCUSDm,long,2025-10-17 06:50:00+00:00,7707,106695.51,0.1,105995.51,107695.51,700.0,close_below_lower,0.7945106917716311,0.1,107195.51,0.5,0.0,0.0,0.0,,,False,2025-10-17 07:30:00+00:00,7715,105995.51,sl,-70.0,0.0,0.0,-70.0,-1.0,-555.4700000000012,423.75,-0.7935285714285731,0.6053571428571428,8,2400.0,18.0,292.471428571429,679.8137737975295,asian,Fri,6,False
111,BTCUSDm,long,2025-10-17 07:45:00+00:00,7718,105767.15,0.1,105067.15,106767.15,700.0,close_below_lower,0.014878380916036379,0.1,106267.15,0.5,0.0,0.0,0.0,,,False,2025-10-17 08:10:00+00:00,7723,105067.15,sl,-70.0,0.0,0.0,-70.0,-1.0,-680.7099999999919,208.25,-0.9724428571428455,0.2975,5,1500.0,18.0,397.0635714285724,720.5050863877451,london,Fri,7,False
112,BTCUSDm,long,2025-10-17 08:20:00+00:00,7725,104765.9,0.1,104765.9,105765.9,700.0,close_below_lower,0.2724037131442039,0.05,105265.9,0.5,0.05,105265.9,25.0,7726.0,2025-10-17 08:25:00+00:00,True,2025-10-17 08:50:00+00:00,7731,104765.9,be_stop,25.0,0.0,0.0,25.0,0.35714285714285715,-77.04999999998836,930.0900000000111,-0.11007142857141194,1.3287000000000158,6,1800.0,18.0,377.5071428571412,736.9191829321117,london,Fri,8,False
113,BTCUSDm,long,2025-10-17 10:25:00+00:00,7750,103748.68,0.1,103748.68,104748.68,700.0,close_below_lower,0.3668913760393226,0.05,104248.68,0.5,0.05,104248.68,25.0,7752.0,2025-10-17 10:35:00+00:00,True,2025-10-17 10:50:00+00:00,7755,104748.68,tp,75.0,0.0,0.0,75.0,1.0714285714285714,-79.93999999998778,944.1700000000128,-0.11419999999998254,1.348814285714304,5,1500.0,18.0,368.249285714284,742.649638871231,london,Fri,10,False
114,BTCUSDm,short,2025-10-17 11:15:00+00:00,7760,105787.86,0.1,106487.86,104787.86,700.0,close_above_upper,0.4492475289761594,0.1,105287.86,0.5,0.0,0.0,0.0,,,False,2025-10-17 11:25:00+00:00,7762,106505.86,sl,-71.8,0.0,0.0,-71.8,-1.0257142857142856,-595.1900000000023,36.970000000001164,-0.8502714285714319,0.052814285714287375,2,600.0,18.0,426.3050000000003,752.8831092512963,london,Fri,11,False
115,BTCUSDm,short,2025-10-17 11:30:00+00:00,7763,106226.88,0.1,106226.88,105226.88,700.0,close_above_upper,0.4003464651012369,0.05,105726.88,0.5,0.05,105744.88,24.1,7765.0,2025-10-17 11:40:00+00:00,True,2025-10-17 12:50:00+00:00,7779,105244.88,tp,73.2,0.0,0.0,73.2,1.0457142857142858,-83.58999999999651,996.6900000000023,-0.11941428571428073,1.4238428571428605,16,4800.0,18.0,443.97071428571405,770.3657512634918,london,Fri,11,False
116,BTCUSDm,short,2025-10-17 16:00:00+00:00,7817,106804.94,0.1,106804.94,105804.94,700.0,close_above_upper,0.03283947974803794,0.05,106304.94,0.5,0.05,106322.94,24.1,7828.0,2025-10-17 16:55:00+00:00,True,2025-10-17 18:05:00+00:00,7842,106822.94,be_stop,23.200000000000003,0.0,0.0,23.200000000000003,0.33142857142857146,-766.8399999999965,724.8600000000006,-1.0954857142857093,1.0355142857142865,25,7500.0,18.0,363.0892857142847,802.0140118041882,newyork,Fri,16,False
117,BTCUSDm,short,2025-10-19 09:45:00+00:00,8318,106976.86,0.1,107676.86,105976.86,700.0,close_above_upper,0.48158904773509464,0.1,106476.86,0.5,0.0,0.0,0.0,,,False,2025-10-19 09:50:00+00:00,8319,107949.68,sl,-97.28199999999924,0.0,0.0,-97.28199999999924,-1.3897428571428463,-1060.3300000000017,202.50999999999476,-1.5147571428571454,0.2892999999999925,1,300.0,18.0,210.3864285714309,357.0353456519804,london,Sun,9,False
118,BTCUSDm,short,2025-10-19 09:55:00+00:00,8320,107551.46,0.1,107551.46,106551.46,700.0,close_above_upper,1.3958060693320926,0.05,107051.46,0.5,0.05,107069.46,24.1,8322.0,2025-10-19 10:05:00+00:00,True,2025-10-19 10:15:00+00:00,8324,107569.46,be_stop,23.200000000000003,0.0,0.0,23.200000000000003,0.33142857142857146,-155.84999999999127,566.8899999999994,-0.22264285714284468,0.8098428571428563,4,1200.0,18.0,333.23785714285833,360.5219678403583,london,Sun,9,False
119,BTCUSDm,short,2025-10-19 10:20:00+00:00,8325,107554.65,0.1,108254.65,106554.65,700.0,close_above_upper,0.28190955448934624,0.1,107054.65,0.5,0.0,0.0,0.0,,,False,2025-10-19 11:10:00+00:00,8335,108272.65,sl,-71.8,0.0,0.0,-71.8,-1.0257142857142856,-646.5600000000122,101.20999999999185,-0.9236571428571603,0.14458571428570263,10,3000.0,18.0,385.97999999999803,366.86644470496236,london,Sun,10,False
120,BTCUSDm,short,2025-10-19 14:20:00+00:00,8373,108444.61,0.1,109144.61,107444.61,700.0,close_above_upper,0.43416850490800407,0.1,107944.61,0.5,0.0,0.0,0.0,,,False,2025-10-19 17:10:00+00:00,8407,109162.61,sl,-71.8,0.0,0.0,-71.8,-1.0257142857142856,-645.5,268.9600000000064,-0.9221428571428572,0.3842285714285806,34,10200.0,18.0,198.26857142857003,378.77421270088985,overlap,Sun,14,False
121,BTCUSDm,short,2025-10-19 17:15:00+00:00,8408,109156.75,0.1,109156.75,108156.75,700.0,close_above_upper,0.26799842579611327,0.05,108656.75,0.5,0.05,108674.75,24.1,8458.0,2025-10-19 21:25:00+00:00,True,2025-10-19 22:15:00+00:00,8468,109174.75,be_stop,23.200000000000003,0.0,0.0,23.200000000000003,0.33142857142857146,-331.7100000000064,514.5500000000029,-0.4738714285714377,0.7350714285714327,60,18000.0,18.0,178.65928571428645,374.0508280843534,newyork,Sun,17,False
122,BTCUSDm,short,2025-10-19 22:20:00+00:00,8469,109230.35,0.1,109230.35,108230.35,700.0,close_above_upper,0.031345376456371324,0.05,108730.35,0.5,0.05,108748.35,24.1,8482.0,2025-10-19 23:25:00+00:00,True,2025-10-20 00:10:00+00:00,8491,108248.35,tp,73.2,0.0,0.0,73.2,1.0457142857142858,-180.40999999998894,917.6900000000023,-0.25772857142855565,1.3109857142857175,22,6600.0,18.0,117.88285714285927,354.00827829602923,rollover,Sun,22,False
123,BTCUSDm,long,2025-10-20 00:15:00+00:00,8492,108127.66,0.1,108127.66,109127.66,700.0,close_below_lower,0.3928898762097263,0.05,108627.66,0.5,0.05,108627.66,25.0,8520.0,2025-10-20 02:35:00+00:00,True,2025-10-20 03:40:00+00:00,8533,109127.66,tp,75.0,0.0,0.0,75.0,1.0714285714285714,-668.6600000000035,881.6900000000023,-0.9552285714285764,1.2595571428571462,41,12300.0,18.0,159.41499999999672,372.0252604023155,asian,Mon,0,False
124,BTCUSDm,short,2025-10-20 03:50:00+00:00,8535,109334.25,0.1,110034.25,108334.25,700.0,close_above_upper,0.2458458481557736,0.1,108834.25,0.5,0.0,0.0,0.0,,,False,2025-10-20 03:55:00+00:00,8536,110330.58,sl,-99.63300000000018,0.0,0.0,-99.63300000000018,-1.423328571428574,-1137.3300000000017,0.0,-1.6247571428571455,0.0,1,300.0,18.0,194.75571428571442,398.39216377493653,asian,Mon,3,False
125,BTCUSDm,short,2025-10-20 04:00:00+00:00,8537,110171.88,0.1,110871.88,109171.88,700.0,close_above_upper,1.547663505877594,0.1,109671.88,0.5,0.0,0.0,0.0,,,False,2025-10-20 05:50:00+00:00,8559,110889.88,sl,-71.8,0.0,0.0,-71.8,-1.0257142857142856,-693.9899999999907,208.84000000001106,-0.9914142857142724,0.29834285714287295,22,6600.0,18.0,276.97928571428514,412.0708497769274,asian,Mon,4,False
126,BTCUSDm,short,2025-10-20 05:55:00+00:00,8560,111120.74,0.1,111120.74,110120.74,700.0,close_above_upper,0.06051594699422447,0.05,110620.74,0.5,0.05,110638.74,24.1,8647.0,2025-10-20 13:10:00+00:00,True,2025-10-20 13:50:00+00:00,8655,111138.74,be_stop,23.200000000000003,0.0,0.0,23.200000000000003,0.33142857142857146,-586.0,518.1100000000006,-0.8371428571428572,0.7401571428571437,95,28500.0,18.0,190.07785714285689,452.10582704769007,asian,Mon,5,False
127,BTCUSDm,long,2025-10-20 16:45:00+00:00,8690,110532.6,0.1,110532.6,111532.6,700.0,close_below_lower,0.026443298538927167,0.05,111032.6,0.5,0.05,111032.6,25.0,8694.0,2025-10-20 17:05:00+00:00,True,2025-10-20 17:10:00+00:00,8695,110532.6,be_stop,25.0,0.0,0.0,25.0,0.35714285714285715,-394.7100000000064,580.0399999999936,-0.5638714285714377,0.8286285714285623,5,1500.0,18.0,309.55857142857195,504.3546585595095,newyork,Mon,16,False
128,BTCUSDm,long,2025-10-20 17:40:00+00:00,8701,110010.88,0.1,110010.88,111010.88,700.0,close_below_lower,0.06027194694547086,0.05,110510.88,0.5,0.05,110510.88,25.0,8703.0,2025-10-20 17:50:00+00:00,True,2025-10-20 19:00:00+00:00,8717,111010.88,tp,75.0,0.0,0.0,75.0,1.0714285714285714,-133.8700000000099,986.7699999999895,-0.1912428571428713,1.4096714285714136,16,4800.0,18.0,299.40499999999884,520.4210339010849,newyork,Mon,17,False
129,BTCUSDm,long,2025-10-21 04:05:00+00:00,8826,108711.34,0.1,108011.34,109711.34,700.0,close_below_lower,0.28568774521414403,0.1,109211.34,0.5,0.0,0.0,0.0,,,False,2025-10-21 04:10:00+00:00,8827,108011.34,sl,-70.0,0.0,0.0,-70.0,-1.0,-423.91999999999825,0.0,-0.6055999999999975,0.0,1,300.0,18.0,189.20714285714243,532.4933923349391,asian,Tue,4,False
130,BTCUSDm,long,2025-10-21 04:15:00+00:00,8828,108348.73,0.1,107648.73,109348.73,700.0,close_below_lower,0.5400280174924439,0.1,108848.73,0.5,0.0,0.0,0.0,,,False,2025-10-21 05:00:00+00:00,8837,107648.73,sl,-70.0,0.0,0.0,-70.0,-1.0,-683.0699999999924,29.410000000003492,-0.9758142857142749,0.0420142857142907,9,2700.0,18.0,225.12999999999946,537.4771151974317,asian,Tue,4,False
131,BTCUSDm,short,2025-10-21 10:50:00+00:00,8907,108600.58,0.1,109300.58,107600.58,700.0,close_above_upper,0.31207575813947824,0.1,108100.58,0.5,0.0,0.0,0.0,,,False,2025-10-21 12:20:00+00:00,8925,109318.58,sl,-71.8,0.0,0.0,-71.8,-1.0257142857142856,-231.09999999999127,425.52999999999884,-0.3301428571428447,0.6078999999999983,18,5400.0,18.0,164.74214285714282,547.8878475889483,london,Tue,10,False
132,BTCUSDm,short,2025-10-21 12:25:00+00:00,8926,109367.32,0.1,109367.32,108367.32,700.0,close_above_upper,0.3917293739206715,0.05,108867.32,0.5,0.05,108885.32,24.1,8932.0,2025-10-21 12:55:00+00:00,True,2025-10-21 13:05:00+00:00,8934,108385.32,tp,73.2,0.0,0.0,73.2,1.0457142857142858,-148.30999999999767,636.2700000000041,-0.21187142857142524,0.9089571428571487,8,2400.0,18.0,197.94642857142648,553.486208674581,overlap,Tue,12,False
133,BTCUSDm,short,2025-10-21 14:15:00+00:00,8948,109782.42,0.1,110482.42,108782.42,700.0,close_above_upper,0.7401414834301417,0.1,109282.42,0.5,0.0,0.0,0.0,,,False,2025-10-21 14:20:00+00:00,8949,110500.42,sl,-71.8,0.0,0.0,-71.8,-1.0257142857142856,-590.9000000000087,247.99000000000524,-0.8441428571428696,0.35427142857143606,1,300.0,18.0,446.8321428571435,572.8249688158866,overlap,Tue,14,False
134,BTCUSDm,short,2025-10-21 14:25:00+00:00,8950,110295.16,0.1,110295.16,109295.16,700.0,close_above_upper,1.0674130137686997,0.05,109795.16,0.5,0.05,109732.64,28.126000000000204,8951.0,2025-10-21 14:30:00+00:00,True,2025-10-21 14:45:00+00:00,8954,110313.16,be_stop,27.226000000000205,0.0,0.0,27.226000000000205,0.3889428571428601,0.0,602.1999999999971,0.0,0.8602857142857101,4,1200.0,18.0,434.5657142857152,587.1316280103379,overlap,Tue,14,False
135,BTCUSDm,short,2025-10-21 14:50:00+00:00,8955,110837.24,0.1,111537.24,109837.24,700.0,close_above_upper,0.9472001726003905,0.1,110337.24,0.5,0.0,0.0,0.0,,,False,2025-10-21 14:55:00+00:00,8956,111555.24,sl,-71.8,0.0,0.0,-71.8,-1.0257142857142856,-507.0399999999936,65.52999999999884,-0.724342857142848,0.09361428571428405,1,300.0,18.0,497.7571428571443,607.9579445430952,overlap,Tue,14,False
136,BTCUSDm,short,2025-10-21 15:00:00+00:00,8957,112222.87,0.1,112922.87,111222.87,700.0,close_above_upper,2.3401324489720747,0.1,111722.87,0.5,0.0,0.0,0.0,,,False,2025-10-21 15:05:00+00:00,8958,112940.87,sl,-71.8,0.0,0.0,-71.8,-1.0257142857142856,-316.0200000000041,464.929999999993,-0.45145714285714866,0.6641857142857043,1,300.0,18.0,560.3228571428574,627.2300526929854,overlap,Tue,15,False
137,BTCUSDm,short,2025-10-21 15:10:00+00:00,8959,112599.25,0.1,113299.25,111599.25,700.0,close_above_upper,2.012167142726453,0.1,112099.25,0.5,0.0,0.0,0.0,,,False,2025-10-21 15:30:00+00:00,8963,113317.25,sl,-71.8,0.0,0.0,-71.8,-1.0257142857142856,-609.9900000000052,319.3899999999994,-0.8714142857142932,0.4562714285714277,4,1200.0,18.0,636.5871428571429,646.8246400419935,overlap,Tue,15,False
138,BTCUSDm,short,2025-10-21 15:35:00+00:00,8964,113057.73,0.1,113757.73,112057.73,700.0,close_above_upper,0.7878973008922061,0.1,112557.73,0.5,0.0,0.0,0.0,,,False,2025-10-21 16:15:00+00:00,8972,113775.73,sl,-71.8,0.0,0.0,-71.8,-1.0257142857142856,-563.6699999999983,290.9799999999959,-0.8052428571428546,0.41568571428570844,8,2400.0,18.0,575.8521428571423,687.6370823564131,overlap,Tue,15,False
139,BTCUSDm,long,2025-10-21 17:00:00+00:00,8981,112632.26,0.1,111932.26,113632.26,700.0,close_below_lower,0.12473078827336395,0.1,113132.26,0.5,0.0,0.0,0.0,,,False,2025-10-21 17:15:00+00:00,8984,111932.26,sl,-70.0,0.0,0.0,-70.0,-1.0,-221.33000000000175,423.8700000000099,-0.3161857142857168,0.6055285714285855,3,900.0,18.0,347.46857142857124,724.2917885955627,newyork,Tue,17,False
140,BTCUSDm,long,2025-10-21 17:20:00+00:00,8985,111992.41,0.1,111992.41,112992.41,700.0,close_below_lower,0.5275439406173529,0.05,112492.41,0.5,0.05,112492.41,25.0,8986.0,2025-10-21 17:25:00+00:00,True,2025-10-21 18:00:00+00:00,8993,111992.41,be_stop,25.0,0.0,0.0,25.0,0.35714285714285715,-125.54000000000815,650.0999999999913,-0.1793428571428688,0.9287142857142733,8,2400.0,18.0,409.8692857142877,735.2478293251236,newyork,Tue,17,False
141,BTCUSDm,long,2025-10-21 20:20:00+00:00,9018,110899.53,0.1,110199.53,111899.53,700.0,close_below_lower,0.12804359298708626,0.1,111399.53,0.5,0.0,0.0,0.0,,,False,2025-10-21 21:20:00+00:00,9030,110199.53,sl,-70.0,0.0,0.0,-70.0,-1.0,-182.36000000000058,273.8399999999965,-0.26051428571428653,0.391199999999995,12,3600.0,18.0,263.97714285714443,747.013730826561,newyork,Tue,20,False
142,BTCUSDm,long,2025-10-21 22:30:00+00:00,9044,109696.89,0.1,108996.89,110696.89,700.0,close_below_lower,0.20398524768230844,0.1,110196.89,0.5,0.0,0.0,0.0,,,False,2025-10-21 22:35:00+00:00,9045,108996.89,sl,-70.0,0.0,0.0,-70.0,-1.0,-1452.3500000000058,172.88000000000466,-2.0747857142857224,0.24697142857143523,1,300.0,18.0,332.4878571428552,727.8494208433737,rollover,Tue,22,False
143,BTCUSDm,long,2025-10-21 22:40:00+00:00,9046,108796.82,0.1,108796.82,109796.82,700.0,close_below_lower,0.9418525374552188,0.05,109296.82,0.5,0.05,109296.82,25.0,9047.0,2025-10-21 22:45:00+00:00,True,2025-10-21 23:30:00+00:00,9056,108796.82,be_stop,25.0,0.0,0.0,25.0,0.35714285714285715,-27.270000000004075,691.7099999999919,-0.03895714285714868,0.9881571428571312,10,3000.0,18.0,389.4907142857129,740.6187209627301,rollover,Tue,22,False
144,BTCUSDm,long,2025-10-21 23:40:00+00:00,9058,108386.72,0.1,107686.72,109386.72,700.0,close_below_lower,0.08179149736517585,0.1,108886.72,0.5,0.0,0.0,0.0,,,False,2025-10-22 07:05:00+00:00,9147,107686.72,sl,-70.0,0.0,0.0,-70.0,-1.0,-506.9100000000035,347.49000000000524,-0.7241571428571478,0.4964142857142932,89,26700.0,18.0,412.8521428571413,755.12466390422,rollover,Tue,23,False
145,BTCUSDm,short,2025-10-22 15:00:00+00:00,9242,108965.87,0.1,108965.87,107965.87,700.0,close_above_upper,0.031227477775547574,0.05,108465.87,0.5,0.05,108483.87,24.1,9244.0,2025-10-22 15:10:00+00:00,True,2025-10-22 15:20:00+00:00,9246,107983.87,tp,73.2,0.0,0.0,73.2,1.0457142857142858,-231.38999999999942,924.7099999999919,-0.33055714285714205,1.3210142857142742,4,1200.0,18.0,515.1678571428575,775.6469398561344,overlap,Wed,15,False
146,BTCUSDm,short,2025-10-23 06:20:00+00:00,9426,109870.0,0.1,109870.0,108870.0,700.0,close_above_upper,0.19603840167651657,0.05,109370.0,0.5,0.05,109388.0,24.1,9441.0,2025-10-23 07:35:00+00:00,True,2025-10-23 08:15:00+00:00,9449,109888.0,be_stop,23.200000000000003,0.0,0.0,23.200000000000003,0.33142857142857146,-482.6499999999942,648.3399999999965,-0.6894999999999917,0.926199999999995,23,6900.0,18.0,168.89499999999992,750.1965638253115,asian,Thu,6,False
147,BTCUSDm,long,2025-10-23 12:05:00+00:00,9495,108752.59,0.1,108752.59,109752.59,700.0,close_below_lower,0.0023832657496161095,0.05,109252.59,0.5,0.05,109252.59,25.0,9498.0,2025-10-23 12:20:00+00:00,True,2025-10-23 14:15:00+00:00,9521,108752.59,be_stop,25.0,0.0,0.0,25.0,0.35714285714285715,-53.73999999999069,903.2600000000093,-0.07677142857141526,1.2903714285714418,26,7800.0,18.0,200.08857142857283,578.5022603920075,overlap,Thu,12,False
148,BTCUSDm,short,2025-10-23 16:55:00+00:00,9553,110564.14,0.1,110564.14,109564.14,700.0,close_above_upper,0.15833717048713988,0.05,110064.14,0.5,0.05,110082.14,24.1,9554.0,2025-10-23 17:00:00+00:00,True,2025-10-23 17:35:00+00:00,9561,110582.14,be_stop,23.200000000000003,0.0,0.0,23.200000000000003,0.33142857142857146,-37.75,902.6000000000058,-0.05392857142857143,1.2894285714285798,8,2400.0,18.0,227.58428571428314,519.7021598763215,newyork,Thu,16,False
149,BTCUSDm,short,2025-10-23 17:40:00+00:00,9562,110931.03,0.1,110931.03,109931.03,700.0,close_above_upper,0.47438487649161,0.05,110431.03,0.5,0.05,110449.03,24.1,9572.0,2025-10-23 18:30:00+00:00,True,2025-10-23 20:00:00+00:00,9590,109949.03,tp,73.2,0.0,0.0,73.2,1.0457142857142858,-407.22000000000116,802.429999999993,-0.5817428571428588,1.1463285714285614,28,8400.0,18.0,291.3007142857147,508.859511743761,newyork,Thu,17,False
150,BTCUSDm,short,2025-10-24 04:35:00+00:00,9693,111332.87,0.1,111332.87,110332.87,700.0,close_above_upper,0.302255123768185,0.05,110832.87,0.5,0.05,110850.87,24.1,9731.0,2025-10-24 07:45:00+00:00,True,2025-10-24 09:05:00+00:00,9747,111350.87,be_stop,23.200000000000003,0.0,0.0,23.200000000000003,0.33142857142857146,-245.49000000000524,615.9700000000012,-0.3507000000000075,0.8799571428571445,54,16200.0,18.0,182.86857142857585,522.350342663886,asian,Fri,4,False
151,BTCUSDm,long,2025-10-24 13:40:00+00:00,9802,110789.41,0.1,110089.41,111789.41,700.0,close_below_lower,0.009851351160785593,0.1,111289.41,0.5,0.0,0.0,0.0,,,False,2025-10-24 14:15:00+00:00,9809,110089.41,sl,-70.0,0.0,0.0,-70.0,-1.0,-536.5200000000041,206.27999999999884,-0.7664571428571487,0.2946857142857126,7,2100.0,18.0,323.89071428571333,487.1184523233603,overlap,Fri,13,False
152,BTCUSDm,long,2025-10-24 14:20:00+00:00,9810,110225.25,0.1,110225.25,111225.25,700.0,close_below_lower,0.21116409849225443,0.05,110725.25,0.5,0.05,110725.25,25.0,9866.0,2025-10-24 19:00:00+00:00,True,2025-10-25 01:30:00+00:00,9944,111225.25,tp,75.0,0.0,0.0,75.0,1.0714285714285714,-518.3500000000058,943.5,-0.7405000000000083,1.3478571428571429,134,40200.0,18.0,310.6421428571453,497.87335944373814,overlap,Fri,14,False
153,BTCUSDm,short,2025-10-26 09:25:00+00:00,10327,112355.53,0.1,113055.53,111355.53,700.0,close_above_upper,1.319886704736968,0.1,111855.53,0.5,0.0,0.0,0.0,,,False,2025-10-26 11:40:00+00:00,10354,113073.53,sl,-71.8,0.0,0.0,-71.8,-1.0257142857142856,-656.6800000000076,157.74000000000524,-0.9381142857142966,0.22534285714286462,27,8100.0,18.0,96.46642857142744,217.95713382924157,london,Sun,9,False
154,BTCUSDm,short,2025-10-26 11:45:00+00:00,10355,113324.99,0.1,114024.99,112324.99,700.0,close_above_upper,1.8044478633972965,0.1,112824.99,0.5,0.0,0.0,0.0,,,False,2025-10-26 13:40:00+00:00,10378,114042.99,sl,-71.8,0.0,0.0,-71.8,-1.0257142857142856,-514.9700000000012,250.0500000000029,-0.7356714285714302,0.35721428571428987,23,6900.0,18.0,144.70285714285689,230.10126732922322,london,Sun,11,False
155,BTCUSDm,short,2025-10-26 13:45:00+00:00,10379,113844.19,0.1,113844.19,112844.19,700.0,close_above_upper,0.040726668006046476,0.05,113344.19,0.5,0.05,113362.19,24.1,10409.0,2025-10-26 16:15:00+00:00,True,2025-10-26 22:00:00+00:00,10478,113862.19,be_stop,23.200000000000003,0.0,0.0,23.200000000000003,0.33142857142857146,-155.56999999999243,960.820000000007,-0.22224285714284633,1.37260000000001,99,29700.0,18.0,188.0878571428527,246.9893995533618,overlap,Sun,13,False
156,BTCUSDm,short,2025-10-26 22:05:00+00:00,10479,114775.74,0.1,114775.74,113775.74,700.0,close_above_upper,3.8149061315128576,0.05,114275.74,0.5,0.05,114293.74,24.1,10482.0,2025-10-26 22:20:00+00:00,True,2025-10-26 22:55:00+00:00,10489,114793.74,be_stop,23.200000000000003,0.0,0.0,23.200000000000003,0.33142857142857146,-305.929999999993,547.0,-0.4370428571428472,0.7814285714285715,10,3000.0,18.0,300.40285714285295,259.2170130392808,rollover,Sun,22,False
157,BTCUSDm,short,2025-10-26 23:05:00+00:00,10491,114803.66,0.1,115503.66,113803.66,700.0,close_above_upper,0.17779777097127564,0.1,114303.66,0.5,0.0,0.0,0.0,,,False,2025-10-27 05:05:00+00:00,10563,115521.66,sl,-71.8,0.0,0.0,-71.8,-1.0257142857142856,-663.2699999999895,446.9800000000105,-0.9475285714285565,0.6385428571428721,72,21600.0,18.0,365.2464285714263,287.95425096228956,rollover,Sun,23,False
158,BTCUSDm,long,2025-10-27 08:30:00+00:00,10604,115157.07,0.1,115157.07,116157.07,700.0,close_below_lower,0.275028743199959,0.05,115657.07,0.5,0.05,115657.07,25.0,10713.0,2025-10-27 17:35:00+00:00,True,2025-10-27 19:00:00+00:00,10730,115157.07,be_stop,25.0,0.0,0.0,25.0,0.35714285714285715,-679.5900000000111,649.6399999999994,-0.970842857142873,0.928057142857142,126,37800.0,18.0,166.81142857142757,337.1323854480024,london,Mon,8,False
159,BTCUSDm,long,2025-10-27 19:05:00+00:00,10731,115069.3,0.1,114369.3,116069.3,700.0,close_below_lower,0.08545879233549036,0.1,115569.3,0.5,0.0,0.0,0.0,,,False,2025-10-27 21:20:00+00:00,10758,114369.3,sl,-70.0,0.0,0.0,-70.0,-1.0,-692.9799999999959,250.52000000000407,-0.9899714285714227,0.3578857142857201,27,8100.0,18.0,153.34142857142746,381.4540918676272,newyork,Mon,19,False
160,BTCUSDm,long,2025-10-28 02:50:00+00:00,10824,113683.33,0.1,113683.33,114683.33,700.0,close_below_lower,0.07636396066989477,0.05,114183.33,0.5,0.05,114183.33,25.0,10874.0,2025-10-28 07:00:00+00:00,True,2025-10-28 13:05:00+00:00,10947,114683.33,tp,75.0,0.0,0.0,75.0,1.0714285714285714,-217.27000000000407,980.3199999999924,-0.3103857142857201,1.400457142857132,123,36900.0,18.0,178.1078571428578,432.6529543776443,asian,Tue,2,False
161,BTCUSDm,short,2025-10-28 13:10:00+00:00,10948,114810.03,0.1,115510.03,113810.03,700.0,close_above_upper,0.0349411471403855,0.1,114310.03,0.5,0.0,0.0,0.0,,,False,2025-10-28 13:55:00+00:00,10957,115528.03,sl,-71.8,0.0,0.0,-71.8,-1.0257142857142856,-666.1999999999971,122.89999999999418,-0.9517142857142815,0.17557142857142025,9,2700.0,18.0,116.7064285714306,396.06553855869595,overlap,Tue,13,False
162,BTCUSDm,short,2025-10-28 14:00:00+00:00,10958,115524.65,0.1,115524.65,114524.65,700.0,close_above_upper,0.2206963287201389,0.05,115024.65,0.5,0.05,115042.65,24.1,10966.0,2025-10-28 14:40:00+00:00,True,2025-10-28 14:45:00+00:00,10967,114542.65,tp,73.2,0.0,0.0,73.2,1.0457142857142858,-578.0100000000093,974.6999999999971,-0.8257285714285847,1.3924285714285674,9,2700.0,18.0,208.2849999999983,418.3262647378026,overlap,Tue,14,False
163,BTCUSDm,long,2025-10-28 14:50:00+00:00,10968,114815.31,0.1,114815.31,115815.31,700.0,close_below_lower,0.39147168521325704,0.05,115315.31,0.5,0.05,115315.31,25.0,10971.0,2025-10-28 15:05:00+00:00,True,2025-10-28 15:35:00+00:00,10977,114815.31,be_stop,25.0,0.0,0.0,25.0,0.35714285714285715,-32.970000000001164,585.0200000000041,-0.04710000000000166,0.835742857142863,9,2700.0,18.0,357.1092857142877,439.67085489789224,overlap,Tue,14,False
164,BTCUSDm,long,2025-10-28 15:45:00+00:00,10979,114561.44,0.1,114561.44,115561.44,700.0,close_below_lower,0.233700306672265,0.05,115061.44,0.5,0.05,115061.44,25.0,10987.0,2025-10-28 16:25:00+00:00,True,2025-10-28 17:10:00+00:00,10996,115561.44,tp,75.0,0.0,0.0,75.0,1.0714285714285714,-37.19000000000233,936.0399999999936,-0.05312857142857475,1.3371999999999908,17,5100.0,18.0,323.0385714285741,439.2770242108597,overlap,Tue,15,False
165,BTCUSDm,long,2025-10-28 18:40:00+00:00,11014,114741.58,0.1,114041.58,115741.58,700.0,close_below_lower,0.057142583994321844,0.1,115241.58,0.5,0.0,0.0,0.0,,,False,2025-10-28 19:20:00+00:00,11022,114041.58,sl,-70.0,0.0,0.0,-70.0,-1.0,-678.1800000000076,340.58000000000175,-0.9688285714285823,0.48654285714285966,8,2400.0,18.0,176.5100000000041,434.2071599081328,newyork,Tue,18,False
166,BTCUSDm,long,2025-10-28 19:25:00+00:00,11023,113941.62,0.1,113241.62,114941.62,700.0,close_below_lower,0.930900537321339,0.1,114441.62,0.5,0.0,0.0,0.0,,,False,2025-10-28 20:00:00+00:00,11030,113241.62,sl,-70.0,0.0,0.0,-70.0,-1.0,-397.3999999999942,201.54000000000815,-0.5677142857142774,0.28791428571429734,7,2100.0,18.0,237.6007142857166,441.291189637298,newyork,Tue,19,False
167,BTCUSDm,long,2025-10-28 20:05:00+00:00,11031,113258.45,0.1,112558.45,114258.45,700.0,close_below_lower,0.7025674257375983,0.1,113758.45,0.5,0.0,0.0,0.0,,,False,2025-10-28 20:15:00+00:00,11033,112558.45,sl,-70.0,0.0,0.0,-70.0,-1.0,-533.6100000000006,154.10000000000582,-0.7623000000000009,0.22014285714286547,2,600.0,18.0,317.856428571431,462.8343056167439,newyork,Tue,20,False
168,BTCUSDm,long,2025-10-28 20:20:00+00:00,11034,112600.5,0.1,112600.5,113600.5,700.0,close_below_lower,1.2316187270510963,0.05,113100.5,0.5,0.05,113100.5,25.0,11050.0,2025-10-28 21:40:00+00:00,True,2025-10-29 00:45:00+00:00,11087,112600.5,be_stop,25.0,0.0,0.0,25.0,0.35714285714285715,-404.86999999999534,707.5099999999948,-0.5783857142857076,1.0107285714285639,53,15900.0,18.0,389.2400000000011,474.73879792914414,newyork,Tue,20,False
169,BTCUSDm,long,2025-10-29 14:30:00+00:00,11252,112341.69,0.1,111641.69,113341.69,700.0,close_below_lower,0.011355369391654496,0.1,112841.69,0.5,0.0,0.0,0.0,,,False,2025-10-29 15:45:00+00:00,11267,111641.69,sl,-70.0,0.0,0.0,-70.0,-1.0,-695.320000000007,412.77999999999884,-0.9933142857142957,0.5896857142857126,15,4500.0,18.0,271.45071428571515,477.8805481326714,overlap,Wed,14,False
170,BTCUSDm,long,2025-10-29 15:50:00+00:00,11268,111587.4,0.1,110887.4,112587.4,700.0,close_below_lower,0.19838699263976617,0.1,112087.4,0.5,0.0,0.0,0.0,,,False,2025-10-29 18:35:00+00:00,11301,110887.4,sl,-70.0,0.0,0.0,-70.0,-1.0,-653.0699999999924,426.24000000000524,-0.932957142857132,0.6089142857142932,33,9900.0,18.0,273.53357142857254,487.03864663265745,overlap,Wed,15,False
171,BTCUSDm,long,2025-10-29 18:40:00+00:00,11302,109285.4,0.1,109285.4,110285.4,700.0,close_below_lower,2.882077874212311,0.05,109785.4,0.5,0.05,109785.4,25.0,11303.0,2025-10-29 18:45:00+00:00,True,2025-10-29 18:45:00+00:00,11303,110285.4,tp,75.0,0.0,0.0,75.0,1.0714285714285714,-172.72999999999593,960.2700000000041,-0.24675714285713704,1.3718142857142914,1,300.0,18.0,488.2207142857151,527.441454214976,newyork,Wed,18,False
172,BTCUSDm,long,2025-10-29 18:50:00+00:00,11304,110279.43,0.1,110279.43,111279.43,700.0,close_below_lower,0.4385095138126996,0.05,110779.43,0.5,0.05,111064.1,39.233500000000646,11305.0,2025-10-29 18:55:00+00:00,True,2025-10-29 19:05:00+00:00,11307,111279.43,tp,89.23350000000065,0.0,0.0,89.23350000000065,1.274764285714295,-26.779999999998836,1019.5300000000134,-0.03825714285714119,1.4564714285714477,3,900.0,18.0,570.3207142857146,539.6821460354718,newyork,Wed,18,False
173,BTCUSDm,long,2025-10-29 23:40:00+00:00,11362,109950.55,0.1,109950.55,110950.55,700.0,close_below_lower,0.34724300177045,0.05,110450.55,0.5,0.05,110450.55,25.0,11372.0,2025-10-30 00:30:00+00:00,True,2025-10-30 02:25:00+00:00,11395,110950.55,tp,75.0,0.0,0.0,75.0,1.0714285714285714,-233.8000000000029,947.2099999999919,-0.3340000000000042,1.3531571428571312,33,9900.0,18.0,179.7428571428588,589.8914006690773,rollover,Wed,23,False
174,BTCUSDm,long,2025-10-30 04:15:00+00:00,11417,110026.87,0.1,109326.87,111026.87,700.0,close_below_lower,0.004814026206309706,0.1,110526.87,0.5,0.0,0.0,0.0,,,False,2025-10-30 04:25:00+00:00,11419,109326.87,sl,-70.0,0.0,0.0,-70.0,-1.0,-627.5199999999895,147.52000000000407,-0.8964571428571279,0.21074285714286298,2,600.0,18.0,171.83571428571616,618.1410952832064,asian,Thu,4,False
175,BTCUSDm,long,2025-10-30 04:30:00+00:00,11420,108421.17,0.1,108421.17,109421.17,700.0,close_below_lower,1.8597624199167602,0.05,108921.17,0.5,0.05,108921.17,25.0,11421.0,2025-10-30 04:35:00+00:00,True,2025-10-30 04:35:00+00:00,11421,109421.17,tp,75.0,0.0,0.0,75.0,1.0714285714285714,-498.34999999999127,2.5099999999947613,-0.7119285714285589,0.003585714285706802,1,300.0,18.0,327.8899999999994,637.6442185863515,asian,Thu,4,False
176,BTCUSDm,long,2025-10-30 04:45:00+00:00,11423,108987.45,0.1,108987.45,109987.45,700.0,close_below_lower,0.20449594342731636,0.05,109487.45,0.5,0.05,109487.45,25.0,11434.0,2025-10-30 05:40:00+00:00,True,2025-10-30 05:45:00+00:00,11435,109987.45,tp,75.0,0.0,0.0,75.0,1.0714285714285714,-577.3199999999924,945.4400000000023,-0.8247428571428463,1.3506285714285748,12,3600.0,18.0,470.00214285714384,654.0949098806352,asian,Thu,4,False
177,BTCUSDm,short,2025-10-30 05:50:00+00:00,11436,110257.65,0.1,110957.65,109257.65,700.0,close_above_upper,0.48292823351751657,0.1,109757.65,0.5,0.0,0.0,0.0,,,False,2025-10-30 06:50:00+00:00,11448,110975.65,sl,-71.8,0.0,0.0,-71.8,-1.0257142857142856,-680.0500000000029,277.09999999999127,-0.9715000000000041,0.39585714285713036,12,3600.0,18.0,367.9592857142873,683.8223146767623,asian,Thu,5,False
178,BTCUSDm,short,2025-10-30 07:20:00+00:00,11454,111532.8,0.1,111532.8,110532.8,700.0,close_above_upper,0.1439169571215865,0.05,111032.8,0.5,0.05,111050.8,24.1,11463.0,2025-10-30 08:05:00+00:00,True,2025-10-30 09:05:00+00:00,11475,110550.8,tp,73.2,0.0,0.0,73.2,1.0457142857142858,-78.19000000000233,897.1000000000058,-0.11170000000000332,1.2815714285714368,21,6300.0,18.0,257.2664285714314,712.5922049845067,london,Thu,7,False
179,BTCUSDm,long,2025-10-30 12:30:00+00:00,11516,108791.46,0.1,108091.46,109791.46,700.0,close_below_lower,0.13549378215626354,0.1,109291.46,0.5,0.0,0.0,0.0,,,False,2025-10-30 13:35:00+00:00,11529,108091.46,sl,-70.0,0.0,0.0,-70.0,-1.0,-629.0200000000041,316.66999999999825,-0.8986000000000058,0.4523857142857118,13,3900.0,18.0,230.45999999999705,695.5204910623831,overlap,Thu,12,False
180,BTCUSDm,long,2025-10-30 13:45:00+00:00,11531,107487.41,0.1,107487.41,108487.41,700.0,close_below_lower,0.2786742580245188,0.05,107987.41,0.5,0.05,107987.41,25.0,11532.0,2025-10-30 13:50:00+00:00,True,2025-10-30 15:35:00+00:00,11553,107487.41,be_stop,25.0,0.0,0.0,25.0,0.35714285714285715,-85.65000000000873,879.8999999999942,-0.12235714285715533,1.2569999999999917,22,6600.0,18.0,303.68428571428586,697.9611314827382,overlap,Thu,13,False
181,BTCUSDm,long,2025-10-30 17:25:00+00:00,11575,106984.16,0.1,106984.16,107984.16,700.0,close_below_lower,0.15001777127343247,0.05,107484.16,0.5,0.05,107484.16,25.0,11579.0,2025-10-30 17:45:00+00:00,True,2025-10-30 18:35:00+00:00,11589,106984.16,be_stop,25.0,0.0,0.0,25.0,0.35714285714285715,-150.13999999999942,688.8300000000017,-0.21448571428571345,0.9840428571428597,14,4200.0,18.0,229.2214285714269,687.541520154824,newyork,Thu,17,False
182,BTCUSDm,short,2025-10-31 00:55:00+00:00,11665,109315.13,0.1,109315.13,108315.13,700.0,close_above_upper,0.00985419212585096,0.05,108815.13,0.5,0.05,108833.13,24.1,11686.0,2025-10-31 02:40:00+00:00,True,2025-10-31 04:05:00+00:00,11703,109333.13,be_stop,23.200000000000003,0.0,0.0,23.200000000000003,0.33142857142857146,-691.9799999999959,788.7400000000052,-0.9885428571428513,1.126771428571436,38,11400.0,18.0,207.16714285714366,742.5574447003157,asian,Fri,0,False
183,BTCUSDm,short,2025-10-31 15:10:00+00:00,11836,110966.78,0.1,110966.78,109966.78,700.0,close_above_upper,0.045922877358232285,0.05,110466.78,0.5,0.05,110484.78,24.1,11838.0,2025-10-31 15:20:00+00:00,True,2025-10-31 16:05:00+00:00,11847,109984.78,tp,73.2,0.0,0.0,73.2,1.0457142857142858,-116.61000000000058,931.25,-0.16658571428571511,1.3303571428571428,11,3300.0,18.0,382.000714285716,740.0376306785753,overlap,Fri,15,False
184,BTCUSDm,long,2025-10-31 16:55:00+00:00,11857,109095.5,0.1,109095.5,110095.5,700.0,close_below_lower,0.06699355515039751,0.05,109595.5,0.5,0.05,109595.5,25.0,11878.0,2025-10-31 18:40:00+00:00,True,2025-10-31 19:00:00+00:00,11882,109095.5,be_stop,25.0,0.0,0.0,25.0,0.35714285714285715,-533.1900000000023,666.1100000000006,-0.7617000000000034,0.9515857142857151,25,7500.0,18.0,284.74285714285674,744.5046515061808,newyork,Fri,16,False
185,BTCUSDm,short,2025-11-02 04:55:00+00:00,12277,110509.45,0.1,110509.45,109509.45,700.0,close_above_upper,0.07631093390382293,0.05,110009.45,0.5,0.05,110027.45,24.1,12410.0,2025-11-02 16:00:00+00:00,True,2025-11-02 22:30:00+00:00,12488,109527.45,tp,73.2,0.0,0.0,73.2,1.0457142857142858,-688.0800000000017,796.2899999999936,-0.982971428571431,1.1375571428571336,211,63300.0,18.0,97.51714285714219,328.2992458466474,asian,Sun,4,False
186,BTCUSDm,long,2025-11-02 22:35:00+00:00,12489,109540.62,0.1,109540.62,110540.62,700.0,close_below_lower,0.7531944693846618,0.05,110040.62,0.5,0.05,110040.62,25.0,12494.0,2025-11-02 23:00:00+00:00,True,2025-11-02 23:50:00+00:00,12504,110540.62,tp,75.0,0.0,0.0,75.0,1.0714285714285714,-32.08999999999651,995.9100000000035,-0.045842857142852154,1.4227285714285764,15,4500.0,18.0,88.41214285714106,246.10869921649396,rollover,Sun,22,False
187,BTCUSDm,short,2025-11-02 23:55:00+00:00,12505,110613.75,0.1,110613.75,109613.75,700.0,close_above_upper,0.46999545623593536,0.05,110113.75,0.5,0.05,110131.75,24.1,12516.0,2025-11-03 00:50:00+00:00,True,2025-11-03 01:00:00+00:00,12518,109631.75,tp,73.2,0.0,0.0,73.2,1.0457142857142858,-135.77000000000407,874.1000000000058,-0.19395714285714868,1.248714285714294,13,3900.0,18.0,196.39499999999992,262.87999702664126,rollover,Sun,23,False
188,BTCUSDm,long,2025-11-03 01:05:00+00:00,12519,109522.49,0.1,108822.49,110522.49,700.0,close_below_lower,1.545912441414551,0.1,110022.49,0.5,0.0,0.0,0.0,,,False,2025-11-03 02:35:00+00:00,12537,108822.49,sl,-70.0,0.0,0.0,-70.0,-1.0,-651.8400000000111,368.50999999999476,-0.9312000000000158,0.5264428571428497,18,5400.0,18.0,171.97928571428824,279.604813950971,asian,Mon,1,False
189,BTCUSDm,long,2025-11-03 02:40:00+00:00,12538,108942.23,0.1,108242.23,109942.23,700.0,close_below_lower,0.7926325958388032,0.1,109442.23,0.5,0.0,0.0,0.0,,,False,2025-11-03 03:10:00+00:00,12544,108242.23,sl,-70.0,0.0,0.0,-70.0,-1.0,-282.31999999999243,209.79000000000815,-0.4033142857142749,0.2997000000000116,6,1800.0,18.0,243.60071428571246,300.4852560906641,asian,Mon,2,False
190,BTCUSDm,long,2025-11-03 03:15:00+00:00,12545,108245.58,0.1,107545.58,109245.58,700.0,close_below_lower,1.5594881802966756,0.1,108745.58,0.5,0.0,0.0,0.0,,,False,2025-11-03 04:05:00+00:00,12555,107545.58,sl,-70.0,0.0,0.0,-70.0,-1.0,-660.6999999999971,228.0500000000029,-0.9438571428571387,0.32578571428571845,10,3000.0,18.0,260.6900000000002,315.7813134875276,asian,Mon,3,False
191,BTCUSDm,long,2025-11-03 04:10:00+00:00,12556,107762.66,0.1,107062.66,108762.66,700.0,close_below_lower,0.24763425771505007,0.1,108262.66,0.5,0.0,0.0,0.0,,,False,2025-11-03 06:45:00+00:00,12587,107062.66,sl,-70.0,0.0,0.0,-70.0,-1.0,-482.68000000000757,355.4799999999959,-0.689542857142868,0.5078285714285656,31,9300.0,18.0,280.2714285714298,341.0323917392542,asian,Mon,4,False
192,BTCUSDm,long,2025-11-03 15:25:00+00:00,12691,107111.22,0.1,106411.22,108111.22,700.0,close_below_lower,0.3883724938965676,0.1,107611.22,0.5,0.0,0.0,0.0,,,False,2025-11-03 15:30:00+00:00,12692,105975.78,sl,-113.54400000000024,0.0,0.0,-113.54400000000024,-1.6220571428571462,-1433.1800000000076,27.770000000004075,-2.0474000000000108,0.039671428571434394,1,300.0,18.0,281.597142857145,416.076113892908,overlap,Mon,15,False
193,BTCUSDm,long,2025-11-03 15:35:00+00:00,12693,105926.02,0.1,105926.02,106926.02,700.0,close_below_lower,2.2945673908266855,0.05,106426.02,0.5,0.05,106426.02,25.0,12694.0,2025-11-03 15:40:00+00:00,True,2025-11-03 15:45:00+00:00,12695,105926.02,be_stop,25.0,0.0,0.0,25.0,0.35714285714285715,-77.55000000000291,601.5399999999936,-0.11078571428571844,0.859342857142848,2,600.0,18.0,400.3442857142883,430.99891968928216,overlap,Mon,15,False
194,BTCUSDm,long,2025-11-03 15:50:00+00:00,12696,105749.6,0.1,105749.6,106749.6,700.0,close_below_lower,1.6309012671662615,0.05,106249.6,0.5,0.05,106249.6,25.0,12701.0,2025-11-03 16:15:00+00:00,True,2025-11-03 16:50:00+00:00,12708,106749.6,tp,75.0,0.0,0.0,75.0,1.0714285714285714,-452.63000000000466,919.5899999999965,-0.6466142857142924,1.313699999999995,12,3600.0,18.0,472.337142857145,444.16978951600606,overlap,Mon,15,False
195,BTCUSDm,short,2025-11-03 17:25:00+00:00,12715,107237.58,0.1,107237.58,106237.58,700.0,close_above_upper,0.27126665440514114,0.05,106737.58,0.5,0.05,106755.58,24.1,12734.0,2025-11-03 19:00:00+00:00,True,2025-11-03 19:35:00+00:00,12741,107255.58,be_stop,23.200000000000003,0.0,0.0,23.200000000000003,0.33142857142857146,-411.08000000000175,824.6900000000023,-0.5872571428571454,1.1781285714285747,26,7800.0,18.0,344.97714285714443,489.07067990916903,newyork,Mon,17,False
196,BTCUSDm,long,2025-11-04 05:25:00+00:00,12859,105744.38,0.1,105044.38,106744.38,700.0,close_below_lower,0.49402360436471343,0.1,106244.38,0.5,0.0,0.0,0.0,,,False,2025-11-04 05:40:00+00:00,12862,105044.38,sl,-70.0,0.0,0.0,-70.0,-1.0,-570.0900000000111,155.15999999998894,-0.8144142857143015,0.22165714285712707,3,900.0,18.0,214.04071428571373,589.5845454286068,asian,Tue,5,False
197,BTCUSDm,long,2025-11-04 05:45:00+00:00,12863,104923.75,0.1,104223.75,105923.75,700.0,close_below_lower,0.8978593983074846,0.1,105423.75,0.5,0.0,0.0,0.0,,,False,2025-11-04 05:55:00+00:00,12865,104223.75,sl,-70.0,0.0,0.0,-70.0,-1.0,-551.7899999999936,127.57000000000698,-0.7882714285714194,0.18224285714286712,2,600.0,18.0,286.5792857142847,606.0902486070386,asian,Tue,5,False
198,BTCUSDm,long,2025-11-04 06:00:00+00:00,12866,104180.81,0.1,104180.81,105180.81,700.0,close_below_lower,1.1117303324404975,0.05,104680.81,0.5,0.05,104680.81,25.0,12868.0,2025-11-04 06:10:00+00:00,True,2025-11-04 06:15:00+00:00,12869,105180.81,tp,75.0,0.0,0.0,75.0,1.0714285714285714,-43.80999999999767,668.6500000000087,-0.06258571428571096,0.9552142857142982,3,900.0,18.0,350.3428571428563,626.6130161822159,asian,Tue,6,False
199,BTCUSDm,long,2025-11-04 14:40:00+00:00,12970,103048.39,0.1,103048.39,104048.39,700.0,close_below_lower,0.04179727346439738,0.05,103548.39,0.5,0.05,103867.46,40.95350000000035,12971.0,2025-11-04 14:45:00+00:00,True,2025-11-04 14:45:00+00:00,12971,104048.39,tp,90.95350000000036,0.0,0.0,90.95350000000036,1.2993357142857194,-109.88000000000466,860.3099999999977,-0.15697142857143523,1.2290142857142823,1,300.0,18.0,254.17071428571424,685.3516296168974,overlap,Tue,14,False
200,BTCUSDm,long,2025-11-04 16:00:00+00:00,12986,103172.17,0.1,102472.17,104172.17,700.0,close_below_lower,0.2324075060073957,0.1,103672.17,0.5,0.0,0.0,0.0,,,False,2025-11-04 16:20:00+00:00,12990,102472.17,sl,-70.0,0.0,0.0,-70.0,-1.0,-432.3999999999942,292.8000000000029,-0.6177142857142774,0.4182857142857184,4,1200.0,18.0,422.47428571428674,718.7441876672657,newyork,Tue,16,False
201,BTCUSDm,long,2025-11-04 16:25:00+00:00,12991,102568.31,0.1,101868.31,103568.31,700.0,close_below_lower,0.30114500139825995,0.1,103068.31,0.5,0.0,0.0,0.0,,,False,2025-11-04 17:00:00+00:00,12998,101868.31,sl,-70.0,0.0,0.0,-70.0,-1.0,-468.36999999999534,412.7700000000041,-0.6690999999999934,0.5896714285714344,7,2100.0,18.0,387.297142857141,735.6084328955908,newyork,Tue,16,False
202,BTCUSDm,long,2025-11-04 17:05:00+00:00,12999,101757.03,0.1,101057.03,102757.03,700.0,close_below_lower,0.24437083106026503,0.1,102257.03,0.5,0.0,0.0,0.0,,,False,2025-11-04 17:15:00+00:00,13001,101057.03,sl,-70.0,0.0,0.0,-70.0,-1.0,-575.6100000000006,185.68000000000757,-0.8223000000000008,0.2652571428571537,2,600.0,18.0,372.2728571428566,752.5557781958498,newyork,Tue,17,False
203,BTCUSDm,long,2025-11-04 17:20:00+00:00,13002,100882.72,0.1,100882.72,101882.72,700.0,close_below_lower,0.7087909738843843,0.05,101382.72,0.5,0.05,101382.72,25.0,13003.0,2025-11-04 17:25:00+00:00,True,2025-11-04 17:35:00+00:00,13005,101882.72,tp,75.0,0.0,0.0,75.0,1.0714285714285714,-39.11999999999534,836.6000000000058,-0.055885714285707634,1.1951428571428655,3,900.0,18.0,414.7264285714295,769.8714762375627,newyork,Tue,17,False
204,BTCUSDm,long,2025-11-04 21:35:00+00:00,13053,99079.41,0.1,99079.41,100079.41,700.0,close_below_lower,0.47683457642769217,0.05,99579.41,0.5,0.05,99579.41,25.0,13055.0,2025-11-04 21:45:00+00:00,True,2025-11-04 21:50:00+00:00,13056,99079.41,be_stop,25.0,0.0,0.0,25.0,0.35714285714285715,-199.22000000000116,646.3099999999977,-0.2846000000000017,0.9232999999999967,3,900.0,18.0,459.23785714285833,794.8834647547812,rollover,Tue,21,False
205,BTCUSDm,short,2025-11-04 22:10:00+00:00,13060,100926.73,0.1,101626.73,99926.73,700.0,close_above_upper,0.15400274872758862,0.1,100426.73,0.5,0.0,0.0,0.0,,,False,2025-11-04 22:35:00+00:00,13065,101644.73,sl,-71.8,0.0,0.0,-71.8,-1.0257142857142856,-654.6200000000099,190.40999999998894,-0.9351714285714428,0.2720142857142699,5,1500.0,18.0,499.36857142857065,805.6328977171647,rollover,Tue,22,False
206,BTCUSDm,long,2025-11-05 01:20:00+00:00,13098,99676.2,0.1,98976.2,100676.2,700.0,close_below_lower,0.021464419509386556,0.1,100176.2,0.5,0.0,0.0,0.0,,,False,2025-11-05 01:30:00+00:00,13100,98976.2,sl,-70.0,0.0,0.0,-70.0,-1.0,-630.2899999999936,86.3700000000099,-0.9004142857142766,0.12338571428572842,2,600.0,18.0,335.26428571428136,864.0993215488771,asian,Wed,1,False
207,BTCUSDm,long,2025-11-05 01:35:00+00:00,13101,99116.85,0.1,99116.85,100116.85,700.0,close_below_lower,0.1420050717498497,0.05,99616.85,0.5,0.05,99616.85,25.0,13103.0,2025-11-05 01:45:00+00:00,True,2025-11-05 01:50:00+00:00,13104,100116.85,tp,75.0,0.0,0.0,75.0,1.0714285714285714,-185.22000000000116,819.0399999999936,-0.26460000000000167,1.1700571428571338,3,900.0,18.0,377.87714285713963,882.340719543121,asian,Wed,1,False
208,BTCUSDm,short,2025-11-05 02:05:00+00:00,13107,101195.22,0.1,101895.22,100195.22,700.0,close_above_upper,0.2896272559687549,0.1,100695.22,0.5,0.0,0.0,0.0,,,False,2025-11-05 02:45:00+00:00,13115,101913.22,sl,-71.8,0.0,0.0,-71.8,-1.0257142857142856,-514.8600000000006,308.9100000000035,-0.7355142857142866,0.44130000000000497,8,2400.0,18.0,519.8978571428567,906.3913593589482,asian,Wed,2,False
209,BTCUSDm,long,2025-11-06 16:40:00+00:00,13570,100908.58,0.1,100908.58,101908.58,700.0,close_below_lower,0.36694701434771615,0.05,101408.58,0.5,0.05,101408.58,25.0,13576.0,2025-11-06 17:10:00+00:00,True,2025-11-06 17:15:00+00:00,13577,100907.12,be_stop,24.92699999999968,0.0,0.0,24.92699999999968,0.3560999999999954,-698.25,514.7799999999988,-0.9975,0.7353999999999984,7,2100.0,18.0,357.5185714285721,638.9747996481873,newyork,Thu,16,False
210,BTCUSDm,short,2025-11-06 18:50:00+00:00,13596,102218.28,0.1,102218.28,101218.28,700.0,close_above_upper,0.13193451091845065,0.05,101718.28,0.5,0.05,101736.28,24.1,13597.0,2025-11-06 18:55:00+00:00,True,2025-11-06 19:40:00+00:00,13606,101236.28,tp,73.2,0.0,0.0,73.2,1.0457142857142858,-61.19000000000233,698.0399999999936,-0.08741428571428904,0.9971999999999909,10,3000.0,18.0,319.7771428571432,647.6099860153987,newyork,Thu,18,False
211,BTCUSDm,long,2025-11-07 11:15:00+00:00,13793,100053.45,0.1,100053.45,101053.45,700.0,close_below_lower,0.009482801172570807,0.05,100553.45,0.5,0.05,100553.45,25.0,13803.0,2025-11-07 12:05:00+00:00,True,2025-11-07 12:20:00+00:00,13806,100053.45,be_stop,25.0,0.0,0.0,25.0,0.35714285714285715,-320.4499999999971,515.1699999999983,-0.45778571428571013,0.7359571428571403,13,3900.0,18.0,211.61000000000058,578.5412891360211,london,Fri,11,False
212,BTCUSDm,long,2025-11-07 12:50:00+00:00,13812,99356.23,0.1,99356.23,100356.23,700.0,close_below_lower,0.021448991048719862,0.05,99856.23,0.5,0.05,99856.23,25.0,13816.0,2025-11-07 13:10:00+00:00,True,2025-11-07 13:20:00+00:00,13818,100356.23,tp,75.0,0.0,0.0,75.0,1.0714285714285714,-192.39999999999418,875.2300000000105,-0.27485714285713453,1.2503285714285863,6,1800.0,18.0,239.82142857142858,591.6012633995256,overlap,Fri,12,False
213,BTCUSDm,short,2025-11-07 15:15:00+00:00,13841,101079.49,0.1,101079.49,100079.49,700.0,close_above_upper,0.045057811383397525,0.05,100579.49,0.5,0.05,100597.49,24.1,13845.0,2025-11-07 15:35:00+00:00,True,2025-11-07 16:20:00+00:00,13854,101097.49,be_stop,23.200000000000003,0.0,0.0,23.200000000000003,0.33142857142857146,-116.55999999999767,753.0200000000041,-0.1665142857142824,1.0757428571428629,13,3900.0,18.0,433.4549999999986,611.0126759883393,overlap,Fri,15,False
214,BTCUSDm,short,2025-11-07 16:30:00+00:00,13856,101440.5,0.1,101440.5,100440.5,700.0,close_above_upper,0.026996156296340227,0.05,100940.5,0.5,0.05,100958.5,24.1,13861.0,2025-11-07 16:55:00+00:00,True,2025-11-07 17:10:00+00:00,13864,101458.5,be_stop,23.200000000000003,0.0,0.0,23.200000000000003,0.33142857142857146,-109.05999999999767,578.6499999999942,-0.15579999999999666,0.8266428571428488,8,2400.0,18.0,361.96571428571144,615.830218983672,newyork,Fri,16,False
215,BTCUSDm,short,2025-11-07 17:25:00+00:00,13867,102097.73,0.1,102797.73,101097.73,700.0,close_above_upper,0.3026387770420864,0.1,101597.73,0.5,0.0,0.0,0.0,,,False,2025-11-07 19:15:00+00:00,13889,102815.73,sl,-71.8,0.0,0.0,-71.8,-1.0257142857142856,-699.9400000000023,292.679999999993,-0.9999142857142891,0.4181142857142757,22,6600.0,18.0,367.9957142857134,621.3642247444034,newyork,Fri,17,False
216,BTCUSDm,long,2025-11-09 00:20:00+00:00,14238,101672.97,0.1,101672.97,102672.97,700.0,close_below_lower,0.18135995823285847,0.05,102172.97,0.5,0.05,102172.97,25.0,14369.0,2025-11-09 11:15:00+00:00,True,2025-11-09 13:30:00+00:00,14396,102672.97,tp,75.0,0.0,0.0,75.0,1.0714285714285714,-353.7700000000041,832.5399999999936,-0.5053857142857201,1.189342857142848,158,47400.0,18.0,104.39857142857052,479.6176253861929,asian,Sun,0,False
217,BTCUSDm,short,2025-11-09 13:35:00+00:00,14397,102632.74,0.1,103332.74,101632.74,700.0,close_above_upper,0.025544296678914266,0.1,102132.74,0.5,0.0,0.0,0.0,,,False,2025-11-09 14:25:00+00:00,14407,103350.74,sl,-71.8,0.0,0.0,-71.8,-1.0257142857142856,-682.3600000000006,65.6200000000099,-0.9748000000000008,0.09374285714287128,10,3000.0,18.0,129.55285714285543,335.0859032806195,overlap,Sun,13,False
218,BTCUSDm,short,2025-11-09 14:30:00+00:00,14408,103841.97,0.1,103841.97,102841.97,700.0,close_above_upper,1.600381898320409,0.05,103341.97,0.5,0.05,103359.97,24.1,14409.0,2025-11-09 14:35:00+00:00,True,2025-11-09 15:40:00+00:00,14422,103859.97,be_stop,23.200000000000003,0.0,0.0,23.200000000000003,0.33142857142857146,-183.39999999999418,965.2100000000064,-0.2619999999999917,1.3788714285714376,14,4200.0,18.0,229.249285714284,345.041456559249,overlap,Sun,14,False
219,BTCUSDm,short,2025-11-09 15:45:00+00:00,14423,103815.07,0.1,103815.07,102815.07,700.0,close_above_upper,0.05409591330141738,0.05,103315.07,0.5,0.05,103333.07,24.1,14429.0,2025-11-09 16:15:00+00:00,True,2025-11-09 16:50:00+00:00,14436,103833.07,be_stop,23.200000000000003,0.0,0.0,23.200000000000003,0.33142857142857146,-387.7899999999936,516.820000000007,-0.5539857142857051,0.7383142857142957,13,3900.0,18.0,245.82857142857287,352.9600575605454,overlap,Sun,15,False
220,BTCUSDm,short,2025-11-09 18:50:00+00:00,14460,104299.86,0.1,104999.86,103299.86,700.0,close_above_upper,0.7622642525725657,0.1,103799.86,0.5,0.0,0.0,0.0,,,False,2025-11-09 20:05:00+00:00,14475,105017.86,sl,-71.8,0.0,0.0,-71.8,-1.0257142857142856,-676.8800000000047,181.05999999999767,-0.9669714285714353,0.25865714285713953,15,4500.0,18.0,154.47928571428514,339.8528996236292,newyork,Sun,18,False
221,BTCUSDm,long,2025-11-09 22:10:00+00:00,14500,104107.57,0.1,104107.57,105107.57,700.0,close_below_lower,0.20451405192854513,0.05,104607.57,0.5,0.05,104607.57,25.0,14501.0,2025-11-09 22:15:00+00:00,True,2025-11-09 23:00:00+00:00,14510,105107.57,tp,75.0,0.0,0.0,75.0,1.0714285714285714,-18.0,695.359999999986,-0.025714285714285714,0.9933714285714086,10,3000.0,18.0,166.4671428571424,354.95894762577484,rollover,Sun,22,False
222,BTCUSDm,short,2025-11-09 23:05:00+00:00,14511,105137.67,0.1,105137.67,104137.67,700.0,close_above_upper,0.7220875702566592,0.05,104637.67,0.5,0.05,104655.67,24.1,14515.0,2025-11-09 23:25:00+00:00,True,2025-11-10 00:15:00+00:00,14525,105155.67,be_stop,23.200000000000003,0.0,0.0,23.200000000000003,0.33142857142857146,-15.919999999998254,912.0500000000029,-0.022742857142854647,1.3029285714285757,14,4200.0,18.0,276.68357142856775,362.01224414393425,rollover,Sun,23,False
223,BTCUSDm,short,2025-11-10 00:20:00+00:00,14526,105226.25,0.1,105926.25,104226.25,700.0,close_above_upper,0.3305540144629317,0.1,104726.25,0.5,0.0,0.0,0.0,,,False,2025-11-10 00:35:00+00:00,14529,105944.25,sl,-71.8,0.0,0.0,-71.8,-1.0257142857142856,-486.5399999999936,23.080000000001746,-0.6950571428571337,0.032971428571431066,3,900.0,18.0,242.90928571428645,366.8479069600027,asian,Mon,0,False
224,BTCUSDm,short,2025-11-10 00:40:00+00:00,14530,105987.41,0.1,105987.41,104987.41,700.0,close_above_upper,1.298891790124136,0.05,105487.41,0.5,0.05,105505.41,24.1,14699.0,2025-11-10 14:45:00+00:00,True,2025-11-10 14:50:00+00:00,14700,105005.41,tp,73.2,0.0,0.0,73.2,1.0457142857142858,-679.0500000000029,820.1100000000006,-0.9700714285714327,1.1715857142857151,170,51000.0,18.0,280.817857142858,382.75025011277245,asian,Mon,0,False
225,BTCUSDm,long,2025-11-10 14:55:00+00:00,14701,104690.72,0.1,104690.72,105690.72,700.0,close_below_lower,1.7094355448720773,0.05,105190.72,0.5,0.05,105190.72,25.0,14703.0,2025-11-10 15:05:00+00:00,True,2025-11-10 15:50:00+00:00,14712,104690.72,be_stop,25.0,0.0,0.0,25.0,0.35714285714285715,-48.11000000000058,912.6199999999953,-0.06872857142857226,1.3037428571428504,11,3300.0,18.0,272.32500000000226,442.6167671309305,overlap,Mon,14,False
226,BTCUSDm,short,2025-11-11 01:20:00+00:00,14826,107316.34,0.1,107316.34,106316.34,700.0,close_above_upper,1.4458313318909664,0.05,106816.34,0.5,0.05,106834.34,24.1,14827.0,2025-11-11 01:25:00+00:00,True,2025-11-11 01:35:00+00:00,14829,106334.34,tp,73.2,0.0,0.0,73.2,1.0457142857142858,-155.8700000000099,789.5199999999895,-0.2226714285714427,1.1278857142856993,3,900.0,18.0,262.15571428571275,518.4413287300245,asian,Tue,1,False
227,BTCUSDm,long,2025-11-11 12:50:00+00:00,14964,104452.04,0.1,103752.04,105452.04,700.0,close_below_lower,0.06840043661356103,0.1,104952.04,0.5,0.0,0.0,0.0,,,False,2025-11-11 15:25:00+00:00,14995,103752.04,sl,-70.0,0.0,0.0,-70.0,-1.0,-624.5599999999977,243.23000000001048,-0.8922285714285682,0.34747142857144353,31,9300.0,18.0,180.39999999999938,543.6724000045989,overlap,Tue,12,False
228,BTCUSDm,short,2025-11-12 08:40:00+00:00,15202,104144.79,0.1,104844.79,103144.79,700.0,close_above_upper,0.2751025081742888,0.1,103644.79,0.5,0.0,0.0,0.0,,,False,2025-11-12 09:10:00+00:00,15208,104862.79,sl,-71.8,0.0,0.0,-71.8,-1.0257142857142856,-320.6200000000099,167.76999999998952,-0.45802857142858555,0.2396714285714136,6,1800.0,18.0,173.7071428571414,482.2580998265992,london,Wed,8,False
229,BTCUSDm,short,2025-11-12 09:15:00+00:00,15209,104770.36,0.1,104770.36,103770.36,700.0,close_above_upper,0.509278610565943,0.05,104270.36,0.5,0.05,104288.36,24.1,15275.0,2025-11-12 14:45:00+00:00,True,2025-11-12 14:45:00+00:00,15275,103788.36,tp,73.2,0.0,0.0,73.2,1.0457142857142858,-550.5,377.1900000000023,-0.7864285714285715,0.5388428571428605,66,19800.0,18.0,205.73928571428405,490.7199623930103,london,Wed,9,False
230,BTCUSDm,long,2025-11-12 14:50:00+00:00,15276,103938.92,0.1,103238.92,104938.92,700.0,close_below_lower,0.7024581568741822,0.1,104438.92,0.5,0.0,0.0,0.0,,,False,2025-11-12 15:35:00+00:00,15285,103238.92,sl,-70.0,0.0,0.0,-70.0,-1.0,-683.5299999999988,365.68000000000757,-0.9764714285714269,0.5224000000000109,9,2700.0,18.0,246.70142857142804,485.3158257132353,overlap,Wed,14,False
231,BTCUSDm,long,2025-11-12 15:40:00+00:00,15286,102897.33,0.1,102197.33,103897.33,700.0,close_below_lower,0.8881222603032327,0.1,103397.33,0.5,0.0,0.0,0.0,,,False,2025-11-12 15:50:00+00:00,15288,102197.33,sl,-70.0,0.0,0.0,-70.0,-1.0,-414.4100000000035,45.44999999999709,-0.5920142857142907,0.06492857142856727,2,600.0,18.0,445.2485714285732,506.8905008149069,overlap,Wed,15,False
232,BTCUSDm,long,2025-11-12 15:55:00+00:00,15289,102100.02,0.1,101400.02,103100.02,700.0,close_below_lower,1.4571376926091508,0.1,102600.02,0.5,0.0,0.0,0.0,,,False,2025-11-12 16:10:00+00:00,15292,101400.02,sl,-70.0,0.0,0.0,-70.0,-1.0,-341.1200000000099,173.38999999999942,-0.48731428571429986,0.24769999999999917,3,900.0,18.0,495.45500000000175,524.9023841797448,overlap,Wed,15,False
233,BTCUSDm,long,2025-11-12 16:15:00+00:00,15293,101513.3,0.1,101513.3,102513.3,700.0,close_below_lower,1.1725711541711505,0.05,102013.3,0.5,0.05,102013.3,25.0,15296.0,2025-11-12 16:30:00+00:00,True,2025-11-12 16:45:00+00:00,15299,101513.3,be_stop,25.0,0.0,0.0,25.0,0.35714285714285715,-74.13999999999942,586.5899999999965,-0.10591428571428488,0.8379857142857093,6,1800.0,18.0,425.91857142857253,549.8928511684701,newyork,Wed,16,False
234,BTCUSDm,short,2025-11-13 01:15:00+00:00,15401,102370.22,0.1,102370.22,101370.22,700.0,close_above_upper,0.03327125072494457,0.05,101870.22,0.5,0.05,101888.22,24.1,15403.0,2025-11-13 01:25:00+00:00,True,2025-11-13 01:40:00+00:00,15406,102388.22,be_stop,23.200000000000003,0.0,0.0,23.200000000000003,0.33142857142857146,-70.72000000000116,535.3099999999977,-0.10102857142857309,0.7647285714285681,5,1500.0,18.0,226.24000000000004,504.76370095858147,asian,Thu,1,False
235,BTCUSDm,long,2025-11-13 03:15:00+00:00,15425,101351.34,0.1,101351.34,102351.34,700.0,close_below_lower,0.3247891964494615,0.05,101851.34,0.5,0.05,101851.34,25.0,15427.0,2025-11-13 03:25:00+00:00,True,2025-11-13 03:30:00+00:00,15428,102351.34,tp,75.0,0.0,0.0,75.0,1.0714285714285714,-461.3399999999965,788.8700000000099,-0.6590571428571379,1.126957142857157,3,900.0,18.0,189.74500000000054,505.6106175718789,asian,Thu,3,False
236,BTCUSDm,short,2025-11-13 05:50:00+00:00,15456,102729.31,0.1,103429.31,101729.31,700.0,close_above_upper,0.02487531297319931,0.1,102229.31,0.5,0.0,0.0,0.0,,,False,2025-11-13 06:20:00+00:00,15462,103447.31,sl,-71.8,0.0,0.0,-71.8,-1.0257142857142856,-648.9199999999983,17.580000000001746,-0.927028571428569,0.02511428571428821,6,1800.0,18.0,192.61214285714232,521.5261723580231,asian,Thu,5,False
237,BTCUSDm,short,2025-11-13 06:25:00+00:00,15463,103501.86,0.1,103501.86,102501.86,700.0,close_above_upper,0.2602834096986039,0.05,103001.86,0.5,0.05,103019.86,24.1,15495.0,2025-11-13 09:05:00+00:00,True,2025-11-13 13:25:00+00:00,15547,102519.86,tp,73.2,0.0,0.0,73.2,1.0457142857142858,-535.2200000000012,967.5099999999948,-0.7646000000000016,1.3821571428571353,84,25200.0,18.0,260.3699999999995,535.9087925699691,asian,Thu,6,False
238,BTCUSDm,long,2025-11-13 13:35:00+00:00,15549,102368.74,0.1,102368.74,103368.74,700.0,close_below_lower,0.011521358646357003,0.05,102868.74,0.5,0.05,102868.74,25.0,15564.0,2025-11-13 14:50:00+00:00,True,2025-11-13 14:50:00+00:00,15564,103368.74,tp,75.0,0.0,0.0,75.0,1.0714285714285714,-668.2799999999988,273.54999999998836,-0.9546857142857126,0.39078571428569764,15,4500.0,18.0,173.41357142856785,537.5530672873949,overlap,Thu,13,False
239,BTCUSDm,long,2025-11-13 15:45:00+00:00,15575,101585.11,0.1,100885.11,102585.11,700.0,close_below_lower,0.2022485063867928,0.1,102085.11,0.5,0.0,0.0,0.0,,,False,2025-11-13 16:15:00+00:00,15581,100885.11,sl,-70.0,0.0,0.0,-70.0,-1.0,-586.4700000000012,16.369999999995343,-0.8378142857142874,0.023385714285707633,6,1800.0,18.0,577.9264285714277,556.9116162001658,overlap,Thu,15,False
240,BTCUSDm,long,2025-11-13 16:20:00+00:00,15582,100820.59,0.1,100820.59,101820.59,700.0,close_below_lower,0.2992212215791555,0.05,101320.59,0.5,0.05,101320.59,25.0,15584.0,2025-11-13 16:30:00+00:00,True,2025-11-13 16:40:00+00:00,15586,100820.59,be_stop,25.0,0.0,0.0,25.0,0.35714285714285715,-164.8000000000029,572.9700000000012,-0.2354285714285756,0.818528571428573,4,1200.0,18.0,379.47357142857174,577.2773014921935,newyork,Thu,16,False
241,BTCUSDm,long,2025-11-13 18:00:00+00:00,15602,99618.3,0.1,98918.3,100618.3,700.0,close_below_lower,0.06149168168404727,0.1,100118.3,0.5,0.0,0.0,0.0,,,False,2025-11-13 18:25:00+00:00,15607,98918.3,sl,-70.0,0.0,0.0,-70.0,-1.0,-681.0599999999977,249.1299999999901,-0.9729428571428538,0.35589999999998584,5,1500.0,18.0,298.32571428571515,611.4921544119757,newyork,Thu,18,False
242,BTCUSDm,long,2025-11-13 18:35:00+00:00,15609,98547.74,0.1,98547.74,99547.74,700.0,close_below_lower,0.536896435221569,0.05,99047.74,0.5,0.05,99047.74,25.0,15619.0,2025-11-13 19:25:00+00:00,True,2025-11-13 19:35:00+00:00,15621,98547.74,be_stop,25.0,0.0,0.0,25.0,0.35714285714285715,-476.20000000001164,686.9099999999889,-0.6802857142857309,0.9812999999999842,12,3600.0,18.0,353.095714285713,637.2446822297195,newyork,Thu,18,False
243,BTCUSDm,long,2025-11-14 00:10:00+00:00,15676,99167.38,0.1,99167.38,100167.38,700.0,close_below_lower,0.01034226977008896,0.05,99667.38,0.5,0.05,99667.38,25.0,15680.0,2025-11-14 00:30:00+00:00,True,2025-11-14 00:35:00+00:00,15681,99167.38,be_stop,25.0,0.0,0.0,25.0,0.35714285714285715,-444.15000000000873,563.7200000000012,-0.6345000000000125,0.8053142857142874,5,1500.0,18.0,302.4092857142844,724.4031438920563,asian,Fri,0,False
244,BTCUSDm,long,2025-11-14 04:35:00+00:00,15729,97678.47,0.1,96978.47,98678.47,700.0,close_below_lower,0.6076469488377146,0.1,98178.47,0.5,0.0,0.0,0.0,,,False,2025-11-14 04:40:00+00:00,15730,96867.75,sl,-81.07200000000012,0.0,0.0,-81.07200000000012,-1.1581714285714302,-1048.6499999999942,469.5,-1.4980714285714203,0.6707142857142857,1,300.0,18.0,277.0728571428585,741.7479100653266,asian,Fri,4,False
245,BTCUSDm,long,2025-11-14 04:45:00+00:00,15731,97560.16,0.1,96860.16,98560.16,700.0,close_below_lower,0.27843029666028374,0.1,98060.16,0.5,0.0,0.0,0.0,,,False,2025-11-14 06:15:00+00:00,15749,96860.16,sl,-70.0,0.0,0.0,-70.0,-1.0,-643.3500000000058,425.5899999999965,-0.9190714285714369,0.6079857142857092,18,5400.0,18.0,426.7300000000011,756.4417915739944,asian,Fri,4,False
246,BTCUSDm,long,2025-11-14 12:40:00+00:00,15826,94978.94,0.1,94978.94,95978.94,700.0,close_below_lower,0.03739332733820572,0.05,95478.94,0.5,0.05,95478.94,25.0,15828.0,2025-11-14 12:50:00+00:00,True,2025-11-14 13:10:00+00:00,15832,94978.94,be_stop,25.0,0.0,0.0,25.0,0.35714285714285715,-497.63000000000466,653.2099999999919,-0.7109000000000066,0.9331571428571312,6,1800.0,18.0,395.33999999999753,749.9350911136307,overlap,Fri,12,False
247,BTCUSDm,short,2025-11-14 14:40:00+00:00,15850,96208.9,0.1,96908.9,95208.9,700.0,close_above_upper,0.10364585658268123,0.1,95708.9,0.5,0.0,0.0,0.0,,,False,2025-11-14 15:45:00+00:00,15863,96926.9,sl,-71.8,0.0,0.0,-71.8,-1.0257142857142856,-603.4900000000052,444.86999999999534,-0.8621285714285789,0.6355285714285648,13,3900.0,18.0,482.15071428571326,772.4930589478025,overlap,Fri,14,False
248,BTCUSDm,short,2025-11-16 10:00:00+00:00,16370,96542.65,0.1,96542.65,95542.65,700.0,close_above_upper,0.02147196657805972,0.05,96042.65,0.5,0.05,96060.65,24.1,16384.0,2025-11-16 11:10:00+00:00,True,2025-11-16 11:25:00+00:00,16387,95560.65,tp,73.2,0.0,0.0,73.2,1.0457142857142858,0.0,888.9499999999971,0.0,1.2699285714285673,17,5100.0,18.0,149.4757142857114,455.26158498375503,london,Sun,10,False
249,BTCUSDm,long,2025-11-16 11:30:00+00:00,16388,95564.08,0.1,94864.08,96564.08,700.0,close_below_lower,0.3193755794103142,0.1,96064.08,0.5,0.0,0.0,0.0,,,False,2025-11-16 15:50:00+00:00,16440,94864.08,sl,-70.0,0.0,0.0,-70.0,-1.0,-509.3099999999977,278.1900000000023,-0.727585714285711,0.39741428571428905,52,15600.0,18.0,141.31428571428737,447.34098465190493,london,Sun,11,False
250,BTCUSDm,long,2025-11-16 15:55:00+00:00,16441,94666.9,0.1,93966.9,95666.9,700.0,close_below_lower,0.6647215640357221,0.1,95166.9,0.5,0.0,0.0,0.0,,,False,2025-11-16 17:40:00+00:00,16462,93966.9,sl,-70.0,0.0,0.0,-70.0,-1.0,-698.3899999999994,207.81000000001222,-0.9976999999999991,0.29687142857144605,21,6300.0,18.0,163.92714285714672,390.5036444775408,overlap,Sun,15,False
251,BTCUSDm,short,2025-11-16 18:10:00+00:00,16468,94751.37,0.1,94751.37,93751.37,700.0,close_above_upper,0.22817007385531102,0.05,94251.37,0.5,0.05,94269.37,24.1,16474.0,2025-11-16 18:40:00+00:00,True,2025-11-16 18:45:00+00:00,16475,93769.37,tp,73.2,0.0,0.0,73.2,1.0457142857142858,-761.2900000000081,668.0499999999884,-1.0875571428571544,0.9543571428571263,7,2100.0,18.0,282.586428571428,395.0205163182992,newyork,Sun,18,False
252,BTCUSDm,long,2025-11-16 18:50:00+00:00,16476,93867.16,0.1,93867.16,94867.16,700.0,close_below_lower,0.5148160532913852,0.05,94367.16,0.5,0.05,94367.16,25.0,16480.0,2025-11-16 19:10:00+00:00,True,2025-11-16 21:00:00+00:00,16502,93867.16,be_stop,25.0,0.0,0.0,25.0,0.35714285714285715,-123.19999999999709,819.3499999999913,-0.17599999999999585,1.1704999999999874,26,7800.0,18.0,372.3971428571427,411.5749798295073,newyork,Sun,18,False
253,BTCUSDm,long,2025-11-16 21:10:00+00:00,16504,93735.44,0.1,93035.44,94735.44,700.0,close_below_lower,0.12987851333747638,0.1,94235.44,0.5,0.0,0.0,0.0,,,False,2025-11-16 22:05:00+00:00,16515,93035.44,sl,-70.0,0.0,0.0,-70.0,-1.0,-650.4400000000023,68.14999999999418,-0.9292000000000034,0.09735714285713454,11,3300.0,18.0,214.4628571428579,389.43966008800385,rollover,Sun,21,False
254,BTCUSDm,long,2025-11-16 22:10:00+00:00,16516,92993.88,0.1,92993.88,93993.88,700.0,close_below_lower,0.30405106963015555,0.05,93493.88,0.5,0.05,93493.88,25.0,16518.0,2025-11-16 22:20:00+00:00,True,2025-11-16 22:45:00+00:00,16523,93993.88,tp,75.0,0.0,0.0,75.0,1.0714285714285714,-27.880000000004657,823.7999999999884,-0.03982857142857808,1.1768571428571262,7,2100.0,18.0,237.92500000000186,408.49093101920863,rollover,Sun,22,False
255,BTCUSDm,short,2025-11-16 22:50:00+00:00,16524,94104.51,0.1,94104.51,93104.51,700.0,close_above_upper,0.36828893907070936,0.05,93604.51,0.5,0.05,93622.51,24.1,16526.0,2025-11-16 23:00:00+00:00,True,2025-11-16 23:00:00+00:00,16526,93122.51,tp,73.2,0.0,0.0,73.2,1.0457142857142858,-332.8700000000099,53.330000000001746,-0.47552857142858557,0.07618571428571679,2,600.0,18.0,302.55357142857247,411.6495355019849,rollover,Sun,22,False
256,BTCUSDm,long,2025-11-16 23:05:00+00:00,16527,93005.29,0.1,93005.29,94005.29,700.0,close_below_lower,0.5233792951797273,0.05,93505.29,0.5,0.05,93505.29,25.0,16528.0,2025-11-16 23:10:00+00:00,True,2025-11-16 23:15:00+00:00,16529,94005.29,tp,75.0,0.0,0.0,75.0,1.0714285714285714,-99.04999999998836,873.2300000000105,-0.14149999999998336,1.2474714285714434,2,600.0,18.0,384.1757142857158,420.7615828840975,rollover,Sun,23,False
257,BTCUSDm,short,2025-11-16 23:25:00+00:00,16531,94280.51,0.1,94280.51,93280.51,700.0,close_above_upper,0.3283638001540094,0.05,93780.51,0.5,0.05,93798.51,24.1,16541.0,2025-11-17 00:15:00+00:00,True,2025-11-17 00:25:00+00:00,16543,94298.51,be_stop,23.200000000000003,0.0,0.0,23.200000000000003,0.33142857142857146,-188.48000000001048,583.5199999999895,-0.26925714285715785,0.833599999999985,12,3600.0,18.0,448.6992857142873,426.66834786498305,rollover,Sun,23,False
258,BTCUSDm,short,2025-11-17 00:30:00+00:00,16544,94644.28,0.1,95344.28,93644.28,700.0,close_above_upper,0.10217840198174181,0.1,94144.28,0.5,0.0,0.0,0.0,,,False,2025-11-17 01:00:00+00:00,16550,95362.28,sl,-71.8,0.0,0.0,-71.8,-1.0257142857142856,-672.2400000000052,163.05999999999767,-0.9603428571428646,0.23294285714285382,6,1800.0,18.0,318.18357142857195,433.75226071259783,asian,Mon,0,False
259,BTCUSDm,short,2025-11-17 01:05:00+00:00,16551,95237.38,0.1,95237.38,94237.38,700.0,close_above_upper,0.3367289183960377,0.05,94737.38,0.5,0.05,94755.38,24.1,16560.0,2025-11-17 01:50:00+00:00,True,2025-11-17 02:10:00+00:00,16564,95255.38,be_stop,23.200000000000003,0.0,0.0,23.200000000000003,0.33142857142857146,0.0,596.4199999999983,0.0,0.8520285714285689,13,3900.0,18.0,340.1392857142855,449.0111378067087,asian,Mon,1,False
260,BTCUSDm,long,2025-11-17 13:30:00+00:00,16700,94514.68,0.1,93814.68,95514.68,700.0,close_below_lower,0.22172433398884214,0.1,95014.68,0.5,0.0,0.0,0.0,,,False,2025-11-17 13:40:00+00:00,16702,93814.68,sl,-70.0,0.0,0.0,-70.0,-1.0,-493.60999999998603,103.9200000000128,-0.7051571428571229,0.14845714285716116,2,600.0,18.0,180.87714285714068,474.2113753934751,overlap,Mon,13,False
261,BTCUSDm,long,2025-11-17 13:45:00+00:00,16703,93791.4,0.1,93791.4,94791.4,700.0,close_below_lower,0.9548050495841205,0.05,94291.4,0.5,0.05,94291.4,25.0,16709.0,2025-11-17 14:15:00+00:00,True,2025-11-17 14:30:00+00:00,16712,94791.4,tp,75.0,0.0,0.0,75.0,1.0714285714285714,-313.45999999999185,589.5200000000041,-0.4477999999999884,0.8421714285714343,9,2700.0,18.0,239.58642857142695,489.18543024796253,overlap,Mon,13,False
262,BTCUSDm,short,2025-11-17 14:35:00+00:00,16713,94776.67,0.1,95476.67,93776.67,700.0,close_above_upper,0.2652438739114341,0.1,94276.67,0.5,0.0,0.0,0.0,,,False,2025-11-17 14:40:00+00:00,16714,95494.67,sl,-71.8,0.0,0.0,-71.8,-1.0257142857142856,-1178.1900000000023,98.49000000000524,-1.6831285714285749,0.14070000000000749,1,300.0,18.0,385.3321428571435,498.18941783622813,overlap,Mon,14,False
263,BTCUSDm,short,2025-11-17 14:45:00+00:00,16715,95058.7,0.1,95058.7,94058.7,700.0,close_above_upper,0.40165413228351743,0.05,94558.7,0.5,0.05,94576.7,24.1,16717.0,2025-11-17 14:55:00+00:00,True,2025-11-17 15:15:00+00:00,16721,94076.7,tp,73.2,0.0,0.0,73.2,1.0457142857142858,-420.1000000000058,973.4400000000023,-0.6001428571428654,1.3906285714285747,6,1800.0,18.0,444.0464285714292,505.81677101065395,overlap,Mon,14,False
264,BTCUSDm,long,2025-11-17 15:20:00+00:00,16722,93807.67,0.1,93807.67,94807.67,700.0,close_below_lower,0.343105334122969,0.05,94307.67,0.5,0.05,94307.67,25.0,16723.0,2025-11-17 15:25:00+00:00,True,2025-11-17 16:00:00+00:00,16730,93807.67,be_stop,25.0,0.0,0.0,25.0,0.35714285714285715,-47.779999999998836,814.6300000000047,-0.0682571428571412,1.1637571428571496,8,2400.0,18.0,581.8907142857154,517.7825769624486,overlap,Mon,15,False
265,BTCUSDm,long,2025-11-17 16:05:00+00:00,16731,93595.49,0.1,93595.49,94595.49,700.0,close_below_lower,0.045806358475087995,0.05,94095.49,0.5,0.05,94095.49,25.0,16740.0,2025-11-17 16:50:00+00:00,True,2025-11-17 17:25:00+00:00,16747,93595.49,be_stop,25.0,0.0,0.0,25.0,0.35714285714285715,-632.7000000000116,735.0299999999988,-0.9038571428571595,1.0500428571428555,16,4800.0,18.0,465.9735714285728,526.0565432780405,newyork,Mon,16,False
266,BTCUSDm,long,2025-11-17 17:45:00+00:00,16751,92768.96,0.1,92068.96,93768.96,700.0,close_below_lower,0.46816754173720565,0.1,93268.96,0.5,0.0,0.0,0.0,,,False,2025-11-17 19:25:00+00:00,16771,92068.96,sl,-70.0,0.0,0.0,-70.0,-1.0,-699.2800000000134,343.429999999993,-0.9989714285714477,0.49061428571427573,20,6000.0,18.0,333.47285714285783,564.3745655915031,newyork,Mon,17,False
267,BTCUSDm,long,2025-11-18 02:20:00+00:00,16854,90848.0,0.1,90848.0,91848.0,700.0,close_below_lower,0.06691371213596949,0.05,91348.0,0.5,0.05,91348.0,25.0,16855.0,2025-11-18 02:25:00+00:00,True,2025-11-18 02:55:00+00:00,16861,90848.0,be_stop,25.0,0.0,0.0,25.0,0.35714285714285715,-35.94000000000233,779.4900000000052,-0.05134285714286047,1.1135571428571502,7,2100.0,18.0,288.5778571428579,645.8744691472007,asian,Tue,2,False
268,BTCUSDm,long,2025-11-18 03:05:00+00:00,16863,90299.83,0.1,89599.83,91299.83,700.0,close_below_lower,0.3044827945307529,0.1,90799.83,0.5,0.0,0.0,0.0,,,False,2025-11-18 03:30:00+00:00,16868,89599.83,sl,-70.0,0.0,0.0,-70.0,-1.0,-395.75999999999476,284.5399999999936,-0.5653714285714211,0.4064857142857051,5,1500.0,18.0,382.7135714285708,657.434048051126,asian,Tue,3,False
269,BTCUSDm,long,2025-11-18 03:35:00+00:00,16869,89682.83,0.1,89682.83,90682.83,700.0,close_below_lower,0.27583148922563144,0.05,90182.83,0.5,0.05,90551.04,43.410499999999594,16870.0,2025-11-18 03:40:00+00:00,True,2025-11-18 03:40:00+00:00,16870,90682.83,tp,93.41049999999959,0.0,0.0,93.41049999999959,1.3344357142857084,-33.070000000006985,955.2200000000012,-0.04724285714286712,1.3646000000000016,1,300.0,18.0,363.3207142857115,678.0600562733135,asian,Tue,3,False
270,BTCUSDm,short,2025-11-18 15:20:00+00:00,17010,92300.84,0.1,93000.84,91300.84,700.0,close_above_upper,0.06342490878778889,0.1,91800.84,0.5,0.0,0.0,0.0,,,False,2025-11-18 16:05:00+00:00,17019,93018.84,sl,-71.8,0.0,0.0,-71.8,-1.0257142857142856,-653.1100000000006,45.44000000000233,-0.9330142857142866,0.06491428571428905,9,2700.0,18.0,481.4099999999983,672.5233316656803,overlap,Tue,15,False
271,BTCUSDm,short,2025-11-18 16:30:00+00:00,17024,93653.45,0.1,93653.45,92653.45,700.0,close_above_upper,0.07467534341679416,0.05,93153.45,0.5,0.05,93171.45,24.1,17027.0,2025-11-18 16:45:00+00:00,True,2025-11-18 18:05:00+00:00,17043,93671.45,be_stop,23.200000000000003,0.0,0.0,23.200000000000003,0.33142857142857146,-111.9600000000064,907.6900000000023,-0.1599428571428663,1.2967000000000033,19,5700.0,18.0,406.12214285714333,701.4664877007045,newyork,Tue,16,False
272,BTCUSDm,long,2025-11-19 00:20:00+00:00,17118,91920.61,0.1,91920.61,92920.61,700.0,close_below_lower,0.13526915464603828,0.05,92420.61,0.5,0.05,92420.61,25.0,17122.0,2025-11-19 00:40:00+00:00,True,2025-11-19 01:15:00+00:00,17129,91920.61,be_stop,25.0,0.0,0.0,25.0,0.35714285714285715,-18.539999999993597,694.1000000000058,-0.026485714285705137,0.9915714285714369,11,3300.0,18.0,189.60214285714443,692.5339282683915,asian,Wed,0,False
273,BTCUSDm,long,2025-11-19 05:50:00+00:00,17184,90030.89,0.1,90030.89,91030.89,700.0,close_below_lower,0.06336094458160715,0.05,90530.89,0.5,0.05,90530.89,25.0,17187.0,2025-11-19 06:05:00+00:00,True,2025-11-19 06:50:00+00:00,17196,91030.89,tp,75.0,0.0,0.0,75.0,1.0714285714285714,-76.06999999999243,918.7200000000012,-0.10867142857141776,1.3124571428571445,12,3600.0,18.0,216.76785714285714,741.2201376871069,asian,Wed,5,False
274,BTCUSDm,long,2025-11-19 15:35:00+00:00,17301,90675.48,0.1,89975.48,91675.48,700.0,close_below_lower,0.36405952807451764,0.1,91175.48,0.5,0.0,0.0,0.0,,,False,2025-11-19 15:50:00+00:00,17304,89975.48,sl,-70.0,0.0,0.0,-70.0,-1.0,-478.91999999999825,157.40000000000873,-0.6841714285714261,0.22485714285715533,3,900.0,18.0,391.7257142857156,642.9892247397189,overlap,Wed,15,False
275,BTCUSDm,long,2025-11-19 15:55:00+00:00,17305,90145.21,0.1,89445.21,91145.21,700.0,close_below_lower,0.4722369538715167,0.1,90645.21,0.5,0.0,0.0,0.0,,,False,2025-11-19 16:35:00+00:00,17313,89445.21,sl,-70.0,0.0,0.0,-70.0,-1.0,-625.5,19.079999999987194,-0.8935714285714286,0.027257142857124564,8,2400.0,18.0,376.97142857143,660.7103359339317,overlap,Wed,15,False
276,BTCUSDm,short,2025-11-19 21:25:00+00:00,17371,90351.87,0.1,91051.87,89351.87,700.0,close_above_upper,0.3103985023239595,0.1,89851.87,0.5,0.0,0.0,0.0,,,False,2025-11-19 23:05:00+00:00,17391,91069.87,sl,-71.8,0.0,0.0,-71.8,-1.0257142857142856,-438.570000000007,433.6999999999971,-0.6265285714285814,0.6195714285714244,20,6000.0,18.0,309.87642857143095,688.9747011464201,rollover,Wed,21,False
277,BTCUSDm,short,2025-11-19 23:10:00+00:00,17392,91234.82,0.1,91934.82,90234.82,700.0,close_above_upper,0.09622322908850284,0.1,90734.82,0.5,0.0,0.0,0.0,,,False,2025-11-20 00:30:00+00:00,17408,91952.82,sl,-71.8,0.0,0.0,-71.8,-1.0257142857142856,-582.5099999999948,196.5100000000093,-0.8321571428571354,0.2807285714285847,16,4800.0,18.0,237.94214285714094,695.756781435308,rollover,Wed,23,False
278,BTCUSDm,long,2025-11-20 14:05:00+00:00,17571,90975.86,0.1,90975.86,91975.86,700.0,close_below_lower,0.06598649739459446,0.05,91475.86,0.5,0.05,91475.86,25.0,17576.0,2025-11-20 14:30:00+00:00,True,2025-11-20 14:40:00+00:00,17578,90975.86,be_stop,25.0,0.0,0.0,25.0,0.35714285714285715,-622.1199999999953,614.1699999999983,-0.8887428571428505,0.8773857142857118,7,2100.0,18.0,329.981428571431,644.5188429383127,overlap,Thu,14,False
279,BTCUSDm,long,2025-11-20 16:00:00+00:00,17594,89776.23,0.1,89076.23,90776.23,700.0,close_below_lower,0.007341304334758526,0.1,90276.23,0.5,0.0,0.0,0.0,,,False,2025-11-20 16:05:00+00:00,17595,89076.23,sl,-70.0,0.0,0.0,-70.0,-1.0,-518.2299999999959,34.30999999999767,-0.7403285714285656,0.04901428571428239,1,300.0,18.0,379.39214285714326,666.3578249144322,newyork,Thu,16,False
280,BTCUSDm,long,2025-11-20 16:10:00+00:00,17596,88868.75,0.1,88168.75,89868.75,700.0,close_below_lower,0.90461757725885,0.1,89368.75,0.5,0.0,0.0,0.0,,,False,2025-11-20 16:20:00+00:00,17598,88168.75,sl,-70.0,0.0,0.0,-70.0,-1.0,-535.0099999999948,12.5,-0.7642999999999925,0.017857142857142856,2,600.0,18.0,405.7721428571427,675.604723903445,newyork,Thu,16,False
281,BTCUSDm,long,2025-11-20 16:25:00+00:00,17599,88580.7,0.1,87880.7,89580.7,700.0,close_below_lower,0.5436745807320718,0.1,89080.7,0.5,0.0,0.0,0.0,,,False,2025-11-20 16:45:00+00:00,17603,87880.7,sl,-70.0,0.0,0.0,-70.0,-1.0,-586.0,406.93000000000757,-0.8371428571428572,0.5813285714285822,4,1200.0,18.0,409.9014285714293,690.9803555993967,newyork,Thu,16,False
282,BTCUSDm,long,2025-11-20 16:50:00+00:00,17604,87970.43,0.1,87270.43,88970.43,700.0,close_below_lower,0.3056586664053887,0.1,88470.43,0.5,0.0,0.0,0.0,,,False,2025-11-20 17:05:00+00:00,17607,87270.43,sl,-70.0,0.0,0.0,-70.0,-1.0,-599.359999999986,355.3600000000006,-0.8562285714285515,0.5076571428571437,3,900.0,18.0,425.29285714285754,713.8489517763128,newyork,Thu,16,False
283,BTCUSDm,long,2025-11-20 17:10:00+00:00,17608,87260.4,0.1,86560.4,88260.4,700.0,close_below_lower,0.4237276524740749,0.1,87760.4,0.5,0.0,0.0,0.0,,,False,2025-11-20 17:35:00+00:00,17613,86560.4,sl,-70.0,0.0,0.0,-70.0,-1.0,-621.3399999999965,26.220000000001164,-0.8876285714285664,0.03745714285714452,5,1500.0,18.0,489.9771428571424,730.7359073072972,newyork,Thu,17,False
284,BTCUSDm,long,2025-11-20 23:40:00+00:00,17686,86734.72,0.1,86734.72,87734.72,700.0,close_below_lower,0.003041784288379812,0.05,87234.72,0.5,0.05,87234.72,25.0,17693.0,2025-11-21 00:15:00+00:00,True,2025-11-21 01:20:00+00:00,17706,86734.72,be_stop,25.0,0.0,0.0,25.0,0.35714285714285715,-284.6499999999942,661.1600000000035,-0.4066428571428488,0.9445142857142907,20,6000.0,18.0,306.8157142857131,766.9475517053363,rollover,Thu,23,False
285,BTCUSDm,long,2025-11-21 03:00:00+00:00,17726,85366.19,0.1,85366.19,86366.19,700.0,close_below_lower,0.16469489881921964,0.05,85866.19,0.5,0.05,85866.19,25.0,17727.0,2025-11-21 03:05:00+00:00,True,2025-11-21 03:15:00+00:00,17729,85366.19,be_stop,25.0,0.0,0.0,25.0,0.35714285714285715,-30.089999999996508,583.8300000000017,-0.0429857142857093,0.8340428571428596,3,900.0,18.0,382.53785714285704,773.3072842703583,asian,Fri,3,False
286,BTCUSDm,long,2025-11-21 07:35:00+00:00,17781,83381.17,0.1,83381.17,84381.17,700.0,close_below_lower,1.2989625981262076,0.05,83881.17,0.5,0.05,83964.51,29.166999999999828,17782.0,2025-11-21 07:40:00+00:00,True,2025-11-21 07:40:00+00:00,17782,84381.17,tp,79.16699999999983,0.0,0.0,79.16699999999983,1.1309571428571406,-312.70999999999185,670.6399999999994,-0.44672857142855976,0.958057142857142,1,300.0,18.0,472.693571428574,815.0074392166613,london,Fri,7,False
287,BTCUSDm,long,2025-11-21 07:50:00+00:00,17784,83833.56,0.1,83833.56,84833.56,700.0,close_below_lower,0.22735482311468616,0.05,84333.56,0.5,0.05,84333.56,25.0,17788.0,2025-11-21 08:10:00+00:00,True,2025-11-21 08:35:00+00:00,17793,83833.56,be_stop,25.0,0.0,0.0,25.0,0.35714285714285715,-280.08000000000175,753.0200000000041,-0.4001142857142882,1.0757428571428629,9,2700.0,18.0,575.7428571428588,828.3366761510424,london,Fri,7,False
288,BTCUSDm,long,2025-11-21 09:40:00+00:00,17806,82599.67,0.1,81899.67,83599.67,700.0,close_below_lower,0.011258433948063336,0.1,83099.67,0.5,0.0,0.0,0.0,,,False,2025-11-21 10:00:00+00:00,17810,81899.67,sl,-70.0,0.0,0.0,-70.0,-1.0,-610.3300000000017,50.43000000000757,-0.8719000000000025,0.07204285714286796,4,1200.0,18.0,316.9535714285729,820.6913750607368,london,Fri,9,False
289,BTCUSDm,long,2025-11-21 10:05:00+00:00,17811,81835.12,0.1,81835.12,82835.12,700.0,close_below_lower,0.15098777355824008,0.05,82335.12,0.5,0.05,82335.12,25.0,17812.0,2025-11-21 10:10:00+00:00,True,2025-11-21 10:15:00+00:00,17813,81835.12,be_stop,25.0,0.0,0.0,25.0,0.35714285714285715,-140.58000000000175,555.0400000000081,-0.2008285714285739,0.7929142857142973,2,600.0,18.0,361.4071428571437,825.0064094432998,london,Fri,10,False
290,BTCUSDm,long,2025-11-21 12:25:00+00:00,17839,81021.23,0.1,81021.23,82021.23,700.0,close_below_lower,0.3969464182333037,0.05,81521.23,0.5,0.05,81521.23,25.0,17840.0,2025-11-21 12:30:00+00:00,True,2025-11-21 12:35:00+00:00,17841,82021.23,tp,75.0,0.0,0.0,75.0,1.0714285714285714,-487.8999999999942,778.6600000000035,-0.6969999999999917,1.1123714285714335,2,600.0,18.0,366.8485714285707,840.7231950739949,overlap,Fri,12,False
291,BTCUSDm,short,2025-11-21 12:40:00+00:00,17842,82856.24,0.1,83556.24,81856.24,700.0,close_above_upper,0.003759362974629259,0.1,82356.24,0.5,0.0,0.0,0.0,,,False,2025-11-21 13:05:00+00:00,17847,83574.24,sl,-71.8,0.0,0.0,-71.8,-1.0257142857142856,-644.5399999999936,433.6200000000099,-0.9207714285714195,0.619457142857157,5,1500.0,18.0,531.2578571428572,852.5981805263467,overlap,Fri,12,False
292,BTCUSDm,short,2025-11-21 13:10:00+00:00,17848,83704.29,0.1,83704.29,82704.29,700.0,close_above_upper,0.22516483508994303,0.05,83204.29,0.5,0.05,83222.29,24.1,17852.0,2025-11-21 13:30:00+00:00,True,2025-11-21 13:35:00+00:00,17853,83722.29,be_stop,23.200000000000003,0.0,0.0,23.200000000000003,0.33142857142857146,-546.6200000000099,522.5599999999977,-0.7808857142857284,0.7465142857142824,5,1500.0,18.0,635.4664285714296,881.422873967876,overlap,Fri,13,False
293,BTCUSDm,short,2025-11-21 14:55:00+00:00,17869,85319.0,0.1,85319.0,84319.0,700.0,close_above_upper,0.18017512754918188,0.05,84819.0,0.5,0.05,84782.45,26.827500000000146,17870.0,2025-11-21 15:00:00+00:00,True,2025-11-21 15:00:00+00:00,17870,84337.0,tp,75.92750000000015,0.0,0.0,75.92750000000015,1.0846785714285736,-89.91000000000349,567.2100000000064,-0.12844285714286213,0.8103000000000091,1,300.0,18.0,501.16357142857095,911.0542219346505,overlap,Fri,14,False
294,BTCUSDm,long,2025-11-21 15:40:00+00:00,17878,82869.91,0.1,82869.91,83869.91,700.0,close_below_lower,0.3002955616554378,0.05,83369.91,0.5,0.05,83369.91,25.0,17889.0,2025-11-21 16:35:00+00:00,True,2025-11-21 16:50:00+00:00,17892,83869.91,tp,75.0,0.0,0.0,75.0,1.0714285714285714,-638.0599999999977,930.4799999999959,-0.9115142857142824,1.3292571428571371,14,4200.0,18.0,660.6114285714294,905.5832873420069,overlap,Fri,15,False
295,BTCUSDm,short,2025-11-21 16:55:00+00:00,17893,84300.29,0.1,85000.29,83300.29,700.0,close_above_upper,0.11503696940060734,0.1,83800.29,0.5,0.0,0.0,0.0,,,False,2025-11-21 17:05:00+00:00,17895,85018.29,sl,-71.8,0.0,0.0,-71.8,-1.0257142857142856,-613.3500000000058,0.28999999999359716,-0.876214285714294,0.0004142857142765674,2,600.0,18.0,544.5342857142854,934.1037688469994,newyork,Fri,16,False
296,BTCUSDm,short,2025-11-21 17:10:00+00:00,17896,85285.93,0.1,85285.93,84285.93,700.0,close_above_upper,0.5869859834892738,0.05,84785.93,0.5,0.05,84803.93,24.1,17904.0,2025-11-21 17:50:00+00:00,True,2025-11-21 18:00:00+00:00,17906,84303.93,tp,73.2,0.0,0.0,73.2,1.0457142857142858,-205.73000000001048,577.6999999999971,-0.293900000000015,0.8252857142857102,10,3000.0,18.0,567.9099999999993,948.7766561649371,newyork,Fri,17,False
297,BTCUSDm,long,2025-11-21 18:15:00+00:00,17909,83614.73,0.1,83614.73,84614.73,700.0,close_below_lower,0.09118541494841001,0.05,84114.73,0.5,0.05,84114.73,25.0,17912.0,2025-11-21 18:30:00+00:00,True,2025-11-21 18:45:00+00:00,17915,84614.73,tp,75.0,0.0,0.0,75.0,1.0714285714285714,-386.0500000000029,899.4100000000035,-0.5515000000000042,1.2848714285714335,6,1800.0,18.0,457.1421428571463,977.2509988270034,newyork,Fri,18,False
298,BTCUSDm,long,2025-11-23 23:20:00+00:00,18546,87080.12,0.1,86380.12,88080.12,700.0,close_below_lower,0.29399202945823266,0.1,87580.12,0.5,0.0,0.0,0.0,,,False,2025-11-24 00:05:00+00:00,18555,86380.12,sl,-70.0,0.0,0.0,-70.0,-1.0,-501.1399999999994,2.8500000000058208,-0.7159142857142848,0.004071428571436887,9,2700.0,18.0,234.49214285714177,434.6880940620066,rollover,Sun,23,False
299,BTCUSDm,long,2025-11-24 00:10:00+00:00,18556,86360.41,0.1,86360.41,87360.41,700.0,close_below_lower,0.2710922315015286,0.05,86860.41,0.5,0.05,86860.41,25.0,18561.0,2025-11-24 00:35:00+00:00,True,2025-11-24 01:40:00+00:00,18574,86360.41,be_stop,25.0,0.0,0.0,25.0,0.35714285714285715,-461.68000000000757,820.0199999999895,-0.659542857142868,1.1714571428571279,18,5400.0,18.0,256.00357142856956,452.9212881738937,asian,Mon,0,False
300,BTCUSDm,short,2025-11-24 02:05:00+00:00,18579,87433.32,0.1,87433.32,86433.32,700.0,close_above_upper,0.4409837943334596,0.05,86933.32,0.5,0.05,86951.32,24.1,18605.0,2025-11-24 04:15:00+00:00,True,2025-11-24 04:25:00+00:00,18607,86451.32,tp,73.2,0.0,0.0,73.2,1.0457142857142858,-578.7099999999919,980.4700000000012,-0.8267285714285598,1.4006714285714303,28,8400.0,18.0,261.43642857142964,467.7442820116556,asian,Mon,2,False
301,BTCUSDm,long,2025-11-24 04:30:00+00:00,18608,86579.73,0.1,86579.73,87579.73,700.0,close_below_lower,0.28225501914254936,0.05,87079.73,0.5,0.05,87079.73,25.0,18615.0,2025-11-24 05:05:00+00:00,True,2025-11-24 05:10:00+00:00,18616,87579.73,tp,75.0,0.0,0.0,75.0,1.0714285714285714,-36.25999999999476,874.4100000000035,-0.05179999999999252,1.2491571428571477,8,2400.0,18.0,215.4899999999959,484.52381458237744,asian,Mon,4,False
302,BTCUSDm,short,2025-11-24 05:15:00+00:00,18617,87528.0,0.1,87528.0,86528.0,700.0,close_above_upper,0.1995899308181493,0.05,87028.0,0.5,0.05,87046.0,24.1,18627.0,2025-11-24 06:05:00+00:00,True,2025-11-24 09:05:00+00:00,18663,86546.0,tp,73.2,0.0,0.0,73.2,1.0457142857142858,-265.25999999999476,880.8600000000006,-0.37894285714284964,1.2583714285714294,46,13800.0,18.0,265.16285714285397,491.50760053625584,asian,Mon,5,False
303,BTCUSDm,long,2025-11-24 09:25:00+00:00,18667,86015.6,0.1,86015.6,87015.6,700.0,close_below_lower,0.2683838007544527,0.05,86515.6,0.5,0.05,86515.6,25.0,18718.0,2025-11-24 13:40:00+00:00,True,2025-11-24 13:55:00+00:00,18721,86015.6,be_stop,25.0,0.0,0.0,25.0,0.35714285714285715,-377.5,512.7599999999948,-0.5392857142857143,0.7325142857142782,54,16200.0,18.0,193.12285714285827,504.93753124178204,london,Mon,9,False
304,BTCUSDm,long,2025-11-24 14:50:00+00:00,18732,85430.44,0.1,85430.44,86430.44,700.0,close_below_lower,0.06314110739883923,0.05,85930.44,0.5,0.05,85930.44,25.0,18733.0,2025-11-24 14:55:00+00:00,True,2025-11-24 15:00:00+00:00,18734,86430.44,tp,75.0,0.0,0.0,75.0,1.0714285714285714,-218.47999999999593,681.0500000000029,-0.3121142857142799,0.9729285714285756,2,600.0,18.0,284.4414285714333,543.1578940286834,overlap,Mon,14,False
305,BTCUSDm,short,2025-11-24 16:05:00+00:00,18747,87027.67,0.1,87727.67,86027.67,700.0,close_above_upper,0.1588201222912374,0.1,86527.67,0.5,0.0,0.0,0.0,,,False,2025-11-24 17:30:00+00:00,18764,87745.67,sl,-71.8,0.0,0.0,-71.8,-1.0257142857142856,-672.3699999999953,282.1600000000035,-0.9605285714285647,0.40308571428571927,17,5100.0,18.0,382.64142857143037,558.7506742019351,newyork,Mon,16,False
306,BTCUSDm,short,2025-11-24 18:00:00+00:00,18770,88333.23,0.1,89033.23,87333.23,700.0,close_above_upper,0.19868810799403228,0.1,87833.23,0.5,0.0,0.0,0.0,,,False,2025-11-24 20:45:00+00:00,18803,89051.23,sl,-71.8,0.0,0.0,-71.8,-1.0257142857142856,-627.070000000007,257.4899999999907,-0.8958142857142957,0.3678428571428438,33,9900.0,18.0,238.63642857142673,585.0540637106458,newyork,Mon,18,False
307,BTCUSDm,long,2025-11-25 14:50:00+00:00,19020,86175.62,0.1,86175.62,87175.62,700.0,close_below_lower,0.30762987468982056,0.05,86675.62,0.5,0.05,86675.62,25.0,19021.0,2025-11-25 14:55:00+00:00,True,2025-11-25 15:00:00+00:00,19022,86175.62,be_stop,25.0,0.0,0.0,25.0,0.35714285714285715,-113.47000000000116,587.5800000000017,-0.16210000000000166,0.8394000000000025,2,600.0,18.0,266.1628571428581,588.4360257376757,overlap,Tue,14,False
308,BTCUSDm,short,2025-11-25 17:35:00+00:00,19053,87889.61,0.1,87889.61,86889.61,700.0,close_above_upper,0.100837236862159,0.05,87389.61,0.5,0.05,87407.61,24.1,19069.0,2025-11-25 18:55:00+00:00,True,2025-11-25 19:05:00+00:00,19071,86903.23,tp,73.41900000000024,0.0,0.0,73.41900000000024,1.0488428571428605,-213.1600000000035,998.7599999999948,-0.3045142857142907,1.4267999999999925,18,5400.0,18.0,219.20714285714348,582.9760092807928,newyork,Tue,17,False
309,BTCUSDm,long,2025-11-25 19:10:00+00:00,19072,86769.71,0.1,86769.71,87769.71,700.0,close_below_lower,0.10645556973784277,0.05,87269.71,0.5,0.05,87269.71,25.0,19088.0,2025-11-25 20:30:00+00:00,True,2025-11-25 22:00:00+00:00,19106,86769.71,be_stop,25.0,0.0,0.0,25.0,0.35714285714285715,-643.9600000000064,658.7899999999936,-0.9199428571428663,0.9411285714285623,34,10200.0,18.0,199.57142857142753,580.4429368327764,newyork,Tue,19,False
310,BTCUSDm,short,2025-11-26 17:30:00+00:00,19340,88634.23,0.1,89334.23,87634.23,700.0,close_above_upper,0.6827267250855968,0.1,88134.23,0.5,0.0,0.0,0.0,,,False,2025-11-26 17:40:00+00:00,19342,89352.23,sl,-71.8,0.0,0.0,-71.8,-1.0257142857142856,-543.7700000000041,108.25,-0.7768142857142916,0.15464285714285714,2,600.0,18.0,233.94142857142702,499.1438906056091,newyork,Wed,17,False
311,BTCUSDm,short,2025-11-26 17:45:00+00:00,19343,89477.58,0.1,90177.58,88477.58,700.0,close_above_upper,1.4550781518098628,0.1,88977.58,0.5,0.0,0.0,0.0,,,False,2025-11-26 18:15:00+00:00,19349,90195.58,sl,-71.8,0.0,0.0,-71.8,-1.0257142857142856,-625.3499999999913,20.169999999998254,-0.8933571428571304,0.02881428571428322,6,1800.0,18.0,280.5557142857132,514.6817474836378,newyork,Wed,17,False
312,BTCUSDm,short,2025-11-26 18:20:00+00:00,19350,90219.78,0.1,90219.78,89219.78,700.0,close_above_upper,0.6524127697825035,0.05,89719.78,0.5,0.05,89737.78,24.1,19354.0,2025-11-26 18:40:00+00:00,True,2025-11-26 21:25:00+00:00,19387,90237.78,be_stop,23.200000000000003,0.0,0.0,23.200000000000003,0.33142857142857146,-175.83000000000175,729.0299999999988,-0.2511857142857168,1.0414714285714268,37,11100.0,18.0,352.48785714285833,546.1763897043737,newyork,Wed,18,False
313,BTCUSDm,short,2025-11-27 02:45:00+00:00,19451,91784.58,0.1,91784.58,90784.58,700.0,close_above_upper,0.14323571622779474,0.05,91284.58,0.5,0.05,91302.58,24.1,19454.0,2025-11-27 03:00:00+00:00,True,2025-11-27 09:30:00+00:00,19532,91802.58,be_stop,23.200000000000003,0.0,0.0,23.200000000000003,0.33142857142857146,-99.72000000000116,905.4799999999959,-0.14245714285714453,1.2935428571428513,81,24300.0,18.0,222.93642857142757,558.8687304538347,asian,Thu,2,False
314,BTCUSDm,short,2025-11-28 09:00:00+00:00,19814,91665.56,0.1,91665.56,90665.56,700.0,close_above_upper,0.14688645361068126,0.05,91165.56,0.5,0.05,91183.56,24.1,19841.0,2025-11-28 11:15:00+00:00,True,2025-11-28 12:35:00+00:00,19857,91683.56,be_stop,23.200000000000003,0.0,0.0,23.200000000000003,0.33142857142857146,-355.97000000000116,621.6100000000006,-0.5085285714285731,0.8880142857142865,43,12900.0,18.0,174.46285714285685,418.02815904661634,london,Fri,9,False
315,BTCUSDm,short,2025-11-28 13:50:00+00:00,19872,92297.89,0.1,92997.89,91297.89,700.0,close_above_upper,0.9557037227687222,0.1,91797.89,0.5,0.0,0.0,0.0,,,False,2025-11-28 14:30:00+00:00,19880,93015.89,sl,-71.8,0.0,0.0,-71.8,-1.0257142857142856,-689.7599999999948,293.6000000000058,-0.9853714285714211,0.41942857142857976,8,2400.0,18.0,169.56714285714406,338.1304479011098,overlap,Fri,13,False
316,BTCUSDm,long,2025-11-28 16:10:00+00:00,19900,92043.44,0.1,91343.44,93043.44,700.0,close_below_lower,0.03722653481230615,0.1,92543.44,0.5,0.0,0.0,0.0,,,False,2025-11-28 16:20:00+00:00,19902,91343.44,sl,-70.0,0.0,0.0,-70.0,-1.0,-186.02000000000407,22.479999999995925,-0.26574285714286294,0.03211428571427989,2,600.0,18.0,232.96999999999804,361.9244770129712,newyork,Fri,16,False
317,BTCUSDm,long,2025-11-28 16:25:00+00:00,19903,91415.42,0.1,90715.42,92415.42,700.0,close_below_lower,1.1962719526828187,0.1,91915.42,0.5,0.0,0.0,0.0,,,False,2025-11-28 17:15:00+00:00,19913,90715.42,sl,-70.0,0.0,0.0,-70.0,-1.0,-586.0399999999936,219.36000000000058,-0.8371999999999908,0.3133714285714294,10,3000.0,18.0,247.50714285714017,371.013795656164,newyork,Fri,16,False
318,BTCUSDm,long,2025-11-28 17:20:00+00:00,19914,90727.41,0.1,90727.41,91727.41,700.0,close_below_lower,0.5148172923048882,0.05,91227.41,0.5,0.05,91227.41,25.0,19952.0,2025-11-28 20:30:00+00:00,True,2025-11-28 22:15:00+00:00,19973,90727.41,be_stop,25.0,0.0,0.0,25.0,0.35714285714285715,-514.2100000000064,543.8399999999965,-0.7345857142857234,0.7769142857142807,59,17700.0,18.0,305.43357142857195,399.69072139749386,newyork,Fri,17,False
319,BTCUSDm,short,2025-11-30 13:20:00+00:00,20442,91718.75,0.1,91718.75,90718.75,700.0,close_above_upper,0.3562788834776917,0.05,91218.75,0.5,0.05,91236.75,24.1,20499.0,2025-11-30 18:05:00+00:00,True,2025-12-01 00:00:00+00:00,20558,90388.03,tp,90.63600000000005,0.0,0.0,90.63600000000005,1.2948000000000008,-255.63000000000466,840.1499999999942,-0.36518571428572094,1.2002142857142775,116,38400.0,18.0,115.65857142857256,231.63818237288487,overlap,Sun,13,False
320,BTCUSDm,long,2025-12-01 00:05:00+00:00,20559,89846.95,0.1,89146.95,90846.95,700.0,close_below_lower,3.7665231620168593,0.1,90346.95,0.5,0.0,0.0,0.0,,,False,2025-12-01 00:10:00+00:00,20560,89146.95,sl,-70.0,0.0,0.0,-70.0,-1.0,-900.1900000000023,0.0,-1.2859857142857176,0.0,1,300.0,18.0,220.95928571428627,254.78214048126767,asian,Mon,0,False
321,BTCUSDm,long,2025-12-01 00:15:00+00:00,20561,88951.0,0.1,88251.0,89951.0,700.0,close_below_lower,5.205330176907412,0.1,89451.0,0.5,0.0,0.0,0.0,,,False,2025-12-01 00:30:00+00:00,20564,88251.0,sl,-70.0,0.0,0.0,-70.0,-1.0,-595.6199999999953,153.3399999999965,-0.8508857142857076,0.21905714285713787,3,900.0,18.0,307.5792857142868,274.42849446367495,asian,Mon,0,False
322,BTCUSDm,long,2025-12-01 00:35:00+00:00,20565,87981.47,0.1,87281.47,88981.47,700.0,close_below_lower,4.5519839041118475,0.1,88481.47,0.5,0.0,0.0,0.0,,,False,2025-12-01 00:50:00+00:00,20568,87281.47,sl,-70.0,0.0,0.0,-70.0,-1.0,-550.5,221.88999999999942,-0.7864285714285715,0.3169857142857134,3,900.0,18.0,421.30857142857195,313.3650867650368,asian,Mon,0,False
323,BTCUSDm,long,2025-12-01 00:55:00+00:00,20569,87169.93,0.1,87169.93,88169.93,700.0,close_below_lower,3.4686587401005946,0.05,87669.93,0.5,0.05,87669.93,25.0,20571.0,2025-12-01 01:05:00+00:00,True,2025-12-01 01:55:00+00:00,20581,87169.93,be_stop,25.0,0.0,0.0,25.0,0.35714285714285715,-231.7399999999907,578.2000000000116,-0.33105714285712956,0.8260000000000166,12,3600.0,18.0,507.21071428571406,348.714716216356,asian,Mon,0,False
324,BTCUSDm,long,2025-12-01 02:40:00+00:00,20590,86711.09,0.1,86011.09,87711.09,700.0,close_below_lower,0.3661529221795339,0.1,87211.09,0.5,0.0,0.0,0.0,,,False,2025-12-01 04:10:00+00:00,20608,86011.09,sl,-70.0,0.0,0.0,-70.0,-1.0,-549.4400000000023,255.52999999999884,-0.784914285714289,0.3650428571428555,18,5400.0,18.0,243.442142857142,378.4300186444362,asian,Mon,2,False
325,BTCUSDm,long,2025-12-01 04:30:00+00:00,20612,85758.3,0.1,85758.3,86758.3,700.0,close_below_lower,0.056609341123310696,0.05,86258.3,0.5,0.05,86258.3,25.0,20632.0,2025-12-01 06:10:00+00:00,True,2025-12-01 08:40:00+00:00,20662,86758.3,tp,75.0,0.0,0.0,75.0,1.0714285714285714,-155.05999999999767,964.6100000000006,-0.2215142857142824,1.3780142857142865,50,15000.0,18.0,192.79999999999978,409.66541218349835,asian,Mon,4,False
326,BTCUSDm,long,2025-12-01 12:45:00+00:00,20711,85491.85,0.1,84791.85,86491.85,700.0,close_below_lower,0.07699023414984181,0.1,85991.85,0.5,0.0,0.0,0.0,,,False,2025-12-01 12:50:00+00:00,20712,84791.85,sl,-70.0,0.0,0.0,-70.0,-1.0,-765.75,14.229999999995925,-1.0939285714285714,0.020328571428565607,1,300.0,18.0,176.17285714285597,446.3122399005975,overlap,Mon,12,False
327,BTCUSDm,long,2025-12-01 15:25:00+00:00,20743,85317.16,0.1,84617.16,86317.16,700.0,close_below_lower,0.2540249539277811,0.1,85817.16,0.5,0.0,0.0,0.0,,,False,2025-12-01 15:30:00+00:00,20744,84617.16,sl,-70.0,0.0,0.0,-70.0,-1.0,-393.49000000000524,11.429999999993015,-0.5621285714285789,0.01632857142856145,1,300.0,18.0,324.1299999999984,469.0268419669155,overlap,Mon,15,False
328,BTCUSDm,long,2025-12-01 15:35:00+00:00,20745,84436.2,0.1,84436.2,85436.2,700.0,close_below_lower,1.5268665247504545,0.05,84936.2,0.5,0.05,84936.2,25.0,20757.0,2025-12-01 16:35:00+00:00,True,2025-12-01 16:40:00+00:00,20758,85436.2,tp,75.0,0.0,0.0,75.0,1.0714285714285714,-640.9899999999907,935.3700000000099,-0.9156999999999867,1.3362428571428713,13,3900.0,18.0,374.8564285714279,478.55030196078457,overlap,Mon,15,False
329,BTCUSDm,short,2025-12-01 20:10:00+00:00,20800,85651.66,0.1,86351.66,84651.66,700.0,close_above_upper,0.13366390283902846,0.1,85151.66,0.5,0.0,0.0,0.0,,,False,2025-12-01 21:25:00+00:00,20815,86369.66,sl,-71.8,0.0,0.0,-71.8,-1.0257142857142856,-583.0199999999895,488.570000000007,-0.8328857142856994,0.6979571428571528,15,4500.0,18.0,259.29857142857094,548.7614453833456,newyork,Mon,20,False
330,BTCUSDm,short,2025-12-01 21:35:00+00:00,20817,86439.76,0.1,87139.76,85439.76,700.0,close_above_upper,0.20994917936101903,0.1,85939.76,0.5,0.0,0.0,0.0,,,False,2025-12-02 01:05:00+00:00,20859,87157.76,sl,-71.8,0.0,0.0,-71.8,-1.0257142857142856,-436.52999999999884,258.679999999993,-0.623614285714284,0.3695428571428472,42,12600.0,18.0,254.94142857142808,572.8501848256861,rollover,Mon,21,False
331,BTCUSDm,short,2025-12-02 14:15:00+00:00,21017,88349.07,0.1,89049.07,87349.07,700.0,close_above_upper,0.12207544872882575,0.1,87849.07,0.5,0.0,0.0,0.0,,,False,2025-12-02 14:45:00+00:00,21023,89067.07,sl,-71.8,0.0,0.0,-71.8,-1.0257142857142856,-549.4099999999889,84.72000000000116,-0.7848714285714128,0.1210285714285731,6,1800.0,18.0,226.21071428571616,635.284435532456,overlap,Tue,14,False
332,BTCUSDm,short,2025-12-02 14:50:00+00:00,21024,89238.43,0.1,89938.43,88238.43,700.0,close_above_upper,0.3224448184840241,0.1,88738.43,0.5,0.0,0.0,0.0,,,False,2025-12-02 15:00:00+00:00,21026,89956.43,sl,-71.8,0.0,0.0,-71.8,-1.0257142857142856,-42.13000000000466,369.85999999998603,-0.06018571428572094,0.5283714285714086,2,600.0,18.0,316.01428571428653,662.0307697188606,overlap,Tue,14,False
333,BTCUSDm,short,2025-12-02 15:05:00+00:00,21027,90005.7,0.1,90705.7,89005.7,700.0,close_above_upper,0.8747781439155218,0.1,89505.7,0.5,0.0,0.0,0.0,,,False,2025-12-02 15:10:00+00:00,21028,90723.7,sl,-71.8,0.0,0.0,-71.8,-1.0257142857142856,-242.52000000000407,178.42999999999302,-0.3464571428571487,0.25489999999999,1,300.0,18.0,401.66000000000037,676.1191776867756,overlap,Tue,15,False
334,BTCUSDm,short,2025-12-02 15:15:00+00:00,21029,90651.41,0.1,90651.41,89651.41,700.0,close_above_upper,1.2182010802427978,0.05,90151.41,0.5,0.05,90169.41,24.1,21032.0,2025-12-02 15:30:00+00:00,True,2025-12-02 15:40:00+00:00,21034,90669.41,be_stop,23.200000000000003,0.0,0.0,23.200000000000003,0.33142857142857146,-210.41999999999825,733.7200000000012,-0.3005999999999975,1.0481714285714303,5,1500.0,18.0,473.1814285714281,690.2668078152021,overlap,Tue,15,False
335,BTCUSDm,short,2025-12-02 15:50:00+00:00,21036,90783.83,0.1,90783.83,89783.83,700.0,close_above_upper,0.008691230646847223,0.05,90283.83,0.5,0.05,90301.83,24.1,21043.0,2025-12-02 16:25:00+00:00,True,2025-12-02 16:35:00+00:00,21045,90801.83,be_stop,23.200000000000003,0.0,0.0,23.200000000000003,0.33142857142857146,-563.9499999999971,571.6399999999994,-0.805642857142853,0.8166285714285706,9,2700.0,18.0,477.4892857142851,717.3131377870296,overlap,Tue,15,False
336,BTCUSDm,short,2025-12-02 17:25:00+00:00,21055,91700.98,0.1,91700.98,90700.98,700.0,close_above_upper,0.04644805840434284,0.05,91200.98,0.5,0.05,91218.98,24.1,21091.0,2025-12-02 20:25:00+00:00,True,2025-12-02 22:00:00+00:00,21110,91718.98,be_stop,23.200000000000003,0.0,0.0,23.200000000000003,0.33142857142857146,-636.0,956.7799999999988,-0.9085714285714286,1.3668285714285697,55,16500.0,18.0,355.68642857142964,742.8559067420315,newyork,Tue,17,False
337,BTCUSDm,short,2025-12-03 02:15:00+00:00,21161,92883.74,0.1,92883.74,91883.74,700.0,close_above_upper,0.09921998915074919,0.05,92383.74,0.5,0.05,92401.74,24.1,21167.0,2025-12-03 02:45:00+00:00,True,2025-12-03 03:00:00+00:00,21170,92901.74,be_stop,23.200000000000003,0.0,0.0,23.200000000000003,0.33142857142857146,-188.75999999999476,612.2300000000105,-0.2696571428571354,0.8746142857143007,9,2700.0,18.0,282.2321428571439,674.5059682165866,asian,Wed,2,False
338,BTCUSDm,long,2025-12-03 14:05:00+00:00,21303,91818.3,0.1,91818.3,92818.3,700.0,close_below_lower,0.9342683309912024,0.05,92318.3,0.5,0.05,92318.3,25.0,21304.0,2025-12-03 14:10:00+00:00,True,2025-12-03 14:35:00+00:00,21309,92818.3,tp,75.0,0.0,0.0,75.0,1.0714285714285714,-64.3700000000099,774.3399999999965,-0.09195714285715699,1.106199999999995,6,1800.0,18.0,240.55500000000342,605.2802546483358,overlap,Wed,14,False
339,BTCUSDm,short,2025-12-03 14:45:00+00:00,21311,93505.34,0.1,93505.34,92505.34,700.0,close_above_upper,0.39189621385962725,0.05,93005.34,0.5,0.05,92993.01,25.616500000000087,21312.0,2025-12-03 14:50:00+00:00,True,2025-12-03 14:55:00+00:00,21313,92523.34,tp,74.71650000000008,0.0,0.0,74.71650000000008,1.0673785714285726,-36.58999999999651,979.5899999999965,-0.052271428571423584,1.3994142857142806,2,600.0,18.0,456.58857142857386,621.9031172941899,overlap,Wed,14,False
340,BTCUSDm,long,2025-12-04 14:55:00+00:00,21601,92012.55,0.1,92012.55,93012.55,700.0,close_below_lower,0.10565433002198704,0.05,92512.55,0.5,0.05,92512.55,25.0,21604.0,2025-12-04 15:10:00+00:00,True,2025-12-04 15:35:00+00:00,21609,93012.55,tp,75.0,0.0,0.0,75.0,1.0714285714285714,-203.22999999999593,906.679999999993,-0.2903285714285656,1.295257142857133,8,2400.0,18.0,234.3149999999992,500.32108965957184,overlap,Thu,14,False
341,BTCUSDm,short,2025-12-04 15:40:00+00:00,21610,93237.99,0.1,93237.99,92237.99,700.0,close_above_upper,0.35475160531874844,0.05,92737.99,0.5,0.05,92755.99,24.1,21612.0,2025-12-04 15:50:00+00:00,True,2025-12-04 17:05:00+00:00,21627,92255.99,tp,73.2,0.0,0.0,73.2,1.0457142857142858,-3.4399999999877764,962.0100000000093,-0.004914285714268252,1.3743000000000134,17,5100.0,18.0,350.8921428571422,504.36817612833664,overlap,Thu,15,False
342,BTCUSDm,long,2025-12-04 19:15:00+00:00,21653,91323.9,0.1,91323.9,92323.9,700.0,close_below_lower,0.5844674821524497,0.05,91823.9,0.5,0.05,91823.9,25.0,21657.0,2025-12-04 19:35:00+00:00,True,2025-12-04 20:40:00+00:00,21670,92323.9,tp,75.0,0.0,0.0,75.0,1.0714285714285714,-437.3999999999942,926.0299999999988,-0.6248571428571346,1.3228999999999984,17,5100.0,18.0,261.0985714285728,511.71429710147544,newyork,Thu,19,False
343,BTCUSDm,long,2025-12-05 09:20:00+00:00,21822,91433.45,0.1,90733.45,92433.45,700.0,close_below_lower,0.3095103902651376,0.1,91933.45,0.5,0.0,0.0,0.0,,,False,2025-12-05 13:25:00+00:00,21871,90733.45,sl,-70.0,0.0,0.0,-70.0,-1.0,-499.8999999999942,156.4100000000035,-0.7141428571428489,0.22344285714286213,49,14700.0,18.0,137.46642857142848,453.8623533106771,london,Fri,9,False
344,BTCUSDm,long,2025-12-05 13:45:00+00:00,21875,90453.71,0.1,90453.71,91453.71,700.0,close_below_lower,0.2625918548238578,0.05,90953.71,0.5,0.05,90953.71,25.0,21890.0,2025-12-05 15:00:00+00:00,True,2025-12-05 15:05:00+00:00,21891,91453.71,tp,75.0,0.0,0.0,75.0,1.0714285714285714,-546.1500000000087,780.8299999999872,-0.7802142857142982,1.1154714285714102,16,4800.0,18.0,200.25571428571442,446.46343850807807,overlap,Fri,13,False
345,BTCUSDm,short,2025-12-05 15:15:00+00:00,21893,91052.43,0.1,91052.43,90052.43,700.0,close_above_upper,0.06661012191982546,0.05,90552.43,0.5,0.05,90570.43,24.1,21901.0,2025-12-05 15:55:00+00:00,True,2025-12-05 16:05:00+00:00,21903,90070.43,tp,73.2,0.0,0.0,73.2,1.0457142857142858,-343.9200000000128,940.6499999999942,-0.491314285714304,1.343785714285706,10,3000.0,18.0,358.00071428571493,464.1138623607128,overlap,Fri,15,False
346,BTCUSDm,long,2025-12-05 16:10:00+00:00,21904,89555.07,0.1,88855.07,90555.07,700.0,close_below_lower,1.4437342872815413,0.1,90055.07,0.5,0.0,0.0,0.0,,,False,2025-12-05 16:30:00+00:00,21908,88855.07,sl,-70.0,0.0,0.0,-70.0,-1.0,-660.7000000000116,27.65999999998894,-0.9438571428571595,0.03951428571426992,4,1200.0,18.0,423.52428571428857,480.25108238153643,newyork,Fri,16,False
347,BTCUSDm,long,2025-12-05 16:35:00+00:00,21909,88838.58,0.1,88138.58,89838.58,700.0,close_below_lower,1.1625621733897973,0.1,89338.58,0.5,0.0,0.0,0.0,,,False,2025-12-05 16:40:00+00:00,21910,88138.58,sl,-70.0,0.0,0.0,-70.0,-1.0,-490.8000000000029,140.75,-0.7011428571428613,0.20107142857142857,1,300.0,18.0,387.29500000000036,510.21713036541263,newyork,Fri,16,False
348,BTCUSDm,long,2025-12-05 16:45:00+00:00,21911,88436.28,0.1,88436.28,89436.28,700.0,close_below_lower,1.2311003991963572,0.05,88936.28,0.5,0.05,88936.28,25.0,21913.0,2025-12-05 16:55:00+00:00,True,2025-12-05 17:50:00+00:00,21924,89436.28,tp,75.0,0.0,0.0,75.0,1.0714285714285714,-100.10000000000582,924.5800000000017,-0.14300000000000831,1.320828571428574,13,3900.0,18.0,442.16928571428537,521.506936260181,newyork,Fri,16,False
349,BTCUSDm,short,2025-12-05 18:10:00+00:00,21928,89679.59,0.1,89679.59,88679.59,700.0,close_above_upper,0.01824979770445482,0.05,89179.59,0.5,0.05,89197.59,24.1,21934.0,2025-12-05 18:40:00+00:00,True,2025-12-05 19:55:00+00:00,21949,89697.59,be_stop,23.200000000000003,0.0,0.0,23.200000000000003,0.33142857142857146,-89.2100000000064,841.8999999999942,-0.1274428571428663,1.2027142857142774,21,6300.0,18.0,298.46999999999804,530.784227911127,newyork,Fri,18,False
350,BTCUSDm,short,2025-12-07 12:50:00+00:00,22436,89526.54,0.1,89526.54,88526.54,700.0,close_above_upper,0.003320389262326281,0.05,89026.54,0.5,0.05,89044.54,24.1,22442.0,2025-12-07 13:20:00+00:00,True,2025-12-07 14:20:00+00:00,22454,88544.54,tp,73.2,0.0,0.0,73.2,1.0457142857142858,-1.180000000007567,906.7599999999948,-0.0016857142857250958,1.295371428571421,18,5400.0,18.0,82.52499999999938,244.68705119646904,overlap,Sun,12,False
351,BTCUSDm,long,2025-12-07 14:25:00+00:00,22455,88406.01,0.1,88406.01,89406.01,700.0,close_below_lower,1.3331493312193108,0.05,88906.01,0.5,0.05,88906.01,25.0,22463.0,2025-12-07 15:05:00+00:00,True,2025-12-07 15:55:00+00:00,22473,89406.01,tp,75.0,0.0,0.0,75.0,1.0714285714285714,-673.6899999999878,859.4000000000087,-0.9624142857142682,1.2277142857142982,18,5400.0,18.0,215.58428571428834,244.10411341482487,overlap,Sun,14,False
352,BTCUSDm,short,2025-12-07 16:00:00+00:00,22474,89546.99,0.1,90246.99,88546.99,700.0,close_above_upper,1.5084471571357057,0.1,89046.99,0.5,0.0,0.0,0.0,,,False,2025-12-07 17:15:00+00:00,22489,90264.99,sl,-71.8,0.0,0.0,-71.8,-1.0257142857142856,-408.0599999999977,440.65000000000873,-0.5829428571428538,0.6295000000000125,15,4500.0,18.0,281.18357142857195,277.23841177343854,newyork,Sun,16,False
353,BTCUSDm,short,2025-12-07 17:20:00+00:00,22490,90323.66,0.1,91023.66,89323.66,700.0,close_above_upper,1.3914672545782023,0.1,89823.66,0.5,0.0,0.0,0.0,,,False,2025-12-07 17:35:00+00:00,22493,91041.66,sl,-71.8,0.0,0.0,-71.8,-1.0257142857142856,-674.4400000000023,125.82000000000698,-0.9634857142857176,0.1797428571428671,3,900.0,18.0,233.2514285714299,295.5801858076326,newyork,Sun,17,False
354,BTCUSDm,short,2025-12-07 17:40:00+00:00,22494,90841.41,0.1,91541.41,89841.41,700.0,close_above_upper,1.3594664043353195,0.1,90341.41,0.5,0.0,0.0,0.0,,,False,2025-12-07 18:15:00+00:00,22501,91559.41,sl,-71.8,0.0,0.0,-71.8,-1.0257142857142856,-656.1999999999971,147.57000000000698,-0.9374285714285673,0.2108142857142957,7,2100.0,18.0,291.7771428571453,314.3449453799327,newyork,Sun,17,False
355,BTCUSDm,short,2025-12-07 18:20:00+00:00,22502,91494.34,0.1,91494.34,90494.34,700.0,close_above_upper,0.6333427296016406,0.05,90994.34,0.5,0.05,91012.34,24.1,22538.0,2025-12-07 21:20:00+00:00,True,2025-12-07 21:40:00+00:00,22542,90512.34,tp,73.2,0.0,0.0,73.2,1.0457142857142858,-286.5599999999977,869.8899999999994,-0.4093714285714252,1.2426999999999992,40,12000.0,18.0,346.2464285714294,339.61433819464503,newyork,Sun,18,False
356,BTCUSDm,long,2025-12-07 21:45:00+00:00,22543,90553.28,0.1,89853.28,91553.28,700.0,close_below_lower,0.6542347711709758,0.1,91053.28,0.5,0.0,0.0,0.0,,,False,2025-12-07 21:55:00+00:00,22545,89853.28,sl,-70.0,0.0,0.0,-70.0,-1.0,-602.6499999999942,4.059999999997672,-0.8609285714285632,0.005799999999996674,2,600.0,18.0,152.4600000000012,347.3982620228751,rollover,Sun,21,False
357,BTCUSDm,long,2025-12-07 22:00:00+00:00,22546,90238.97,0.1,89538.97,91238.97,700.0,close_below_lower,0.5821834705405057,0.1,90738.97,0.5,0.0,0.0,0.0,,,False,2025-12-07 22:05:00+00:00,22547,89538.97,sl,-70.0,0.0,0.0,-70.0,-1.0,-351.02999999999884,0.0,-0.5014714285714269,0.0,1,300.0,18.0,219.15214285714424,358.9834677807613,rollover,Sun,22,False
358,BTCUSDm,long,2025-12-07 22:10:00+00:00,22548,89342.02,0.1,89342.02,90342.02,700.0,close_below_lower,2.225777627111646,0.05,89842.02,0.5,0.05,89842.02,25.0,22552.0,2025-12-07 22:30:00+00:00,True,2025-12-07 22:55:00+00:00,22557,89342.02,be_stop,25.0,0.0,0.0,25.0,0.35714285714285715,-125.36000000000058,919.5099999999948,-0.17908571428571513,1.3135857142857068,9,2700.0,18.0,303.2135714285718,370.39279357175553,rollover,Sun,22,False
359,BTCUSDm,short,2025-12-08 00:00:00+00:00,22570,90395.74,0.1,90395.74,89395.74,700.0,close_above_upper,0.03463060530691087,0.05,89895.74,0.5,0.05,89913.74,24.1,22574.0,2025-12-08 00:20:00+00:00,True,2025-12-08 00:30:00+00:00,22576,90413.74,be_stop,23.200000000000003,0.0,0.0,23.200000000000003,0.33142857142857146,-26.15999999998894,551.75,-0.03737142857141277,0.7882142857142858,6,1800.0,18.0,240.70357142857287,400.3118900808065,asian,Mon,0,False
360,BTCUSDm,short,2025-12-08 01:30:00+00:00,22588,91139.05,0.1,91839.05,90139.05,700.0,close_above_upper,0.4180019671459552,0.1,90639.05,0.5,0.0,0.0,0.0,,,False,2025-12-08 07:35:00+00:00,22661,91857.05,sl,-71.8,0.0,0.0,-71.8,-1.0257142857142856,-596.4700000000012,333.3500000000058,-0.8521000000000016,0.47621428571429403,73,21900.0,18.0,226.17499999999978,419.6397475910893,asian,Mon,1,False
361,BTCUSDm,long,2025-12-08 14:40:00+00:00,22746,91026.74,0.1,91026.74,92026.74,700.0,close_below_lower,0.015480660722257065,0.05,91526.74,0.5,0.05,91526.74,25.0,22747.0,2025-12-08 14:45:00+00:00,True,2025-12-08 14:55:00+00:00,22749,91026.74,be_stop,25.0,0.0,0.0,25.0,0.35714285714285715,-137.72000000000116,663.429999999993,-0.1967428571428588,0.9477571428571329,3,900.0,18.0,259.0085714285721,450.323930257671,overlap,Mon,14,False
362,BTCUSDm,long,2025-12-08 15:00:00+00:00,22750,90866.63,0.1,90166.63,91866.63,700.0,close_below_lower,0.13961753072462466,0.1,91366.63,0.5,0.0,0.0,0.0,,,False,2025-12-08 15:10:00+00:00,22752,90166.63,sl,-70.0,0.0,0.0,-70.0,-1.0,-417.5,141.91999999999825,-0.5964285714285714,0.20274285714285464,2,600.0,18.0,333.8128571428585,453.91280764218675,overlap,Mon,15,False
363,BTCUSDm,long,2025-12-08 15:15:00+00:00,22753,90256.17,0.1,90256.17,91256.17,700.0,close_below_lower,0.891477310049353,0.05,90756.17,0.5,0.05,90756.17,25.0,22820.0,2025-12-08 20:50:00+00:00,True,2025-12-08 21:30:00+00:00,22828,91256.17,tp,75.0,0.0,0.0,75.0,1.0714285714285714,-655.9700000000012,819.1500000000087,-0.9371000000000017,1.170214285714298,75,22500.0,18.0,401.76285714285666,464.44469110551677,overlap,Mon,15,False
364,BTCUSDm,short,2025-12-09 15:05:00+00:00,23039,90891.05,0.1,91591.05,89891.05,700.0,close_above_upper,0.1565889885754829,0.1,90391.05,0.5,0.0,0.0,0.0,,,False,2025-12-09 15:35:00+00:00,23045,91609.05,sl,-71.8,0.0,0.0,-71.8,-1.0257142857142856,-428.20999999999185,403.43000000000757,-0.6117285714285597,0.5763285714285823,6,1800.0,18.0,274.11785714285674,470.6525814252412,overlap,Tue,15,False
365,BTCUSDm,short,2025-12-09 15:40:00+00:00,23046,91583.75,0.1,92283.75,90583.75,700.0,close_above_upper,0.7996150229782203,0.1,91083.75,0.5,0.0,0.0,0.0,,,False,2025-12-09 15:50:00+00:00,23048,92301.75,sl,-71.8,0.0,0.0,-71.8,-1.0257142857142856,-581.9600000000064,59.179999999993015,-0.8313714285714378,0.08454285714284716,2,600.0,18.0,410.74000000000007,464.8116231645074,overlap,Tue,15,False
366,BTCUSDm,short,2025-12-09 15:55:00+00:00,23049,92821.46,0.1,93521.46,91821.46,700.0,close_above_upper,2.38485725666185,0.1,92321.46,0.5,0.0,0.0,0.0,,,False,2025-12-09 16:10:00+00:00,23052,93539.46,sl,-71.8,0.0,0.0,-71.8,-1.0257142857142856,-439.3099999999977,211.98000000001048,-0.627585714285711,0.3028285714285864,3,900.0,18.0,460.97142857142796,469.1067459958582,overlap,Tue,15,False
367,BTCUSDm,short,2025-12-09 16:15:00+00:00,23053,93434.38,0.1,94134.38,92434.38,700.0,close_above_upper,1.8742192746685122,0.1,92934.38,0.5,0.0,0.0,0.0,,,False,2025-12-09 16:40:00+00:00,23058,94152.38,sl,-71.8,0.0,0.0,-71.8,-1.0257142857142856,-596.6199999999953,164.15000000000873,-0.852314285714279,0.23450000000001248,5,1500.0,18.0,457.2221428571419,489.55824080885907,newyork,Tue,16,False
368,BTCUSDm,short,2025-12-09 16:45:00+00:00,23059,94228.51,0.1,94228.51,93228.51,700.0,close_above_upper,1.170926172797003,0.05,93728.51,0.5,0.05,93746.51,24.1,23066.0,2025-12-09 17:20:00+00:00,True,2025-12-09 19:30:00+00:00,23092,94246.51,be_stop,23.200000000000003,0.0,0.0,23.200000000000003,0.33142857142857146,-377.13000000000466,679.7099999999919,-0.5387571428571495,0.9710142857142741,33,9900.0,18.0,432.29999999999876,520.7722863902229,newyork,Tue,16,False
369,BTCUSDm,long,2025-12-09 20:25:00+00:00,23103,92950.21,0.1,92250.21,93950.21,700.0,close_below_lower,0.45200749377892196,0.1,93450.21,0.5,0.0,0.0,0.0,,,False,2025-12-09 21:55:00+00:00,23121,92250.21,sl,-70.0,0.0,0.0,-70.0,-1.0,-659.9000000000087,341.179999999993,-0.9427142857142982,0.48739999999999,18,5400.0,18.0,231.45857142857338,523.0321253417088,newyork,Tue,20,False
370,BTCUSDm,short,2025-12-10 18:40:00+00:00,23370,92999.97,0.1,92999.97,91999.97,700.0,close_above_upper,0.24992379799916953,0.05,92499.97,0.5,0.05,92517.97,24.1,23372.0,2025-12-10 18:50:00+00:00,True,2025-12-10 19:00:00+00:00,23374,93017.97,be_stop,23.200000000000003,0.0,0.0,23.200000000000003,0.33142857142857146,-28.10000000000582,937.0500000000029,-0.04014285714286546,1.3386428571428612,4,1200.0,18.0,209.14499999999785,473.29934729684555,newyork,Wed,18,False
371,BTCUSDm,short,2025-12-10 19:15:00+00:00,23377,93003.99,0.1,93003.99,92003.99,700.0,close_above_upper,0.04329175292884477,0.05,92503.99,0.5,0.05,92521.99,24.1,23379.0,2025-12-10 19:25:00+00:00,True,2025-12-10 19:30:00+00:00,23380,93021.99,be_stop,23.200000000000003,0.0,0.0,23.200000000000003,0.33142857142857146,-186.90999999998894,705.0400000000081,-0.26701428571426994,1.0072000000000116,3,900.0,18.0,460.9800000000001,477.2035215039179,newyork,Wed,19,False
372,BTCUSDm,short,2025-12-10 19:35:00+00:00,23381,93149.2,0.1,93149.2,92149.2,700.0,close_above_upper,0.09362077137553718,0.05,92649.2,0.5,0.05,92667.2,24.1,23382.0,2025-12-10 19:40:00+00:00,True,2025-12-10 20:05:00+00:00,23387,93167.2,be_stop,23.200000000000003,0.0,0.0,23.200000000000003,0.33142857142857146,-21.19999999999709,676.4599999999919,-0.030285714285710127,0.9663714285714169,6,1800.0,18.0,558.2107142857141,476.384970674671,newyork,Wed,19,False
373,BTCUSDm,short,2025-12-10 20:10:00+00:00,23388,93601.16,0.1,94301.16,92601.16,700.0,close_above_upper,0.48075881605562837,0.1,93101.16,0.5,0.0,0.0,0.0,,,False,2025-12-10 20:15:00+00:00,23389,94319.16,sl,-71.8,0.0,0.0,-71.8,-1.0257142857142856,-695.6100000000006,199.63000000000466,-0.9937285714285723,0.2851857142857209,1,300.0,18.0,596.3642857142851,484.8322085421138,newyork,Wed,20,False
374,BTCUSDm,short,2025-12-10 20:20:00+00:00,23390,93692.7,0.1,93692.7,92692.7,700.0,close_above_upper,0.173784508318818,0.05,93192.7,0.5,0.05,93210.7,24.1,23396.0,2025-12-10 20:50:00+00:00,True,2025-12-10 20:50:00+00:00,23396,92710.7,tp,73.2,0.0,0.0,73.2,1.0457142857142858,-245.1200000000099,527.6699999999983,-0.35017142857144273,0.7538142857142832,6,1800.0,18.0,544.5507142857138,495.7297601785934,newyork,Wed,20,False
375,BTCUSDm,long,2025-12-10 20:55:00+00:00,23397,92548.52,0.1,91848.52,93548.52,700.0,close_below_lower,0.6972289036265672,0.1,93048.52,0.5,0.0,0.0,0.0,,,False,2025-12-11 00:20:00+00:00,23438,91848.52,sl,-70.0,0.0,0.0,-70.0,-1.0,-668.1699999999983,258.27999999999884,-0.954528571428569,0.3689714285714269,41,12300.0,18.0,553.1100000000016,506.8872348016642,newyork,Wed,20,False
376,BTCUSDm,long,2025-12-11 01:20:00+00:00,23450,90829.29,0.1,90129.29,91829.29,700.0,close_below_lower,0.06887634836072089,0.1,91329.29,0.5,0.0,0.0,0.0,,,False,2025-12-11 02:15:00+00:00,23461,90129.29,sl,-70.0,0.0,0.0,-70.0,-1.0,-652.0899999999965,478.18000000000757,-0.9315571428571379,0.6831142857142966,11,3300.0,18.0,251.1564285714277,542.2354492322067,asian,Thu,1,False
377,BTCUSDm,long,2025-12-11 14:55:00+00:00,23613,89508.71,0.1,89508.71,90508.71,700.0,close_below_lower,0.36512036742647874,0.05,90008.71,0.5,0.05,90008.71,25.0,23615.0,2025-12-11 15:05:00+00:00,True,2025-12-11 15:20:00+00:00,23618,90508.71,tp,75.0,0.0,0.0,75.0,1.0714285714285714,-253.58000000000175,820.7899999999936,-0.36225714285714533,1.1725571428571337,5,1500.0,18.0,236.79857142857196,421.6329300526936,overlap,Thu,14,False
378,BTCUSDm,short,2025-12-11 15:25:00+00:00,23619,90596.37,0.1,90596.37,89596.37,700.0,close_above_upper,0.27389128440395677,0.05,90096.37,0.5,0.05,90114.37,24.1,23620.0,2025-12-11 15:30:00+00:00,True,2025-12-11 16:05:00+00:00,23627,89614.37,tp,73.2,0.0,0.0,73.2,1.0457142857142858,-67.90000000000873,960.0099999999948,-0.09700000000001248,1.3714428571428496,8,2400.0,18.0,359.54357142857043,427.504525637425,overlap,Thu,15,False
379,BTCUSDm,long,2025-12-11 16:10:00+00:00,23628,89442.54,0.1,89442.54,90442.54,700.0,close_below_lower,0.09585977867086136,0.05,89942.54,0.5,0.05,89942.54,25.0,23634.0,2025-12-11 16:40:00+00:00,True,2025-12-11 18:15:00+00:00,23653,90442.54,tp,75.0,0.0,0.0,75.0,1.0714285714285714,-122.81999999999243,976.070000000007,-0.17545714285713204,1.3943857142857243,25,7500.0,18.0,356.8935714285711,426.9856499278138,newyork,Thu,16,False
380,BTCUSDm,short,2025-12-11 18:45:00+00:00,23659,91161.59,0.1,91161.59,90161.59,700.0,close_above_upper,0.8654084990978854,0.05,90661.59,0.5,0.05,90679.59,24.1,23660.0,2025-12-11 18:50:00+00:00,True,2025-12-11 19:20:00+00:00,23666,91179.59,be_stop,23.200000000000003,0.0,0.0,23.200000000000003,0.33142857142857146,-46.23000000001048,690.9499999999971,-0.06604285714287211,0.9870714285714244,7,2100.0,18.0,229.5178571428582,436.15399569931196,newyork,Thu,18,False
381,BTCUSDm,short,2025-12-11 19:35:00+00:00,23669,91325.68,0.1,91325.68,90325.68,700.0,close_above_upper,0.08349473709444022,0.05,90825.68,0.5,0.05,90843.68,24.1,23673.0,2025-12-11 19:55:00+00:00,True,2025-12-11 20:10:00+00:00,23676,91343.68,be_stop,23.200000000000003,0.0,0.0,23.200000000000003,0.33142857142857146,-233.7600000000093,575.5299999999988,-0.3339428571428705,0.8221857142857126,7,2100.0,18.0,281.16428571428696,448.0753755405495,newyork,Thu,19,False
382,BTCUSDm,short,2025-12-11 21:05:00+00:00,23687,91908.09,0.1,92608.09,90908.09,700.0,close_above_upper,0.003561716962459623,0.1,91408.09,0.5,0.0,0.0,0.0,,,False,2025-12-11 21:10:00+00:00,23688,92626.09,sl,-71.8,0.0,0.0,-71.8,-1.0257142857142856,-501.22000000000116,30.220000000001164,-0.7160285714285731,0.043171428571430234,1,300.0,18.0,272.20928571428624,463.462131166757,rollover,Thu,21,False
383,BTCUSDm,short,2025-12-11 21:15:00+00:00,23689,92472.69,0.1,93172.69,91472.69,700.0,close_above_upper,0.7442512691053258,0.1,91972.69,0.5,0.0,0.0,0.0,,,False,2025-12-11 21:25:00+00:00,23691,93190.69,sl,-71.8,0.0,0.0,-71.8,-1.0257142857142856,-674.0899999999965,0.0,-0.9629857142857093,0.0,2,600.0,18.0,289.5135714285726,472.70337972075754,rollover,Thu,21,False
384,BTCUSDm,short,2025-12-11 21:30:00+00:00,23692,93301.46,0.1,93301.46,92301.46,700.0,close_above_upper,1.4590985939717485,0.05,92801.46,0.5,0.05,92819.46,24.1,23701.0,2025-12-11 22:15:00+00:00,True,2025-12-11 22:25:00+00:00,23703,92319.46,tp,73.2,0.0,0.0,73.2,1.0457142857142858,-295.61999999999534,920.4800000000105,-0.42231428571427904,1.3149714285714436,11,3300.0,18.0,338.26571428571543,491.1934310730658,rollover,Thu,21,False
385,BTCUSDm,long,2025-12-12 01:00:00+00:00,23734,91617.62,0.1,91617.62,92617.62,700.0,close_below_lower,0.3448871581268328,0.05,92117.62,0.5,0.05,92117.62,25.0,23738.0,2025-12-12 01:20:00+00:00,True,2025-12-12 02:45:00+00:00,23755,92617.62,tp,75.0,0.0,0.0,75.0,1.0714285714285714,-76.11999999999534,912.6900000000023,-0.1087428571428505,1.3038428571428604,21,6300.0,18.0,213.83357142857338,535.1708404201255,asian,Fri,1,False
386,BTCUSDm,long,2025-12-12 15:25:00+00:00,23907,91559.79,0.1,90859.79,92559.79,700.0,close_below_lower,0.3112108288329381,0.1,92059.79,0.5,0.0,0.0,0.0,,,False,2025-12-12 15:30:00+00:00,23908,90850.95,sl,-70.88399999999966,0.0,0.0,-70.88399999999966,-1.0126285714285665,-716.9099999999889,47.40000000000873,-1.024157142857127,0.06771428571429819,1,300.0,18.0,291.35071428571456,473.88362300705467,overlap,Fri,15,False
387,BTCUSDm,long,2025-12-12 15:35:00+00:00,23909,90660.18,0.1,89960.18,91660.18,700.0,close_below_lower,1.5145827373492162,0.1,91160.18,0.5,0.0,0.0,0.0,,,False,2025-12-12 15:55:00+00:00,23913,89960.18,sl,-70.0,0.0,0.0,-70.0,-1.0,-462.0399999999936,105.82000000000698,-0.6600571428571337,0.15117142857143856,4,1200.0,18.0,357.8692857142866,488.1205633986998,overlap,Fri,15,False
388,BTCUSDm,long,2025-12-12 16:00:00+00:00,23914,89949.3,0.1,89949.3,90949.3,700.0,close_below_lower,1.3056855119357627,0.05,90449.3,0.5,0.05,90449.3,25.0,23929.0,2025-12-12 17:15:00+00:00,True,2025-12-12 17:25:00+00:00,23931,89949.3,be_stop,25.0,0.0,0.0,25.0,0.35714285714285715,-477.6600000000035,686.3300000000017,-0.6823714285714335,0.9804714285714311,17,5100.0,18.0,420.36785714285776,511.8099731487917,newyork,Fri,16,False
389,BTCUSDm,long,2025-12-14 10:15:00+00:00,24421,89837.5,0.1,89137.5,90837.5,700.0,close_below_lower,0.3702306120564879,0.1,90337.5,0.5,0.0,0.0,0.0,,,False,2025-12-14 11:40:00+00:00,24438,89137.5,sl,-70.0,0.0,0.0,-70.0,-1.0,-695.3899999999994,298.1399999999994,-0.9934142857142849,0.42591428571428486,17,5100.0,18.0,60.09428571428517,160.09025089105558,london,Sun,10,False
390,BTCUSDm,long,2025-12-14 11:45:00+00:00,24439,88912.55,0.1,88912.55,89912.55,700.0,close_below_lower,3.501669237955074,0.05,89412.55,0.5,0.05,89412.55,25.0,24441.0,2025-12-14 11:55:00+00:00,True,2025-12-14 14:50:00+00:00,24476,88912.55,be_stop,25.0,0.0,0.0,25.0,0.35714285714285715,-180.35000000000582,771.3099999999977,-0.25764285714286544,1.1018714285714253,37,11100.0,18.0,205.84642857143004,159.71477532256034,london,Sun,11,False
391,BTCUSDm,long,2025-12-14 14:55:00+00:00,24477,89013.64,0.1,88313.64,90013.64,700.0,close_below_lower,0.3984003074096152,0.1,89513.64,0.5,0.0,0.0,0.0,,,False,2025-12-14 22:30:00+00:00,24568,88313.64,sl,-70.0,0.0,0.0,-70.0,-1.0,-665.9600000000064,396.3399999999965,-0.9513714285714377,0.566199999999995,91,27300.0,18.0,152.87642857142677,157.131219701859,overlap,Sun,14,False
392,BTCUSDm,long,2025-12-14 22:35:00+00:00,24569,88207.98,0.1,88207.98,89207.98,700.0,close_below_lower,0.5924540782223955,0.05,88707.98,0.5,0.05,88707.98,25.0,24602.0,2025-12-15 01:20:00+00:00,True,2025-12-15 01:35:00+00:00,24605,89207.98,tp,75.0,0.0,0.0,75.0,1.0714285714285714,-646.8600000000006,811.4000000000087,-0.9240857142857151,1.1591428571428697,36,10800.0,18.0,123.75000000000104,181.81189642368685,rollover,Sun,22,False
393,BTCUSDm,short,2025-12-15 01:40:00+00:00,24606,89180.91,0.1,89880.91,88180.91,700.0,close_above_upper,1.61664791027822,0.1,88680.91,0.5,0.0,0.0,0.0,,,False,2025-12-15 02:15:00+00:00,24613,89898.91,sl,-71.8,0.0,0.0,-71.8,-1.0257142857142856,-479.83000000000175,212.22000000000116,-0.6854714285714311,0.30317142857143026,7,2100.0,18.0,191.78500000000037,212.87943087746635,asian,Mon,1,False
394,BTCUSDm,short,2025-12-15 02:20:00+00:00,24614,89934.67,0.1,89934.67,88934.67,700.0,close_above_upper,2.0508927876890284,0.05,89434.67,0.5,0.05,89452.67,24.1,24618.0,2025-12-15 02:40:00+00:00,True,2025-12-15 09:00:00+00:00,24694,89952.67,be_stop,23.200000000000003,0.0,0.0,23.200000000000003,0.33142857142857146,-94.05999999999767,705.5699999999924,-0.13437142857142526,1.0079571428571321,80,24000.0,18.0,227.39142857142932,233.56444906081705,asian,Mon,2,False
395,BTCUSDm,long,2025-12-15 14:35:00+00:00,24761,89085.36,0.1,89085.36,90085.36,700.0,close_below_lower,0.4276271739439011,0.05,89585.36,0.5,0.05,89585.36,25.0,24762.0,2025-12-15 14:40:00+00:00,True,2025-12-15 14:45:00+00:00,24763,89085.36,be_stop,25.0,0.0,0.0,25.0,0.35714285714285715,-18.0,794.9700000000012,-0.025714285714285714,1.1356714285714302,2,600.0,18.0,157.0042857142866,269.32323916697845,overlap,Mon,14,False
396,BTCUSDm,long,2025-12-15 14:50:00+00:00,24764,88742.11,0.1,88042.11,89742.11,700.0,close_below_lower,1.324213209574567,0.1,89242.11,0.5,0.0,0.0,0.0,,,False,2025-12-15 14:55:00+00:00,24765,88042.11,sl,-70.0,0.0,0.0,-70.0,-1.0,-498.5399999999936,141.80999999999767,-0.7121999999999908,0.20258571428571095,1,300.0,18.0,273.847142857145,272.8145429691921,overlap,Mon,14,False
397,BTCUSDm,long,2025-12-15 15:00:00+00:00,24766,88054.48,0.1,87354.48,89054.48,700.0,close_below_lower,2.788478857615053,0.1,88554.48,0.5,0.0,0.0,0.0,,,False,2025-12-15 15:15:00+00:00,24769,87354.48,sl,-70.0,0.0,0.0,-70.0,-1.0,-678.8999999999942,132.1999999999971,-0.9698571428571345,0.1888571428571387,3,900.0,18.0,327.6357142857149,283.9081728114914,overlap,Mon,15,False
398,BTCUSDm,long,2025-12-15 15:20:00+00:00,24770,87050.56,0.1,86350.56,88050.56,700.0,close_below_lower,3.5051684122431084,0.1,87550.56,0.5,0.0,0.0,0.0,,,False,2025-12-15 16:35:00+00:00,24785,86350.56,sl,-70.0,0.0,0.0,-70.0,-1.0,-479.9400000000023,320.6399999999994,-0.6856285714285748,0.45805714285714205,15,4500.0,18.0,456.1171428571418,311.54410756956304,overlap,Mon,15,False
399,BTCUSDm,long,2025-12-15 16:40:00+00:00,24786,86356.47,0.1,85656.47,87356.47,700.0,close_below_lower,0.6397541960347156,0.1,86856.47,0.5,0.0,0.0,0.0,,,False,2025-12-15 17:50:00+00:00,24800,85656.47,sl,-70.0,0.0,0.0,-70.0,-1.0,-682.3899999999994,140.75,-0.9748428571428563,0.20107142857142857,14,4200.0,18.0,352.5692857142889,354.87735411991116,newyork,Mon,16,False
400,BTCUSDm,long,2025-12-15 18:35:00+00:00,24809,85354.94,0.1,85354.94,86354.94,700.0,close_below_lower,0.08063100009339519,0.05,85854.94,0.5,0.05,85854.94,25.0,24810.0,2025-12-15 18:40:00+00:00,True,2025-12-15 19:00:00+00:00,24814,86354.94,tp,75.0,0.0,0.0,75.0,1.0714285714285714,-258.99000000000524,922.2599999999948,-0.36998571428572175,1.3175142857142783,5,1500.0,18.0,239.71857142857127,388.17313476654317,newyork,Mon,18,False
401,BTCUSDm,short,2025-12-15 19:05:00+00:00,24815,86496.75,0.1,86496.75,85496.75,700.0,close_above_upper,0.6469065507374846,0.05,85996.75,0.5,0.05,86014.75,24.1,24816.0,2025-12-15 19:10:00+00:00,True,2025-12-15 21:05:00+00:00,24839,85514.75,tp,73.2,0.0,0.0,73.2,1.0457142857142858,0.0,903.429999999993,0.0,1.2906142857142757,24,7200.0,18.0,279.03500000000037,397.29962563132995,newyork,Mon,19,False
402,BTCUSDm,short,2025-12-16 10:45:00+00:00,25003,87117.68,0.1,87117.68,86117.68,700.0,close_above_upper,0.4060576940717148,0.05,86617.68,0.5,0.05,86635.68,24.1,25041.0,2025-12-16 13:55:00+00:00,True,2025-12-16 14:00:00+00:00,25042,86135.68,tp,73.2,0.0,0.0,73.2,1.0457142857142858,-672.9100000000035,726.1599999999889,-0.961300000000005,1.0373714285714128,39,11700.0,18.0,151.2528571428598,458.8308194632427,london,Tue,10,False
403,BTCUSDm,long,2025-12-16 14:05:00+00:00,25043,86469.37,0.1,86469.37,87469.37,700.0,close_below_lower,0.0696751216340536,0.05,86969.37,0.5,0.05,86969.37,25.0,25045.0,2025-12-16 14:15:00+00:00,True,2025-12-16 14:50:00+00:00,25052,87469.37,tp,75.0,0.0,0.0,75.0,1.0714285714285714,-51.20999999999185,909.1100000000006,-0.07315714285713122,1.2987285714285723,9,2700.0,18.0,346.7914285714277,479.45081001774093,overlap,Tue,14,False
404,BTCUSDm,short,2025-12-16 15:55:00+00:00,25065,87901.06,0.1,87901.06,86901.06,700.0,close_above_upper,0.28928238707858955,0.05,87401.06,0.5,0.05,87419.06,24.1,25074.0,2025-12-16 16:40:00+00:00,True,2025-12-16 18:40:00+00:00,25098,87919.06,be_stop,23.200000000000003,0.0,0.0,23.200000000000003,0.33142857142857146,-244.4100000000035,866.179999999993,-0.34915714285714783,1.23739999999999,33,9900.0,18.0,380.05285714285753,492.3411935656515,overlap,Tue,15,False
405,BTCUSDm,short,2025-12-17 14:00:00+00:00,25330,87600.05,0.1,88300.05,86600.05,700.0,close_above_upper,0.03489977592766766,0.1,87100.05,0.5,0.0,0.0,0.0,,,False,2025-12-17 14:50:00+00:00,25340,88318.05,sl,-71.8,0.0,0.0,-71.8,-1.0257142857142856,-300.179999999993,471.7100000000064,-0.42882857142856146,0.6738714285714377,10,3000.0,18.0,220.99428571428663,400.5795630835034,overlap,Wed,14,False
406,BTCUSDm,short,2025-12-17 14:55:00+00:00,25341,89254.25,0.1,89954.25,88254.25,700.0,close_above_upper,2.8051658300299276,0.1,88754.25,0.5,0.0,0.0,0.0,,,False,2025-12-17 15:00:00+00:00,25342,89972.25,sl,-71.8,0.0,0.0,-71.8,-1.0257142857142856,-409.1000000000058,246.72999999999593,-0.5844285714285797,0.3524714285714228,1,300.0,18.0,401.38714285714275,412.91738184465316,overlap,Wed,14,False
407,BTCUSDm,short,2025-12-17 15:05:00+00:00,25343,89564.77,0.1,90264.77,88564.77,700.0,close_above_upper,2.4271860840032424,0.1,89064.77,0.5,0.0,0.0,0.0,,,False,2025-12-17 15:15:00+00:00,25345,90282.77,sl,-71.8,0.0,0.0,-71.8,-1.0257142857142856,-795.5199999999895,106.66000000000349,-1.136457142857128,0.15237142857143357,2,600.0,18.0,439.15071428571434,431.1862548866916,overlap,Wed,15,False
408,BTCUSDm,short,2025-12-17 15:20:00+00:00,25346,89891.5,0.1,89891.5,88891.5,700.0,close_above_upper,1.618626919258458,0.05,89391.5,0.5,0.05,89409.5,24.1,25349.0,2025-12-17 15:35:00+00:00,True,2025-12-17 15:40:00+00:00,25350,88909.5,tp,73.2,0.0,0.0,73.2,1.0457142857142858,-170.72999999999593,664.179999999993,-0.24389999999999418,0.9488285714285615,4,1200.0,18.0,529.7200000000012,452.8730335043705,overlap,Wed,15,False
409,BTCUSDm,long,2025-12-17 15:45:00+00:00,25351,88714.71,0.1,88014.71,89714.71,700.0,close_below_lower,0.15301777000203498,0.1,89214.71,0.5,0.0,0.0,0.0,,,False,2025-12-17 15:50:00+00:00,25352,88014.71,sl,-70.0,0.0,0.0,-70.0,-1.0,-685.4200000000128,53.90999999998894,-0.9791714285714469,0.07701428571426991,1,300.0,18.0,625.3807142857144,466.5896873213174,overlap,Wed,15,False
410,BTCUSDm,long,2025-12-17 15:55:00+00:00,25353,87648.65,0.1,86948.65,88648.65,700.0,close_below_lower,1.956761175970809,0.1,88148.65,0.5,0.0,0.0,0.0,,,False,2025-12-17 16:10:00+00:00,25356,86948.65,sl,-70.0,0.0,0.0,-70.0,-1.0,-641.5599999999977,89.77000000000407,-0.9165142857142824,0.12824285714286296,3,900.0,18.0,687.0735714285723,480.1353656483965,overlap,Wed,15,False
411,BTCUSDm,long,2025-12-17 16:15:00+00:00,25357,86943.42,0.1,86243.42,87943.42,700.0,close_below_lower,1.8864083757322696,0.1,87443.42,0.5,0.0,0.0,0.0,,,False,2025-12-17 16:30:00+00:00,25360,86243.42,sl,-70.0,0.0,0.0,-70.0,-1.0,-661.2899999999936,66.72999999999593,-0.9446999999999909,0.09532857142856561,3,900.0,18.0,604.2900000000009,510.5766328706475,newyork,Wed,16,False
412,BTCUSDm,long,2025-12-17 16:35:00+00:00,25361,86441.67,0.1,86441.67,87441.67,700.0,close_below_lower,1.0395970007736246,0.05,86941.67,0.5,0.05,86941.67,25.0,25365.0,2025-12-17 16:55:00+00:00,True,2025-12-17 17:05:00+00:00,25367,86441.67,be_stop,25.0,0.0,0.0,25.0,0.35714285714285715,-253.75999999999476,528.8500000000058,-0.36251428571427824,0.7555000000000083,6,1800.0,18.0,565.9635714285707,543.481420555311,newyork,Wed,16,False
413,BTCUSDm,long,2025-12-17 18:50:00+00:00,25388,85775.23,0.1,85775.23,86775.23,700.0,close_below_lower,0.09476536658060376,0.05,86275.23,0.5,0.05,86275.23,25.0,25431.0,2025-12-17 22:25:00+00:00,True,2025-12-18 02:15:00+00:00,25477,86775.23,tp,75.0,0.0,0.0,75.0,1.0714285714285714,-504.5199999999895,737.4000000000087,-0.7207428571428421,1.0534285714285838,89,26700.0,18.0,254.76142857143194,560.1182561069281,newyork,Wed,18,False
414,BTCUSDm,short,2025-12-18 13:35:00+00:00,25613,88085.61,0.1,88785.61,87085.61,700.0,close_above_upper,0.03294091363830357,0.1,87585.61,0.5,0.0,0.0,0.0,,,False,2025-12-18 13:40:00+00:00,25614,88803.61,sl,-71.8,0.0,0.0,-71.8,-1.0257142857142856,-206.38999999999942,244.08000000000175,-0.2948428571428563,0.34868571428571676,1,300.0,18.0,258.8928571428582,534.4163288493372,overlap,Thu,13,False
415,BTCUSDm,short,2025-12-18 13:45:00+00:00,25615,88726.09,0.1,89426.09,87726.09,700.0,close_above_upper,0.8246789752720415,0.1,88226.09,0.5,0.0,0.0,0.0,,,False,2025-12-18 14:00:00+00:00,25618,89444.09,sl,-71.8,0.0,0.0,-71.8,-1.0257142857142856,-444.8600000000006,170.16999999999825,-0.6355142857142866,0.2430999999999975,3,900.0,18.0,310.02857142857204,543.3114075094637,overlap,Thu,13,False
416,BTCUSDm,short,2025-12-18 14:05:00+00:00,25619,88996.49,0.1,88996.49,87996.49,700.0,close_above_upper,0.3654382737454334,0.05,88496.49,0.5,0.05,88514.49,24.1,25620.0,2025-12-18 14:10:00+00:00,True,2025-12-18 14:30:00+00:00,25624,89014.49,be_stop,23.200000000000003,0.0,0.0,23.200000000000003,0.33142857142857146,-232.52999999999884,937.0900000000111,-0.33218571428571264,1.3387000000000158,5,1500.0,18.0,397.9864285714284,561.9801051664992,overlap,Thu,14,False
417,BTCUSDm,long,2025-12-18 14:45:00+00:00,25627,87796.18,0.1,87796.18,88796.18,700.0,close_below_lower,0.10187066681316545,0.05,88296.18,0.5,0.05,88296.18,25.0,25628.0,2025-12-18 14:50:00+00:00,True,2025-12-18 15:35:00+00:00,25637,88796.18,tp,75.0,0.0,0.0,75.0,1.0714285714285714,-91.59999999999127,854.390000000014,-0.13085714285713038,1.2205571428571629,10,3000.0,18.0,512.5935714285703,570.153884964652,overlap,Thu,14,False
418,BTCUSDm,short,2025-12-18 15:40:00+00:00,25638,89274.13,0.1,89274.13,88274.13,700.0,close_above_upper,0.49154190341207965,0.05,88774.13,0.5,0.05,88792.13,24.1,25639.0,2025-12-18 15:45:00+00:00,True,2025-12-18 16:00:00+00:00,25642,88292.13,tp,73.2,0.0,0.0,73.2,1.0457142857142858,-34.330000000001746,863.4400000000023,-0.049042857142859636,1.2334857142857176,4,1200.0,18.0,476.2228571428568,579.5957050801067,overlap,Thu,15,False
419,BTCUSDm,long,2025-12-18 17:10:00+00:00,25656,86561.24,0.1,85861.24,87561.24,700.0,close_below_lower,1.308556437334255,0.1,87061.24,0.5,0.0,0.0,0.0,,,False,2025-12-18 17:15:00+00:00,25657,85861.24,sl,-70.0,0.0,0.0,-70.0,-1.0,-347.16999999999825,138.68999999998778,-0.4959571428571404,0.19812857142855397,1,300.0,18.0,321.5042857142856,608.5064346654079,newyork,Thu,17,False
420,BTCUSDm,long,2025-12-18 17:20:00+00:00,25658,86123.99,0.1,85423.99,87123.99,700.0,close_below_lower,1.3609381501943991,0.1,86623.99,0.5,0.0,0.0,0.0,,,False,2025-12-18 17:25:00+00:00,25659,85423.99,sl,-70.0,0.0,0.0,-70.0,-1.0,-687.4000000000087,0.0,-0.9820000000000124,0.0,1,300.0,18.0,376.76285714285666,625.5060218414733,newyork,Thu,17,False
421,BTCUSDm,long,2025-12-18 17:30:00+00:00,25660,85872.54,0.1,85872.54,86872.54,700.0,close_below_lower,1.0058914929575364,0.05,86372.54,0.5,0.05,86372.54,25.0,25662.0,2025-12-18 17:40:00+00:00,True,2025-12-18 18:50:00+00:00,25676,85872.54,be_stop,25.0,0.0,0.0,25.0,0.35714285714285715,-324.8799999999901,964.4500000000116,-0.4641142857142716,1.3777857142857308,16,4800.0,18.0,420.2542857142845,643.5895891240649,newyork,Thu,17,False
422,BTCUSDm,long,2025-12-18 19:05:00+00:00,25679,85461.56,0.1,84761.56,86461.56,700.0,close_below_lower,0.15930504571002677,0.1,85961.56,0.5,0.0,0.0,0.0,,,False,2025-12-18 19:40:00+00:00,25686,84761.56,sl,-70.0,0.0,0.0,-70.0,-1.0,-403.3899999999994,394.63000000000466,-0.5762714285714278,0.5637571428571495,7,2100.0,18.0,327.96857142857124,660.2384124553116,newyork,Thu,19,False
423,BTCUSDm,long,2025-12-18 19:45:00+00:00,25687,84671.91,0.1,84671.91,85671.91,700.0,close_below_lower,0.4338003408881852,0.05,85171.91,0.5,0.05,85171.91,25.0,25691.0,2025-12-18 20:05:00+00:00,True,2025-12-18 20:55:00+00:00,25701,84671.91,be_stop,25.0,0.0,0.0,25.0,0.35714285714285715,-278.2700000000041,554.2299999999959,-0.3975285714285772,0.791757142857137,14,4200.0,18.0,404.8928571428592,680.627687336485,newyork,Thu,19,False
424,BTCUSDm,short,2025-12-19 03:30:00+00:00,25780,87086.74,0.1,87786.74,86086.74,700.0,close_above_upper,0.6255534634923572,0.1,86586.74,0.5,0.0,0.0,0.0,,,False,2025-12-19 07:00:00+00:00,25822,87804.74,sl,-71.8,0.0,0.0,-71.8,-1.0257142857142856,-439.3600000000006,475.47000000000116,-0.6276571428571437,0.6792428571428588,42,12600.0,18.0,341.7214285714269,692.4152216213538,asian,Fri,3,False
425,BTCUSDm,short,2025-12-19 07:10:00+00:00,25824,87960.14,0.1,87960.14,86960.14,700.0,close_above_upper,0.059652245417483624,0.05,87460.14,0.5,0.05,87478.14,24.1,25914.0,2025-12-19 14:40:00+00:00,True,2025-12-19 14:45:00+00:00,25915,88479.64,be_stop,-1.875,0.0,0.0,-1.875,-0.026785714285714284,-563.9199999999983,508.3999999999942,-0.8055999999999975,0.726285714285706,91,27300.0,18.0,169.44214285714406,722.8232580561964,london,Fri,7,False
426,BTCUSDm,short,2025-12-19 15:15:00+00:00,25921,88706.68,0.1,88706.68,87706.68,700.0,close_above_upper,0.14850095677142214,0.05,88206.68,0.5,0.05,88224.68,24.1,25922.0,2025-12-19 15:20:00+00:00,True,2025-12-19 15:45:00+00:00,25927,87724.68,tp,73.2,0.0,0.0,73.2,1.0457142857142858,-652.3000000000029,842.5599999999977,-0.931857142857147,1.2036571428571394,6,1800.0,18.0,369.5735714285724,535.0685386220798,overlap,Fri,15,False
427,BTCUSDm,long,2025-12-19 17:35:00+00:00,25949,86992.4,0.1,86992.4,87992.4,700.0,close_below_lower,0.7827175999603041,0.05,87492.4,0.5,0.05,87492.4,25.0,25969.0,2025-12-19 19:15:00+00:00,True,2025-12-19 19:50:00+00:00,25976,87992.4,tp,75.0,0.0,0.0,75.0,1.0714285714285714,-218.41999999999825,986.25,-0.31202857142856893,1.4089285714285715,27,8100.0,18.0,340.65071428571224,556.5841551944285,newyork,Fri,17,False
428,BTCUSDm,short,2025-12-21 08:45:00+00:00,26419,88577.73,0.1,88577.73,87577.73,700.0,close_above_upper,0.5305817648588693,0.05,88077.73,0.5,0.05,88095.73,24.1,26476.0,2025-12-21 13:30:00+00:00,True,2025-12-21 13:50:00+00:00,26480,87595.73,tp,73.2,0.0,0.0,73.2,1.0457142857142858,-469.3600000000006,948.429999999993,-0.6705142857142865,1.35489999999999,61,18300.0,18.0,90.10500000000009,235.5333705589286,london,Sun,8,False
429,BTCUSDm,long,2025-12-21 13:55:00+00:00,26481,87695.46,0.1,87695.46,88695.46,700.0,close_below_lower,1.377172084351733,0.05,88195.46,0.5,0.05,88195.46,25.0,26504.0,2025-12-21 15:50:00+00:00,True,2025-12-21 23:00:00+00:00,26590,88695.46,tp,75.0,0.0,0.0,75.0,1.0714285714285714,-116.59000000001106,902.1299999999901,-0.16655714285715867,1.2887571428571287,109,32700.0,18.0,200.00857142857214,197.6264237178008,overlap,Sun,13,False
430,BTCUSDm,short,2025-12-21 23:05:00+00:00,26591,88664.95,0.1,89364.95,87664.95,700.0,close_above_upper,0.5037501320740232,0.1,88164.95,0.5,0.0,0.0,0.0,,,False,2025-12-22 00:10:00+00:00,26604,89382.95,sl,-71.8,0.0,0.0,-71.8,-1.0257142857142856,-290.6200000000099,330.7899999999936,-0.4151714285714427,0.4725571428571337,13,3900.0,18.0,112.80642857142811,203.2148667835673,rollover,Sun,23,False
431,BTCUSDm,short,2025-12-22 00:15:00+00:00,26605,89448.04,0.1,89448.04,88448.04,700.0,close_above_upper,2.7221441383452385,0.05,88948.04,0.5,0.05,88966.04,24.1,26606.0,2025-12-22 00:20:00+00:00,True,2025-12-22 02:00:00+00:00,26626,88466.04,tp,73.2,0.0,0.0,73.2,1.0457142857142858,-149.6200000000099,965.6999999999971,-0.21374285714287128,1.3795714285714245,21,6300.0,18.0,170.96714285714344,212.80071122178333,asian,Mon,0,False
432,BTCUSDm,long,2025-12-22 02:05:00+00:00,26627,88464.53,0.1,88464.53,89464.53,700.0,close_below_lower,0.8440230861464035,0.05,88964.53,0.5,0.05,88964.53,25.0,26654.0,2025-12-22 04:20:00+00:00,True,2025-12-22 08:20:00+00:00,26702,89464.53,tp,75.0,0.0,0.0,75.0,1.0714285714285714,-600.1600000000035,975.6300000000047,-0.8573714285714336,1.3937571428571496,75,22500.0,18.0,222.25571428571442,229.1363478100072,asian,Mon,2,False
433,BTCUSDm,short,2025-12-22 08:25:00+00:00,26703,89571.8,0.1,90271.8,88571.8,700.0,close_above_upper,0.5386627470407299,0.1,89071.8,0.5,0.0,0.0,0.0,,,False,2025-12-22 12:30:00+00:00,26752,90289.8,sl,-71.8,0.0,0.0,-71.8,-1.0257142857142856,-694.9400000000023,404.9600000000064,-0.9927714285714319,0.5785142857142949,49,14700.0,18.0,144.0921428571424,257.10636661890334,london,Mon,8,False
434,BTCUSDm,long,2025-12-22 15:15:00+00:00,26785,89609.45,0.1,88909.45,90609.45,700.0,close_below_lower,0.2084104637640337,0.1,90109.45,0.5,0.0,0.0,0.0,,,False,2025-12-22 19:00:00+00:00,26830,88909.45,sl,-70.0,0.0,0.0,-70.0,-1.0,-570.6100000000006,487.74000000000524,-0.8151571428571437,0.696771428571436,45,13500.0,18.0,351.18214285714305,301.27185063439305,overlap,Mon,15,False
435,BTCUSDm,long,2025-12-22 19:05:00+00:00,26831,88770.0,0.1,88070.0,89770.0,700.0,close_below_lower,0.5546457451266457,0.1,89270.0,0.5,0.0,0.0,0.0,,,False,2025-12-22 19:50:00+00:00,26840,88070.0,sl,-70.0,0.0,0.0,-70.0,-1.0,-602.7400000000052,126.58000000000175,-0.8610571428571503,0.18082857142857392,9,2700.0,18.0,165.71857142857127,338.0626051390977,newyork,Mon,19,False
436,BTCUSDm,long,2025-12-22 19:55:00+00:00,26841,88104.52,0.1,88104.52,89104.52,700.0,close_below_lower,0.4934882041965599,0.05,88604.52,0.5,0.05,88604.52,25.0,26876.0,2025-12-22 22:50:00+00:00,True,2025-12-23 02:45:00+00:00,26923,88104.52,be_stop,25.0,0.0,0.0,25.0,0.35714285714285715,-245.49000000000524,783.8399999999965,-0.3507000000000075,1.1197714285714235,82,24600.0,18.0,212.59285714285838,356.96914317298416,newyork,Mon,19,False
437,BTCUSDm,long,2025-12-23 06:20:00+00:00,26966,87224.0,0.1,87224.0,88224.0,700.0,close_below_lower,0.1807592970336296,0.05,87724.0,0.5,0.05,87724.0,25.0,27025.0,2025-12-23 11:15:00+00:00,True,2025-12-23 14:40:00+00:00,27066,87224.0,be_stop,25.0,0.0,0.0,25.0,0.35714285714285715,-260.86999999999534,685.7899999999936,-0.37267142857142194,0.9796999999999908,100,30000.0,18.0,179.93357142857298,398.85858877729356,asian,Tue,6,False
438,BTCUSDm,long,2025-12-23 14:50:00+00:00,27068,87071.2,0.1,87071.2,88071.2,700.0,close_below_lower,0.2841552775710629,0.05,87571.2,0.5,0.05,87571.2,25.0,27082.0,2025-12-23 16:00:00+00:00,True,2025-12-23 16:00:00+00:00,27082,88071.2,tp,75.0,0.0,0.0,75.0,1.0714285714285714,-544.0299999999988,437.5200000000041,-0.7771857142857126,0.6250285714285773,14,4200.0,18.0,212.36285714285623,380.5643052521456,overlap,Tue,14,False
439,BTCUSDm,short,2025-12-23 16:05:00+00:00,27083,88019.5,0.1,88019.5,87019.5,700.0,close_above_upper,0.7265672210705169,0.05,87519.5,0.5,0.05,87537.5,24.1,27104.0,2025-12-23 17:50:00+00:00,True,2025-12-23 18:35:00+00:00,27113,88037.5,be_stop,23.200000000000003,0.0,0.0,23.200000000000003,0.33142857142857146,-220.99000000000524,917.9499999999971,-0.3157000000000075,1.3113571428571387,30,9000.0,18.0,306.36285714285833,397.2813237269109,newyork,Tue,16,False
440,BTCUSDm,long,2025-12-24 14:40:00+00:00,27354,86590.35,0.1,86590.35,87590.35,700.0,close_below_lower,0.7563152808278358,0.05,87090.35,0.5,0.05,87090.35,25.0,27356.0,2025-12-24 14:50:00+00:00,True,2025-12-24 15:20:00+00:00,27362,86590.35,be_stop,25.0,0.0,0.0,25.0,0.35714285714285715,-54.91000000000349,649.7299999999959,-0.07844285714286213,0.9281857142857085,8,2400.0,18.0,173.85642857142895,333.7302839906914,overlap,Wed,14,False
441,BTCUSDm,short,2025-12-24 16:35:00+00:00,27377,87425.84,0.1,88125.84,86425.84,700.0,close_above_upper,0.21367914539522703,0.1,86925.84,0.5,0.0,0.0,0.0,,,False,2025-12-25 15:25:00+00:00,27651,88143.84,sl,-71.8,0.0,0.0,-71.8,-1.0257142857142856,-577.0299999999988,302.25,-0.8243285714285697,0.4317857142857143,274,82200.0,18.0,229.52857142857206,335.9675687635483,newyork,Wed,16,False
442,BTCUSDm,short,2025-12-25 15:30:00+00:00,27652,88012.34,0.1,88012.34,87012.34,700.0,close_above_upper,0.35142314397361113,0.05,87512.34,0.5,0.05,87530.34,24.1,27739.0,2025-12-25 22:45:00+00:00,True,2025-12-25 23:35:00+00:00,27749,87030.34,tp,73.2,0.0,0.0,73.2,1.0457142857142858,-536.7700000000041,928.5,-0.7668142857142916,1.3264285714285715,97,29100.0,18.0,101.09642857142482,230.67077288087955,overlap,Thu,15,False
443,BTCUSDm,long,2025-12-25 23:40:00+00:00,27750,87062.5,0.1,87062.5,88062.5,700.0,close_below_lower,0.9390682785416361,0.05,87562.5,0.5,0.05,87562.5,25.0,27780.0,2025-12-26 02:10:00+00:00,True,2025-12-26 02:10:00+00:00,27780,88062.5,tp,75.0,0.0,0.0,75.0,1.0714285714285714,-245.77000000000407,491.4799999999959,-0.3511000000000058,0.7021142857142799,30,9000.0,18.0,172.8499999999975,228.39330077164186,rollover,Thu,23,False
444,BTCUSDm,short,2025-12-26 02:15:00+00:00,27781,88134.7,0.1,88834.7,87134.7,700.0,close_above_upper,1.9689498179896856,0.1,87634.7,0.5,0.0,0.0,0.0,,,False,2025-12-26 02:20:00+00:00,27782,88852.7,sl,-71.8,0.0,0.0,-71.8,-1.0257142857142856,-528.0500000000029,0.0,-0.7543571428571471,0.0,1,300.0,18.0,139.3300000000007,245.77388076345443,asian,Fri,2,False
445,BTCUSDm,short,2025-12-26 02:25:00+00:00,27783,88972.66,0.1,88972.66,87972.66,700.0,close_above_upper,3.963522300871078,0.05,88472.66,0.5,0.05,88490.66,24.1,27802.0,2025-12-26 04:00:00+00:00,True,2025-12-26 04:40:00+00:00,27810,88990.66,be_stop,23.200000000000003,0.0,0.0,23.200000000000003,0.33142857142857146,-408.3799999999901,544.320000000007,-0.5833999999999858,0.77760000000001,27,8100.0,18.0,197.81500000000128,259.1675900903271,asian,Fri,2,False
446,BTCUSDm,long,2025-12-26 07:40:00+00:00,27846,88846.63,0.1,88146.63,89846.63,700.0,close_below_lower,0.019423008170268055,0.1,89346.63,0.5,0.0,0.0,0.0,,,False,2025-12-26 14:45:00+00:00,27931,88146.63,sl,-70.0,0.0,0.0,-70.0,-1.0,-648.4900000000052,156.84999999999127,-0.9264142857142932,0.2240714285714161,85,25500.0,18.0,149.04571428571631,303.71717555476243,london,Fri,7,False
447,BTCUSDm,long,2025-12-26 14:50:00+00:00,27932,87962.27,0.1,87262.27,88962.27,700.0,close_below_lower,1.4902566918700593,0.1,88462.27,0.5,0.0,0.0,0.0,,,False,2025-12-26 15:00:00+00:00,27934,87262.27,sl,-70.0,0.0,0.0,-70.0,-1.0,-686.0599999999977,5.389999999999418,-0.980085714285711,0.0076999999999991684,2,600.0,18.0,182.9314285714281,312.4808497832727,overlap,Fri,14,False
448,BTCUSDm,long,2025-12-26 15:05:00+00:00,27935,87201.36,0.1,87201.36,88201.36,700.0,close_below_lower,2.3618547298004056,0.05,87701.36,0.5,0.05,87701.36,25.0,28003.0,2025-12-26 20:45:00+00:00,True,2025-12-27 00:10:00+00:00,28044,87201.36,be_stop,25.0,0.0,0.0,25.0,0.35714285714285715,-618.3399999999965,517.9100000000035,-0.8833428571428521,0.7398714285714335,109,32700.0,18.0,237.2057142857146,331.76269614030224,overlap,Fri,15,False
449,BTCUSDm,long,2025-12-28 16:25:00+00:00,28527,87730.1,0.1,87730.1,88730.1,700.0,close_below_lower,0.12491819301667169,0.05,88230.1,0.5,0.05,88230.1,25.0,28627.0,2025-12-29 00:45:00+00:00,True,2025-12-29 02:00:00+00:00,28642,88730.1,tp,75.0,0.0,0.0,75.0,1.0714285714285714,-377.6100000000006,677.4599999999919,-0.539442857142858,0.9677999999999883,115,34500.0,18.0,52.16571428571375,95.91180997780184,newyork,Sun,16,False
450,BTCUSDm,short,2025-12-29 02:05:00+00:00,28643,88768.74,0.1,89468.74,87768.74,700.0,close_above_upper,3.56742104880522,0.1,88268.74,0.5,0.0,0.0,0.0,,,False,2025-12-29 03:30:00+00:00,28660,89486.74,sl,-71.8,0.0,0.0,-71.8,-1.0257142857142856,-659.3199999999924,0.0,-0.9418857142857034,0.0,17,5100.0,18.0,165.68214285713995,125.77291438275829,asian,Mon,2,False
451,BTCUSDm,short,2025-12-29 03:35:00+00:00,28661,89493.72,0.1,90193.72,88493.72,700.0,close_above_upper,0.871240604922694,0.1,88993.72,0.5,0.0,0.0,0.0,,,False,2025-12-29 04:35:00+00:00,28673,90211.72,sl,-71.8,0.0,0.0,-71.8,-1.0257142857142856,-631.6000000000058,0.0,-0.9022857142857226,0.0,12,3600.0,18.0,175.06357142857138,160.24342531191414,asian,Mon,3,False
452,BTCUSDm,short,2025-12-29 04:40:00+00:00,28674,90218.84,0.1,90218.84,89218.84,700.0,close_above_upper,0.6460129999019512,0.05,89718.84,0.5,0.05,89736.84,24.1,28699.0,2025-12-29 06:45:00+00:00,True,2025-12-29 09:25:00+00:00,28731,89236.84,tp,73.2,0.0,0.0,73.2,1.0457142857142858,-62.330000000001746,916.1299999999901,-0.08904285714285964,1.3087571428571287,57,17100.0,18.0,197.1642857142849,182.7819430952664,asian,Mon,4,False
453,BTCUSDm,long,2025-12-29 09:30:00+00:00,28732,89229.88,0.1,88529.88,90229.88,700.0,close_below_lower,0.08091796523880694,0.1,89729.88,0.5,0.0,0.0,0.0,,,False,2025-12-29 09:35:00+00:00,28733,88529.88,sl,-70.0,0.0,0.0,-70.0,-1.0,-711.4300000000076,0.0,-1.0163285714285821,0.0,1,300.0,18.0,123.2942857142885,210.75622827897473,london,Mon,9,False
454,BTCUSDm,long,2025-12-29 09:40:00+00:00,28734,88466.72,0.1,87766.72,89466.72,700.0,close_below_lower,2.691359067234027,0.1,88966.72,0.5,0.0,0.0,0.0,,,False,2025-12-29 09:50:00+00:00,28736,87766.72,sl,-70.0,0.0,0.0,-70.0,-1.0,-652.8000000000029,40.94000000000233,-0.9325714285714327,0.05848571428571761,2,600.0,18.0,188.92857142857352,219.9193588349303,london,Mon,9,False
455,BTCUSDm,long,2025-12-29 09:55:00+00:00,28737,87895.31,0.1,87195.31,88895.31,700.0,close_below_lower,3.1053930135381815,0.1,88395.31,0.5,0.0,0.0,0.0,,,False,2025-12-29 12:05:00+00:00,28763,87195.31,sl,-70.0,0.0,0.0,-70.0,-1.0,-481.61999999999534,273.570000000007,-0.6880285714285648,0.3908142857142957,26,7800.0,18.0,239.87214285714643,237.28293893107474,london,Mon,9,False
456,BTCUSDm,long,2025-12-29 12:10:00+00:00,28764,86957.36,0.1,86957.36,87957.36,700.0,close_below_lower,1.0947354382460175,0.05,87457.36,0.5,0.05,87457.36,25.0,28791.0,2025-12-29 14:25:00+00:00,True,2025-12-29 14:35:00+00:00,28793,87957.36,tp,75.0,0.0,0.0,75.0,1.0714285714285714,-275.9799999999959,968.5099999999948,-0.39425714285713703,1.3835857142857069,29,8700.0,18.0,134.68571428571573,277.757862166525,overlap,Mon,12,False
457,BTCUSDm,short,2025-12-29 14:40:00+00:00,28794,87898.59,0.1,87898.59,86898.59,700.0,close_above_upper,0.7145752155887579,0.05,87398.59,0.5,0.05,87416.59,24.1,28797.0,2025-12-29 14:55:00+00:00,True,2025-12-29 18:00:00+00:00,28834,87916.59,be_stop,23.200000000000003,0.0,0.0,23.200000000000003,0.33142857142857146,-107.30000000000291,806.8099999999977,-0.15328571428571844,1.152585714285711,40,12000.0,18.0,179.20857142857338,298.4274019069357,overlap,Mon,14,False
458,BTCUSDm,short,2025-12-30 08:20:00+00:00,29006,87972.7,0.1,88672.7,86972.7,700.0,close_above_upper,0.3196025249327604,0.1,87472.7,0.5,0.0,0.0,0.0,,,False,2025-12-30 14:50:00+00:00,29084,88690.7,sl,-71.8,0.0,0.0,-71.8,-1.0257142857142856,-318.18000000000757,450.2700000000041,-0.45454285714286796,0.643242857142863,78,23400.0,18.0,131.46428571428572,357.9821699111464,london,Tue,8,False
459,BTCUSDm,short,2025-12-30 14:55:00+00:00,29085,88748.34,0.1,88748.34,87748.34,700.0,close_above_upper,0.8596518831087523,0.05,88248.34,0.5,0.05,88266.34,24.1,29086.0,2025-12-30 15:00:00+00:00,True,2025-12-30 15:45:00+00:00,29095,88766.34,be_stop,23.200000000000003,0.0,0.0,23.200000000000003,0.33142857142857146,-218.35000000000582,662.429999999993,-0.31192857142857977,0.9463285714285614,10,3000.0,18.0,222.85285714285627,377.3574603458542,overlap,Tue,14,False
460,BTCUSDm,short,2025-12-30 15:50:00+00:00,29096,88810.97,0.1,88810.97,87810.97,700.0,close_above_upper,0.10219847976627369,0.05,88310.97,0.5,0.05,88328.97,24.1,29119.0,2025-12-30 17:45:00+00:00,True,2025-12-30 20:50:00+00:00,29156,87828.97,tp,73.2,0.0,0.0,73.2,1.0457142857142858,-503.0899999999965,940.9900000000052,-0.718699999999995,1.3442714285714361,60,18000.0,18.0,317.4450000000018,388.8371328397005,overlap,Tue,15,False
461,BTCUSDm,long,2025-12-31 14:40:00+00:00,29370,88542.61,0.1,87842.61,89542.61,700.0,close_below_lower,0.07285764536195728,0.1,89042.61,0.5,0.0,0.0,0.0,,,False,2025-12-31 15:10:00+00:00,29376,87842.61,sl,-70.0,0.0,0.0,-70.0,-1.0,-378.25999999999476,53.7100000000064,-0.5403714285714211,0.07672857142858057,6,1800.0,18.0,135.06642857142702,267.61001950790967,overlap,Wed,14,False
462,BTCUSDm,long,2025-12-31 15:15:00+00:00,29377,88095.78,0.1,87395.78,89095.78,700.0,close_below_lower,0.4681545165703883,0.1,88595.78,0.5,0.0,0.0,0.0,,,False,2025-12-31 16:40:00+00:00,29394,87395.78,sl,-70.0,0.0,0.0,-70.0,-1.0,-582.8899999999994,2.4199999999982538,-0.8326999999999992,0.0034571428571403624,17,5100.0,18.0,204.39071428571333,281.2747497723069,overlap,Wed,15,False
463,BTCUSDm,long,2025-12-31 16:45:00+00:00,29395,87367.92,0.1,87367.92,88367.92,700.0,close_below_lower,0.34490713792796834,0.05,87867.92,0.5,0.05,87867.92,25.0,29485.0,2026-01-01 01:15:00+00:00,True,2026-01-01 17:30:00+00:00,29680,88367.92,tp,75.0,0.0,0.0,75.0,1.0714285714285714,-290.5,790.2900000000081,-0.415,1.128985714285726,285,89100.0,18.0,200.11500000000004,299.97162786910246,newyork,Wed,16,False
464,BTCUSDm,short,2026-01-01 17:35:00+00:00,29681,88241.25,0.1,88941.25,87241.25,700.0,close_above_upper,0.2719418486574654,0.1,87741.25,0.5,0.0,0.0,0.0,,,False,2026-01-02 03:40:00+00:00,29802,88959.25,sl,-71.8,0.0,0.0,-71.8,-1.0257142857142856,-642.8999999999942,293.3399999999965,-0.9184285714285632,0.41905714285713785,121,36300.0,18.0,78.40785714286072,227.72667066311772,newyork,Thu,17,False
465,BTCUSDm,short,2026-01-02 03:55:00+00:00,29805,88986.09,0.1,88986.09,87986.09,700.0,close_above_upper,0.044664762495928115,0.05,88486.09,0.5,0.05,88504.09,24.1,29823.0,2026-01-02 05:25:00+00:00,True,2026-01-02 06:40:00+00:00,29838,89004.09,be_stop,23.200000000000003,0.0,0.0,23.200000000000003,0.33142857142857146,-41.30000000000291,525.9599999999919,-0.05900000000000416,0.7513714285714169,33,9900.0,18.0,124.91785714285652,238.12339312157619,asian,Fri,3,False
466,BTCUSDm,short,2026-01-02 09:50:00+00:00,29876,89372.67,0.1,89372.67,88372.67,700.0,close_above_upper,0.31510303251117494,0.05,88872.67,0.5,0.05,88890.67,24.1,29929.0,2026-01-02 14:15:00+00:00,True,2026-01-02 14:40:00+00:00,29934,89390.67,be_stop,23.200000000000003,0.0,0.0,23.200000000000003,0.33142857142857146,-471.75999999999476,983.9799999999959,-0.6739428571428496,1.4056857142857084,58,17400.0,18.0,107.96214285714397,230.3963243776994,london,Fri,9,False
467,BTCUSDm,short,2026-01-02 14:45:00+00:00,29935,89316.97,0.1,90016.97,88316.97,700.0,close_above_upper,0.04699758632482847,0.1,88816.97,0.5,0.0,0.0,0.0,,,False,2026-01-02 14:50:00+00:00,29936,90034.97,sl,-71.8,0.0,0.0,-71.8,-1.0257142857142856,-430.1999999999971,273.25,-0.6145714285714244,0.39035714285714285,1,300.0,18.0,234.23357142857068,223.41603504084333,overlap,Fri,14,False
468,BTCUSDm,short,2026-01-02 14:55:00+00:00,29937,89653.41,0.1,89653.41,88653.41,700.0,close_above_upper,1.0947882461386826,0.05,89153.41,0.5,0.05,89171.41,24.1,29938.0,2026-01-02 15:00:00+00:00,True,2026-01-02 15:40:00+00:00,29946,89671.41,be_stop,23.200000000000003,0.0,0.0,23.200000000000003,0.33142857142857146,-163.38999999999942,923.3300000000017,-0.23341428571428488,1.3190428571428596,9,2700.0,18.0,316.759285714286,228.04753602908153,overlap,Fri,14,False
469,BTCUSDm,short,2026-01-02 15:45:00+00:00,29947,89680.58,0.1,89680.58,88680.58,700.0,close_above_upper,0.7282548258423822,0.05,89180.58,0.5,0.05,89198.58,24.1,29951.0,2026-01-02 16:05:00+00:00,True,2026-01-02 16:10:00+00:00,29952,89698.58,be_stop,23.200000000000003,0.0,0.0,23.200000000000003,0.33142857142857146,-143.20999999999185,552.820000000007,-0.20458571428570266,0.7897428571428671,5,1500.0,18.0,425.82857142857495,233.1420357255665,overlap,Fri,15,False
470,BTCUSDm,short,2026-01-02 16:15:00+00:00,29953,89709.77,0.1,90409.77,88709.77,700.0,close_above_upper,0.26966359154059505,0.1,89209.77,0.5,0.0,0.0,0.0,,,False,2026-01-02 16:30:00+00:00,29956,90427.77,sl,-71.8,0.0,0.0,-71.8,-1.0257142857142856,-447.81999999999243,57.10000000000582,-0.6397428571428463,0.08157142857143689,3,900.0,18.0,320.14071428571646,234.05631109277167,newyork,Fri,16,False
471,BTCUSDm,short,2026-01-02 16:35:00+00:00,29957,90679.51,0.1,90679.51,89679.51,700.0,close_above_upper,3.0885609224038175,0.05,90179.51,0.5,0.05,90197.51,24.1,29958.0,2026-01-02 16:40:00+00:00,True,2026-01-02 17:05:00+00:00,29963,90697.51,be_stop,23.200000000000003,0.0,0.0,23.200000000000003,0.33142857142857146,-66.19000000000233,845.1699999999983,-0.09455714285714618,1.2073857142857118,6,1800.0,18.0,359.3714285714294,243.69141088664617,newyork,Fri,16,False
472,BTCUSDm,short,2026-01-02 17:10:00+00:00,29964,90542.89,0.1,90542.89,89542.89,700.0,close_above_upper,0.5795467200565029,0.05,90042.89,0.5,0.05,90060.89,24.1,29981.0,2026-01-02 18:35:00+00:00,True,2026-01-02 18:50:00+00:00,29984,89560.89,tp,73.2,0.0,0.0,73.2,1.0457142857142858,-399.83000000000175,742.5599999999977,-0.5711857142857167,1.0607999999999966,20,6000.0,18.0,386.3292857142847,257.7752616626224,newyork,Fri,17,False
473,BTCUSDm,long,2026-01-02 18:55:00+00:00,29985,89679.81,0.1,89679.81,90679.81,700.0,close_below_lower,0.7942933539091125,0.05,90179.81,0.5,0.05,90179.81,25.0,30022.0,2026-01-02 22:00:00+00:00,True,2026-01-03 07:15:00+00:00,30133,89679.81,be_stop,25.0,0.0,0.0,25.0,0.35714285714285715,-112.52000000000407,772.1300000000047,-0.16074285714286296,1.1030428571428639,148,44400.0,18.0,214.75499999999738,276.06807888359754,newyork,Fri,18,False
474,BTCUSDm,long,2026-01-03 07:30:00+00:00,30136,89409.06,0.1,89409.06,90409.06,700.0,close_below_lower,0.25414235618869313,0.05,89909.06,0.5,0.05,89909.06,25.0,30160.0,2026-01-03 09:30:00+00:00,True,2026-01-03 21:20:00+00:00,30302,90409.06,tp,75.0,0.0,0.0,75.0,1.0714285714285714,-144.9100000000035,960.5200000000041,-0.2070142857142907,1.3721714285714344,166,49800.0,18.0,105.08071428571358,310.76386321244473,london,Sat,7,False
475,BTCUSDm,short,2026-01-04 00:10:00+00:00,30336,91193.16,0.1,91893.16,90193.16,700.0,close_above_upper,0.8060929019020665,0.1,90693.16,0.5,0.0,0.0,0.0,,,False,2026-01-05 00:00:00+00:00,30622,91911.16,sl,-71.8,0.0,0.0,-71.8,-1.0257142857142856,-586.5299999999988,394.7100000000064,-0.8378999999999983,0.5638714285714377,286,85800.0,18.0,136.6735714285699,295.9810767800556,asian,Sun,0,False
476,BTCUSDm,short,2026-01-05 00:05:00+00:00,30623,91785.12,0.1,92485.12,90785.12,700.0,close_above_upper,0.9312746608672136,0.1,91285.12,0.5,0.0,0.0,0.0,,,False,2026-01-05 01:05:00+00:00,30635,92503.12,sl,-71.8,0.0,0.0,-71.8,-1.0257142857142856,-685.8300000000017,142.9499999999971,-0.9797571428571453,0.20421428571428155,12,3600.0,18.0,180.48357142857068,213.83660601872646,asian,Mon,0,False
477,BTCUSDm,short,2026-01-05 01:10:00+00:00,30636,92866.16,0.1,92866.16,91866.16,700.0,close_above_upper,2.4560049105661443,0.05,92366.16,0.5,0.05,92384.16,24.1,30676.0,2026-01-05 04:30:00+00:00,True,2026-01-05 10:10:00+00:00,30744,92884.16,be_stop,23.200000000000003,0.0,0.0,23.200000000000003,0.33142857142857146,-504.6499999999942,778.2600000000093,-0.7209285714285631,1.1118000000000132,108,32400.0,18.0,259.9264285714266,231.86522354146098,asian,Mon,1,False
478,BTCUSDm,short,2026-01-05 14:45:00+00:00,30799,93223.69,0.1,93923.69,92223.69,700.0,close_above_upper,0.6588276679704425,0.1,92723.69,0.5,0.0,0.0,0.0,,,False,2026-01-05 15:40:00+00:00,30810,93941.69,sl,-71.8,0.0,0.0,-71.8,-1.0257142857142856,-543.0699999999924,349.72000000000116,-0.7758142857142749,0.49960000000000165,11,3300.0,18.0,192.884285714285,288.99041455700274,overlap,Mon,14,False
479,BTCUSDm,short,2026-01-05 15:45:00+00:00,30811,93826.39,0.1,93826.39,92826.39,700.0,close_above_upper,0.4500629359026967,0.05,93326.39,0.5,0.05,93344.39,24.1,30831.0,2026-01-05 17:25:00+00:00,True,2026-01-05 17:40:00+00:00,30834,93844.39,be_stop,23.200000000000003,0.0,0.0,23.200000000000003,0.33142857142857146,-248.13999999999942,599.2299999999959,-0.35448571428571346,0.8560428571428513,23,6900.0,18.0,384.4414285714312,304.5943629974708,overlap,Mon,15,False
480,BTCUSDm,short,2026-01-05 17:55:00+00:00,30837,94013.25,0.1,94713.25,93013.25,700.0,close_above_upper,0.09080739051841331,0.1,93513.25,0.5,0.0,0.0,0.0,,,False,2026-01-05 20:25:00+00:00,30867,94731.25,sl,-71.8,0.0,0.0,-71.8,-1.0257142857142856,-522.929999999993,118.25,-0.7470428571428471,0.16892857142857143,30,9000.0,18.0,175.36071428571344,313.900611464068,newyork,Mon,17,False
481,BTCUSDm,short,2026-01-05 20:30:00+00:00,30868,94730.28,0.1,94730.28,93730.28,700.0,close_above_upper,0.08799126155628632,0.05,94230.28,0.5,0.05,94248.28,24.1,30869.0,2026-01-05 20:35:00+00:00,True,2026-01-06 00:10:00+00:00,30912,93748.28,tp,73.2,0.0,0.0,73.2,1.0457142857142858,0.0,944.0099999999948,0.0,1.3485857142857067,44,13200.0,18.0,180.31714285714094,322.09529055036637,newyork,Mon,20,False
482,BTCUSDm,short,2026-01-06 14:25:00+00:00,31083,94328.88,0.1,94328.88,93328.88,700.0,close_above_upper,0.23950856786246927,0.05,93828.88,0.5,0.05,93846.88,24.1,31087.0,2026-01-06 14:45:00+00:00,True,2026-01-06 15:40:00+00:00,31098,93346.88,tp,73.2,0.0,0.0,73.2,1.0457142857142858,-36.720000000001164,847.3300000000017,-0.05245714285714452,1.210471428571431,15,4500.0,18.0,132.3664285714289,369.1578730906293,overlap,Tue,14,False
483,BTCUSDm,long,2026-01-06 15:45:00+00:00,31099,93475.52,0.1,92775.52,94475.52,700.0,close_below_lower,0.09034070249507073,0.1,93975.52,0.5,0.0,0.0,0.0,,,False,2026-01-06 16:25:00+00:00,31107,92775.52,sl,-70.0,0.0,0.0,-70.0,-1.0,-312.4100000000035,269.0399999999936,-0.44630000000000497,0.384342857142848,8,2400.0,18.0,344.6457142857128,383.6785502828096,overlap,Tue,15,False
484,BTCUSDm,long,2026-01-06 16:30:00+00:00,31108,92826.24,0.1,92126.24,93826.24,700.0,close_below_lower,0.7110313188203918,0.1,93326.24,0.5,0.0,0.0,0.0,,,False,2026-01-06 17:40:00+00:00,31122,92126.24,sl,-70.0,0.0,0.0,-70.0,-1.0,-548.9100000000035,147.58000000000175,-0.7841571428571479,0.21082857142857392,14,4200.0,18.0,277.22500000000065,397.2119509232405,newyork,Tue,16,False
485,BTCUSDm,long,2026-01-06 17:50:00+00:00,31124,91805.04,0.1,91805.04,92805.04,700.0,close_below_lower,0.6414897175988715,0.05,92305.04,0.5,0.05,92305.04,25.0,31150.0,2026-01-06 20:00:00+00:00,True,2026-01-06 21:10:00+00:00,31164,92805.04,tp,75.0,0.0,0.0,75.0,1.0714285714285714,-607.0499999999884,847.2100000000064,-0.8672142857142691,1.2103000000000093,40,12000.0,18.0,268.7142857142847,422.7761974087231,newyork,Tue,17,False
486,BTCUSDm,short,2026-01-06 21:20:00+00:00,31166,93663.14,0.1,93663.14,92663.14,700.0,close_above_upper,1.596180962076672,0.05,93163.14,0.5,0.05,93181.14,24.1,31172.0,2026-01-06 21:50:00+00:00,True,2026-01-06 23:50:00+00:00,31196,93681.14,be_stop,23.200000000000003,0.0,0.0,23.200000000000003,0.33142857142857146,-62.83999999999651,748.7700000000041,-0.08977142857142358,1.0696714285714344,30,9000.0,18.0,205.77071428571278,414.21759688625764,rollover,Tue,21,False
487,BTCUSDm,long,2026-01-07 01:00:00+00:00,31210,92669.22,0.1,91969.22,93669.22,700.0,close_below_lower,0.2900927212663987,0.1,93169.22,0.5,0.0,0.0,0.0,,,False,2026-01-07 09:20:00+00:00,31310,91969.22,sl,-70.0,0.0,0.0,-70.0,-1.0,-667.9900000000052,391.49000000000524,-0.9542714285714361,0.5592714285714361,100,30000.0,18.0,159.75642857142833,445.4930867433539,asian,Wed,1,False
488,BTCUSDm,long,2026-01-07 09:25:00+00:00,31311,91898.43,0.1,91198.43,92898.43,700.0,close_below_lower,0.37062806087470607,0.1,92398.43,0.5,0.0,0.0,0.0,,,False,2026-01-07 15:15:00+00:00,31381,91198.43,sl,-70.0,0.0,0.0,-70.0,-1.0,-627.6299999999901,315.0300000000134,-0.8966142857142716,0.4500428571428763,70,21000.0,18.0,138.8050000000003,450.49130919330196,london,Wed,9,False
489,BTCUSDm,long,2026-01-07 15:20:00+00:00,31382,91119.3,0.1,91119.3,92119.3,700.0,close_below_lower,0.18578762443281038,0.05,91619.3,0.5,0.05,91619.3,25.0,31394.0,2026-01-07 16:20:00+00:00,True,2026-01-07 16:35:00+00:00,31397,91119.3,be_stop,25.0,0.0,0.0,25.0,0.35714285714285715,-142.58000000000175,596.2200000000012,-0.20368571428571677,0.8517428571428588,15,4500.0,18.0,289.9457142857136,448.0622416516719,overlap,Wed,15,False
490,BTCUSDm,long,2026-01-08 06:20:00+00:00,31562,90233.73,0.1,89533.73,91233.73,700.0,close_below_lower,0.03788328588021889,0.1,90733.73,0.5,0.0,0.0,0.0,,,False,2026-01-08 07:00:00+00:00,31570,89533.73,sl,-70.0,0.0,0.0,-70.0,-1.0,-481.1399999999994,160.52000000000407,-0.6873428571428563,0.22931428571429152,8,2400.0,18.0,137.13857142857054,469.90992148057535,asian,Thu,6,False
491,BTCUSDm,short,2026-01-08 15:10:00+00:00,31668,90213.94,0.1,90913.94,89213.94,700.0,close_above_upper,0.08256929808704647,0.1,89713.94,0.5,0.0,0.0,0.0,,,False,2026-01-08 17:00:00+00:00,31690,90931.94,sl,-71.8,0.0,0.0,-71.8,-1.0257142857142856,-635.2899999999936,94.5,-0.9075571428571337,0.135,22,6600.0,18.0,312.2057142857167,420.7914211982828,overlap,Thu,15,False
492,BTCUSDm,long,2026-01-08 20:10:00+00:00,31728,90540.05,0.1,90540.05,91540.05,700.0,close_below_lower,0.06517174704149357,0.05,91040.05,0.5,0.05,91040.05,25.0,31740.0,2026-01-08 21:10:00+00:00,True,2026-01-09 01:30:00+00:00,31792,91540.05,tp,75.0,0.0,0.0,75.0,1.0714285714285714,-51.61000000000058,934.2599999999948,-0.07372857142857225,1.3346571428571354,64,19200.0,18.0,159.13999999999734,409.016502810994,newyork,Thu,20,False
493,BTCUSDm,long,2026-01-09 08:05:00+00:00,31871,90464.23,0.1,89764.23,91464.23,700.0,close_below_lower,0.02944515607382665,0.1,90964.23,0.5,0.0,0.0,0.0,,,False,2026-01-09 08:45:00+00:00,31879,89764.23,sl,-70.0,0.0,0.0,-70.0,-1.0,-280.7699999999895,283.4100000000035,-0.401099999999985,0.40487142857143354,8,2400.0,18.0,95.56642857143015,379.6863458934933,london,Fri,8,False
494,BTCUSDm,long,2026-01-09 08:50:00+00:00,31880,89820.53,0.1,89820.53,90820.53,700.0,close_below_lower,0.8234493518523838,0.05,90320.53,0.5,0.05,90320.53,25.0,31887.0,2026-01-09 09:25:00+00:00,True,2026-01-09 13:30:00+00:00,31936,90820.53,tp,75.0,0.0,0.0,75.0,1.0714285714285714,-236.81999999999243,813.2700000000041,-0.3383142857142749,1.1618142857142915,56,16800.0,18.0,182.54285714285757,386.4605647554063,london,Fri,8,False
495,BTCUSDm,short,2026-01-09 15:25:00+00:00,31959,90810.69,0.1,91510.69,89810.69,700.0,close_above_upper,0.5837828976183085,0.1,90310.69,0.5,0.0,0.0,0.0,,,False,2026-01-09 15:30:00+00:00,31960,91596.26,sl,-78.55699999999925,0.0,0.0,-78.55699999999925,-1.1222428571428464,-823.7299999999959,85.43000000000757,-1.176757142857137,0.12204285714286796,1,300.0,18.0,310.3707142857134,377.3026993920141,overlap,Fri,15,False
496,BTCUSDm,short,2026-01-09 15:35:00+00:00,31961,91781.48,0.1,91781.48,90781.48,700.0,close_above_upper,2.2865041767641787,0.05,91281.48,0.5,0.05,91299.48,24.1,31962.0,2026-01-09 15:40:00+00:00,True,2026-01-09 15:55:00+00:00,31965,90799.48,tp,73.2,0.0,0.0,73.2,1.0457142857142858,-164.29000000000815,844.9599999999919,-0.23470000000001165,1.2070857142857025,4,1200.0,18.0,391.05785714285594,392.0513443442495,overlap,Fri,15,False
497,BTCUSDm,short,2026-01-09 16:15:00+00:00,31969,91667.23,0.1,91667.23,90667.23,700.0,close_above_upper,0.3994971170547,0.05,91167.23,0.5,0.05,91185.23,24.1,31973.0,2026-01-09 16:35:00+00:00,True,2026-01-09 18:25:00+00:00,31995,90685.23,tp,73.2,0.0,0.0,73.2,1.0457142857142858,-24.210000000006403,883.9199999999983,-0.034585714285723435,1.2627428571428547,26,7800.0,18.0,412.3949999999978,408.4555891546204,newyork,Fri,16,False
498,BTCUSDm,long,2026-01-09 18:30:00+00:00,31996,90517.12,0.1,90517.12,91517.12,700.0,close_below_lower,0.44354229099351933,0.05,91017.12,0.5,0.05,91017.12,25.0,32529.0,2026-01-11 14:55:00+00:00,True,2026-01-11 20:00:00+00:00,32590,90517.12,be_stop,25.0,0.0,0.0,25.0,0.35714285714285715,-513.4799999999959,649.6600000000035,-0.7335428571428513,0.9280857142857193,594,178200.0,18.0,193.21785714285735,423.01856202578114,newyork,Fri,18,False
499,BTCUSDm,long,2026-01-11 20:05:00+00:00,32591,90536.14,0.1,90536.14,91536.14,700.0,close_below_lower,0.43455758791744037,0.05,91036.14,0.5,0.05,91036.14,25.0,32641.0,2026-01-12 00:15:00+00:00,True,2026-01-12 01:00:00+00:00,32650,91536.14,tp,75.0,0.0,0.0,75.0,1.0714285714285714,-444.52999999999884,596.7200000000012,-0.6350428571428555,0.8524571428571445,59,17700.0,18.0,68.73928571428509,109.83594681435059,newyork,Sun,20,False
500,BTCUSDm,short,2026-01-12 01:05:00+00:00,32651,91480.58,0.1,91480.58,90480.58,700.0,close_above_upper,3.196337047960961,0.05,90980.58,0.5,0.05,90998.58,24.1,32657.0,2026-01-12 01:35:00+00:00,True,2026-01-12 02:10:00+00:00,32664,91498.58,be_stop,23.200000000000003,0.0,0.0,23.200000000000003,0.33142857142857146,-191.38999999999942,525.6900000000023,-0.2734142857142849,0.7509857142857176,13,3900.0,18.0,218.2814285714256,134.91983443140822,asian,Mon,1,False
501,BTCUSDm,short,2026-01-12 02:15:00+00:00,32665,91599.62,0.1,92299.62,90599.62,700.0,close_above_upper,0.9898780093154538,0.1,91099.62,0.5,0.0,0.0,0.0,,,False,2026-01-12 03:10:00+00:00,32676,92317.62,sl,-71.8,0.0,0.0,-71.8,-1.0257142857142856,-677.6200000000099,100.13999999999942,-0.9680285714285856,0.14305714285714202,11,3300.0,18.0,188.21785714285735,146.63749894600315,asian,Mon,2,False
502,BTCUSDm,short,2026-01-12 03:15:00+00:00,32677,92303.5,0.1,92303.5,91303.5,700.0,close_above_upper,1.5092923429612288,0.05,91803.5,0.5,0.05,91821.5,24.1,32683.0,2026-01-12 03:45:00+00:00,True,2026-01-12 07:45:00+00:00,32731,91321.5,tp,73.2,0.0,0.0,73.2,1.0457142857142858,-96.2899999999936,905.3099999999977,-0.13755714285713372,1.2932999999999966,54,16200.0,18.0,190.67142857142713,168.90594910591645,asian,Mon,3,False
503,BTCUSDm,long,2026-01-12 07:50:00+00:00,32732,91406.03,0.1,90706.03,92406.03,700.0,close_below_lower,0.3019994266463308,0.1,91906.03,0.5,0.0,0.0,0.0,,,False,2026-01-12 08:35:00+00:00,32741,90706.03,sl,-70.0,0.0,0.0,-70.0,-1.0,-381.47000000000116,99.66000000000349,-0.5449571428571445,0.14237142857143356,9,2700.0,18.0,122.72000000000116,197.28535877535847,london,Mon,7,False
504,BTCUSDm,long,2026-01-12 08:40:00+00:00,32742,90681.08,0.1,90681.08,91681.08,700.0,close_below_lower,2.077130796854945,0.05,91181.08,0.5,0.05,91181.08,25.0,32822.0,2026-01-12 15:20:00+00:00,True,2026-01-12 16:00:00+00:00,32830,91681.08,tp,75.0,0.0,0.0,75.0,1.0714285714285714,-682.9000000000087,908.0899999999965,-0.9755714285714411,1.2972714285714235,88,26400.0,18.0,179.63500000000099,207.45164641355288,london,Mon,8,False
505,BTCUSDm,short,2026-01-12 16:05:00+00:00,32831,91706.26,0.1,91706.26,90706.26,700.0,close_above_upper,0.6994985274383696,0.05,91206.26,0.5,0.05,91224.26,24.1,32848.0,2026-01-12 17:30:00+00:00,True,2026-01-12 18:10:00+00:00,32856,91724.26,be_stop,23.200000000000003,0.0,0.0,23.200000000000003,0.33142857142857146,-545.0,757.179999999993,-0.7785714285714286,1.0816857142857044,25,7500.0,18.0,215.98000000000008,273.33576805917033,newyork,Mon,16,False
506,BTCUSDm,long,2026-01-12 21:05:00+00:00,32891,91170.46,0.1,91170.46,92170.46,700.0,close_below_lower,0.1195176022067329,0.05,91670.46,0.5,0.05,91670.46,25.0,32989.0,2026-01-13 05:15:00+00:00,True,2026-01-13 06:55:00+00:00,33009,92170.46,tp,75.0,0.0,0.0,75.0,1.0714285714285714,-327.7600000000093,972.6599999999889,-0.4682285714285847,1.38951428571427,118,35400.0,18.0,127.52857142857101,327.9264455868247,rollover,Mon,21,False
507,BTCUSDm,short,2026-01-13 14:40:00+00:00,33102,92650.99,0.1,92650.99,91650.99,700.0,close_above_upper,0.32958715566025415,0.05,92150.99,0.5,0.05,92168.99,24.1,33106.0,2026-01-13 15:00:00+00:00,True,2026-01-13 15:30:00+00:00,33112,92668.99,be_stop,23.200000000000003,0.0,0.0,23.200000000000003,0.33142857142857146,-192.5399999999936,613.1900000000023,-0.27505714285713373,0.8759857142857176,10,3000.0,18.0,251.88642857142673,390.5650284967372,overlap,Tue,14,False
508,BTCUSDm,short,2026-01-13 15:40:00+00:00,33114,92941.49,0.1,93641.49,91941.49,700.0,close_above_upper,0.2814038139195701,0.1,92441.49,0.5,0.0,0.0,0.0,,,False,2026-01-13 16:00:00+00:00,33118,93659.49,sl,-71.8,0.0,0.0,-71.8,-1.0257142857142856,-464.679999999993,181.82000000000698,-0.6638285714285614,0.2597428571428671,4,1200.0,18.0,307.7542857142856,400.5931075932227,overlap,Tue,15,False
509,BTCUSDm,short,2026-01-13 16:05:00+00:00,33119,93529.38,0.1,93529.38,92529.38,700.0,close_above_upper,0.8101810290456891,0.05,93029.38,0.5,0.05,93047.38,24.1,33123.0,2026-01-13 16:25:00+00:00,True,2026-01-13 16:35:00+00:00,33125,93547.38,be_stop,23.200000000000003,0.0,0.0,23.200000000000003,0.33142857142857146,-124.5399999999936,514.6300000000047,-0.17791428571427656,0.735185714285721,6,1800.0,18.0,310.3692857142866,413.54677035805685,newyork,Tue,16,False
510,BTCUSDm,short,2026-01-13 22:10:00+00:00,33192,94721.78,0.1,95421.78,93721.78,700.0,close_above_upper,0.1013330745589828,0.1,94221.78,0.5,0.0,0.0,0.0,,,False,2026-01-13 22:15:00+00:00,33193,95610.7,sl,-88.89199999999983,0.0,0.0,-88.89199999999983,-1.2698857142857118,-2011.3699999999953,32.83999999999651,-2.8733857142857078,0.046914285714280725,1,300.0,18.0,146.42357142857094,405.05203202289636,rollover,Tue,22,False
511,BTCUSDm,short,2026-01-13 22:20:00+00:00,33194,95318.16,0.1,96018.16,94318.16,700.0,close_above_upper,0.9838153145196619,0.1,94818.16,0.5,0.0,0.0,0.0,,,False,2026-01-13 22:45:00+00:00,33199,96036.16,sl,-71.8,0.0,0.0,-71.8,-1.0257142857142856,-304.5899999999965,211.93000000000757,-0.4351285714285664,0.30275714285715366,5,1500.0,18.0,326.1207142857134,415.61543741592226,rollover,Tue,22,False
512,BTCUSDm,short,2026-01-13 22:50:00+00:00,33200,95774.87,0.1,95774.87,94774.87,700.0,close_above_upper,0.59736914959197,0.05,95274.87,0.5,0.05,95292.87,24.1,33208.0,2026-01-13 23:30:00+00:00,True,2026-01-14 06:05:00+00:00,33287,94792.87,tp,73.2,0.0,0.0,73.2,1.0457142857142858,-324.4100000000035,952.8699999999953,-0.46344285714286215,1.3612428571428505,87,26100.0,18.0,399.18428571428893,435.8742707437666,rollover,Tue,22,False
513,BTCUSDm,short,2026-01-14 14:20:00+00:00,33386,95614.59,0.1,96314.59,94614.59,700.0,close_above_upper,0.21914812222455124,0.1,95114.59,0.5,0.0,0.0,0.0,,,False,2026-01-14 14:45:00+00:00,33391,96332.59,sl,-71.8,0.0,0.0,-71.8,-1.0257142857142856,-396.570000000007,293.25,-0.5665285714285814,0.41892857142857143,5,1500.0,18.0,157.09714285714497,389.1162523969742,overlap,Wed,14,False
514,BTCUSDm,short,2026-01-14 14:50:00+00:00,33392,96566.59,0.1,97266.59,95566.59,700.0,close_above_upper,1.5535656084184675,0.1,96066.59,0.5,0.0,0.0,0.0,,,False,2026-01-14 16:05:00+00:00,33407,97284.59,sl,-71.8,0.0,0.0,-71.8,-1.0257142857142856,-535.5100000000093,403.0500000000029,-0.765014285714299,0.5757857142857185,15,4500.0,18.0,275.41000000000247,398.2355100579335,overlap,Wed,14,False
515,BTCUSDm,short,2026-01-14 16:10:00+00:00,33408,97229.74,0.1,97229.74,96229.74,700.0,close_above_upper,0.14701598114084088,0.05,96729.74,0.5,0.05,96747.74,24.1,33432.0,2026-01-14 18:10:00+00:00,True,2026-01-14 18:45:00+00:00,33439,96247.74,tp,73.2,0.0,0.0,73.2,1.0457142857142858,-595.0599999999977,910.9100000000035,-0.850085714285711,1.301300000000005,31,9300.0,18.0,325.12285714286037,428.9607041236452,newyork,Wed,16,False
516,BTCUSDm,short,2026-01-14 19:30:00+00:00,33448,97553.79,0.1,97553.79,96553.79,700.0,close_above_upper,0.2295486707500616,0.05,97053.79,0.5,0.05,97071.79,24.1,33486.0,2026-01-14 22:40:00+00:00,True,2026-01-15 00:30:00+00:00,33508,96571.79,tp,73.2,0.0,0.0,73.2,1.0457142857142858,-414.70000000001164,889.4599999999919,-0.5924285714285881,1.2706571428571312,60,18000.0,18.0,259.9514285714301,475.3474225050707,newyork,Wed,19,False
517,BTCUSDm,long,2026-01-15 14:40:00+00:00,33678,96199.9,0.1,95499.9,97199.9,700.0,close_below_lower,0.30663065312214965,0.1,96699.9,0.5,0.0,0.0,0.0,,,False,2026-01-15 15:45:00+00:00,33691,95499.9,sl,-70.0,0.0,0.0,-70.0,-1.0,-656.8600000000006,214.3700000000099,-0.9383714285714294,0.3062428571428713,13,3900.0,18.0,219.97142857142794,464.97894394417085,overlap,Thu,14,False
518,BTCUSDm,long,2026-01-15 15:50:00+00:00,33692,95470.51,0.1,95470.51,96470.51,700.0,close_below_lower,0.13787117617011355,0.05,95970.51,0.5,0.05,95970.51,25.0,33693.0,2026-01-15 15:55:00+00:00,True,2026-01-15 15:55:00+00:00,33693,96470.51,tp,75.0,0.0,0.0,75.0,1.0714285714285714,-18.0,253.6600000000035,-0.025714285714285714,0.36237142857143356,1,300.0,18.0,363.41928571428537,483.9214242518111,overlap,Thu,15,False
519,BTCUSDm,short,2026-01-15 16:00:00+00:00,33694,96729.01,0.1,96729.01,95729.01,700.0,close_above_upper,0.5200235221104028,0.05,96229.01,0.5,0.05,96247.01,24.1,33695.0,2026-01-15 16:05:00+00:00,True,2026-01-15 16:40:00+00:00,33702,96747.01,be_stop,23.200000000000003,0.0,0.0,23.200000000000003,0.33142857142857146,-204.63000000000466,508.8799999999901,-0.2923285714285781,0.7269714285714144,8,2400.0,18.0,398.80928571428586,478.0110804216778,newyork,Thu,16,False
520,BTCUSDm,long,2026-01-15 18:20:00+00:00,33722,96070.91,0.1,95370.91,97070.91,700.0,close_below_lower,0.07482592584592938,0.1,96570.91,0.5,0.0,0.0,0.0,,,False,2026-01-15 19:30:00+00:00,33736,95370.91,sl,-70.0,0.0,0.0,-70.0,-1.0,-652.6900000000023,137.86999999999534,-0.9324142857142891,0.1969571428571362,14,4200.0,18.0,192.5157142857154,463.04064617622953,newyork,Thu,18,False
521,BTCUSDm,long,2026-01-16 15:20:00+00:00,33974,94864.36,0.1,94864.36,95864.36,700.0,close_below_lower,0.24943031709445831,0.05,95364.36,0.5,0.05,95364.36,25.0,34041.0,2026-01-16 20:55:00+00:00,True,2026-01-18 01:05:00+00:00,34379,94864.36,be_stop,25.0,0.0,0.0,25.0,0.35714285714285715,-631.1800000000076,768.6499999999942,-0.9016857142857251,1.0980714285714201,405,121500.0,18.0,266.74499999999847,368.82884915550164,overlap,Fri,15,False
522,BTCUSDm,long,2026-01-18 01:10:00+00:00,34380,94883.92,0.1,94883.92,95883.92,700.0,close_below_lower,0.12828337656262406,0.05,95383.92,0.5,0.05,95383.92,25.0,34588.0,2026-01-18 18:30:00+00:00,True,2026-01-18 23:20:00+00:00,34646,94883.92,be_stop,25.0,0.0,0.0,25.0,0.35714285714285715,-56.05999999999767,612.4300000000076,-0.08008571428571096,0.8749000000000108,266,79800.0,18.0,65.85000000000271,195.0214453129197,asian,Sun,1,False
523,BTCUSDm,long,2026-01-18 23:25:00+00:00,34647,94925.63,0.1,94225.63,95925.63,700.0,close_below_lower,1.2887021448178388,0.1,95425.63,0.5,0.0,0.0,0.0,,,False,2026-01-18 23:45:00+00:00,34651,94225.63,sl,-70.0,0.0,0.0,-70.0,-1.0,-527.3700000000099,0.0,-0.7533857142857284,0.0,4,1200.0,18.0,132.50857142857006,144.12093295608247,rollover,Sun,23,False
524,BTCUSDm,long,2026-01-18 23:50:00+00:00,34652,93846.15,0.1,93146.15,94846.15,700.0,close_below_lower,5.084692933657709,0.1,94346.15,0.5,0.0,0.0,0.0,,,False,2026-01-19 00:00:00+00:00,34654,93146.15,sl,-70.0,0.0,0.0,-70.0,-1.0,-280.54999999998836,162.8000000000029,-0.40078571428569765,0.23257142857143273,2,600.0,18.0,245.40357142856996,162.10297136767906,rollover,Sun,23,False
525,BTCUSDm,long,2026-01-19 00:05:00+00:00,34655,92947.72,0.1,92247.72,93947.72,700.0,close_below_lower,6.904310616841487,0.1,93447.72,0.5,0.0,0.0,0.0,,,False,2026-01-19 00:15:00+00:00,34657,92247.72,sl,-70.0,0.0,0.0,-70.0,-1.0,-610.4199999999983,157.0,-0.8720285714285689,0.22428571428571428,2,600.0,18.0,397.16214285714005,180.8805634558885,asian,Mon,0,False
526,BTCUSDm,long,2026-01-19 00:20:00+00:00,34658,92754.22,0.1,92754.22,93754.22,700.0,close_below_lower,4.120075476039565,0.05,93254.22,0.5,0.05,93254.22,25.0,34761.0,2026-01-19 08:55:00+00:00,True,2026-01-19 13:20:00+00:00,34814,92754.22,be_stop,25.0,0.0,0.0,25.0,0.35714285714285715,-570.3300000000017,561.9599999999919,-0.8147571428571454,0.8027999999999884,156,46800.0,18.0,466.41071428571325,203.60934961442447,asian,Mon,0,False
527,BTCUSDm,long,2026-01-19 23:00:00+00:00,34930,92525.25,0.1,91825.25,93525.25,700.0,close_below_lower,0.09466308605672138,0.1,93025.25,0.5,0.0,0.0,0.0,,,False,2026-01-20 05:00:00+00:00,35002,91825.25,sl,-70.0,0.0,0.0,-70.0,-1.0,-626.7599999999948,283.77999999999884,-0.895371428571421,0.4053999999999983,72,21600.0,18.0,118.39428571428496,271.5374294173393,rollover,Mon,23,False
528,BTCUSDm,long,2026-01-20 05:05:00+00:00,35003,91602.81,0.1,90902.81,92602.81,700.0,close_below_lower,0.8808185746679483,0.1,92102.81,0.5,0.0,0.0,0.0,,,False,2026-01-20 06:15:00+00:00,35017,90902.81,sl,-70.0,0.0,0.0,-70.0,-1.0,-393.75999999999476,169.6600000000035,-0.5625142857142782,0.24237142857143357,14,4200.0,18.0,134.1392857142855,298.1618356040248,asian,Tue,5,False
529,BTCUSDm,long,2026-01-20 06:20:00+00:00,35018,90856.14,0.1,90856.14,91856.14,700.0,close_below_lower,1.1180884099727568,0.05,91356.14,0.5,0.05,91356.14,25.0,35075.0,2026-01-20 11:05:00+00:00,True,2026-01-20 13:10:00+00:00,35100,90856.14,be_stop,25.0,0.0,0.0,25.0,0.35714285714285715,-299.25999999999476,509.36999999999534,-0.42751428571427824,0.727671428571422,82,24600.0,18.0,201.0721428571456,319.45276374644476,asian,Tue,6,False
530,BTCUSDm,long,2026-01-20 14:50:00+00:00,35120,90387.6,0.1,89687.6,91387.6,700.0,close_below_lower,0.42978652514063237,0.1,90887.6,0.5,0.0,0.0,0.0,,,False,2026-01-20 17:35:00+00:00,35153,89687.6,sl,-70.0,0.0,0.0,-70.0,-1.0,-635.1200000000099,498.8099999999977,-0.9073142857142998,0.7125857142857109,33,9900.0,18.0,283.01500000000044,351.4522458327914,overlap,Tue,14,False
531,BTCUSDm,long,2026-01-20 17:40:00+00:00,35154,89668.63,0.1,88968.63,90668.63,700.0,close_below_lower,0.3935521302090352,0.1,90168.63,0.5,0.0,0.0,0.0,,,False,2026-01-20 22:30:00+00:00,35212,88968.63,sl,-70.0,0.0,0.0,-70.0,-1.0,-493.09000000001106,188.39999999999418,-0.7044142857143015,0.2691428571428488,58,17400.0,18.0,201.04714285714104,351.99827999734646,newyork,Tue,17,False
532,BTCUSDm,long,2026-01-20 22:35:00+00:00,35213,88122.47,0.1,88122.47,89122.47,700.0,close_below_lower,2.700216101372341,0.05,88622.47,0.5,0.05,88622.47,25.0,35237.0,2026-01-21 00:35:00+00:00,True,2026-01-21 02:00:00+00:00,35254,89122.47,tp,75.0,0.0,0.0,75.0,1.0714285714285714,-359.33000000000175,932.5899999999965,-0.5133285714285739,1.3322714285714237,41,12300.0,18.0,222.2321428571418,323.8729128907895,rollover,Tue,22,False
533,BTCUSDm,long,2026-01-21 07:40:00+00:00,35322,89118.97,0.1,88418.97,90118.97,700.0,close_below_lower,0.005260531707988485,0.1,89618.97,0.5,0.0,0.0,0.0,,,False,2026-01-21 12:10:00+00:00,35376,88418.97,sl,-70.0,0.0,0.0,-70.0,-1.0,-637.2200000000012,269.9400000000023,-0.9103142857142874,0.38562857142857476,54,16200.0,18.0,133.55142857143179,388.45963356050527,london,Wed,7,False
534,BTCUSDm,long,2026-01-21 12:15:00+00:00,35377,88309.29,0.1,88309.29,89309.29,700.0,close_below_lower,0.5552335519355415,0.05,88809.29,0.5,0.05,88809.29,25.0,35386.0,2026-01-21 13:00:00+00:00,True,2026-01-21 14:10:00+00:00,35400,89309.29,tp,75.0,0.0,0.0,75.0,1.0714285714285714,-198.02999999999884,908.6000000000058,-0.2828999999999983,1.2980000000000083,23,6900.0,18.0,159.7799999999999,401.26320663840204,overlap,Wed,12,False
535,BTCUSDm,short,2026-01-21 14:15:00+00:00,35401,89487.14,0.1,90187.14,88487.14,700.0,close_above_upper,0.6390859548775197,0.1,88987.14,0.5,0.0,0.0,0.0,,,False,2026-01-21 15:10:00+00:00,35412,90205.14,sl,-71.8,0.0,0.0,-71.8,-1.0257142857142856,-641.1999999999971,238.72999999999593,-0.9159999999999958,0.3410428571428513,11,3300.0,18.0,253.8507142857166,422.46769601238464,overlap,Wed,14,False
536,BTCUSDm,short,2026-01-21 15:15:00+00:00,35413,90271.94,0.1,90271.94,89271.94,700.0,close_above_upper,0.4415388055909315,0.05,89771.94,0.5,0.05,89789.94,24.1,35417.0,2026-01-21 15:35:00+00:00,True,2026-01-21 15:50:00+00:00,35420,90289.94,be_stop,23.200000000000003,0.0,0.0,23.200000000000003,0.33142857142857146,-227.80999999999767,511.7700000000041,-0.3254428571428538,0.7311000000000059,7,2100.0,18.0,385.1557142857117,449.63823982192264,overlap,Wed,15,False
537,BTCUSDm,long,2026-01-21 16:25:00+00:00,35427,89386.05,0.1,88686.05,90386.05,700.0,close_below_lower,0.10308976358548168,0.1,89886.05,0.5,0.0,0.0,0.0,,,False,2026-01-21 16:40:00+00:00,35430,88686.05,sl,-70.0,0.0,0.0,-70.0,-1.0,-698.3600000000006,172.16999999999825,-0.9976571428571437,0.24595714285714038,3,900.0,18.0,283.16499999999775,464.4043746396022,newyork,Wed,16,False
538,BTCUSDm,long,2026-01-21 16:45:00+00:00,35431,88114.45,0.1,87414.45,89114.45,700.0,close_below_lower,1.884418290417117,0.1,88614.45,0.5,0.0,0.0,0.0,,,False,2026-01-21 17:10:00+00:00,35436,87414.45,sl,-70.0,0.0,0.0,-70.0,-1.0,-603.6399999999994,491.2600000000093,-0.8623428571428563,0.7018000000000133,5,1500.0,18.0,339.36071428571347,478.5517777032648,newyork,Wed,16,False
539,BTCUSDm,long,2026-01-21 17:15:00+00:00,35437,87258.95,0.1,87258.95,88258.95,700.0,close_below_lower,1.5238581522370043,0.05,87758.95,0.5,0.05,87758.95,25.0,35438.0,2026-01-21 17:20:00+00:00,True,2026-01-21 18:45:00+00:00,35455,88258.95,tp,75.0,0.0,0.0,75.0,1.0714285714285714,-87.27999999999884,905.820000000007,-0.12468571428571262,1.2940285714285813,18,5400.0,18.0,457.7671428571443,509.15252551865,newyork,Wed,17,False
540,BTCUSDm,short,2026-01-21 18:50:00+00:00,35456,88458.08,0.1,89158.08,87458.08,700.0,close_above_upper,0.05429713534457868,0.1,87958.08,0.5,0.0,0.0,0.0,,,False,2026-01-21 19:25:00+00:00,35463,89176.08,sl,-71.8,0.0,0.0,-71.8,-1.0257142857142856,-127.36000000000058,272.5899999999965,-0.18194285714285796,0.3894142857142807,7,2100.0,18.0,250.73000000000113,527.6503348884795,newyork,Wed,18,False
541,BTCUSDm,short,2026-01-21 19:30:00+00:00,35464,89563.64,0.1,90263.64,88563.64,700.0,close_above_upper,1.235991008945726,0.1,89063.64,0.5,0.0,0.0,0.0,,,False,2026-01-21 19:45:00+00:00,35467,90281.64,sl,-71.8,0.0,0.0,-71.8,-1.0257142857142856,-554.7700000000041,144.77999999999884,-0.7925285714285772,0.20682857142856975,3,900.0,18.0,293.8514285714295,542.7394111780171,newyork,Wed,19,False
542,BTCUSDm,short,2026-01-21 19:50:00+00:00,35468,90254.01,0.1,90254.01,89254.01,700.0,close_above_upper,1.1753044624071158,0.05,89754.01,0.5,0.05,89772.01,24.1,35471.0,2026-01-21 20:05:00+00:00,True,2026-01-21 21:15:00+00:00,35485,90272.01,be_stop,23.200000000000003,0.0,0.0,23.200000000000003,0.33142857142857146,-132.84000000001106,883.2200000000012,-0.18977142857144438,1.2617428571428588,17,5100.0,18.0,356.59857142857174,569.4898627088047,newyork,Wed,19,False
543,BTCUSDm,long,2026-01-22 15:30:00+00:00,35704,88587.9,0.1,88587.9,89587.9,700.0,close_below_lower,0.09723904111557871,0.05,89087.9,0.5,0.05,89087.9,25.0,35707.0,2026-01-22 15:45:00+00:00,True,2026-01-22 16:15:00+00:00,35713,88587.9,be_stop,25.0,0.0,0.0,25.0,0.35714285714285715,-177.51999999998952,781.2200000000012,-0.25359999999998506,1.1160285714285731,9,2700.0,18.0,334.45642857142957,526.9039352663749,overlap,Thu,15,False
544,BTCUSDm,long,2026-01-23 14:40:00+00:00,35982,88557.42,0.1,88557.42,89557.42,700.0,close_below_lower,1.3014090878875717,0.05,89057.42,0.5,0.05,89057.42,25.0,35988.0,2026-01-23 15:10:00+00:00,True,2026-01-23 15:15:00+00:00,35989,88557.42,be_stop,25.0,0.0,0.0,25.0,0.35714285714285715,-37.74000000000524,524.1300000000047,-0.0539142857142932,0.7487571428571496,7,2100.0,18.0,172.2899999999988,297.0707487842543,overlap,Fri,14,False
545,BTCUSDm,short,2026-01-23 15:50:00+00:00,35996,89729.27,0.1,90429.27,88729.27,700.0,close_above_upper,1.3901038496201894,0.1,89229.27,0.5,0.0,0.0,0.0,,,False,2026-01-23 17:25:00+00:00,36015,90447.27,sl,-71.8,0.0,0.0,-71.8,-1.0257142857142856,-662.6699999999983,365.0500000000029,-0.946671428571426,0.5215000000000042,19,5700.0,18.0,325.30214285714254,308.2286794978409,overlap,Fri,15,False
546,BTCUSDm,short,2026-01-23 17:30:00+00:00,36016,90875.1,0.1,90875.1,89875.1,700.0,close_above_upper,1.3336337048265985,0.05,90375.1,0.5,0.05,90393.1,24.1,36022.0,2026-01-23 18:00:00+00:00,True,2026-01-23 18:05:00+00:00,36023,90893.1,be_stop,23.200000000000003,0.0,0.0,23.200000000000003,0.33142857142857146,-261.3099999999977,536.7799999999988,-0.3732999999999967,0.7668285714285697,7,2100.0,18.0,267.3542857142841,331.84107638209844,newyork,Fri,17,False
547,BTCUSDm,long,2026-01-23 19:05:00+00:00,36035,90238.96,0.1,89538.96,91238.96,700.0,close_below_lower,0.09731174627772926,0.1,90738.96,0.5,0.0,0.0,0.0,,,False,2026-01-23 19:30:00+00:00,36040,89538.96,sl,-70.0,0.0,0.0,-70.0,-1.0,-605.5400000000081,167.6299999999901,-0.8650571428571545,0.23947142857141443,5,1500.0,18.0,219.16357142856992,340.18647951276085,newyork,Fri,19,False
548,BTCUSDm,long,2026-01-23 19:35:00+00:00,36041,89594.79,0.1,88894.79,90594.79,700.0,close_below_lower,0.8277563842523369,0.1,90094.79,0.5,0.0,0.0,0.0,,,False,2026-01-25 03:15:00+00:00,36421,88894.79,sl,-70.0,0.0,0.0,-70.0,-1.0,-654.8199999999924,469.4600000000064,-0.935457142857132,0.670657142857152,380,114000.0,18.0,244.0678571428559,353.68608178287826,newyork,Fri,19,False
549,BTCUSDm,long,2026-01-25 08:40:00+00:00,36486,88315.08,0.1,88315.08,89315.08,700.0,close_below_lower,0.08991941940896214,0.05,88815.08,0.5,0.05,88815.08,25.0,36548.0,2026-01-25 13:50:00+00:00,True,2026-01-25 15:50:00+00:00,36572,88315.08,be_stop,25.0,0.0,0.0,25.0,0.35714285714285715,-335.18000000000757,544.3300000000017,-0.47882857142858226,0.7776142857142883,86,25800.0,18.0,65.6864285714307,228.12905053260914,london,Sun,8,False
550,BTCUSDm,long,2026-01-25 15:55:00+00:00,36573,88294.42,0.1,87594.42,89294.42,700.0,close_below_lower,0.7633079737438511,0.1,88794.42,0.5,0.0,0.0,0.0,,,False,2026-01-25 16:15:00+00:00,36577,87594.42,sl,-70.0,0.0,0.0,-70.0,-1.0,-547.3399999999965,91.97000000000116,-0.7819142857142807,0.13138571428571594,4,1200.0,18.0,79.30214285714568,142.40827864229567,overlap,Sun,15,False
551,BTCUSDm,long,2026-01-25 16:20:00+00:00,36578,87602.0,0.1,86902.0,88602.0,700.0,close_below_lower,3.417385621939975,0.1,88102.0,0.5,0.0,0.0,0.0,,,False,2026-01-25 18:40:00+00:00,36606,86902.0,sl,-70.0,0.0,0.0,-70.0,-1.0,-408.6000000000058,428.8000000000029,-0.5837142857142941,0.6125714285714328,28,8400.0,18.0,157.6221428571433,151.91807398993876,newyork,Sun,16,False
552,BTCUSDm,long,2026-01-25 18:45:00+00:00,36607,86969.11,0.1,86269.11,87969.11,700.0,close_below_lower,2.3206469494605835,0.1,87469.11,0.5,0.0,0.0,0.0,,,False,2026-01-25 19:30:00+00:00,36616,86269.11,sl,-70.0,0.0,0.0,-70.0,-1.0,-660.5399999999936,425.41999999999825,-0.9436285714285623,0.6077428571428547,9,2700.0,18.0,218.6592857142875,173.02529072900847,newyork,Sun,18,False
553,BTCUSDm,long,2026-01-25 19:35:00+00:00,36617,86362.27,0.1,86362.27,87362.27,700.0,close_below_lower,2.424680133676609,0.05,86862.27,0.5,0.05,86862.27,25.0,36637.0,2026-01-25 21:15:00+00:00,True,2026-01-25 21:35:00+00:00,36641,86362.27,be_stop,25.0,0.0,0.0,25.0,0.35714285714285715,-288.9400000000023,558.6499999999942,-0.4127714285714319,0.7980714285714202,24,7200.0,18.0,282.4442857142879,191.35049920110063,newyork,Sun,19,False
554,BTCUSDm,long,2026-01-25 21:40:00+00:00,36642,86316.52,0.1,86316.52,87316.52,700.0,close_below_lower,0.3551502507177854,0.05,86816.52,0.5,0.05,86816.52,25.0,36671.0,2026-01-26 00:05:00+00:00,True,2026-01-26 01:10:00+00:00,36684,87316.52,tp,75.0,0.0,0.0,75.0,1.0714285714285714,-350.34000000001106,952.6199999999953,-0.5004857142857301,1.3608857142857076,42,12600.0,18.0,199.086428571428,216.40286588638975,rollover,Sun,21,False
555,BTCUSDm,short,2026-01-26 01:15:00+00:00,36685,87170.83,0.1,87870.83,86170.83,700.0,close_above_upper,0.4463293316494637,0.1,86670.83,0.5,0.0,0.0,0.0,,,False,2026-01-26 06:25:00+00:00,36747,87888.83,sl,-71.8,0.0,0.0,-71.8,-1.0257142857142856,-685.3699999999953,226.57000000000698,-0.9790999999999933,0.32367142857143855,62,18600.0,18.0,218.30142857142866,242.58350768994868,asian,Mon,1,False
556,BTCUSDm,short,2026-01-26 15:15:00+00:00,36853,88610.53,0.1,88610.53,87610.53,700.0,close_above_upper,0.8879073370335021,0.05,88110.53,0.5,0.05,88128.53,24.1,36856.0,2026-01-26 15:30:00+00:00,True,2026-01-26 15:40:00+00:00,36858,87628.53,tp,73.2,0.0,0.0,73.2,1.0457142857142858,-171.85000000000582,507.5599999999977,-0.24550000000000832,0.725085714285711,5,1500.0,18.0,301.0507142857137,332.97041285369016,overlap,Mon,15,False
557,BTCUSDm,long,2026-01-26 15:45:00+00:00,36859,87424.73,0.1,87424.73,88424.73,700.0,close_below_lower,1.126392655346155,0.05,87924.73,0.5,0.05,87924.73,25.0,36889.0,2026-01-26 18:15:00+00:00,True,2026-01-26 19:00:00+00:00,36898,88424.73,tp,75.0,0.0,0.0,75.0,1.0714285714285714,-508.50999999999476,902.3800000000047,-0.7264428571428496,1.2891142857142923,39,11700.0,18.0,347.9864285714284,343.6340350319957,overlap,Mon,15,False
558,BTCUSDm,short,2026-01-27 16:10:00+00:00,37152,88340.3,0.1,88340.3,87340.3,700.0,close_above_upper,0.41120325238100736,0.05,87840.3,0.5,0.05,87858.3,24.1,37164.0,2026-01-27 17:10:00+00:00,True,2026-01-27 17:35:00+00:00,37169,87358.3,tp,73.2,0.0,0.0,73.2,1.0457142857142858,-372.56999999999243,856.0800000000017,-0.5322428571428464,1.222971428571431,17,5100.0,18.0,252.58857142856974,379.14041660916837,newyork,Tue,16,False
559,BTCUSDm,long,2026-01-27 17:40:00+00:00,37170,87527.05,0.1,87527.05,88527.05,700.0,close_below_lower,0.21664395680003337,0.05,88027.05,0.5,0.05,88027.05,25.0,37185.0,2026-01-27 18:55:00+00:00,True,2026-01-27 20:05:00+00:00,37199,88527.05,tp,75.0,0.0,0.0,75.0,1.0714285714285714,-338.570000000007,909.0399999999936,-0.4836714285714386,1.2986285714285624,29,8700.0,18.0,257.41357142857095,411.1779500635676,newyork,Tue,17,False
560,BTCUSDm,short,2026-01-27 20:20:00+00:00,37202,88761.4,0.1,89461.4,87761.4,700.0,close_above_upper,0.003939749678490912,0.1,88261.4,0.5,0.0,0.0,0.0,,,False,2026-01-28 10:00:00+00:00,37366,89479.4,sl,-71.8,0.0,0.0,-71.8,-1.0257142857142856,-691.9700000000012,68.50999999999476,-0.9885285714285731,0.09787142857142109,164,49200.0,18.0,151.02928571428598,410.436905022953,newyork,Tue,20,False
561,BTCUSDm,short,2026-01-28 11:55:00+00:00,37389,89936.43,0.1,89936.43,88936.43,700.0,close_above_upper,0.33656660204617855,0.05,89436.43,0.5,0.05,89454.43,24.1,37423.0,2026-01-28 14:45:00+00:00,True,2026-01-28 15:15:00+00:00,37429,88954.43,tp,73.2,0.0,0.0,73.2,1.0457142857142858,-436.0500000000029,969.3099999999977,-0.6229285714285756,1.3847285714285682,40,12000.0,18.0,132.44000000000128,382.8406838214571,london,Wed,11,False
562,BTCUSDm,long,2026-01-28 15:20:00+00:00,37430,89078.06,0.1,89078.06,90078.06,700.0,close_below_lower,0.2847461787561342,0.05,89578.06,0.5,0.05,89578.06,25.0,37443.0,2026-01-28 16:25:00+00:00,True,2026-01-28 17:50:00+00:00,37460,90078.06,tp,75.0,0.0,0.0,75.0,1.0714285714285714,-109.25,788.0500000000029,-0.15607142857142858,1.1257857142857184,30,9000.0,18.0,250.7907142857127,385.67183079037557,overlap,Wed,15,False
563,BTCUSDm,short,2026-01-28 17:55:00+00:00,37461,90341.36,0.1,90341.36,89341.36,700.0,close_above_upper,0.8434704123174397,0.05,89841.36,0.5,0.05,89859.36,24.1,37462.0,2026-01-28 18:00:00+00:00,True,2026-01-28 18:50:00+00:00,37472,89359.36,tp,73.2,0.0,0.0,73.2,1.0457142857142858,-11.69999999999709,965.7700000000041,-0.016714285714281556,1.3796714285714344,11,3300.0,18.0,235.7764285714272,389.4943916457511,newyork,Wed,17,False
564,BTCUSDm,long,2026-01-28 20:50:00+00:00,37496,88929.64,0.1,88229.64,89929.64,700.0,close_below_lower,0.010023050928238585,0.1,89429.64,0.5,0.0,0.0,0.0,,,False,2026-01-29 02:30:00+00:00,37564,88229.64,sl,-70.0,0.0,0.0,-70.0,-1.0,-636.8199999999924,423.13000000000466,-0.9097428571428463,0.6044714285714352,68,20400.0,18.0,260.4828571428557,402.200846906238,newyork,Wed,20,False
565,BTCUSDm,long,2026-01-29 02:50:00+00:00,37568,87727.14,0.1,87727.14,88727.14,700.0,close_below_lower,0.5175162286300391,0.05,88227.14,0.5,0.05,88227.14,25.0,37594.0,2026-01-29 05:00:00+00:00,True,2026-01-29 10:00:00+00:00,37654,87727.14,be_stop,25.0,0.0,0.0,25.0,0.35714285714285715,-173.27000000000407,630.0099999999948,-0.24752857142857726,0.9000142857142782,86,25800.0,18.0,197.4535714285708,423.32253250472246,asian,Thu,2,False
566,BTCUSDm,long,2026-01-29 14:55:00+00:00,37713,87328.83,0.1,86628.83,88328.83,700.0,close_below_lower,0.21330092372737855,0.1,87828.83,0.5,0.0,0.0,0.0,,,False,2026-01-29 15:00:00+00:00,37714,86628.83,sl,-70.0,0.0,0.0,-70.0,-1.0,-489.04000000000815,0.0,-0.698628571428583,0.0,1,300.0,18.0,190.5085714285711,332.1861935767783,overlap,Thu,14,False
567,BTCUSDm,long,2026-01-29 15:05:00+00:00,37715,86404.76,0.1,85704.76,87404.76,700.0,close_below_lower,2.2164821614382273,0.1,86904.76,0.5,0.0,0.0,0.0,,,False,2026-01-29 15:10:00+00:00,37716,85704.76,sl,-70.0,0.0,0.0,-70.0,-1.0,-468.1899999999878,21.580000000001746,-0.6688428571428396,0.030828571428573922,1,300.0,18.0,258.65071428571434,342.4262929365606,overlap,Thu,15,False
568,BTCUSDm,long,2026-01-29 15:15:00+00:00,37717,85212.58,0.1,84512.58,86212.58,700.0,close_below_lower,4.221487932767666,0.1,85712.58,0.5,0.0,0.0,0.0,,,False,2026-01-29 15:40:00+00:00,37722,84512.58,sl,-70.0,0.0,0.0,-70.0,-1.0,-266.99000000000524,464.13000000000466,-0.3814142857142932,0.6630428571428638,5,1500.0,18.0,335.7921428571416,361.8600988685154,overlap,Thu,15,False
569,BTCUSDm,long,2026-01-29 15:45:00+00:00,37723,84496.66,0.1,84496.66,85496.66,700.0,close_below_lower,2.483520755117209,0.05,84996.66,0.5,0.05,84996.66,25.0,37725.0,2026-01-29 15:55:00+00:00,True,2026-01-29 16:05:00+00:00,37727,84496.66,be_stop,25.0,0.0,0.0,25.0,0.35714285714285715,-276.6600000000035,518.179999999993,-0.3952285714285764,0.7402571428571328,4,1200.0,18.0,467.597142857145,403.74175182614147,overlap,Thu,15,False
570,BTCUSDm,long,2026-01-29 16:10:00+00:00,37728,84442.9,0.1,84442.9,85442.9,700.0,close_below_lower,0.5872773296830028,0.05,84942.9,0.5,0.05,84942.9,25.0,37737.0,2026-01-29 16:55:00+00:00,True,2026-01-29 17:15:00+00:00,37741,85442.9,tp,75.0,0.0,0.0,75.0,1.0714285714285714,-318.8600000000006,896.5400000000081,-0.45551428571428654,1.2807714285714402,13,3900.0,18.0,477.8200000000018,426.8060755992111,newyork,Thu,16,False
571,BTCUSDm,short,2026-01-29 17:20:00+00:00,37742,85407.08,0.1,85407.08,84407.08,700.0,close_above_upper,0.28042558366565506,0.05,84907.08,0.5,0.05,84925.08,24.1,37743.0,2026-01-29 17:25:00+00:00,True,2026-01-29 17:50:00+00:00,37748,84425.08,tp,73.2,0.0,0.0,73.2,1.0457142857142858,-93.63999999999942,970.9100000000035,-0.13377142857142774,1.3870142857142906,6,1800.0,18.0,294.490714285716,445.66542013137587,newyork,Thu,17,False
572,BTCUSDm,long,2026-01-29 17:55:00+00:00,37749,84184.22,0.1,83484.22,85184.22,700.0,close_below_lower,0.42472465919492075,0.1,84684.22,0.5,0.0,0.0,0.0,,,False,2026-01-29 18:30:00+00:00,37756,83484.22,sl,-70.0,0.0,0.0,-70.0,-1.0,-641.5200000000041,318.8399999999965,-0.9164571428571486,0.4554857142857093,7,2100.0,18.0,302.5778571428569,452.050301618395,newyork,Thu,17,False
573,BTCUSDm,long,2026-01-29 18:35:00+00:00,37757,83752.86,0.1,83752.86,84752.86,700.0,close_below_lower,0.1656807050073554,0.05,84252.86,0.5,0.05,84252.86,25.0,37787.0,2026-01-29 21:05:00+00:00,True,2026-01-30 01:20:00+00:00,37838,83752.86,be_stop,25.0,0.0,0.0,25.0,0.35714285714285715,-529.4900000000052,853.6999999999971,-0.7564142857142931,1.2195714285714243,81,24300.0,18.0,308.4828571428578,470.7407831708295,newyork,Thu,18,False
574,BTCUSDm,long,2026-01-30 01:40:00+00:00,37842,82776.08,0.1,82076.08,83776.08,700.0,close_below_lower,1.066994144840644,0.1,83276.08,0.5,0.0,0.0,0.0,,,False,2026-01-30 01:45:00+00:00,37843,81913.35,sl,-86.2729999999996,0.0,0.0,-86.2729999999996,-1.2324714285714229,-1842.3600000000006,112.13000000000466,-2.631942857142858,0.16018571428572093,1,300.0,18.0,295.9442857142858,523.7698174803533,asian,Fri,1,False
575,BTCUSDm,long,2026-01-30 01:50:00+00:00,37844,81904.42,0.1,81904.42,82904.42,700.0,close_below_lower,1.8571313809015937,0.05,82404.42,0.5,0.05,82404.42,25.0,37845.0,2026-01-30 01:55:00+00:00,True,2026-01-30 02:10:00+00:00,37848,81904.42,be_stop,25.0,0.0,0.0,25.0,0.35714285714285715,-18.0,525.1999999999971,-0.025714285714285714,0.7502857142857101,4,1200.0,18.0,465.34642857143,543.1897075759548,asian,Fri,1,False
576,BTCUSDm,long,2026-01-30 02:15:00+00:00,37849,81791.86,0.1,81091.86,82791.86,700.0,close_below_lower,0.6235044528191287,0.1,82291.86,0.5,0.0,0.0,0.0,,,False,2026-01-30 02:30:00+00:00,37852,81091.86,sl,-70.0,0.0,0.0,-70.0,-1.0,-689.6399999999994,214.58000000000175,-0.9851999999999992,0.3065428571428596,3,900.0,18.0,523.9250000000009,566.8068279783532,asian,Fri,2,False
577,BTCUSDm,long,2026-01-30 02:35:00+00:00,37853,81496.89,0.1,81496.89,82496.89,700.0,close_below_lower,0.07232764830978251,0.05,81996.89,0.5,0.05,81996.89,25.0,37857.0,2026-01-30 02:55:00+00:00,True,2026-01-30 03:50:00+00:00,37868,82496.89,tp,75.0,0.0,0.0,75.0,1.0714285714285714,-61.69999999999709,916.8399999999965,-0.08814285714285298,1.3097714285714235,15,4500.0,18.0,579.0721428571435,585.6494933222099,asian,Fri,2,False
578,BTCUSDm,short,2026-01-30 14:45:00+00:00,37999,83521.03,0.1,83521.03,82521.03,700.0,close_above_upper,0.05903810828923142,0.05,83021.03,0.5,0.05,83039.03,24.1,38000.0,2026-01-30 14:50:00+00:00,True,2026-01-30 15:25:00+00:00,38007,82539.03,tp,73.2,0.0,0.0,73.2,1.0457142857142858,-159.52999999999884,762.2899999999936,-0.22789999999999833,1.0889857142857051,8,2400.0,18.0,242.87214285714228,580.3915326621087,overlap,Fri,14,False
579,BTCUSDm,long,2026-01-30 18:20:00+00:00,38042,82109.25,0.1,82109.25,83109.25,700.0,close_below_lower,0.2221983015677165,0.05,82609.25,0.5,0.05,82609.25,25.0,38046.0,2026-01-30 18:40:00+00:00,True,2026-01-30 18:45:00+00:00,38047,83109.25,tp,75.0,0.0,0.0,75.0,1.0714285714285714,-377.9600000000064,931.9400000000023,-0.5399428571428663,1.3313428571428605,5,1500.0,18.0,312.5749999999992,599.9038741751783,newyork,Fri,18,False
580,BTCUSDm,short,2026-01-30 18:50:00+00:00,38048,83457.63,0.1,84157.63,82457.63,700.0,close_above_upper,0.2955064579045336,0.1,82957.63,0.5,0.0,0.0,0.0,,,False,2026-01-30 19:00:00+00:00,38050,84175.63,sl,-71.8,0.0,0.0,-71.8,-1.0257142857142856,-601.6499999999942,219.07000000000698,-0.8594999999999917,0.3129571428571528,2,600.0,18.0,394.69714285714355,615.9118784639309,newyork,Fri,18,False
581,BTCUSDm,short,2026-01-30 19:05:00+00:00,38051,84147.54,0.1,84147.54,83147.54,700.0,close_above_upper,0.8116736840265965,0.05,83647.54,0.5,0.05,83665.54,24.1,38063.0,2026-01-30 20:05:00+00:00,True,2026-01-30 20:35:00+00:00,38069,84165.54,be_stop,23.200000000000003,0.0,0.0,23.200000000000003,0.33142857142857146,-372.1000000000058,737.5699999999924,-0.5315714285714369,1.0536714285714177,18,5400.0,18.0,456.0600000000008,633.2312067355131,newyork,Fri,19,False
582,BTCUSDm,long,2026-01-31 14:25:00+00:00,38283,81864.24,0.1,81164.24,82864.24,700.0,close_below_lower,0.1825571398418765,0.1,82364.24,0.5,0.0,0.0,0.0,,,False,2026-01-31 14:30:00+00:00,38284,81164.24,sl,-70.0,0.0,0.0,-70.0,-1.0,-724.6600000000035,109.23999999999069,-1.0352285714285765,0.15605714285712954,1,300.0,18.0,209.55428571428533,507.43760159775735,overlap,Sat,14,False
583,BTCUSDm,long,2026-01-31 14:35:00+00:00,38285,81355.71,0.1,80655.71,82355.71,700.0,close_below_lower,0.7329030329556753,0.1,81855.71,0.5,0.0,0.0,0.0,,,False,2026-01-31 16:05:00+00:00,38303,80655.71,sl,-70.0,0.0,0.0,-70.0,-1.0,-677.8000000000029,307.8799999999901,-0.9682857142857184,0.4398285714285573,18,5400.0,18.0,290.44285714285695,516.4496039276726,overlap,Sat,14,False
584,BTCUSDm,long,2026-01-31 16:50:00+00:00,38312,80351.78,0.1,79651.78,81351.78,700.0,close_below_lower,0.24243232429236608,0.1,80851.78,0.5,0.0,0.0,0.0,,,False,2026-01-31 17:05:00+00:00,38315,79651.78,sl,-70.0,0.0,0.0,-70.0,-1.0,-395.63000000000466,72.88000000000466,-0.565185714285721,0.10411428571429236,3,900.0,18.0,466.538571428572,548.1682580648555,newyork,Sat,16,False
585,BTCUSDm,long,2026-01-31 17:10:00+00:00,38316,79413.14,0.1,78713.14,80413.14,700.0,close_below_lower,1.1383480405361674,0.1,79913.14,0.5,0.0,0.0,0.0,,,False,2026-01-31 17:15:00+00:00,38317,78712.07,sl,-70.10699999999925,0.0,0.0,-70.10699999999925,-1.0015285714285607,-1459.3500000000058,44.05000000000291,-2.0847857142857227,0.06292857142857558,1,300.0,18.0,554.3985714285747,566.0752074569243,newyork,Sat,17,False
586,BTCUSDm,long,2026-01-31 17:20:00+00:00,38318,78967.48,0.1,78267.48,79967.48,700.0,close_below_lower,1.1546322169972967,0.1,79467.48,0.5,0.0,0.0,0.0,,,False,2026-01-31 18:15:00+00:00,38329,78267.48,sl,-70.0,0.0,0.0,-70.0,-1.0,-595.1100000000006,211.44000000000233,-0.8501571428571437,0.3020571428571462,11,3300.0,18.0,646.3514285714316,581.4483659881755,newyork,Sat,17,False
587,BTCUSDm,long,2026-01-31 18:40:00+00:00,38334,77447.37,0.1,77447.37,78447.37,700.0,close_below_lower,0.6321605355444248,0.05,77947.37,0.5,0.05,77947.37,25.0,38335.0,2026-01-31 18:45:00+00:00,True,2026-01-31 19:10:00+00:00,38340,78447.37,tp,75.0,0.0,0.0,75.0,1.0714285714285714,-1966.8499999999913,818.5800000000017,-2.809785714285702,1.1694000000000024,6,1800.0,18.0,474.2671428571463,626.6633352144569,newyork,Sat,18,False
588,BTCUSDm,long,2026-01-31 19:40:00+00:00,38346,77239.39,0.1,77239.39,78239.39,700.0,close_below_lower,0.08540151461087482,0.05,77739.39,0.5,0.05,77739.39,25.0,38347.0,2026-01-31 19:45:00+00:00,True,2026-01-31 20:30:00+00:00,38356,77239.39,be_stop,25.0,0.0,0.0,25.0,0.35714285714285715,-121.56999999999243,789.9300000000076,-0.17367142857141776,1.1284714285714394,10,3000.0,18.0,660.7435714285738,599.7817948224412,newyork,Sat,19,False
589,BTCUSDm,short,2026-02-01 00:05:00+00:00,38387,78832.29,0.1,78832.29,77832.29,700.0,close_above_upper,0.2020668694643687,0.05,78332.29,0.5,0.05,78350.29,24.1,38401.0,2026-02-01 01:15:00+00:00,True,2026-02-01 02:50:00+00:00,38420,78850.29,be_stop,23.200000000000003,0.0,0.0,23.200000000000003,0.33142857142857146,-517.2600000000093,641.8699999999953,-0.7389428571428704,0.9169571428571363,33,9900.0,18.0,245.59928571428463,572.7707424765939,asian,Sun,0,False
590,BTCUSDm,long,2026-02-01 14:35:00+00:00,38561,77439.6,0.1,77439.6,78439.6,700.0,close_below_lower,0.346830161270353,0.05,77939.6,0.5,0.05,77939.6,25.0,38562.0,2026-02-01 14:40:00+00:00,True,2026-02-01 14:50:00+00:00,38564,78439.6,tp,75.0,0.0,0.0,75.0,1.0714285714285714,-274.8700000000099,612.0299999999988,-0.3926714285714427,0.8743285714285698,3,900.0,18.0,203.64500000000095,526.996225200577,overlap,Sun,14,False
591,BTCUSDm,long,2026-02-01 15:20:00+00:00,38570,77272.09,0.1,77272.09,78272.09,700.0,close_below_lower,0.08624350277733486,0.05,77772.09,0.5,0.05,77772.09,25.0,38577.0,2026-02-01 15:55:00+00:00,True,2026-02-01 16:00:00+00:00,38578,77272.09,be_stop,25.0,0.0,0.0,25.0,0.35714285714285715,-569.1499999999942,525.1900000000023,-0.8130714285714202,0.7502714285714319,8,2400.0,18.0,364.0321428571447,530.8691926027625,overlap,Sun,15,False
592,BTCUSDm,long,2026-02-01 20:30:00+00:00,38632,76632.03,0.1,76632.03,77632.03,700.0,close_below_lower,0.04256630682206551,0.05,77132.03,0.5,0.05,77132.03,25.0,38633.0,2026-02-01 20:35:00+00:00,True,2026-02-01 20:40:00+00:00,38634,77632.03,tp,75.0,0.0,0.0,75.0,1.0714285714285714,-18.0,965.0599999999977,-0.025714285714285714,1.3786571428571395,2,600.0,18.0,247.77285714285765,581.816099666975,newyork,Sun,20,False
593,BTCUSDm,long,2026-02-01 21:10:00+00:00,38640,76396.98,0.1,76396.98,77396.98,700.0,close_below_lower,0.11681741075323422,0.05,76896.98,0.5,0.05,76896.98,25.0,38643.0,2026-02-01 21:25:00+00:00,True,2026-02-01 21:45:00+00:00,38647,76396.98,be_stop,25.0,0.0,0.0,25.0,0.35714285714285715,-22.55000000000291,706.0900000000111,-0.03221428571428987,1.0087000000000157,7,2100.0,18.0,336.0007142857139,589.1671475213383,rollover,Sun,21,False
594,BTCUSDm,long,2026-02-01 23:10:00+00:00,38664,75957.95,0.1,75957.95,76957.95,700.0,close_below_lower,0.7264606328163793,0.05,76457.95,0.5,0.05,76562.93,30.248999999999796,38665.0,2026-02-01 23:15:00+00:00,True,2026-02-01 23:30:00+00:00,38668,76957.95,tp,80.2489999999998,0.0,0.0,80.2489999999998,1.1464142857142827,-344.8899999999994,993.9600000000064,-0.4926999999999992,1.4199428571428663,4,1200.0,18.0,453.38785714285353,616.9058696303838,rollover,Sun,23,False
595,BTCUSDm,short,2026-02-02 00:20:00+00:00,38678,77756.16,0.1,77756.16,76756.16,700.0,close_above_upper,0.07097264788210672,0.05,77256.16,0.5,0.05,77274.16,24.1,38687.0,2026-02-02 01:05:00+00:00,True,2026-02-02 01:10:00+00:00,38688,76774.16,tp,73.2,0.0,0.0,73.2,1.0457142857142858,-321.66999999999825,546.1100000000006,-0.45952857142856895,0.7801571428571437,10,3000.0,18.0,499.605714285714,638.517980157351,asian,Mon,0,False
596,BTCUSDm,long,2026-02-02 01:15:00+00:00,38689,76775.64,0.1,76775.64,77775.64,700.0,close_below_lower,0.1562429013844281,0.05,77275.64,0.5,0.05,77275.64,25.0,38690.0,2026-02-02 01:20:00+00:00,True,2026-02-02 01:25:00+00:00,38691,77775.64,tp,75.0,0.0,0.0,75.0,1.0714285714285714,-241.38999999999942,824.3000000000029,-0.3448428571428563,1.1775714285714327,2,600.0,18.0,375.48142857143,659.5549083900555,asian,Mon,1,False
597,BTCUSDm,long,2026-02-02 03:15:00+00:00,38713,75826.1,0.1,75126.1,76826.1,700.0,close_below_lower,0.3317190823876517,0.1,76326.1,0.5,0.0,0.0,0.0,,,False,2026-02-02 03:20:00+00:00,38714,75126.1,sl,-70.0,0.0,0.0,-70.0,-1.0,-511.0600000000122,18.119999999995343,-0.7300857142857318,0.025885714285707632,1,300.0,18.0,309.46714285714654,678.7454056412763,asian,Mon,3,False
598,BTCUSDm,long,2026-02-02 03:25:00+00:00,38715,75316.72,0.1,74616.72,76316.72,700.0,close_below_lower,0.6316963321636008,0.1,75816.72,0.5,0.0,0.0,0.0,,,False,2026-02-02 03:35:00+00:00,38717,74616.72,sl,-70.0,0.0,0.0,-70.0,-1.0,-603.4300000000076,70.17999999999302,-0.862042857142868,0.10025714285713287,2,600.0,18.0,353.68142857143226,686.4463017493875,asian,Mon,3,False
599,BTCUSDm,long,2026-02-02 03:40:00+00:00,38718,74574.53,0.1,74574.53,75574.53,700.0,close_below_lower,0.8618601092191058,0.05,75074.53,0.5,0.05,75074.53,25.0,38719.0,2026-02-02 03:45:00+00:00,True,2026-02-02 03:45:00+00:00,38719,75574.53,tp,75.0,0.0,0.0,75.0,1.0714285714285714,-43.830000000001746,287.99000000000524,-0.0626142857142882,0.41141428571429317,1,300.0,18.0,378.7700000000041,705.8924988027218,asian,Mon,3,False
600,BTCUSDm,short,2026-02-02 06:45:00+00:00,38755,76405.79,0.1,77105.79,75405.79,700.0,close_above_upper,0.17711572540009127,0.1,75905.79,0.5,0.0,0.0,0.0,,,False,2026-02-02 08:15:00+00:00,38773,77123.79,sl,-71.8,0.0,0.0,-71.8,-1.0257142857142856,-484.4100000000035,415.4899999999907,-0.6920142857142907,0.5935571428571296,18,5400.0,18.0,469.80785714285804,766.5431489929385,asian,Mon,6,False
601,BTCUSDm,long,2026-02-03 03:00:00+00:00,38998,77752.78,0.1,77752.78,78752.78,700.0,close_below_lower,0.03385838773573764,0.05,78252.78,0.5,0.05,78252.78,25.0,39004.0,2026-02-03 03:30:00+00:00,True,2026-02-03 03:55:00+00:00,39009,78752.78,tp,75.0,0.0,0.0,75.0,1.0714285714285714,-183.86999999999534,819.4600000000064,-0.2626714285714219,1.170657142857152,11,3300.0,18.0,204.14357142857003,661.5030951400545,asian,Tue,3,False
602,BTCUSDm,long,2026-02-03 15:00:00+00:00,39142,77157.39,0.1,77157.39,78157.39,700.0,close_below_lower,0.28484964032688265,0.05,77657.39,0.5,0.05,77657.39,25.0,39147.0,2026-02-03 15:25:00+00:00,True,2026-02-03 16:15:00+00:00,39157,77157.39,be_stop,25.0,0.0,0.0,25.0,0.35714285714285715,-191.0399999999936,992.3699999999953,-0.27291428571427656,1.4176714285714218,15,4500.0,18.0,316.0078571428572,616.6867872322832,overlap,Tue,15,False
603,BTCUSDm,long,2026-02-03 16:25:00+00:00,39159,76682.84,0.1,75982.84,77682.84,700.0,close_below_lower,0.24537373442139132,0.1,77182.84,0.5,0.0,0.0,0.0,,,False,2026-02-03 17:10:00+00:00,39168,75982.84,sl,-70.0,0.0,0.0,-70.0,-1.0,-672.75,244.2100000000064,-0.9610714285714286,0.3488714285714377,9,2700.0,18.0,452.66285714285704,625.9247725898114,newyork,Tue,16,False
604,BTCUSDm,long,2026-02-03 17:15:00+00:00,39169,75646.22,0.1,74946.22,76646.22,700.0,close_below_lower,0.5216379920928355,0.1,76146.22,0.5,0.0,0.0,0.0,,,False,2026-02-03 17:45:00+00:00,39175,74946.22,sl,-70.0,0.0,0.0,-70.0,-1.0,-593.4199999999983,394.63000000000466,-0.8477428571428547,0.5637571428571495,6,1800.0,18.0,328.0864285714301,643.1933648005162,newyork,Tue,17,False
605,BTCUSDm,long,2026-02-03 17:50:00+00:00,39176,74952.06,0.1,74252.06,75952.06,700.0,close_below_lower,0.37212660195149233,0.1,75452.06,0.5,0.0,0.0,0.0,,,False,2026-02-03 18:20:00+00:00,39182,74252.06,sl,-70.0,0.0,0.0,-70.0,-1.0,-524.5099999999948,357.3600000000006,-0.7492999999999925,0.5105142857142866,6,1800.0,18.0,316.71785714286153,663.4244778811762,newyork,Tue,17,False
606,BTCUSDm,long,2026-02-03 18:25:00+00:00,39183,74303.68,0.1,73603.68,75303.68,700.0,close_below_lower,0.15703716730846273,0.1,74803.68,0.5,0.0,0.0,0.0,,,False,2026-02-03 18:45:00+00:00,39187,73603.68,sl,-70.0,0.0,0.0,-70.0,-1.0,-695.4399999999878,0.0,-0.9934857142856969,0.0,4,1200.0,18.0,351.86357142857327,669.273094767102,newyork,Tue,18,False
607,BTCUSDm,long,2026-02-03 18:50:00+00:00,39188,73224.91,0.1,73224.91,74224.91,700.0,close_below_lower,0.736503543398321,0.05,73724.91,0.5,0.05,73724.91,25.0,39192.0,2026-02-03 19:10:00+00:00,True,2026-02-03 19:10:00+00:00,39192,74224.91,tp,75.0,0.0,0.0,75.0,1.0714285714285714,-382.2100000000064,306.2699999999895,-0.5460142857142949,0.43752857142855645,4,1200.0,18.0,398.297857142857,689.2635268461197,newyork,Tue,18,False
608,BTCUSDm,short,2026-02-03 19:20:00+00:00,39194,74927.64,0.1,74927.64,73927.64,700.0,close_above_upper,0.410654669249219,0.05,74427.64,0.5,0.05,74445.64,24.1,39199.0,2026-02-03 19:45:00+00:00,True,2026-02-03 19:55:00+00:00,39201,74945.64,be_stop,23.200000000000003,0.0,0.0,23.200000000000003,0.33142857142857146,-242.05999999999767,728.3699999999953,-0.34579999999999667,1.0405285714285648,7,2100.0,18.0,517.1164285714289,709.845400902687,newyork,Tue,19,False
609,BTCUSDm,short,2026-02-03 20:30:00+00:00,39208,75567.39,0.1,76267.39,74567.39,700.0,close_above_upper,0.061016421776744816,0.1,75067.39,0.5,0.0,0.0,0.0,,,False,2026-02-03 20:35:00+00:00,39209,76285.39,sl,-71.8,0.0,0.0,-71.8,-1.0257142857142856,-942.3399999999965,26.839999999996508,-1.346199999999995,0.038342857142852155,1,300.0,18.0,408.490714285715,728.5976626781664,newyork,Tue,20,False
610,BTCUSDm,short,2026-02-03 20:40:00+00:00,39210,76335.01,0.1,76335.01,75335.01,700.0,close_above_upper,0.6606203321417955,0.05,75835.01,0.5,0.05,75853.01,24.1,39227.0,2026-02-03 22:05:00+00:00,True,2026-02-03 22:45:00+00:00,39235,75353.01,tp,73.2,0.0,0.0,73.2,1.0457142857142858,-537.7100000000064,930.3300000000017,-0.768157142857152,1.3290428571428596,25,7500.0,18.0,443.9414285714291,737.0031204784982,newyork,Tue,20,False
611,BTCUSDm,long,2026-02-04 13:50:00+00:00,39416,74959.69,0.1,74959.69,75959.69,700.0,close_below_lower,0.14448509027512815,0.05,75459.69,0.5,0.05,75459.69,25.0,39422.0,2026-02-04 14:20:00+00:00,True,2026-02-04 14:30:00+00:00,39424,74959.69,be_stop,25.0,0.0,0.0,25.0,0.35714285714285715,-285.75,502.95999999999185,-0.4082142857142857,0.7185142857142741,8,2400.0,18.0,186.8442857142862,657.2146922897712,overlap,Wed,13,False
612,BTCUSDm,long,2026-02-04 15:00:00+00:00,39430,74274.93,0.1,74274.93,75274.93,700.0,close_below_lower,0.14116173236722698,0.05,74774.93,0.5,0.05,74774.93,25.0,39431.0,2026-02-04 15:05:00+00:00,True,2026-02-04 15:30:00+00:00,39436,74274.93,be_stop,25.0,0.0,0.0,25.0,0.35714285714285715,-559.7099999999919,942.1900000000023,-0.7995857142857027,1.3459857142857177,6,1800.0,18.0,458.29428571428645,673.7598324130677,overlap,Wed,15,False
613,BTCUSDm,long,2026-02-04 15:35:00+00:00,39437,74060.36,0.1,74060.36,75060.36,700.0,close_below_lower,0.006868603280654515,0.05,74560.36,0.5,0.05,74560.36,25.0,39438.0,2026-02-04 15:40:00+00:00,True,2026-02-04 15:45:00+00:00,39439,74060.36,be_stop,25.0,0.0,0.0,25.0,0.35714285714285715,-385.0399999999936,536.3099999999977,-0.5500571428571337,0.7661571428571395,2,600.0,18.0,640.7207142857151,681.6455301640143,overlap,Wed,15,False
614,BTCUSDm,long,2026-02-04 16:40:00+00:00,39450,73087.79,0.1,73087.79,74087.79,700.0,close_below_lower,0.07277879618384193,0.05,73587.79,0.5,0.05,73587.79,25.0,39453.0,2026-02-04 16:55:00+00:00,True,2026-02-04 17:05:00+00:00,39455,73087.79,be_stop,25.0,0.0,0.0,25.0,0.35714285714285715,-140.91999999999825,667.1800000000076,-0.20131428571428323,0.9531142857142966,5,1500.0,18.0,536.9971428571433,703.1120278844272,newyork,Wed,16,False
615,BTCUSDm,long,2026-02-04 17:30:00+00:00,39460,72371.04,0.1,72371.04,73371.04,700.0,close_below_lower,0.18043142238646534,0.05,72871.04,0.5,0.05,72871.04,25.0,39468.0,2026-02-04 18:10:00+00:00,True,2026-02-04 18:25:00+00:00,39471,73371.04,tp,75.0,0.0,0.0,75.0,1.0714285714285714,-386.8799999999901,756.7300000000105,-0.5526857142857001,1.081042857142872,11,3300.0,18.0,520.4007142857112,722.1431524113498,newyork,Wed,17,False
616,BTCUSDm,short,2026-02-04 18:40:00+00:00,39474,73728.12,0.1,73728.12,72728.12,700.0,close_above_upper,0.2151895869304749,0.05,73228.12,0.5,0.05,73246.12,24.1,39477.0,2026-02-04 18:55:00+00:00,True,2026-02-04 19:00:00+00:00,39478,73746.12,be_stop,23.200000000000003,0.0,0.0,23.200000000000003,0.33142857142857146,-251.8000000000029,504.58000000000175,-0.35971428571428987,0.7208285714285739,4,1200.0,18.0,515.6807142857162,747.6851265726376,newyork,Wed,18,False
617,BTCUSDm,long,2026-02-04 21:50:00+00:00,39512,72089.15,0.1,72089.15,73089.15,700.0,close_below_lower,0.28220070798823627,0.05,72589.15,0.5,0.05,72589.15,25.0,39513.0,2026-02-04 21:55:00+00:00,True,2026-02-04 22:05:00+00:00,39515,72089.15,be_stop,25.0,0.0,0.0,25.0,0.35714285714285715,-26.75999999999476,615.6500000000087,-0.038228571428563944,0.8795000000000125,3,900.0,18.0,269.3121428571415,752.47986578629,rollover,Wed,21,False
618,BTCUSDm,long,2026-02-05 11:25:00+00:00,39675,69939.61,0.1,69939.61,70939.61,700.0,close_below_lower,0.21041283436177335,0.05,70439.61,0.5,0.05,70439.61,25.0,39677.0,2026-02-05 11:35:00+00:00,True,2026-02-05 12:10:00+00:00,39684,69939.61,be_stop,25.0,0.0,0.0,25.0,0.35714285714285715,-149.58000000000175,670.9600000000064,-0.21368571428571678,0.9585142857142949,9,2700.0,18.0,275.31571428571414,788.0803330205114,london,Thu,11,False
619,BTCUSDm,long,2026-02-05 12:20:00+00:00,39686,69362.83,0.1,69362.83,70362.83,700.0,close_below_lower,0.08508487405547349,0.05,69862.83,0.5,0.05,69862.83,25.0,39706.0,2026-02-05 14:00:00+00:00,True,2026-02-05 14:15:00+00:00,39709,69362.83,be_stop,25.0,0.0,0.0,25.0,0.35714285714285715,-336.79000000000815,828.1300000000047,-0.48112857142858306,1.1830428571428637,23,6900.0,18.0,400.98571428571137,766.1542214940608,overlap,Thu,12,False
620,BTCUSDm,short,2026-02-05 14:40:00+00:00,39714,70595.44,0.1,70595.44,69595.44,700.0,close_above_upper,0.15197407691062573,0.05,70095.44,0.5,0.05,70113.44,24.1,39715.0,2026-02-05 14:45:00+00:00,True,2026-02-05 14:55:00+00:00,39717,69613.44,tp,73.2,0.0,0.0,73.2,1.0457142857142858,-68.81999999999243,856.25,-0.0983142857142749,1.2232142857142858,3,900.0,18.0,347.3471428571429,700.4676982587712,overlap,Thu,14,False
621,BTCUSDm,long,2026-02-05 15:05:00+00:00,39719,68876.21,0.1,68176.21,69876.21,700.0,close_below_lower,0.3377011026138089,0.1,69376.21,0.5,0.0,0.0,0.0,,,False,2026-02-05 15:10:00+00:00,39720,68176.21,sl,-70.0,0.0,0.0,-70.0,-1.0,-475.95000000001164,20.39999999999418,-0.6799285714285881,0.029142857142848828,1,300.0,18.0,476.6264285714299,696.853940492341,overlap,Thu,15,False
622,BTCUSDm,long,2026-02-05 15:15:00+00:00,39721,67890.91,0.1,67190.91,68890.91,700.0,close_below_lower,1.262038373173426,0.1,68390.91,0.5,0.0,0.0,0.0,,,False,2026-02-05 15:20:00+00:00,39722,67190.91,sl,-70.0,0.0,0.0,-70.0,-1.0,-21.820000000006985,696.3000000000029,-0.03117142857143855,0.9947142857142899,1,300.0,18.0,511.21357142857386,711.9201598233556,overlap,Thu,15,False
623,BTCUSDm,long,2026-02-05 15:25:00+00:00,39723,67477.94,0.1,66777.94,68477.94,700.0,close_below_lower,1.2686222238641445,0.1,67977.94,0.5,0.0,0.0,0.0,,,False,2026-02-05 15:30:00+00:00,39724,66704.25,sl,-77.36900000000024,0.0,0.0,-77.36900000000024,-1.105271428571432,-873.8300000000017,312.38000000000466,-1.248328571428574,0.4462571428571495,1,300.0,18.0,611.6214285714325,727.0755334780611,overlap,Thu,15,False
624,BTCUSDm,long,2026-02-05 15:35:00+00:00,39725,66842.9,0.1,66842.9,67842.9,700.0,close_below_lower,1.3481198079253636,0.05,67342.9,0.5,0.05,67396.29,27.66949999999997,39726.0,2026-02-05 15:40:00+00:00,True,2026-02-05 15:50:00+00:00,39728,67842.9,tp,77.66949999999997,0.0,0.0,77.66949999999997,1.1095642857142853,-115.77999999999884,827.070000000007,-0.16539999999999833,1.1815285714285815,3,900.0,18.0,702.9650000000048,748.1421783029742,overlap,Thu,15,False
625,BTCUSDm,long,2026-02-05 16:10:00+00:00,39732,66844.07,0.1,66844.07,67844.07,700.0,close_below_lower,0.01118701516260822,0.05,67344.07,0.5,0.05,67344.07,25.0,39733.0,2026-02-05 16:15:00+00:00,True,2026-02-05 16:20:00+00:00,39734,67844.07,tp,75.0,0.0,0.0,75.0,1.0714285714285714,-20.69000000000233,723.8199999999924,-0.029557142857146182,1.0340285714285606,2,600.0,18.0,752.6435714285752,763.634313260613,newyork,Thu,16,False
626,BTCUSDm,long,2026-02-05 17:20:00+00:00,39746,66764.0,0.1,66764.0,67764.0,700.0,close_below_lower,0.06234760657216463,0.05,67264.0,0.5,0.05,67462.95,34.947499999999856,39747.0,2026-02-05 17:25:00+00:00,True,2026-02-05 17:30:00+00:00,39748,66764.0,be_stop,34.947499999999856,0.0,0.0,34.947499999999856,0.4992499999999979,-460.4600000000064,770.6199999999953,-0.6578000000000092,1.1008857142857076,2,600.0,18.0,525.2471428571423,786.8500221734291,newyork,Thu,17,False
627,BTCUSDm,long,2026-02-05 17:35:00+00:00,39749,66657.5,0.1,66657.5,67657.5,700.0,close_below_lower,0.01705275785777941,0.05,67157.5,0.5,0.05,67157.5,25.0,39750.0,2026-02-05 17:40:00+00:00,True,2026-02-05 17:45:00+00:00,39751,66657.5,be_stop,25.0,0.0,0.0,25.0,0.35714285714285715,-143.0899999999965,549.3500000000058,-0.20441428571428072,0.7847857142857226,2,600.0,18.0,577.9264285714287,792.4095024609328,newyork,Thu,17,False
628,BTCUSDm,long,2026-02-05 18:00:00+00:00,39754,66075.83,0.1,65375.83,67075.83,700.0,close_below_lower,0.17254919953744421,0.1,66575.83,0.5,0.0,0.0,0.0,,,False,2026-02-05 18:20:00+00:00,39758,65375.83,sl,-70.0,0.0,0.0,-70.0,-1.0,-437.3899999999994,340.8399999999965,-0.6248428571428563,0.48691428571428075,4,1200.0,18.0,609.1492857142855,807.064032079968,newyork,Thu,18,False
629,BTCUSDm,long,2026-02-05 20:20:00+00:00,39782,64136.78,0.1,63436.78,65136.78,700.0,close_below_lower,0.4584616717960869,0.1,64636.78,0.5,0.0,0.0,0.0,,,False,2026-02-05 20:25:00+00:00,39783,63436.78,sl,-70.0,0.0,0.0,-70.0,-1.0,-750.4599999999991,163.77999999999884,-1.072085714285713,0.23397142857142691,1,300.0,18.0,476.82500000000124,845.8814236822901,newyork,Thu,20,False
630,BTCUSDm,long,2026-02-05 20:30:00+00:00,39784,63730.35,0.1,63030.35,64730.35,700.0,close_below_lower,0.5151347760077902,0.1,64230.35,0.5,0.0,0.0,0.0,,,False,2026-02-05 20:35:00+00:00,39785,63030.35,sl,-70.0,0.0,0.0,-70.0,-1.0,-462.9099999999962,133.40000000000146,-0.6612999999999946,0.19057142857143064,1,300.0,18.0,555.2550000000005,856.7483624312773,newyork,Thu,20,False
631,BTCUSDm,long,2026-02-05 20:40:00+00:00,39786,63574.27,0.1,62874.27,64574.27,700.0,close_below_lower,0.28369157864138383,0.1,64074.27,0.5,0.0,0.0,0.0,,,False,2026-02-05 20:50:00+00:00,39788,62874.27,sl,-70.0,0.0,0.0,-70.0,-1.0,-581.5399999999936,436.56000000000495,-0.8307714285714194,0.6236571428571499,2,600.0,18.0,597.2699999999994,867.480970986164,newyork,Thu,20,False
632,BTCUSDm,long,2026-02-05 20:55:00+00:00,39789,62434.23,0.1,62434.23,63434.23,700.0,close_below_lower,0.8924201360619267,0.05,62934.23,0.5,0.05,63619.14,59.245499999999815,39790.0,2026-02-05 21:00:00+00:00,True,2026-02-05 21:00:00+00:00,39790,63619.14,tp,118.49099999999963,0.0,0.0,118.49099999999963,1.6927285714285663,-322.5300000000061,1224.6299999999974,-0.4607571428571516,1.7494714285714248,1,300.0,18.0,689.8807142857144,886.1260277984102,newyork,Thu,20,False
633,BTCUSDm,long,2026-02-06 00:05:00+00:00,39827,62212.44,0.1,61512.44,63212.44,700.0,close_below_lower,0.39465543536792663,0.1,62712.44,0.5,0.0,0.0,0.0,,,False,2026-02-06 00:10:00+00:00,39828,61311.27,sl,-90.11700000000056,0.0,0.0,-90.11700000000056,-1.2873857142857223,-1281.4400000000023,48.419999999998254,-1.8306285714285748,0.06917142857142608,1,300.0,18.0,525.6871428571436,945.373869507728,asian,Fri,0,False
634,BTCUSDm,long,2026-02-06 00:15:00+00:00,39829,60196.52,0.1,60196.52,61196.52,700.0,close_below_lower,1.8311945153519467,0.05,60696.52,0.5,0.05,60696.52,25.0,39830.0,2026-02-06 00:20:00+00:00,True,2026-02-06 00:25:00+00:00,39831,61196.52,tp,75.0,0.0,0.0,75.0,1.0714285714285714,-416.7699999999968,968.6700000000055,-0.5953857142857097,1.3838142857142937,2,600.0,18.0,616.1371428571438,972.6314018546165,asian,Fri,0,False
635,BTCUSDm,short,2026-02-06 00:55:00+00:00,39837,63724.6,0.1,64424.6,62724.6,700.0,close_above_upper,0.4151994545516584,0.1,63224.6,0.5,0.0,0.0,0.0,,,False,2026-02-06 01:05:00+00:00,39839,64442.6,sl,-71.8,0.0,0.0,-71.8,-1.0257142857142856,-471.4400000000023,512.5800000000017,-0.6734857142857176,0.7322571428571454,2,600.0,18.0,961.9392857142853,1018.5564267581691,asian,Fri,0,False
636,BTCUSDm,short,2026-02-06 01:10:00+00:00,39840,64382.67,0.1,65082.67,63382.67,700.0,close_above_upper,0.5230832995182879,0.1,63882.67,0.5,0.0,0.0,0.0,,,False,2026-02-06 01:45:00+00:00,39847,65100.67,sl,-71.8,0.0,0.0,-71.8,-1.0257142857142856,-444.6100000000006,488.3099999999977,-0.6351571428571436,0.6975857142857109,7,2100.0,18.0,1017.4557142857141,1042.1451222154749,asian,Fri,1,False
637,BTCUSDm,short,2026-02-06 01:50:00+00:00,39848,65204.62,0.1,65904.62,64204.62,700.0,close_above_upper,0.1032640264777112,0.1,64704.62,0.5,0.0,0.0,0.0,,,False,2026-02-06 02:00:00+00:00,39850,65922.62,sl,-71.79999999999927,0.0,0.0,-71.79999999999927,-1.025714285714286,-470.1299999999974,201.06000000000495,-0.6716142857142819,0.2872285714285785,2,600.0,18.0,666.0928571428568,1081.5804673766738,asian,Fri,1,False
638,BTCUSDm,short,2026-02-06 05:55:00+00:00,39897,66724.24,0.1,66724.24,65724.24,700.0,close_above_upper,0.04411023245958423,0.05,66224.24,0.5,0.05,66242.24,24.1,39900.0,2026-02-06 06:10:00+00:00,True,2026-02-06 06:15:00+00:00,39901,65742.24,tp,73.2,0.0,0.0,73.2,1.0457142857142858,0.0,653.9900000000052,0.0,0.9342714285714361,4,1200.0,18.0,332.91500000000036,1149.5368447919464,asian,Fri,5,False
639,BTCUSDm,long,2026-02-07 07:15:00+00:00,40201,67917.8,0.1,67917.8,68917.8,700.0,close_below_lower,0.23662406617634849,0.05,68417.8,0.5,0.05,68417.8,25.0,40206.0,2026-02-07 07:40:00+00:00,True,2026-02-07 07:45:00+00:00,40207,67917.8,be_stop,25.0,0.0,0.0,25.0,0.35714285714285715,-644.9499999999971,747.0,-0.9213571428571387,1.0671428571428572,6,1800.0,18.0,357.20499999999964,1214.2443967152444,london,Sat,7,False
640,BTCUSDm,short,2026-02-07 12:20:00+00:00,40262,69799.87,0.1,69799.87,68799.87,700.0,close_above_upper,0.4137246268721555,0.05,69299.87,0.5,0.05,69204.49,29.768999999999508,40263.0,2026-02-07 12:25:00+00:00,True,2026-02-07 12:30:00+00:00,40264,69817.87,be_stop,28.86899999999951,0.0,0.0,28.86899999999951,0.4124142857142787,0.0,714.5299999999988,0.0,1.0207571428571411,2,600.0,18.0,322.8014285714266,1105.5303571780396,overlap,Sat,12,False
641,BTCUSDm,short,2026-02-08 08:35:00+00:00,40504,70647.06,0.1,70647.06,69647.06,700.0,close_above_upper,0.3386531059141528,0.05,70147.06,0.5,0.05,70165.06,24.1,40516.0,2026-02-08 09:35:00+00:00,True,2026-02-08 11:15:00+00:00,40536,70665.06,be_stop,23.200000000000003,0.0,0.0,23.200000000000003,0.33142857142857146,-9.85000000000582,829.9400000000023,-0.014071428571436886,1.1856285714285748,32,9600.0,18.0,225.97857142856915,671.7767259715018,london,Sun,8,False
642,BTCUSDm,long,2026-02-08 16:50:00+00:00,40603,70364.87,0.1,70364.87,71364.87,700.0,close_below_lower,0.065033858883809,0.05,70864.87,0.5,0.05,70864.87,25.0,40617.0,2026-02-08 18:00:00+00:00,True,2026-02-08 19:50:00+00:00,40639,71364.87,tp,75.0,0.0,0.0,75.0,1.0714285714285714,-171.29999999998836,988.2799999999988,-0.2447142857142691,1.4118285714285697,36,10800.0,18.0,182.90071428571432,551.8093483649991,newyork,Sun,16,False
643,BTCUSDm,short,2026-02-08 23:10:00+00:00,40679,71876.38,0.1,71876.38,70876.38,700.0,close_above_upper,0.7381937961027842,0.05,71376.38,0.5,0.05,71329.85,27.326499999999943,40680.0,2026-02-08 23:15:00+00:00,True,2026-02-08 23:20:00+00:00,40681,70894.38,tp,76.42649999999995,0.0,0.0,76.42649999999995,1.091807142857142,0.0,734.5200000000041,0.0,1.0493142857142916,2,600.0,18.0,230.2507142857139,518.6985944712111,rollover,Sun,23,False
644,BTCUSDm,long,2026-02-08 23:25:00+00:00,40682,70336.55,0.1,70336.55,71336.55,700.0,close_below_lower,0.32138829043472955,0.05,70836.55,0.5,0.05,70836.55,25.0,40705.0,2026-02-09 01:20:00+00:00,True,2026-02-09 01:40:00+00:00,40709,70336.55,be_stop,25.0,0.0,0.0,25.0,0.35714285714285715,-413.8099999999977,537.0899999999965,-0.5911571428571395,0.7672714285714236,27,8100.0,18.0,353.70142857142804,515.7318078233877,rollover,Sun,23,False
645,BTCUSDm,long,2026-02-09 06:25:00+00:00,40766,70367.91,0.1,69667.91,71367.91,700.0,close_below_lower,0.036210256150344,0.1,70867.91,0.5,0.0,0.0,0.0,,,False,2026-02-09 08:30:00+00:00,40791,69667.91,sl,-70.0,0.0,0.0,-70.0,-1.0,-372.4600000000064,478.20999999999185,-0.5320857142857235,0.6831571428571312,25,7500.0,18.0,168.76285714285768,418.301156146063,asian,Mon,6,False
646,BTCUSDm,long,2026-02-09 08:35:00+00:00,40792,69574.77,0.1,68874.77,70574.77,700.0,close_below_lower,0.7347032195515574,0.1,70074.77,0.5,0.0,0.0,0.0,,,False,2026-02-09 10:30:00+00:00,40815,68874.77,sl,-70.0,0.0,0.0,-70.0,-1.0,-674.2100000000064,483.0199999999895,-0.963157142857152,0.6900285714285564,23,6900.0,18.0,217.26928571428496,423.2283018711063,london,Mon,8,False
647,BTCUSDm,long,2026-02-09 10:35:00+00:00,40816,68663.04,0.1,68663.04,69663.04,700.0,close_below_lower,0.6209681677840129,0.05,69163.04,0.5,0.05,69163.04,25.0,40835.0,2026-02-09 12:10:00+00:00,True,2026-02-09 13:55:00+00:00,40856,68663.04,be_stop,25.0,0.0,0.0,25.0,0.35714285714285715,-318.16999999999825,579.820000000007,-0.45452857142856895,0.8283142857142957,40,12000.0,18.0,236.2164285714316,432.228823053823,london,Mon,10,False
648,BTCUSDm,long,2026-02-09 14:00:00+00:00,40857,68554.14,0.1,68554.14,69554.14,700.0,close_below_lower,0.014591297704321785,0.05,69054.14,0.5,0.05,69054.14,25.0,40864.0,2026-02-09 14:35:00+00:00,True,2026-02-09 14:40:00+00:00,40865,69554.14,tp,75.0,0.0,0.0,75.0,1.0714285714285714,-323.1900000000023,775.5099999999948,-0.46170000000000333,1.107871428571421,8,2400.0,18.0,187.337142857144,439.3399013288265,overlap,Mon,14,False
649,BTCUSDm,short,2026-02-09 15:05:00+00:00,40870,69651.46,0.1,69651.46,68651.46,700.0,close_above_upper,0.36329794507735547,0.05,69151.46,0.5,0.05,69169.46,24.1,40873.0,2026-02-09 15:20:00+00:00,True,2026-02-09 16:00:00+00:00,40881,69669.46,be_stop,23.200000000000003,0.0,0.0,23.200000000000003,0.33142857142857146,-176.77999999999884,882.7800000000134,-0.25254285714285546,1.261114285714305,11,3300.0,18.0,395.6285714285727,457.459660553131,overlap,Mon,15,False
650,BTCUSDm,short,2026-02-09 16:45:00+00:00,40890,69882.66,0.1,70582.66,68882.66,700.0,close_above_upper,0.019219622857978378,0.1,69382.66,0.5,0.0,0.0,0.0,,,False,2026-02-09 17:40:00+00:00,40901,70600.66,sl,-71.8,0.0,0.0,-71.8,-1.0257142857142856,-696.75,63.830000000001746,-0.9953571428571428,0.09118571428571678,11,3300.0,18.0,321.4671428571445,475.36295488608073,newyork,Mon,16,False
651,BTCUSDm,short,2026-02-09 17:45:00+00:00,40902,70798.78,0.1,70798.78,69798.78,700.0,close_above_upper,0.4967753203093774,0.05,70298.78,0.5,0.05,70316.78,24.1,40909.0,2026-02-09 18:20:00+00:00,True,2026-02-09 19:30:00+00:00,40923,70816.78,be_stop,23.200000000000003,0.0,0.0,23.200000000000003,0.33142857142857146,-173.55999999999767,763.1699999999983,-0.24794285714285383,1.0902428571428546,21,6300.0,18.0,333.25214285714384,487.32135432539997,newyork,Mon,17,False
652,BTCUSDm,long,2026-02-09 21:35:00+00:00,40948,69972.69,0.1,69972.69,70972.69,700.0,close_below_lower,0.03239143138182929,0.05,70472.69,0.5,0.05,70472.69,25.0,40955.0,2026-02-09 22:10:00+00:00,True,2026-02-10 00:05:00+00:00,40978,69972.69,be_stop,25.0,0.0,0.0,25.0,0.35714285714285715,-201.88000000000466,707.1699999999983,-0.28840000000000665,1.0102428571428546,30,9000.0,18.0,199.6549999999999,511.1547488648849,rollover,Mon,21,False
653,BTCUSDm,short,2026-02-10 14:20:00+00:00,41149,69446.04,0.1,69446.04,68446.04,700.0,close_above_upper,0.03848847861104469,0.05,68946.04,0.5,0.05,68964.04,24.1,41151.0,2026-02-10 14:30:00+00:00,True,2026-02-10 14:35:00+00:00,41152,68464.04,tp,73.2,0.0,0.0,73.2,1.0457142857142858,0.0,514.1199999999953,0.0,0.7344571428571363,3,900.0,18.0,193.97071428571613,509.3199994779153,overlap,Tue,14,False
654,BTCUSDm,long,2026-02-10 14:45:00+00:00,41154,68184.9,0.1,68184.9,69184.9,700.0,close_below_lower,0.43544647174662054,0.05,68684.9,0.5,0.05,68684.9,25.0,41158.0,2026-02-10 15:05:00+00:00,True,2026-02-10 15:25:00+00:00,41162,69184.9,tp,75.0,0.0,0.0,75.0,1.0714285714285714,-332.4399999999878,951.1200000000099,-0.47491428571426825,1.3587428571428712,8,2400.0,18.0,289.64571428571696,513.2956823785296,overlap,Tue,14,False
655,BTCUSDm,long,2026-02-10 18:30:00+00:00,41199,68869.81,0.1,68169.81,69869.81,700.0,close_below_lower,0.32839286441788956,0.1,69369.81,0.5,0.0,0.0,0.0,,,False,2026-02-11 03:15:00+00:00,41304,68169.81,sl,-70.0,0.0,0.0,-70.0,-1.0,-569.7599999999948,401.8500000000058,-0.8139428571428496,0.5740714285714369,105,31500.0,18.0,228.96642857142848,524.0089389216062,newyork,Tue,18,False
656,BTCUSDm,long,2026-02-11 03:20:00+00:00,41305,68062.6,0.1,67362.6,69062.6,700.0,close_below_lower,0.24266220113288145,0.1,68562.6,0.5,0.0,0.0,0.0,,,False,2026-02-11 04:40:00+00:00,41321,67362.6,sl,-70.0,0.0,0.0,-70.0,-1.0,-686.1000000000058,442.3399999999965,-0.9801428571428654,0.6319142857142808,16,4800.0,18.0,176.11785714285776,514.5293533627037,asian,Wed,3,False
657,BTCUSDm,long,2026-02-11 06:15:00+00:00,41340,66893.12,0.1,66893.12,67893.12,700.0,close_below_lower,0.012372001649756798,0.05,67393.12,0.5,0.05,67393.12,25.0,41427.0,2026-02-11 13:30:00+00:00,True,2026-02-11 13:50:00+00:00,41431,66893.12,be_stop,25.0,0.0,0.0,25.0,0.35714285714285715,-559.2899999999936,748.9600000000064,-0.7989857142857051,1.0699428571428662,91,27300.0,18.0,182.93714285714148,513.487670286891,asian,Wed,6,False
658,BTCUSDm,short,2026-02-11 14:05:00+00:00,41434,67839.53,0.1,68539.53,66839.53,700.0,close_above_upper,0.31745563439148433,0.1,67339.53,0.5,0.0,0.0,0.0,,,False,2026-02-11 14:10:00+00:00,41435,68557.53,sl,-71.8,0.0,0.0,-71.8,-1.0257142857142856,-160.4600000000064,171.67999999999302,-0.22922857142858058,0.24525714285713288,1,300.0,18.0,290.89214285714115,466.55060179292167,overlap,Wed,14,False
659,BTCUSDm,short,2026-02-11 14:15:00+00:00,41436,68407.86,0.1,68407.86,67407.86,700.0,close_above_upper,1.0827436305799765,0.05,67907.86,0.5,0.05,67925.86,24.1,41437.0,2026-02-11 14:20:00+00:00,True,2026-02-11 14:35:00+00:00,41440,67425.86,tp,73.2,0.0,0.0,73.2,1.0457142857142858,-137.89999999999418,812.7700000000041,-0.19699999999999168,1.1611000000000058,4,1200.0,18.0,361.6935714285698,473.9518818293096,overlap,Wed,14,False
660,BTCUSDm,long,2026-02-11 14:50:00+00:00,41443,66900.39,0.1,66200.39,67900.39,700.0,close_below_lower,0.4033025651926375,0.1,67400.39,0.5,0.0,0.0,0.0,,,False,2026-02-11 15:05:00+00:00,41446,66200.39,sl,-70.0,0.0,0.0,-70.0,-1.0,-621.6999999999971,165.22999999999593,-0.888142857142853,0.2360428571428513,3,900.0,18.0,433.68428571428376,488.84324234341193,overlap,Wed,14,False
661,BTCUSDm,long,2026-02-11 15:10:00+00:00,41447,65911.8,0.1,65911.8,66911.8,700.0,close_below_lower,1.4448670172639,0.05,66411.8,0.5,0.05,66411.8,25.0,41449.0,2026-02-11 15:20:00+00:00,True,2026-02-11 15:25:00+00:00,41450,65911.8,be_stop,25.0,0.0,0.0,25.0,0.35714285714285715,-204.72000000000116,607.8799999999901,-0.2924571428571445,0.8683999999999858,3,900.0,18.0,493.9692857142841,504.45635013578345,overlap,Wed,15,False
662,BTCUSDm,long,2026-02-11 15:30:00+00:00,41451,66166.28,0.1,66166.28,67166.28,700.0,close_below_lower,0.002223629370676474,0.05,66666.28,0.5,0.05,66666.28,25.0,41453.0,2026-02-11 15:40:00+00:00,True,2026-02-11 15:45:00+00:00,41454,66166.28,be_stop,25.0,0.0,0.0,25.0,0.35714285714285715,-97.02999999999884,611.8500000000058,-0.13861428571428405,0.8740714285714369,3,900.0,18.0,485.6714285714271,510.97766705964693,overlap,Wed,15,False
663,BTCUSDm,short,2026-02-11 16:15:00+00:00,41460,67118.03,0.1,67118.03,66118.03,700.0,close_above_upper,0.19104126738564625,0.05,66618.03,0.5,0.05,66636.03,24.1,41462.0,2026-02-11 16:25:00+00:00,True,2026-02-11 16:35:00+00:00,41464,66136.03,tp,73.2,0.0,0.0,73.2,1.0457142857142858,-35.020000000004075,605.1300000000047,-0.05002857142857725,0.8644714285714352,4,1200.0,18.0,442.5935714285702,517.5305584051715,newyork,Wed,16,False
664,BTCUSDm,short,2026-02-11 21:30:00+00:00,41523,68136.03,0.1,68136.03,67136.03,700.0,close_above_upper,0.012471644129148465,0.05,67636.03,0.5,0.05,67654.03,24.1,41531.0,2026-02-11 22:10:00+00:00,True,2026-02-11 23:20:00+00:00,41545,67154.03,tp,73.2,0.0,0.0,73.2,1.0457142857142858,-157.0500000000029,961.8899999999994,-0.224357142857147,1.3741285714285707,22,6600.0,18.0,213.24571428571653,541.7292187475246,rollover,Wed,21,False
665,BTCUSDm,long,2026-02-12 15:05:00+00:00,41734,67285.53,0.1,67285.53,68285.53,700.0,close_below_lower,0.0201575035084344,0.05,67785.53,0.5,0.05,67785.53,25.0,41737.0,2026-02-12 15:20:00+00:00,True,2026-02-12 15:35:00+00:00,41740,67285.53,be_stop,25.0,0.0,0.0,25.0,0.35714285714285715,-320.6000000000058,687.8800000000047,-0.4580000000000083,0.9826857142857209,6,1800.0,18.0,328.7549999999974,515.0106837584535,overlap,Thu,15,False
666,BTCUSDm,long,2026-02-12 16:10:00+00:00,41747,66668.34,0.1,65968.34,67668.34,700.0,close_below_lower,0.27188570988638217,0.1,67168.34,0.5,0.0,0.0,0.0,,,False,2026-02-12 16:25:00+00:00,41750,65968.34,sl,-70.0,0.0,0.0,-70.0,-1.0,-517.1900000000023,161.18000000000757,-0.7388428571428605,0.23025714285715368,3,900.0,18.0,369.35214285714443,527.4804804416709,newyork,Thu,16,False
667,BTCUSDm,long,2026-02-12 16:30:00+00:00,41751,66029.63,0.1,65329.63,67029.63,700.0,close_below_lower,0.6326752607012336,0.1,66529.63,0.5,0.0,0.0,0.0,,,False,2026-02-12 17:55:00+00:00,41768,65329.63,sl,-70.00000000000072,0.0,0.0,-70.00000000000072,-1.0000000000000104,-536.060000000005,467.52999999999884,-0.765800000000007,0.6678999999999984,17,5100.0,18.0,362.42642857143176,543.9262343397361,newyork,Thu,16,False
668,BTCUSDm,short,2026-02-13 14:50:00+00:00,42019,67824.29,0.1,68524.29,66824.29,700.0,close_above_upper,0.15561668710604348,0.1,67324.29,0.5,0.0,0.0,0.0,,,False,2026-02-13 15:10:00+00:00,42023,68542.29,sl,-71.8,0.0,0.0,-71.8,-1.0257142857142856,-399.8000000000029,262.04999999998836,-0.5711428571428613,0.37435714285712623,4,1200.0,18.0,265.7242857142836,446.5166939007109,overlap,Fri,14,False
669,BTCUSDm,short,2026-02-13 15:15:00+00:00,42024,68334.69,0.1,69034.69,67334.69,700.0,close_above_upper,0.5739017267797549,0.1,67834.69,0.5,0.0,0.0,0.0,,,False,2026-02-13 15:30:00+00:00,42027,69052.69,sl,-71.8,0.0,0.0,-71.8,-1.0257142857142856,-547.4799999999959,250.57000000000698,-0.7821142857142799,0.35795714285715285,3,900.0,18.0,340.9692857142831,450.8903776215567,overlap,Fri,15,False
670,BTCUSDm,short,2026-02-13 15:35:00+00:00,42028,69024.5,0.1,69024.5,68024.5,700.0,close_above_upper,1.1125338555228297,0.05,68524.5,0.5,0.05,68542.5,24.1,42030.0,2026-02-13 15:45:00+00:00,True,2026-02-13 16:05:00+00:00,42034,69042.5,be_stop,23.200000000000003,0.0,0.0,23.200000000000003,0.33142857142857146,-251.25999999999476,701.75,-0.3589428571428497,1.0025,6,1800.0,18.0,411.28928571428384,464.20261467716284,overlap,Fri,15,False
671,BTCUSDm,short,2026-02-14 11:15:00+00:00,42264,70038.93,0.1,70038.93,69038.93,700.0,close_above_upper,0.06431630112135107,0.05,69538.93,0.5,0.05,69556.93,24.1,42285.0,2026-02-14 13:00:00+00:00,True,2026-02-14 21:00:00+00:00,42381,70056.93,be_stop,23.200000000000003,0.0,0.0,23.200000000000003,0.33142857142857146,-511.22000000000116,871.4799999999959,-0.7303142857142874,1.2449714285714228,117,35100.0,18.0,85.61428571428716,350.77960208862845,london,Sat,11,False
672,BTCUSDm,short,2026-02-15 03:50:00+00:00,42463,69854.54,0.1,70554.54,68854.54,700.0,close_above_upper,0.19750250878543002,0.1,69354.54,0.5,0.0,0.0,0.0,,,False,2026-02-15 07:15:00+00:00,42504,70572.54,sl,-71.8,0.0,0.0,-71.8,-1.0257142857142856,-662.6100000000006,15.809999999997672,-0.9465857142857151,0.022585714285710958,41,12300.0,18.0,146.25999999999996,322.64910706298934,asian,Sun,3,False
673,BTCUSDm,short,2026-02-15 07:20:00+00:00,42505,70747.17,0.1,70747.17,69747.17,700.0,close_above_upper,0.11190919572193403,0.05,70247.17,0.5,0.05,70265.17,24.1,42519.0,2026-02-15 08:30:00+00:00,True,2026-02-15 12:50:00+00:00,42571,69765.17,tp,73.2,0.0,0.0,73.2,1.0457142857142858,-189.90000000000873,824.5699999999924,-0.27128571428572673,1.177957142857132,66,19800.0,18.0,136.09571428571613,340.9932222626892,london,Sun,7,False
674,BTCUSDm,long,2026-02-15 12:55:00+00:00,42572,69587.1,0.1,68887.1,70587.1,700.0,close_below_lower,0.936555270128174,0.1,70087.1,0.5,0.0,0.0,0.0,,,False,2026-02-15 13:30:00+00:00,42579,68887.1,sl,-70.0,0.0,0.0,-70.0,-1.0,-619.4200000000128,56.58999999999651,-0.8848857142857326,0.08084285714285215,7,2100.0,18.0,168.67000000000138,302.3734034982029,overlap,Sun,12,False
675,BTCUSDm,long,2026-02-15 13:35:00+00:00,42580,68974.8,0.1,68274.8,69974.8,700.0,close_below_lower,0.871080122401106,0.1,69474.8,0.5,0.0,0.0,0.0,,,False,2026-02-15 17:45:00+00:00,42630,68274.8,sl,-70.0,0.0,0.0,-70.0,-1.0,-244.9100000000035,250.83000000000175,-0.34987142857143355,0.35832857142857394,50,15000.0,18.0,238.9021428571432,322.28908670244465,overlap,Sun,13,False
676,BTCUSDm,long,2026-02-15 17:50:00+00:00,42631,68276.11,0.1,68276.11,69276.11,700.0,close_below_lower,0.8400503666631,0.05,68776.11,0.5,0.05,68776.11,25.0,42674.0,2026-02-15 21:25:00+00:00,True,2026-02-16 02:50:00+00:00,42739,68276.11,be_stop,25.0,0.0,0.0,25.0,0.35714285714285715,-247.93000000000757,764.8099999999977,-0.3541857142857251,1.092585714285711,108,32400.0,18.0,135.9185714285725,338.9170735919905,newyork,Sun,17,False
677,BTCUSDm,short,2026-02-16 12:30:00+00:00,42855,69448.22,0.1,69448.22,68448.22,700.0,close_above_upper,0.8082146555575952,0.05,68948.22,0.5,0.05,68966.22,24.1,42866.0,2026-02-16 13:25:00+00:00,True,2026-02-16 13:35:00+00:00,42868,68466.22,tp,73.2,0.0,0.0,73.2,1.0457142857142858,-648.5500000000029,985.5299999999988,-0.9265000000000042,1.4078999999999984,13,3900.0,18.0,185.4692857142862,351.20160306553277,overlap,Mon,12,False
678,BTCUSDm,long,2026-02-16 13:40:00+00:00,42869,68339.7,0.1,67639.7,69339.7,700.0,close_below_lower,1.3294036147467794,0.1,68839.7,0.5,0.0,0.0,0.0,,,False,2026-02-16 15:30:00+00:00,42891,67639.7,sl,-70.0,0.0,0.0,-70.0,-1.0,-160.64999999999418,344.4100000000035,-0.22949999999999168,0.4920142857142907,22,6600.0,18.0,322.99714285714225,388.3066762287635,overlap,Mon,13,False
679,BTCUSDm,long,2026-02-16 15:35:00+00:00,42892,67414.33,0.1,67414.33,68414.33,700.0,close_below_lower,1.1315314257961266,0.05,67914.33,0.5,0.05,67914.33,25.0,42906.0,2026-02-16 16:45:00+00:00,True,2026-02-16 20:50:00+00:00,42955,68414.33,tp,75.0,0.0,0.0,75.0,1.0714285714285714,-173.1999999999971,836.3399999999965,-0.24742857142856728,1.1947714285714235,63,18900.0,18.0,259.6114285714294,409.56152644039,overlap,Mon,15,False
680,BTCUSDm,long,2026-02-17 14:40:00+00:00,43169,67587.07,0.1,66887.07,68587.07,700.0,close_below_lower,0.1047364554167546,0.1,68087.07,0.5,0.0,0.0,0.0,,,False,2026-02-17 14:45:00+00:00,43170,66887.07,sl,-70.0,0.0,0.0,-70.0,-1.0,-681.1300000000047,7.429999999993015,-0.9730428571428638,0.010614285714275735,1,300.0,18.0,198.45428571428369,391.0773129374843,overlap,Tue,14,False
681,BTCUSDm,long,2026-02-17 14:50:00+00:00,43171,67057.14,0.1,67057.14,68057.14,700.0,close_below_lower,0.9582490150383269,0.05,67557.14,0.5,0.05,67557.14,25.0,43185.0,2026-02-17 16:00:00+00:00,True,2026-02-17 16:35:00+00:00,43192,68057.14,tp,75.0,0.0,0.0,75.0,1.0714285714285714,-495.13000000000466,878.2799999999988,-0.7073285714285781,1.2546857142857126,21,6300.0,18.0,251.22642857142637,398.3704090666914,overlap,Tue,14,False
682,BTCUSDm,short,2026-02-17 18:45:00+00:00,43218,67926.78,0.1,67926.78,66926.78,700.0,close_above_upper,0.05872546714902634,0.05,67426.78,0.5,0.05,67444.78,24.1,43237.0,2026-02-17 20:20:00+00:00,True,2026-02-18 01:30:00+00:00,43299,66944.78,tp,73.2,0.0,0.0,73.2,1.0457142857142858,-274.3099999999977,930.0299999999988,-0.39187142857142526,1.328614285714284,81,24300.0,18.0,218.08642857142902,445.6105527742838,newyork,Tue,18,False
683,BTCUSDm,long,2026-02-18 11:10:00+00:00,43415,67168.55,0.1,67168.55,68168.55,700.0,close_below_lower,0.775356401470446,0.05,67668.55,0.5,0.05,67668.55,25.0,43468.0,2026-02-18 15:35:00+00:00,True,2026-02-18 15:40:00+00:00,43469,68168.55,tp,75.0,0.0,0.0,75.0,1.0714285714285714,-495.0899999999965,925.3099999999977,-0.7072714285714236,1.3218714285714253,54,16200.0,18.0,135.88714285714377,375.36287884117576,london,Wed,11,False
684,BTCUSDm,short,2026-02-18 15:45:00+00:00,43470,68083.72,0.1,68083.72,67083.72,700.0,close_above_upper,0.7389083328979186,0.05,67583.72,0.5,0.05,67601.72,24.1,43472.0,2026-02-18 15:55:00+00:00,True,2026-02-18 16:05:00+00:00,43474,67101.72,tp,73.2,0.0,0.0,73.2,1.0457142857142858,-9.940000000002328,985.3099999999977,-0.014200000000003326,1.4075857142857109,4,1200.0,18.0,289.60428571428514,381.05176853674385,overlap,Wed,15,False
685,BTCUSDm,long,2026-02-18 16:10:00+00:00,43475,67111.49,0.1,66411.49,68111.49,700.0,close_below_lower,0.10909944309404696,0.1,67611.49,0.5,0.0,0.0,0.0,,,False,2026-02-18 18:40:00+00:00,43505,66411.49,sl,-70.0,0.0,0.0,-70.0,-1.0,-514.820000000007,338.8899999999994,-0.7354571428571528,0.4841285714285706,30,9000.0,18.0,289.9628571428569,386.01252043104404,newyork,Wed,16,False
686,BTCUSDm,long,2026-02-18 18:45:00+00:00,43506,66326.25,0.1,66326.25,67326.25,700.0,close_below_lower,0.5033186903275875,0.05,66826.25,0.5,0.05,66826.25,25.0,43592.0,2026-02-19 01:55:00+00:00,True,2026-02-19 12:05:00+00:00,43714,66326.25,be_stop,25.0,0.0,0.0,25.0,0.35714285714285715,-505.7100000000064,967.6000000000058,-0.7224428571428663,1.3822857142857226,208,62400.0,18.0,180.42285714285597,400.6190933755828,newyork,Wed,18,False
687,BTCUSDm,long,2026-02-19 13:45:00+00:00,43734,65942.61,0.1,65942.61,66942.61,700.0,close_below_lower,0.07795019289874452,0.05,66442.61,0.5,0.05,66442.61,25.0,43747.0,2026-02-19 14:50:00+00:00,True,2026-02-19 15:30:00+00:00,43755,65942.61,be_stop,25.0,0.0,0.0,25.0,0.35714285714285715,-340.8000000000029,788.6900000000023,-0.48685714285714704,1.1267000000000034,21,6300.0,18.0,143.29357142856938,321.58218878527646,overlap,Thu,13,False
688,BTCUSDm,short,2026-02-19 17:20:00+00:00,43777,66932.0,0.1,66932.0,65932.0,700.0,close_above_upper,0.5679275301541271,0.05,66432.0,0.5,0.05,66450.0,24.1,43782.0,2026-02-19 17:45:00+00:00,True,2026-02-19 18:40:00+00:00,43793,66950.0,be_stop,23.200000000000003,0.0,0.0,23.200000000000003,0.33142857142857146,-15.570000000006985,798.3600000000006,-0.022242857142867122,1.1405142857142865,16,4800.0,18.0,229.45214285714195,341.337198320452,newyork,Thu,17,False
689,BTCUSDm,short,2026-02-20 05:35:00+00:00,43924,67860.26,0.1,67860.26,66860.26,700.0,close_above_upper,0.7168124361673098,0.05,67360.26,0.5,0.05,67378.26,24.1,44000.0,2026-02-20 11:55:00+00:00,True,2026-02-20 13:30:00+00:00,44019,66878.26,tp,73.2,0.0,0.0,73.2,1.0457142857142858,-436.6399999999994,914.8199999999924,-0.6237714285714278,1.3068857142857035,95,28500.0,18.0,100.65571428571275,321.3915611348332,asian,Fri,5,False
690,BTCUSDm,long,2026-02-20 13:35:00+00:00,44020,66880.55,0.1,66880.55,67880.55,700.0,close_below_lower,0.22300609197000817,0.05,67380.55,0.5,0.05,67380.55,25.0,44037.0,2026-02-20 15:00:00+00:00,True,2026-02-20 15:00:00+00:00,44037,67880.55,tp,75.0,0.0,0.0,75.0,1.0714285714285714,-464.41999999999825,428.5599999999977,-0.6634571428571404,0.6122285714285681,17,5100.0,18.0,182.3485714285728,301.2244686435366,overlap,Fri,13,False
691,BTCUSDm,short,2026-02-20 15:05:00+00:00,44038,67414.56,0.1,67414.56,66414.56,700.0,close_above_upper,0.2774242251925975,0.05,66914.56,0.5,0.05,66932.56,24.1,44039.0,2026-02-20 15:10:00+00:00,True,2026-02-20 15:20:00+00:00,44041,67432.56,be_stop,23.200000000000003,0.0,0.0,23.200000000000003,0.33142857142857146,-49.74000000000524,903.0,-0.07105714285715034,1.29,3,900.0,18.0,283.8378571428569,310.5440899179792,overlap,Fri,15,False
692,BTCUSDm,short,2026-02-20 16:00:00+00:00,44049,67563.78,0.1,67563.78,66563.78,700.0,close_above_upper,0.05880076732492558,0.05,67063.78,0.5,0.05,67081.78,24.1,44063.0,2026-02-20 17:10:00+00:00,True,2026-02-20 17:50:00+00:00,44071,67581.78,be_stop,23.200000000000003,0.0,0.0,23.200000000000003,0.33142857142857146,-342.0500000000029,636.0399999999936,-0.4886428571428613,0.9086285714285622,22,6600.0,18.0,398.4892857142882,317.25686398227646,newyork,Fri,16,False
693,BTCUSDm,long,2026-02-22 13:40:00+00:00,44597,67638.7,0.1,66938.7,68638.7,700.0,close_below_lower,0.5109532348446341,0.1,68138.7,0.5,0.0,0.0,0.0,,,False,2026-02-23 00:45:00+00:00,44730,66938.7,sl,-70.0,0.0,0.0,-70.0,-1.0,-515.9499999999971,155.60000000000582,-0.7370714285714244,0.2222857142857226,133,39900.0,18.0,90.16142857142924,189.52708641997913,overlap,Sun,13,False
694,BTCUSDm,long,2026-02-23 00:50:00+00:00,44731,67074.73,0.1,66374.73,68074.73,700.0,close_below_lower,0.7066420695202897,0.1,67574.73,0.5,0.0,0.0,0.0,,,False,2026-02-23 01:00:00+00:00,44733,66374.73,sl,-70.0,0.0,0.0,-70.0,-1.0,-394.34999999999127,53.34000000001106,-0.5633571428571303,0.0762000000000158,2,600.0,18.0,116.7164285714264,198.78701875621445,asian,Mon,0,False
695,BTCUSDm,long,2026-02-23 01:05:00+00:00,44734,66434.99,0.1,65734.99,67434.99,700.0,close_below_lower,2.7024410712746763,0.1,66934.99,0.5,0.0,0.0,0.0,,,False,2026-02-23 01:10:00+00:00,44735,65541.78,sl,-89.32100000000065,0.0,0.0,-89.32100000000065,-1.276014285714295,-1113.6000000000058,10.769999999989523,-1.5908571428571512,0.015385714285699318,1,300.0,18.0,184.7349999999985,207.8921260611967,asian,Mon,1,False
696,BTCUSDm,long,2026-02-23 01:15:00+00:00,44736,65473.56,0.1,64773.56,66473.56,700.0,close_below_lower,5.096000556892159,0.1,65973.56,0.5,0.0,0.0,0.0,,,False,2026-02-23 01:45:00+00:00,44742,64773.56,sl,-70.0,0.0,0.0,-70.0,-1.0,-569.4199999999983,11.569999999999709,-0.8134571428571403,0.016528571428571014,6,1800.0,18.0,276.68785714285644,224.50035271638853,asian,Mon,1,False
697,BTCUSDm,long,2026-02-23 01:50:00+00:00,44743,64670.2,0.1,64670.2,65670.2,700.0,close_below_lower,2.7667973422410306,0.05,65170.2,0.5,0.05,65170.2,25.0,44784.0,2026-02-23 05:15:00+00:00,True,2026-02-23 06:45:00+00:00,44802,65670.2,tp,75.0,0.0,0.0,75.0,1.0714285714285714,-386.57999999999447,984.6000000000058,-0.552257142857135,1.4065714285714368,59,17700.0,18.0,417.72142857142745,267.4814923140532,asian,Mon,1,False
698,BTCUSDm,short,2026-02-23 06:50:00+00:00,44803,65640.53,0.1,66340.53,64640.53,700.0,close_above_upper,0.10815601586380896,0.1,65140.53,0.5,0.0,0.0,0.0,,,False,2026-02-23 09:45:00+00:00,44838,66358.53,sl,-71.8,0.0,0.0,-71.8,-1.0257142857142856,-680.1800000000076,97.30000000000291,-0.9716857142857251,0.13900000000000415,35,10500.0,18.0,134.73071428571453,303.6207375124181,asian,Mon,6,False
699,BTCUSDm,short,2026-02-23 09:50:00+00:00,44839,66302.82,0.1,66302.82,65302.82,700.0,close_above_upper,0.18643958155374576,0.05,65802.82,0.5,0.05,65820.82,24.1,44896.0,2026-02-23 14:35:00+00:00,True,2026-02-23 16:05:00+00:00,44914,65320.82,tp,73.20000000000036,0.0,0.0,73.20000000000036,1.045714285714291,-285.429999999993,965.2200000000084,-0.4077571428571329,1.3788857142857263,75,22500.0,18.0,128.21642857143055,321.2304908648149,london,Mon,9,False
700,BTCUSDm,long,2026-02-23 16:15:00+00:00,44916,65224.56,0.1,64524.56,66224.56,700.0,close_below_lower,0.3171462277170938,0.1,65724.56,0.5,0.0,0.0,0.0,,,False,2026-02-23 17:30:00+00:00,44931,64524.56,sl,-70.0,0.0,0.0,-70.0,-1.0,-669.5699999999997,487.7100000000064,-0.9565285714285711,0.6967285714285806,15,4500.0,18.0,220.27071428571384,343.3719259243527,newyork,Mon,16,False
701,BTCUSDm,long,2026-02-23 17:35:00+00:00,44932,64578.61,0.1,64578.61,65578.61,700.0,close_below_lower,0.55739260759406,0.05,65078.61,0.5,0.05,65078.61,25.0,44944.0,2026-02-23 18:35:00+00:00,True,2026-02-23 18:55:00+00:00,44948,64578.61,be_stop,25.0,0.0,0.0,25.0,0.35714285714285715,-455.6999999999971,579.1500000000015,-0.6509999999999958,0.8273571428571449,16,4800.0,18.0,212.41642857142818,355.4569044472962,newyork,Mon,17,False
702,BTCUSDm,long,2026-02-23 19:40:00+00:00,44957,64149.12,0.1,64149.12,65149.12,700.0,close_below_lower,0.22241996911127518,0.05,64649.12,0.5,0.05,64649.12,25.0,44973.0,2026-02-23 21:00:00+00:00,True,2026-02-24 01:15:00+00:00,45024,64149.12,be_stop,25.0,0.0,0.0,25.0,0.35714285714285715,-294.26000000000204,848.2799999999988,-0.4203714285714315,1.2118285714285697,67,20100.0,18.0,201.12928571428606,372.7443296513022,newyork,Mon,19,False
703,BTCUSDm,long,2026-02-24 01:20:00+00:00,45025,63773.02,0.1,63773.02,64773.02,700.0,close_below_lower,1.1959333787276547,0.05,64273.02,0.5,0.05,64273.02,25.0,45026.0,2026-02-24 01:25:00+00:00,True,2026-02-24 03:00:00+00:00,45045,63773.02,be_stop,25.0,0.0,0.0,25.0,0.35714285714285715,-107.34999999999854,821.9000000000015,-0.15335714285714078,1.1741428571428592,20,6000.0,18.0,197.3635714285717,416.4446150797844,asian,Tue,1,False
704,BTCUSDm,long,2026-02-24 04:15:00+00:00,45060,63000.75,0.1,63000.75,64000.75,700.0,close_below_lower,0.2719053518885257,0.05,63500.75,0.5,0.05,63500.75,25.0,45071.0,2026-02-24 05:10:00+00:00,True,2026-02-24 05:20:00+00:00,45073,63000.75,be_stop,25.0,0.0,0.0,25.0,0.35714285714285715,-173.8000000000029,516.3499999999985,-0.24828571428571844,0.737642857142855,13,3900.0,18.0,217.73999999999953,452.64346459847513,asian,Tue,4,False
705,BTCUSDm,long,2026-02-24 05:25:00+00:00,45074,62700.17,0.1,62700.17,63700.17,700.0,close_below_lower,0.20668895063385928,0.05,63200.17,0.5,0.05,63200.17,25.0,45082.0,2026-02-24 06:05:00+00:00,True,2026-02-24 13:30:00+00:00,45171,62700.17,be_stop,25.0,0.0,0.0,25.0,0.35714285714285715,-18.0,706.8400000000038,-0.025714285714285714,1.0097714285714339,97,29100.0,18.0,207.21714285714293,462.3997874292817,asian,Tue,5,False
706,BTCUSDm,short,2026-02-24 14:50:00+00:00,45187,63582.54,0.1,64282.54,62582.54,700.0,close_above_upper,0.1695641024278216,0.1,63082.54,0.5,0.0,0.0,0.0,,,False,2026-02-24 16:00:00+00:00,45201,64300.54,sl,-71.8,0.0,0.0,-71.8,-1.0257142857142856,-446.52999999999884,291.0900000000038,-0.6378999999999984,0.41584285714286257,14,4200.0,18.0,223.7942857142859,475.4155505604716,overlap,Tue,14,False
707,BTCUSDm,short,2026-02-24 16:05:00+00:00,45202,64293.57,0.1,64293.57,63293.57,700.0,close_above_upper,0.011871994077626489,0.05,63793.57,0.5,0.05,63811.57,24.1,45207.0,2026-02-24 16:30:00+00:00,True,2026-02-24 16:55:00+00:00,45212,64311.57,be_stop,23.200000000000003,0.0,0.0,23.200000000000003,0.33142857142857146,-38.41000000000349,609.9099999999962,-0.05487142857143356,0.8712999999999946,10,3000.0,18.0,227.93714285714356,498.8429774217284,newyork,Tue,16,False
708,BTCUSDm,short,2026-02-25 01:15:00+00:00,45312,65593.86,0.1,66293.86,64593.86,700.0,close_above_upper,2.1072828103238033,0.1,65093.86,0.5,0.0,0.0,0.0,,,False,2026-02-25 01:20:00+00:00,45313,66311.86,sl,-71.8,0.0,0.0,-71.8,-1.0257142857142856,-402.7700000000041,186.37000000000262,-0.57538571428572,0.2662428571428609,1,300.0,18.0,231.92071428571217,415.32401445207273,asian,Wed,1,False
709,BTCUSDm,short,2026-02-25 01:25:00+00:00,45314,66036.92,0.1,66036.92,65036.92,700.0,close_above_upper,2.2195100389158617,0.05,65536.92,0.5,0.05,65554.92,24.1,45336.0,2026-02-25 03:15:00+00:00,True,2026-02-25 05:30:00+00:00,45363,65054.92,tp,73.2,0.0,0.0,73.2,1.0457142857142858,-268.04000000000815,927.2999999999956,-0.38291428571429736,1.3247142857142795,49,14700.0,18.0,296.31428571428376,429.3503536600101,asian,Wed,1,False
710,BTCUSDm,short,2026-02-25 13:50:00+00:00,45463,66629.11,0.1,67329.11,65629.11,700.0,close_above_upper,0.10511113581700204,0.1,66129.11,0.5,0.0,0.0,0.0,,,False,2026-02-25 15:30:00+00:00,45483,67347.11,sl,-71.8,0.0,0.0,-71.8,-1.0257142857142856,-616.8099999999977,431.9100000000035,-0.8811571428571395,0.6170142857142907,20,6000.0,18.0,183.81857142856876,443.9763862494167,overlap,Wed,13,False
711,BTCUSDm,short,2026-02-25 15:45:00+00:00,45486,67500.4,0.1,68200.4,66500.4,700.0,close_above_upper,0.20807479881475283,0.1,67000.4,0.5,0.0,0.0,0.0,,,False,2026-02-25 16:55:00+00:00,45500,68218.4,sl,-71.8,0.0,0.0,-71.8,-1.0257142857142856,-625.6600000000035,284.47000000000116,-0.893800000000005,0.40638571428571596,14,4200.0,18.0,301.1028571428563,455.05468961663007,overlap,Wed,15,False
712,BTCUSDm,short,2026-02-25 17:15:00+00:00,45504,68509.07,0.1,69209.07,67509.07,700.0,close_above_upper,0.02650371248734756,0.1,68009.07,0.5,0.0,0.0,0.0,,,False,2026-02-25 18:25:00+00:00,45518,69227.07,sl,-71.8,0.0,0.0,-71.8,-1.0257142857142856,-581.0,229.2100000000064,-0.83,0.3274428571428663,14,4200.0,18.0,258.89999999999935,482.86459994649806,newyork,Wed,17,False
713,BTCUSDm,short,2026-02-25 18:30:00+00:00,45519,69348.31,0.1,69348.31,68348.31,700.0,close_above_upper,0.18385653214524608,0.05,68848.31,0.5,0.05,68866.31,24.1,45527.0,2026-02-25 19:10:00+00:00,True,2026-02-25 20:45:00+00:00,45546,69366.31,be_stop,23.200000000000003,0.0,0.0,23.200000000000003,0.33142857142857146,-227.85000000000582,729.4899999999907,-0.32550000000000834,1.0421285714285582,27,8100.0,18.0,279.39142857143037,499.30519405942596,newyork,Wed,18,False
714,BTCUSDm,long,2026-02-25 22:55:00+00:00,45572,68153.34,0.1,68153.34,69153.34,700.0,close_below_lower,0.29976372532643236,0.05,68653.34,0.5,0.05,68653.34,25.0,45574.0,2026-02-25 23:05:00+00:00,True,2026-02-25 23:30:00+00:00,45579,68153.34,be_stop,25.0,0.0,0.0,25.0,0.35714285714285715,-23.619999999995343,542.1100000000006,-0.03374285714285049,0.774442857142858,7,2100.0,18.0,222.57642857142906,494.15367843629406,rollover,Wed,22,False
715,BTCUSDm,long,2026-02-25 23:45:00+00:00,45582,67721.08,0.1,67721.08,68721.08,700.0,close_below_lower,0.21006657863997055,0.05,68221.08,0.5,0.05,68221.08,25.0,45588.0,2026-02-26 00:15:00+00:00,True,2026-02-26 04:30:00+00:00,45639,68721.08,tp,75.0,0.0,0.0,75.0,1.0714285714285714,-79.55999999999767,989.8199999999924,-0.11365714285713953,1.4140285714285605,57,17100.0,18.0,265.6807142857142,498.8026461323662,rollover,Wed,23,False
716,BTCUSDm,long,2026-02-26 14:50:00+00:00,45763,67380.7,0.1,66680.7,68380.7,700.0,close_below_lower,0.06242958135951741,0.1,67880.7,0.5,0.0,0.0,0.0,,,False,2026-02-26 16:50:00+00:00,45787,66680.7,sl,-70.0,0.0,0.0,-70.0,-1.0,-697.5200000000041,404.79000000000815,-0.9964571428571487,0.5782714285714402,24,7200.0,18.0,242.4121428571421,510.6621622075065,overlap,Thu,14,False
717,BTCUSDm,long,2026-02-26 16:55:00+00:00,45788,66619.67,0.1,66619.67,67619.67,700.0,close_below_lower,0.026856908558912578,0.05,67119.67,0.5,0.05,67119.67,25.0,45807.0,2026-02-26 18:30:00+00:00,True,2026-02-26 19:00:00+00:00,45813,67619.67,tp,75.0,0.0,0.0,75.0,1.0714285714285714,-133.16999999999825,753.4199999999983,-0.19024285714285466,1.0763142857142831,25,7500.0,18.0,270.5864285714301,528.1588558046305,newyork,Thu,16,False
718,BTCUSDm,short,2026-02-26 19:05:00+00:00,45814,67737.58,0.1,67737.58,66737.58,700.0,close_above_upper,0.1573318580838045,0.05,67237.58,0.5,0.05,67255.58,24.1,45838.0,2026-02-26 21:05:00+00:00,True,2026-02-27 04:00:00+00:00,45921,67755.58,be_stop,23.200000000000003,0.0,0.0,23.200000000000003,0.33142857142857146,-83.66000000000349,865.5,-0.11951428571429071,1.2364285714285714,107,32100.0,18.0,236.81785714285797,517.9376356731252,newyork,Thu,19,False
719,BTCUSDm,short,2026-02-27 04:20:00+00:00,45925,68135.38,0.1,68135.38,67135.38,700.0,close_above_upper,0.1892809912738196,0.05,67635.38,0.5,0.05,67653.38,24.1,45948.0,2026-02-27 06:15:00+00:00,True,2026-02-27 09:20:00+00:00,45985,68153.38,be_stop,23.200000000000003,0.0,0.0,23.200000000000003,0.33142857142857146,-10.940000000002328,691.5,-0.015628571428574756,0.9878571428571429,60,18000.0,18.0,161.0478571428591,487.4599272015214,asian,Fri,4,False
720,BTCUSDm,long,2026-02-27 09:55:00+00:00,45992,67332.5,0.1,66632.5,68332.5,700.0,close_below_lower,0.10542923194620343,0.1,67832.5,0.5,0.0,0.0,0.0,,,False,2026-02-27 10:50:00+00:00,46003,66632.5,sl,-70.0,0.0,0.0,-70.0,-1.0,-689.1999999999971,145.88999999999942,-0.9845714285714244,0.20841428571428489,11,3300.0,18.0,166.41714285714366,444.1643230350695,london,Fri,9,False
721,BTCUSDm,long,2026-02-27 11:40:00+00:00,46013,66141.87,0.1,65441.87,67141.87,700.0,close_below_lower,0.07311619773517686,0.1,66641.87,0.5,0.0,0.0,0.0,,,False,2026-02-27 17:10:00+00:00,46079,65441.87,sl,-69.99999999999928,0.0,0.0,-69.99999999999928,-0.9999999999999897,-696.739999999998,204.3700000000099,-0.9953428571428542,0.291957142857157,66,19800.0,18.0,183.07285714285743,443.43379126432126,london,Fri,11,False
722,BTCUSDm,long,2026-02-27 22:35:00+00:00,46144,65005.29,0.1,65005.29,66005.29,700.0,close_below_lower,0.23233642623210857,0.05,65505.29,0.5,0.05,65505.29,25.0,46145.0,2026-02-27 22:40:00+00:00,True,2026-02-28 00:10:00+00:00,46163,66005.29,tp,74.99999999999963,0.0,0.0,74.99999999999963,1.071428571428566,-23.75,956.3499999999985,-0.033928571428571426,1.3662142857142836,19,5700.0,18.0,131.36642857142837,401.33578277881287,rollover,Fri,22,False
723,BTCUSDm,long,2026-02-28 06:20:00+00:00,46237,64963.72,0.1,64263.72,65963.72,700.0,close_below_lower,0.486027847273971,0.1,65463.72,0.5,0.0,0.0,0.0,,,False,2026-02-28 06:30:00+00:00,46239,64263.72,sl,-70.0,0.0,0.0,-70.0,-1.0,-580.9500000000044,302.65000000000146,-0.8299285714285777,0.43235714285714494,2,600.0,18.0,145.10928571428718,388.97540023365093,asian,Sat,6,False
724,BTCUSDm,long,2026-02-28 06:35:00+00:00,46240,64112.12,0.1,63412.12,65112.12,700.0,close_below_lower,1.7958218256057412,0.1,64612.12,0.5,0.0,0.0,0.0,,,False,2026-02-28 06:50:00+00:00,46243,63412.12,sl,-70.0,0.0,0.0,-70.0,-1.0,-541.260000000002,133.6999999999971,-0.7732285714285744,0.19099999999999584,3,900.0,18.0,244.0614285714307,402.8755615103002,asian,Sat,6,False
725,BTCUSDm,long,2026-02-28 06:55:00+00:00,46244,63412.18,0.1,63412.18,64412.18,700.0,close_below_lower,1.8211221621912277,0.05,63912.18,0.5,0.05,63912.18,25.0,46252.0,2026-02-28 07:35:00+00:00,True,2026-02-28 08:20:00+00:00,46261,63412.18,be_stop,25.0,0.0,0.0,25.0,0.35714285714285715,-401.40000000000146,909.7099999999991,-0.5734285714285735,1.299585714285713,17,5100.0,18.0,345.8785714285722,427.99996275035244,asian,Sat,6,False
726,BTCUSDm,short,2026-02-28 13:50:00+00:00,46327,64514.95,0.1,65214.95,63514.95,700.0,close_above_upper,0.0873942258201127,0.1,64014.95,0.5,0.0,0.0,0.0,,,False,2026-02-28 14:00:00+00:00,46329,65232.95,sl,-71.8,0.0,0.0,-71.8,-1.0257142857142856,-697.9800000000032,124.73999999999796,-0.9971142857142903,0.17819999999999708,2,600.0,18.0,169.94071428571417,411.2500943788889,overlap,Sat,13,False
727,BTCUSDm,short,2026-02-28 14:05:00+00:00,46330,64811.33,0.1,64811.33,63811.33,700.0,close_above_upper,0.17351804503212093,0.05,64311.33,0.5,0.05,64329.33,24.1,46340.0,2026-02-28 14:55:00+00:00,True,2026-02-28 15:25:00+00:00,46346,64829.33,be_stop,23.200000000000003,0.0,0.0,23.200000000000003,0.33142857142857146,-348.23999999999796,609.2400000000052,-0.49748571428571137,0.8703428571428646,16,4800.0,18.0,277.4442857142858,422.1656304234962,overlap,Sat,14,False
728,BTCUSDm,short,2026-02-28 18:55:00+00:00,46388,65978.97,0.1,66678.97,64978.97,700.0,close_above_upper,0.17419494167440192,0.1,65478.97,0.5,0.0,0.0,0.0,,,False,2026-02-28 20:15:00+00:00,46404,66696.97,sl,-71.8,0.0,0.0,-71.8,-1.0257142857142856,-692.4700000000012,385.97000000000116,-0.9892428571428588,0.5513857142857159,16,4800.0,18.0,210.82571428571256,451.29899472710986,newyork,Sat,18,False
729,BTCUSDm,short,2026-02-28 20:25:00+00:00,46406,66940.09,0.1,66940.09,65940.09,700.0,close_above_upper,0.2544606040081299,0.05,66440.09,0.5,0.05,66458.09,24.1,46414.0,2026-02-28 21:05:00+00:00,True,2026-02-28 21:35:00+00:00,46420,66958.09,be_stop,23.200000000000003,0.0,0.0,23.200000000000003,0.33142857142857146,-232.1999999999971,580.9199999999983,-0.3317142857142816,0.8298857142857118,14,4200.0,18.0,285.6050000000001,471.9923505760616,newyork,Sat,20,False
730,BTCUSDm,short,2026-02-28 22:40:00+00:00,46433,67530.51,0.1,67530.51,66530.51,700.0,close_above_upper,0.24365571007156098,0.05,67030.51,0.5,0.05,66978.91,27.579999999999565,46437.0,2026-03-01 00:00:00+00:00,True,2026-03-01 01:05:00+00:00,46450,66548.51,tp,76.67999999999957,0.0,0.0,76.67999999999957,1.0954285714285652,-95.33000000000175,941.5199999999895,-0.13618571428571677,1.3450285714285564,17,8700.0,18.0,241.13428571428398,478.29130877639454,rollover,Sat,22,False
731,BTCUSDm,short,2026-03-01 01:50:00+00:00,46459,67387.51,0.1,68087.51,66387.51,700.0,close_above_upper,0.5086333979245284,0.1,66887.51,0.5,0.0,0.0,0.0,,,False,2026-03-01 02:00:00+00:00,46461,68105.51,sl,-71.8,0.0,0.0,-71.8,-1.0257142857142856,-327.2700000000041,200.34999999999127,-0.46752857142857723,0.28621428571427326,2,600.0,18.0,257.08071428571566,506.58990804075165,asian,Sun,1,False
732,BTCUSDm,short,2026-03-01 02:05:00+00:00,46462,68015.69,0.1,68015.69,67015.69,700.0,close_above_upper,1.1400444109919299,0.05,67515.69,0.5,0.05,67533.69,24.1,46477.0,2026-03-01 03:20:00+00:00,True,2026-03-01 06:10:00+00:00,46511,67033.69,tp,73.2,0.0,0.0,73.2,1.0457142857142858,-148.77000000000407,938.4900000000052,-0.21252857142857726,1.3407000000000076,49,14700.0,18.0,326.89000000000044,519.8885551376637,asian,Sun,2,False
733,BTCUSDm,long,2026-03-01 08:55:00+00:00,46544,66523.79,0.1,66523.79,67523.79,700.0,close_below_lower,0.16599571010496197,0.05,67023.79,0.5,0.05,67023.79,25.0,46603.0,2026-03-01 13:50:00+00:00,True,2026-03-01 16:45:00+00:00,46638,66523.79,be_stop,25.0,0.0,0.0,25.0,0.35714285714285715,-396.3099999999977,838.4800000000105,-0.5661571428571396,1.1978285714285863,94,28200.0,18.0,164.0299999999999,496.23384865408235,london,Sun,8,False
734,BTCUSDm,long,2026-03-01 16:50:00+00:00,46639,66109.66,0.1,66109.66,67109.66,700.0,close_below_lower,0.5627645100866255,0.05,66609.66,0.5,0.05,66609.66,25.0,46656.0,2026-03-01 18:15:00+00:00,True,2026-03-01 19:10:00+00:00,46667,66109.66,be_stop,25.0,0.0,0.0,25.0,0.35714285714285715,-401.570000000007,579.25,-0.5736714285714386,0.8275,28,8400.0,18.0,221.49500000000054,509.13262635907984,newyork,Sun,16,False
735,BTCUSDm,short,2026-03-02 00:45:00+00:00,46734,66568.8,0.1,66568.8,65568.8,700.0,close_above_upper,0.01989603732386023,0.05,66068.8,0.5,0.05,66086.8,24.1,46751.0,2026-03-02 02:10:00+00:00,True,2026-03-02 03:10:00+00:00,46763,66586.8,be_stop,23.200000000000003,0.0,0.0,23.200000000000003,0.33142857142857146,-540.179999999993,696.6800000000076,-0.7716857142857043,0.9952571428571537,29,8700.0,18.0,225.87928571428452,590.0274978414701,asian,Mon,0,False
736,BTCUSDm,short,2026-03-02 14:35:00+00:00,46900,66228.45,0.1,66928.45,65228.45,700.0,close_above_upper,0.14418639857119392,0.1,65728.45,0.5,0.0,0.0,0.0,,,False,2026-03-02 14:45:00+00:00,46902,66946.45,sl,-71.8,0.0,0.0,-71.8,-1.0257142857142856,-448.0100000000093,185.6999999999971,-0.640014285714299,0.26528571428571013,2,600.0,18.0,253.15142857142772,537.5864039975247,overlap,Mon,14,False
737,BTCUSDm,short,2026-03-02 14:50:00+00:00,46903,66974.66,0.1,67674.66,65974.66,700.0,close_above_upper,0.9607531138993161,0.1,66474.66,0.5,0.0,0.0,0.0,,,False,2026-03-02 15:05:00+00:00,46906,67692.66,sl,-71.8,0.0,0.0,-71.8,-1.0257142857142856,-462.77999999999884,148.93000000000757,-0.6611142857142841,0.21275714285715366,3,900.0,18.0,292.86928571428405,549.5093265050159,overlap,Mon,14,False
738,BTCUSDm,short,2026-03-02 15:10:00+00:00,46907,67730.06,0.1,68430.06,66730.06,700.0,close_above_upper,1.1990175131252996,0.1,67230.06,0.5,0.0,0.0,0.0,,,False,2026-03-02 15:15:00+00:00,46908,68448.8,sl,-71.87400000000052,0.0,0.0,-71.87400000000052,-1.026771428571436,-739.9900000000052,11.0,-1.057128571428579,0.015714285714285715,1,300.0,18.0,366.7821428571416,564.4916868569285,overlap,Mon,15,False
739,BTCUSDm,short,2026-03-02 15:20:00+00:00,46909,68368.78,0.1,69068.78,67368.78,700.0,close_above_upper,1.4982994899992883,0.1,67868.78,0.5,0.0,0.0,0.0,,,False,2026-03-02 15:35:00+00:00,46912,69086.78,sl,-71.8,0.0,0.0,-71.8,-1.0257142857142856,-591.7299999999959,0.0,-0.8453285714285657,0.0,3,900.0,18.0,421.34142857142797,580.5921624071108,overlap,Mon,15,False
740,BTCUSDm,short,2026-03-02 15:40:00+00:00,46913,69454.94,0.1,69454.94,68454.94,700.0,close_above_upper,1.6957567504740356,0.05,68954.94,0.5,0.05,68972.94,24.1,46915.0,2026-03-02 15:50:00+00:00,True,2026-03-02 16:05:00+00:00,46918,69472.94,be_stop,23.200000000000003,0.0,0.0,23.200000000000003,0.33142857142857146,-173.80999999999767,663.0599999999977,-0.24829999999999666,0.9472285714285681,5,1500.0,18.0,503.03428571428543,607.3035899737,overlap,Mon,15,False
741,BTCUSDm,short,2026-03-02 16:10:00+00:00,46919,69742.56,0.1,69742.56,68742.56,700.0,close_above_upper,0.46775272879891217,0.05,69242.56,0.5,0.05,69260.56,24.1,46923.0,2026-03-02 16:30:00+00:00,True,2026-03-02 16:40:00+00:00,46925,69760.56,be_stop,23.200000000000003,0.0,0.0,23.200000000000003,0.33142857142857146,-49.419999999998254,690.6199999999953,-0.07059999999999751,0.9865999999999934,6,1800.0,18.0,485.94500000000073,632.5530090408283,newyork,Mon,16,False
742,BTCUSDm,long,2026-03-03 08:50:00+00:00,47119,67147.25,0.1,66447.25,68147.25,700.0,close_below_lower,0.10201980949481682,0.1,67647.25,0.5,0.0,0.0,0.0,,,False,2026-03-03 09:30:00+00:00,47127,66447.25,sl,-70.0,0.0,0.0,-70.0,-1.0,-584.820000000007,30.789999999993597,-0.8354571428571529,0.04398571428570514,8,2400.0,18.0,176.923571428573,601.7405987409737,london,Tue,8,False
743,BTCUSDm,short,2026-03-03 12:15:00+00:00,47160,67719.19,0.1,67719.19,66719.19,700.0,close_above_upper,0.017657536569416918,0.05,67219.19,0.5,0.05,67237.19,24.1,47169.0,2026-03-03 13:00:00+00:00,True,2026-03-03 13:45:00+00:00,47178,66737.19,tp,73.2,0.0,0.0,73.2,1.0457142857142858,-11.179999999993015,901.5400000000081,-0.015971428571418592,1.2879142857142973,18,5400.0,18.0,205.384285714285,612.2989747196402,overlap,Tue,12,False
744,BTCUSDm,long,2026-03-03 14:50:00+00:00,47191,66271.89,0.1,66271.89,67271.89,700.0,close_below_lower,0.05548821187902141,0.05,66771.89,0.5,0.05,66771.89,25.0,47192.0,2026-03-03 14:55:00+00:00,True,2026-03-03 15:30:00+00:00,47199,67271.89,tp,75.0,0.0,0.0,75.0,1.0714285714285714,-37.66000000000349,746.6100000000006,-0.05380000000000499,1.0665857142857151,8,2400.0,18.0,334.88571428571595,609.1986587346962,overlap,Tue,14,False
745,BTCUSDm,short,2026-03-03 15:40:00+00:00,47201,67541.68,0.1,68241.68,66541.68,700.0,close_above_upper,0.13417945618233465,0.1,67041.68,0.5,0.0,0.0,0.0,,,False,2026-03-03 16:05:00+00:00,47206,68259.68,sl,-71.8,0.0,0.0,-71.8,-1.0257142857142856,-411.0200000000041,111.54999999998836,-0.5871714285714343,0.15935714285712624,5,1500.0,18.0,437.0078571428572,613.2006087866253,overlap,Tue,15,False
746,BTCUSDm,short,2026-03-03 16:10:00+00:00,47207,68547.48,0.1,68547.48,67547.48,700.0,close_above_upper,0.8109723038947007,0.05,68047.48,0.5,0.05,68065.48,24.1,47212.0,2026-03-03 16:35:00+00:00,True,2026-03-03 16:40:00+00:00,47213,67565.48,tp,73.2,0.0,0.0,73.2,1.0457142857142858,-444.7100000000064,765.4099999999889,-0.6353000000000092,1.0934428571428414,6,1800.0,18.0,353.59071428571355,629.3639662809428,newyork,Tue,16,False
747,BTCUSDm,short,2026-03-04 07:50:00+00:00,47395,69411.75,0.1,70111.75,68411.75,700.0,close_above_upper,0.1685658226350187,0.1,68911.75,0.5,0.0,0.0,0.0,,,False,2026-03-04 08:45:00+00:00,47406,70129.75,sl,-71.8,0.0,0.0,-71.8,-1.0257142857142856,-502.2700000000041,288.5399999999936,-0.7175285714285773,0.41219999999999085,11,3300.0,18.0,197.28928571428696,633.1489204150334,london,Wed,7,False
748,BTCUSDm,short,2026-03-04 08:50:00+00:00,47407,70586.25,0.1,71286.25,69586.25,700.0,close_above_upper,0.7733035943103777,0.1,70086.25,0.5,0.0,0.0,0.0,,,False,2026-03-04 09:05:00+00:00,47410,71304.25,sl,-71.8,0.0,0.0,-71.8,-1.0257142857142856,-614.1499999999942,102.94000000000233,-0.8773571428571345,0.1470571428571462,3,900.0,18.0,323.55785714285696,618.741764417252,london,Wed,8,False
749,BTCUSDm,short,2026-03-04 09:10:00+00:00,47411,71013.87,0.1,71713.87,70013.87,700.0,close_above_upper,0.5577365575076532,0.1,70513.87,0.5,0.0,0.0,0.0,,,False,2026-03-04 09:35:00+00:00,47416,71731.87,sl,-71.8,0.0,0.0,-71.8,-1.0257142857142856,-541.9500000000116,107.8799999999901,-0.7742142857143024,0.15411428571427158,5,1500.0,18.0,341.0028571428546,608.0349401568127,london,Wed,9,False
750,BTCUSDm,short,2026-03-04 09:40:00+00:00,47417,71681.15,0.1,71681.15,70681.15,700.0,close_above_upper,0.3657250583903682,0.05,71181.15,0.5,0.05,71199.15,24.1,47439.0,2026-03-04 11:30:00+00:00,True,2026-03-04 12:15:00+00:00,47448,70699.15,tp,73.2,0.0,0.0,73.2,1.0457142857142858,-217.1200000000099,882.5799999999872,-0.3101714285714427,1.2608285714285532,31,9300.0,18.0,364.6992857142863,596.512916103296,london,Wed,9,False
751,BTCUSDm,short,2026-03-04 14:35:00+00:00,47476,72428.46,0.1,72428.46,71428.46,700.0,close_above_upper,0.34548794268822247,0.05,71928.46,0.5,0.05,71923.36,25.255000000000294,47477.0,2026-03-04 14:40:00+00:00,True,2026-03-04 14:40:00+00:00,47477,71446.46,tp,74.3550000000003,0.0,0.0,74.3550000000003,1.06221428571429,-32.439999999987776,699.4700000000012,-0.04634285714283968,0.9992428571428588,1,300.0,18.0,260.1564285714308,604.0318117787032,overlap,Wed,14,False
752,BTCUSDm,short,2026-03-04 15:30:00+00:00,47487,72985.15,0.1,73685.15,71985.15,700.0,close_above_upper,0.612565146263488,0.1,72485.15,0.5,0.0,0.0,0.0,,,False,2026-03-04 17:10:00+00:00,47507,73703.15,sl,-71.8,0.0,0.0,-71.8,-1.0257142857142856,-557.8000000000029,441.52999999999884,-0.796857142857147,0.6307571428571412,20,6000.0,18.0,462.74928571428507,613.3444329185138,overlap,Wed,15,False
753,BTCUSDm,short,2026-03-05 10:35:00+00:00,47716,73525.95,0.1,73525.95,72525.95,700.0,close_above_upper,0.2707624154526687,0.05,73025.95,0.5,0.05,73043.95,24.1,47725.0,2026-03-05 11:20:00+00:00,True,2026-03-05 13:20:00+00:00,47749,72543.95,tp,73.2,0.0,0.0,73.2,1.0457142857142858,-55.51000000000931,950.2599999999948,-0.0793000000000133,1.3575142857142781,33,9900.0,18.0,221.2692857142881,573.6036466151306,london,Thu,10,False
754,BTCUSDm,long,2026-03-05 15:25:00+00:00,47774,71562.12,0.1,70862.12,72562.12,700.0,close_below_lower,0.0471983226866227,0.1,72062.12,0.5,0.0,0.0,0.0,,,False,2026-03-05 16:05:00+00:00,47782,70862.12,sl,-70.0,0.0,0.0,-70.0,-1.0,-397.7899999999936,203.88000000000466,-0.5682714285714194,0.2912571428571495,8,2400.0,18.0,390.40642857143183,583.7561911057314,overlap,Thu,15,False
755,BTCUSDm,long,2026-03-05 16:10:00+00:00,47783,70880.67,0.1,70880.67,71880.67,700.0,close_below_lower,0.17174639136834738,0.05,71380.67,0.5,0.05,71380.67,25.0,47788.0,2026-03-05 16:35:00+00:00,True,2026-03-05 17:30:00+00:00,47799,70880.67,be_stop,25.0,0.0,0.0,25.0,0.35714285714285715,-86.31999999999243,760.820000000007,-0.1233142857142749,1.0868857142857242,16,4800.0,18.0,372.13714285714275,598.1395926722216,newyork,Thu,16,False
756,BTCUSDm,long,2026-03-06 12:10:00+00:00,48023,69862.37,0.1,69162.37,70862.37,700.0,close_below_lower,0.11765447576430019,0.1,70362.37,0.5,0.0,0.0,0.0,,,False,2026-03-06 14:00:00+00:00,48045,69162.37,sl,-70.0,0.0,0.0,-70.0,-1.0,-658.0199999999895,489.43000000000757,-0.9400285714285564,0.6991857142857251,22,6600.0,18.0,139.2400000000011,448.1473736360306,overlap,Fri,12,False
757,BTCUSDm,long,2026-03-06 14:05:00+00:00,48046,69192.8,0.1,68492.8,70192.8,700.0,close_below_lower,0.5155167088100643,0.1,69692.8,0.5,0.0,0.0,0.0,,,False,2026-03-06 14:35:00+00:00,48052,68492.8,sl,-70.0,0.0,0.0,-70.0,-1.0,-558.4100000000035,0.0,-0.7977285714285764,0.0,6,1800.0,18.0,259.3142857142853,452.1014331679059,overlap,Fri,14,False
758,BTCUSDm,long,2026-03-06 14:40:00+00:00,48053,68652.55,0.1,67952.55,69652.55,700.0,close_below_lower,0.22022360923611084,0.1,69152.55,0.5,0.0,0.0,0.0,,,False,2026-03-06 17:35:00+00:00,48088,67952.55,sl,-70.0,0.0,0.0,-70.0,-1.0,-610.4400000000023,466.2899999999936,-0.8720571428571462,0.6661285714285623,35,10500.0,18.0,343.8114285714255,472.5681703132985,overlap,Fri,14,False
759,BTCUSDm,long,2026-03-06 17:40:00+00:00,48089,67867.82,0.1,67867.82,68867.82,700.0,close_below_lower,0.053973351448977275,0.05,68367.82,0.5,0.05,68367.82,25.0,48095.0,2026-03-06 18:10:00+00:00,True,2026-03-06 20:25:00+00:00,48122,67867.82,be_stop,25.0,0.0,0.0,25.0,0.35714285714285715,-140.43000000000757,606.109999999986,-0.20061428571429651,0.8658714285714086,33,9900.0,18.0,235.74357142857167,480.97160155494726,newyork,Fri,17,False
760,BTCUSDm,long,2026-03-08 04:55:00+00:00,48512,66633.9,0.1,66633.9,67633.9,700.0,close_below_lower,0.0861363782226253,0.05,67133.9,0.5,0.05,67133.9,25.0,48517.0,2026-03-08 05:20:00+00:00,True,2026-03-08 09:10:00+00:00,48562,67633.9,tp,75.0,0.0,0.0,75.0,1.0714285714285714,-97.80999999999767,943.2400000000052,-0.1397285714285681,1.3474857142857217,50,15300.0,18.0,98.63642857142882,305.52206289161154,asian,Sun,4,False
761,BTCUSDm,short,2026-03-08 09:15:00+00:00,48563,67745.85,0.1,67745.85,66745.85,700.0,close_above_upper,0.21137040785087963,0.05,67245.85,0.5,0.05,67263.85,24.1,48597.0,2026-03-08 12:05:00+00:00,True,2026-03-08 18:15:00+00:00,48671,66763.85,tp,73.2,0.0,0.0,73.2,1.0457142857142858,-442.6499999999942,970.9900000000052,-0.6323571428571345,1.3871285714285788,108,32400.0,18.0,114.15214285714008,251.94790973321176,london,Sun,9,False
762,BTCUSDm,short,2026-03-08 19:35:00+00:00,48687,67324.43,0.1,67324.43,66324.43,700.0,close_above_upper,0.25079300919710895,0.05,66824.43,0.5,0.05,66842.43,24.1,48706.0,2026-03-08 21:10:00+00:00,True,2026-03-08 22:00:00+00:00,48716,66342.43,tp,73.2,0.0,0.0,73.2,1.0457142857142858,-194.36000000000058,633.1299999999901,-0.2776571428571437,0.9044714285714144,29,8700.0,18.0,124.44499999999867,255.78371546937393,newyork,Sun,19,False
763,BTCUSDm,long,2026-03-08 22:05:00+00:00,48717,65761.76,0.1,65761.76,66761.76,700.0,close_below_lower,3.244938215462564,0.05,66261.76,0.5,0.05,66261.76,25.0,48723.0,2026-03-08 22:35:00+00:00,True,2026-03-09 03:00:00+00:00,48776,66761.76,tp,75.0,0.0,0.0,75.0,1.0714285714285714,-153.1999999999971,989.820000000007,-0.2188571428571387,1.4140285714285814,59,17700.0,18.0,208.39642857143085,267.9339142396577,rollover,Sun,22,False
764,BTCUSDm,short,2026-03-09 03:05:00+00:00,48777,66847.71,0.1,67547.71,65847.71,700.0,close_above_upper,0.3775336542448524,0.1,66347.71,0.5,0.0,0.0,0.0,,,False,2026-03-09 03:15:00+00:00,48779,67565.71,sl,-71.8,0.0,0.0,-71.8,-1.0257142857142856,-598.2299999999959,79.08000000000175,-0.8546142857142799,0.11297142857143107,2,600.0,18.0,209.40928571428438,311.656003729559,asian,Mon,3,False
765,BTCUSDm,short,2026-03-09 03:20:00+00:00,48780,67633.29,0.1,67633.29,66633.29,700.0,close_above_upper,1.817459709253213,0.05,67133.29,0.5,0.05,67151.29,24.1,48781.0,2026-03-09 03:25:00+00:00,True,2026-03-09 05:30:00+00:00,48806,67651.29,be_stop,23.200000000000003,0.0,0.0,23.200000000000003,0.33142857142857146,-32.270000000004075,604.1999999999971,-0.046100000000005824,0.863142857142853,26,7800.0,18.0,238.82428571428423,324.6706834061378,asian,Mon,3,False
766,BTCUSDm,short,2026-03-09 05:45:00+00:00,48809,67911.05,0.1,67911.05,66911.05,700.0,close_above_upper,0.48618456473989297,0.05,67411.05,0.5,0.05,67429.05,24.1,48819.0,2026-03-09 06:35:00+00:00,True,2026-03-09 07:15:00+00:00,48827,66929.05,tp,73.2,0.0,0.0,73.2,1.0457142857142858,-141.81999999999243,806.7400000000052,-0.20259999999998918,1.1524857142857217,18,5400.0,18.0,176.125714285716,342.6510585242518,asian,Mon,5,False
767,BTCUSDm,short,2026-03-09 09:40:00+00:00,48856,68266.77,0.1,68266.77,67266.77,700.0,close_above_upper,0.049963079374559335,0.05,67766.77,0.5,0.05,67784.77,24.1,48866.0,2026-03-09 10:30:00+00:00,True,2026-03-09 12:35:00+00:00,48891,68284.77,be_stop,23.200000000000003,0.0,0.0,23.200000000000003,0.33142857142857146,-193.1999999999971,947.6699999999983,-0.27599999999999586,1.3538142857142832,35,10500.0,18.0,181.4885714285712,376.0294753976436,london,Mon,9,False
768,BTCUSDm,short,2026-03-09 13:30:00+00:00,48902,68757.56,0.1,69457.56,67757.56,700.0,close_above_upper,0.3361775912706366,0.1,68257.56,0.5,0.0,0.0,0.0,,,False,2026-03-09 14:40:00+00:00,48916,69475.56,sl,-71.8,0.0,0.0,-71.8,-1.0257142857142856,-682.4499999999971,75.77000000000407,-0.9749285714285673,0.10824285714286297,14,4200.0,18.0,211.68357142857192,399.2294681327475,overlap,Mon,13,False
769,BTCUSDm,short,2026-03-09 19:25:00+00:00,48973,69020.34,0.1,69020.34,68020.34,700.0,close_above_upper,0.03374684985040027,0.05,68520.34,0.5,0.05,68538.34,24.1,49020.0,2026-03-09 23:20:00+00:00,True,2026-03-10 00:25:00+00:00,49033,69038.34,be_stop,23.200000000000003,0.0,0.0,23.200000000000003,0.33142857142857146,-518.5500000000029,645.679999999993,-0.7407857142857185,0.92239999999999,60,18000.0,18.0,180.549285714289,446.9126652256283,newyork,Mon,19,False
770,BTCUSDm,short,2026-03-10 00:40:00+00:00,49036,69203.08,0.1,69903.08,68203.08,700.0,close_above_upper,0.09551342137545862,0.1,68703.08,0.5,0.0,0.0,0.0,,,False,2026-03-10 02:30:00+00:00,49058,69921.08,sl,-71.8,0.0,0.0,-71.8,-1.0257142857142856,-190.13999999999942,427.0899999999965,-0.2716285714285706,0.6101285714285665,22,6600.0,18.0,142.44285714285692,460.74891303380423,asian,Tue,0,False
771,BTCUSDm,short,2026-03-10 02:35:00+00:00,49059,69991.35,0.1,69991.35,68991.35,700.0,close_above_upper,0.5854229544426763,0.05,69491.35,0.5,0.05,69509.35,24.1,49073.0,2026-03-10 03:45:00+00:00,True,2026-03-10 04:35:00+00:00,49083,70009.35,be_stop,23.200000000000003,0.0,0.0,23.200000000000003,0.33142857142857146,-592.1199999999953,614.8400000000111,-0.8458857142857076,0.878342857142873,24,7200.0,18.0,198.62000000000262,474.7465407204276,asian,Tue,2,False
772,BTCUSDm,short,2026-03-10 08:10:00+00:00,49126,70921.13,0.1,70921.13,69921.13,700.0,close_above_upper,0.09842923738891624,0.05,70421.13,0.5,0.05,70439.13,24.1,49173.0,2026-03-10 12:05:00+00:00,True,2026-03-10 13:30:00+00:00,49190,70939.13,be_stop,23.200000000000003,0.0,0.0,23.200000000000003,0.33142857142857146,-377.86999999999534,638.0800000000017,-0.539814285714279,0.9115428571428597,64,19200.0,18.0,205.79142857142557,504.5015027667832,london,Tue,8,False
773,BTCUSDm,long,2026-03-10 13:40:00+00:00,49192,69790.11,0.1,69790.11,70790.11,700.0,close_below_lower,0.45173622765616767,0.05,70290.11,0.5,0.05,70290.11,25.0,49204.0,2026-03-10 14:40:00+00:00,True,2026-03-10 14:50:00+00:00,49206,70790.11,tp,75.0,0.0,0.0,75.0,1.0714285714285714,-566.0,898.7299999999959,-0.8085714285714286,1.2838999999999943,14,4200.0,18.0,195.78071428571482,523.7756759284641,overlap,Tue,13,False
774,BTCUSDm,short,2026-03-10 14:55:00+00:00,49207,71133.47,0.1,71133.47,70133.47,700.0,close_above_upper,0.8021512852801568,0.05,70633.47,0.5,0.05,70651.47,24.1,49239.0,2026-03-10 17:35:00+00:00,True,2026-03-10 18:35:00+00:00,49251,70151.47,tp,73.2,0.0,0.0,73.2,1.0457142857142858,-652.5500000000029,997.0899999999965,-0.9322142857142899,1.4244142857142807,44,13200.0,18.0,352.24785714285827,550.6487404144656,overlap,Tue,14,False
775,BTCUSDm,short,2026-03-11 13:15:00+00:00,49475,69848.43,0.1,70548.43,68848.43,700.0,close_above_upper,0.009633141980757194,0.1,69348.43,0.5,0.0,0.0,0.0,,,False,2026-03-11 13:30:00+00:00,49478,70566.43,sl,-71.8,0.0,0.0,-71.8,-1.0257142857142856,-551.6200000000099,52.229999999995925,-0.7880285714285855,0.07461428571427989,3,900.0,18.0,204.8885714285716,471.0798653114668,overlap,Wed,13,False
776,BTCUSDm,short,2026-03-11 13:35:00+00:00,49479,70725.91,0.1,70725.91,69725.91,700.0,close_above_upper,1.033095714921009,0.05,70225.91,0.5,0.05,70243.91,24.1,49481.0,2026-03-11 13:45:00+00:00,True,2026-03-11 14:00:00+00:00,49484,70743.91,be_stop,23.200000000000003,0.0,0.0,23.200000000000003,0.33142857142857146,-366.52999999999884,942.2300000000105,-0.523614285714284,1.3460428571428722,5,1500.0,18.0,252.0600000000008,484.2189937871461,overlap,Wed,13,False
777,BTCUSDm,short,2026-03-12 09:45:00+00:00,49721,70253.6,0.1,70253.6,69253.6,700.0,close_above_upper,0.09982897568010976,0.05,69753.6,0.5,0.05,69771.6,24.1,49769.0,2026-03-12 13:45:00+00:00,True,2026-03-12 14:00:00+00:00,49772,70271.6,be_stop,23.200000000000003,0.0,0.0,23.200000000000003,0.33142857142857146,-557.2599999999948,581.0299999999988,-0.7960857142857068,0.8300428571428555,51,15300.0,18.0,140.7457142857134,388.39841184994816,london,Thu,9,False
778,BTCUSDm,long,2026-03-12 14:40:00+00:00,49780,69599.18,0.1,69599.18,70599.18,700.0,close_below_lower,0.328365854910408,0.05,70099.18,0.5,0.05,70099.18,25.0,49789.0,2026-03-12 15:25:00+00:00,True,2026-03-12 23:15:00+00:00,49883,70599.18,tp,75.0,0.0,0.0,75.0,1.0714285714285714,-251.9899999999907,984.6100000000006,-0.359985714285701,1.4065857142857152,103,30900.0,18.0,327.1050000000022,377.5942229799453,overlap,Thu,14,False
779,BTCUSDm,short,2026-03-13 00:15:00+00:00,49895,71123.44,0.1,71823.44,70123.44,700.0,close_above_upper,0.405623929573508,0.1,70623.44,0.5,0.0,0.0,0.0,,,False,2026-03-13 00:30:00+00:00,49898,71841.44,sl,-71.8,0.0,0.0,-71.8,-1.0257142857142856,-633.429999999993,20.389999999999418,-0.90489999999999,0.029128571428570598,3,900.0,18.0,167.28071428571067,394.03969573708196,asian,Fri,0,False
780,BTCUSDm,short,2026-03-13 00:35:00+00:00,49899,71936.21,0.1,71936.21,70936.21,700.0,close_above_upper,1.3758855836810373,0.05,71436.21,0.5,0.05,71454.21,24.1,49901.0,2026-03-13 00:45:00+00:00,True,2026-03-13 08:35:00+00:00,49995,71954.21,be_stop,23.200000000000003,0.0,0.0,23.200000000000003,0.33142857142857146,-33.879999999990105,990.25,-0.048399999999985864,1.414642857142857,96,28800.0,18.0,245.12428571428194,410.02054225091416,asian,Fri,0,False
781,BTCUSDm,short,2026-03-13 08:40:00+00:00,49996,72041.14,0.1,72741.14,71041.14,700.0,close_above_upper,0.12296901120790643,0.1,71541.14,0.5,0.0,0.0,0.0,,,False,2026-03-13 12:45:00+00:00,50045,72759.14,sl,-71.8,0.0,0.0,-71.8,-1.0257142857142856,-616.8000000000029,449.6000000000058,-0.8811428571428613,0.6422857142857226,49,14700.0,18.0,160.12571428571496,390.2696235239929,london,Fri,8,False
782,BTCUSDm,short,2026-03-13 13:20:00+00:00,50052,73254.68,0.1,73254.68,72254.68,700.0,close_above_upper,0.5123878551310801,0.05,72754.68,0.5,0.05,72772.68,24.1,50069.0,2026-03-13 14:45:00+00:00,True,2026-03-13 15:00:00+00:00,50072,72272.68,tp,73.2,0.0,0.0,73.2,1.0457142857142858,-682.1500000000087,875.0899999999965,-0.9745000000000125,1.2501285714285664,20,6000.0,18.0,217.11071428571555,385.6909371915174,overlap,Fri,13,False
783,BTCUSDm,long,2026-03-13 15:05:00+00:00,50073,72409.41,0.1,71709.41,73409.41,700.0,close_below_lower,0.7344231910569347,0.1,72909.41,0.5,0.0,0.0,0.0,,,False,2026-03-13 16:00:00+00:00,50084,71709.41,sl,-70.0,0.0,0.0,-70.0,-1.0,-668.8700000000099,453.6399999999994,-0.9555285714285856,0.648057142857142,11,3300.0,18.0,315.69214285714094,425.8617732797434,overlap,Fri,15,False
784,BTCUSDm,long,2026-03-13 16:05:00+00:00,50085,71742.85,0.1,71742.85,72742.85,700.0,close_below_lower,0.31997461156324264,0.05,72242.85,0.5,0.05,72242.85,25.0,50099.0,2026-03-13 17:15:00+00:00,True,2026-03-13 17:25:00+00:00,50101,71742.85,be_stop,25.0,0.0,0.0,25.0,0.35714285714285715,-578.2600000000093,519.4799999999959,-0.8260857142857276,0.7421142857142798,16,4800.0,18.0,297.96714285714654,449.580893557342,newyork,Fri,16,False
785,BTCUSDm,long,2026-03-13 17:45:00+00:00,50105,71222.64,0.1,70522.64,72222.64,700.0,close_below_lower,0.21159111672154882,0.1,71722.64,0.5,0.0,0.0,0.0,,,False,2026-03-14 01:35:00+00:00,50199,70522.64,sl,-70.0,0.0,0.0,-70.0,-1.0,-675.4199999999983,270.77999999999884,-0.9648857142857118,0.38682857142856975,94,28200.0,18.0,227.4892857142851,468.57449555361666,newyork,Fri,17,False
786,BTCUSDm,short,2026-03-15 02:50:00+00:00,50502,71614.67,0.1,72314.67,70614.67,700.0,close_above_upper,0.06506656451546296,0.1,71114.67,0.5,0.0,0.0,0.0,,,False,2026-03-15 22:00:00+00:00,50732,72332.67,sl,-71.8,0.0,0.0,-71.8,-1.0257142857142856,-619.1199999999953,383.4799999999959,-0.8844571428571362,0.5478285714285656,230,69000.0,18.0,135.1971428571456,349.7192755540143,asian,Sun,2,False
787,BTCUSDm,short,2026-03-15 22:05:00+00:00,50733,72226.85,0.1,72226.85,71226.85,700.0,close_above_upper,0.32843067389965924,0.05,71726.85,0.5,0.05,71744.85,24.1,50735.0,2026-03-15 22:15:00+00:00,True,2026-03-15 22:30:00+00:00,50738,72244.85,be_stop,23.200000000000003,0.0,0.0,23.200000000000003,0.33142857142857146,-12.720000000001164,511.0200000000041,-0.018171428571430233,0.7300285714285772,5,1500.0,18.0,136.1700000000024,211.78255791419605,rollover,Sun,22,False
788,BTCUSDm,short,2026-03-15 22:40:00+00:00,50740,72319.02,0.1,73019.02,71319.02,700.0,close_above_upper,0.5083337854183483,0.1,71819.02,0.5,0.0,0.0,0.0,,,False,2026-03-15 22:50:00+00:00,50742,73037.02,sl,-71.8,0.0,0.0,-71.8,-1.0257142857142856,-238.88999999999942,22.85000000000582,-0.3412714285714277,0.03264285714286546,2,600.0,18.0,212.76142857142986,212.08680481583758,rollover,Sun,22,False
789,BTCUSDm,short,2026-03-15 22:55:00+00:00,50743,72695.08,0.1,73395.08,71695.08,700.0,close_above_upper,1.4700202441429902,0.1,72195.08,0.5,0.0,0.0,0.0,,,False,2026-03-16 03:30:00+00:00,50798,73413.08,sl,-71.8,0.0,0.0,-71.8,-1.0257142857142856,-532.6699999999983,416.83000000000175,-0.7609571428571403,0.5954714285714311,55,16500.0,18.0,238.6242857142861,218.67439977026675,rollover,Sun,22,False
790,BTCUSDm,short,2026-03-16 03:35:00+00:00,50799,73714.86,0.1,74414.86,72714.86,700.0,close_above_upper,3.0802320706906605,0.1,73214.86,0.5,0.0,0.0,0.0,,,False,2026-03-16 04:55:00+00:00,50815,74432.86,sl,-71.8,0.0,0.0,-71.8,-1.0257142857142856,-696.0899999999965,174.5399999999936,-0.9944142857142807,0.24934285714284798,16,4800.0,18.0,179.29785714285703,246.61311181241638,asian,Mon,3,False
791,BTCUSDm,long,2026-03-16 08:45:00+00:00,50861,72912.35,0.1,72912.35,73912.35,700.0,close_below_lower,0.7755962434547342,0.05,73412.35,0.5,0.05,73412.35,25.0,50876.0,2026-03-16 10:00:00+00:00,True,2026-03-16 12:30:00+00:00,50906,73912.35,tp,75.0,0.0,0.0,75.0,1.0714285714285714,-29.080000000001746,987.0299999999988,-0.041542857142859636,1.4100428571428554,45,13500.0,18.0,180.25357142857163,293.3666708523234,london,Mon,8,False
792,BTCUSDm,short,2026-03-16 13:35:00+00:00,50919,74306.96,0.1,74306.96,73306.96,700.0,close_above_upper,0.32031751638824457,0.05,73806.96,0.5,0.05,73824.96,24.1,50929.0,2026-03-16 14:25:00+00:00,True,2026-03-16 14:30:00+00:00,50930,73324.96,tp,73.2,0.0,0.0,73.2,1.0457142857142858,-217.17999999999302,701.8100000000122,-0.3102571428571329,1.0025857142857317,11,3300.0,18.0,187.5128571428556,316.3705399195127,overlap,Mon,13,False
793,BTCUSDm,long,2026-03-16 14:35:00+00:00,50931,73469.5,0.1,73469.5,74469.5,700.0,close_below_lower,0.7852836432200375,0.05,73969.5,0.5,0.05,73969.5,25.0,50942.0,2026-03-16 15:30:00+00:00,True,2026-03-16 15:50:00+00:00,50946,73469.5,be_stop,25.0,0.0,0.0,25.0,0.35714285714285715,-487.9100000000035,583.5099999999948,-0.6970142857142907,0.8335857142857068,15,4500.0,18.0,341.2300000000011,329.41424161849375,overlap,Mon,14,False
794,BTCUSDm,short,2026-03-16 18:10:00+00:00,50974,74308.59,0.1,74308.59,73308.59,700.0,close_above_upper,0.16316812039560274,0.05,73808.59,0.5,0.05,73826.59,24.1,50984.0,2026-03-16 19:00:00+00:00,True,2026-03-16 19:10:00+00:00,50986,74326.59,be_stop,23.200000000000003,0.0,0.0,23.200000000000003,0.33142857142857146,-54.48000000001048,538.4899999999907,-0.0778285714285864,0.7692714285714153,12,3600.0,18.0,191.52428571428547,359.8634042372995,newyork,Mon,18,False
795,BTCUSDm,short,2026-03-16 21:05:00+00:00,51009,74446.92,0.1,75146.92,73446.92,700.0,close_above_upper,0.004757551216246112,0.1,73946.92,0.5,0.0,0.0,0.0,,,False,2026-03-17 00:10:00+00:00,51046,75164.92,sl,-71.8,0.0,0.0,-71.8,-1.0257142857142856,-694.6600000000035,290.8000000000029,-0.9923714285714336,0.4154285714285756,37,11100.0,18.0,123.70571428571358,363.13713601311497,rollover,Mon,21,False
796,BTCUSDm,short,2026-03-17 00:15:00+00:00,51047,75398.03,0.1,75398.03,74398.03,700.0,close_above_upper,0.5556747291009193,0.05,74898.03,0.5,0.05,74916.03,24.1,51049.0,2026-03-17 00:25:00+00:00,True,2026-03-17 01:00:00+00:00,51056,75416.03,be_stop,23.200000000000003,0.0,0.0,23.200000000000003,0.33142857142857146,-116.69999999999709,566.4499999999971,-0.16671428571428157,0.8092142857142816,9,2700.0,18.0,203.05500000000134,388.05151938555207,asian,Tue,0,False
797,BTCUSDm,short,2026-03-17 01:15:00+00:00,51059,75830.35,0.1,75830.35,74830.35,700.0,close_above_upper,0.6887771979793283,0.05,75330.35,0.5,0.05,75348.35,24.1,51069.0,2026-03-17 02:05:00+00:00,True,2026-03-17 03:20:00+00:00,51084,74848.35,tp,73.2,0.0,0.0,73.2,1.0457142857142858,-180.68999999998778,924.4900000000052,-0.25812857142855394,1.3207000000000075,25,7500.0,18.0,311.8835714285721,396.54001319211324,asian,Tue,1,False
798,BTCUSDm,long,2026-03-17 03:35:00+00:00,51087,74609.69,0.1,73909.69,75609.69,700.0,close_below_lower,0.14300470188394465,0.1,75109.69,0.5,0.0,0.0,0.0,,,False,2026-03-17 05:40:00+00:00,51112,73909.69,sl,-70.0,0.0,0.0,-70.0,-1.0,-626.6999999999971,76.91000000000349,-0.8952857142857101,0.10987142857143356,25,7500.0,18.0,168.14214285714115,420.8625913991868,asian,Tue,3,False
799,BTCUSDm,short,2026-03-17 15:05:00+00:00,51225,74688.12,0.1,74688.12,73688.12,700.0,close_above_upper,0.2382838996493492,0.05,74188.12,0.5,0.05,74206.12,24.1,51226.0,2026-03-17 15:10:00+00:00,True,2026-03-17 15:35:00+00:00,51231,73706.12,tp,73.2,0.0,0.0,73.2,1.0457142857142858,-44.320000000006985,771.3099999999977,-0.06331428571429569,1.1018714285714253,6,1800.0,18.0,233.36857142856857,486.853890290596,overlap,Tue,15,False
800,BTCUSDm,long,2026-03-17 22:40:00+00:00,51316,74007.91,0.1,74007.91,75007.91,700.0,close_below_lower,0.2391516229520806,0.05,74507.91,0.5,0.05,74507.91,25.0,51372.0,2026-03-18 03:20:00+00:00,True,2026-03-18 05:45:00+00:00,51401,74007.91,be_stop,25.0,0.0,0.0,25.0,0.35714285714285715,-463.4600000000064,684.0399999999936,-0.6620857142857234,0.9771999999999909,85,25500.0,18.0,135.93000000000237,431.5481804782249,rollover,Tue,22,False
801,BTCUSDm,long,2026-03-18 11:35:00+00:00,51471,73225.31,0.1,72525.31,74225.31,700.0,close_below_lower,0.6560797302668997,0.1,73725.31,0.5,0.0,0.0,0.0,,,False,2026-03-18 12:30:00+00:00,51482,72525.31,sl,-70.0,0.0,0.0,-70.0,-1.0,-562.5,2.110000000000582,-0.8035714285714286,0.003014285714286546,11,3300.0,18.0,169.72999999999905,402.3547487836155,london,Wed,11,False
802,BTCUSDm,long,2026-03-18 12:35:00+00:00,51483,72425.41,0.1,71725.41,73425.41,700.0,close_below_lower,0.294095839415654,0.1,72925.41,0.5,0.0,0.0,0.0,,,False,2026-03-18 14:25:00+00:00,51505,71725.41,sl,-70.0,0.0,0.0,-70.0,-1.0,-568.8099999999977,145.0,-0.8125857142857109,0.20714285714285716,22,6600.0,18.0,265.7828571428576,424.88417977323627,overlap,Wed,12,False
803,BTCUSDm,long,2026-03-18 14:30:00+00:00,51506,71659.85,0.1,70959.85,72659.85,700.0,close_below_lower,0.017478597701822803,0.1,72159.85,0.5,0.0,0.0,0.0,,,False,2026-03-18 15:00:00+00:00,51512,70959.85,sl,-70.0,0.0,0.0,-70.0,-1.0,-611.8300000000017,210.51999999998952,-0.8740428571428597,0.30074285714284216,6,1800.0,18.0,229.15642857142979,442.8939735510544,overlap,Wed,14,False
804,BTCUSDm,long,2026-03-18 15:15:00+00:00,51515,71094.22,0.1,71094.22,72094.22,700.0,close_below_lower,0.05298387486791278,0.05,71594.22,0.5,0.05,71594.22,25.0,51543.0,2026-03-18 17:35:00+00:00,True,2026-03-18 18:50:00+00:00,51558,71094.22,be_stop,25.0,0.0,0.0,25.0,0.35714285714285715,-79.19999999999709,914.1999999999971,-0.11314285714285298,1.3059999999999958,43,12900.0,18.0,282.97857142857123,453.69219778330375,overlap,Wed,15,False
805,BTCUSDm,long,2026-03-18 18:55:00+00:00,51559,71096.61,0.1,71096.61,72096.61,700.0,close_below_lower,0.10075135620460902,0.05,71596.61,0.5,0.05,71596.61,25.0,51659.0,2026-03-19 03:15:00+00:00,True,2026-03-19 04:05:00+00:00,51669,71096.61,be_stop,25.0,0.0,0.0,25.0,0.35714285714285715,-612.4199999999983,521.3399999999965,-0.8748857142857118,0.7447714285714235,110,33000.0,18.0,222.8092857142869,438.67848706010705,newyork,Wed,18,False
806,BTCUSDm,long,2026-03-19 07:15:00+00:00,51707,70014.95,0.1,70014.95,71014.95,700.0,close_below_lower,0.44220805129096813,0.05,70514.95,0.5,0.05,70514.95,25.0,51737.0,2026-03-19 09:45:00+00:00,True,2026-03-19 11:40:00+00:00,51760,70008.91,be_stop,24.69800000000032,0.0,0.0,24.69800000000032,0.352828571428576,-535.7799999999988,548.6000000000058,-0.7653999999999983,0.783714285714294,53,15900.0,18.0,173.57357142857032,407.08629364734765,london,Thu,7,False
807,BTCUSDm,short,2026-03-19 13:50:00+00:00,51786,69868.54,0.1,69868.54,68868.54,700.0,close_above_upper,0.008040703426789293,0.05,69368.54,0.5,0.05,69386.54,24.1,51791.0,2026-03-19 14:15:00+00:00,True,2026-03-19 15:05:00+00:00,51801,69886.54,be_stop,23.200000000000003,0.0,0.0,23.200000000000003,0.33142857142857146,-296.0300000000134,795.6699999999983,-0.42290000000001915,1.1366714285714261,15,4500.0,18.0,254.73499999999953,416.26916276936316,overlap,Thu,13,False
808,BTCUSDm,long,2026-03-19 15:45:00+00:00,51809,68911.99,0.1,68911.99,69911.99,700.0,close_below_lower,0.04861425394883415,0.05,69411.99,0.5,0.05,69411.99,25.0,51810.0,2026-03-19 15:50:00+00:00,True,2026-03-19 17:50:00+00:00,51834,69911.99,tp,75.0,0.0,0.0,75.0,1.0714285714285714,-132.75,846.0999999999913,-0.18964285714285714,1.2087142857142732,25,7500.0,18.0,247.23714285714337,438.11258567430457,overlap,Thu,15,False
809,BTCUSDm,short,2026-03-19 19:15:00+00:00,51851,70342.8,0.1,70342.8,69342.8,700.0,close_above_upper,0.20108573721794262,0.05,69842.8,0.5,0.05,69860.8,24.1,51903.0,2026-03-19 23:35:00+00:00,True,2026-03-20 01:00:00+00:00,51920,70360.8,be_stop,23.200000000000003,0.0,0.0,23.200000000000003,0.33142857142857146,-341.6900000000023,636.4199999999983,-0.48812857142857474,0.9091714285714261,69,20700.0,18.0,175.23000000000008,432.5071417358055,newyork,Thu,19,False
810,BTCUSDm,short,2026-03-20 08:10:00+00:00,52006,71146.81,0.1,71146.81,70146.81,700.0,close_above_upper,0.0774467288848899,0.05,70646.81,0.5,0.05,70664.81,24.1,52019.0,2026-03-20 09:15:00+00:00,True,2026-03-20 13:30:00+00:00,52070,70164.81,tp,73.2,0.0,0.0,73.2,1.0457142857142858,-212.90000000000873,950.4599999999919,-0.3041428571428696,1.3577999999999883,64,19200.0,18.0,163.7885714285689,415.4032225530568,london,Fri,8,False
811,BTCUSDm,short,2026-03-20 21:20:00+00:00,52164,70504.96,0.1,70504.96,69504.96,700.0,close_above_upper,0.08779637107495636,0.05,70004.96,0.5,0.05,70018.96,24.3,52481.0,2026-03-21 23:45:00+00:00,True,2026-03-21 23:50:00+00:00,52482,69518.96,tp,73.60000000000001,0.0,0.0,73.60000000000001,1.0514285714285716,-587.0999999999913,947.8300000000017,-0.8387142857142732,1.3540428571428595,318,95400.0,14.0,156.59642857142794,425.27564473898826,rollover,Fri,21,False
812,BTCUSDm,long,2026-03-21 23:55:00+00:00,52483,69106.56,0.1,68406.56,70106.56,700.0,close_below_lower,2.231061608485553,0.1,69606.56,0.5,0.0,0.0,0.0,,,False,2026-03-22 00:00:00+00:00,52484,68406.56,sl,-70.0,0.0,0.0,-70.0,-1.0,-562.7200000000012,72.7100000000064,-0.803885714285716,0.10387142857143772,1,300.0,14.0,148.88857142857054,282.39029636220874,rollover,Sat,23,False
813,BTCUSDm,long,2026-03-22 00:05:00+00:00,52485,68448.64,0.1,68448.64,69448.64,700.0,close_below_lower,3.4021125707640296,0.05,68948.64,0.5,0.05,68948.64,25.0,52487.0,2026-03-22 00:15:00+00:00,True,2026-03-22 03:25:00+00:00,52525,69448.64,tp,75.0,0.0,0.0,75.0,1.0714285714285714,-97.11999999999534,952.8399999999965,-0.13874285714285048,1.361199999999995,40,12000.0,14.0,238.14214285714323,294.473965225452,asian,Sun,0,False
814,BTCUSDm,long,2026-03-22 08:30:00+00:00,52586,68619.03,0.1,67919.03,69619.03,700.0,close_below_lower,0.2412620015243015,0.1,69119.03,0.5,0.0,0.0,0.0,,,False,2026-03-22 21:05:00+00:00,52737,67919.03,sl,-70.0,0.0,0.0,-70.0,-1.0,-553.0200000000041,402.4400000000023,-0.7900285714285773,0.574914285714289,151,45300.0,14.0,145.9600000000012,255.20192038559986,london,Sun,8,False
815,BTCUSDm,long,2026-03-22 21:10:00+00:00,52738,67852.99,0.1,67852.99,68852.99,700.0,close_below_lower,0.6534751895835634,0.05,68352.99,0.5,0.05,68352.99,25.0,52753.0,2026-03-22 22:25:00+00:00,True,2026-03-22 23:50:00+00:00,52770,67852.99,be_stop,25.0,0.0,0.0,25.0,0.35714285714285715,-527.8400000000111,598.2799999999988,-0.7540571428571586,0.8546857142857126,32,9600.0,14.0,143.47642857142742,232.2499929204924,rollover,Sun,21,False
816,BTCUSDm,long,2026-03-23 00:40:00+00:00,52780,67594.33,0.1,67594.33,68594.33,700.0,close_below_lower,0.28713375511616085,0.05,68094.33,0.5,0.05,68094.33,25.0,52788.0,2026-03-23 01:20:00+00:00,True,2026-03-23 05:00:00+00:00,52832,68594.33,tp,75.0,0.0,0.0,75.0,1.0714285714285714,-175.33000000000175,975.1600000000035,-0.25047142857143107,1.3930857142857194,52,15600.0,14.0,179.0949999999991,262.82555498487716,asian,Mon,0,False
817,BTCUSDm,short,2026-03-23 05:05:00+00:00,52833,68666.49,0.1,68666.49,67666.49,700.0,close_above_upper,0.26909641879483737,0.05,68166.49,0.5,0.05,68180.49,24.3,52851.0,2026-03-23 06:35:00+00:00,True,2026-03-23 06:45:00+00:00,52853,67680.49,tp,73.60000000000001,0.0,0.0,73.60000000000001,1.0514285714285716,-218.93999999998778,991.9300000000076,-0.3127714285714111,1.417042857142868,20,6000.0,14.0,111.09142857142953,287.386851723765,asian,Mon,5,False
818,BTCUSDm,long,2026-03-23 06:50:00+00:00,52854,67791.95,0.1,67791.95,68791.95,700.0,close_below_lower,1.0275672787891625,0.05,68291.95,0.5,0.05,68291.95,25.0,52864.0,2026-03-23 07:40:00+00:00,True,2026-03-23 11:05:00+00:00,52905,68791.95,tp,75.0,0.0,0.0,75.0,1.0714285714285714,-315.1900000000023,906.0299999999988,-0.4502714285714319,1.2943285714285697,51,15300.0,14.0,190.47857142857123,308.2624006654984,asian,Mon,6,False
819,BTCUSDm,short,2026-03-23 11:10:00+00:00,52906,71185.23,0.1,71185.23,70185.23,700.0,close_above_upper,6.092403073851949,0.05,70685.23,0.5,0.05,70699.23,24.3,52907.0,2026-03-23 11:15:00+00:00,True,2026-03-23 11:30:00+00:00,52910,71199.23,be_stop,23.6,0.0,0.0,23.6,0.3371428571428572,-298.0200000000041,907.0800000000017,-0.425742857142863,1.295828571428574,4,1200.0,14.0,316.8478571428589,350.7837149600748,london,Mon,11,False
820,BTCUSDm,short,2026-03-23 11:35:00+00:00,52911,70986.2,0.1,70986.2,69986.2,700.0,close_above_upper,2.228949875681256,0.05,70486.2,0.5,0.05,70500.2,24.3,52913.0,2026-03-23 11:45:00+00:00,True,2026-03-23 12:00:00+00:00,52916,70000.2,tp,73.60000000000001,0.0,0.0,73.60000000000001,1.0514285714285716,0.0,958.6499999999942,0.0,1.3694999999999917,5,1500.0,14.0,454.14571428571696,393.4857281716502,london,Mon,11,False
821,BTCUSDm,short,2026-03-23 13:45:00+00:00,52937,71189.31,0.1,71189.31,70189.31,700.0,close_above_upper,0.020757237094310477,0.05,70689.31,0.5,0.05,70703.31,24.3,52960.0,2026-03-23 15:40:00+00:00,True,2026-03-23 15:55:00+00:00,52963,70203.31,tp,73.60000000000001,0.0,0.0,73.60000000000001,1.0514285714285716,-625.2299999999959,923.5699999999924,-0.8931857142857085,1.3193857142857035,26,7800.0,14.0,254.0721428571425,427.9413504592923,overlap,Mon,13,False
822,BTCUSDm,long,2026-03-23 16:00:00+00:00,52964,70136.88,0.1,70136.88,71136.88,700.0,close_below_lower,0.5900749114875476,0.05,70636.88,0.5,0.05,70636.88,25.0,52973.0,2026-03-23 16:45:00+00:00,True,2026-03-23 18:00:00+00:00,52988,71136.88,tp,75.0,0.0,0.0,75.0,1.0714285714285714,-31.029999999998836,965.1999999999971,-0.04432857142856977,1.3788571428571388,24,7200.0,14.0,250.1749999999977,468.8771901082589,newyork,Mon,16,False
823,BTCUSDm,long,2026-03-24 13:55:00+00:00,53227,70075.71,0.1,69375.71,71075.71,700.0,close_below_lower,0.06629980292505111,0.1,70575.71,0.5,0.0,0.0,0.0,,,False,2026-03-24 16:35:00+00:00,53259,69375.71,sl,-70.0,0.0,0.0,-70.0,-1.0,-605.9700000000012,366.9399999999878,-0.8656714285714302,0.5241999999999826,32,9600.0,14.0,209.0835714285713,486.2866456002737,overlap,Tue,13,False
824,BTCUSDm,short,2026-03-25 08:35:00+00:00,53451,71472.06,0.1,71472.06,70472.06,700.0,close_above_upper,0.09581992031663449,0.05,70972.06,0.5,0.05,70986.06,24.3,53529.0,2026-03-25 15:05:00+00:00,True,2026-03-25 16:25:00+00:00,53545,71486.06,be_stop,23.6,0.0,0.0,23.6,0.3371428571428572,-562.6800000000076,924.7799999999988,-0.8038285714285822,1.3211142857142841,94,28200.0,14.0,151.58142857142957,383.21690242048317,london,Wed,8,False
825,BTCUSDm,short,2026-03-25 16:30:00+00:00,53546,71487.98,0.1,71487.98,70487.98,700.0,close_above_upper,0.38349786497415034,0.05,70987.98,0.5,0.05,71001.98,24.3,53555.0,2026-03-25 17:15:00+00:00,True,2026-03-25 22:40:00+00:00,53620,71501.98,be_stop,23.6,0.0,0.0,23.6,0.3371428571428572,-133.8700000000099,887.2899999999936,-0.1912428571428713,1.2675571428571337,74,22200.0,14.0,191.57785714285794,378.21517667837713,newyork,Wed,16,False
826,BTCUSDm,long,2026-03-26 05:55:00+00:00,53707,70080.98,0.1,69380.98,71080.98,700.0,close_below_lower,0.12302869170929559,0.1,70580.98,0.5,0.0,0.0,0.0,,,False,2026-03-26 09:45:00+00:00,53753,69380.98,sl,-70.0,0.0,0.0,-70.0,-1.0,-681.25,52.86000000000058,-0.9732142857142857,0.07551428571428655,46,13800.0,14.0,125.79857142857198,382.23326607696094,asian,Thu,5,False
827,BTCUSDm,long,2026-03-26 09:50:00+00:00,53754,69387.56,0.1,68687.56,70387.56,700.0,close_below_lower,0.04394991045975803,0.1,69887.56,0.5,0.0,0.0,0.0,,,False,2026-03-26 15:15:00+00:00,53817,68687.56,sl,-70.0,0.0,0.0,-70.0,-1.0,-531.1199999999953,476.9400000000023,-0.7587428571428505,0.6813428571428605,63,19500.0,14.0,156.23285714285572,366.40551772467813,london,Thu,9,False
828,BTCUSDm,long,2026-03-26 15:20:00+00:00,53818,68854.08,0.1,68154.08,69854.08,700.0,close_below_lower,0.4597749038846773,0.1,69354.08,0.5,0.0,0.0,0.0,,,False,2026-03-26 18:20:00+00:00,53854,68154.08,sl,-70.0,0.0,0.0,-70.0,-1.0,-641.1300000000047,330.0,-0.9159000000000066,0.4714285714285714,36,10800.0,14.0,239.4099999999983,334.7100482192184,overlap,Thu,15,False
829,BTCUSDm,long,2026-03-26 18:30:00+00:00,53856,68154.59,0.1,68154.59,69154.59,700.0,close_below_lower,0.19696119493986444,0.05,68654.59,0.5,0.05,68654.59,25.0,53876.0,2026-03-26 20:10:00+00:00,True,2026-03-26 20:10:00+00:00,53876,69154.59,tp,75.0,0.0,0.0,75.0,1.0714285714285714,-26.869999999995343,479.3700000000099,-0.03838571428570763,0.6848142857142998,20,6000.0,14.0,186.17071428571217,340.1912910823861,newyork,Thu,18,False
830,BTCUSDm,short,2026-03-26 20:15:00+00:00,53877,69138.6,0.1,69138.6,68138.6,700.0,close_above_upper,0.7708087373433845,0.05,68638.6,0.5,0.05,68652.6,24.3,53902.0,2026-03-26 22:20:00+00:00,True,2026-03-27 08:35:00+00:00,54025,68152.6,tp,73.60000000000001,0.0,0.0,73.60000000000001,1.0514285714285716,-152.25,987.9400000000023,-0.2175,1.4113428571428606,148,44400.0,14.0,185.24357142857065,344.0161753784978,newyork,Thu,20,False
831,BTCUSDm,long,2026-03-27 08:40:00+00:00,54026,67646.97,0.1,66946.97,68646.97,700.0,close_below_lower,1.1441042057043957,0.1,68146.97,0.5,0.0,0.0,0.0,,,False,2026-03-27 10:35:00+00:00,54049,66946.97,sl,-70.0,0.0,0.0,-70.0,-1.0,-153.75,360.2899999999936,-0.21964285714285714,0.5146999999999908,23,6900.0,14.0,167.58285714285634,335.4507001448305,london,Fri,8,False
832,BTCUSDm,long,2026-03-27 10:40:00+00:00,54050,66963.56,0.1,66263.56,67963.56,700.0,close_below_lower,1.037525488083674,0.1,67463.56,0.5,0.0,0.0,0.0,,,False,2026-03-27 11:00:00+00:00,54054,66263.56,sl,-70.0,0.0,0.0,-70.0,-1.0,-694.3099999999977,49.919999999998254,-0.9918714285714253,0.07131428571428322,4,1200.0,14.0,172.23785714285623,329.07390522782646,london,Fri,10,False
833,BTCUSDm,long,2026-03-27 11:05:00+00:00,54055,66432.49,0.1,65732.49,67432.49,700.0,close_below_lower,1.0754057651863471,0.1,66932.49,0.5,0.0,0.0,0.0,,,False,2026-03-27 14:25:00+00:00,54095,65732.49,sl,-70.0,0.0,0.0,-70.0,-1.0,-686.9400000000023,380.2299999999959,-0.9813428571428605,0.5431857142857085,40,12000.0,14.0,235.9314285714281,347.7439904761669,london,Fri,11,False
834,BTCUSDm,long,2026-03-27 14:30:00+00:00,54096,65698.87,0.1,65698.87,66698.87,700.0,close_below_lower,0.49096374113192515,0.05,66198.87,0.5,0.05,66198.87,25.0,54102.0,2026-03-27 15:00:00+00:00,True,2026-03-27 17:40:00+00:00,54134,65698.87,be_stop,25.0,0.0,0.0,25.0,0.35714285714285715,-16.30999999999767,895.4600000000064,-0.023299999999996674,1.2792285714285805,38,11400.0,14.0,234.66071428571428,356.7606490090842,overlap,Fri,14,False
835,BTCUSDm,short,2026-03-28 13:45:00+00:00,54375,66891.58,0.1,66891.58,65891.58,700.0,close_above_upper,0.2904441477868155,0.05,66391.58,0.5,0.05,66405.58,24.3,54488.0,2026-03-28 23:10:00+00:00,True,2026-03-29 03:15:00+00:00,54537,66905.58,be_stop,23.6,0.0,0.0,23.6,0.3371428571428572,-367.20999999999185,675.2799999999988,-0.5245857142857027,0.9646857142857126,162,48600.0,14.0,108.8385714285718,314.8971001137374,overlap,Sat,13,False
836,BTCUSDm,short,2026-03-29 03:20:00+00:00,54538,66984.71,0.1,66984.71,65984.71,700.0,close_above_upper,0.06750459312897013,0.05,66484.71,0.5,0.05,66498.71,24.3,54613.0,2026-03-29 09:35:00+00:00,True,2026-03-29 22:40:00+00:00,54770,65998.71,tp,73.60000000000001,0.0,0.0,73.60000000000001,1.0514285714285716,-16.610000000000582,898.7900000000081,-0.02372857142857226,1.2839857142857258,232,69600.0,14.0,92.64214285714426,273.5758993580873,asian,Sun,3,False
837,BTCUSDm,long,2026-03-29 22:45:00+00:00,54771,65637.71,0.1,65637.71,66637.71,700.0,close_below_lower,2.419727189137686,0.05,66137.71,0.5,0.05,66137.71,25.0,54774.0,2026-03-29 23:00:00+00:00,True,2026-03-30 00:15:00+00:00,54789,66637.71,tp,75.0,0.0,0.0,75.0,1.0714285714285714,-709.4700000000084,692.6599999999889,-1.0135285714285835,0.9895142857142699,18,5400.0,14.0,172.5528571428596,200.10596821021323,rollover,Sun,22,False
838,BTCUSDm,short,2026-03-30 00:20:00+00:00,54790,66839.03,0.1,66839.03,65839.03,700.0,close_above_upper,2.9159221241862157,0.05,66339.03,0.5,0.05,66353.03,24.3,54793.0,2026-03-30 00:35:00+00:00,True,2026-03-30 02:15:00+00:00,54813,66853.03,be_stop,23.6,0.0,0.0,23.6,0.3371428571428572,-175.61999999999534,787.2899999999936,-0.2508857142857076,1.124699999999991,23,6900.0,14.0,233.25642857142833,216.66559549070834,asian,Mon,0,False
839,BTCUSDm,short,2026-03-30 02:45:00+00:00,54819,66983.46,0.1,67683.46,65983.46,700.0,close_above_upper,0.36653352141016154,0.1,66483.46,0.5,0.0,0.0,0.0,,,False,2026-03-30 05:05:00+00:00,54847,67697.46,sl,-71.4,0.0,0.0,-71.4,-1.02,-671.1999999999971,77.09000000001106,-0.9588571428571387,0.11012857142858723,28,8400.0,14.0,163.66428571428696,235.688769966287,asian,Mon,2,False
840,BTCUSDm,short,2026-03-30 08:05:00+00:00,54883,67705.3,0.1,67705.3,66705.3,700.0,close_above_upper,0.3806893364974132,0.05,67205.3,0.5,0.05,67219.3,24.3,54959.0,2026-03-30 14:25:00+00:00,True,2026-03-30 14:55:00+00:00,54965,67719.3,be_stop,23.6,0.0,0.0,23.6,0.3371428571428572,-422.3099999999977,676.1900000000023,-0.6032999999999967,0.9659857142857177,82,24600.0,14.0,116.95714285714348,253.0174561535263,london,Mon,8,False
841,BTCUSDm,short,2026-03-30 15:00:00+00:00,54966,67735.43,0.1,67735.43,66735.43,700.0,close_above_upper,0.13405620682506644,0.05,67235.43,0.5,0.05,67249.43,24.3,54982.0,2026-03-30 16:20:00+00:00,True,2026-03-30 17:25:00+00:00,54995,66749.43,tp,73.60000000000001,0.0,0.0,73.60000000000001,1.0514285714285716,-118.63000000000466,997.1499999999942,-0.1694714285714352,1.4244999999999917,29,8700.0,14.0,234.4621428571419,283.71827974771554,overlap,Mon,15,False
842,BTCUSDm,long,2026-03-30 17:30:00+00:00,54996,66763.48,0.1,66763.48,67763.48,700.0,close_below_lower,0.3975516578770513,0.05,67263.48,0.5,0.05,67263.48,25.0,55089.0,2026-03-31 01:15:00+00:00,True,2026-03-31 01:25:00+00:00,55091,67763.48,tp,75.0,0.0,0.0,75.0,1.0714285714285714,-596.75,991.1100000000006,-0.8525,1.4158714285714293,95,28500.0,14.0,154.5064285714304,293.1214802333569,newyork,Mon,17,False
843,BTCUSDm,short,2026-03-31 01:30:00+00:00,55092,67723.48,0.1,67723.48,66723.48,700.0,close_above_upper,0.699820413713562,0.05,67223.48,0.5,0.05,67237.48,24.3,55160.0,2026-03-31 07:10:00+00:00,True,2026-03-31 08:45:00+00:00,55179,66737.48,tp,73.60000000000001,0.0,0.0,73.60000000000001,1.0514285714285716,-628.2100000000064,979.1699999999983,-0.8974428571428663,1.3988142857142831,87,26100.0,14.0,202.16142857143132,333.81872828668344,asian,Tue,1,False
844,BTCUSDm,long,2026-03-31 09:20:00+00:00,55186,66482.71,0.1,66482.71,67482.71,700.0,close_below_lower,0.07790668654748949,0.05,66982.71,0.5,0.05,66982.71,25.0,55237.0,2026-03-31 13:35:00+00:00,True,2026-03-31 14:15:00+00:00,55245,67482.71,tp,75.0,0.0,0.0,75.0,1.0714285714285714,-565.8500000000058,998.7799999999988,-0.8083571428571512,1.4268285714285698,59,17700.0,14.0,165.03499999999934,375.683620394962,london,Tue,9,False
845,BTCUSDm,short,2026-03-31 14:20:00+00:00,55246,67657.5,0.1,67657.5,66657.5,700.0,close_above_upper,0.3595058006984725,0.05,67157.5,0.5,0.05,67171.5,24.3,55250.0,2026-03-31 14:40:00+00:00,True,2026-03-31 14:50:00+00:00,55252,66671.5,tp,73.60000000000001,0.0,0.0,73.60000000000001,1.0514285714285716,-37.14999999999418,844.5299999999988,-0.053071428571420255,1.2064714285714269,6,1800.0,14.0,231.37714285714486,410.77523813174525,overlap,Tue,14,False
846,BTCUSDm,long,2026-03-31 14:55:00+00:00,55253,66536.74,0.1,66536.74,67536.74,700.0,close_below_lower,0.579354450819669,0.05,67036.74,0.5,0.05,67036.74,25.0,55255.0,2026-03-31 15:05:00+00:00,True,2026-03-31 16:40:00+00:00,55274,67536.74,tp,75.0,0.0,0.0,75.0,1.0714285714285714,-186.02999999999884,915.8999999999942,-0.2657571428571412,1.308428571428563,21,6300.0,14.0,291.7778571428571,423.0230664257151,overlap,Tue,14,False
847,BTCUSDm,short,2026-03-31 16:45:00+00:00,55275,67715.93,0.1,68415.93,66715.93,700.0,close_above_upper,0.5782367973630286,0.1,67215.93,0.5,0.0,0.0,0.0,,,False,2026-03-31 17:10:00+00:00,55280,68429.93,sl,-71.4,0.0,0.0,-71.4,-1.02,-128.0300000000134,285.2199999999866,-0.18290000000001913,0.40745714285712376,5,1500.0,14.0,237.788571428572,418.5409609193107,newyork,Tue,16,False
848,BTCUSDm,short,2026-03-31 17:15:00+00:00,55281,68390.07,0.1,68390.07,67390.07,700.0,close_above_upper,1.0947789723894075,0.05,67890.07,0.5,0.05,67904.07,24.3,55284.0,2026-03-31 17:30:00+00:00,True,2026-03-31 17:55:00+00:00,55289,67404.07,tp,73.60000000000001,0.0,0.0,73.60000000000001,1.0514285714285716,-149.2399999999907,949.2900000000081,-0.2131999999999867,1.3561285714285831,8,2400.0,14.0,308.4735714285707,434.152414829555,newyork,Tue,17,False
849,BTCUSDm,short,2026-04-01 06:45:00+00:00,55431,69166.61,0.1,69166.61,68166.61,700.0,close_above_upper,0.08202101592612603,0.05,68666.61,0.5,0.05,68680.61,24.3,55443.0,2026-04-01 07:45:00+00:00,True,2026-04-01 13:05:00+00:00,55507,68180.61,tp,73.60000000000001,0.0,0.0,73.60000000000001,1.0514285714285716,-123.7899999999936,996.6999999999971,-0.176842857142848,1.4238571428571387,76,22800.0,14.0,138.42428571428692,434.77981223697407,asian,Wed,6,False
850,BTCUSDm,long,2026-04-01 18:05:00+00:00,55567,68032.21,0.1,68032.21,69032.21,700.0,close_below_lower,0.04522374543605498,0.05,68532.21,0.5,0.05,68532.21,25.0,55607.0,2026-04-01 21:25:00+00:00,True,2026-04-01 23:30:00+00:00,55632,68032.21,be_stop,25.0,0.0,0.0,25.0,0.35714285714285715,-88.29000000000815,503.7699999999895,-0.12612857142858308,0.7196714285714136,65,19500.0,14.0,179.99357142857374,423.10378878456527,newyork,Wed,18,False
851,BTCUSDm,long,2026-04-02 01:20:00+00:00,55654,67604.49,0.1,66904.49,68604.49,700.0,close_below_lower,0.6299867178892783,0.1,68104.49,0.5,0.0,0.0,0.0,,,False,2026-04-02 02:10:00+00:00,55664,66904.49,sl,-70.0,0.0,0.0,-70.0,-1.0,-583.4500000000116,215.66999999999825,-0.8335000000000167,0.3080999999999975,10,3000.0,14.0,256.3285714285708,396.91660175861557,asian,Thu,1,False
852,BTCUSDm,long,2026-04-02 02:15:00+00:00,55665,66862.08,0.1,66162.08,67862.08,700.0,close_below_lower,0.2500188288124219,0.1,67362.08,0.5,0.0,0.0,0.0,,,False,2026-04-02 11:15:00+00:00,55773,66162.08,sl,-70.0,0.0,0.0,-70.0,-1.0,-670.7200000000012,174.9100000000035,-0.9581714285714302,0.24987142857143357,108,32400.0,14.0,359.4714285714311,424.4075551373382,asian,Thu,2,False
853,BTCUSDm,short,2026-04-02 14:40:00+00:00,55814,66843.09,0.1,66843.09,65843.09,700.0,close_above_upper,0.4986241705674999,0.05,66343.09,0.5,0.05,66357.09,24.3,55956.0,2026-04-03 02:30:00+00:00,True,2026-04-03 07:05:00+00:00,56011,66857.09,be_stop,23.6,0.0,0.0,23.6,0.3371428571428572,-587.070000000007,578.5699999999924,-0.8386714285714385,0.8265285714285606,197,59100.0,14.0,241.19142857142808,371.0128315046333,overlap,Thu,14,False
854,BTCUSDm,short,2026-04-04 15:15:00+00:00,56397,67367.22,0.1,67367.22,66367.22,700.0,close_above_upper,0.16675158224224856,0.05,66867.22,0.5,0.05,66881.22,24.3,56573.0,2026-04-05 05:55:00+00:00,True,2026-04-05 15:25:00+00:00,56687,67381.22,be_stop,23.6,0.0,0.0,23.6,0.3371428571428572,-174.39999999999418,777.5099999999948,-0.24914285714284884,1.110728571428564,290,87000.0,14.0,72.16857142857043,156.29328903614427,overlap,Sat,15,False
855,BTCUSDm,short,2026-04-05 15:30:00+00:00,56688,67489.48,0.1,68189.48,66489.48,700.0,close_above_upper,3.349140390848818,0.1,66989.48,0.5,0.0,0.0,0.0,,,False,2026-04-05 22:45:00+00:00,56775,68203.48,sl,-71.4,0.0,0.0,-71.4,-1.02,-481.3700000000099,342.9899999999907,-0.6876714285714427,0.489985714285701,87,26100.0,14.0,89.54071428571271,118.51889117166361,overlap,Sun,15,False
856,BTCUSDm,short,2026-04-05 22:50:00+00:00,56776,68120.61,0.1,68820.61,67120.61,700.0,close_above_upper,2.259711194387836,0.1,67620.61,0.5,0.0,0.0,0.0,,,False,2026-04-05 23:15:00+00:00,56781,68834.61,sl,-71.4,0.0,0.0,-71.4,-1.02,-459.22000000000116,77.30000000000291,-0.6560285714285731,0.11042857142857558,5,1500.0,14.0,186.48785714285728,152.3616172603132,rollover,Sun,22,False
857,BTCUSDm,short,2026-04-05 23:20:00+00:00,56782,68858.09,0.1,69558.09,67858.09,700.0,close_above_upper,3.547579106186049,0.1,68358.09,0.5,0.0,0.0,0.0,,,False,2026-04-06 00:00:00+00:00,56790,69572.09,sl,-71.4,0.0,0.0,-71.4,-1.02,-254.75,193.26999999998952,-0.36392857142857143,0.276099999999985,8,2400.0,14.0,223.93500000000287,171.85331603893934,rollover,Sun,23,False
858,BTCUSDm,short,2026-04-06 00:05:00+00:00,56791,69321.07,0.1,69321.07,68321.07,700.0,close_above_upper,1.6868272072013322,0.05,68821.07,0.5,0.05,68835.07,24.3,56804.0,2026-04-06 01:10:00+00:00,True,2026-04-06 02:30:00+00:00,56820,69335.07,be_stop,23.6,0.0,0.0,23.6,0.3371428571428572,-174.92999999999302,583.3100000000122,-0.24989999999999002,0.8333000000000175,29,8700.0,14.0,242.9764285714295,195.10940568344705,asian,Mon,0,False
859,BTCUSDm,short,2026-04-06 02:35:00+00:00,56821,69310.6,0.1,69310.6,68310.6,700.0,close_above_upper,0.36563271261293495,0.05,68810.6,0.5,0.05,68824.6,24.3,56867.0,2026-04-06 06:25:00+00:00,True,2026-04-06 08:35:00+00:00,56893,69324.6,be_stop,23.6,0.0,0.0,23.6,0.3371428571428572,-29.069999999992433,529.8000000000029,-0.04152857142856062,0.756857142857147,72,21600.0,14.0,152.17357142857196,219.79945406027815,asian,Mon,2,False
860,BTCUSDm,short,2026-04-06 09:15:00+00:00,56901,69617.35,0.1,70317.35,68617.35,700.0,close_above_upper,0.5849020929678719,0.1,69117.35,0.5,0.0,0.0,0.0,,,False,2026-04-06 16:45:00+00:00,56991,70331.35,sl,-71.4,0.0,0.0,-71.4,-1.02,-653.7699999999895,497.8600000000006,-0.9339571428571279,0.7112285714285722,90,27000.0,14.0,106.61571428571604,238.1132333552252,london,Mon,9,False
861,BTCUSDm,long,2026-04-06 17:05:00+00:00,56995,69613.55,0.1,68913.55,70613.55,700.0,close_below_lower,0.2495710639765584,0.1,70113.55,0.5,0.0,0.0,0.0,,,False,2026-04-06 22:50:00+00:00,57064,68913.55,sl,-70.0,0.0,0.0,-70.0,-1.0,-446.2100000000064,384.08000000000175,-0.6374428571428663,0.5486857142857168,69,20700.0,14.0,175.93357142856985,285.0927484632533,newyork,Mon,17,False
862,BTCUSDm,long,2026-04-06 22:55:00+00:00,57065,68962.1,0.1,68262.1,69962.1,700.0,close_below_lower,0.22332471394849399,0.1,69462.1,0.5,0.0,0.0,0.0,,,False,2026-04-07 02:05:00+00:00,57103,68262.1,sl,-70.0,0.0,0.0,-70.0,-1.0,-697.1600000000035,168.61000000000058,-0.9959428571428621,0.2408714285714294,38,11400.0,14.0,121.70928571428418,321.7724508326044,rollover,Mon,22,False
863,BTCUSDm,long,2026-04-07 10:40:00+00:00,57206,68554.33,0.1,67854.33,69554.33,700.0,close_below_lower,0.07941975941657187,0.1,69054.33,0.5,0.0,0.0,0.0,,,False,2026-04-07 14:05:00+00:00,57247,67854.33,sl,-70.0,0.0,0.0,-70.0,-1.0,-501.63000000000466,80.58999999999651,-0.7166142857142924,0.11512857142856645,41,12300.0,14.0,132.8464285714269,362.5582202016207,london,Tue,10,False
864,BTCUSDm,long,2026-04-07 14:10:00+00:00,57248,67870.81,0.1,67870.81,68870.81,700.0,close_below_lower,0.18695693263758692,0.05,68370.81,0.5,0.05,68370.81,25.0,57270.0,2026-04-07 16:00:00+00:00,True,2026-04-07 17:35:00+00:00,57289,68870.81,tp,75.0,0.0,0.0,75.0,1.0714285714285714,-157.30999999999767,643.8399999999965,-0.2247285714285681,0.9197714285714236,41,12300.0,14.0,163.46428571428572,385.3661747074135,overlap,Tue,14,False
865,BTCUSDm,short,2026-04-07 19:55:00+00:00,57317,69005.25,0.1,69705.25,68005.25,700.0,close_above_upper,0.21677736075843093,0.1,68505.25,0.5,0.0,0.0,0.0,,,False,2026-04-07 21:05:00+00:00,57331,69719.25,sl,-71.4,0.0,0.0,-71.4,-1.02,-517.9199999999983,76.42999999999302,-0.7398857142857118,0.10918571428570431,14,4200.0,14.0,167.80142857143073,346.2991274027296,newyork,Tue,19,False
866,BTCUSDm,short,2026-04-07 21:10:00+00:00,57332,69868.26,0.1,70568.26,68868.26,700.0,close_above_upper,0.5275665399354832,0.1,69368.26,0.5,0.0,0.0,0.0,,,False,2026-04-07 22:05:00+00:00,57343,70582.26,sl,-71.4,0.0,0.0,-71.4,-1.02,-345.1200000000099,391.58000000000175,-0.4930285714285856,0.5594000000000025,11,3300.0,14.0,181.3957142857159,362.7107073473036,rollover,Tue,21,False
867,BTCUSDm,short,2026-04-07 22:15:00+00:00,57345,70276.38,0.1,70976.38,69276.38,700.0,close_above_upper,0.03868466793843706,0.1,69776.38,0.5,0.0,0.0,0.0,,,False,2026-04-07 22:30:00+00:00,57348,70990.38,sl,-71.4,0.0,0.0,-71.4,-1.02,-183.50999999999476,112.88999999999942,-0.2621571428571354,0.16127142857142773,3,900.0,14.0,259.6807142857152,379.68716704241626,rollover,Tue,22,False
868,BTCUSDm,short,2026-04-07 22:35:00+00:00,57349,70831.37,0.1,71531.37,69831.37,700.0,close_above_upper,0.8185460749376462,0.1,70331.37,0.5,0.0,0.0,0.0,,,False,2026-04-07 23:00:00+00:00,57354,71545.37,sl,-71.4,0.0,0.0,-71.4,-1.02,-688.8800000000047,209.59999999999127,-0.9841142857142924,0.29942857142855894,5,1500.0,14.0,248.07571428571413,387.96495306552345,rollover,Tue,22,False
869,BTCUSDm,short,2026-04-07 23:05:00+00:00,57355,71341.35,0.1,72041.35,70341.35,700.0,close_above_upper,0.5152367590945642,0.1,70841.35,0.5,0.0,0.0,0.0,,,False,2026-04-07 23:20:00+00:00,57358,72055.35,sl,-71.4,0.0,0.0,-71.4,-1.02,-330.7899999999936,164.9100000000035,-0.4725571428571337,0.23558571428571928,3,900.0,14.0,325.59571428571195,410.3017443447145,rollover,Tue,23,False
870,BTCUSDm,short,2026-04-07 23:25:00+00:00,57359,71998.62,0.1,72698.62,70998.62,700.0,close_above_upper,1.0101552690250628,0.1,71498.62,0.5,0.0,0.0,0.0,,,False,2026-04-07 23:30:00+00:00,57360,72764.84,sl,-76.62200000000011,0.0,0.0,-76.62200000000011,-1.0946000000000016,-761.8600000000006,52.26999999998952,-1.0883714285714294,0.07467142857141361,1,300.0,14.0,355.402857142855,424.8317180381139,rollover,Tue,23,False
871,BTCUSDm,short,2026-04-07 23:35:00+00:00,57361,72364.7,0.1,72364.7,71364.7,700.0,close_above_upper,1.0236232036521484,0.05,71864.7,0.5,0.05,71878.7,24.3,57365.0,2026-04-07 23:55:00+00:00,True,2026-04-08 02:00:00+00:00,57390,71378.7,tp,73.60000000000001,0.0,0.0,73.60000000000001,1.0514285714285716,-17.44999999999709,928.4599999999919,-0.024928571428567272,1.326371428571417,29,8700.0,14.0,420.17214285714,438.4695936630858,rollover,Tue,23,False
872,BTCUSDm,short,2026-04-08 13:10:00+00:00,57524,72634.0,0.1,72634.0,71634.0,700.0,close_above_upper,0.6445140425978287,0.05,72134.0,0.5,0.05,72148.0,24.3,57528.0,2026-04-08 13:30:00+00:00,True,2026-04-08 13:45:00+00:00,57531,71648.0,tp,73.60000000000001,0.0,0.0,73.60000000000001,1.0514285714285716,-249.75,981.3899999999994,-0.35678571428571426,1.4019857142857135,7,2100.0,14.0,169.05214285714152,413.233993352664,overlap,Wed,13,False
873,BTCUSDm,long,2026-04-08 13:55:00+00:00,57533,71596.53,0.1,70896.53,72596.53,700.0,close_below_lower,0.14083500998324242,0.1,72096.53,0.5,0.0,0.0,0.0,,,False,2026-04-08 14:50:00+00:00,57544,70896.53,sl,-70.0,0.0,0.0,-70.0,-1.0,-675.7599999999948,159.02000000000407,-0.9653714285714211,0.22717142857143438,11,3300.0,14.0,311.02285714285557,431.6446662611256,overlap,Wed,13,False
874,BTCUSDm,long,2026-04-08 14:55:00+00:00,57545,70897.2,0.1,70897.2,71897.2,700.0,close_below_lower,0.012368843368080017,0.05,71397.2,0.5,0.05,71397.2,25.0,57559.0,2026-04-08 16:05:00+00:00,True,2026-04-08 17:35:00+00:00,57577,71897.2,tp,75.0,0.0,0.0,75.0,1.0714285714285714,-212.3000000000029,905.8099999999977,-0.30328571428571843,1.2940142857142825,32,9600.0,14.0,260.8335714285703,453.41020563752215,overlap,Wed,14,False
875,BTCUSDm,short,2026-04-09 15:20:00+00:00,57838,71400.29,0.1,72100.29,70400.29,700.0,close_above_upper,0.002076355406551863,0.1,70900.29,0.5,0.0,0.0,0.0,,,False,2026-04-09 15:30:00+00:00,57840,72114.29,sl,-71.4,0.0,0.0,-71.4,-1.02,-251.1600000000035,70.80999999999767,-0.358800000000005,0.10115714285713953,2,600.0,14.0,197.94000000000233,403.50378421571787,overlap,Thu,15,False
876,BTCUSDm,short,2026-04-09 15:35:00+00:00,57841,72217.44,0.1,72917.44,71217.44,700.0,close_above_upper,1.4279893038464517,0.1,71717.44,0.5,0.0,0.0,0.0,,,False,2026-04-09 22:15:00+00:00,57921,72931.44,sl,-71.4,0.0,0.0,-71.4,-1.02,-493.47000000000116,491.22000000000116,-0.7049571428571445,0.7017428571428588,80,24000.0,14.0,253.89285714285714,409.187382990589,overlap,Thu,15,False
877,BTCUSDm,short,2026-04-09 22:20:00+00:00,57922,72806.65,0.1,72806.65,71806.65,700.0,close_above_upper,0.08318232697322685,0.05,72306.65,0.5,0.05,72320.65,24.3,57926.0,2026-04-09 22:40:00+00:00,True,2026-04-09 23:10:00+00:00,57932,71820.65,tp,73.60000000000001,0.0,0.0,73.60000000000001,1.0514285714285716,-11.529999999998836,973.4099999999889,-0.01647142857142691,1.3905857142856985,10,3000.0,14.0,176.48785714285935,385.4177610157131,rollover,Thu,22,False
878,BTCUSDm,long,2026-04-09 23:15:00+00:00,57933,71825.28,0.1,71825.28,72825.28,700.0,close_below_lower,0.07549940611171406,0.05,72325.28,0.5,0.05,72325.28,25.0,57961.0,2026-04-10 01:35:00+00:00,True,2026-04-10 03:25:00+00:00,57983,71825.28,be_stop,25.0,0.0,0.0,25.0,0.35714285714285715,-250.13000000000466,570.320000000007,-0.3573285714285781,0.8147428571428671,50,15000.0,14.0,232.57571428571413,396.12381696007,rollover,Thu,23,False
879,BTCUSDm,short,2026-04-10 14:15:00+00:00,58113,72732.92,0.1,73432.92,71732.92,700.0,close_above_upper,0.18583304379208976,0.1,72232.92,0.5,0.0,0.0,0.0,,,False,2026-04-10 20:30:00+00:00,58188,73446.92,sl,-71.4,0.0,0.0,-71.4,-1.02,-598.7400000000052,360.97000000000116,-0.8553428571428646,0.5156714285714302,75,22500.0,14.0,181.470714285713,352.3123321165748,overlap,Fri,14,False
880,BTCUSDm,short,2026-04-11 18:40:00+00:00,58454,73615.09,0.1,73615.09,72615.09,700.0,close_above_upper,0.6201281848046973,0.05,73115.09,0.5,0.05,73129.09,24.3,58507.0,2026-04-11 23:05:00+00:00,True,2026-04-12 01:35:00+00:00,58537,72629.09,tp,73.60000000000001,0.0,0.0,73.60000000000001,1.0514285714285716,-230.2100000000064,980.9100000000035,-0.3288714285714377,1.401300000000005,83,24900.0,14.0,98.63071428571546,241.79909613986644,newyork,Sat,18,False
881,BTCUSDm,long,2026-04-12 01:40:00+00:00,58538,72273.55,0.1,71573.55,73273.55,700.0,close_below_lower,1.8657483285196066,0.1,72773.55,0.5,0.0,0.0,0.0,,,False,2026-04-12 01:45:00+00:00,58539,71573.55,sl,-70.0,0.0,0.0,-70.0,-1.0,-692.7700000000041,1.8099999999976717,-0.9896714285714344,0.0025857142857109595,1,300.0,14.0,138.75142857143302,242.5181370666545,asian,Sun,1,False
882,BTCUSDm,long,2026-04-12 01:50:00+00:00,58540,71450.29,0.1,71450.29,72450.29,700.0,close_below_lower,3.8857182820589653,0.05,71950.29,0.5,0.05,71950.29,25.0,58545.0,2026-04-12 02:15:00+00:00,True,2026-04-12 05:00:00+00:00,58578,71450.29,be_stop,25.0,0.0,0.0,25.0,0.35714285714285715,-120.56999999999243,591.7300000000105,-0.17224285714284635,0.8453285714285864,38,11400.0,14.0,206.19785714286158,254.91688604960606,asian,Sun,1,False
883,BTCUSDm,long,2026-04-12 12:55:00+00:00,58672,71192.92,0.1,71192.92,72192.92,700.0,close_below_lower,0.09097824393072233,0.05,71692.92,0.5,0.05,71692.92,25.0,58971.0,2026-04-13 13:50:00+00:00,True,2026-04-13 14:45:00+00:00,58982,72192.92,tp,75.0,0.0,0.0,75.0,1.0714285714285714,-686.3800000000047,860.5400000000081,-0.9805428571428638,1.2293428571428688,310,93000.0,14.0,83.49714285714228,227.39397234052132,overlap,Sun,12,False
884,BTCUSDm,short,2026-04-13 14:50:00+00:00,58983,71993.32,0.1,72693.32,70993.32,700.0,close_above_upper,0.21534246767061588,0.1,71493.32,0.5,0.0,0.0,0.0,,,False,2026-04-13 19:20:00+00:00,59037,72707.32,sl,-71.4,0.0,0.0,-71.4,-1.02,-638.3999999999942,307.570000000007,-0.9119999999999917,0.43938571428572426,54,16200.0,14.0,276.201428571427,277.92518167812614,overlap,Mon,14,False
885,BTCUSDm,short,2026-04-13 19:25:00+00:00,59038,72786.41,0.1,73486.41,71786.41,700.0,close_above_upper,0.27906664105383205,0.1,72286.41,0.5,0.0,0.0,0.0,,,False,2026-04-13 19:50:00+00:00,59043,73500.41,sl,-71.4,0.0,0.0,-71.4,-1.02,-567.5,58.85000000000582,-0.8107142857142857,0.08407142857143689,5,1500.0,14.0,138.10285714285732,295.4532942290953,newyork,Mon,19,False
886,BTCUSDm,short,2026-04-13 19:55:00+00:00,59044,73486.68,0.1,74186.68,72486.68,700.0,close_above_upper,1.290020540440771,0.1,72986.68,0.5,0.0,0.0,0.0,,,False,2026-04-13 22:15:00+00:00,59072,74200.68,sl,-71.4,0.0,0.0,-71.4,-1.02,-475.3500000000058,429.3299999999872,-0.6790714285714369,0.6133285714285531,28,8400.0,14.0,181.23714285714127,282.012570935871,newyork,Mon,19,False
887,BTCUSDm,short,2026-04-13 22:20:00+00:00,59073,74219.51,0.1,74919.51,73219.51,700.0,close_above_upper,1.7989452911068344,0.1,73719.51,0.5,0.0,0.0,0.0,,,False,2026-04-13 23:10:00+00:00,59083,74933.51,sl,-71.4,0.0,0.0,-71.4,-1.02,-600.4700000000012,158.88999999999942,-0.8578142857142874,0.22698571428571346,10,3000.0,14.0,198.0185714285721,288.470099651678,rollover,Mon,22,False
888,BTCUSDm,short,2026-04-13 23:15:00+00:00,59084,74681.87,0.1,74681.87,73681.87,700.0,close_above_upper,0.11284120818643957,0.05,74181.87,0.5,0.05,74195.87,24.3,59103.0,2026-04-14 00:50:00+00:00,True,2026-04-14 07:05:00+00:00,59178,74695.87,be_stop,23.6,0.0,0.0,23.6,0.3371428571428572,-236.85000000000582,682.5,-0.3383571428571512,0.975,94,28200.0,14.0,324.91928571428434,320.3649117547913,rollover,Mon,23,False
889,BTCUSDm,short,2026-04-14 07:10:00+00:00,59179,74960.92,0.1,74960.92,73960.92,700.0,close_above_upper,0.34116701814610806,0.05,74460.92,0.5,0.05,74474.92,24.3,59220.0,2026-04-14 10:35:00+00:00,True,2026-04-14 13:40:00+00:00,59257,74974.92,be_stop,23.6,0.0,0.0,23.6,0.3371428571428572,0.0,666.3999999999942,0.0,0.9519999999999916,78,23400.0,14.0,100.65071428571537,333.06203411432944,london,Tue,7,False
890,BTCUSDm,short,2026-04-14 13:45:00+00:00,59258,75233.41,0.1,75933.41,74233.41,700.0,close_above_upper,0.6354102604319114,0.1,74733.41,0.5,0.0,0.0,0.0,,,False,2026-04-14 14:30:00+00:00,59267,75947.41,sl,-71.4,0.0,0.0,-71.4,-1.02,-690.1999999999971,116.66000000000349,-0.9859999999999959,0.16665714285714783,9,2700.0,14.0,163.08285714285947,345.28560806281916,overlap,Tue,13,False
891,BTCUSDm,long,2026-04-14 15:00:00+00:00,59273,75073.41,0.1,75073.41,76073.41,700.0,close_below_lower,0.000604167845525382,0.05,75573.41,0.5,0.05,75573.41,25.0,59286.0,2026-04-14 16:05:00+00:00,True,2026-04-14 16:50:00+00:00,59295,75073.41,be_stop,25.0,0.0,0.0,25.0,0.35714285714285715,-471.1200000000099,672.1600000000035,-0.6730285714285855,0.9602285714285764,22,6600.0,14.0,265.8099999999977,370.30517069943096,overlap,Tue,15,False
892,BTCUSDm,long,2026-04-14 16:55:00+00:00,59296,74844.1,0.1,74144.1,75844.1,700.0,close_below_lower,0.13351408367466663,0.1,75344.1,0.5,0.0,0.0,0.0,,,False,2026-04-14 18:45:00+00:00,59318,74144.1,sl,-70.0,0.0,0.0,-70.0,-1.0,-649.9500000000116,146.41999999999825,-0.9285000000000166,0.20917142857142607,22,6600.0,14.0,192.05785714285906,380.0975403295738,newyork,Tue,16,False
893,BTCUSDm,long,2026-04-14 18:50:00+00:00,59319,73915.42,0.1,73915.42,74915.42,700.0,close_below_lower,0.556738041668966,0.05,74415.42,0.5,0.05,74415.42,25.0,59323.0,2026-04-14 19:10:00+00:00,True,2026-04-14 22:30:00+00:00,59363,73915.42,be_stop,25.0,0.0,0.0,25.0,0.35714285714285715,-31.929999999993015,567.7599999999948,-0.04561428571427573,0.8110857142857067,44,13200.0,14.0,181.41071428571533,392.6871081346818,newyork,Tue,18,False
894,BTCUSDm,short,2026-04-15 00:10:00+00:00,59383,74655.14,0.1,74655.14,73655.14,700.0,close_above_upper,0.039034660776154285,0.05,74155.14,0.5,0.05,74169.14,24.3,59445.0,2026-04-15 05:20:00+00:00,True,2026-04-15 07:15:00+00:00,59468,73669.14,tp,73.60000000000001,0.0,0.0,73.60000000000001,1.0514285714285716,-169.38999999999942,802.9799999999959,-0.24198571428571344,1.14711428571428,85,25500.0,14.0,151.0992857142867,404.1488083122176,asian,Wed,0,False
895,BTCUSDm,long,2026-04-15 13:45:00+00:00,59546,73902.89,0.1,73902.89,74902.89,700.0,close_below_lower,0.001426706427351697,0.05,74402.89,0.5,0.05,74402.89,25.0,59553.0,2026-04-15 14:20:00+00:00,True,2026-04-15 15:30:00+00:00,59567,73902.89,be_stop,25.0,0.0,0.0,25.0,0.35714285714285715,-82.66000000000349,626.4300000000076,-0.11808571428571928,0.8949000000000108,21,6300.0,14.0,157.15214285714424,363.7441948508477,overlap,Wed,13,False
896,BTCUSDm,long,2026-04-15 15:35:00+00:00,59568,73685.55,0.1,73685.55,74685.55,700.0,close_below_lower,0.1337644719852583,0.05,74185.55,0.5,0.05,74185.55,25.0,59577.0,2026-04-15 16:20:00+00:00,True,2026-04-15 19:05:00+00:00,59610,74685.55,tp,75.0,0.0,0.0,75.0,1.0714285714285714,-20.94999999999709,844.3999999999942,-0.02992857142856727,1.206285714285706,42,12600.0,14.0,206.6364285714257,374.7848598293152,overlap,Wed,15,False
897,BTCUSDm,short,2026-04-15 19:10:00+00:00,59611,74690.6,0.1,75390.6,73690.6,700.0,close_above_upper,0.013573651062829614,0.1,74190.6,0.5,0.0,0.0,0.0,,,False,2026-04-15 22:35:00+00:00,59652,75404.6,sl,-71.4,0.0,0.0,-71.4,-1.02,-615.5199999999895,164.95000000001164,-0.8793142857142707,0.23564285714287378,41,12300.0,14.0,120.97214285714394,336.4372787547349,newyork,Wed,19,False
898,BTCUSDm,short,2026-04-16 02:45:00+00:00,59702,75205.37,0.1,75205.37,74205.37,700.0,close_above_upper,0.06393996065501632,0.05,74705.37,0.5,0.05,74719.37,24.3,59763.0,2026-04-16 07:50:00+00:00,True,2026-04-16 13:50:00+00:00,59835,74219.37,tp,73.60000000000001,0.0,0.0,73.60000000000001,1.0514285714285716,-86.85000000000582,922.0,-0.12407142857143688,1.3171428571428572,133,39900.0,14.0,131.3021428571405,368.6651206775195,asian,Thu,2,False
899,BTCUSDm,long,2026-04-16 13:55:00+00:00,59836,73444.4,0.1,73444.4,74444.4,700.0,close_below_lower,2.8793213897297285,0.05,73944.4,0.5,0.05,73944.4,25.0,59838.0,2026-04-16 14:05:00+00:00,True,2026-04-16 14:20:00+00:00,59841,73444.4,be_stop,25.0,0.0,0.0,25.0,0.35714285714285715,-136.43999999998778,528.75,-0.19491428571426825,0.7553571428571428,5,1500.0,14.0,211.44714285714664,304.5950176042414,overlap,Thu,13,False
900,BTCUSDm,long,2026-04-16 14:25:00+00:00,59842,73580.63,0.1,73580.63,74580.63,700.0,close_below_lower,0.6719124123960708,0.05,74080.63,0.5,0.05,74080.63,25.0,59846.0,2026-04-16 14:45:00+00:00,True,2026-04-16 15:35:00+00:00,59856,74580.63,tp,75.0,0.0,0.0,75.0,1.0714285714285714,-68.91999999999825,873.8899999999994,-0.09845714285714036,1.2484142857142848,14,4200.0,14.0,301.1528571428561,323.45103635785233,overlap,Thu,14,False
901,BTCUSDm,short,2026-04-16 15:40:00+00:00,59857,74659.63,0.1,74659.63,73659.63,700.0,close_above_upper,0.44754089993823143,0.05,74159.63,0.5,0.05,74173.63,24.3,59871.0,2026-04-16 16:50:00+00:00,True,2026-04-16 18:45:00+00:00,59894,74673.63,be_stop,23.6,0.0,0.0,23.6,0.3371428571428572,-296.7899999999936,755.320000000007,-0.42398571428570514,1.0790285714285814,37,11100.0,14.0,231.36428571428718,332.1834666957519,overlap,Thu,15,False
902,BTCUSDm,short,2026-04-16 18:55:00+00:00,59896,74900.62,0.1,75600.62,73900.62,700.0,close_above_upper,0.17743962080584683,0.1,74400.62,0.5,0.0,0.0,0.0,,,False,2026-04-17 08:45:00+00:00,60062,75614.62,sl,-71.4,0.0,0.0,-71.4,-1.02,-651.5100000000093,371.0599999999977,-0.9307285714285848,0.5300857142857109,166,49800.0,14.0,174.81071428571158,347.1307826049361,newyork,Thu,18,False
903,BTCUSDm,short,2026-04-17 08:50:00+00:00,60063,75558.01,0.1,76258.01,74558.01,700.0,close_above_upper,0.06880574088967857,0.1,75058.01,0.5,0.0,0.0,0.0,,,False,2026-04-17 09:25:00+00:00,60070,76272.01,sl,-71.4,0.0,0.0,-71.4,-1.02,-439.3500000000058,77.22000000000116,-0.6276428571428655,0.11031428571428738,7,2100.0,14.0,147.19142857142702,347.1006772738123,london,Fri,8,False
904,BTCUSDm,short,2026-04-17 09:30:00+00:00,60071,76283.71,0.1,76283.71,75283.71,700.0,close_above_upper,0.7278631485812349,0.05,75783.71,0.5,0.05,75742.69,27.051000000000204,60072.0,2026-04-17 09:35:00+00:00,True,2026-04-17 10:25:00+00:00,60082,75297.71,tp,76.35100000000021,0.0,0.0,76.35100000000021,1.0907285714285744,-54.61999999999534,762.9300000000076,-0.07802857142856477,1.0899000000000107,11,3300.0,14.0,235.28357142857152,358.80562321072205,london,Fri,9,False
905,BTCUSDm,long,2026-04-17 10:30:00+00:00,60083,75245.97,0.1,75245.97,76245.97,700.0,close_below_lower,0.3251286281725649,0.05,75745.97,0.5,0.05,75745.97,25.0,60104.0,2026-04-17 12:15:00+00:00,True,2026-04-17 12:50:00+00:00,60111,76245.97,tp,75.0,0.0,0.0,75.0,1.0714285714285714,-147.04000000000815,948.8600000000006,-0.2100571428571545,1.3555142857142866,28,8400.0,14.0,250.63571428571387,359.5024905130214,london,Fri,10,False
906,BTCUSDm,short,2026-04-17 12:55:00+00:00,60112,76253.3,0.1,76953.3,75253.3,700.0,close_above_upper,0.23765283366145876,0.1,75753.3,0.5,0.0,0.0,0.0,,,False,2026-04-17 13:15:00+00:00,60116,76967.3,sl,-71.4,0.0,0.0,-71.4,-1.02,-697.9599999999919,176.57000000000698,-0.9970857142857027,0.2522428571428671,4,1200.0,14.0,173.09142857143055,370.34473741493883,overlap,Fri,12,False
907,BTCUSDm,short,2026-04-17 13:20:00+00:00,60117,76837.51,0.1,76837.51,75837.51,700.0,close_above_upper,0.725986235114967,0.05,76337.51,0.5,0.05,76351.51,24.3,60119.0,2026-04-17 13:30:00+00:00,True,2026-04-17 13:40:00+00:00,60121,76851.51,be_stop,23.6,0.0,0.0,23.6,0.3371428571428572,-208.5100000000093,718.0699999999924,-0.2978714285714419,1.025814285714275,4,1200.0,14.0,277.65071428571537,377.7601651526187,overlap,Fri,13,False
908,BTCUSDm,short,2026-04-17 13:45:00+00:00,60122,76933.13,0.1,77633.13,75933.13,700.0,close_above_upper,0.12034044892139387,0.1,76433.13,0.5,0.0,0.0,0.0,,,False,2026-04-17 14:20:00+00:00,60129,77647.13,sl,-71.4,0.0,0.0,-71.4,-1.02,-643.0999999999913,267.84000000001106,-0.9187142857142733,0.38262857142858725,7,2100.0,14.0,354.1621428571442,379.98403455837735,overlap,Fri,13,False
909,BTCUSDm,short,2026-04-17 14:25:00+00:00,60130,77580.65,0.1,78280.65,76580.65,700.0,close_above_upper,0.26404295057348426,0.1,77080.65,0.5,0.0,0.0,0.0,,,False,2026-04-17 16:20:00+00:00,60153,78294.65,sl,-71.4,0.0,0.0,-71.4,-1.02,-540.0900000000111,113.6299999999901,-0.7715571428571587,0.1623285714285573,23,6900.0,14.0,344.2214285714311,396.1119220887406,overlap,Fri,14,False
910,BTCUSDm,long,2026-04-17 17:25:00+00:00,60166,77271.99,0.1,76571.99,78271.99,700.0,close_below_lower,0.3356930074189738,0.1,77771.99,0.5,0.0,0.0,0.0,,,False,2026-04-18 08:35:00+00:00,60348,76571.99,sl,-70.0,0.0,0.0,-70.0,-1.0,-660.2900000000081,425.25999999999476,-0.9432714285714402,0.6075142857142782,182,54600.0,14.0,224.93214285714515,420.5002838800276,newyork,Fri,17,False
911,BTCUSDm,long,2026-04-19 07:25:00+00:00,60622,75059.2,0.1,75059.2,76059.2,700.0,close_below_lower,0.13040104916883433,0.05,75559.2,0.5,0.05,75559.2,25.0,60668.0,2026-04-19 11:15:00+00:00,True,2026-04-19 13:15:00+00:00,60692,76059.2,tp,75.0,0.0,0.0,75.0,1.0714285714285714,-113.80999999999767,748.8000000000029,-0.16258571428571095,1.0697142857142898,70,21000.0,14.0,91.21428571428571,282.41133746256355,london,Sun,7,False
912,BTCUSDm,short,2026-04-19 13:20:00+00:00,60693,76060.34,0.1,76060.34,75060.34,700.0,close_above_upper,0.6596007194006851,0.05,75560.34,0.5,0.05,75574.34,24.3,60720.0,2026-04-19 15:35:00+00:00,True,2026-04-19 17:05:00+00:00,60738,75074.34,tp,73.60000000000001,0.0,0.0,73.60000000000001,1.0514285714285716,-216.4100000000035,897.5899999999965,-0.30915714285714785,1.2822714285714236,45,13500.0,14.0,121.83071428571358,230.64578314209479,overlap,Sun,13,False
913,BTCUSDm,long,2026-04-19 17:10:00+00:00,60739,75174.18,0.1,74474.18,76174.18,700.0,close_below_lower,0.5638386341446961,0.1,75674.18,0.5,0.0,0.0,0.0,,,False,2026-04-19 20:45:00+00:00,60782,74474.18,sl,-70.0,0.0,0.0,-70.0,-1.0,-697.4799999999959,235.25,-0.9963999999999942,0.3360714285714286,43,12900.0,14.0,174.77285714285557,243.32055870913644,newyork,Sun,17,False
914,BTCUSDm,long,2026-04-19 22:05:00+00:00,60798,73933.12,0.1,73933.12,74933.12,700.0,close_below_lower,1.533488967311038,0.05,74433.12,0.5,0.05,74433.12,25.0,60839.0,2026-04-20 01:30:00+00:00,True,2026-04-20 07:15:00+00:00,60908,74933.12,tp,75.0,0.0,0.0,75.0,1.0714285714285714,-203.80999999999767,985.2799999999988,-0.2911571428571395,1.4075428571428554,110,33000.0,14.0,157.60571428570984,269.4653708644647,rollover,Sun,22,False
915,BTCUSDm,short,2026-04-20 07:25:00+00:00,60910,75399.22,0.1,75399.22,74399.22,700.0,close_above_upper,1.1481065608404855,0.05,74899.22,0.5,0.05,74913.22,24.3,60912.0,2026-04-20 07:35:00+00:00,True,2026-04-20 10:15:00+00:00,60944,75413.22,be_stop,23.6,0.0,0.0,23.6,0.3371428571428572,-38.020000000004075,770.5899999999965,-0.05431428571429153,1.1008428571428521,34,10200.0,14.0,177.63714285714585,294.5857773734369,london,Mon,7,False
916,BTCUSDm,short,2026-04-20 14:30:00+00:00,60995,75605.33,0.1,75605.33,74605.33,700.0,close_above_upper,0.026199384741491347,0.05,75105.33,0.5,0.05,75119.33,24.3,60999.0,2026-04-20 14:50:00+00:00,True,2026-04-20 15:25:00+00:00,61006,75619.33,be_stop,23.6,0.0,0.0,23.6,0.3371428571428572,-105.44000000000233,880.5800000000017,-0.15062857142857475,1.257971428571431,11,3300.0,14.0,250.2957142857153,310.561462237847,overlap,Mon,14,False
917,BTCUSDm,short,2026-04-20 15:30:00+00:00,61007,75777.4,0.1,76477.4,74777.4,700.0,close_above_upper,0.6078890612258905,0.1,75277.4,0.5,0.0,0.0,0.0,,,False,2026-04-20 18:50:00+00:00,61047,76491.4,sl,-71.4,0.0,0.0,-71.4,-1.02,-575.0800000000017,470.20999999999185,-0.8215428571428597,0.6717285714285598,40,12000.0,14.0,276.1714285714282,323.3531646766405,overlap,Mon,15,False
918,BTCUSDm,short,2026-04-21 08:50:00+00:00,61215,76686.34,0.1,76686.34,75686.34,700.0,close_above_upper,0.03616832194549184,0.05,76186.34,0.5,0.05,76200.34,24.3,61224.0,2026-04-21 09:35:00+00:00,True,2026-04-21 10:45:00+00:00,61238,76700.34,be_stop,23.6,0.0,0.0,23.6,0.3371428571428572,-2.430000000007567,512.5299999999988,-0.0034714285714393814,0.7321857142857127,23,6900.0,14.0,147.98357142857276,360.4458472382299,london,Tue,8,False
919,BTCUSDm,long,2026-04-21 12:45:00+00:00,61262,75865.9,0.1,75865.9,76865.9,700.0,close_below_lower,0.47140632089625195,0.05,76365.9,0.5,0.05,76365.9,25.0,61284.0,2026-04-21 14:35:00+00:00,True,2026-04-21 14:55:00+00:00,61288,75865.9,be_stop,25.0,0.0,0.0,25.0,0.35714285714285715,-152.72000000000116,759.8600000000006,-0.21817142857143024,1.0855142857142865,26,7800.0,14.0,163.45285714285689,348.00678867946635,overlap,Tue,12,False
920,BTCUSDm,long,2026-04-21 15:00:00+00:00,61289,75701.26,0.1,75701.26,76701.26,700.0,close_below_lower,0.15002223108731308,0.05,76201.26,0.5,0.05,76201.26,25.0,61308.0,2026-04-21 16:35:00+00:00,True,2026-04-21 17:05:00+00:00,61314,75701.26,be_stop,25.0,0.0,0.0,25.0,0.35714285714285715,-274.09999999999127,501.97000000000116,-0.3915714285714161,0.7171000000000016,25,7500.0,14.0,233.83642857142902,358.7044208956629,overlap,Tue,15,False
921,BTCUSDm,long,2026-04-21 17:20:00+00:00,61317,75130.07,0.1,75130.07,76130.07,700.0,close_below_lower,0.86030266309929,0.05,75630.07,0.5,0.05,75630.07,25.0,61320.0,2026-04-21 17:35:00+00:00,True,2026-04-21 19:40:00+00:00,61345,75130.07,be_stop,25.0,0.0,0.0,25.0,0.35714285714285715,-66.86000000000058,804.0399999999936,-0.09551428571428655,1.1486285714285622,28,8400.0,14.0,193.70428571428576,356.46296701870125,newyork,Tue,17,False
922,BTCUSDm,long,2026-04-21 19:45:00+00:00,61346,74891.0,0.1,74891.0,75891.0,700.0,close_below_lower,0.8597163778284201,0.05,75391.0,0.5,0.05,75391.0,25.0,61350.0,2026-04-21 20:05:00+00:00,True,2026-04-21 23:35:00+00:00,61392,75891.0,tp,75.0,0.0,0.0,75.0,1.0714285714285714,-64.35000000000582,997.0200000000041,-0.09192857142857974,1.4243142857142916,46,13800.0,14.0,209.92499999999978,355.14221336408286,newyork,Tue,19,False
923,BTCUSDm,short,2026-04-21 23:50:00+00:00,61395,76377.19,0.1,77077.19,75377.19,700.0,close_above_upper,0.38891813502338324,0.1,75877.19,0.5,0.0,0.0,0.0,,,False,2026-04-22 02:15:00+00:00,61424,77091.19,sl,-71.4,0.0,0.0,-71.4,-1.02,-518.5200000000041,234.0,-0.7407428571428629,0.3342857142857143,29,8700.0,14.0,135.29928571428692,381.53791908947665,rollover,Tue,23,False
924,BTCUSDm,short,2026-04-22 02:20:00+00:00,61425,77024.91,0.1,77724.91,76024.91,700.0,close_above_upper,0.671395542938857,0.1,76524.91,0.5,0.0,0.0,0.0,,,False,2026-04-22 03:05:00+00:00,61434,77738.91,sl,-71.4,0.0,0.0,-71.4,-1.02,-669.4199999999983,237.1999999999971,-0.9563142857142832,0.3388571428571387,9,2700.0,14.0,167.58071428571253,377.12773053694656,asian,Wed,2,False
925,BTCUSDm,short,2026-04-22 03:10:00+00:00,61435,77618.27,0.1,78318.27,76618.27,700.0,close_above_upper,0.10559842378767205,0.1,77118.27,0.5,0.0,0.0,0.0,,,False,2026-04-22 05:20:00+00:00,61461,78332.27,sl,-71.4,0.0,0.0,-71.4,-1.02,-413.0,243.05999999999767,-0.59,0.3472285714285681,26,7800.0,14.0,265.91428571428486,400.10643653595423,asian,Wed,3,False
926,BTCUSDm,short,2026-04-22 05:25:00+00:00,61462,78208.35,0.1,78908.35,77208.35,700.0,close_above_upper,0.4356590941282342,0.1,77708.35,0.5,0.0,0.0,0.0,,,False,2026-04-22 14:00:00+00:00,61565,78922.35,sl,-71.4,0.0,0.0,-71.4,-1.02,-672.0199999999895,381.49000000000524,-0.9600285714285565,0.5449857142857217,103,30900.0,14.0,168.67285714285703,402.232596945495,asian,Wed,5,False
927,BTCUSDm,short,2026-04-22 14:15:00+00:00,61568,79086.86,0.1,79086.86,78086.86,700.0,close_above_upper,0.11392602859592776,0.05,78586.86,0.5,0.05,78600.86,24.3,61641.0,2026-04-22 20:20:00+00:00,True,2026-04-23 00:10:00+00:00,61687,78100.86,tp,73.60000000000001,0.0,0.0,73.60000000000001,1.0514285714285716,-430.31999999999243,917.0099999999948,-0.6147428571428464,1.3100142857142782,119,35700.0,14.0,197.3478571428568,376.06718160746925,overlap,Wed,14,False
928,BTCUSDm,short,2026-04-23 15:00:00+00:00,61865,78195.71,0.1,78195.71,77195.71,700.0,close_above_upper,0.10099754285732084,0.05,77695.71,0.5,0.05,77709.71,24.3,61891.0,2026-04-23 17:10:00+00:00,True,2026-04-23 17:40:00+00:00,61897,77209.71,tp,73.60000000000001,0.0,0.0,73.60000000000001,1.0514285714285716,-508.54999999998836,982.7800000000134,-0.7264999999999834,1.4039714285714477,32,9600.0,14.0,193.85642857143102,357.71462396366815,overlap,Thu,15,False
929,BTCUSDm,long,2026-04-23 17:45:00+00:00,61898,77227.13,0.1,77227.13,78227.13,700.0,close_below_lower,0.5645151825210231,0.05,77727.13,0.5,0.05,77727.13,25.0,61899.0,2026-04-23 17:50:00+00:00,True,2026-04-23 22:15:00+00:00,61952,78227.13,tp,75.0,0.0,0.0,75.0,1.0714285714285714,-253.35000000000582,972.25,-0.36192857142857976,1.3889285714285715,54,16200.0,14.0,234.9550000000007,372.9305813466748,newyork,Thu,17,False
930,BTCUSDm,long,2026-04-24 03:25:00+00:00,62014,77741.5,0.1,77741.5,78741.5,700.0,close_below_lower,0.2829270686115839,0.05,78241.5,0.5,0.05,78241.5,25.0,62106.0,2026-04-24 11:05:00+00:00,True,2026-04-24 14:25:00+00:00,62146,77741.5,be_stop,25.0,0.0,0.0,25.0,0.35714285714285715,-318.7299999999959,750.3600000000006,-0.4553285714285656,1.071942857142858,132,39600.0,14.0,129.97071428571508,356.50392934961246,asian,Fri,3,False
931,BTCUSDm,long,2026-04-25 15:55:00+00:00,62452,77363.95,0.1,77363.95,78363.95,700.0,close_below_lower,0.3289401931294614,0.05,77863.95,0.5,0.05,77863.95,25.0,62611.0,2026-04-26 05:10:00+00:00,True,2026-04-26 18:15:00+00:00,62768,78363.95,tp,75.0,0.0,0.0,75.0,1.0714285714285714,-198.77999999999884,876.4199999999983,-0.28397142857142693,1.2520285714285688,316,94800.0,14.0,58.84071428571354,228.721367885429,overlap,Sat,15,False
932,BTCUSDm,short,2026-04-26 18:20:00+00:00,62769,78202.76,0.1,78902.76,77202.76,700.0,close_above_upper,0.08838163952463503,0.1,77702.76,0.5,0.0,0.0,0.0,,,False,2026-04-26 21:55:00+00:00,62812,78916.76,sl,-71.4,0.0,0.0,-71.4,-1.02,-402.70000000001164,346.6899999999878,-0.5752857142857309,0.4952714285714111,43,12900.0,14.0,71.70785714285739,139.17737096817748,newyork,Sun,18,False
933,BTCUSDm,short,2026-04-26 22:00:00+00:00,62813,78427.92,0.1,79127.92,77427.92,700.0,close_above_upper,0.3886219155490368,0.1,77927.92,0.5,0.0,0.0,0.0,,,False,2026-04-27 00:55:00+00:00,62848,79141.92,sl,-71.4,0.0,0.0,-71.4,-1.02,-595.1699999999983,451.3999999999942,-0.8502428571428546,0.6448571428571346,35,10500.0,14.0,175.6714285714292,149.05528502322562,rollover,Sun,22,False
934,BTCUSDm,short,2026-04-27 01:00:00+00:00,62849,79306.28,0.1,79306.28,78306.28,700.0,close_above_upper,2.1410119140330663,0.05,78806.28,0.5,0.05,78820.28,24.3,62854.0,2026-04-27 01:25:00+00:00,True,2026-04-27 01:45:00+00:00,62858,79320.28,be_stop,23.6,0.0,0.0,23.6,0.3371428571428572,-199.25999999999476,572.1699999999983,-0.2846571428571354,0.8173857142857118,9,2700.0,14.0,169.61571428571602,177.58690968101573,asian,Mon,1,False
935,BTCUSDm,short,2026-04-27 01:50:00+00:00,62859,79349.56,0.1,79349.56,78349.56,700.0,close_above_upper,0.6575734983650382,0.05,78849.56,0.5,0.05,78863.56,24.3,62897.0,2026-04-27 05:00:00+00:00,True,2026-04-27 05:15:00+00:00,62900,78363.56,tp,73.60000000000001,0.0,0.0,73.60000000000001,1.0514285714285716,-0.7200000000011642,960.6600000000035,-0.0010285714285730916,1.3723714285714335,41,12300.0,14.0,216.5028571428598,187.4057553931272,asian,Mon,1,False
936,BTCUSDm,long,2026-04-27 05:20:00+00:00,62901,78052.81,0.1,77352.81,79052.81,700.0,close_below_lower,3.0118616864563013,0.1,78552.81,0.5,0.0,0.0,0.0,,,False,2026-04-27 15:00:00+00:00,63017,77352.81,sl,-70.0,0.0,0.0,-70.0,-1.0,-589.1699999999983,217.79000000000815,-0.8416714285714261,0.3111285714285831,116,34800.0,14.0,144.1971428571425,200.46906613537035,asian,Mon,5,False
937,BTCUSDm,long,2026-04-27 15:05:00+00:00,63018,77381.18,0.1,76681.18,78381.18,700.0,close_below_lower,1.1958468538380451,0.1,77881.18,0.5,0.0,0.0,0.0,,,False,2026-04-27 15:20:00+00:00,63021,76681.18,sl,-70.0,0.0,0.0,-70.0,-1.0,-506.06999999999243,177.88000000000466,-0.7229571428571321,0.25411428571429234,3,900.0,14.0,190.83071428571566,238.00114822545586,overlap,Mon,15,False
938,BTCUSDm,long,2026-04-27 15:25:00+00:00,63022,76642.73,0.1,76642.73,77642.73,700.0,close_below_lower,2.8123814024493665,0.05,77142.73,0.5,0.05,77142.73,25.0,63116.0,2026-04-27 23:15:00+00:00,True,2026-04-28 06:40:00+00:00,63205,76642.73,be_stop,25.0,0.0,0.0,25.0,0.35714285714285715,-215.25,843.1800000000076,-0.3075,1.204542857142868,183,54900.0,14.0,251.01214285714272,252.59783809291707,overlap,Mon,15,False
939,BTCUSDm,short,2026-04-29 03:20:00+00:00,63453,76819.32,0.1,77519.32,75819.32,700.0,close_above_upper,0.11931233087151327,0.1,76319.32,0.5,0.0,0.0,0.0,,,False,2026-04-29 09:45:00+00:00,63530,77533.32,sl,-71.4,0.0,0.0,-71.4,-1.02,-628.8299999999872,48.330000000001746,-0.8983285714285532,0.06904285714285964,77,23100.0,14.0,79.34571428571196,260.9580276895574,asian,Wed,3,False
940,BTCUSDm,short,2026-04-29 09:50:00+00:00,63531,77637.37,0.1,77637.37,76637.37,700.0,close_above_upper,0.9827466364245705,0.05,77137.37,0.5,0.05,77151.37,24.3,63561.0,2026-04-29 12:20:00+00:00,True,2026-04-29 13:30:00+00:00,63575,76651.37,tp,73.60000000000001,0.0,0.0,73.60000000000001,1.0514285714285716,-271.33000000000175,791.6999999999971,-0.3876142857142882,1.1309999999999958,44,13200.0,14.0,90.30071428571371,245.1933837212165,london,Wed,9,False
941,BTCUSDm,long,2026-04-29 13:35:00+00:00,63576,76664.14,0.1,75964.14,77664.14,700.0,close_below_lower,0.5057759211908162,0.1,77164.14,0.5,0.0,0.0,0.0,,,False,2026-04-29 15:35:00+00:00,63600,75964.14,sl,-70.0,0.0,0.0,-70.0,-1.0,-544.0299999999988,199.4600000000064,-0.7771857142857126,0.28494285714286627,24,7200.0,14.0,120.10571428571608,267.20942929467253,overlap,Wed,13,False
942,BTCUSDm,long,2026-04-29 15:40:00+00:00,63601,76031.24,0.1,75331.24,77031.24,700.0,close_below_lower,0.17951081937248625,0.1,76531.24,0.5,0.0,0.0,0.0,,,False,2026-04-29 18:05:00+00:00,63630,75331.24,sl,-70.0,0.0,0.0,-70.0,-1.0,-380.2700000000041,188.09999999999127,-0.5432428571428629,0.26871428571427325,29,8700.0,14.0,163.15571428571482,283.33123461149114,overlap,Wed,15,False
943,BTCUSDm,long,2026-04-29 18:10:00+00:00,63631,74992.94,0.1,74992.94,75992.94,700.0,close_below_lower,1.975203617596016,0.05,75492.94,0.5,0.05,75492.94,25.0,63641.0,2026-04-29 19:00:00+00:00,True,2026-04-29 21:45:00+00:00,63674,75992.94,tp,75.0,0.0,0.0,75.0,1.0714285714285714,-114.30000000000291,959.1199999999953,-0.16328571428571845,1.370171428571422,43,12900.0,14.0,215.35571428571296,294.1533341847503,newyork,Wed,18,False
944,BTCUSDm,short,2026-04-30 00:40:00+00:00,63709,76126.21,0.1,76126.21,75126.21,700.0,close_above_upper,0.05067106973023851,0.05,75626.21,0.5,0.05,75640.21,24.3,63731.0,2026-04-30 02:30:00+00:00,True,2026-04-30 07:45:00+00:00,63794,76140.21,be_stop,23.6,0.0,0.0,23.6,0.3371428571428572,-331.41999999999825,846.7700000000041,-0.47345714285714036,1.2096714285714343,85,25500.0,14.0,102.5164285714314,306.74448200788584,asian,Thu,0,False
945,BTCUSDm,short,2026-05-01 03:20:00+00:00,64017,77200.03,0.1,77900.03,76200.03,700.0,close_above_upper,0.7800109676872693,0.1,76700.03,0.5,0.0,0.0,0.0,,,False,2026-05-01 12:30:00+00:00,64127,77914.03,sl,-71.4,0.0,0.0,-71.4,-1.02,-594.6000000000058,355.6999999999971,-0.8494285714285797,0.508142857142853,110,33000.0,14.0,94.95142857142908,311.8632163400258,asian,Fri,3,False
946,BTCUSDm,short,2026-05-01 12:35:00+00:00,64128,77920.07,0.1,78620.07,76920.07,700.0,close_above_upper,0.40705392118610634,0.1,77420.07,0.5,0.0,0.0,0.0,,,False,2026-05-01 13:50:00+00:00,64143,78634.07,sl,-71.4,0.0,0.0,-71.4,-1.02,-617.5999999999913,58.88000000000466,-0.8822857142857018,0.08411428571429237,15,4500.0,14.0,124.30142857142866,268.66830560307346,overlap,Fri,12,False
947,BTCUSDm,short,2026-05-01 13:55:00+00:00,64144,78766.02,0.1,78766.02,77766.02,700.0,close_above_upper,0.8824906783567946,0.05,78266.02,0.5,0.05,78280.02,24.3,64150.0,2026-05-01 14:25:00+00:00,True,2026-05-01 20:50:00+00:00,64227,77780.02,tp,73.60000000000001,0.0,0.0,73.60000000000001,1.0514285714285716,-157.4899999999907,836.0299999999988,-0.224985714285701,1.1943285714285699,83,24900.0,14.0,208.41785714285444,268.0492573035333,overlap,Fri,13,False
948,BTCUSDm,long,2026-05-01 20:55:00+00:00,64228,77865.14,0.1,77865.14,78865.14,700.0,close_below_lower,0.043475052335402005,0.05,78365.14,0.5,0.05,78365.14,25.0,64244.0,2026-05-01 22:15:00+00:00,True,2026-05-02 21:35:00+00:00,64524,78865.14,tp,75.0,0.0,0.0,75.0,1.0714285714285714,-91.16000000000349,739.75,-0.1302285714285764,1.0567857142857142,296,88800.0,14.0,104.33928571428467,279.322344052087,newyork,Fri,20,False
949,BTCUSDm,short,2026-05-02 21:40:00+00:00,64525,78882.02,0.1,78882.02,77882.02,700.0,close_above_upper,0.7452366046314517,0.05,78382.02,0.5,0.05,78396.02,24.3,64565.0,2026-05-03 01:00:00+00:00,True,2026-05-03 20:20:00+00:00,64797,78896.02,be_stop,23.6,0.0,0.0,23.6,0.3371428571428572,-31.479999999995925,822.0299999999988,-0.04497142857142275,1.1743285714285698,272,81600.0,14.0,84.36285714285623,216.98484677650373,rollover,Sat,21,False
950,BTCUSDm,short,2026-05-03 20:25:00+00:00,64798,78910.52,0.1,78910.52,77910.52,700.0,close_above_upper,0.04900015092626174,0.05,78410.52,0.5,0.05,78424.52,24.3,64844.0,2026-05-04 00:15:00+00:00,True,2026-05-04 01:30:00+00:00,64859,78924.52,be_stop,23.6,0.0,0.0,23.6,0.3371428571428572,-540.6399999999994,648.0800000000017,-0.7723428571428563,0.9258285714285739,61,18300.0,14.0,70.61285714285623,142.8510314156524,newyork,Sun,20,False
951,BTCUSDm,short,2026-05-04 01:35:00+00:00,64860,78941.6,0.1,79641.6,77941.6,700.0,close_above_upper,1.483134878474749,0.1,78441.6,0.5,0.0,0.0,0.0,,,False,2026-05-04 01:55:00+00:00,64864,79655.6,sl,-71.4,0.0,0.0,-71.4,-1.02,-312.15999999998894,180.49000000000524,-0.4459428571428413,0.25784285714286465,4,1200.0,14.0,145.61071428571555,174.89699928223644,asian,Mon,1,False
952,BTCUSDm,short,2026-05-04 02:00:00+00:00,64865,79775.29,0.1,80475.29,78775.29,700.0,close_above_upper,4.16290490443844,0.1,79275.29,0.5,0.0,0.0,0.0,,,False,2026-05-04 04:05:00+00:00,64890,80489.29,sl,-71.4,0.0,0.0,-71.4,-1.02,-693.0300000000134,265.8099999999977,-0.9900428571428763,0.3797285714285681,25,7500.0,14.0,212.6642857142859,188.48547792578398,asian,Mon,2,False
953,BTCUSDm,short,2026-05-04 04:20:00+00:00,64893,80498.46,0.1,80498.46,79498.46,700.0,close_above_upper,0.05212694299680641,0.05,79998.46,0.5,0.05,80012.46,24.3,64906.0,2026-05-04 05:25:00+00:00,True,2026-05-04 06:25:00+00:00,64918,79512.46,tp,73.60000000000001,0.0,0.0,73.60000000000001,1.0514285714285716,-48.71999999998661,810.6100000000006,-0.06959999999998087,1.1580142857142866,25,7500.0,14.0,153.90571428571482,237.3866573341542,asian,Mon,4,False
954,BTCUSDm,long,2026-05-04 10:05:00+00:00,64962,79223.89,0.1,78523.89,80223.89,700.0,close_below_lower,1.0073278720142536,0.1,79723.89,0.5,0.0,0.0,0.0,,,False,2026-05-04 10:15:00+00:00,64964,78523.89,sl,-70.0,0.0,0.0,-70.0,-1.0,-656.8099999999977,2.8800000000046566,-0.9382999999999967,0.004114285714292366,2,600.0,14.0,134.69642857142753,252.54068363902303,london,Mon,10,False
955,BTCUSDm,long,2026-05-04 10:20:00+00:00,64965,78393.36,0.1,78393.36,79393.36,700.0,close_below_lower,2.84961277792876,0.05,78893.36,0.5,0.05,78893.36,25.0,64967.0,2026-05-04 10:30:00+00:00,True,2026-05-04 14:25:00+00:00,65014,79393.36,tp,75.0,0.0,0.0,75.0,1.0714285714285714,-219.7100000000064,886.25,-0.31387142857143774,1.2660714285714285,49,14700.0,14.0,206.17785714285648,268.16249917825627,london,Mon,10,False
956,BTCUSDm,short,2026-05-04 14:30:00+00:00,65015,79230.49,0.1,79930.49,78230.49,700.0,close_above_upper,0.07904802148806987,0.1,78730.49,0.5,0.0,0.0,0.0,,,False,2026-05-04 14:45:00+00:00,65018,79944.49,sl,-71.4,0.0,0.0,-71.4,-1.02,-357.0199999999895,16.270000000004075,-0.5100285714285565,0.023242857142862963,3,900.0,14.0,191.0628571428554,299.36208700328916,overlap,Mon,14,False
957,BTCUSDm,short,2026-05-04 14:50:00+00:00,65019,80032.85,0.1,80032.85,79032.85,700.0,close_above_upper,1.7406722810265423,0.05,79532.85,0.5,0.05,79546.85,24.3,65024.0,2026-05-04 15:15:00+00:00,True,2026-05-04 15:55:00+00:00,65032,80046.85,be_stop,23.6,0.0,0.0,23.6,0.3371428571428572,-528.0899999999965,725.4800000000105,-0.7544142857142807,1.0364000000000149,13,3900.0,14.0,238.01499999999942,311.5333460677928,overlap,Mon,14,False
958,BTCUSDm,short,2026-05-04 16:25:00+00:00,65038,80250.61,0.1,80250.61,79250.61,700.0,close_above_upper,0.03962247464251419,0.05,79750.61,0.5,0.05,79764.61,24.3,65124.0,2026-05-04 23:35:00+00:00,True,2026-05-05 01:10:00+00:00,65143,80264.61,be_stop,23.6,0.0,0.0,23.6,0.3371428571428572,-536.3600000000006,520.5399999999936,-0.7662285714285723,0.7436285714285623,105,31500.0,14.0,335.5028571428588,333.60073969825,newyork,Mon,16,False
959,BTCUSDm,long,2026-05-05 22:40:00+00:00,65401,81022.23,0.1,81022.23,82022.23,700.0,close_below_lower,0.010517544224925858,0.05,81522.23,0.5,0.05,81522.23,25.0,65439.0,2026-05-06 01:50:00+00:00,True,2026-05-06 09:40:00+00:00,65533,82022.23,tp,75.0,0.0,0.0,75.0,1.0714285714285714,-311.75999999999476,992.8400000000111,-0.4453714285714211,1.418342857142873,132,39600.0,14.0,146.81785714285485,352.637573986519,rollover,Tue,22,False
960,BTCUSDm,short,2026-05-06 11:25:00+00:00,65554,82732.72,0.1,82732.72,81732.72,700.0,close_above_upper,0.29709032192043944,0.05,82232.72,0.5,0.05,82246.72,24.3,65563.0,2026-05-06 12:10:00+00:00,True,2026-05-06 13:45:00+00:00,65582,81746.72,tp,73.60000000000001,0.0,0.0,73.60000000000001,1.0514285714285716,-62.91000000000349,981.6999999999971,-0.08987142857143356,1.4024285714285674,28,8400.0,14.0,159.03785714285706,309.71038834837685,london,Wed,11,False
961,BTCUSDm,long,2026-05-06 14:05:00+00:00,65586,81404.67,0.1,81404.67,82404.67,700.0,close_below_lower,0.5042763973521989,0.05,81904.67,0.5,0.05,81904.67,25.0,65594.0,2026-05-06 14:45:00+00:00,True,2026-05-06 15:10:00+00:00,65599,81404.67,be_stop,25.0,0.0,0.0,25.0,0.35714285714285715,-292.1999999999971,571.5599999999977,-0.41742857142856726,0.8165142857142824,13,3900.0,14.0,201.99071428571293,324.34122651249174,overlap,Wed,14,False
962,BTCUSDm,short,2026-05-07 07:15:00+00:00,65792,81646.5,0.1,81646.5,80646.5,700.0,close_above_upper,0.1531340449509857,0.05,81146.5,0.5,0.05,81160.5,24.3,65813.0,2026-05-07 09:00:00+00:00,True,2026-05-07 10:25:00+00:00,65830,80660.5,tp,73.60000000000001,0.0,0.0,73.60000000000001,1.0514285714285716,-66.61000000000058,867.5099999999948,-0.09515714285714369,1.2392999999999925,38,11400.0,14.0,119.21357142857285,305.66789494895795,london,Thu,7,False
963,BTCUSDm,long,2026-05-07 13:45:00+00:00,65870,80569.59,0.1,79869.59,81569.59,700.0,close_below_lower,0.24686821784779034,0.1,81069.59,0.5,0.0,0.0,0.0,,,False,2026-05-07 15:20:00+00:00,65889,79869.59,sl,-70.0,0.0,0.0,-70.0,-1.0,-686.7099999999919,114.97000000000116,-0.9810142857142741,0.1642428571428588,19,5700.0,14.0,138.94642857142858,313.31323956722684,overlap,Thu,13,False
964,BTCUSDm,long,2026-05-07 15:25:00+00:00,65890,79833.9,0.1,79833.9,80833.9,700.0,close_below_lower,0.08179874778668501,0.05,80333.9,0.5,0.05,80333.9,25.0,65945.0,2026-05-07 20:00:00+00:00,True,2026-05-07 21:00:00+00:00,65957,79833.9,be_stop,25.0,0.0,0.0,25.0,0.35714285714285715,-355.6499999999942,537.2400000000052,-0.5080714285714203,0.7674857142857218,67,20100.0,14.0,187.1642857142849,333.2605327043749,overlap,Thu,15,False
965,BTCUSDm,long,2026-05-08 13:15:00+00:00,66152,79698.91,0.1,79698.91,80698.91,700.0,close_below_lower,0.3896703888925445,0.05,80198.91,0.5,0.05,80198.91,25.0,66164.0,2026-05-08 14:15:00+00:00,True,2026-05-08 15:20:00+00:00,66177,79698.91,be_stop,25.0,0.0,0.0,25.0,0.35714285714285715,-177.38999999999942,740.7200000000012,-0.25341428571428487,1.0581714285714303,25,7500.0,14.0,139.33285714285844,296.59337382062034,overlap,Fri,13,False
966,BTCUSDm,short,2026-05-08 17:35:00+00:00,66204,80234.25,0.1,80934.25,79234.25,700.0,close_above_upper,0.05318194861854367,0.1,79734.25,0.5,0.0,0.0,0.0,,,False,2026-05-09 18:25:00+00:00,66502,80948.25,sl,-71.4,0.0,0.0,-71.4,-1.02,-683.8399999999965,301.74000000000524,-0.9769142857142807,0.43105714285715035,298,89400.0,14.0,132.71857142857021,317.0407286816275,newyork,Fri,17,False
967,BTCUSDm,short,2026-05-10 15:45:00+00:00,66757,81130.8,0.1,81130.8,80130.8,700.0,close_above_upper,0.08402336943430846,0.05,80630.8,0.5,0.05,80644.8,24.3,66817.0,2026-05-10 20:45:00+00:00,True,2026-05-10 22:00:00+00:00,66832,81144.8,be_stop,23.6,0.0,0.0,23.6,0.3371428571428572,-454.11999999999534,873.9600000000064,-0.6487428571428505,1.2485142857142948,75,22500.0,14.0,97.55285714285752,130.21574590716602,overlap,Sun,15,False
968,BTCUSDm,short,2026-05-10 22:10:00+00:00,66834,81169.5,0.1,81869.5,80169.5,700.0,close_above_upper,1.148713299142428,0.1,80669.5,0.5,0.0,0.0,0.0,,,False,2026-05-10 22:30:00+00:00,66838,81883.5,sl,-71.4,0.0,0.0,-71.4,-1.02,-555.7799999999988,4.600000000005821,-0.7939714285714269,0.006571428571436887,4,1200.0,14.0,198.77285714285557,157.46524355578998,rollover,Sun,22,False
969,BTCUSDm,short,2026-05-10 22:35:00+00:00,66839,82004.54,0.1,82004.54,81004.54,700.0,close_above_upper,4.005348009009254,0.05,81504.54,0.5,0.05,81518.54,24.3,66860.0,2026-05-11 00:20:00+00:00,True,2026-05-11 03:05:00+00:00,66893,81018.54,tp,73.60000000000001,0.0,0.0,73.60000000000001,1.0514285714285716,-468.63000000000466,930.7899999999936,-0.6694714285714353,1.3296999999999908,54,16200.0,14.0,242.69785714285536,171.4078766557479,rollover,Sun,22,False
970,BTCUSDm,long,2026-05-11 03:15:00+00:00,66895,80618.06,0.1,80618.06,81618.06,700.0,close_below_lower,1.3764472312588156,0.05,81118.06,0.5,0.05,81118.06,25.0,66979.0,2026-05-11 10:15:00+00:00,True,2026-05-11 14:30:00+00:00,67030,80618.06,be_stop,25.0,0.0,0.0,25.0,0.35714285714285715,-126.45999999999185,726.8000000000029,-0.18065714285713122,1.0382857142857185,135,40500.0,14.0,145.56571428571624,232.42212261573314,asian,Mon,3,False
971,BTCUSDm,long,2026-05-11 14:35:00+00:00,67031,80585.87,0.1,80585.87,81585.87,700.0,close_below_lower,0.544708318736471,0.05,81085.87,0.5,0.05,81085.87,25.0,67041.0,2026-05-11 15:25:00+00:00,True,2026-05-11 16:10:00+00:00,67050,81585.87,tp,75.0,0.0,0.0,75.0,1.0714285714285714,-39.13999999999942,995.0800000000017,-0.05591428571428488,1.4215428571428597,19,5700.0,14.0,205.3514285714295,260.520640502726,overlap,Mon,14,False
972,BTCUSDm,short,2026-05-11 16:15:00+00:00,67051,81774.99,0.1,81774.99,80774.99,700.0,close_above_upper,0.793946068907636,0.05,81274.99,0.5,0.05,81288.99,24.3,67159.0,2026-05-12 01:15:00+00:00,True,2026-05-12 01:40:00+00:00,67164,80788.99,tp,73.60000000000001,0.0,0.0,73.60000000000001,1.0514285714285716,-355.83000000000175,986.8000000000029,-0.5083285714285739,1.40971428571429,113,33900.0,14.0,170.2735714285705,278.8395989448204,newyork,Mon,16,False
973,BTCUSDm,long,2026-05-12 15:25:00+00:00,67329,80234.92,0.1,80234.92,81234.92,700.0,close_below_lower,0.05612165818795914,0.05,80734.92,0.5,0.05,80734.92,25.0,67371.0,2026-05-12 18:55:00+00:00,True,2026-05-13 02:20:00+00:00,67460,81234.92,tp,75.0,0.0,0.0,75.0,1.0714285714285714,-433.8399999999965,944.8800000000047,-0.6197714285714235,1.349828571428578,131,39300.0,14.0,190.67285714285703,328.25901519649915,overlap,Tue,15,False
974,BTCUSDm,long,2026-05-13 11:10:00+00:00,67566,80663.91,0.1,79963.91,81663.91,700.0,close_below_lower,0.007649161310678263,0.1,81163.91,0.5,0.0,0.0,0.0,,,False,2026-05-13 12:35:00+00:00,67583,79963.91,sl,-70.0,0.0,0.0,-70.0,-1.0,-652.9800000000105,8.94999999999709,-0.9328285714285864,0.012785714285710128,17,5100.0,14.0,91.45357142857185,241.44848389639114,london,Wed,11,False
975,BTCUSDm,long,2026-05-13 12:40:00+00:00,67584,79933.1,0.1,79233.1,80933.1,700.0,close_below_lower,0.9618105791028883,0.1,80433.1,0.5,0.0,0.0,0.0,,,False,2026-05-13 15:25:00+00:00,67617,79233.1,sl,-70.0,0.0,0.0,-70.0,-1.0,-686.9200000000128,393.6299999999901,-0.981314285714304,0.5623285714285573,33,9900.0,14.0,144.1385714285716,245.32620480833577,overlap,Wed,12,False
976,BTCUSDm,long,2026-05-13 15:30:00+00:00,67618,79260.59,0.1,79260.59,80260.59,700.0,close_below_lower,0.19320595551275055,0.05,79760.59,0.5,0.05,79760.59,25.0,67652.0,2026-05-13 18:20:00+00:00,True,2026-05-13 22:05:00+00:00,67697,79260.59,be_stop,25.0,0.0,0.0,25.0,0.35714285714285715,-553.5099999999948,520.7300000000105,-0.7907285714285639,0.743900000000015,79,23700.0,14.0,136.49500000000054,262.78363425840473,overlap,Wed,15,False
977,BTCUSDm,long,2026-05-14 03:25:00+00:00,67761,79054.49,0.1,79054.49,80054.49,700.0,close_below_lower,0.09855397758513176,0.05,79554.49,0.5,0.05,79554.49,25.0,67784.0,2026-05-14 05:20:00+00:00,True,2026-05-14 14:15:00+00:00,67891,80054.49,tp,75.0,0.0,0.0,75.0,1.0714285714285714,-178.16999999999825,996.2799999999988,-0.25452857142856894,1.4232571428571412,130,39000.0,14.0,121.7385714285743,293.46869980141105,asian,Thu,3,False
978,BTCUSDm,short,2026-05-14 14:20:00+00:00,67892,80191.08,0.1,80891.08,79191.08,700.0,close_above_upper,0.08774437664302664,0.1,79691.08,0.5,0.0,0.0,0.0,,,False,2026-05-14 14:55:00+00:00,67899,80905.08,sl,-71.4,0.0,0.0,-71.4,-1.02,-658.0099999999948,139.40000000000873,-0.9400142857142783,0.1991428571428696,7,2100.0,14.0,222.30000000000084,300.59490301318806,overlap,Thu,14,False
979,BTCUSDm,short,2026-05-14 15:00:00+00:00,67900,80948.07,0.1,81648.07,79948.07,700.0,close_above_upper,1.1352724935633436,0.1,80448.07,0.5,0.0,0.0,0.0,,,False,2026-05-14 16:40:00+00:00,67920,81662.07,sl,-71.4,0.0,0.0,-71.4,-1.02,-659.3499999999913,162.19000000000233,-0.9419285714285589,0.23170000000000332,20,6000.0,14.0,216.96928571428725,316.59033476906455,overlap,Thu,15,False
980,BTCUSDm,short,2026-05-14 17:00:00+00:00,67924,81876.91,0.1,81876.91,80876.91,700.0,close_above_upper,0.2777675943332108,0.05,81376.91,0.5,0.05,81390.91,24.3,67928.0,2026-05-14 17:20:00+00:00,True,2026-05-14 18:15:00+00:00,67939,81890.91,be_stop,23.6,0.0,0.0,23.6,0.3371428571428572,-171.52999999999884,620.9900000000052,-0.24504285714285548,0.8871285714285789,15,4500.0,14.0,220.55499999999924,351.34125416415145,newyork,Thu,17,False
981,BTCUSDm,long,2026-05-15 13:35:00+00:00,68171,79703.53,0.1,79003.53,80703.53,700.0,close_below_lower,0.43455717144206374,0.1,80203.53,0.5,0.0,0.0,0.0,,,False,2026-05-15 13:45:00+00:00,68173,79003.53,sl,-70.0,0.0,0.0,-70.0,-1.0,-639.9400000000023,0.0,-0.9142000000000033,0.0,2,600.0,14.0,141.36214285714232,349.46066951451087,overlap,Fri,13,False
982,BTCUSDm,long,2026-05-15 13:50:00+00:00,68174,79116.78,0.1,78416.78,80116.78,700.0,close_below_lower,1.1328801047315784,0.1,79616.78,0.5,0.0,0.0,0.0,,,False,2026-05-16 06:50:00+00:00,68378,78416.78,sl,-70.0,0.0,0.0,-70.0,-1.0,-576.2899999999936,418.13000000000466,-0.8232714285714194,0.5973285714285781,204,61200.0,14.0,186.23785714285623,362.3640118601974,overlap,Fri,13,False
983,BTCUSDm,long,2026-05-16 07:15:00+00:00,68383,78243.38,0.1,77543.38,79243.38,700.0,close_below_lower,0.30720504809533783,0.1,78743.38,0.5,0.0,0.0,0.0,,,False,2026-05-17 23:40:00+00:00,68868,77543.38,sl,-70.0,0.0,0.0,-70.0,-1.0,-642.9300000000076,333.4400000000023,-0.9184714285714394,0.47634285714286045,485,145500.0,14.0,131.05642857143124,327.34532502209225,london,Sat,7,False
984,BTCUSDm,long,2026-05-17 23:45:00+00:00,68869,77222.36,0.1,76522.36,78222.36,700.0,close_below_lower,2.0705137093475674,0.1,77722.36,0.5,0.0,0.0,0.0,,,False,2026-05-18 06:10:00+00:00,68946,76522.36,sl,-70.0,0.0,0.0,-70.0,-1.0,-575.2899999999936,279.6499999999942,-0.821842857142848,0.3994999999999917,77,23100.0,14.0,211.2400000000021,191.831547742993,rollover,Sun,23,False
985,BTCUSDm,short,2026-05-18 11:40:00+00:00,69012,77123.06,0.1,77123.06,76123.06,700.0,close_above_upper,0.6190202078702642,0.05,76623.06,0.5,0.05,76637.06,24.3,69043.0,2026-05-18 14:15:00+00:00,True,2026-05-18 15:00:00+00:00,69052,76137.06,tp,73.60000000000001,0.0,0.0,73.60000000000001,1.0514285714285716,-637.9000000000087,939.9799999999959,-0.9112857142857268,1.3428285714285657,40,12000.0,14.0,94.89499999999991,199.53450790630586,london,Mon,11,False
986,BTCUSDm,long,2026-05-18 15:05:00+00:00,69053,76193.15,0.1,76193.15,77193.15,700.0,close_below_lower,0.3068239191545115,0.05,76693.15,0.5,0.05,76693.15,25.0,69086.0,2026-05-18 17:50:00+00:00,True,2026-05-18 18:25:00+00:00,69093,76193.15,be_stop,25.0,0.0,0.0,25.0,0.35714285714285715,-208.39999999999418,511.070000000007,-0.2977142857142774,0.73010000000001,40,12000.0,14.0,240.85928571428772,257.25919153543856,overlap,Mon,15,False
987,BTCUSDm,short,2026-05-18 19:05:00+00:00,69101,76715.45,0.1,76715.45,75715.45,700.0,close_above_upper,0.2514126815171391,0.05,76215.45,0.5,0.05,76229.45,24.3,69334.0,2026-05-19 14:30:00+00:00,True,2026-05-19 16:30:00+00:00,69358,76729.45,be_stop,23.6,0.0,0.0,23.6,0.3371428571428572,-648.4600000000064,646.3399999999965,-0.9263714285714377,0.9233428571428521,257,77100.0,14.0,168.8792857142866,284.48578283677364,newyork,Mon,19,False
988,BTCUSDm,short,2026-05-20 05:15:00+00:00,69511,77153.47,0.1,77853.47,76153.47,700.0,close_above_upper,0.23535870161726258,0.1,76653.47,0.5,0.0,0.0,0.0,,,False,2026-05-21 00:45:00+00:00,69745,77867.47,sl,-71.4,0.0,0.0,-71.4,-1.02,-640.8199999999924,340.3099999999977,-0.9154571428571321,0.4861571428571395,234,70200.0,14.0,82.01428571428758,311.735205658462,asian,Wed,5,False
989,BTCUSDm,short,2026-05-21 00:50:00+00:00,69746,77878.15,0.1,77878.15,76878.15,700.0,close_above_upper,0.1101563111648475,0.05,77378.15,0.5,0.05,77392.15,24.3,69861.0,2026-05-21 10:25:00+00:00,True,2026-05-21 13:35:00+00:00,69899,76892.15,tp,73.60000000000001,0.0,0.0,73.60000000000001,1.0514285714285716,-264.99000000000524,892.75,-0.37855714285715036,1.2753571428571429,153,45900.0,14.0,85.49357142856856,248.21477369261515,asian,Thu,0,False
990,BTCUSDm,long,2026-05-21 13:40:00+00:00,69900,76817.91,0.1,76817.91,77817.91,700.0,close_below_lower,0.4412092225218875,0.05,77317.91,0.5,0.05,77317.91,25.0,69925.0,2026-05-21 15:45:00+00:00,True,2026-05-21 17:20:00+00:00,69944,77817.91,tp,75.0,0.0,0.0,75.0,1.0714285714285714,-167.74000000000524,974.6399999999994,-0.2396285714285789,1.3923428571428562,44,13200.0,14.0,129.25642857142833,241.483456740235,overlap,Thu,13,False
991,BTCUSDm,short,2026-05-21 17:25:00+00:00,69945,77795.12,0.1,77795.12,76795.12,700.0,close_above_upper,1.152734757946038,0.05,77295.12,0.5,0.05,77309.12,24.3,69962.0,2026-05-21 18:50:00+00:00,True,2026-05-22 04:05:00+00:00,70073,77809.12,be_stop,23.6,0.0,0.0,23.6,0.3371428571428572,-228.55999999999767,623.0899999999965,-0.32651428571428237,0.8901285714285664,128,38400.0,14.0,164.6707142857153,253.4090875429522,newyork,Thu,17,False
992,BTCUSDm,long,2026-05-22 14:20:00+00:00,70196,76867.61,0.1,76167.61,77867.61,700.0,close_below_lower,0.17885296616828716,0.1,77367.61,0.5,0.0,0.0,0.0,,,False,2026-05-22 18:45:00+00:00,70249,76167.61,sl,-70.0,0.0,0.0,-70.0,-1.0,-395.88000000000466,147.14999999999418,-0.5655428571428638,0.2102142857142774,53,15900.0,14.0,142.05428571428533,242.73658763973202,overlap,Fri,14,False
993,BTCUSDm,long,2026-05-22 18:50:00+00:00,70250,76264.03,0.1,75564.03,77264.03,700.0,close_below_lower,0.643674664091622,0.1,76764.03,0.5,0.0,0.0,0.0,,,False,2026-05-22 19:40:00+00:00,70260,75564.03,sl,-70.0,0.0,0.0,-70.0,-1.0,-662.3399999999965,242.77000000000407,-0.946199999999995,0.3468142857142915,10,3000.0,14.0,130.03071428571275,247.27547141350053,newyork,Fri,18,False
994,BTCUSDm,long,2026-05-22 19:45:00+00:00,70261,75740.73,0.1,75040.73,76740.73,700.0,close_below_lower,0.6796837224576293,0.1,76240.73,0.5,0.0,0.0,0.0,,,False,2026-05-23 07:45:00+00:00,70405,75040.73,sl,-70.0,0.0,0.0,-70.0,-1.0,-678.7899999999936,257.570000000007,-0.9696999999999909,0.3679571428571528,144,43200.0,14.0,217.37714285714173,263.80270478696843,newyork,Fri,19,False
995,BTCUSDm,long,2026-05-23 07:50:00+00:00,70406,74952.26,0.1,74952.26,75952.26,700.0,close_below_lower,0.10890862677725252,0.05,75452.26,0.5,0.05,75452.26,25.0,70491.0,2026-05-23 14:55:00+00:00,True,2026-05-23 20:10:00+00:00,70554,75952.26,tp,75.0,0.0,0.0,75.0,1.0714285714285714,-797.1199999999953,995.0500000000029,-1.1387428571428504,1.4215000000000042,148,44400.0,14.0,92.93285714285697,245.68568227367328,london,Sat,7,False
996,BTCUSDm,short,2026-05-23 20:35:00+00:00,70559,76185.3,0.1,76885.3,75185.3,700.0,close_above_upper,0.04104667070537867,0.1,75685.3,0.5,0.0,0.0,0.0,,,False,2026-05-23 20:55:00+00:00,70563,76899.3,sl,-71.4,0.0,0.0,-71.4,-1.02,-675.0399999999936,0.0,-0.964342857142848,0.0,4,1200.0,14.0,112.3928571428561,251.7194300421937,newyork,Sat,20,False
997,BTCUSDm,short,2026-05-23 21:00:00+00:00,70564,77172.96,0.1,77172.96,76172.96,700.0,close_above_upper,2.0788088465365453,0.05,76672.96,0.5,0.05,76686.96,24.3,70569.0,2026-05-23 21:25:00+00:00,True,2026-05-24 10:25:00+00:00,70725,77186.96,be_stop,23.6,0.0,0.0,23.6,0.3371428571428572,-147.43999999998778,886.4700000000012,-0.21062857142855396,1.266385714285716,161,48300.0,14.0,204.84071428571355,269.8375511399177,rollover,Sat,21,False
998,BTCUSDm,long,2026-05-24 14:15:00+00:00,70771,76439.84,0.1,76439.84,77439.84,700.0,close_below_lower,0.44299648303352096,0.05,76939.84,0.5,0.05,76939.84,25.0,70883.0,2026-05-24 23:35:00+00:00,True,2026-05-25 06:05:00+00:00,70961,77439.84,tp,75.0,0.0,0.0,75.0,1.0714285714285714,-446.81999999999243,970.75,-0.638314285714275,1.3867857142857143,190,57000.0,14.0,120.6664285714287,247.34900802039994,overlap,Sun,14,False
999,BTCUSDm,long,2026-05-26 00:40:00+00:00,71184,76902.75,0.1,76902.75,77902.75,700.0,close_below_lower,0.0954783492118702,0.05,77402.75,0.5,0.05,77402.75,25.0,71304.0,2026-05-26 10:40:00+00:00,True,2026-05-26 12:05:00+00:00,71321,76902.75,be_stop,25.0,0.0,0.0,25.0,0.35714285714285715,-521.1999999999971,639.1600000000035,-0.7445714285714244,0.9130857142857193,137,41100.0,14.0,84.75714285714328,216.03925393891268,asian,Tue,0,False
1000,BTCUSDm,long,2026-05-26 12:10:00+00:00,71322,76892.31,0.1,76892.31,77892.31,700.0,close_below_lower,0.17891527770053334,0.05,77392.31,0.5,0.05,77392.31,25.0,71347.0,2026-05-26 14:15:00+00:00,True,2026-05-26 14:25:00+00:00,71349,77892.31,tp,75.0,0.0,0.0,75.0,1.0714285714285714,-315.4400000000023,919.4000000000087,-0.45062857142857476,1.3134285714285838,27,8100.0,14.0,109.99500000000054,228.91157672783027,overlap,Tue,12,False
1001,BTCUSDm,short,2026-05-26 14:30:00+00:00,71350,77872.44,0.1,77872.44,76872.44,700.0,close_above_upper,1.5544508021877173,0.05,77372.44,0.5,0.05,77386.44,24.3,71351.0,2026-05-26 14:35:00+00:00,True,2026-05-26 14:35:00+00:00,71351,76886.44,tp,73.60000000000001,0.0,0.0,73.60000000000001,1.0514285714285716,-50.83999999999651,421.97000000000116,-0.07262857142856644,0.6028142857142874,1,300.0,14.0,241.21928571428413,252.29973749603835,overlap,Tue,14,False
1002,BTCUSDm,long,2026-05-26 14:40:00+00:00,71352,76861.5,0.1,76161.5,77861.5,700.0,close_below_lower,0.5482303326386988,0.1,77361.5,0.5,0.0,0.0,0.0,,,False,2026-05-26 16:10:00+00:00,71370,76161.5,sl,-70.0,0.0,0.0,-70.0,-1.0,-697.1000000000058,244.0,-0.9958571428571512,0.3485714285714286,18,5400.0,14.0,299.6121428571423,255.72788696742666,overlap,Tue,14,False
1003,BTCUSDm,long,2026-05-26 17:25:00+00:00,71385,76106.53,0.1,75406.53,77106.53,700.0,close_below_lower,0.07942569444446582,0.1,76606.53,0.5,0.0,0.0,0.0,,,False,2026-05-27 04:15:00+00:00,71515,75406.53,sl,-70.0,0.0,0.0,-70.0,-1.0,-641.3099999999977,68.93000000000757,-0.9161571428571396,0.09847142857143938,130,39000.0,14.0,135.82071428571777,259.54449545778414,newyork,Tue,17,False
1004,BTCUSDm,long,2026-05-27 04:35:00+00:00,71519,75228.31,0.1,75228.31,76228.31,700.0,close_below_lower,0.0622087507970833,0.05,75728.31,0.5,0.05,75728.31,25.0,71545.0,2026-05-27 06:45:00+00:00,True,2026-05-27 13:15:00+00:00,71623,75228.31,be_stop,25.0,0.0,0.0,25.0,0.35714285714285715,-38.7899999999936,828.9600000000064,-0.05541428571427657,1.1842285714285805,104,31200.0,14.0,92.34857142857176,273.0020425629035,asian,Wed,4,False
1005,BTCUSDm,long,2026-05-27 13:25:00+00:00,71625,75263.63,0.1,74563.63,76263.63,700.0,close_below_lower,0.02902920483886597,0.1,75763.63,0.5,0.0,0.0,0.0,,,False,2026-05-27 17:55:00+00:00,71679,74563.63,sl,-70.0,0.0,0.0,-70.0,-1.0,-638.0100000000093,125.8799999999901,-0.9114428571428704,0.1798285714285573,54,16200.0,14.0,179.02142857142775,284.3753280989064,overlap,Wed,13,False
1006,BTCUSDm,long,2026-05-27 21:45:00+00:00,71725,74516.39,0.1,73816.39,75516.39,700.0,close_below_lower,0.4374116077799539,0.1,75016.39,0.5,0.0,0.0,0.0,,,False,2026-05-28 03:15:00+00:00,71791,73816.39,sl,-70.0,0.0,0.0,-70.0,-1.0,-536.6100000000006,139.82000000000698,-0.7665857142857151,0.19974285714286713,66,19800.0,14.0,101.71999999999909,313.39441994086116,rollover,Wed,21,False
1007,BTCUSDm,long,2026-05-28 03:20:00+00:00,71792,73619.94,0.1,72919.94,74619.94,700.0,close_below_lower,0.48325592244965065,0.1,74119.94,0.5,0.0,0.0,0.0,,,False,2026-05-28 04:00:00+00:00,71800,72919.94,sl,-70.0,0.0,0.0,-70.0,-1.0,-672.3500000000058,201.25,-0.9605000000000083,0.2875,8,2400.0,14.0,156.39285714285612,331.06789525547526,asian,Thu,3,False
1008,BTCUSDm,long,2026-05-28 04:05:00+00:00,71801,73000.11,0.1,73000.11,74000.11,700.0,close_below_lower,0.5062780394108694,0.05,73500.11,0.5,0.05,73500.11,25.0,71874.0,2026-05-28 10:10:00+00:00,True,2026-05-28 13:25:00+00:00,71913,73000.11,be_stop,25.0,0.0,0.0,25.0,0.35714285714285715,-362.6000000000058,502.8099999999977,-0.5180000000000083,0.7182999999999967,112,33600.0,14.0,260.5828571428574,351.4192566734383,asian,Thu,4,False
1009,BTCUSDm,long,2026-05-28 13:35:00+00:00,71915,72834.32,0.1,72834.32,73834.32,700.0,close_below_lower,0.2687529659377986,0.05,73334.32,0.5,0.05,73334.32,25.0,71923.0,2026-05-28 14:15:00+00:00,True,2026-05-28 14:25:00+00:00,71925,72834.32,be_stop,25.0,0.0,0.0,25.0,0.35714285714285715,-388.0300000000134,617.3099999999977,-0.5543285714285906,0.8818714285714252,10,3000.0,14.0,130.3571428571418,295.5739084260143,overlap,Thu,13,False
1010,BTCUSDm,long,2026-05-29 14:25:00+00:00,72213,72588.6,0.1,72588.6,73588.6,700.0,close_below_lower,0.1821448802335602,0.05,73088.6,0.5,0.05,73088.6,25.0,72219.0,2026-05-29 14:55:00+00:00,True,2026-05-29 15:05:00+00:00,72221,73588.6,tp,75.0,0.0,0.0,75.0,1.0714285714285714,-210.88000000000466,615.0199999999895,-0.3012571428571495,0.8785999999999851,8,2400.0,14.0,181.94000000000025,311.7505313190564,overlap,Fri,14,False
1011,BTCUSDm,short,2026-05-29 15:10:00+00:00,72222,73561.03,0.1,73561.03,72561.03,700.0,close_above_upper,1.0809331011908252,0.05,73061.03,0.5,0.05,73075.03,24.3,72266.0,2026-05-29 18:50:00+00:00,True,2026-05-29 19:35:00+00:00,72275,73575.03,be_stop,23.6,0.0,0.0,23.6,0.3371428571428572,-666.7799999999988,502.3500000000058,-0.9525428571428555,0.7176428571428655,53,15900.0,14.0,260.44571428571464,323.38400923483704,overlap,Fri,15,False
1012,BTCUSDm,long,2026-05-31 14:15:00+00:00,72787,73634.31,0.1,72934.31,74634.31,700.0,close_below_lower,0.01513257782554068,0.1,74134.31,0.5,0.0,0.0,0.0,,,False,2026-06-01 06:40:00+00:00,72972,72934.31,sl,-70.0,0.0,0.0,-70.0,-1.0,-619.4799999999959,358.24000000000524,-0.8849714285714227,0.5117714285714361,185,59100.0,14.0,70.92785714285752,142.04344934710662,overlap,Sun,14,False
1013,BTCUSDm,long,2026-06-01 06:45:00+00:00,72973,72921.6,0.1,72221.6,73921.6,700.0,close_below_lower,0.41451429316855853,0.1,73421.6,0.5,0.0,0.0,0.0,,,False,2026-06-01 11:55:00+00:00,73035,72221.6,sl,-70.0,0.0,0.0,-70.0,-1.0,-431.2700000000041,195.1999999999971,-0.6161000000000059,0.2788571428571387,62,18600.0,14.0,90.9178571428586,180.41412948119608,asian,Mon,6,False
1014,BTCUSDm,long,2026-06-01 12:05:00+00:00,73037,72248.39,0.1,71548.39,73248.39,700.0,close_below_lower,0.6043730683166519,0.1,72748.39,0.5,0.0,0.0,0.0,,,False,2026-06-01 13:40:00+00:00,73056,71548.39,sl,-70.0,0.0,0.0,-70.0,-1.0,-645.1000000000058,58.270000000004075,-0.9215714285714369,0.08324285714286296,19,5700.0,14.0,127.82142857142753,194.4253477020556,overlap,Mon,12,False
1015,BTCUSDm,long,2026-06-01 13:45:00+00:00,73057,71507.61,0.1,71507.61,72507.61,700.0,close_below_lower,0.7140844839474166,0.05,72007.61,0.5,0.05,72007.61,25.0,73059.0,2026-06-01 13:55:00+00:00,True,2026-06-01 14:00:00+00:00,73060,71507.61,be_stop,25.0,0.0,0.0,25.0,0.35714285714285715,-248.8000000000029,605.5399999999936,-0.3554285714285756,0.8650571428571338,3,900.0,14.0,186.44428571428685,215.9189223934335,overlap,Mon,13,False
1016,BTCUSDm,long,2026-06-01 15:20:00+00:00,73076,71135.17,0.1,71135.17,72135.17,700.0,close_below_lower,0.2580396540088454,0.05,71635.17,0.5,0.05,71635.17,25.0,73101.0,2026-06-01 17:25:00+00:00,True,2026-06-01 21:05:00+00:00,73145,71135.17,be_stop,25.0,0.0,0.0,25.0,0.35714285714285715,-571.4900000000052,569.6300000000047,-0.8164142857142932,0.8137571428571495,69,20700.0,14.0,170.03499999999934,229.10427478673176,overlap,Mon,15,False
1017,BTCUSDm,long,2026-06-01 21:10:00+00:00,73146,71078.22,0.1,70378.22,72078.22,700.0,close_below_lower,0.3660960137617994,0.1,71578.22,0.5,0.0,0.0,0.0,,,False,2026-06-02 02:05:00+00:00,73205,70378.22,sl,-70.0,0.0,0.0,-70.0,-1.0,-690.25,416.13000000000466,-0.9860714285714286,0.5944714285714352,59,17700.0,14.0,93.66357142857201,261.9451086403847,rollover,Mon,21,False
1018,BTCUSDm,long,2026-06-02 02:10:00+00:00,73206,70177.84,0.1,70177.84,71177.84,700.0,close_below_lower,1.1678187504686208,0.05,70677.84,0.5,0.05,70677.84,25.0,73209.0,2026-06-02 02:25:00+00:00,True,2026-06-02 05:55:00+00:00,73251,70177.84,be_stop,25.0,0.0,0.0,25.0,0.35714285714285715,-120.72000000000116,771.0299999999988,-0.17245714285714453,1.1014714285714269,45,13500.0,14.0,198.75499999999946,299.526218438667,asian,Tue,2,False
1019,BTCUSDm,long,2026-06-02 06:00:00+00:00,73252,70182.13,0.1,69482.13,71182.13,700.0,close_below_lower,0.059245133445607286,0.1,70682.13,0.5,0.0,0.0,0.0,,,False,2026-06-02 09:00:00+00:00,73288,69482.13,sl,-70.0,0.0,0.0,-70.0,-1.0,-581.0200000000041,157.3399999999965,-0.8300285714285772,0.22477142857142357,36,10800.0,14.0,144.27285714285972,325.69293179489046,asian,Tue,6,False
1020,BTCUSDm,long,2026-06-02 14:10:00+00:00,73350,68313.42,0.1,67613.42,69313.42,700.0,close_below_lower,0.21150494600266267,0.1,68813.42,0.5,0.0,0.0,0.0,,,False,2026-06-02 14:25:00+00:00,73353,67613.42,sl,-70.0,0.0,0.0,-70.0,-1.0,-522.679999999993,276.88000000000466,-0.7466857142857043,0.3955428571428638,3,900.0,14.0,184.9221428571452,370.2818460732878,overlap,Tue,14,False
1021,BTCUSDm,long,2026-06-02 14:30:00+00:00,73354,67778.2,0.1,67078.2,68778.2,700.0,close_below_lower,0.8341149479763894,0.1,68278.2,0.5,0.0,0.0,0.0,,,False,2026-06-02 15:30:00+00:00,73366,67078.2,sl,-70.0,0.0,0.0,-70.0,-1.0,-555.0399999999936,367.1399999999994,-0.7929142857142766,0.5244857142857134,12,3600.0,14.0,248.40928571428543,381.1559467228768,overlap,Tue,14,False
1022,BTCUSDm,long,2026-06-02 15:35:00+00:00,73367,67137.88,0.1,67137.88,68137.88,700.0,close_below_lower,0.4828841734494896,0.05,67637.88,0.5,0.05,67637.88,25.0,73374.0,2026-06-02 16:10:00+00:00,True,2026-06-02 18:30:00+00:00,73402,67137.88,be_stop,25.0,0.0,0.0,25.0,0.35714285714285715,-198.95000000001164,897.2399999999907,-0.28421428571430235,1.2817714285714152,35,10500.0,14.0,261.8821428571412,402.52542824897,overlap,Tue,15,False
1023,BTCUSDm,long,2026-06-02 19:35:00+00:00,73415,66508.51,0.1,66508.51,67508.51,700.0,close_below_lower,0.35778227829959774,0.05,67008.51,0.5,0.05,67008.51,25.0,73417.0,2026-06-02 19:45:00+00:00,True,2026-06-02 20:50:00+00:00,73430,67508.51,tp,75.0,0.0,0.0,75.0,1.0714285714285714,-44.529999999998836,895.9100000000035,-0.06361428571428406,1.2798714285714337,15,4500.0,14.0,198.0921428571424,426.31700105991285,newyork,Tue,19,False
1024,BTCUSDm,long,2026-06-02 22:20:00+00:00,73448,66979.95,0.1,66279.95,67979.95,700.0,close_below_lower,0.008102402163438539,0.1,67479.95,0.5,0.0,0.0,0.0,,,False,2026-06-02 22:50:00+00:00,73454,66279.95,sl,-70.0,0.0,0.0,-70.0,-1.0,-479.179999999993,359.8099999999977,-0.6845428571428471,0.5140142857142824,6,1800.0,14.0,183.7242857142867,438.4845220655493,rollover,Tue,22,False
1025,BTCUSDm,long,2026-06-02 22:55:00+00:00,73455,66501.26,0.1,66501.26,67501.26,700.0,close_below_lower,0.24784854749259141,0.05,67001.26,0.5,0.05,67001.26,25.0,73471.0,2026-06-03 00:15:00+00:00,True,2026-06-03 01:40:00+00:00,73488,66501.26,be_stop,25.0,0.0,0.0,25.0,0.35714285714285715,-415.52999999999884,624.75,-0.5936142857142841,0.8925,33,9900.0,14.0,251.961428571428,450.72741085610437,rollover,Tue,22,False
1026,BTCUSDm,long,2026-06-03 03:45:00+00:00,73513,65695.42,0.1,65695.42,66695.42,700.0,close_below_lower,0.23333665799587183,0.05,66195.42,0.5,0.05,66195.42,25.0,73516.0,2026-06-03 04:00:00+00:00,True,2026-06-03 05:00:00+00:00,73528,66695.42,tp,75.0,0.0,0.0,75.0,1.0714285714285714,-377.6599999999962,841.7299999999959,-0.5395142857142803,1.2024714285714226,15,4500.0,14.0,198.71928571428518,481.1363711543061,asian,Wed,3,False
1027,BTCUSDm,short,2026-06-03 05:05:00+00:00,73529,66924.06,0.1,66924.06,65924.06,700.0,close_above_upper,0.17697276554960456,0.05,66424.06,0.5,0.05,66438.06,24.3,73649.0,2026-06-03 15:05:00+00:00,True,2026-06-03 16:00:00+00:00,73660,65938.06,tp,73.60000000000001,0.0,0.0,73.60000000000001,1.0514285714285716,-500.61999999999534,957.429999999993,-0.7151714285714219,1.367757142857133,131,39300.0,14.0,240.47000000000222,496.327014076269,asian,Wed,5,False
1028,BTCUSDm,long,2026-06-03 16:25:00+00:00,73665,65562.42,0.1,65562.42,66562.42,700.0,close_below_lower,0.1467993607452913,0.05,66062.42,0.5,0.05,66062.42,25.0,73678.0,2026-06-03 17:30:00+00:00,True,2026-06-03 19:25:00+00:00,73701,65562.42,be_stop,25.0,0.0,0.0,25.0,0.35714285714285715,-111.31999999999971,536.1500000000087,-0.15902857142857102,0.765928571428584,36,10800.0,14.0,275.21928571428623,496.420103924043,newyork,Wed,16,False
1029,BTCUSDm,long,2026-06-03 23:10:00+00:00,73746,64422.27,0.1,63722.27,65422.27,700.0,close_below_lower,0.06819356253137329,0.1,64922.27,0.5,0.0,0.0,0.0,,,False,2026-06-04 00:25:00+00:00,73761,63722.27,sl,-70.0,0.0,0.0,-70.0,-1.0,-587.9300000000003,208.38000000000466,-0.8399000000000004,0.29768571428572094,15,4500.0,14.0,273.15999999999985,511.2877807272987,rollover,Wed,23,False
1030,BTCUSDm,long,2026-06-04 00:30:00+00:00,73762,63279.84,0.1,62579.84,64279.84,700.0,close_below_lower,0.6173433348255449,0.1,63779.84,0.5,0.0,0.0,0.0,,,False,2026-06-04 01:20:00+00:00,73772,62579.84,sl,-70.0,0.0,0.0,-70.0,-1.0,-563.3199999999997,451.72000000000116,-0.8047428571428568,0.6453142857142874,10,3000.0,14.0,252.54714285714104,525.06445255321,asian,Thu,0,False
1031,BTCUSDm,long,2026-06-04 01:25:00+00:00,73773,62559.12,0.1,62559.12,63559.12,700.0,close_below_lower,0.30664606569612396,0.05,63059.12,0.5,0.05,63059.12,25.0,73775.0,2026-06-04 01:35:00+00:00,True,2026-06-04 01:45:00+00:00,73777,62559.12,be_stop,25.0,0.0,0.0,25.0,0.35714285714285715,-35.650000000001455,538.3399999999965,-0.05092857142857351,0.7690571428571379,4,1200.0,14.0,418.07928571428573,548.3544370886823,asian,Thu,1,False
1032,BTCUSDm,long,2026-06-04 01:55:00+00:00,73779,62184.06,0.1,61484.06,63184.06,700.0,close_below_lower,0.16437504041311318,0.1,62684.06,0.5,0.0,0.0,0.0,,,False,2026-06-04 02:00:00+00:00,73780,61484.06,sl,-70.0,0.0,0.0,-70.0,-1.0,-167.77999999999884,78.77000000000407,-0.23968571428571261,0.11252857142857725,1,300.0,14.0,341.45428571428573,562.3333688872968,asian,Thu,1,False
1033,BTCUSDm,long,2026-06-04 02:05:00+00:00,73781,61414.11,0.1,61414.11,62414.11,700.0,close_below_lower,1.0619445561105287,0.05,61914.11,0.5,0.05,61965.9,27.589500000000044,73782.0,2026-06-04 02:10:00+00:00,True,2026-06-04 02:10:00+00:00,73782,62414.11,tp,77.58950000000004,0.0,0.0,77.58950000000004,1.1084214285714291,-16.87000000000262,963.0199999999968,-0.024100000000003743,1.3757428571428525,1,300.0,14.0,363.61500000000007,571.6295783065538,asian,Thu,2,False
1034,BTCUSDm,short,2026-06-04 02:35:00+00:00,73787,63188.94,0.1,63888.94,62188.94,700.0,close_above_upper,0.13746636428813352,0.1,62688.94,0.5,0.0,0.0,0.0,,,False,2026-06-04 03:05:00+00:00,73793,63902.94,sl,-71.4,0.0,0.0,-71.4,-1.02,-503.2099999999991,216.70000000000437,-0.7188714285714273,0.3095714285714348,6,1800.0,14.0,464.55428571428484,581.3916218721652,asian,Thu,2,False
1035,BTCUSDm,short,2026-06-04 03:10:00+00:00,73794,63731.73,0.1,64431.73,62731.73,700.0,close_above_upper,0.09522181711513539,0.1,63231.73,0.5,0.0,0.0,0.0,,,False,2026-06-04 03:30:00+00:00,73798,64445.73,sl,-71.4,0.0,0.0,-71.4,-1.02,-345.73999999999796,105.0,-0.4939142857142828,0.15,4,1200.0,14.0,472.9028571428571,594.8632890568796,asian,Thu,3,False
1036,BTCUSDm,short,2026-06-04 03:35:00+00:00,73799,64377.69,0.1,64377.69,63377.69,700.0,close_above_upper,0.31670375487985264,0.05,63877.69,0.5,0.05,63891.69,24.3,73817.0,2026-06-04 05:05:00+00:00,True,2026-06-04 06:15:00+00:00,73831,64391.69,be_stop,23.6,0.0,0.0,23.6,0.3371428571428572,-320.97000000000116,798.9000000000015,-0.4585285714285731,1.1412857142857165,32,9600.0,14.0,331.9400000000008,608.648279064686,asian,Thu,3,False
1037,BTCUSDm,short,2026-06-04 12:25:00+00:00,73905,63231.85,0.1,63931.85,62231.85,700.0,close_above_upper,0.15719520208542795,0.1,62731.85,0.5,0.0,0.0,0.0,,,False,2026-06-04 13:35:00+00:00,73919,63941.93,sl,-71.00800000000018,0.0,0.0,-71.00800000000018,-1.0144000000000026,-680.75,239.04999999999563,-0.9725,0.34149999999999375,14,4200.0,10.08,282.7428571428588,622.0216519942298,overlap,Thu,12,False
1038,BTCUSDm,long,2026-06-05 06:00:00+00:00,74116,62278.19,0.1,61578.19,63278.19,700.0,close_below_lower,0.12282182097243895,0.1,62778.19,0.5,0.0,0.0,0.0,,,False,2026-06-05 06:20:00+00:00,74120,61578.19,sl,-70.0,0.0,0.0,-70.0,-1.0,-534.7400000000052,295.4799999999959,-0.7639142857142932,0.4221142857142799,4,1200.0,10.08,286.9357142857147,658.2411311040502,asian,Fri,6,False
1039,BTCUSDm,long,2026-06-05 06:25:00+00:00,74121,61411.44,0.1,61411.44,62411.44,700.0,close_below_lower,0.5709906941035678,0.05,61911.44,0.5,0.05,61911.44,25.0,74122.0,2026-06-05 06:30:00+00:00,True,2026-06-05 07:05:00+00:00,74129,61411.44,be_stop,25.0,0.0,0.0,25.0,0.35714285714285715,-128.70000000000437,736.6999999999971,-0.1838571428571491,1.0524285714285673,8,2400.0,10.08,380.0042857142856,678.321232644658,asian,Fri,6,False
1040,BTCUSDm,short,2026-06-05 07:40:00+00:00,74136,62699.97,0.1,62699.97,61699.97,700.0,close_above_upper,0.10774877011299479,0.05,62199.97,0.5,0.05,62210.05,24.495999999999913,74178.0,2026-06-05 11:10:00+00:00,True,2026-06-05 12:00:00+00:00,74188,61710.05,tp,73.99199999999983,0.0,0.0,73.99199999999983,1.057028571428569,-510.72000000000116,807.9700000000012,-0.7296000000000017,1.154242857142859,52,15600.0,10.08,361.81142857142913,700.6872661856919,london,Fri,7,False
1041,BTCUSDm,long,2026-06-05 14:00:00+00:00,74212,60690.08,0.1,60690.08,61690.08,700.0,close_below_lower,0.3970684842953259,0.05,61190.08,0.5,0.05,61190.08,25.0,74213.0,2026-06-05 14:05:00+00:00,True,2026-06-05 14:10:00+00:00,74214,60690.08,be_stop,25.0,0.0,0.0,25.0,0.35714285714285715,-289.52999999999884,504.8799999999974,-0.41361428571428405,0.7212571428571392,2,600.0,10.08,306.82571428571566,726.7002611568496,overlap,Fri,14,False
1042,BTCUSDm,long,2026-06-05 18:55:00+00:00,74271,59178.200000000004,0.1,59178.200000000004,60178.2,700.0,close_below_lower,0.42906773109186397,0.05,59678.2,0.5,0.05,59678.2,24.999999999999638,74277.0,2026-06-05 19:25:00+00:00,True,2026-06-05 19:45:00+00:00,74281,60178.2,tp,74.99999999999928,0.0,0.0,74.99999999999928,1.0714285714285612,-104.91000000000349,696.6299999999974,-0.14987142857143357,0.9951857142857106,10,3000.0,10.08,298.99357142857065,734.8564146029078,newyork,Fri,18,False
1043,BTCUSDm,short,2026-06-05 20:10:00+00:00,74286,60833.04,0.1,61533.04,59833.04,700.0,close_above_upper,0.24360843372759375,0.1,60333.04,0.5,0.0,0.0,0.0,,,False,2026-06-05 20:50:00+00:00,74294,61543.12,sl,-71.00800000000018,0.0,0.0,-71.00800000000018,-1.0144000000000026,-597.489999999998,182.3000000000029,-0.8535571428571399,0.26042857142857556,8,2400.0,10.08,420.32714285714246,726.8869063143879,newyork,Fri,20,False
1044,BTCUSDm,long,2026-06-05 23:35:00+00:00,74327,60571.32,0.1,60571.32,61571.32,700.0,close_below_lower,0.0532756415996647,0.05,61071.32,0.5,0.05,61071.32,25.0,74332.0,2026-06-06 00:00:00+00:00,True,2026-06-06 03:30:00+00:00,74374,60571.32,be_stop,25.0,0.0,0.0,25.0,0.35714285714285715,-10.080000000001746,938.1500000000015,-0.014400000000002494,1.3402142857142878,47,14100.0,10.08,288.6621428571442,725.6722979397108,rollover,Fri,23,False
1045,BTCUSDm,long,2026-06-06 04:35:00+00:00,74387,59515.69,0.1,59515.69,60515.69,700.0,close_below_lower,0.1279211620394244,0.05,60015.69,0.5,0.05,60015.69,25.0,74390.0,2026-06-06 04:50:00+00:00,True,2026-06-06 05:20:00+00:00,74396,60515.69,tp,75.0,0.0,0.0,75.0,1.0714285714285714,-27.650000000001455,782.1599999999962,-0.03950000000000208,1.1173714285714231,9,2700.0,10.08,254.82499999999814,720.7762851892019,asian,Sat,4,False
1046,BTCUSDm,long,2026-06-07 12:35:00+00:00,74770,61770.340000000004,0.1,61770.340000000004,62770.34,700.0,close_below_lower,0.02644437939719415,0.05,62270.34,0.5,0.05,62270.34,24.999999999999638,74793.0,2026-06-07 14:30:00+00:00,True,2026-06-07 14:45:00+00:00,74796,61770.340000000004,be_stop,24.999999999999638,0.0,0.0,24.999999999999638,0.357142857142852,-239.59000000000378,515.2499999999927,-0.342271428571434,0.7360714285714182,26,7800.0,10.08,189.7992857142864,489.60964623509517,overlap,Sun,12,False
1047,BTCUSDm,long,2026-06-07 19:10:00+00:00,74849,61566.560000000005,0.1,61566.560000000005,62566.56,700.0,close_below_lower,0.2695843915723255,0.05,62066.56,0.5,0.05,62066.56,24.999999999999638,74885.0,2026-06-07 22:10:00+00:00,True,2026-06-07 22:10:00+00:00,74885,62566.56,tp,74.99999999999928,0.0,0.0,74.99999999999928,1.0714285714285612,-421.38000000000466,419.54999999999563,-0.6019714285714353,0.5993571428571366,36,10800.0,10.08,125.82642857142751,392.12995370103465,newyork,Sun,19,False
1048,BTCUSDm,short,2026-06-07 22:15:00+00:00,74886,63681.78,0.1,63681.78,62681.78,700.0,close_above_upper,3.3248765815404777,0.05,63181.78,0.5,0.05,63152.97,26.440499999999886,74887.0,2026-06-07 22:20:00+00:00,True,2026-06-08 00:35:00+00:00,74914,63691.86,be_stop,25.9364999999998,0.0,0.0,25.9364999999998,0.3705214285714257,-566.0699999999997,928.1999999999971,-0.8086714285714282,1.3259999999999958,28,8400.0,10.08,267.30428571428484,404.8825720832951,rollover,Sun,22,False
1049,BTCUSDm,short,2026-06-08 00:40:00+00:00,74915,63791.19,0.1,63791.19,62791.19,700.0,close_above_upper,0.2618545548075142,0.05,63291.19,0.5,0.05,63301.270000000004,24.495999999999913,74920.0,2026-06-08 01:05:00+00:00,True,2026-06-08 01:25:00+00:00,74924,62801.270000000004,tp,73.99199999999983,0.0,0.0,73.99199999999983,1.057028571428569,-68.32999999999447,962.810000000005,-0.09761428571427781,1.3754428571428643,9,2700.0,10.08,190.3064285714302,399.1748932732024,asian,Mon,0,False
1050,BTCUSDm,long,2026-06-08 01:30:00+00:00,74925,62806.87,0.1,62806.87,63806.87,700.0,close_below_lower,0.1636044343513089,0.05,63306.87,0.5,0.05,63306.87,25.0,74945.0,2026-06-08 03:10:00+00:00,True,2026-06-08 04:05:00+00:00,74956,62806.87,be_stop,25.0,0.0,0.0,25.0,0.35714285714285715,-128.13999999999942,634.2999999999956,-0.18305714285714203,0.9061428571428509,31,9300.0,10.08,229.1792857142869,411.74112359181584,asian,Mon,1,False
1051,BTCUSDm,long,2026-06-08 12:05:00+00:00,75052,62823.32,0.1,62823.32,63823.32,700.0,close_below_lower,0.40479209577953695,0.05,63323.32,0.5,0.05,63323.32,25.0,75058.0,2026-06-08 12:35:00+00:00,True,2026-06-08 12:55:00+00:00,75062,63823.32,tp,75.0,0.0,0.0,75.0,1.0714285714285714,-167.73999999999796,807.4300000000003,-0.23962857142856853,1.153471428571429,10,3000.0,10.08,215.14857142857258,410.3804896918741,overlap,Mon,12,False
1052,BTCUSDm,short,2026-06-08 13:00:00+00:00,75063,63820.6,0.1,63820.6,62820.6,700.0,close_above_upper,0.1979422212604123,0.05,63320.6,0.5,0.05,63330.6,24.5,75069.0,2026-06-08 13:30:00+00:00,True,2026-06-08 13:50:00+00:00,75073,63830.6,be_stop,24.0,0.0,0.0,24.0,0.34285714285714286,-86.56000000000495,512.8099999999977,-0.12365714285714993,0.732585714285711,10,3000.0,10.08,274.100714285714,427.39017315885593,overlap,Mon,13,False
1053,BTCUSDm,long,2026-06-09 14:20:00+00:00,75367,61799.48,0.1,61099.48,62799.48,700.0,close_below_lower,0.05088588078499158,0.1,62299.48,0.5,0.0,0.0,0.0,,,False,2026-06-09 14:45:00+00:00,75372,61099.48,sl,-70.0,0.0,0.0,-70.0,-1.0,-532.3400000000038,64.20999999999913,-0.7604857142857196,0.09172857142857019,5,1500.0,10.0,215.73642857143048,405.3294811881533,overlap,Tue,14,False
1054,BTCUSDm,long,2026-06-09 14:50:00+00:00,75373,61189.75,0.1,61189.75,62189.75,700.0,close_below_lower,0.4103409088990992,0.05,61689.75,0.5,0.05,61689.75,25.0,75402.0,2026-06-09 17:15:00+00:00,True,2026-06-09 20:15:00+00:00,75438,62189.75,tp,75.0,0.0,0.0,75.0,1.0714285714285714,-462.5199999999968,986.4400000000023,-0.6607428571428525,1.4092000000000033,65,19500.0,10.0,242.96142857143008,419.2731082649063,overlap,Tue,14,False
1055,BTCUSDm,short,2026-06-10 12:35:00+00:00,75634,61625.0,0.1,62325.0,60625.0,700.0,close_above_upper,0.4938814554820655,0.1,61125.0,0.5,0.0,0.0,0.0,,,False,2026-06-10 13:40:00+00:00,75647,62335.0,sl,-71.0,0.0,0.0,-71.0,-1.0142857142857142,-521.5599999999977,244.7300000000032,-0.7450857142857109,0.34961428571429026,13,3900.0,10.0,174.73928571428561,356.3749455646744,overlap,Wed,12,False
1056,BTCUSDm,short,2026-06-10 13:45:00+00:00,75648,62340.83,0.1,62340.83,61340.83,700.0,close_above_upper,0.8453563014876493,0.05,61840.83,0.5,0.05,61850.83,24.5,75654.0,2026-06-10 14:15:00+00:00,True,2026-06-10 15:00:00+00:00,75663,62350.83,be_stop,24.0,0.0,0.0,24.0,0.34285714285714286,-73.88999999999942,583.0999999999985,-0.10555714285714203,0.832999999999998,15,4500.0,10.0,180.0607142857147,374.847636176852,overlap,Wed,13,False
1057,BTCUSDm,short,2026-06-10 15:55:00+00:00,75674,62773.27,0.1,62773.27,61773.27,700.0,close_above_upper,0.5292852331911928,0.05,62273.27,0.5,0.05,62283.27,24.5,75677.0,2026-06-10 16:10:00+00:00,True,2026-06-10 17:30:00+00:00,75693,61783.27,tp,74.0,0.0,0.0,74.0,1.0571428571428572,-24.25,937.0399999999936,-0.03464285714285714,1.3386285714285622,19,5700.0,10.0,264.4685714285702,379.5259980822611,overlap,Wed,15,False
1058,BTCUSDm,long,2026-06-11 12:25:00+00:00,75920,62667.65,0.1,62667.65,63667.65,700.0,close_below_lower,0.05981612987809681,0.05,63167.65,0.5,0.05,63167.65,25.0,75937.0,2026-06-11 13:50:00+00:00,True,2026-06-11 14:15:00+00:00,75942,62667.65,be_stop,25.0,0.0,0.0,25.0,0.35714285714285715,-240.09999999999854,504.2299999999959,-0.3429999999999979,0.7203285714285657,22,6600.0,10.0,126.47285714285785,339.1221875386622,overlap,Thu,12,False
1059,BTCUSDm,short,2026-06-11 17:30:00+00:00,75981,62876.86,0.1,63576.86,61876.86,700.0,close_above_upper,0.04927904746132547,0.1,62376.86,0.5,0.0,0.0,0.0,,,False,2026-06-11 17:55:00+00:00,75986,63586.86,sl,-71.0,0.0,0.0,-71.0,-1.0142857142857142,-678.4199999999983,0.0,-0.9691714285714261,0.0,5,1500.0,10.0,165.83999999999858,341.83401949456186,newyork,Thu,17,False
1060,BTCUSDm,short,2026-06-11 18:00:00+00:00,75987,63563.84,0.1,63563.84,62563.84,700.0,close_above_upper,0.6836744102710187,0.05,63063.84,0.5,0.05,63073.84,24.5,76135.0,2026-06-12 06:20:00+00:00,True,2026-06-12 09:20:00+00:00,76171,63573.84,be_stop,24.0,0.0,0.0,24.0,0.34285714285714286,-313.5500000000029,813.3799999999974,-0.44792857142857556,1.1619714285714249,184,55200.0,10.0,227.095714285713,360.52411126906685,newyork,Thu,18,False
1061,BTCUSDm,short,2026-06-12 09:35:00+00:00,76174,63828.84,0.1,63828.84,62828.84,700.0,close_above_upper,0.06286193804368025,0.05,63328.84,0.5,0.05,63338.84,24.5,76210.0,2026-06-12 12:35:00+00:00,True,2026-06-12 14:50:00+00:00,76237,63838.84,be_stop,24.0,0.0,0.0,24.0,0.34285714285714286,-37.320000000006985,851.0599999999977,-0.053314285714295695,1.2157999999999967,63,18900.0,10.0,103.7057142857141,330.26883637806924,london,Fri,9,False
1062,BTCUSDm,short,2026-06-12 14:55:00+00:00,76238,63884.34,0.1,63884.34,62884.34,700.0,close_above_upper,0.2797290149235818,0.05,63384.34,0.5,0.05,63394.34,24.5,76308.0,2026-06-12 20:45:00+00:00,True,2026-06-13 11:05:00+00:00,76480,63894.34,be_stop,24.0,0.0,0.0,24.0,0.34285714285714286,-462.1400000000067,535.9499999999971,-0.6602000000000096,0.765642857142853,242,72600.0,10.0,201.65857142857308,330.69853134137963,overlap,Fri,14,False
1063,BTCUSDm,short,2026-06-13 21:45:00+00:00,76608,64540.47,0.1,64540.47,63540.47,700.0,close_above_upper,0.2114482045241564,0.05,64040.47,0.5,0.05,64050.47,24.5,76809.0,2026-06-14 14:30:00+00:00,True,2026-06-14 21:15:00+00:00,76890,64550.47,be_stop,24.0,0.0,0.0,24.0,0.34285714285714286,-152.0,907.010000000002,-0.21714285714285714,1.2957285714285744,282,84600.0,10.0,70.80500000000029,224.9073980579866,rollover,Sat,21,False
1064,BTCUSDm,short,2026-06-14 21:20:00+00:00,76891,64708.17,0.1,65408.17,63708.17,700.0,close_above_upper,3.1294620458384084,0.1,64208.17,0.5,0.0,0.0,0.0,,,False,2026-06-14 21:40:00+00:00,76895,65418.17,sl,-71.0,0.0,0.0,-71.0,-1.0142857142857142,-257.72000000000116,159.59999999999854,-0.36817142857143026,0.22799999999999793,4,1200.0,10.0,119.48928571428613,164.9393943080533,rollover,Sun,21,False
1065,BTCUSDm,short,2026-06-14 21:45:00+00:00,76896,65221.04,0.1,65921.04,64221.04,700.0,close_above_upper,3.159138427660775,0.1,64721.04,0.5,0.0,0.0,0.0,,,False,2026-06-15 03:45:00+00:00,76968,65931.04,sl,-70.99999999999928,0.0,0.0,-70.99999999999928,-1.0142857142856934,-666.9300000000003,307.52999999999884,-0.9527571428571433,0.4393285714285698,72,21600.0,10.0,207.47357142857177,182.63949318773766,rollover,Sun,21,False
1066,BTCUSDm,short,2026-06-15 11:20:00+00:00,77059,66199.23,0.1,66899.23,65199.23,700.0,close_above_upper,0.6688739680794514,0.1,65699.23,0.5,0.0,0.0,0.0,,,False,2026-06-15 13:25:00+00:00,77084,66909.23,sl,-71.0,0.0,0.0,-71.0,-1.0142857142857142,-676.9400000000023,142.86999999999534,-0.9670571428571462,0.20409999999999334,25,7500.0,10.0,103.15285714286127,235.0557258742876,london,Mon,11,False
1067,BTCUSDm,short,2026-06-15 13:30:00+00:00,77085,66800.34,0.1,66800.34,65800.34,700.0,close_above_upper,0.0363402447676737,0.05,66300.34,0.5,0.05,66310.34,24.5,77091.0,2026-06-15 14:00:00+00:00,True,2026-06-15 15:35:00+00:00,77110,66810.34,be_stop,24.0,0.0,0.0,24.0,0.34285714285714286,-49.4600000000064,557.2099999999919,-0.07065714285715201,0.7960142857142741,25,7500.0,10.0,132.46428571428365,253.62254104044985,overlap,Mon,13,False
1068,BTCUSDm,short,2026-06-15 15:50:00+00:00,77113,67141.8,0.1,67141.8,66141.8,700.0,close_above_upper,0.7640070452548053,0.05,66641.8,0.5,0.05,66651.8,24.5,77133.0,2026-06-15 17:30:00+00:00,True,2026-06-15 22:25:00+00:00,77192,66151.8,tp,74.0,0.0,0.0,74.0,1.0571428571428572,-121.36000000000058,977.5,-0.1733714285714294,1.3964285714285714,79,23700.0,10.0,122.35071428571246,264.00771936630673,overlap,Mon,15,False
1069,BTCUSDm,long,2026-06-16 02:30:00+00:00,77241,65741.77,0.1,65741.77,66741.77,700.0,close_below_lower,0.4822568386438945,0.05,66241.77,0.5,0.05,66241.77,25.0,77288.0,2026-06-16 06:25:00+00:00,True,2026-06-16 08:50:00+00:00,77317,66741.77,tp,75.0,0.0,0.0,75.0,1.0714285714285714,-150.27000000000407,872.0599999999977,-0.2146714285714344,1.2457999999999967,76,22800.0,10.0,98.80785714285697,297.00243655500446,asian,Tue,2,False
1070,BTCUSDm,short,2026-06-16 08:55:00+00:00,77318,66935.73,0.1,66935.73,65935.73,700.0,close_above_upper,0.3655569426244661,0.05,66435.73,0.5,0.05,66445.73,24.5,77329.0,2026-06-16 09:50:00+00:00,True,2026-06-16 13:30:00+00:00,77373,65945.73,tp,74.0,0.0,0.0,74.0,1.0571428571428572,-12.84000000001106,981.1100000000006,-0.018342857142872943,1.401585714285715,55,16500.0,10.0,108.92357142857092,319.70776454245754,london,Tue,8,False
1071,BTCUSDm,long,2026-06-16 14:20:00+00:00,77383,65670.04,0.1,65670.04,66670.04,700.0,close_below_lower,0.11248294636104568,0.05,66170.04,0.5,0.05,66170.04,25.0,77427.0,2026-06-16 18:00:00+00:00,True,2026-06-16 19:00:00+00:00,77439,65670.04,be_stop,25.0,0.0,0.0,25.0,0.35714285714285715,-367.4799999999959,525.820000000007,-0.5249714285714228,0.7511714285714386,56,16800.0,10.0,184.36142857142633,338.9132577686076,overlap,Tue,14,False
1072,BTCUSDm,long,2026-06-17 08:40:00+00:00,77603,64929.78,0.1,64929.78,65929.78,700.0,close_below_lower,0.3364649946849096,0.05,65429.78,0.5,0.05,65429.78,25.0,77686.0,2026-06-17 15:35:00+00:00,True,2026-06-17 16:15:00+00:00,77694,65929.78,tp,75.0,0.0,0.0,75.0,1.0714285714285714,-435.0699999999997,911.4600000000064,-0.621528571428571,1.3020857142857234,91,27300.0,10.0,139.29785714285546,276.33589845286014,london,Wed,8,False
1073,BTCUSDm,short,2026-06-17 16:20:00+00:00,77695,65887.52,0.1,65887.52,64887.52,700.0,close_above_upper,0.11966700526368738,0.05,65387.52,0.5,0.05,65397.52,24.500000000000366,77715.0,2026-06-17 18:00:00+00:00,True,2026-06-17 18:05:00+00:00,77716,64897.52,tp,74.00000000000074,0.0,0.0,74.00000000000074,1.0571428571428676,-514.6199999999953,725.7700000000041,-0.7351714285714219,1.0368142857142915,21,6300.0,10.0,165.88785714285663,286.6969460251754,newyork,Wed,16,False
1074,BTCUSDm,long,2026-06-17 18:10:00+00:00,77717,65428.98,0.1,65428.98,66428.98,700.0,close_below_lower,0.2438333734087721,0.05,65928.98,0.5,0.05,65928.98,24.999999999999638,77723.0,2026-06-17 18:40:00+00:00,True,2026-06-17 18:55:00+00:00,77726,65428.98,be_stop,24.999999999999638,0.0,0.0,24.999999999999638,0.357142857142852,-224.7100000000064,592.0400000000009,-0.32101428571429486,0.8457714285714298,9,2700.0,10.0,228.98357142856912,297.3718449380174,newyork,Wed,18,False
1075,BTCUSDm,long,2026-06-17 19:10:00+00:00,77729,65179.62,0.1,64479.62,66179.62,700.0,close_below_lower,0.17833447606622543,0.1,65679.62,0.5,0.0,0.0,0.0,,,False,2026-06-17 19:25:00+00:00,77732,64479.62,sl,-70.0,0.0,0.0,-70.0,-1.0,-642.7300000000032,182.64999999999418,-0.9181857142857188,0.2609285714285631,3,900.0,10.0,376.43142857142914,314.4247259136254,newyork,Wed,19,False
1076,BTCUSDm,long,2026-06-17 19:30:00+00:00,77733,64430.77,0.1,63730.77,65430.77,700.0,close_below_lower,1.4643290911838842,0.1,64930.77,0.5,0.0,0.0,0.0,,,False,2026-06-18 05:00:00+00:00,77847,63730.77,sl,-70.0,0.0,0.0,-70.0,-1.0,-676.0699999999997,321.6900000000023,-0.9658142857142853,0.45955714285714616,114,34200.0,10.0,358.75999999999993,328.14862574420096,newyork,Wed,19,False
1077,BTCUSDm,long,2026-06-18 13:45:00+00:00,77952,63822.98,0.1,63122.98,64822.98,700.0,close_below_lower,0.06196940987612557,0.1,64322.98,0.5,0.0,0.0,0.0,,,False,2026-06-18 15:15:00+00:00,77970,63122.98,sl,-70.0,0.0,0.0,-70.0,-1.0,-341.3700000000026,316.3599999999933,-0.4876714285714323,0.4519428571428476,18,5400.0,10.0,116.32571428571516,337.88441208825077,overlap,Thu,13,False
1078,BTCUSDm,long,2026-06-18 15:20:00+00:00,77971,63335.88,0.1,62635.88,64335.88,700.0,close_below_lower,0.07813232274894934,0.1,63835.88,0.5,0.0,0.0,0.0,,,False,2026-06-18 15:40:00+00:00,77975,62635.88,sl,-70.0,0.0,0.0,-70.0,-1.0,-523.2199999999939,71.85000000000582,-0.7474571428571342,0.10264285714286546,4,1200.0,10.0,253.23142857142844,348.0679383972987,overlap,Thu,15,False
1079,BTCUSDm,long,2026-06-18 15:45:00+00:00,77976,62717.8,0.1,62717.8,63717.8,700.0,close_below_lower,0.8308065907365082,0.05,63217.8,0.5,0.05,63217.8,25.0,78240.0,2026-06-19 13:45:00+00:00,True,2026-06-20 00:30:00+00:00,78369,63717.8,tp,75.0,0.0,0.0,75.0,1.0714285714285714,-537.3400000000038,901.3699999999953,-0.7676285714285769,1.287671428571422,393,117900.0,10.0,254.75,361.75776532460236,overlap,Thu,15,False
1080,BTCUSDm,short,2026-06-20 00:35:00+00:00,78370,63720.43,0.1,63720.43,62720.43,700.0,close_above_upper,0.0011698945232350888,0.05,63220.43,0.5,0.05,63230.43,24.5,78524.0,2026-06-20 13:25:00+00:00,True,2026-06-20 14:45:00+00:00,78540,63730.43,be_stop,24.0,0.0,0.0,24.0,0.34285714285714286,-136.58000000000175,612.3899999999994,-0.1951142857142882,0.8748428571428563,170,51000.0,10.0,101.0257142857138,295.12311086700373,asian,Sat,0,False
1081,BTCUSDm,short,2026-06-20 14:50:00+00:00,78541,63897.46,0.1,63897.46,62897.46,700.0,close_above_upper,1.3932534714335796,0.05,63397.46,0.5,0.05,63407.46,24.5,78933.0,2026-06-21 23:30:00+00:00,True,2026-06-22 00:35:00+00:00,78946,63907.46,be_stop,24.0,0.0,0.0,24.0,0.34285714285714286,-620.6399999999994,714.8300000000017,-0.8866285714285705,1.0211857142857168,405,121500.0,10.0,135.34357142857178,217.72604862970593,overlap,Sat,14,False
1082,BTCUSDm,short,2026-06-22 00:40:00+00:00,78947,63891.69,0.1,64591.69,62891.69,700.0,close_above_upper,0.7375876601298207,0.1,63391.69,0.5,0.0,0.0,0.0,,,False,2026-06-22 01:25:00+00:00,78956,64601.69,sl,-71.0,0.0,0.0,-71.0,-1.0142857142857142,-474.93999999999505,238.79000000000087,-0.6784857142857073,0.34112857142857267,9,2700.0,10.0,172.432857142858,216.95586541644354,asian,Mon,0,False
1083,BTCUSDm,short,2026-06-22 01:30:00+00:00,78957,64560.08,0.1,64560.08,63560.08,700.0,close_above_upper,1.9043048884151288,0.05,64060.08,0.5,0.05,64070.08,24.5,78975.0,2026-06-22 03:00:00+00:00,True,2026-06-22 11:30:00+00:00,79077,64570.08,be_stop,24.0,0.0,0.0,24.0,0.34285714285714286,-84.68000000000029,776.1200000000026,-0.120971428571429,1.1087428571428608,120,36000.0,10.0,202.00785714285718,230.05768806967006,asian,Mon,1,False
1084,BTCUSDm,short,2026-06-22 11:35:00+00:00,79078,64528.51,0.1,65228.51,63528.51,700.0,close_above_upper,0.3915082814639369,0.1,64028.51,0.5,0.0,0.0,0.0,,,False,2026-06-22 13:35:00+00:00,79102,65238.51,sl,-71.0,0.0,0.0,-71.0,-1.0142857142857142,-669.7200000000012,39.63000000000466,-0.9567428571428588,0.05661428571429237,24,7200.0,10.0,108.39357142857054,233.55310366168885,london,Mon,11,False
1085,BTCUSDm,short,2026-06-22 13:45:00+00:00,79104,65332.05,0.1,65332.05,64332.05,700.0,close_above_upper,0.10948403260108895,0.05,64832.05,0.5,0.05,64842.05,24.5,79113.0,2026-06-22 14:30:00+00:00,True,2026-06-22 17:30:00+00:00,79149,64342.05,tp,74.0,0.0,0.0,74.0,1.0571428571428572,-234.52000000000407,896.260000000002,-0.3350285714285772,1.2803714285714314,45,13500.0,10.0,166.68642857142964,259.5122007762746,overlap,Mon,13,False
1086,BTCUSDm,long,2026-06-22 22:40:00+00:00,79211,63849.49,0.1,63149.49,64849.49,700.0,close_below_lower,0.055069289937711534,0.1,64349.49,0.5,0.0,0.0,0.0,,,False,2026-06-23 06:05:00+00:00,79300,63149.49,sl,-70.0,0.0,0.0,-70.0,-1.0,-586.4300000000003,355.90000000000146,-0.8377571428571433,0.5084285714285736,89,26700.0,10.0,129.6178571428588,295.73083957908204,rollover,Mon,22,False
1087,BTCUSDm,long,2026-06-23 06:20:00+00:00,79303,62973.72,0.1,62273.72,63973.72,700.0,close_below_lower,0.08962465685488968,0.1,63473.72,0.5,0.0,0.0,0.0,,,False,2026-06-23 08:20:00+00:00,79327,62273.72,sl,-70.0,0.0,0.0,-70.0,-1.0,-651.8199999999997,58.75,-0.9311714285714282,0.08392857142857142,24,7200.0,10.0,138.2357142857145,308.8263822004988,asian,Tue,6,False
1088,BTCUSDm,long,2026-06-23 08:25:00+00:00,79328,62181.18,0.1,62181.18,63181.18,700.0,close_below_lower,0.6485513071468897,0.05,62681.18,0.5,0.05,62681.18,25.0,79398.0,2026-06-23 14:15:00+00:00,True,2026-06-23 15:15:00+00:00,79410,62181.18,be_stop,25.0,0.0,0.0,25.0,0.35714285714285715,-332.2900000000009,615.8499999999985,-0.47470000000000123,0.8797857142857122,82,24600.0,10.0,148.30714285714203,326.36229558140667,london,Tue,8,False
1089,BTCUSDm,short,2026-06-24 11:50:00+00:00,79657,63021.25,0.1,63021.25,62021.25,700.0,close_above_upper,1.054851912182864,0.05,62521.25,0.5,0.05,62531.25,24.5,79670.0,2026-06-24 12:55:00+00:00,True,2026-06-24 13:10:00+00:00,79673,62031.25,tp,74.0,0.0,0.0,74.0,1.0571428571428572,0.0,961.1200000000026,0.0,1.3730285714285753,16,4800.0,10.0,133.02357142857207,273.6132926130242,london,Wed,11,False
1090,BTCUSDm,long,2026-06-24 13:15:00+00:00,79674,61966.66,0.1,61266.66,62966.66,700.0,close_below_lower,1.041919901373919,0.1,62466.66,0.5,0.0,0.0,0.0,,,False,2026-06-24 13:45:00+00:00,79680,61266.66,sl,-70.0,0.0,0.0,-70.0,-1.0,-658.7100000000064,179.5699999999997,-0.9410142857142949,0.256528571428571,6,1800.0,10.0,144.50857142857163,284.0200461081979,overlap,Wed,13,False
1091,BTCUSDm,long,2026-06-24 13:50:00+00:00,79681,61410.3,0.1,60710.3,62410.3,700.0,close_below_lower,0.9956668938933294,0.1,61910.3,0.5,0.0,0.0,0.0,,,False,2026-06-24 15:30:00+00:00,79701,60710.3,sl,-70.0,0.0,0.0,-70.0,-1.0,-680.8500000000058,153.61999999999534,-0.9726428571428655,0.21945714285713622,20,6000.0,10.0,258.9128571428581,302.46772431855635,overlap,Wed,13,False
1092,BTCUSDm,long,2026-06-24 15:45:00+00:00,79704,60503.99,0.1,59803.99,61503.99,700.0,close_below_lower,0.005286130593111012,0.1,61003.99,0.5,0.0,0.0,0.0,,,False,2026-06-24 16:50:00+00:00,79717,59803.99,sl,-70.0,0.0,0.0,-70.0,-1.0,-612.7900000000009,94.37000000000262,-0.8754142857142869,0.13481428571428947,13,3900.0,10.0,180.80071428571475,333.9209308769239,overlap,Wed,15,False
1093,BTCUSDm,long,2026-06-24 16:55:00+00:00,79718,59826.63,0.1,59126.63,60826.63,700.0,close_below_lower,0.3930376148167342,0.1,60326.63,0.5,0.0,0.0,0.0,,,False,2026-06-24 17:45:00+00:00,79728,59126.63,sl,-70.0,0.0,0.0,-70.0,-1.0,-644.8999999999942,150.19000000000233,-0.9212857142857059,0.2145571428571462,10,3000.0,10.0,234.66214285714264,343.2298008829107,newyork,Wed,16,False
1094,BTCUSDm,short,2026-06-24 20:05:00+00:00,79756,60151.62,0.1,60851.62,59151.62,700.0,close_above_upper,0.1293838372999951,0.1,59651.62,0.5,0.0,0.0,0.0,,,False,2026-06-24 20:45:00+00:00,79764,60861.62,sl,-71.0,0.0,0.0,-71.0,-1.0142857142857142,-689.4099999999962,24.610000000000582,-0.9848714285714232,0.03515714285714369,8,2400.0,10.0,165.81428571428427,372.603608937534,newyork,Wed,20,False
1095,BTCUSDm,short,2026-06-24 20:50:00+00:00,79765,61078.59,0.1,61078.59,60078.59,700.0,close_above_upper,0.5523300515364638,0.05,60578.59,0.5,0.05,60588.59,24.5,79769.0,2026-06-24 21:10:00+00:00,True,2026-06-24 22:00:00+00:00,79779,61088.59,be_stop,24.0,0.0,0.0,24.0,0.34285714285714286,-43.17000000000553,512.4799999999959,-0.06167142857143647,0.7321142857142799,14,4200.0,10.0,232.5207142857133,398.81975839328436,newyork,Wed,20,False
1096,BTCUSDm,short,2026-06-25 05:00:00+00:00,79863,61246.1,0.1,61246.1,60246.1,700.0,close_above_upper,0.008374532409538829,0.05,60746.1,0.5,0.05,60756.1,24.5,79966.0,2026-06-25 13:35:00+00:00,True,2026-06-25 13:40:00+00:00,79967,60256.1,tp,74.0,0.0,0.0,74.0,1.0571428571428572,-621.9500000000044,681.5899999999965,-0.8885000000000063,0.973699999999995,104,31200.0,10.0,96.72571428571453,370.2333424519503,asian,Thu,5,False
1097,BTCUSDm,long,2026-06-25 13:45:00+00:00,79968,59991.86,0.1,59291.86,60991.86,700.0,close_below_lower,1.6764296285490412,0.1,60491.86,0.5,0.0,0.0,0.0,,,False,2026-06-25 13:50:00+00:00,79969,59291.86,sl,-70.0,0.0,0.0,-70.0,-1.0,-808.0299999999988,162.12000000000262,-1.1543285714285698,0.23160000000000375,1,300.0,10.0,208.95285714285794,374.8519783991271,overlap,Thu,13,False
1098,BTCUSDm,long,2026-06-25 13:55:00+00:00,79970,58723.56,0.1,58723.56,59723.56,700.0,close_below_lower,3.7794375076731237,0.05,59223.56,0.5,0.05,59223.56,25.0,79972.0,2026-06-25 14:05:00+00:00,True,2026-06-25 14:15:00+00:00,79974,58723.56,be_stop,25.0,0.0,0.0,25.0,0.35714285714285715,-725.739999999998,931.4400000000023,-1.0367714285714256,1.3306285714285748,4,1200.0,10.0,325.7585714285727,393.33895680331733,overlap,Thu,13,False
1099,BTCUSDm,long,2026-06-25 14:20:00+00:00,79975,59148.88,0.1,59148.88,60148.88,700.0,close_below_lower,0.39298567661105105,0.05,59648.88,0.5,0.05,59648.88,25.0,79977.0,2026-06-25 14:30:00+00:00,True,2026-06-25 14:30:00+00:00,79977,60148.88,tp,75.0,0.0,0.0,75.0,1.0714285714285714,-80.56999999999971,325.58000000000175,-0.11509999999999958,0.4651142857142882,2,600.0,10.0,523.9321428571441,423.35637945225824,overlap,Thu,14,False
1100,BTCUSDm,short,2026-06-25 16:10:00+00:00,79997,59847.8,0.1,59847.8,58847.8,700.0,close_above_upper,0.1987344138999087,0.05,59347.8,0.5,0.05,59357.8,24.5,80001.0,2026-06-25 16:30:00+00:00,True,2026-06-25 21:30:00+00:00,80061,59857.8,be_stop,24.0,0.0,0.0,24.0,0.34285714285714286,-123.94999999999709,808.5300000000061,-0.1770714285714244,1.155042857142866,64,19200.0,10.0,286.93285714285804,440.04559905506756,newyork,Thu,16,False
1101,BTCUSDm,long,2026-06-26 02:15:00+00:00,80118,58608.15,0.1,58608.15,59608.15,700.0,close_below_lower,0.37386461559966383,0.05,59108.15,0.5,0.05,59108.15,25.0,80133.0,2026-06-26 03:30:00+00:00,True,2026-06-26 03:45:00+00:00,80136,59608.15,tp,75.0,0.0,0.0,75.0,1.0714285714285714,-371.2300000000032,852.6599999999962,-0.530328571428576,1.2180857142857089,18,5400.0,10.0,166.47428571428463,482.2779291611415,asian,Fri,2,False
1102,BTCUSDm,short,2026-06-26 03:50:00+00:00,80137,59615.24,0.1,60315.24,58615.24,700.0,close_above_upper,0.260994555224648,0.1,59115.24,0.5,0.0,0.0,0.0,,,False,2026-06-26 06:40:00+00:00,80171,60325.24,sl,-71.0,0.0,0.0,-71.0,-1.0142857142857142,-667.8700000000026,52.43999999999505,-0.9541000000000037,0.07491428571427865,34,10200.0,10.0,250.0442857142859,512.5965336629126,asian,Fri,3,False
1103,BTCUSDm,long,2026-06-26 13:20:00+00:00,80251,58684.22,0.1,58684.22,59684.22,700.0,close_below_lower,0.02016924877381491,0.05,59184.22,0.5,0.05,59184.22,25.0,80254.0,2026-06-26 13:35:00+00:00,True,2026-06-26 13:50:00+00:00,80257,59684.22,tp,75.0,0.0,0.0,75.0,1.0714285714285714,-23.840000000003783,800.8199999999997,-0.03405714285714826,1.144028571428571,6,1800.0,10.0,299.1992857142853,477.04749111279534,overlap,Fri,13,False
1104,BTCUSDm,short,2026-06-26 13:55:00+00:00,80258,59706.16,0.1,60406.16,58706.16,700.0,close_above_upper,0.17967456002130594,0.1,59206.16,0.5,0.0,0.0,0.0,,,False,2026-06-26 15:40:00+00:00,80279,60416.16,sl,-71.0,0.0,0.0,-71.0,-1.0142857142857142,-688.2799999999988,414.8700000000026,-0.9832571428571412,0.5926714285714323,21,6300.0,10.0,318.4299999999998,474.7023090378412,overlap,Fri,13,False
1105,BTCUSDm,short,2026-06-28 08:40:00+00:00,80771,60384.74,0.1,60384.74,59384.74,700.0,close_above_upper,0.16826854523614612,0.05,59884.74,0.5,0.05,59894.74,24.5,80824.0,2026-06-28 13:05:00+00:00,True,2026-06-28 17:35:00+00:00,80878,59394.74,tp,74.0,0.0,0.0,74.0,1.0571428571428572,-40.62000000000262,921.4000000000015,-0.05802857142857517,1.3162857142857163,107,32100.0,10.0,77.35642857142842,209.47935287385985,london,Sun,8,False
1106,BTCUSDm,long,2026-06-28 17:40:00+00:00,80879,59373.75,0.1,59373.75,60373.75,700.0,close_below_lower,0.07525533488824897,0.05,59873.75,0.5,0.05,59873.75,25.0,80991.0,2026-06-29 03:00:00+00:00,True,2026-06-29 05:05:00+00:00,81016,59373.75,be_stop,25.0,0.0,0.0,25.0,0.35714285714285715,-590.260000000002,770.5199999999968,-0.8432285714285743,1.1007428571428526,137,41100.0,10.0,119.91000000000038,190.1425612725707,newyork,Sun,17,False
1107,BTCUSDm,long,2026-06-29 05:10:00+00:00,81017,59479.62,0.1,59479.62,60479.62,700.0,close_below_lower,0.13334700915636755,0.05,59979.62,0.5,0.05,59979.62,25.0,81026.0,2026-06-29 05:55:00+00:00,True,2026-06-29 12:05:00+00:00,81100,60479.62,tp,75.0,0.0,0.0,75.0,1.0714285714285714,-194.74000000000524,847.1399999999994,-0.2782000000000075,1.2101999999999993,83,24900.0,10.0,106.17142857142815,243.96557078567162,asian,Mon,5,False
1108,BTCUSDm,short,2026-06-29 12:10:00+00:00,81101,60390.99,0.1,60390.99,59390.99,700.0,close_above_upper,0.7448959451340612,0.05,59890.99,0.5,0.05,59900.99,24.5,81106.0,2026-06-29 12:35:00+00:00,True,2026-06-29 13:40:00+00:00,81119,59400.99,tp,74.0,0.0,0.0,74.0,1.0571428571428572,-316.67000000000553,753.5499999999956,-0.45238571428572216,1.0764999999999938,18,5400.0,10.0,184.68857142857036,264.54104500752345,overlap,Mon,12,False
1109,BTCUSDm,long,2026-06-29 13:45:00+00:00,81120,59379.64,0.1,59379.64,60379.64,700.0,close_below_lower,0.9847687576253836,0.05,59879.64,0.5,0.05,59879.64,25.0,81157.0,2026-06-29 16:50:00+00:00,True,2026-06-29 17:10:00+00:00,81161,60379.64,tp,75.0,0.0,0.0,75.0,1.0714285714285714,-481.7099999999991,805.760000000002,-0.6881571428571416,1.1510857142857172,41,12300.0,10.0,240.33214285714348,279.5436335903711,overlap,Mon,13,False
1110,BTCUSDm,short,2026-06-29 17:15:00+00:00,81162,60365.58,0.1,60365.58,59365.58,700.0,close_above_upper,0.6681643231518376,0.05,59865.58,0.5,0.05,59875.58,24.5,81248.0,2026-06-30 00:25:00+00:00,True,2026-06-30 04:05:00+00:00,81292,59375.58,tp,74.0,0.0,0.0,74.0,1.0571428571428572,-231.34999999999854,923.9400000000023,-0.3304999999999979,1.3199142857142891,130,39000.0,10.0,153.85642857142687,315.0608485252139,newyork,Mon,17,False
1111,BTCUSDm,long,2026-06-30 13:00:00+00:00,81399,58318.73,0.1,58318.73,59318.73,700.0,close_below_lower,0.30539221560761115,0.05,58818.73,0.5,0.05,58818.73,25.0,81411.0,2026-06-30 14:00:00+00:00,True,2026-06-30 14:55:00+00:00,81422,58318.73,be_stop,25.0,0.0,0.0,25.0,0.35714285714285715,-190.22000000000116,857.7699999999968,-0.2717428571428588,1.2253857142857096,23,6900.0,10.0,135.51857142857105,350.81850605171496,overlap,Tue,13,False
1112,BTCUSDm,long,2026-06-30 15:05:00+00:00,81424,58219.93,0.1,58219.93,59219.93,700.0,close_below_lower,0.13209052934968718,0.05,58719.93,0.5,0.05,58719.93,25.0,81480.0,2026-06-30 19:45:00+00:00,True,2026-07-01 00:25:00+00:00,81524,58219.93,be_stop,25.0,0.0,0.0,25.0,0.35714285714285715,-136.02999999999884,565.3499999999985,-0.19432857142856977,0.8076428571428551,100,33600.0,10.0,256.89357142857,373.98100751844834,overlap,Tue,15,False
1113,BTCUSDm,short,2026-07-01 01:40:00+00:00,81539,58666.72,0.1,59366.72,57666.72,700.0,close_above_upper,0.00306626899297614,0.1,58166.72,0.5,0.0,0.0,0.0,,,False,2026-07-01 04:45:00+00:00,81576,59376.72,sl,-71.0,0.0,0.0,-71.0,-1.0142857142857142,-617.2200000000012,104.29000000000087,-0.8817428571428588,0.14898571428571553,37,11100.0,10.0,209.80857142857192,328.1194831759037,asian,Wed,1,False
1114,BTCUSDm,short,2026-07-01 13:45:00+00:00,81684,58935.34,0.1,59635.34,57935.34,700.0,close_above_upper,0.08947010629396188,0.1,58435.34,0.5,0.0,0.0,0.0,,,False,2026-07-01 14:10:00+00:00,81689,59645.34,sl,-71.0,0.0,0.0,-71.0,-1.0142857142857142,-514.8900000000067,75.88999999999942,-0.7355571428571525,0.10841428571428488,5,1500.0,10.0,155.69928571428733,289.061440503388,overlap,Wed,13,False
1115,BTCUSDm,short,2026-07-01 14:15:00+00:00,81690,59897.91,0.1,59897.91,58897.91,700.0,close_above_upper,1.6373923465772318,0.05,59397.91,0.5,0.05,59407.91,24.5,81696.0,2026-07-01 14:45:00+00:00,True,2026-07-01 15:05:00+00:00,81700,59907.91,be_stop,24.0,0.0,0.0,24.0,0.34285714285714286,-134.2699999999968,546.8300000000017,-0.19181428571428114,0.7811857142857168,10,3000.0,10.0,238.7764285714298,306.2957599326211,overlap,Wed,14,False
1116,BTCUSDm,short,2026-07-01 15:25:00+00:00,81704,60357.54,0.1,60357.54,59357.54,700.0,close_above_upper,0.9289999727053602,0.05,59857.54,0.5,0.05,59867.54,24.5,81721.0,2026-07-01 16:50:00+00:00,True,2026-07-01 21:10:00+00:00,81773,60367.54,be_stop,24.0,0.0,0.0,24.0,0.34285714285714286,-51.48999999999796,637.2700000000041,-0.07355714285713995,0.9103857142857201,69,20700.0,10.0,244.80214285714413,322.6830128189143,overlap,Wed,15,False
1117,BTCUSDm,short,2026-07-01 21:20:00+00:00,81775,60446.19,0.1,61146.19,59446.19,700.0,close_above_upper,0.026012806897853492,0.1,59946.19,0.5,0.0,0.0,0.0,,,False,2026-07-01 22:20:00+00:00,81787,61156.19,sl,-71.0,0.0,0.0,-71.0,-1.0142857142857142,-340.5400000000009,144.11000000000058,-0.4864857142857155,0.2058714285714294,12,3600.0,10.0,111.58285714285687,332.67692320790627,rollover,Wed,21,False
1118,BTCUSDm,short,2026-07-02 04:00:00+00:00,81855,60988.81,0.1,60988.81,59988.81,700.0,close_above_upper,0.04939698648517973,0.05,60488.81,0.5,0.05,60498.81,24.5,81876.0,2026-07-02 05:45:00+00:00,True,2026-07-02 09:40:00+00:00,81923,60998.81,be_stop,24.0,0.0,0.0,24.0,0.34285714285714286,0.0,970.4300000000003,0.0,1.3863285714285718,68,20400.0,10.0,144.06857142857137,389.4729788535865,asian,Thu,4,False
1119,BTCUSDm,short,2026-07-02 09:45:00+00:00,81924,60993.09,0.1,61693.09,59993.09,700.0,close_above_upper,0.24123812678072928,0.1,60493.09,0.5,0.0,0.0,0.0,,,False,2026-07-02 13:15:00+00:00,81966,61703.09,sl,-71.0,0.0,0.0,-71.0,-1.0142857142857142,-672.5800000000017,219.55999999999767,-0.9608285714285739,0.3136571428571395,42,12600.0,10.0,138.41642857142764,382.72327496912914,london,Thu,9,False
1120,BTCUSDm,short,2026-07-03 20:20:00+00:00,82339,62551.0,0.1,63251.0,61551.0,700.0,close_above_upper,0.12259224201455172,0.1,62051.0,0.5,0.0,0.0,0.0,,,False,2026-07-04 17:50:00+00:00,82597,63261.0,sl,-71.0,0.0,0.0,-71.0,-1.0142857142857142,-679.7900000000009,282.1800000000003,-0.9711285714285727,0.40311428571428615,258,77400.0,10.0,103.51499999999942,280.4784372769465,newyork,Fri,20,False
1121,BTCUSDm,short,2026-07-04 17:55:00+00:00,82598,63306.02,0.1,63306.02,62306.02,700.0,close_above_upper,0.5425079940047317,0.05,62806.02,0.5,0.05,62816.02,24.5,82687.0,2026-07-05 01:20:00+00:00,True,2026-07-05 22:15:00+00:00,82938,63316.02,be_stop,24.0,0.0,0.0,24.0,0.34285714285714286,-114.47000000000116,935.1499999999942,-0.1635285714285731,1.3359285714285631,340,102000.0,10.0,100.48357142857172,194.78203687724766,newyork,Sat,17,False
1122,BTCUSDm,short,2026-07-05 22:20:00+00:00,82939,63315.67,0.1,63315.67,62315.67,700.0,close_above_upper,1.1415858533331993,0.05,62815.67,0.5,0.05,62825.67,24.5,83062.0,2026-07-06 08:35:00+00:00,True,2026-07-06 12:00:00+00:00,83103,62325.67,tp,74.0,0.0,0.0,74.0,1.0571428571428572,-639.2900000000009,890.1100000000006,-0.9132714285714298,1.2715857142857152,164,49200.0,10.0,142.0442857142859,162.4887303272446,rollover,Sun,22,False
1123,BTCUSDm,long,2026-07-06 12:05:00+00:00,83104,61868.25,0.1,61868.25,62868.25,700.0,close_below_lower,2.9255423455843363,0.05,62368.25,0.5,0.05,62368.25,25.0,83140.0,2026-07-06 15:05:00+00:00,True,2026-07-06 15:40:00+00:00,83147,62868.25,tp,75.0,0.0,0.0,75.0,1.0714285714285714,-616.2699999999968,662.010000000002,-0.8803857142857097,0.9457285714285744,43,12900.0,10.0,134.7728571428566,214.1092636070375,overlap,Mon,12,False
1124,BTCUSDm,short,2026-07-06 15:45:00+00:00,83148,62853.17,0.1,63553.17,61853.17,700.0,close_above_upper,1.1428048781491291,0.1,62353.17,0.5,0.0,0.0,0.0,,,False,2026-07-06 16:05:00+00:00,83152,63563.17,sl,-71.0,0.0,0.0,-71.0,-1.0142857142857142,-690.0900000000038,105.43000000000029,-0.9858428571428626,0.15061428571428612,4,1200.0,10.0,196.19571428571518,266.27418327605244,overlap,Mon,15,False
1125,BTCUSDm,short,2026-07-06 16:10:00+00:00,83153,63576.61,0.1,64276.61,62576.61,700.0,close_above_upper,1.6733454950661082,0.1,63076.61,0.5,0.0,0.0,0.0,,,False,2026-07-06 21:05:00+00:00,83212,64286.61,sl,-71.0,0.0,0.0,-71.0,-1.0142857142857142,-368.1599999999962,214.66999999999825,-0.5259428571428517,0.3066714285714261,59,17700.0,10.0,249.288571428572,287.93070476189126,newyork,Mon,16,False
1126,BTCUSDm,short,2026-07-06 21:10:00+00:00,83213,64383.88,0.1,64383.88,63383.88,700.0,close_above_upper,0.8467703746477225,0.05,63883.88,0.5,0.05,63893.88,24.5,83260.0,2026-07-07 01:05:00+00:00,True,2026-07-07 02:30:00+00:00,83277,63393.88,tp,74.0,0.0,0.0,74.0,1.0571428571428572,-285.75,857.8199999999997,-0.4082142857142857,1.2254571428571424,64,19200.0,10.0,124.6942857142858,313.36630044371464,rollover,Mon,21,False
1127,BTCUSDm,short,2026-07-07 12:10:00+00:00,83393,63717.13,0.1,63717.13,62717.13,700.0,close_above_upper,0.20677343214119684,0.05,63217.13,0.5,0.05,63227.13,24.5,83405.0,2026-07-07 13:10:00+00:00,True,2026-07-07 14:35:00+00:00,83422,62727.13,tp,74.0,0.0,0.0,74.0,1.0571428571428572,-103.09000000000378,924.9599999999991,-0.14727142857143397,1.3213714285714273,29,8700.0,10.0,115.45285714285741,373.677701716353,overlap,Tue,12,False
1128,BTCUSDm,short,2026-07-07 15:00:00+00:00,83427,63506.53,0.1,63506.53,62506.53,700.0,close_above_upper,0.01460780903728418,0.05,63006.53,0.5,0.05,63016.53,24.5,83554.0,2026-07-08 01:35:00+00:00,True,2026-07-08 02:35:00+00:00,83566,62516.53,tp,74.0,0.0,0.0,74.0,1.0571428571428572,-697.7900000000009,882.5899999999965,-0.9968428571428584,1.260842857142852,139,41700.0,10.0,263.8928571428566,398.5670415950027,overlap,Tue,15,False
1129,BTCUSDm,long,2026-07-08 08:25:00+00:00,83636,62168.28,0.1,62168.28,63168.28,700.0,close_below_lower,0.33697434796579245,0.05,62668.28,0.5,0.05,62668.28,25.0,83895.0,2026-07-09 06:00:00+00:00,True,2026-07-09 07:45:00+00:00,83916,63168.28,tp,75.0,0.0,0.0,75.0,1.0714285714285714,-696.8899999999994,959.4100000000035,-0.995557142857142,1.3705857142857192,280,84000.0,10.0,135.35500000000062,377.3622441616281,london,Wed,8,False
1130,BTCUSDm,short,2026-07-09 18:10:00+00:00,84041,63308.57,0.1,64008.57,62308.57,700.0,close_above_upper,0.21318480614113303,0.1,62808.57,0.5,0.0,0.0,0.0,,,False,2026-07-10 04:20:00+00:00,84163,64018.57,sl,-71.0,0.0,0.0,-71.0,-1.0142857142857142,-697.0900000000038,443.2300000000032,-0.9958428571428626,0.6331857142857189,122,36600.0,10.0,133.93928571428634,308.70365942572596,newyork,Thu,18,False
1131,BTCUSDm,short,2026-07-10 08:20:00+00:00,84211,64223.91,0.1,64223.91,63223.91,700.0,close_above_upper,0.014838520497051325,0.05,63723.91,0.5,0.05,63733.91,24.5,84337.0,2026-07-10 18:50:00+00:00,True,2026-07-11 01:20:00+00:00,84415,64233.91,be_stop,24.0,0.0,0.0,24.0,0.34285714285714286,-434.4099999999962,631.760000000002,-0.6205857142857089,0.9025142857142886,204,61200.0,10.0,76.12999999999946,271.5430364122312,london,Fri,8,False
1132,BTCUSDm,long,2026-07-11 15:40:00+00:00,84587,64087.33,0.1,63387.33,65087.33,700.0,close_below_lower,0.4213127716094344,0.1,64587.33,0.5,0.0,0.0,0.0,,,False,2026-07-13 01:55:00+00:00,84997,63387.33,sl,-70.0,0.0,0.0,-70.0,-1.0,-591.2099999999991,331.18999999999505,-0.844585714285713,0.47312857142856435,410,123300.0,10.0,105.2971428571431,179.3186569068993,overlap,Sat,15,False
1133,BTCUSDm,long,2026-07-13 02:00:00+00:00,84998,63380.68,0.1,62680.68,64380.68,700.0,close_below_lower,0.8237353299949669,0.1,63880.68,0.5,0.0,0.0,0.0,,,False,2026-07-13 04:00:00+00:00,85022,62680.68,sl,-70.0,0.0,0.0,-70.0,-1.0,-695.1900000000023,130.20999999999913,-0.9931285714285748,0.18601428571428447,24,7200.0,10.0,169.38714285714272,167.11049560396,asian,Mon,2,False
1134,BTCUSDm,long,2026-07-13 04:05:00+00:00,85023,62700.3,0.1,62700.3,63700.3,700.0,close_below_lower,0.06841330759970174,0.05,63200.3,0.5,0.05,63200.3,25.0,85080.0,2026-07-13 08:50:00+00:00,True,2026-07-13 12:20:00+00:00,85122,62700.3,be_stop,25.0,0.0,0.0,25.0,0.35714285714285715,-270.6399999999994,530.1699999999983,-0.3866285714285706,0.7573857142857118,99,29700.0,10.0,153.46214285714294,190.4432192712088,asian,Mon,4,False
1135,BTCUSDm,long,2026-07-13 12:40:00+00:00,85126,62536.88,0.1,61836.88,63536.88,700.0,close_below_lower,0.2613455744100642,0.1,63036.88,0.5,0.0,0.0,0.0,,,False,2026-07-13 17:55:00+00:00,85189,61836.88,sl,-70.0,0.0,0.0,-70.0,-1.0,-641.6699999999983,377.3899999999994,-0.916671428571426,0.5391285714285706,63,18900.0,10.0,85.77857142857154,199.1707385659917,overlap,Mon,12,False
1136,BTCUSDm,long,2026-07-13 18:00:00+00:00,85190,61839.67,0.1,61839.67,62839.67,700.0,close_below_lower,0.13384728558199155,0.05,62339.67,0.5,0.05,62339.67,25.0,85264.0,2026-07-14 00:10:00+00:00,True,2026-07-14 11:30:00+00:00,85400,62839.67,tp,75.0,0.0,0.0,75.0,1.0714285714285714,-89.61999999999534,992.4500000000044,-0.12802857142856477,1.4177857142857204,210,63000.0,10.0,101.68571428571522,228.89655165860313,newyork,Mon,18,False
1137,BTCUSDm,short,2026-07-14 12:35:00+00:00,85413,63414.77,0.1,64114.77,62414.77,700.0,close_above_upper,1.15081057948432,0.1,62914.77,0.5,0.0,0.0,0.0,,,False,2026-07-14 13:20:00+00:00,85422,64124.77,sl,-71.0,0.0,0.0,-71.0,-1.0142857142857142,-515.3300000000017,93.25,-0.7361857142857168,0.1332142857142857,9,2700.0,10.0,131.41857142857094,254.55055941997196,overlap,Tue,12,False
1138,BTCUSDm,short,2026-07-14 13:25:00+00:00,85423,64033.56,0.1,64033.56,63033.56,700.0,close_above_upper,0.6658181049521055,0.05,63533.56,0.5,0.05,63543.56,24.5,85430.0,2026-07-14 14:00:00+00:00,True,2026-07-14 14:55:00+00:00,85441,64043.56,be_stop,24.0,0.0,0.0,24.0,0.34285714285714286,-8.319999999999709,521.9099999999962,-0.01188571428571387,0.7455857142857089,18,5400.0,10.0,225.12999999999946,279.8490354091373,overlap,Tue,13,False
1139,BTCUSDm,short,2026-07-14 15:00:00+00:00,85442,64234.12,0.1,64934.12,63234.12,700.0,close_above_upper,0.2039534003396577,0.1,63734.12,0.5,0.0,0.0,0.0,,,False,2026-07-14 22:20:00+00:00,85530,64944.12,sl,-71.0,0.0,0.0,-71.0,-1.0142857142857142,-691.0799999999945,100.9800000000032,-0.987257142857135,0.14425714285714744,88,26400.0,10.0,161.778571428571,290.39545852511156,overlap,Tue,15,False
1140,BTCUSDm,short,2026-07-14 22:25:00+00:00,85531,64957.16,0.1,64957.16,63957.16,700.0,close_above_upper,0.15962958476541353,0.05,64457.16,0.5,0.05,64467.16,24.5,85580.0,2026-07-15 02:30:00+00:00,True,2026-07-15 06:10:00+00:00,85624,64967.16,be_stop,24.0,0.0,0.0,24.0,0.34285714285714286,-62.65999999999622,523.4800000000032,-0.08951428571428031,0.747828571428576,93,27900.0,10.0,115.51285714285768,274.9838153962586,rollover,Tue,22,False
1141,BTCUSDm,short,2026-07-15 06:35:00+00:00,85629,65202.81,0.1,65202.81,64202.81,700.0,close_above_upper,0.14735634459378455,0.05,64702.81,0.5,0.05,64712.81,24.5,85634.0,2026-07-15 07:00:00+00:00,True,2026-07-15 12:50:00+00:00,85704,65212.81,be_stop,24.0,0.0,0.0,24.0,0.34285714285714286,-38.580000000001746,776.8299999999945,-0.05511428571428821,1.109757142857135,75,22500.0,10.0,103.78071428571535,287.5500730943867,asian,Wed,6,False
1142,BTCUSDm,short,2026-07-15 12:55:00+00:00,85705,65145.66,0.1,65145.66,64145.66,700.0,close_above_upper,0.4803797145468799,0.05,64645.66,0.5,0.05,64655.66,24.5,85835.0,2026-07-15 23:45:00+00:00,True,2026-07-16 07:40:00+00:00,85930,64155.66,tp,74.0,0.0,0.0,74.0,1.0571428571428572,-407.4400000000023,956.2200000000012,-0.5820571428571462,1.3660285714285731,225,67500.0,10.0,125.39714285714165,266.65411136164323,overlap,Wed,12,False
1143,BTCUSDm,long,2026-07-16 07:45:00+00:00,85931,64187.08,0.1,64187.08,65187.08,700.0,close_below_lower,0.3403328497597452,0.05,64687.08,0.5,0.05,64687.08,25.0,86011.0,2026-07-16 14:25:00+00:00,True,2026-07-16 17:10:00+00:00,86044,64187.08,be_stop,25.0,0.0,0.0,25.0,0.35714285714285715,-384.49000000000524,661.989999999998,-0.5492714285714361,0.9456999999999971,113,33900.0,10.0,91.28785714285654,258.31490926794214,london,Thu,7,False
1144,BTCUSDm,long,2026-07-16 17:15:00+00:00,86045,64125.98,0.1,63425.98,65125.98,700.0,close_below_lower,0.07021883843892218,0.1,64625.98,0.5,0.0,0.0,0.0,,,False,2026-07-17 01:50:00+00:00,86148,63425.98,sl,-70.0,0.0,0.0,-70.0,-1.0,-606.3800000000047,163.77999999999884,-0.8662571428571495,0.23397142857142691,103,30900.0,10.0,118.0614285714286,256.4431520355234,newyork,Thu,17,False
1145,BTCUSDm,long,2026-07-17 01:55:00+00:00,86149,63464.45,0.1,62764.45,64464.45,700.0,close_below_lower,0.2601084644258127,0.1,63964.45,0.5,0.0,0.0,0.0,,,False,2026-07-17 05:45:00+00:00,86195,62764.45,sl,-70.0,0.0,0.0,-70.0,-1.0,-573.239999999998,203.5500000000029,-0.8189142857142828,0.2907857142857184,46,13800.0,10.0,116.802857142857,242.72370412411806,asian,Fri,1,False
1146,BTCUSDm,long,2026-07-17 05:50:00+00:00,86196,62862.69,0.1,62862.69,63862.69,700.0,close_below_lower,0.36431151727658,0.05,63362.69,0.5,0.05,63362.69,25.0,86296.0,2026-07-17 14:10:00+00:00,True,2026-07-17 15:05:00+00:00,86307,62862.69,be_stop,25.0,0.0,0.0,25.0,0.35714285714285715,-394.1200000000026,597.8799999999974,-0.5630285714285752,0.8541142857142819,111,33300.0,10.0,97.4742857142862,259.66799923763443,asian,Fri,5,False
1147,BTCUSDm,short,2026-07-17 17:10:00+00:00,86332,63931.26,0.1,64631.26,62931.26,700.0,close_above_upper,0.546995506038067,0.1,63431.26,0.5,0.0,0.0,0.0,,,False,2026-07-18 18:25:00+00:00,86635,64641.26,sl,-71.0,0.0,0.0,-71.0,-1.0142857142857142,-640.9000000000015,96.84999999999854,-0.9155714285714307,0.1383571428571408,303,90900.0,10.0,149.096428571429,278.3334899489747,newyork,Fri,17,False
1148,BTCUSDm,long,2026-07-19 12:10:00+00:00,86848,64334.86,0.1,64334.86,65334.86,700.0,close_below_lower,0.3245604766469836,0.05,64834.86,0.5,0.05,64834.86,25.0,86970.0,2026-07-19 22:20:00+00:00,True,2026-07-20 05:10:00+00:00,87052,64334.86,be_stop,25.0,0.0,0.0,25.0,0.35714285714285715,-97.52999999999884,722.9400000000023,-0.13932857142856978,1.032771428571432,204,61200.0,10.0,54.316428571428595,109.16205972357551,overlap,Sun,12,False
1149,BTCUSDm,long,2026-07-20 05:15:00+00:00,87053,64205.02,0.1,64205.02,65205.02,700.0,close_below_lower,1.2816658758373638,0.05,64705.02,0.5,0.05,64705.02,25.0,87128.0,2026-07-20 11:30:00+00:00,True,2026-07-20 13:55:00+00:00,87157,64205.02,be_stop,25.0,0.0,0.0,25.0,0.35714285714285715,-503.07999999999447,812.7800000000061,-0.7186857142857064,1.1611142857142944,104,31200.0,10.0,105.43571428571366,153.51258022361216,asian,Mon,5,False
1150,BTCUSDm,long,2026-07-20 14:00:00+00:00,87158,64290.34,0.1,64290.34,65290.34,700.0,close_below_lower,0.38123955865977066,0.05,64790.34,0.5,0.05,64790.34,25.0,87172.0,2026-07-20 15:10:00+00:00,True,2026-07-20 15:45:00+00:00,87179,65290.34,tp,75.0,0.0,0.0,75.0,1.0714285714285714,-289.8099999999977,962.6000000000058,-0.4140142857142824,1.3751428571428654,21,6300.0,10.0,156.12071428571548,192.48545638629997,overlap,Mon,14,False
1151,BTCUSDm,short,2026-07-20 15:50:00+00:00,87180,65270.23,0.1,65970.23,64270.23,700.0,close_above_upper,1.2545916643803148,0.1,64770.23,0.5,0.0,0.0,0.0,,,False,2026-07-21 07:20:00+00:00,87366,65980.23,sl,-70.99999999999928,0.0,0.0,-70.99999999999928,-1.0142857142856934,-674.0999999999985,279.8600000000006,-0.962999999999998,0.3998000000000008,186,55800.0,10.0,175.12428571428453,211.93859106515194,overlap,Mon,15,False
1152,BTCUSDm,short,2026-07-21 14:15:00+00:00,87449,66902.93,0.1,66902.93,65902.93,700.0,close_above_upper,0.0016664786270698046,0.05,66402.93,0.5,0.05,66412.93,24.5,87484.0,2026-07-21 17:10:00+00:00,True,2026-07-22 05:45:00+00:00,87635,65912.93,tp,74.0,0.0,0.0,74.0,1.0571428571428572,0.0,980.5399999999936,0.0,1.4007714285714195,186,55800.0,10.0,140.88142857142626,296.5488047122908,overlap,Tue,14,False
1153,BTCUSDm,short,2026-07-22 16:40:00+00:00,87766,66319.92,0.1,66319.92,65319.92,700.0,close_above_upper,0.16582306275796885,0.05,65819.92,0.5,0.05,65829.92,24.5,87787.0,2026-07-22 18:25:00+00:00,True,2026-07-23 07:10:00+00:00,87940,65329.92,tp,74.0,0.0,0.0,74.0,1.0571428571428572,-13.839999999996508,794.0699999999997,-0.019771428571423583,1.1343857142857139,174,52200.0,10.0,124.92571428571475,232.29893078180746,newyork,Wed,16,False
1154,BTCUSDm,long,2026-07-23 07:15:00+00:00,87941,65429.11,0.1,64729.11,66429.11,700.0,close_below_lower,0.15127317766999984,0.1,65929.11,0.5,0.0,0.0,0.0,,,False,2026-07-23 15:10:00+00:00,88036,64729.11,sl,-70.0,0.0,0.0,-70.0,-1.0,-690.2200000000012,326.06999999999243,-0.9860285714285731,0.4658142857142749,95,28500.0,10.0,84.29285714285808,216.3535994523109,london,Thu,7,False
1155,BTCUSDm,short,2026-07-23 20:20:00+00:00,88098,65068.15,0.1,65068.15,64068.15,700.0,close_above_upper,0.054005843892160094,0.05,64568.15,0.5,0.05,64578.15,24.5,88299.0,2026-07-24 13:05:00+00:00,True,2026-07-24 13:50:00+00:00,88308,64078.15,tp,74.0,0.0,0.0,74.0,1.057142857142868,-695.5299999999916,918.0699999999997,-0.9936142857142737,1.311528571428571,210,63000.0,10.0,89.41785714285652,223.65173554819884,newyork,Thu,20,False
1156,BTCUSDm,long,2026-07-24 13:55:00+00:00,88309,63949.48,0.1,63949.48,64949.48,700.0,close_below_lower,0.9203281701928387,0.05,64449.48,0.5,0.05,64449.48,25.0,88730.0,2026-07-26 01:00:00+00:00,True,2026-07-26 22:00:00+00:00,88982,64949.48,tp,75.0,0.0,0.0,75.0,1.0714285714285714,-304.8600000000006,931.2599999999948,-0.4355142857142865,1.330371428571421,673,201900.0,10.0,166.39357142857105,231.7529269122869,overlap,Fri,13,False
1157,BTCUSDm,short,2026-07-26 22:05:00+00:00,88983,65091.64,0.1,65091.64,64091.64,700.0,close_above_upper,2.3384694319422525,0.05,64591.64,0.5,0.05,64601.64,24.5,89180.0,2026-07-27 14:30:00+00:00,True,2026-07-27 22:40:00+00:00,89278,64101.64,tp,74.0,0.0,0.0,74.0,1.0571428571428572,-602.1800000000076,756.9400000000023,-0.8602571428571537,1.0813428571428605,295,88500.0,10.0,79.98571428571346,100.17314959774478,rollover,Sun,22,False
1158,BTCUSDm,long,2026-07-27 22:45:00+00:00,89279,64170.22,0.1,63470.22,65170.22,700.0,close_below_lower,1.138255970722665,0.1,64670.22,0.5,0.0,0.0,0.0,,,False,2026-07-28 00:10:00+00:00,89296,63470.22,sl,-70.0,0.0,0.0,-70.0,-1.0,-632.2799999999988,0.0,-0.9032571428571412,0.0,17,5100.0,10.0,97.25642857142988,204.45820515585098,rollover,Mon,22,False
1159,BTCUSDm,long,2026-07-28 01:10:00+00:00,89308,63152.0,0.1,63152.0,64152.0,700.0,close_below_lower,0.5680321153296916,0.05,63652.0,0.5,0.05,63652.0,25.0,89478.0,2026-07-28 15:20:00+00:00,True,2026-07-29 06:25:00+00:00,89659,64152.0,tp,75.0,0.0,0.0,75.0,1.0714285714285714,-524.3600000000006,966.489999999998,-0.7490857142857151,1.3806999999999972,351,105300.0,10.0,144.53642857142873,235.6925186334761,asian,Tue,1,False
1160,BTCUSDm,short,2026-07-29 06:30:00+00:00,89660,64304.17,0.1,64304.17,63304.17,700.0,close_above_upper,0.04715661029399541,0.05,63804.17,0.5,0.05,63814.17,24.5,89773.0,2026-07-29 15:55:00+00:00,True,2026-07-29 18:00:00+00:00,89798,64314.17,be_stop,24.0,0.0,0.0,24.0,0.34285714285714286,-366.52999999999884,766.6800000000003,-0.523614285714284,1.0952571428571434,138,41400.0,10.0,79.82714285714246,286.30975328844045,asian,Wed,6,False
1161,BTCUSDm,short,2026-07-29 18:05:00+00:00,89799,64334.38,0.1,64334.38,63334.38,700.0,close_above_upper,0.7028084376101239,0.05,63834.38,0.5,0.05,63844.38,24.5,89804.0,2026-07-29 18:30:00+00:00,True,2026-07-29 18:40:00+00:00,89806,64344.38,be_stop,24.0,0.0,0.0,24.0,0.34285714285714286,-110.31999999999971,647.739999999998,-0.15759999999999957,0.9253428571428542,7,2100.0,10.0,141.2107142857146,259.01249584161957,newyork,Wed,18,False
1162,BTCUSDm,short,2026-07-29 18:50:00+00:00,89808,64426.04,0.1,64426.04,63426.04,700.0,close_above_upper,0.1518788351981898,0.05,63926.04,0.5,0.05,63936.04,24.5,89815.0,2026-07-29 19:25:00+00:00,True,2026-07-29 20:00:00+00:00,89822,63436.04,tp,74.0,0.0,0.0,74.0,1.0571428571428572,-142.61000000000058,994.2099999999991,-0.20372857142857226,1.4202999999999988,14,4200.0,10.0,230.04428571428642,261.1197361238312,newyork,Wed,18,False
1163,BTCUSDm,long,2026-07-29 20:05:00+00:00,89823,63446.79,0.1,63446.79,64446.79,700.0,close_below_lower,0.5742906197178188,0.05,63946.79,0.5,0.05,63946.79,25.0,89847.0,2026-07-29 22:05:00+00:00,True,2026-07-30 09:30:00+00:00,89984,64446.79,tp,75.0,0.0,0.0,75.0,1.0714285714285714,-264.3000000000029,996.4499999999971,-0.3775714285714327,1.4234999999999958,161,48300.0,10.0,203.6592857142849,273.9922859302176,newyork,Wed,20,False
1164,BTCUSDm,short,2026-07-31 01:10:00+00:00,90172,65270.85,0.1,65270.85,64270.85,700.0,close_above_upper,0.8829310984502194,0.05,64770.85,0.5,0.05,64780.85,24.5,90178.0,2026-07-31 01:40:00+00:00,True,2026-07-31 02:25:00+00:00,90187,64280.85,tp,74.0,0.0,0.0,74.0,1.0571428571428463,-85.20000000000437,969.6999999999971,-0.12171428571429195,1.3852857142857102,15,4500.0,10.0,110.35142857142844,263.1123396274836,asian,Fri,1,False
1165,BTCUSDm,long,2026-07-31 13:45:00+00:00,90323,63391.71,0.1,62691.71,64391.71,700.0,close_below_lower,0.04116869141645593,0.1,63891.71,0.5,0.0,0.0,0.0,,,False,2026-07-31 14:05:00+00:00,90327,62691.71,sl,-70.0,0.0,0.0,-70.0,-1.0,-489.6999999999971,65.52999999999884,-0.6995714285714244,0.09361428571428405,4,1200.0,10.0,100.13642857142986,244.79349283127112,overlap,Fri,13,False
1166,BTCUSDm,long,2026-07-31 14:10:00+00:00,90328,62594.71,0.1,62594.71,63594.71,700.0,close_below_lower,2.0959837844845017,0.05,63094.71,0.5,0.05,63094.71,25.0,90372.0,2026-07-31 17:50:00+00:00,True,2026-08-01 17:50:00+00:00,90648,62594.71,be_stop,25.0,0.0,0.0,25.0,0.35714285714285715,-234.5199999999968,643.7099999999991,-0.33502857142856685,0.919585714285713,320,99600.0,10.0,167.4792857142867,251.17186300794185,overlap,Fri,14,False
1167,BTCUSDm,long,2026-08-01 18:25:00+00:00,90655,62463.87,0.1,62463.87,63463.87,700.0,close_below_lower,0.0725914424754919,0.05,62963.87,0.5,0.05,62963.87,25.0,90736.0,2026-08-02 01:10:00+00:00,True,2026-08-02 02:05:00+00:00,90747,63463.87,tp,75.0,0.0,0.0,75.0,1.0714285714285714,-271.6000000000058,565.5799999999945,-0.38800000000000834,0.8079714285714207,92,27600.0,10.0,79.49500000000002,202.33856386882567,newyork,Sat,18,False
1168,BTCUSDm,short,2026-08-02 02:10:00+00:00,90748,63323.54,0.1,63323.54,62323.54,700.0,close_above_upper,1.2013243717428412,0.05,62823.54,0.5,0.05,62833.54,24.5,91055.0,2026-08-03 03:45:00+00:00,True,2026-08-03 08:20:00+00:00,91110,62333.54,tp,74.0,0.0,0.0,74.0,1.0571428571428572,-404.0199999999968,931.8300000000017,-0.577171428571424,1.3311857142857169,362,108600.0,10.0,86.86785714285672,174.1892277316585,asian,Sun,2,False
1169,BTCUSDm,long,2026-08-03 08:25:00+00:00,91111,62347.07,0.1,62347.07,63347.07,700.0,close_below_lower,0.0197064963050149,0.05,62847.07,0.5,0.05,62847.07,25.0,91169.0,2026-08-03 13:15:00+00:00,True,2026-08-03 14:10:00+00:00,91180,63347.07,tp,75.0,0.0,0.0,75.0,1.0714285714285714,-137.75,965.6699999999983,-0.19678571428571429,1.379528571428569,69,20700.0,10.0,76.03642857142871,160.53350620511486,london,Mon,8,False
1170,BTCUSDm,short,2026-08-03 14:15:00+00:00,91181,63244.86,0.1,63944.86,62244.86,700.0,close_above_upper,0.6951850283059002,0.1,62744.86,0.5,0.0,0.0,0.0,,,False,2026-08-03 17:20:00+00:00,91218,63954.86,sl,-71.0,0.0,0.0,-71.0,-1.0142857142857142,-678.9499999999971,163.37999999999738,-0.9699285714285673,0.23339999999999625,37,11100.0,10.0,183.40142857142877,174.46420215454094,overlap,Mon,14,False
1171,BTCUSDm,long,2026-08-03 22:05:00+00:00,91275,63434.41,0.1,63434.41,64434.41,700.0,close_below_lower,0.024762628946236664,0.05,63934.41,0.5,0.05,63934.41,25.0,91353.0,2026-08-04 04:35:00+00:00,True,2026-08-04 07:20:00+00:00,91386,63434.41,be_stop,25.0,0.0,0.0,25.0,0.35714285714285715,-181.24000000000524,752.1999999999971,-0.2589142857142932,1.0745714285714245,111,33300.0,10.0,62.84285714285787,187.38171411662734,rollover,Mon,22,False
1172,BTCUSDm,short,2026-08-04 14:45:00+00:00,91475,64055.88,0.1,64755.88,63055.88,700.0,close_above_upper,0.099718065159271,0.1,63555.88,0.5,0.0,0.0,0.0,,,False,2026-08-05 18:45:00+00:00,91811,64765.88,sl,-71.0,0.0,0.0,-71.0,-1.0142857142857142,-699.0500000000029,309.8399999999965,-0.9986428571428613,0.44262857142856643,336,100800.0,10.0,179.0942857142857,228.41968472297395,overlap,Tue,14,False
1173,BTCUSDm,short,2026-08-06 05:10:00+00:00,91936,64889.24,0.1,64889.24,63889.24,700.0,close_above_upper,0.3134890651979952,0.05,64389.24,0.5,0.05,64399.24,24.5,92021.0,2026-08-06 12:15:00+00:00,True,2026-08-06 15:10:00+00:00,92056,64899.24,be_stop,24.0,0.0,0.0,24.0,0.3428571428571464,-47.270000000004075,805.189999999995,-0.06752857142857725,1.1502714285714215,120,36000.0,10.0,67.90928571428542,202.5338661910877,asian,Thu,5,False
1174,BTCUSDm,short,2026-08-07 08:45:00+00:00,92267,64568.63,0.1,65268.63,63568.63,700.0,close_above_upper,0.244960525741386,0.1,64068.63,0.5,0.0,0.0,0.0,,,False,2026-08-07 12:30:00+00:00,92312,65278.63,sl,-71.0,0.0,0.0,-71.0,-1.0142857142857142,-669.75,55.81999999999971,-0.9567857142857142,0.07974285714285673,45,13500.0,10.0,58.974285714286715,160.27752095843977,london,Fri,8,False
1175,BTCUSDm,short,2026-08-07 12:55:00+00:00,92317,65302.02,0.1,65302.02,64302.02,700.0,close_above_upper,0.2805920918550867,0.05,64802.02,0.5,0.05,64812.02,24.5,92330.0,2026-08-07 14:00:00+00:00,True,2026-08-09 22:10:00+00:00,93002,65312.02,be_stop,24.0,0.0,0.0,24.0,0.3428571428571464,-44.9800000000032,841.0499999999956,-0.06425714285714743,1.2014999999999938,685,206100.0,10.0,110.58214285714244,167.27326105573735,overlap,Fri,12,False
1176,BTCUSDm,short,2026-08-09 22:15:00+00:00,93003,65362.85,0.1,65362.85,64362.85,700.0,close_above_upper,2.011915025241736,0.05,64862.85,0.5,0.05,64872.85,24.5,93016.0,2026-08-09 23:20:00+00:00,True,2026-08-10 15:20:00+00:00,93208,64372.85,tp,74.0,0.0,0.0,74.0,1.0571428571428463,-27.889999999999418,935.3199999999997,-0.03984285714285631,1.3361714285714281,205,61500.0,10.0,54.92642857142918,66.55741592002998,rollover,Sun,22,False
1177,BTCUSDm,long,2026-08-10 15:25:00+00:00,93209,64343.15,0.1,63643.15,65343.15,700.0,close_below_lower,1.0879893243044974,0.1,64843.15,0.5,0.0,0.0,0.0,,,False,2026-08-11 14:55:00+00:00,93491,63643.15,sl,-70.0,0.0,0.0,-70.0,-1.0,-696.0500000000029,91.01000000000204,-0.994357142857147,0.13001428571428864,282,84600.0,10.0,114.0557142857142,124.02929032958602,overlap,Mon,15,False
1178,BTCUSDm,long,2026-08-11 15:00:00+00:00,93492,63724.21,0.1,63724.21,64724.21,700.0,close_below_lower,0.30852384675406735,0.05,64224.21,0.5,0.05,64224.21,25.0,93745.0,2026-08-12 12:05:00+00:00,True,2026-08-12 14:00:00+00:00,93768,63724.21,be_stop,25.0,0.0,0.0,25.0,0.35714285714285715,-562.239999999998,697.6500000000015,-0.8031999999999971,0.9966428571428593,276,82800.0,10.0,126.74428571428507,173.26555857920994,overlap,Tue,15,False
1179,BTCUSDm,long,2026-08-12 14:05:00+00:00,93769,63614.58,0.1,62914.58,64614.58,700.0,close_below_lower,0.728210545259722,0.1,64114.58,0.5,0.0,0.0,0.0,,,False,2026-08-13 16:40:00+00:00,94088,62914.58,sl,-70.0,0.0,0.0,-70.0,-1.0,-636.5,331.8899999999994,-0.9092857142857143,0.4741285714285706,319,95700.0,10.0,119.4207142857132,163.2156525805915,overlap,Wed,14,False
1180,BTCUSDm,long,2026-08-13 16:45:00+00:00,94089,62924.77,0.1,62924.77,63924.77,700.0,close_below_lower,1.4660372238688129,0.05,63424.77,0.5,0.05,63424.77,25.0,94117.0,2026-08-13 19:05:00+00:00,True,2026-08-14 06:55:00+00:00,94259,62924.77,be_stop,25.0,0.0,0.0,25.0,0.35714285714285715,-65.30999999999767,655.3800000000047,-0.09329999999999668,0.9362571428571496,170,51000.0,10.0,146.32285714285743,179.94297558277884,newyork,Thu,16,False
1181,BTCUSDm,long,2026-08-14 07:00:00+00:00,94260,62919.6,0.1,62919.6,63919.6,700.0,close_below_lower,0.24466167016905677,0.05,63419.6,0.5,0.05,63419.6,25.0,95074.0,2026-08-17 02:50:00+00:00,True,2026-08-17 15:05:00+00:00,95221,63919.6,tp,75.0,0.0,0.0,75.0,1.0714285714285714,-474.5599999999977,937.5900000000038,-0.6779428571428538,1.3394142857142912,961,288300.0,10.0,71.1364285714283,176.29599617913274,london,Fri,7,False
1182,BTCUSDm,short,2026-08-17 15:10:00+00:00,95222,63848.46,0.1,64548.46,62848.46,700.0,close_above_upper,0.55131504406532,0.1,63348.46,0.5,0.0,0.0,0.0,,,False,2026-08-17 18:20:00+00:00,95260,64558.46,sl,-71.0,0.0,0.0,-71.0,-1.0142857142857142,-574.25,105.54000000000087,-0.8203571428571429,0.1507714285714298,38,11400.0,10.0,98.8435714285723,117.99048864699304,overlap,Mon,15,False
1183,BTCUSDm,short,2026-08-17 18:25:00+00:00,95261,64482.67,0.1,64482.67,63482.67,700.0,close_above_upper,0.694918047192345,0.05,63982.67,0.5,0.05,63992.67,24.5,95361.0,2026-08-18 02:45:00+00:00,True,2026-08-18 14:20:00+00:00,95500,64492.67,be_stop,24.0,0.0,0.0,24.0,0.34285714285714286,-39.169999999998254,526.9099999999962,-0.05595714285714036,0.752728571428566,239,71700.0,10.0,129.90357142856996,137.48926250627747,newyork,Mon,18,False
1184,BTCUSDm,short,2026-08-18 14:25:00+00:00,95501,64667.76,0.1,64667.76,63667.76,700.0,close_above_upper,1.4505742820159024,0.05,64167.76,0.5,0.05,64177.76,24.5,95688.0,2026-08-19 06:00:00+00:00,True,2026-08-19 12:35:00+00:00,95767,64677.76,be_stop,24.0,0.0,0.0,24.0,0.34285714285714286,-345.98999999999796,570.4599999999991,-0.49427142857142564,0.8149428571428559,266,79800.0,10.0,132.62071428571394,179.98476594326812,overlap,Tue,14,False
1185,BTCUSDm,short,2026-08-19 12:40:00+00:00,95768,64654.56,0.1,65354.56,63654.56,700.0,close_above_upper,0.2781737092747788,0.1,64154.56,0.5,0.0,0.0,0.0,,,False,2026-08-19 14:10:00+00:00,95786,65364.56,sl,-71.0,0.0,0.0,-71.0,-1.0142857142857142,-677.5200000000041,12.419999999998254,-0.9678857142857201,0.01774285714285465,18,5400.0,10.0,59.51000000000048,142.8972723893575,overlap,Wed,12,False
1186,BTCUSDm,short,2026-08-19 14:15:00+00:00,95787,65347.58,0.1,66047.58,64347.58,700.0,close_above_upper,1.1126472621732904,0.1,64847.58,0.5,0.0,0.0,0.0,,,False,2026-08-19 15:05:00+00:00,95797,66057.58,sl,-71.0,0.0,0.0,-71.0,-1.0142857142857142,-688.3399999999965,77.31000000000495,-0.9833428571428522,0.11044285714286421,10,3000.0,10.0,164.83357142857236,159.76989327484102,overlap,Wed,14,False
1187,BTCUSDm,short,2026-08-19 15:10:00+00:00,95798,66471.65,0.1,67171.65,65471.65,700.0,close_above_upper,3.904057161102949,0.1,65971.65,0.5,0.0,0.0,0.0,,,False,2026-08-19 15:20:00+00:00,95800,67181.65,sl,-71.0,0.0,0.0,-71.0,-1.0142857142857142,-357.6900000000023,56.81999999999243,-0.5109857142857176,0.08117142857141776,2,600.0,10.0,183.61071428571344,181.46576705068253,overlap,Wed,15,False
1188,BTCUSDm,short,2026-08-19 15:25:00+00:00,95801,67179.21,0.1,67879.21,66179.21,700.0,close_above_upper,5.011202093045322,0.1,66679.21,0.5,0.0,0.0,0.0,,,False,2026-08-19 15:30:00+00:00,95802,68281.81,sl,-110.25999999999914,0.0,0.0,-110.25999999999914,-1.5751428571428447,-3204.209999999992,120.81000000001222,-4.577442857142845,0.17258571428573174,1,300.0,10.0,233.75499999999738,198.58107892497435,overlap,Wed,15,False
1189,BTCUSDm,short,2026-08-19 15:35:00+00:00,95803,68465.93,0.1,68465.93,67465.93,700.0,close_above_upper,7.827161814873866,0.05,67965.93,0.5,0.05,67975.93,24.5,95824.0,2026-08-19 17:20:00+00:00,True,2026-08-19 19:55:00+00:00,95855,68475.93,be_stop,24.0,0.0,0.0,24.0,0.34285714285714286,-517.9700000000012,675.8199999999924,-0.7399571428571445,0.965457142857132,52,15600.0,10.0,504.6171428571402,222.46803809865764,overlap,Wed,15,False
1190,BTCUSDm,short,2026-08-19 20:25:00+00:00,95861,68773.74,0.1,69473.74,67773.74,700.0,close_above_upper,0.01917695803402165,0.1,68273.74,0.5,0.0,0.0,0.0,,,False,2026-08-19 20:50:00+00:00,95866,69483.74,sl,-71.0,0.0,0.0,-71.0,-1.0142857142857142,-20.59999999999127,183.02000000000407,-0.029428571428558956,0.26145714285714866,5,1500.0,10.0,152.5314285714256,306.1900671104055,newyork,Wed,20,False
1191,BTCUSDm,short,2026-08-19 20:55:00+00:00,95867,69084.76,0.1,69784.76,68084.76,700.0,close_above_upper,0.4008912947162845,0.1,68584.76,0.5,0.0,0.0,0.0,,,False,2026-08-19 21:05:00+00:00,95869,69794.76,sl,-71.0,0.0,0.0,-71.0,-1.0142857142857142,-338.0100000000093,132.41999999999825,-0.4828714285714419,0.18917142857142608,2,600.0,10.0,185.09357142856814,310.93234595396956,newyork,Wed,20,False
1192,BTCUSDm,short,2026-08-19 21:10:00+00:00,95870,69600.24,0.1,69600.24,68600.24,700.0,close_above_upper,1.2976196915700875,0.05,69100.24,0.5,0.05,69110.24,24.5,95886.0,2026-08-19 22:30:00+00:00,True,2026-08-20 00:05:00+00:00,95905,69610.24,be_stop,24.0,0.0,0.0,24.0,0.34285714285714286,-454.58000000000175,657.3700000000099,-0.6494000000000025,0.9391000000000141,35,10500.0,10.0,265.15999999999724,320.54796499975674,rollover,Wed,21,False
1193,BTCUSDm,short,2026-08-20 08:10:00+00:00,96002,70645.82,0.1,71345.82,69645.82,700.0,close_above_upper,1.1819563908381447,0.1,70145.82,0.5,0.0,0.0,0.0,,,False,2026-08-20 08:15:00+00:00,96003,71355.82,sl,-71.0,0.0,0.0,-71.0,-1.0142857142857142,-683.359999999986,46.060000000012224,-0.9762285714285515,0.06580000000001746,1,300.0,10.0,204.06642857143223,401.2752045116068,london,Thu,8,False
1194,BTCUSDm,short,2026-08-20 08:20:00+00:00,96004,71259.12,0.1,71959.12,70259.12,700.0,close_above_upper,1.8872618114454067,0.1,70759.12,0.5,0.0,0.0,0.0,,,False,2026-08-20 09:15:00+00:00,96015,71969.12,sl,-71.0,0.0,0.0,-71.0,-1.0142857142857142,-649.4900000000052,231.45999999999185,-0.9278428571428646,0.3306571428571312,11,3300.0,10.0,279.020714285718,412.0806075892083,london,Thu,8,False
1195,BTCUSDm,short,2026-08-20 10:20:00+00:00,96028,72335.69,0.1,72335.69,71335.69,700.0,close_above_upper,0.04788528949683425,0.05,71835.69,0.5,0.05,71845.69,24.5,96030.0,2026-08-20 10:30:00+00:00,True,2026-08-20 13:35:00+00:00,96067,71345.69,tp,74.0,0.0,0.0,74.0,1.0571428571428572,-104.83000000000175,930.2100000000064,-0.14975714285714536,1.3288714285714378,39,11700.0,10.0,241.12071428571548,461.8867933068932,london,Thu,10,False
1196,BTCUSDm,short,2026-08-20 15:05:00+00:00,96085,72271.94,0.1,72971.94,71271.94,700.0,close_above_upper,0.22495939303817594,0.1,71771.94,0.5,0.0,0.0,0.0,,,False,2026-08-20 20:35:00+00:00,96151,72981.94,sl,-71.0,0.0,0.0,-71.0,-1.0142857142857142,-684.0999999999913,351.1999999999971,-0.9772857142857018,0.5017142857142816,66,19800.0,10.0,260.63357142857006,496.9887074723382,overlap,Thu,15,False
1197,BTCUSDm,short,2026-08-21 01:20:00+00:00,96208,74612.73,0.1,75312.73,73612.73,700.0,close_above_upper,0.46190874385501574,0.1,74112.73,0.5,0.0,0.0,0.0,,,False,2026-08-21 01:45:00+00:00,96213,75322.73,sl,-71.0,0.0,0.0,-71.0,-1.0142857142857142,-415.7300000000105,379.4499999999971,-0.593900000000015,0.5420714285714244,5,1500.0,10.0,300.64642857142775,576.4910460858842,asian,Fri,1,False
1198,BTCUSDm,short,2026-08-21 01:50:00+00:00,96214,75542.75,0.1,75542.75,74542.75,700.0,close_above_upper,0.9411888148301708,0.05,75042.75,0.5,0.05,75052.75,24.5,96216.0,2026-08-21 02:00:00+00:00,True,2026-08-21 02:30:00+00:00,96222,74552.75,tp,74.0,0.0,0.0,74.0,1.0571428571428572,-26.070000000006985,932.8399999999965,-0.03724285714286712,1.3326285714285664,8,2400.0,10.0,369.22071428571405,600.1130242474411,asian,Fri,1,False
1199,BTCUSDm,short,2026-08-21 07:20:00+00:00,96280,76430.26,0.1,77130.26,75430.26,700.0,close_above_upper,0.22054314593794774,0.1,75930.26,0.5,0.0,0.0,0.0,,,False,2026-08-21 08:10:00+00:00,96290,77140.26,sl,-71.0,0.0,0.0,-71.0,-1.0142857142857142,-397.93000000000757,258.27999999999884,-0.5684714285714394,0.3689714285714269,10,3000.0,10.0,310.11928571428456,649.2982876934881,london,Fri,7,False
1200,BTCUSDm,short,2026-08-21 08:20:00+00:00,96292,77135.86,0.1,77835.86,76135.86,700.0,close_above_upper,0.0038617931906371875,0.1,76635.86,0.5,0.0,0.0,0.0,,,False,2026-08-21 08:45:00+00:00,96297,77845.86,sl,-71.0,0.0,0.0,-71.0,-1.0142857142857142,-655.8800000000047,239.24000000000524,-0.9369714285714352,0.34177142857143605,5,1500.0,10.0,369.49142857143096,664.987575978254,london,Fri,8,False
1201,BTCUSDm,short,2026-08-21 08:50:00+00:00,96298,77912.87,0.1,78612.87,76912.87,700.0,close_above_upper,0.2632870244203302,0.1,77412.87,0.5,0.0,0.0,0.0,,,False,2026-08-21 08:55:00+00:00,96299,78644.69,sl,-73.1820000000007,0.0,0.0,-73.1820000000007,-1.0454571428571529,-757.9100000000035,0.7200000000011642,-1.0827285714285764,0.0010285714285730916,1,300.0,10.0,372.7114285714321,672.9062330993373,london,Fri,8,False
1202,BTCUSDm,short,2026-08-21 09:00:00+00:00,96300,79244.25,0.1,79244.25,78244.25,700.0,close_above_upper,1.581622991604935,0.05,78744.25,0.5,0.05,77847.84,69.82050000000018,96301.0,2026-08-21 09:05:00+00:00,True,2026-08-21 09:05:00+00:00,96301,77847.84,tp,139.64100000000036,0.0,0.0,139.64100000000036,1.9948714285714337,-101.55999999999767,1658.4199999999983,-0.14508571428571096,2.369171428571426,1,300.0,10.0,457.2207142857172,681.3727197242272,london,Fri,9,False
1203,BTCUSDm,long,2026-08-21 11:35:00+00:00,96331,76474.74,0.1,76474.74,77474.74,700.0,close_below_lower,0.7639664591124561,0.05,76974.74,0.5,0.05,76974.74,25.0,96332.0,2026-08-21 11:40:00+00:00,True,2026-08-21 13:35:00+00:00,96355,76474.74,be_stop,25.0,0.0,0.0,25.0,0.35714285714285715,-13.010000000009313,987.679999999993,-0.01858571428572759,1.4109714285714186,24,7200.0,10.0,315.64714285714166,603.4305833455151,london,Fri,11,False
1204,BTCUSDm,short,2026-08-21 21:35:00+00:00,96451,78409.66,0.1,78409.66,77409.66,700.0,close_above_upper,0.16837240375899526,0.05,77909.66,0.5,0.05,77919.66,24.5,96481.0,2026-08-22 00:05:00+00:00,True,2026-08-22 02:25:00+00:00,96509,78419.66,be_stop,24.0,0.0,0.0,24.0,0.34285714285714286,-346.02999999999884,748.8800000000047,-0.4943285714285698,1.069828571428578,58,17400.0,10.0,208.5378571428581,626.8632720252363,rollover,Fri,21,False
1205,BTCUSDm,long,2026-08-22 05:10:00+00:00,96542,77823.68,0.1,77123.68,78823.68,700.0,close_below_lower,0.05884812831613712,0.1,78323.68,0.5,0.0,0.0,0.0,,,False,2026-08-22 05:15:00+00:00,96543,77123.68,sl,-70.0,0.0,0.0,-70.0,-1.0,-1307.2199999999866,15.59000000001106,-1.8674571428571238,0.02227142857144437,1,300.0,10.0,218.75428571428347,595.1266088723512,asian,Sat,5,False
1206,BTCUSDm,long,2026-08-22 05:20:00+00:00,96544,76956.88,0.1,76956.88,77956.88,700.0,close_below_lower,1.052108997300193,0.05,77456.88,0.5,0.05,77456.88,25.0,96547.0,2026-08-22 05:35:00+00:00,True,2026-08-22 09:45:00+00:00,96597,76956.88,be_stop,25.0,0.0,0.0,25.0,0.35714285714285715,-205.68000000000757,709.6199999999953,-0.29382857142858226,1.0137428571428504,53,15900.0,10.0,339.35928571428457,605.4896398300954,asian,Sat,5,False
1207,BTCUSDm,long,2026-08-23 05:10:00+00:00,96830,76302.85,0.1,75602.85,77302.85,700.0,close_below_lower,0.014224749445867524,0.1,76802.85,0.5,0.0,0.0,0.0,,,False,2026-08-23 05:15:00+00:00,96831,75602.85,sl,-70.0,0.0,0.0,-70.0,-1.0,-521.8400000000111,125.64999999999418,-0.7454857142857301,0.1794999999999917,1,300.0,10.0,192.37642857142887,423.7551869990113,asian,Sun,5,False
1208,BTCUSDm,long,2026-08-23 05:20:00+00:00,96832,76054.22,0.1,76054.22,77054.22,700.0,close_below_lower,0.23750731934713248,0.05,76554.22,0.5,0.05,76554.22,25.0,96872.0,2026-08-23 08:40:00+00:00,True,2026-08-23 11:20:00+00:00,96904,77054.22,tp,75.0,0.0,0.0,75.0,1.0714285714285714,-207.80999999999767,906.3199999999924,-0.29687142857142523,1.2947428571428463,72,21600.0,10.0,246.22857142857225,421.91125015342425,asian,Sun,5,False
1209,BTCUSDm,short,2026-08-23 11:25:00+00:00,96905,77251.97,0.1,77951.97,76251.97,700.0,close_above_upper,0.11965234976063883,0.1,76751.97,0.5,0.0,0.0,0.0,,,False,2026-08-23 21:15:00+00:00,97023,77961.97,sl,-71.0,0.0,0.0,-71.0,-1.0142857142857142,-508.83000000000175,479.5599999999977,-0.7269000000000025,0.685085714285711,118,35400.0,10.0,137.57357142857032,376.0793500541728,london,Sun,11,False
1210,BTCUSDm,short,2026-08-23 21:20:00+00:00,97024,77959.49,0.1,77959.49,76959.49,700.0,close_above_upper,0.4437903415654935,0.05,77459.49,0.5,0.05,77469.49,24.5,97044.0,2026-08-23 23:00:00+00:00,True,2026-08-24 01:55:00+00:00,97079,76969.49,tp,74.0,0.0,0.0,74.0,1.0571428571428572,-91.8799999999901,877.1900000000023,-0.13125714285712872,1.2531285714285747,55,16500.0,10.0,96.24428571428663,316.51717489947504,rollover,Sun,21,False
1211,BTCUSDm,long,2026-08-24 02:00:00+00:00,97080,76922.09,0.1,76922.09,77922.09,700.0,close_below_lower,0.2835384213585775,0.05,77422.09,0.5,0.05,77422.09,25.0,97083.0,2026-08-24 02:15:00+00:00,True,2026-08-24 03:55:00+00:00,97103,76922.09,be_stop,25.0,0.0,0.0,25.0,0.35714285714285715,-56.84999999999127,625.1100000000006,-0.08121428571427323,0.8930142857142865,23,6900.0,10.0,176.72857142857018,287.0791572530221,asian,Mon,2,False
1212,BTCUSDm,short,2026-08-24 07:15:00+00:00,97143,77729.41,0.1,77729.41,76729.41,700.0,close_above_upper,0.10269898082457232,0.05,77229.41,0.5,0.05,77239.41,24.5,97152.0,2026-08-24 08:00:00+00:00,True,2026-08-24 10:05:00+00:00,97177,77739.41,be_stop,24.0,0.0,0.0,24.0,0.34285714285714286,-2.8399999999965075,917.6800000000076,-0.004057142857137868,1.3109714285714393,34,10200.0,10.0,132.38499999999996,291.80814952306133,london,Mon,7,False
1213,BTCUSDm,short,2026-08-24 10:15:00+00:00,97179,77812.23,0.1,78512.23,76812.23,700.0,close_above_upper,0.06538675028582361,0.1,77312.23,0.5,0.0,0.0,0.0,,,False,2026-08-24 11:40:00+00:00,97196,78522.23,sl,-71.0,0.0,0.0,-71.0,-1.0142857142857142,-626.1800000000076,397.8399999999965,-0.894542857142868,0.5683428571428522,17,5100.0,10.0,140.04999999999978,311.3459961899819,london,Mon,10,False
1214,BTCUSDm,short,2026-08-24 11:45:00+00:00,97197,78550.18,0.1,78550.18,77550.18,700.0,close_above_upper,0.9848222061995283,0.05,78050.18,0.5,0.05,78060.18,24.5,97203.0,2026-08-24 12:15:00+00:00,True,2026-08-24 12:30:00+00:00,97206,78560.18,be_stop,24.0,0.0,0.0,24.0,0.34285714285714286,-37.63000000000466,603.9199999999983,-0.05375714285714951,0.8627428571428547,9,2700.0,10.0,193.81785714285903,322.0326933200318,london,Mon,11,False
1215,BTCUSDm,short,2026-08-24 12:40:00+00:00,97208,78670.37,0.1,79370.37,77670.37,700.0,close_above_upper,0.1386412448105695,0.1,78170.37,0.5,0.0,0.0,0.0,,,False,2026-08-24 13:10:00+00:00,97214,79380.37,sl,-71.0,0.0,0.0,-71.0,-1.0142857142857142,-640.4900000000052,100.86999999999534,-0.9149857142857217,0.14409999999999334,6,1800.0,10.0,266.06714285714406,333.1178386642649,overlap,Mon,12,False
1216,BTCUSDm,short,2026-08-24 13:15:00+00:00,97215,79201.92,0.1,79201.92,78201.92,700.0,close_above_upper,0.17913188743347416,0.05,78701.92,0.5,0.05,78711.92,24.5,97218.0,2026-08-24 13:30:00+00:00,True,2026-08-24 13:40:00+00:00,97220,78211.92,tp,74.0,0.0,0.0,74.0,1.0571428571428572,-15.809999999997672,672.9599999999919,-0.022585714285710958,0.9613714285714169,5,1500.0,10.0,259.5228571428597,352.02740143294113,overlap,Mon,13,False
1217,BTCUSDm,long,2026-08-24 13:45:00+00:00,97221,78269.83,0.1,78269.83,79269.83,700.0,close_below_lower,0.5975080193519406,0.05,78769.83,0.5,0.05,78769.83,25.0,97224.0,2026-08-24 14:00:00+00:00,True,2026-08-24 14:15:00+00:00,97227,79269.83,tp,75.0,0.0,0.0,75.0,1.0714285714285714,-451.91999999999825,947.5399999999936,-0.6455999999999975,1.3536285714285623,6,1800.0,10.0,308.36357142857014,357.13010336375737,overlap,Mon,13,False
1218,BTCUSDm,short,2026-08-24 14:30:00+00:00,97230,79362.26,0.1,79362.26,78362.26,700.0,close_above_upper,0.40124150670045267,0.05,78862.26,0.5,0.05,78872.26,24.5,97247.0,2026-08-24 15:55:00+00:00,True,2026-08-24 16:05:00+00:00,97249,79372.26,be_stop,24.0,0.0,0.0,24.0,0.34285714285714286,-635.5,573.3099999999977,-0.9078571428571428,0.8190142857142824,19,5700.0,10.0,380.92499999999774,371.22869128387373,overlap,Mon,14,False
1219,BTCUSDm,long,2026-08-24 16:55:00+00:00,97259,78937.59,0.1,78937.59,79937.59,700.0,close_below_lower,0.26888685528705025,0.05,79437.59,0.5,0.05,79437.59,25.0,97353.0,2026-08-25 00:45:00+00:00,True,2026-08-25 01:00:00+00:00,97356,79937.59,tp,75.0,0.0,0.0,75.0,1.0714285714285714,-491.77999999999884,940.7700000000041,-0.7025428571428555,1.3439571428571486,97,29100.0,10.0,266.4028571428581,404.84766487985434,newyork,Mon,16,False
1220,BTCUSDm,short,2026-08-25 01:05:00+00:00,97357,79912.73,0.1,80612.73,78912.73,700.0,close_above_upper,0.6017547752499239,0.1,79412.73,0.5,0.0,0.0,0.0,,,False,2026-08-25 02:15:00+00:00,97371,80622.73,sl,-71.0,0.0,0.0,-71.0,-1.0142857142857142,-45.55000000000291,458.8000000000029,-0.06507142857143274,0.6554285714285756,14,4200.0,10.0,228.50642857142728,421.7460299643194,asian,Tue,1,False
1221,BTCUSDm,short,2026-08-25 02:20:00+00:00,97372,80834.34,0.1,80834.34,79834.34,700.0,close_above_upper,1.2767646593649256,0.05,80334.34,0.5,0.05,80344.34,24.5,97391.0,2026-08-25 03:55:00+00:00,True,2026-08-25 06:10:00+00:00,97418,80844.34,be_stop,24.0,0.0,0.0,24.0,0.34285714285714286,-430.070000000007,713.9400000000023,-0.6143857142857243,1.019914285714289,46,13800.0,10.0,291.0278571428561,433.40243672461264,asian,Tue,2,False
1222,BTCUSDm,long,2026-08-25 07:50:00+00:00,97438,79861.77,0.1,79161.77,80861.77,700.0,close_below_lower,0.42233101871881623,0.1,80361.77,0.5,0.0,0.0,0.0,,,False,2026-08-25 09:50:00+00:00,97462,79161.77,sl,-70.0,0.0,0.0,-70.0,-1.0,-567.820000000007,372.95999999999185,-0.8111714285714385,0.5327999999999884,24,7200.0,10.0,167.5442857142854,455.5412039759809,london,Tue,7,False
1223,BTCUSDm,long,2026-08-25 09:55:00+00:00,97463,79087.06,0.1,78387.06,80087.06,700.0,close_below_lower,0.40574808333981044,0.1,79587.06,0.5,0.0,0.0,0.0,,,False,2026-08-25 13:45:00+00:00,97509,78387.06,sl,-70.0,0.0,0.0,-70.0,-1.0,-538.7099999999919,382.47000000000116,-0.7695857142857027,0.5463857142857159,46,13800.0,10.0,207.88928571428656,473.86725580162704,london,Tue,9,False
1224,BTCUSDm,long,2026-08-25 20:50:00+00:00,97594,78238.67,0.1,78238.67,79238.67,700.0,close_below_lower,0.001825171297012535,0.05,78738.67,0.5,0.05,78738.67,25.0,97609.0,2026-08-25 22:05:00+00:00,True,2026-08-26 09:45:00+00:00,97749,78238.67,be_stop,25.0,0.0,0.0,25.0,0.35714285714285715,-408.6499999999942,993.820000000007,-0.583785714285706,1.4197428571428672,155,46500.0,10.0,177.85071428571766,509.94252252322406,newyork,Tue,20,False
1225,BTCUSDm,long,2026-08-26 15:05:00+00:00,97813,77662.08,0.1,77662.08,78662.08,700.0,close_below_lower,0.04251728466208534,0.05,78162.08,0.5,0.05,78162.08,25.0,97825.0,2026-08-26 16:05:00+00:00,True,2026-08-26 21:10:00+00:00,97886,78662.08,tp,75.0,0.0,0.0,75.0,1.0714285714285714,-30.669999999998254,991.1999999999971,-0.04381428571428322,1.415999999999996,73,21900.0,10.0,199.02642857142823,429.68662213409743,overlap,Wed,15,False
1226,BTCUSDm,short,2026-08-27 08:05:00+00:00,98017,79407.87,0.1,80107.87,78407.87,700.0,close_above_upper,0.5503895160451887,0.1,78907.87,0.5,0.0,0.0,0.0,,,False,2026-08-27 09:25:00+00:00,98033,80117.87,sl,-71.0,0.0,0.0,-71.0,-1.0142857142857142,-688.570000000007,143.59999999999127,-0.9836714285714385,0.20514285714284466,16,4800.0,10.0,101.93142857142708,325.26333252378873,london,Thu,8,False
1227,BTCUSDm,short,2026-08-27 09:30:00+00:00,98034,80486.12,0.1,80486.12,79486.12,700.0,close_above_upper,0.8080232710705352,0.05,79986.12,0.5,0.05,79996.12,24.5,98039.0,2026-08-27 09:55:00+00:00,True,2026-08-27 10:25:00+00:00,98045,79496.12,tp,74.0,0.0,0.0,74.0,1.0571428571428572,-39.80999999999767,731.7799999999988,-0.05687142857142524,1.0453999999999983,11,3300.0,10.0,178.93714285714253,345.406232594524,london,Thu,9,False
1228,BTCUSDm,long,2026-08-27 10:35:00+00:00,98047,79617.06,0.1,78917.06,80617.06,700.0,close_below_lower,0.0039601893379027095,0.1,80117.06,0.5,0.0,0.0,0.0,,,False,2026-08-27 13:45:00+00:00,98085,78917.06,sl,-70.0,0.0,0.0,-70.0,-1.0,-533.7200000000012,156.36000000000058,-0.7624571428571445,0.22337142857142941,38,11400.0,10.0,222.1899999999992,352.1304782174199,london,Thu,10,False
1229,BTCUSDm,short,2026-08-27 14:05:00+00:00,98089,79680.75,0.1,80380.75,78680.75,700.0,close_above_upper,0.019296641762135486,0.1,79180.75,0.5,0.0,0.0,0.0,,,False,2026-08-27 14:40:00+00:00,98096,80390.75,sl,-71.0,0.0,0.0,-71.0,-1.0142857142857142,-590.5599999999977,339.8999999999942,-0.8436571428571396,0.48557142857142027,7,2100.0,10.0,192.87785714285877,353.8238719990747,overlap,Thu,14,False
1230,BTCUSDm,short,2026-08-27 14:45:00+00:00,98097,80362.06,0.1,80362.06,79362.06,700.0,close_above_upper,0.8189448227758029,0.05,79862.06,0.5,0.05,79872.06,24.5,98139.0,2026-08-27 18:15:00+00:00,True,2026-08-27 22:15:00+00:00,98187,80372.06,be_stop,24.0,0.0,0.0,24.0,0.34285714285714286,-506.02999999999884,618.8399999999965,-0.7228999999999983,0.8840571428571379,90,27000.0,10.0,260.9635714285697,356.0795185605383,overlap,Thu,14,False
1231,BTCUSDm,short,2026-08-28 01:20:00+00:00,98224,80980.35,0.1,80980.35,79980.35,700.0,close_above_upper,0.08732565907697723,0.05,80480.35,0.5,0.05,80490.35,24.5,98231.0,2026-08-28 01:55:00+00:00,True,2026-08-28 02:20:00+00:00,98236,79990.35,tp,74.0,0.0,0.0,74.0,1.0571428571428572,-524.7999999999884,936.1000000000058,-0.7497142857142691,1.3372857142857226,12,3600.0,10.0,172.27571428571537,367.45429013448353,asian,Fri,1,False
1232,BTCUSDm,long,2026-08-28 02:25:00+00:00,98237,80093.17,0.1,79393.17,81093.17,700.0,close_below_lower,0.20982488023274043,0.1,80593.17,0.5,0.0,0.0,0.0,,,False,2026-08-28 09:00:00+00:00,98316,79393.17,sl,-70.0,0.0,0.0,-70.0,-1.0,-623.8199999999924,74.04000000000815,-0.8911714285714177,0.10577142857144022,79,23700.0,10.0,248.32071428571257,388.8204132323365,asian,Fri,2,False
1233,BTCUSDm,long,2026-08-28 14:05:00+00:00,98377,78820.54,0.1,78820.54,79820.54,700.0,close_below_lower,0.1742949680809124,0.05,79320.54,0.5,0.05,79320.54,25.0,98383.0,2026-08-28 14:35:00+00:00,True,2026-08-28 15:00:00+00:00,98388,79820.54,tp,75.0,0.0,0.0,75.0,1.0714285714285714,-393.54999999998836,891.3899999999994,-0.5622142857142691,1.273414285714285,11,3300.0,10.0,228.97071428571613,378.95550536135755,overlap,Fri,14,False
1234,BTCUSDm,long,2026-08-28 15:45:00+00:00,98397,78819.52,0.1,78119.52,79819.52,700.0,close_below_lower,0.18162063554334548,0.1,79319.52,0.5,0.0,0.0,0.0,,,False,2026-08-28 16:00:00+00:00,98400,78119.52,sl,-70.0,0.0,0.0,-70.0,-1.0,-513.4100000000035,106.83999999999651,-0.7334428571428622,0.15262857142856645,3,900.0,10.0,280.9657142857125,393.17618424483317,overlap,Fri,15,False
1235,BTCUSDm,long,2026-08-28 16:05:00+00:00,98401,78068.79,0.1,77368.79,79068.79,700.0,close_below_lower,1.155065351700372,0.1,78568.79,0.5,0.0,0.0,0.0,,,False,2026-08-28 16:20:00+00:00,98404,77368.79,sl,-70.0,0.0,0.0,-70.0,-1.0,-529.0899999999965,220.47000000000116,-0.7558428571428522,0.31495714285714455,3,900.0,10.0,257.8299999999966,407.62344571541195,newyork,Fri,16,False
1236,BTCUSDm,long,2026-08-28 16:25:00+00:00,98405,77112.8,0.1,77112.8,78112.8,700.0,close_below_lower,2.0019809938051774,0.05,77612.8,0.5,0.05,77612.8,25.0,98406.0,2026-08-28 16:30:00+00:00,True,2026-08-28 17:15:00+00:00,98415,78112.8,tp,75.0,0.0,0.0,75.0,1.0714285714285714,-254.41999999999825,927.1100000000006,-0.36345714285714037,1.324442857142858,10,3000.0,10.0,306.89285714285404,429.0457837259918,newyork,Fri,16,False
1237,BTCUSDm,short,2026-08-30 12:10:00+00:00,98930,78591.44,0.1,79291.44,77591.44,700.0,close_above_upper,1.5087404857827382,0.1,78091.44,0.5,0.0,0.0,0.0,,,False,2026-08-30 16:55:00+00:00,98987,79301.44,sl,-71.0,0.0,0.0,-71.0,-1.0142857142857142,-667.0899999999965,117.30000000000291,-0.9529857142857093,0.16757142857143273,57,17100.0,10.0,75.35928571428563,154.77925251208111,overlap,Sun,12,False
1238,BTCUSDm,short,2026-08-30 17:00:00+00:00,98988,79327.37,0.1,79327.37,78327.37,700.0,close_above_upper,0.5209250394907722,0.05,78827.37,0.5,0.05,78837.37,24.5,98992.0,2026-08-30 17:20:00+00:00,True,2026-08-30 21:00:00+00:00,99036,78337.37,tp,74.0,0.0,0.0,74.0,1.0571428571428572,0.0,917.7200000000012,0.0,1.311028571428573,48,14400.0,10.0,164.52785714285503,162.47013073788276,newyork,Sun,17,False
1239,BTCUSDm,long,2026-08-30 21:05:00+00:00,99037,78465.95,0.1,77765.95,79465.95,700.0,close_below_lower,0.44965506945360634,0.1,78965.95,0.5,0.0,0.0,0.0,,,False,2026-08-30 23:25:00+00:00,99065,77765.95,sl,-70.0,0.0,0.0,-70.0,-1.0,-647.0999999999913,331.02999999999884,-0.9244285714285589,0.4728999999999983,28,8400.0,10.0,133.37214285714435,173.20265367780914,rollover,Sun,21,False
1240,BTCUSDm,long,2026-08-30 23:30:00+00:00,99066,77681.23,0.1,76981.23,78681.23,700.0,close_below_lower,2.2924164726608383,0.1,78181.23,0.5,0.0,0.0,0.0,,,False,2026-08-30 23:45:00+00:00,99069,76981.23,sl,-70.0,0.0,0.0,-70.0,-1.0,-346.1100000000006,203.94000000000233,-0.49444285714285796,0.29134285714286046,3,900.0,10.0,189.42428571428692,186.5538806808932,rollover,Sun,23,False
1241,BTCUSDm,long,2026-08-30 23:50:00+00:00,99070,77371.5,0.1,77371.5,78371.5,700.0,close_below_lower,2.0848122640348716,0.05,77871.5,0.5,0.05,77871.5,25.0,99075.0,2026-08-31 00:15:00+00:00,True,2026-08-31 02:55:00+00:00,99107,77371.5,be_stop,25.0,0.0,0.0,25.0,0.35714285714285715,-15.639999999999418,802.7400000000052,-0.02234285714285631,1.146771428571436,37,11100.0,10.0,244.95428571428678,199.06986376877308,rollover,Sun,23,False
1242,BTCUSDm,long,2026-08-31 03:00:00+00:00,99108,77458.57,0.1,77458.57,78458.57,700.0,close_below_lower,0.12163751009853786,0.05,77958.57,0.5,0.05,77958.57,25.0,99135.0,2026-08-31 05:15:00+00:00,True,2026-08-31 08:40:00+00:00,99176,78458.57,tp,75.0,0.0,0.0,75.0,1.0714285714285714,-88.5,880.5999999999913,-0.12642857142857142,1.2579999999999876,68,20400.0,10.0,133.34357142857021,213.62813183958573,asian,Mon,3,False
1243,BTCUSDm,short,2026-08-31 09:00:00+00:00,99180,78455.06,0.1,78455.06,77455.06,700.0,close_above_upper,0.009444035366943798,0.05,77955.06,0.5,0.05,77965.06,24.5,99222.0,2026-08-31 12:30:00+00:00,True,2026-08-31 14:40:00+00:00,99248,78465.06,be_stop,24.0,0.0,0.0,24.0,0.34285714285714286,-333.9799999999959,791.5200000000041,-0.4771142857142799,1.130742857142863,68,20400.0,10.0,125.93357142857192,235.2565429474907,london,Mon,9,False
1244,BTCUSDm,short,2026-08-31 14:45:00+00:00,99249,78490.31,0.1,79190.31,77490.31,700.0,close_above_upper,0.8313563806836236,0.1,77990.31,0.5,0.0,0.0,0.0,,,False,2026-08-31 18:40:00+00:00,99296,79200.31,sl,-71.0,0.0,0.0,-71.0,-1.0142857142857142,-586.2200000000012,307.50999999999476,-0.8374571428571446,0.43929999999999253,47,14100.0,10.0,278.16214285713795,268.09484338266657,overlap,Mon,14,False
1245,BTCUSDm,short,2026-09-01 03:40:00+00:00,99392,78819.76,0.1,78819.76,77819.76,700.0,close_above_upper,0.09168641714306063,0.05,78319.76,0.5,0.05,78329.76,24.5,99445.0,2026-09-01 08:05:00+00:00,True,2026-09-01 08:30:00+00:00,99450,77829.76,tp,74.0,0.0,0.0,74.0,1.0571428571428572,-383.47000000000116,977.6899999999878,-0.5478142857142874,1.3966999999999825,58,17400.0,10.0,105.2085714285713,324.6706319670605,asian,Tue,3,False
1246,BTCUSDm,long,2026-09-01 08:35:00+00:00,99451,77976.75,0.1,77276.75,78976.75,700.0,close_below_lower,0.15161359182958556,0.1,78476.75,0.5,0.0,0.0,0.0,,,False,2026-09-01 16:35:00+00:00,99547,77276.75,sl,-70.0,0.0,0.0,-70.0,-1.0,-588.7599999999948,426.1000000000058,-0.8410857142857068,0.608714285714294,96,28800.0,10.0,158.74000000000004,341.1613602312815,london,Tue,8,False
1247,BTCUSDm,long,2026-09-01 18:40:00+00:00,99572,76673.47,0.1,76673.47,77673.47,700.0,close_below_lower,0.3950531261215331,0.05,77173.47,0.5,0.05,77173.47,25.0,99576.0,2026-09-01 19:00:00+00:00,True,2026-09-02 01:50:00+00:00,99658,76673.47,be_stop,25.0,0.0,0.0,25.0,0.35714285714285715,-308.0500000000029,925.7099999999919,-0.4400714285714327,1.3224428571428455,86,25800.0,10.0,185.83428571428314,352.45580614675737,newyork,Tue,18,False
1248,BTCUSDm,long,2026-09-02 08:45:00+00:00,99741,76935.1,0.1,76235.1,77935.1,700.0,close_below_lower,0.07492632491071935,0.1,77435.1,0.5,0.0,0.0,0.0,,,False,2026-09-02 10:50:00+00:00,99766,76235.1,sl,-70.0,0.0,0.0,-70.0,-1.0,-555.9200000000128,78.63999999999942,-0.7941714285714468,0.11234285714285631,25,7500.0,10.0,105.84214285714448,345.0738269841662,london,Wed,8,False
1249,BTCUSDm,short,2026-09-02 13:45:00+00:00,99801,77345.3,0.1,77345.3,76345.3,700.0,close_above_upper,0.5750443775510917,0.05,76845.3,0.5,0.05,76855.3,24.5,99816.0,2026-09-02 15:00:00+00:00,True,2026-09-02 15:40:00+00:00,99824,77355.3,be_stop,24.0,0.0,0.0,24.0,0.34285714285714286,-122.13999999999942,652.0,-0.17448571428571347,0.9314285714285714,23,6900.0,10.0,179.71142857142695,346.2775938222036,overlap,Wed,13,False
1250,BTCUSDm,short,2026-09-03 02:35:00+00:00,99955,77839.76,0.1,77839.76,76839.76,700.0,close_above_upper,0.25745419497976185,0.05,77339.76,0.5,0.05,77349.76,24.5,99988.0,2026-09-03 05:20:00+00:00,True,2026-09-03 07:00:00+00:00,100008,77849.76,be_stop,24.0,0.0,0.0,24.0,0.34285714285714286,-36.19000000000233,781.7599999999948,-0.05170000000000333,1.1167999999999925,53,15900.0,10.0,150.42785714285856,337.74426311779115,asian,Thu,2,False
1251,BTCUSDm,short,2026-09-03 07:05:00+00:00,100009,78094.74,0.1,78094.74,77094.74,700.0,close_above_upper,0.02160550798220196,0.05,77594.74,0.5,0.05,77604.74,24.5,100019.0,2026-09-03 07:55:00+00:00,True,2026-09-03 12:15:00+00:00,100071,78104.74,be_stop,24.0,0.0,0.0,24.0,0.34285714285714286,-52.25999999999476,665.0,-0.07465714285713537,0.95,62,18600.0,10.0,105.42000000000242,350.9227727066199,london,Thu,7,False
1252,BTCUSDm,short,2026-09-03 12:40:00+00:00,100076,78321.32,0.1,79021.32,77321.32,700.0,close_above_upper,0.059857832765873385,0.1,77821.32,0.5,0.0,0.0,0.0,,,False,2026-09-03 14:15:00+00:00,100095,79031.32,sl,-71.0,0.0,0.0,-71.0,-1.0142857142857142,-667.0299999999988,119.35000000000582,-0.9528999999999983,0.1705000000000083,19,5700.0,10.0,140.22285714285368,320.23969747206866,overlap,Thu,12,False
1253,BTCUSDm,short,2026-09-03 14:25:00+00:00,100097,79353.39,0.1,80053.39,78353.39,700.0,close_above_upper,0.5341654271673767,0.1,78853.39,0.5,0.0,0.0,0.0,,,False,2026-09-03 14:45:00+00:00,100101,80063.39,sl,-71.0,0.0,0.0,-71.0,-1.0142857142857142,-522.1800000000076,16.05999999999767,-0.7459714285714394,0.022942857142853816,4,1200.0,10.0,200.1107142857145,337.91919173603617,overlap,Thu,14,False
1254,BTCUSDm,short,2026-09-03 14:50:00+00:00,100102,80342.88,0.1,81042.88,79342.88,700.0,close_above_upper,1.8377110531269727,0.1,79842.88,0.5,0.0,0.0,0.0,,,False,2026-09-03 15:50:00+00:00,100114,81052.88,sl,-71.0,0.0,0.0,-71.0,-1.0142857142857142,-670.5599999999977,258.1399999999994,-0.9579428571428538,0.36877142857142775,12,3600.0,10.0,261.4800000000011,357.8482912195458,overlap,Thu,14,False
1255,BTCUSDm,short,2026-09-03 15:55:00+00:00,100115,81277.2,0.1,81277.2,80277.2,700.0,close_above_upper,0.5383267914864516,0.05,80777.2,0.5,0.05,80787.2,24.5,100119.0,2026-09-03 16:15:00+00:00,True,2026-09-03 18:05:00+00:00,100141,81287.2,be_stop,24.0,0.0,0.0,24.0,0.34285714285714286,-94.36000000000058,671.9700000000012,-0.13480000000000084,0.9599571428571445,26,7800.0,10.0,329.6435714285752,396.6671504745725,overlap,Thu,15,False
1256,BTCUSDm,short,2026-09-03 21:35:00+00:00,100183,82078.29,0.1,82078.29,81078.29,700.0,close_above_upper,0.2500947277259676,0.05,81578.29,0.5,0.05,81588.29,24.5,100184.0,2026-09-03 21:40:00+00:00,True,2026-09-03 22:30:00+00:00,100194,81088.29,tp,74.0,0.0,0.0,74.0,1.0571428571428572,-6.120000000009895,957.0399999999936,-0.008742857142871279,1.3671999999999909,11,3300.0,10.0,199.1692857142854,399.20472228067865,rollover,Thu,21,False
