trade_id,symbol,side,entry_time,entry_index,entry_price,volume,sl_price,tp_price,r_price,entry_reason,signal_strength,exit_time,exit_index,exit_price,exit_reason,gross_pl,commission,swap,net_pl,pnl_r,mae_price,mfe_price,mae_r,mfe_r,bars_held,duration_s,spread_at_entry,atr_at_entry,band_at_entry,session,day_of_week,hour_utc,is_open
1,XAUUSDm,short,2025-04-10 02:10:00+00:00,1024,3111.901,0.05,3118.901,3101.901,7.0,close_above_upper,0.480911620823175,2025-04-10 02:35:00+00:00,1029,3119.0609999999997,sl,-35.79999999999927,0.0,0.0,-35.79999999999927,-1.022857142857122,-5.307999999999993,8.424999999999727,-0.7582857142857132,1.2035714285713897,5,1500.0,0.159,6.787571428571417,13.226986502947863,asian,Thu,2,False
2,XAUUSDm,short,2025-04-10 14:10:00+00:00,1168,3142.249,0.05,3149.249,3132.249,7.0,close_above_upper,0.09685442852368976,2025-04-10 14:25:00+00:00,1171,3149.408,sl,-35.79500000000053,0.0,0.0,-35.79500000000053,-1.0227142857143008,-6.328000000000429,3.2199999999998,-0.9040000000000613,0.45999999999997143,3,900.0,0.159,7.142071428571334,13.527682049945732,overlap,Thu,14,False
3,XAUUSDm,short,2025-04-10 15:30:00+00:00,1184,3170.698,0.05,3177.698,3160.698,7.0,close_above_upper,0.0344374749354053,2025-04-10 15:55:00+00:00,1189,3160.857,tp,49.20499999999947,0.0,0.0,49.20499999999947,1.4058571428571278,-4.295000000000073,8.17699999999968,-0.613571428571439,1.1681428571428114,5,1500.0,0.16,5.11600000000005,14.362654322233002,overlap,Thu,15,False
4,XAUUSDm,short,2025-04-11 00:45:00+00:00,1283,3212.632,0.05,3219.632,3202.632,7.0,close_above_upper,0.19723405074191117,2025-04-11 01:15:00+00:00,1289,3202.791,tp,49.20499999999947,0.0,0.0,49.20499999999947,1.4058571428571278,-6.833000000000084,9.26700000000028,-0.9761428571428691,1.3238571428571828,6,1800.0,0.159,4.829571428571463,14.600557560834094,asian,Fri,0,False
5,XAUUSDm,long,2025-04-11 05:45:00+00:00,1343,3189.437,0.05,3182.437,3199.437,7.0,close_below_lower,0.43782071030933134,2025-04-11 06:00:00+00:00,1346,3199.437,tp,50.0,0.0,0.0,50.0,1.4285714285714286,-2.3109999999996944,6.829999999999927,-0.3301428571428135,0.9757142857142753,3,900.0,0.159,5.1837857142857375,14.327900425590252,asian,Fri,5,False
6,XAUUSDm,long,2025-04-13 22:10:00+00:00,1527,3221.203,0.05,3214.203,3231.203,7.0,close_below_lower,0.07983961905888504,2025-04-13 22:15:00+00:00,1528,3214.203,sl,-35.0,0.0,0.0,-35.0,-1.0,-0.8460000000000036,3.543999999999869,-0.12085714285714337,0.5062857142856956,1,300.0,0.23900000000000002,3.6900714285713354,11.94222421119044,rollover,Sun,22,False
7,XAUUSDm,short,2025-04-14 01:40:00+00:00,1569,3238.578,0.05,3245.578,3228.578,7.0,close_above_upper,0.14836116053373954,2025-04-14 02:10:00+00:00,1575,3245.738,sl,-35.79999999999927,0.0,0.0,-35.79999999999927,-1.022857142857122,-6.148999999999887,1.4650000000001455,-0.8784285714285553,0.20928571428573509,6,1800.0,0.159,4.685642857142836,11.639056634863909,asian,Mon,1,False
8,XAUUSDm,long,2025-04-14 10:25:00+00:00,1674,3207.5409999999997,0.05,3200.541,3217.541,7.0,close_below_lower,0.2909384794171234,2025-04-14 11:00:00+00:00,1681,3215.235,signal,38.470000000002074,0.0,0.0,38.470000000002074,1.0991428571429165,-1.2179999999998472,8.486000000000331,-0.17399999999997817,1.2122857142857615,7,2100.0,0.16,3.572000000000019,11.232213731922942,london,Mon,10,False
9,XAUUSDm,long,2025-04-14 12:45:00+00:00,1702,3206.908,0.05,3199.908,3216.908,7.0,close_below_lower,0.05320449009703279,2025-04-14 13:10:00+00:00,1707,3199.908,sl,-35.0,0.0,0.0,-35.0,-1.0,-4.688999999999851,5.086999999999989,-0.6698571428571215,0.7267142857142842,5,1500.0,0.16,4.278285714285663,11.113520799218351,overlap,Mon,12,False
10,XAUUSDm,long,2025-04-14 13:15:00+00:00,1708,3196.629,0.05,3189.629,3206.629,7.0,close_below_lower,0.22433386745595982,2025-04-14 13:40:00+00:00,1713,3206.629,tp,50.0,0.0,0.0,50.0,1.4285714285714286,-3.076999999999771,8.782999999999902,-0.4395714285713958,1.2547142857142717,5,1500.0,0.159,5.828999999999984,11.333201638098796,overlap,Mon,13,False
11,XAUUSDm,short,2025-04-16 00:00:00+00:00,2098,3251.804,0.05,3258.804,3241.804,7.0,close_above_upper,0.19603199068608146,2025-04-16 00:05:00+00:00,2099,3259.073,sl,-36.34499999999889,0.0,0.0,-36.34499999999889,-1.0384285714285397,-9.826000000000022,0.2139999999999418,-1.4037142857142888,0.030571428571420256,1,300.0,0.159,3.2417142857142216,7.496266661621257,asian,Wed,0,False
12,XAUUSDm,short,2025-04-16 00:10:00+00:00,2100,3255.97,0.05,3262.97,3245.97,7.0,close_above_upper,0.31891888982484823,2025-04-16 00:30:00+00:00,2104,3263.1299999999997,sl,-35.79999999999927,0.0,0.0,-35.79999999999927,-1.022857142857122,-6.315000000000055,2.687999999999647,-0.9021428571428649,0.3839999999999496,4,1200.0,0.16,3.8876428571427692,7.632364009075683,asian,Wed,0,False
13,XAUUSDm,short,2025-04-16 00:35:00+00:00,2105,3264.258,0.05,3271.258,3254.258,7.0,close_above_upper,0.3924412522912651,2025-04-16 01:00:00+00:00,2110,3271.4179999999997,sl,-35.79999999999927,0.0,0.0,-35.79999999999927,-1.022857142857122,-3.80600000000004,0.9989999999997963,-0.5437142857142915,0.14271428571425662,5,1500.0,0.159,4.627785714285567,7.891583325923049,asian,Wed,0,False
14,XAUUSDm,short,2025-04-16 01:05:00+00:00,2111,3273.219,0.05,3280.219,3263.219,7.0,close_above_upper,0.4128507020325997,2025-04-16 01:30:00+00:00,2116,3265.1240000000003,signal,40.474999999999,0.0,0.0,40.474999999999,1.156428571428543,-1.8849999999997635,8.469000000000051,-0.2692857142856805,1.20985714285715,5,1500.0,0.159,5.330857142857018,8.068278869760102,asian,Wed,1,False
15,XAUUSDm,short,2025-04-16 08:05:00+00:00,2195,3306.886,0.05,3313.886,3296.886,7.0,close_above_upper,0.2319353274894062,2025-04-16 08:15:00+00:00,2197,3314.046,sl,-35.79999999999927,0.0,0.0,-35.79999999999927,-1.022857142857122,-2.842999999999847,3.3919999999998254,-0.4061428571428353,0.4845714285714036,2,600.0,0.16,4.311857142857077,8.073105034764339,london,Wed,8,False
16,XAUUSDm,short,2025-04-16 08:20:00+00:00,2198,3312.35,0.05,3319.35,3302.35,7.0,close_above_upper,0.40491959265933447,2025-04-16 08:25:00+00:00,2199,3302.5099999999998,tp,49.20000000000073,0.0,0.0,49.20000000000073,1.4057142857143066,-1.5419999999999163,2.4329999999999927,-0.22028571428570234,0.34757142857142753,1,300.0,0.16,4.625428571428529,8.201615974020918,london,Wed,8,False
17,XAUUSDm,long,2025-04-16 08:40:00+00:00,2202,3293.525,0.05,3286.525,3303.525,7.0,close_below_lower,0.02157786995471278,2025-04-16 08:45:00+00:00,2203,3303.525,tp,50.0,0.0,0.0,50.0,1.4285714285714286,-2.619999999999891,2.5039999999999054,-0.3742857142856987,0.3577142857142722,1,300.0,0.159,6.075999999999924,8.11869989265348,london,Wed,8,False
18,XAUUSDm,short,2025-04-16 11:50:00+00:00,2240,3310.54,0.05,3317.54,3300.54,7.0,close_above_upper,0.22740643711784947,2025-04-16 12:40:00+00:00,2250,3303.775,signal,33.82499999999936,0.0,0.0,33.82499999999936,0.9664285714285532,-3.1799999999998363,7.532000000000153,-0.4542857142856909,1.0760000000000218,10,3000.0,0.16,4.322285714285662,7.70438252504613,london,Wed,11,False
19,XAUUSDm,short,2025-04-16 14:05:00+00:00,2267,3315.69,0.05,3322.69,3305.69,7.0,close_above_upper,0.19125547839141227,2025-04-16 14:45:00+00:00,2275,3309.939,signal,28.75500000000102,0.0,0.0,28.75500000000102,0.8215714285714577,-2.1210000000000946,8.313000000000102,-0.30300000000001354,1.1875714285714432,8,2400.0,0.159,5.553142857142835,7.847773983923057,overlap,Wed,14,False
20,XAUUSDm,short,2025-04-16 15:45:00+00:00,2287,3321.953,0.05,3328.953,3311.953,7.0,close_above_upper,0.13789533707301738,2025-04-16 16:20:00+00:00,2294,3329.113,sl,-35.79999999999927,0.0,0.0,-35.79999999999927,-1.022857142857122,-6.996999999999844,0.9789999999998145,-0.9995714285714062,0.13985714285711634,7,2100.0,0.159,4.439857142857103,7.85648535980774,overlap,Wed,15,False
21,XAUUSDm,short,2025-04-16 16:25:00+00:00,2295,3331.45,0.05,3338.45,3321.45,7.0,close_above_upper,0.008565423121968958,2025-04-16 16:40:00+00:00,2298,3321.6099999999997,tp,49.20000000000073,0.0,0.0,49.20000000000073,1.4057142857143066,-1.5530000000003383,3.899999999999636,-0.2218571428571912,0.5571428571428052,3,900.0,0.16,3.7497857142856383,8.214414675408722,newyork,Wed,16,False
22,XAUUSDm,short,2025-04-16 22:05:00+00:00,2351,3348.695,0.05,3355.695,3338.695,7.0,close_above_upper,0.009167814372502778,2025-04-16 22:10:00+00:00,2352,3355.8540000000003,sl,-35.79500000000053,0.0,0.0,-35.79500000000053,-1.0227142857143008,-4.596999999999753,0.21000000000003638,-0.6567142857142504,0.030000000000005196,1,300.0,0.16,2.657214285714287,8.467404004509124,rollover,Wed,22,False
23,XAUUSDm,short,2025-04-16 22:15:00+00:00,2353,3354.353,0.05,3361.353,3344.353,7.0,close_above_upper,0.32488385836516964,2025-04-16 23:10:00+00:00,2364,3350.714,signal,18.19500000000062,0.0,0.0,18.19500000000062,0.5198571428571606,-3.4049999999997453,4.777000000000044,-0.4864285714285351,0.6824285714285777,11,3300.0,0.16,2.8347142857142638,8.597580669669544,rollover,Wed,22,False
24,XAUUSDm,long,2025-04-17 01:35:00+00:00,2393,3338.2580000000003,0.05,3331.258,3348.258,7.0,close_below_lower,0.08986444925782698,2025-04-17 01:45:00+00:00,2395,3331.258,sl,-35.000000000002274,0.0,0.0,-35.000000000002274,-1.000000000000065,-2.062000000000353,5.9659999999998945,-0.294571428571479,0.8522857142856992,2,600.0,0.159,5.721142857142825,8.801927746842445,asian,Thu,1,False
25,XAUUSDm,long,2025-04-17 01:50:00+00:00,2396,3328.598,0.05,3321.598,3338.598,7.0,close_below_lower,0.8077715162348978,2025-04-17 01:55:00+00:00,2397,3321.598,sl,-35.0,0.0,0.0,-35.0,-1.0,-5.844000000000051,3.7260000000001128,-0.8348571428571502,0.5322857142857303,1,300.0,0.159,6.880499999999984,8.944608542417148,asian,Thu,1,False
26,XAUUSDm,long,2025-04-17 02:00:00+00:00,2398,3324.047,0.05,3317.047,3334.047,7.0,close_below_lower,0.7771305873582202,2025-04-17 02:10:00+00:00,2400,3334.047,tp,50.0,0.0,0.0,50.0,1.4285714285714286,-2.96100000000024,8.99200000000019,-0.4230000000000343,1.2845714285714556,2,600.0,0.159,7.200000000000013,9.145535521952803,asian,Thu,2,False
27,XAUUSDm,long,2025-04-17 14:05:00+00:00,2543,3307.003,0.05,3300.003,3317.003,7.0,close_below_lower,0.5771861477539418,2025-04-17 14:30:00+00:00,2548,3300.003,sl,-35.0,0.0,0.0,-35.0,-1.0,-5.322000000000116,6.789999999999964,-0.7602857142857309,0.9699999999999948,5,1500.0,0.159,6.169357142857247,9.892047320187935,overlap,Thu,14,False
28,XAUUSDm,long,2025-04-17 14:35:00+00:00,2549,3293.154,0.05,3286.154,3303.154,7.0,close_below_lower,0.921573700124937,2025-04-17 14:50:00+00:00,2552,3286.154,sl,-35.0,0.0,0.0,-35.0,-1.0,-9.33199999999988,4.329999999999927,-1.33314285714284,0.6185714285714182,3,900.0,0.159,7.173285714285774,10.256031902897616,overlap,Thu,14,False
29,XAUUSDm,long,2025-04-17 14:55:00+00:00,2553,3288.1510000000003,0.05,3281.151,3298.151,7.0,close_below_lower,0.44243330507295464,2025-04-17 15:05:00+00:00,2555,3298.151,tp,49.999999999997726,0.0,0.0,49.999999999997726,1.4285714285713635,-1.368000000000393,9.748999999999796,-0.19542857142862755,1.3927142857142567,2,600.0,0.159,7.963285714285738,10.573401121659142,overlap,Thu,14,False
30,XAUUSDm,short,2025-04-20 22:15:00+00:00,2628,3338.289,0.05,3345.289,3328.289,7.0,close_above_upper,0.09432676730055808,2025-04-20 22:20:00+00:00,2629,3347.487,sl,-45.98999999999933,0.0,0.0,-45.98999999999933,-1.3139999999999807,-10.236999999999625,0.22000000000025466,-1.462428571428518,0.03142857142860781,1,300.0,0.16,2.781428571428608,10.423442737328239,rollover,Sun,22,False
31,XAUUSDm,short,2025-04-20 22:25:00+00:00,2630,3346.766,0.05,3353.766,3336.766,7.0,close_above_upper,0.456942942303216,2025-04-20 23:45:00+00:00,2646,3346.5679999999998,signal,0.9900000000016007,0.0,0.0,0.9900000000016007,0.02828571428576002,-5.023999999999887,5.907999999999902,-0.7177142857142697,0.843999999999986,16,4800.0,0.159,3.7430714285714464,10.595257576199348,rollover,Sun,22,False
32,XAUUSDm,short,2025-04-21 00:45:00+00:00,2658,3369.796,0.05,3376.796,3359.796,7.0,close_above_upper,0.35909690364846925,2025-04-21 01:40:00+00:00,2669,3376.9559999999997,sl,-35.79999999999927,0.0,0.0,-35.79999999999927,-1.022857142857122,-6.730000000000018,4.9789999999998145,-0.9614285714285741,0.7112857142856878,11,3300.0,0.159,4.426357142857212,10.875902917476171,asian,Mon,0,False
33,XAUUSDm,short,2025-04-21 13:05:00+00:00,2806,3421.196,0.05,3428.196,3411.196,7.0,close_above_upper,0.3002187598101287,2025-04-21 13:30:00+00:00,2811,3411.355,tp,49.20499999999947,0.0,0.0,49.20499999999947,1.4058571428571278,-3.23700000000008,8.335999999999785,-0.46242857142858285,1.1908571428571122,5,1500.0,0.159,4.4205714285714555,10.812579265548862,overlap,Mon,13,False
34,XAUUSDm,long,2025-04-22 00:05:00+00:00,2926,3419.177,0.05,3412.177,3429.177,7.0,close_below_lower,0.42963937862565377,2025-04-22 00:20:00+00:00,2929,3429.177,tp,50.0,0.0,0.0,50.0,1.4285714285714286,-3.76700000000028,7.367999999999938,-0.5381428571428971,1.0525714285714198,3,900.0,0.159,5.549285714285686,11.309492342069559,asian,Tue,0,False
35,XAUUSDm,short,2025-04-22 01:35:00+00:00,2944,3444.674,0.05,3451.674,3434.674,7.0,close_above_upper,0.043693709341478086,2025-04-22 01:45:00+00:00,2946,3451.833,sl,-35.79500000000053,0.0,0.0,-35.79500000000053,-1.0227142857143008,-8.46100000000024,1.2489999999997963,-1.20871428571432,0.17842857142854232,2,600.0,0.16,5.448428571428622,11.739993788605295,asian,Tue,1,False
36,XAUUSDm,short,2025-04-22 01:50:00+00:00,2947,3452.21,0.05,3459.21,3442.21,7.0,close_above_upper,0.14745460356014967,2025-04-22 02:30:00+00:00,2955,3459.369,sl,-35.79500000000053,0.0,0.0,-35.79500000000053,-1.0227142857143008,-5.697999999999865,9.760000000000218,-0.8139999999999807,1.3942857142857454,8,2400.0,0.159,5.557571428571431,11.888416739412076,asian,Tue,1,False
37,XAUUSDm,short,2025-04-22 02:45:00+00:00,2958,3468.257,0.05,3475.257,3458.257,7.0,close_above_upper,0.19107094995967205,2025-04-22 02:55:00+00:00,2960,3475.416,sl,-35.79500000000053,0.0,0.0,-35.79500000000053,-1.0227142857143008,-5.0219999999999345,1.8820000000000618,-0.7174285714285621,0.2688571428571517,2,600.0,0.159,6.041642857142766,12.274079172202278,asian,Tue,2,False
38,XAUUSDm,short,2025-04-22 03:00:00+00:00,2961,3473.062,0.05,3480.062,3463.062,7.0,close_above_upper,0.07712085787989194,2025-04-22 03:15:00+00:00,2964,3480.221,sl,-35.79500000000053,0.0,0.0,-35.79500000000053,-1.0227142857143008,-4.765000000000327,0.9769999999998618,-0.6807142857143325,0.13957142857140883,3,900.0,0.159,5.816714285714203,12.44430848776057,asian,Tue,3,False
39,XAUUSDm,short,2025-04-22 03:20:00+00:00,2965,3484.533,0.05,3491.533,3474.533,7.0,close_above_upper,0.34131880371313655,2025-04-22 03:30:00+00:00,2967,3491.692,sl,-35.79500000000053,0.0,0.0,-35.79500000000053,-1.0227142857143008,-4.630000000000109,3.3979999999996835,-0.661428571428587,0.4854285714285262,2,600.0,0.16,5.661928571428494,12.555544205595883,asian,Tue,3,False
40,XAUUSDm,long,2025-04-22 07:15:00+00:00,3012,3462.289,0.05,3455.289,3472.289,7.0,close_below_lower,0.392455880668729,2025-04-22 07:30:00+00:00,3015,3472.289,tp,50.0,0.0,0.0,50.0,1.4285714285714286,-1.2810000000004038,9.167999999999665,-0.1830000000000577,1.3097142857142379,3,900.0,0.159,7.722642857142838,13.549781688953844,london,Tue,7,False
41,XAUUSDm,long,2025-04-22 08:45:00+00:00,3030,3451.388,0.05,3444.388,3461.388,7.0,close_below_lower,0.0322277698518303,2025-04-22 08:55:00+00:00,3032,3444.388,sl,-35.0,0.0,0.0,-35.0,-1.0,-5.356999999999971,2.9459999999999127,-0.7652857142857101,0.4208571428571304,2,600.0,0.16,4.911285714285766,13.807709441194174,london,Tue,8,False
42,XAUUSDm,long,2025-04-22 09:00:00+00:00,3033,3444.179,0.05,3437.179,3454.179,7.0,close_below_lower,0.11583486074213814,2025-04-22 09:05:00+00:00,3034,3454.179,tp,50.0,0.0,0.0,50.0,1.4285714285714286,-0.19000000000005457,8.643000000000029,-0.027142857142864938,1.2347142857142899,1,300.0,0.159,4.951142857142908,14.03069264219072,london,Tue,9,False
43,XAUUSDm,long,2025-04-22 12:50:00+00:00,3079,3435.332,0.05,3428.332,3445.332,7.0,close_below_lower,0.26503780019065193,2025-04-22 12:55:00+00:00,3080,3428.332,sl,-35.0,0.0,0.0,-35.0,-1.0,-10.835999999999785,1.5140000000001237,-1.5479999999999694,0.21628571428573196,1,300.0,0.159,6.095214285714259,13.066179601346992,overlap,Tue,12,False
44,XAUUSDm,long,2025-04-22 13:00:00+00:00,3081,3431.7780000000002,0.05,3424.778,3441.778,7.0,close_below_lower,0.18906646204583347,2025-04-22 13:05:00+00:00,3082,3424.778,sl,-35.000000000002274,0.0,0.0,-35.000000000002274,-1.000000000000065,-6.757000000000062,4.586999999999534,-0.9652857142857231,0.6552857142856477,1,300.0,0.159,7.080714285714229,13.194723019707702,overlap,Tue,13,False
45,XAUUSDm,long,2025-04-22 13:40:00+00:00,3089,3424.88,0.05,3417.88,3434.88,7.0,close_below_lower,0.022369515111133227,2025-04-22 13:45:00+00:00,3090,3411.835,sl,-65.22500000000036,0.0,0.0,-65.22500000000036,-1.8635714285714389,-13.815000000000055,2.1539999999999964,-1.9735714285714363,0.3077142857142852,1,300.0,0.159,9.627142857142742,13.415512087484892,overlap,Tue,13,False
46,XAUUSDm,long,2025-04-22 16:20:00+00:00,3121,3400.848,0.05,3393.848,3410.848,7.0,close_below_lower,0.31127489293016375,2025-04-22 16:25:00+00:00,3122,3393.848,sl,-35.0,0.0,0.0,-35.0,-1.0,-9.183999999999742,0.33399999999983265,-1.3119999999999632,0.047714285714261805,1,300.0,0.159,8.600428571428536,14.047526448774583,newyork,Tue,16,False
47,XAUUSDm,long,2025-04-22 16:30:00+00:00,3123,3386.94,0.05,3379.94,3396.94,7.0,close_below_lower,0.8684690411831214,2025-04-22 16:35:00+00:00,3124,3379.94,sl,-35.0,0.0,0.0,-35.0,-1.0,-7.699000000000069,4.083000000000084,-1.0998571428571526,0.5832857142857263,1,300.0,0.159,9.580357142857045,14.263283412380368,newyork,Tue,16,False
48,XAUUSDm,long,2025-04-22 16:40:00+00:00,3125,3377.003,0.05,3370.003,3387.003,7.0,close_below_lower,1.0450444035564836,2025-04-22 16:45:00+00:00,3126,3387.003,tp,50.0,0.0,0.0,50.0,1.4285714285714286,-5.0090000000000146,7.013999999999669,-0.7155714285714306,1.0019999999999527,1,300.0,0.159,10.620428571428517,14.509797673170247,newyork,Tue,16,False
49,XAUUSDm,long,2025-04-22 16:50:00+00:00,3127,3386.239,0.05,3379.239,3396.239,7.0,close_below_lower,4.8574279540258514e-05,2025-04-22 17:10:00+00:00,3131,3396.239,tp,50.0,0.0,0.0,50.0,1.4285714285714286,-3.5650000000000546,8.822000000000116,-0.5092857142857221,1.2602857142857309,4,1200.0,0.159,10.714214285714174,14.654834788781749,newyork,Tue,16,False
50,XAUUSDm,long,2025-04-22 18:55:00+00:00,3152,3374.2059999999997,0.05,3367.206,3384.206,7.0,close_below_lower,0.04785858023101279,2025-04-22 19:00:00+00:00,3153,3384.206,tp,50.000000000002274,0.0,0.0,50.000000000002274,1.4285714285714934,-1.0109999999995125,7.975000000000364,-0.1444285714285018,1.1392857142857662,1,300.0,0.16,4.930500000000003,14.718354942546396,newyork,Tue,18,False
51,XAUUSDm,long,2025-04-22 22:05:00+00:00,3178,3326.992,0.05,3319.992,3336.992,7.0,close_below_lower,2.3017385780773436,2025-04-22 22:10:00+00:00,3179,3336.992,tp,50.0,0.0,0.0,50.0,1.4285714285714286,-10.416000000000167,11.980000000000018,-1.488000000000024,1.711428571428574,1,300.0,0.159,7.298785714285747,14.593834896490499,rollover,Tue,22,False
52,XAUUSDm,long,2025-04-22 22:15:00+00:00,3180,3335.628,0.05,3328.628,3345.628,7.0,close_below_lower,1.0818700327370057,2025-04-22 22:20:00+00:00,3181,3328.628,sl,-35.0,0.0,0.0,-35.0,-1.0,-10.080000000000382,0.875,-1.4400000000000546,0.125,1,300.0,0.159,9.18028571428574,14.964706202906694,rollover,Tue,22,False
53,XAUUSDm,long,2025-04-22 22:25:00+00:00,3182,3330.904,0.05,3323.904,3340.904,7.0,close_below_lower,0.7809682558445178,2025-04-22 22:30:00+00:00,3183,3318.725,sl,-60.89500000000044,0.0,0.0,-60.89500000000044,-1.7398571428571554,-12.130999999999858,3.0019999999999527,-1.7329999999999797,0.4288571428571361,1,300.0,0.159,9.829214285714313,15.274739246174242,rollover,Tue,22,False
54,XAUUSDm,long,2025-04-22 22:35:00+00:00,3184,3326.6510000000003,0.05,3319.651,3336.651,7.0,close_below_lower,0.4469833329465066,2025-04-22 23:05:00+00:00,3190,3335.191,signal,42.699999999997544,0.0,0.0,42.699999999997544,1.2199999999999298,-4.088000000000193,8.528999999999542,-0.5840000000000275,1.218428571428506,6,1800.0,0.159,11.4611428571429,15.57314775189499,rollover,Tue,22,False
55,XAUUSDm,short,2025-04-23 00:55:00+00:00,3212,3369.574,0.05,3376.574,3359.574,7.0,close_above_upper,0.2202515075183212,2025-04-23 01:00:00+00:00,3213,3376.733,sl,-35.79500000000053,0.0,0.0,-35.79500000000053,-1.0227142857143008,-1.7329999999997199,4.135000000000218,-0.24757142857138856,0.590714285714317,1,300.0,0.16,5.3814285714285495,16.270532174049485,asian,Wed,0,False
56,XAUUSDm,short,2025-04-23 01:45:00+00:00,3222,3385.868,0.05,3392.868,3375.868,7.0,close_above_upper,0.08964177499476088,2025-04-23 02:00:00+00:00,3225,3376.027,tp,49.20499999999947,0.0,0.0,49.20499999999947,1.4058571428571278,-0.7780000000002474,8.203999999999724,-0.11114285714289249,1.1719999999999604,3,900.0,0.159,8.679357142857109,16.763252066891837,asian,Wed,1,False
57,XAUUSDm,long,2025-04-23 03:05:00+00:00,3238,3345.027,0.05,3338.027,3355.027,7.0,close_below_lower,0.17080118306451458,2025-04-23 03:10:00+00:00,3239,3338.027,sl,-35.0,0.0,0.0,-35.0,-1.0,-2.8710000000000946,2.6590000000001055,-0.41014285714287063,0.37985714285715794,1,300.0,0.159,6.52578571428577,17.135348051927746,asian,Wed,3,False
58,XAUUSDm,long,2025-04-23 03:15:00+00:00,3240,3336.4300000000003,0.05,3329.43,3346.43,7.0,close_below_lower,0.3186630403116371,2025-04-23 03:45:00+00:00,3246,3346.43,tp,49.999999999997726,0.0,0.0,49.999999999997726,1.4285714285713635,-5.387000000000171,8.30099999999993,-0.769571428571453,1.185857142857133,6,1800.0,0.159,7.2224285714286385,17.3579136003125,asian,Wed,3,False
59,XAUUSDm,long,2025-04-23 05:50:00+00:00,3271,3318.074,0.05,3311.074,3328.074,7.0,close_below_lower,0.12365055037106916,2025-04-23 06:00:00+00:00,3273,3311.074,sl,-35.0,0.0,0.0,-35.0,-1.0,-2.13799999999992,4.44399999999996,-0.30542857142856,0.6348571428571371,2,600.0,0.159,5.925214285714284,17.978706268303,asian,Wed,5,False
60,XAUUSDm,long,2025-04-23 06:05:00+00:00,3274,3310.315,0.05,3303.315,3320.315,7.0,close_below_lower,0.14859075785023187,2025-04-23 06:15:00+00:00,3276,3320.315,tp,50.0,0.0,0.0,50.0,1.4285714285714286,-0.5259999999998399,6.942000000000007,-0.07514285714283428,0.9917142857142868,2,600.0,0.16,7.004500000000007,18.2411746430126,asian,Wed,6,False
61,XAUUSDm,long,2025-04-23 06:55:00+00:00,3284,3298.7760000000003,0.05,3291.776,3308.776,7.0,close_below_lower,0.0340286837913551,2025-04-23 07:00:00+00:00,3285,3308.776,tp,49.999999999997726,0.0,0.0,49.999999999997726,1.4285714285713635,-6.98700000000008,4.612999999999829,-0.9981428571428685,0.6589999999999756,1,300.0,0.159,8.026428571428628,18.5811727162653,asian,Wed,6,False
62,XAUUSDm,long,2025-04-23 13:40:00+00:00,3365,3287.77,0.05,3280.77,3297.77,7.0,close_below_lower,0.04948596759589913,2025-04-23 13:45:00+00:00,3366,3280.77,sl,-35.0,0.0,0.0,-35.0,-1.0,-7.141999999999825,5.262000000000171,-1.0202857142856894,0.7517142857143101,1,300.0,0.159,7.9655714285713985,19.070212003542153,overlap,Wed,13,False
63,XAUUSDm,long,2025-04-23 13:50:00+00:00,3367,3279.4500000000003,0.05,3272.45,3289.45,7.0,close_below_lower,0.19932717436459452,2025-04-23 13:55:00+00:00,3368,3272.45,sl,-35.000000000002274,0.0,0.0,-35.000000000002274,-1.000000000000065,-7.259000000000469,3.406999999999698,-1.037000000000067,0.4867142857142426,1,300.0,0.159,8.843642857142836,19.2292789036634,overlap,Wed,13,False
64,XAUUSDm,long,2025-04-23 14:05:00+00:00,3370,3265.7380000000003,0.05,3258.738,3275.738,7.0,close_below_lower,0.36304555430701974,2025-04-23 14:15:00+00:00,3372,3275.738,tp,49.999999999997726,0.0,0.0,49.999999999997726,1.4285714285713635,-5.696000000000367,8.36999999999989,-0.8137142857143382,1.1957142857142702,2,600.0,0.159,10.326499999999994,19.600049935338113,overlap,Wed,14,False
65,XAUUSDm,short,2025-04-24 01:25:00+00:00,3494,3360.829,0.05,3367.829,3350.829,7.0,close_above_upper,0.1027476733015485,2025-04-24 01:50:00+00:00,3499,3350.9880000000003,tp,49.20499999999947,0.0,0.0,49.20499999999947,1.4058571428571278,-6.7169999999996435,5.885000000000218,-0.9595714285713777,0.840714285714317,5,1500.0,0.16,6.7150714285713935,20.131299280004843,asian,Thu,1,False
66,XAUUSDm,short,2025-04-24 22:30:00+00:00,3731,3363.326,0.05,3370.326,3353.326,7.0,close_above_upper,0.009697123135542524,2025-04-24 22:35:00+00:00,3732,3370.485,sl,-35.79500000000053,0.0,0.0,-35.79500000000053,-1.0227142857143008,-7.023999999999887,1.3409999999998945,-1.0034285714285553,0.1915714285714135,1,300.0,0.159,3.633285714285713,15.939214909328904,rollover,Thu,22,False
67,XAUUSDm,long,2025-04-25 04:00:00+00:00,3797,3323.841,0.05,3316.841,3333.841,7.0,close_below_lower,0.3605348684605977,2025-04-25 04:30:00+00:00,3803,3316.841,sl,-35.0,0.0,0.0,-35.0,-1.0,-6.616999999999734,3.9340000000001965,-0.9452857142856763,0.562000000000028,6,1800.0,0.16,4.461357142857163,14.65889675202245,asian,Fri,4,False
68,XAUUSDm,long,2025-04-25 05:55:00+00:00,3820,3291.241,0.05,3284.241,3301.241,7.0,close_below_lower,0.5579994951040467,2025-04-25 06:30:00+00:00,3827,3301.241,tp,50.0,0.0,0.0,50.0,1.4285714285714286,-4.0,7.231000000000222,-0.5714285714285714,1.0330000000000317,7,2100.0,0.159,5.694642857142883,14.94962168143483,asian,Fri,5,False
69,XAUUSDm,long,2025-04-25 13:20:00+00:00,3909,3277.1330000000003,0.05,3270.133,3287.133,7.0,close_below_lower,0.006069766256466398,2025-04-25 13:25:00+00:00,3910,3270.133,sl,-35.000000000002274,0.0,0.0,-35.000000000002274,-1.000000000000065,-7.384000000000469,1.7499999999995453,-1.05485714285721,0.24999999999993502,1,300.0,0.159,6.547428571428587,13.426033817720842,overlap,Fri,13,False
70,XAUUSDm,long,2025-04-25 13:35:00+00:00,3912,3270.4010000000003,0.05,3263.401,3280.401,7.0,close_below_lower,0.03608655864646606,2025-04-25 13:45:00+00:00,3914,3280.401,tp,49.999999999997726,0.0,0.0,49.999999999997726,1.4285714285713635,-4.9770000000003165,9.634999999999764,-0.7110000000000453,1.3764285714285376,2,600.0,0.159,7.427428571428566,13.547783751284097,overlap,Fri,13,False
71,XAUUSDm,short,2025-04-25 19:45:00+00:00,3986,3308.513,0.05,3315.513,3298.513,7.0,close_above_upper,0.055229498758976175,2025-04-25 20:45:00+00:00,3998,3315.672,sl,-35.79500000000053,0.0,0.0,-35.79500000000053,-1.0227142857143008,-5.967000000000098,4.375,-0.8524285714285854,0.625,12,3600.0,0.159,2.8071428571429675,12.769864012704684,newyork,Fri,19,False
72,XAUUSDm,short,2025-04-27 22:15:00+00:00,4003,3326.69,0.05,3333.69,3316.69,7.0,close_above_upper,0.072371605381156,2025-04-27 22:20:00+00:00,4004,3316.849,tp,49.20499999999947,0.0,0.0,49.20499999999947,1.4058571428571278,-0.6340000000000146,4.039999999999964,-0.09057142857143065,0.577142857142852,1,300.0,0.16,3.4137857142856904,12.368261406783118,rollover,Sun,22,False
73,XAUUSDm,long,2025-04-28 01:25:00+00:00,4041,3295.5840000000003,0.05,3288.584,3305.584,7.0,close_below_lower,0.039703947205927376,2025-04-28 01:30:00+00:00,4042,3288.584,sl,-35.000000000002274,0.0,0.0,-35.000000000002274,-1.000000000000065,-5.458000000000084,0.49999999999954525,-0.7797142857142977,0.07142857142850646,1,300.0,0.159,4.978142857142919,12.111515884909172,asian,Mon,1,False
74,XAUUSDm,long,2025-04-28 01:35:00+00:00,4043,3289.052,0.05,3282.052,3299.052,7.0,close_below_lower,0.2586390636585522,2025-04-28 01:40:00+00:00,4044,3282.052,sl,-35.0,0.0,0.0,-35.0,-1.0,-4.875,2.0,-0.6964285714285714,0.2857142857142857,1,300.0,0.159,5.436285714285726,12.260986963542171,asian,Mon,1,False
75,XAUUSDm,long,2025-04-28 01:45:00+00:00,4045,3286.0750000000003,0.05,3279.075,3296.075,7.0,close_below_lower,0.13556541757567983,2025-04-28 02:00:00+00:00,4048,3279.075,sl,-35.000000000002274,0.0,0.0,-35.000000000002274,-1.000000000000065,-6.557000000000244,5.291999999999916,-0.9367142857143206,0.755999999999988,3,900.0,0.159,5.874000000000024,12.40542168902762,asian,Mon,1,False
76,XAUUSDm,long,2025-04-28 02:05:00+00:00,4049,3275.888,0.05,3268.888,3285.888,7.0,close_below_lower,0.2888080835507708,2025-04-28 02:10:00+00:00,4050,3268.888,sl,-35.0,0.0,0.0,-35.0,-1.0,-4.342000000000098,3.2770000000000437,-0.6202857142857283,0.46814285714286336,1,300.0,0.159,6.89528571428569,12.630435299602112,asian,Mon,2,False
77,XAUUSDm,long,2025-04-28 02:15:00+00:00,4051,3271.4379999999996,0.05,3264.438,3281.438,7.0,close_below_lower,0.231070600090032,2025-04-28 02:40:00+00:00,4056,3281.438,tp,50.000000000002274,0.0,0.0,50.000000000002274,1.4285714285714934,-2.4589999999998327,9.381000000000313,-0.3512857142856904,1.340142857142902,5,1500.0,0.16,7.145071428571457,12.8074620002504,asian,Mon,2,False
78,XAUUSDm,short,2025-04-28 14:25:00+00:00,4197,3313.39,0.05,3320.39,3303.39,7.0,close_above_upper,0.1788829147974232,2025-04-28 14:30:00+00:00,4198,3320.549,sl,-35.79500000000053,0.0,0.0,-35.79500000000053,-1.0227142857143008,-2.419000000000324,2.630999999999858,-0.3455714285714748,0.3758571428571226,1,300.0,0.16,5.01885714285712,12.539102321686663,overlap,Mon,14,False
79,XAUUSDm,short,2025-04-28 14:35:00+00:00,4199,3321.798,0.05,3328.798,3311.798,7.0,close_above_upper,0.5354042229967676,2025-04-28 14:40:00+00:00,4200,3328.957,sl,-35.79500000000053,0.0,0.0,-35.79500000000053,-1.0227142857143008,-6.372000000000298,1.15099999999984,-0.9102857142857569,0.16442857142854855,1,300.0,0.159,5.627428571428579,12.706540351214962,overlap,Mon,14,False
80,XAUUSDm,short,2025-04-28 14:45:00+00:00,4201,3330.029,0.05,3337.029,3320.029,7.0,close_above_upper,0.6886384789352362,2025-04-28 15:40:00+00:00,4212,3322.693,signal,36.67999999999893,0.0,0.0,36.67999999999893,1.0479999999999694,-5.9699999999998,8.188000000000102,-0.8528571428571142,1.1697142857143004,11,3300.0,0.159,5.983357142857195,12.957265237725583,overlap,Mon,14,False
81,XAUUSDm,long,2025-04-29 13:50:00+00:00,4454,3301.41,0.05,3294.41,3311.41,7.0,close_below_lower,0.055709933243766455,2025-04-29 14:25:00+00:00,4461,3310.194,signal,43.92000000000053,0.0,0.0,43.92000000000053,1.254857142857158,-1.7609999999999673,9.50500000000011,-0.2515714285714239,1.3578571428571584,7,2100.0,0.16,5.585571428571419,11.119147746827004,overlap,Tue,13,False
82,XAUUSDm,long,2025-04-30 08:15:00+00:00,4663,3285.349,0.05,3278.349,3295.349,7.0,close_below_lower,1.4013120959869072,2025-04-30 09:15:00+00:00,4675,3278.349,sl,-35.0,0.0,0.0,-35.0,-1.0,-5.083000000000084,5.298999999999978,-0.7261428571428691,0.7569999999999969,12,3600.0,0.159,4.044571428571479,8.994464939126694,london,Wed,8,False
83,XAUUSDm,short,2025-04-30 12:25:00+00:00,4713,3290.035,0.05,3297.035,3280.035,7.0,close_above_upper,0.44348983682711623,2025-04-30 12:45:00+00:00,4717,3297.194,sl,-35.79500000000053,0.0,0.0,-35.79500000000053,-1.0227142857143008,-5.571000000000367,6.395999999999731,-0.7958571428571953,0.9137142857142473,4,1200.0,0.159,5.127071428571428,8.683419851083634,overlap,Wed,12,False
84,XAUUSDm,short,2025-04-30 12:50:00+00:00,4718,3303.366,0.05,3310.366,3293.366,7.0,close_above_upper,1.0862820199776642,2025-04-30 13:35:00+00:00,4727,3310.525,sl,-35.79500000000053,0.0,0.0,-35.79500000000053,-1.0227142857143008,-6.429999999999836,7.161000000000058,-0.9185714285714052,1.0230000000000083,9,2700.0,0.159,6.668928571428653,8.94340943197765,overlap,Wed,12,False
85,XAUUSDm,short,2025-04-30 13:40:00+00:00,4728,3319.2,0.05,3326.2,3309.2,7.0,close_above_upper,0.8834262079612825,2025-04-30 13:55:00+00:00,4731,3309.359,tp,49.20499999999947,0.0,0.0,49.20499999999947,1.4058571428571278,-0.5420000000003711,9.740999999999985,-0.07742857142862444,1.3915714285714265,3,900.0,0.159,7.135357142857174,9.307120103103056,overlap,Wed,13,False
86,XAUUSDm,long,2025-04-30 14:35:00+00:00,4739,3295.516,0.05,3288.516,3305.516,7.0,close_below_lower,0.3099082793468274,2025-04-30 14:55:00+00:00,4743,3304.773,signal,46.28500000000031,0.0,0.0,46.28500000000031,1.3224285714285802,-2.6399999999998727,9.902000000000044,-0.37714285714283896,1.4145714285714348,4,1200.0,0.16,7.2322857142857755,9.510972239017544,overlap,Wed,14,False
87,XAUUSDm,long,2025-04-30 22:15:00+00:00,4819,3276.8,0.05,3269.8,3286.8,7.0,close_below_lower,0.22695535284826326,2025-04-30 23:10:00+00:00,4830,3279.332,signal,12.65999999999849,0.0,0.0,12.65999999999849,0.3617142857142426,-5.494000000000142,4.0949999999998,-0.7848571428571631,0.5849999999999714,11,3300.0,0.159,3.5944285714284825,9.594172837444798,rollover,Wed,22,False
88,XAUUSDm,long,2025-05-01 00:25:00+00:00,4845,3261.676,0.05,3254.676,3271.676,7.0,close_below_lower,0.2536915292472554,2025-05-01 00:30:00+00:00,4846,3254.676,sl,-35.0,0.0,0.0,-35.0,-1.0,-7.255000000000109,0.07500000000027285,-1.036428571428587,0.010714285714324692,1,300.0,0.159,6.027714285714312,9.605718126308203,asian,Thu,0,False
89,XAUUSDm,long,2025-05-01 00:35:00+00:00,4847,3249.213,0.05,3242.213,3259.213,7.0,close_below_lower,1.0920106516879102,2025-05-01 00:50:00+00:00,4850,3242.213,sl,-35.0,0.0,0.0,-35.0,-1.0,-5.402000000000044,3.675999999999931,-0.7717142857142919,0.5251428571428473,3,900.0,0.159,6.4477857142857635,9.75093475099693,asian,Thu,0,False
90,XAUUSDm,long,2025-05-01 00:55:00+00:00,4851,3244.916,0.05,3237.916,3254.916,7.0,close_below_lower,0.5489566953784178,2025-05-01 01:05:00+00:00,4853,3237.916,sl,-35.0,0.0,0.0,-35.0,-1.0,-3.29300000000012,3.8449999999998,-0.47042857142858857,0.5492857142856857,2,600.0,0.159,7.618642857142894,10.054126326515927,asian,Thu,0,False
91,XAUUSDm,long,2025-05-01 01:10:00+00:00,4854,3241.823,0.05,3234.823,3251.823,7.0,close_below_lower,0.19818993140484653,2025-05-01 01:30:00+00:00,4858,3249.068,signal,36.22500000000173,0.0,0.0,36.22500000000173,1.0350000000000494,-2.856999999999971,7.849999999999909,-0.408142857142853,1.1214285714285583,4,1200.0,0.16,8.510642857142914,10.212824109479179,asian,Thu,1,False
92,XAUUSDm,long,2025-05-01 11:50:00+00:00,4982,3208.12,0.05,3201.12,3218.12,7.0,close_below_lower,0.1789131240082721,2025-05-01 12:25:00+00:00,4989,3215.114,signal,34.97000000000071,0.0,0.0,34.97000000000071,0.9991428571428774,-6.257999999999811,7.378999999999905,-0.8939999999999729,1.0541428571428437,7,2100.0,0.159,3.6390714285714694,11.003376430982774,london,Thu,11,False
93,XAUUSDm,short,2025-05-01 12:55:00+00:00,4995,3230.682,0.05,3237.682,3220.682,7.0,close_above_upper,0.08255466171382482,2025-05-01 13:35:00+00:00,5003,3220.841,tp,49.20499999999947,0.0,0.0,49.20499999999947,1.4058571428571278,-2.0390000000002146,9.67599999999993,-0.29128571428574496,1.3822857142857043,8,2400.0,0.159,5.915928571428561,11.25651051476685,overlap,Thu,12,False
94,XAUUSDm,long,2025-05-02 13:05:00+00:00,5273,3244.342,0.05,3237.342,3254.342,7.0,close_below_lower,0.27323905142655724,2025-05-02 13:20:00+00:00,5276,3254.342,tp,50.0,0.0,0.0,50.0,1.4285714285714286,-4.8520000000003165,4.838999999999942,-0.6931428571429024,0.691285714285706,3,900.0,0.159,5.296571428571432,10.226167251778637,overlap,Fri,13,False
95,XAUUSDm,long,2025-05-02 15:35:00+00:00,5303,3242.62,0.05,3235.62,3252.62,7.0,close_below_lower,0.25677569554946345,2025-05-02 15:40:00+00:00,5304,3235.62,sl,-35.0,0.0,0.0,-35.0,-1.0,-7.114000000000033,0.0909999999998945,-1.016285714285719,0.012999999999984928,1,300.0,0.16,5.427714285714306,10.64398132317844,overlap,Fri,15,False
96,XAUUSDm,long,2025-05-02 15:45:00+00:00,5305,3237.271,0.05,3230.271,3247.271,7.0,close_below_lower,0.38314166269481975,2025-05-02 15:50:00+00:00,5306,3230.271,sl,-35.0,0.0,0.0,-35.0,-1.0,-4.903999999999996,0.9600000000000364,-0.7005714285714281,0.13714285714286234,1,300.0,0.159,5.408071428571508,10.813934767684504,overlap,Fri,15,False
97,XAUUSDm,long,2025-05-02 15:55:00+00:00,5307,3235.943,0.05,3228.943,3245.943,7.0,close_below_lower,0.0981021786923146,2025-05-02 16:00:00+00:00,5308,3228.943,sl,-35.0,0.0,0.0,-35.0,-1.0,-4.9350000000004,0.2019999999997708,-0.7050000000000571,0.028857142857110114,1,300.0,0.159,5.497357142857221,10.954987976290555,overlap,Fri,15,False
98,XAUUSDm,long,2025-05-02 16:05:00+00:00,5309,3231.4990000000003,0.05,3224.499,3241.499,7.0,close_below_lower,0.1323532887852946,2025-05-02 16:55:00+00:00,5319,3224.499,sl,-35.000000000002274,0.0,0.0,-35.000000000002274,-1.000000000000065,-6.820000000000164,4.77599999999984,-0.9742857142857376,0.6822857142856914,10,3000.0,0.159,5.464071428571515,11.08255680743078,newyork,Fri,16,False
99,XAUUSDm,short,2025-05-05 01:15:00+00:00,5406,3259.117,0.05,3266.117,3249.117,7.0,close_above_upper,0.04106627028452696,2025-05-05 01:25:00+00:00,5408,3266.277,sl,-35.79999999999927,0.0,0.0,-35.79999999999927,-1.022857142857122,-6.023999999999887,2.6080000000001746,-0.8605714285714124,0.37257142857145353,2,600.0,0.159,3.0960000000001338,9.965539600340719,asian,Mon,1,False
100,XAUUSDm,short,2025-05-05 01:30:00+00:00,5409,3265.24,0.05,3272.24,3255.24,7.0,close_above_upper,0.15781834369569517,2025-05-05 02:15:00+00:00,5418,3261.305,signal,19.674999999999727,0.0,0.0,19.674999999999727,0.5621428571428494,-5.889000000000124,4.832999999999629,-0.841285714285732,0.6904285714285184,9,2700.0,0.159,3.4450000000001637,10.097709839101853,asian,Mon,1,False
101,XAUUSDm,short,2025-05-05 08:50:00+00:00,5497,3279.292,0.05,3286.292,3269.292,7.0,close_above_upper,0.03924363171593563,2025-05-05 09:00:00+00:00,5499,3286.451,sl,-35.79500000000053,0.0,0.0,-35.79500000000053,-1.0227142857143008,-3.5970000000002074,0.8710000000000946,-0.5138571428571724,0.12442857142858495,2,600.0,0.159,3.4645000000000112,9.390476758247347,london,Mon,8,False
102,XAUUSDm,short,2025-05-05 09:05:00+00:00,5500,3288.306,0.05,3295.306,3278.306,7.0,close_above_upper,0.44980143086078833,2025-05-05 09:20:00+00:00,5503,3295.465,sl,-35.79500000000053,0.0,0.0,-35.79500000000053,-1.0227142857143008,-6.47400000000016,3.1039999999998145,-0.9248571428571657,0.4434285714285449,3,900.0,0.159,3.6925714285714224,9.546273392889407,london,Mon,9,False
103,XAUUSDm,short,2025-05-05 09:25:00+00:00,5504,3297.952,0.05,3304.952,3287.952,7.0,close_above_upper,0.6162572357760426,2025-05-05 09:30:00+00:00,5505,3305.112,sl,-35.79999999999927,0.0,0.0,-35.79999999999927,-1.022857142857122,-4.155999999999949,1.0520000000001346,-0.5937142857142784,0.1502857142857335,1,300.0,0.16,4.561285714285694,9.787839245732608,london,Mon,9,False
104,XAUUSDm,short,2025-05-05 09:35:00+00:00,5506,3300.208,0.05,3307.208,3290.208,7.0,close_above_upper,0.3368026121414354,2025-05-05 09:55:00+00:00,5510,3307.367,sl,-35.79500000000053,0.0,0.0,-35.79500000000053,-1.0227142857143008,-3.875999999999749,0.36200000000008004,-0.5537142857142499,0.05171428571429715,4,1200.0,0.159,4.770285714285722,9.947097162532128,london,Mon,9,False
105,XAUUSDm,short,2025-05-05 10:00:00+00:00,5511,3308.754,0.05,3315.754,3298.754,7.0,close_above_upper,0.2026206918569144,2025-05-05 10:15:00+00:00,5514,3315.9139999999998,sl,-35.79999999999927,0.0,0.0,-35.79999999999927,-1.022857142857122,-6.717000000000098,0.20499999999992724,-0.9595714285714426,0.029285714285703892,3,900.0,0.16,4.6950714285714765,10.216804582631694,london,Mon,10,False
106,XAUUSDm,short,2025-05-05 10:20:00+00:00,5515,3315.378,0.05,3322.378,3305.378,7.0,close_above_upper,0.09296989887655431,2025-05-05 11:30:00+00:00,5529,3314.348,signal,5.1500000000010004,0.0,0.0,5.1500000000010004,0.14714285714288572,-3.606999999999971,3.8460000000000036,-0.5152857142857101,0.5494285714285719,14,4200.0,0.159,5.0656428571429455,10.41226611383497,london,Mon,10,False
107,XAUUSDm,short,2025-05-05 19:30:00+00:00,5625,3336.334,0.05,3343.334,3326.334,7.0,close_above_upper,0.16253188060816623,2025-05-05 20:00:00+00:00,5631,3328.92,signal,37.0699999999988,0.0,0.0,37.0699999999988,1.0591428571428227,-1.318000000000211,9.083999999999833,-0.18828571428574442,1.2977142857142618,6,1800.0,0.16,2.6382142857142816,10.209043113232607,newyork,Mon,19,False
108,XAUUSDm,short,2025-05-06 01:05:00+00:00,5680,3349.784,0.05,3356.784,3339.784,7.0,close_above_upper,0.9270929885692971,2025-05-06 01:10:00+00:00,5681,3359.106,sl,-46.61000000000058,0.0,0.0,-46.61000000000058,-1.3317142857143023,-9.462999999999738,3.706000000000131,-1.3518571428571053,0.5294285714285901,1,300.0,0.159,4.820142857142822,9.902616745958436,asian,Tue,1,False
109,XAUUSDm,short,2025-05-06 01:15:00+00:00,5682,3362.178,0.05,3369.178,3352.178,7.0,close_above_upper,1.5277153452166348,2025-05-06 01:35:00+00:00,5686,3369.337,sl,-35.79500000000053,0.0,0.0,-35.79500000000053,-1.0227142857143008,-3.8030000000003383,7.225999999999658,-0.5432857142857627,1.0322857142856654,4,1200.0,0.159,5.781071428571424,10.198903101329073,asian,Tue,1,False
110,XAUUSDm,short,2025-05-06 01:40:00+00:00,5687,3369.768,0.05,3376.768,3359.768,7.0,close_above_upper,0.8465670138896086,2025-05-06 01:45:00+00:00,5688,3378.594,sl,-44.13000000000011,0.0,0.0,-44.13000000000011,-1.260857142857146,-11.996999999999844,0.8240000000000691,-1.7138571428571205,0.11771428571429558,1,300.0,0.159,7.3460000000000685,10.697436588124377,asian,Tue,1,False
111,XAUUSDm,short,2025-05-06 01:50:00+00:00,5689,3377.731,0.05,3384.731,3367.731,7.0,close_above_upper,0.895225062142765,2025-05-06 02:15:00+00:00,5694,3384.891,sl,-35.79999999999927,0.0,0.0,-35.79999999999927,-1.022857142857122,-6.2169999999996435,5.426000000000386,-0.8881428571428062,0.7751428571429122,5,1500.0,0.159,8.018785714285773,10.96327946180067,asian,Tue,1,False
112,XAUUSDm,short,2025-05-06 02:20:00+00:00,5695,3385.264,0.05,3392.264,3375.264,7.0,close_above_upper,0.15165151770616309,2025-05-06 02:30:00+00:00,5697,3375.4230000000002,tp,49.20499999999947,0.0,0.0,49.20499999999947,1.4058571428571278,-1.8350000000000364,7.119000000000142,-0.26214285714286234,1.0170000000000203,2,600.0,0.159,7.168642857142913,11.340807333807183,asian,Tue,2,False
113,XAUUSDm,long,2025-05-06 02:50:00+00:00,5701,3357.75,0.05,3350.75,3367.75,7.0,close_below_lower,0.45754342142903837,2025-05-06 03:20:00+00:00,5707,3367.75,tp,50.0,0.0,0.0,50.0,1.4285714285714286,-5.342999999999847,8.367999999999938,-0.7632857142856925,1.1954285714285626,6,1800.0,0.159,7.435642857142868,11.502000747725448,asian,Tue,2,False
114,XAUUSDm,long,2025-05-06 22:10:00+00:00,5921,3404.822,0.05,3397.822,3414.822,7.0,close_below_lower,0.6497753695158789,2025-05-06 22:15:00+00:00,5922,3414.822,tp,50.0,0.0,0.0,50.0,1.4285714285714286,-0.9690000000000509,10.682999999999993,-0.1384285714285787,1.5261428571428561,1,300.0,0.159,5.65949999999998,11.537693485985653,rollover,Tue,22,False
115,XAUUSDm,long,2025-05-06 22:20:00+00:00,5923,3404.962,0.05,3397.962,3414.962,7.0,close_below_lower,0.37293302086588553,2025-05-06 22:25:00+00:00,5924,3397.962,sl,-35.0,0.0,0.0,-35.0,-1.0,-1.2890000000002146,5.141000000000076,-0.1841428571428878,0.7344285714285823,1,300.0,0.159,7.327642857142824,11.664118458730922,rollover,Tue,22,False
116,XAUUSDm,long,2025-05-06 22:30:00+00:00,5925,3388.213,0.05,3381.213,3398.213,7.0,close_below_lower,1.3339220923101256,2025-05-06 22:35:00+00:00,5926,3398.213,tp,50.0,0.0,0.0,50.0,1.4285714285714286,-3.9780000000000655,8.640999999999622,-0.5682857142857236,1.2344285714285175,1,300.0,0.159,9.222928571428545,11.855786854356149,rollover,Tue,22,False
117,XAUUSDm,long,2025-05-06 22:40:00+00:00,5927,3396.2290000000003,0.05,3389.229,3406.229,7.0,close_below_lower,0.23717422704725077,2025-05-06 22:45:00+00:00,5928,3389.229,sl,-35.000000000002274,0.0,0.0,-35.000000000002274,-1.000000000000065,-5.048000000000229,3.5479999999997744,-0.7211428571428898,0.5068571428571106,1,300.0,0.159,10.341071428571338,12.01156397149084,rollover,Tue,22,False
118,XAUUSDm,long,2025-05-06 22:50:00+00:00,5929,3393.158,0.05,3386.158,3403.158,7.0,close_below_lower,0.0729853912279922,2025-05-06 22:55:00+00:00,5930,3386.158,sl,-35.0,0.0,0.0,-35.0,-1.0,-1.1909999999998035,3.1330000000002656,-0.1701428571428291,0.44757142857146653,1,300.0,0.159,11.056571428571358,12.162910900415007,rollover,Tue,22,False
119,XAUUSDm,long,2025-05-06 23:00:00+00:00,5931,3381.677,0.05,3374.677,3391.677,7.0,close_below_lower,0.6048431296954827,2025-05-06 23:10:00+00:00,5933,3391.677,tp,50.0,0.0,0.0,50.0,1.4285714285714286,-4.836999999999989,6.876999999999953,-0.6909999999999984,0.9824285714285647,2,600.0,0.159,11.91485714285711,12.255399300970517,rollover,Tue,23,False
120,XAUUSDm,long,2025-05-07 00:45:00+00:00,5952,3365.444,0.05,3358.444,3375.444,7.0,close_below_lower,0.7325781094223357,2025-05-07 00:55:00+00:00,5954,3375.444,tp,50.0,0.0,0.0,50.0,1.4285714285714286,-4.697000000000116,8.83199999999988,-0.6710000000000166,1.2617142857142685,2,600.0,0.159,6.733357142857163,12.581527626638701,asian,Wed,0,False
121,XAUUSDm,short,2025-05-07 02:25:00+00:00,5972,3389.241,0.05,3396.241,3379.241,7.0,close_above_upper,0.06082027903973181,2025-05-07 03:20:00+00:00,5983,3384.603,signal,23.1899999999996,0.0,0.0,23.1899999999996,0.6625714285714172,-3.786000000000058,5.2719999999999345,-0.5408571428571511,0.7531428571428478,11,3300.0,0.159,6.447785714285666,13.09987638196601,asian,Wed,2,False
122,XAUUSDm,short,2025-05-08 02:00:00+00:00,6243,3408.662,0.05,3415.662,3398.662,7.0,close_above_upper,0.32501890865379707,2025-05-08 02:50:00+00:00,6253,3402.668,signal,29.969999999998436,0.0,0.0,29.969999999998436,0.8562857142856696,-6.189000000000306,6.211999999999989,-0.8841428571429008,0.8874285714285699,10,3000.0,0.159,6.535857142857075,11.355053349856734,asian,Thu,2,False
123,XAUUSDm,long,2025-05-08 05:55:00+00:00,6290,3360.532,0.05,3353.532,3370.532,7.0,close_below_lower,0.28455178260024966,2025-05-08 06:00:00+00:00,6291,3353.532,sl,-35.0,0.0,0.0,-35.0,-1.0,-5.649000000000342,5.437999999999647,-0.8070000000000489,0.7768571428570924,1,300.0,0.159,5.2582142857143355,12.149559591165774,asian,Thu,5,False
124,XAUUSDm,long,2025-05-08 06:05:00+00:00,6292,3358.784,0.05,3351.784,3368.784,7.0,close_below_lower,0.052410151511575534,2025-05-08 06:10:00+00:00,6293,3351.784,sl,-35.0,0.0,0.0,-35.0,-1.0,-4.186000000000149,3.1839999999997417,-0.5980000000000213,0.45485714285710593,1,300.0,0.159,6.407285714285763,12.312133118743413,asian,Thu,6,False
125,XAUUSDm,long,2025-05-08 06:15:00+00:00,6294,3345.308,0.05,3338.308,3355.308,7.0,close_below_lower,0.7268879341464195,2025-05-08 06:20:00+00:00,6295,3338.308,sl,-35.0,0.0,0.0,-35.0,-1.0,-9.18100000000004,1.199999999999818,-1.3115714285714344,0.17142857142854545,1,300.0,0.159,7.640500000000007,12.501108398170562,asian,Thu,6,False
126,XAUUSDm,long,2025-05-08 06:25:00+00:00,6296,3337.013,0.05,3330.013,3347.013,7.0,close_below_lower,0.8346013048142928,2025-05-08 06:30:00+00:00,6297,3330.013,sl,-35.0,0.0,0.0,-35.0,-1.0,-1.5789999999997235,4.981000000000222,-0.22557142857138907,0.7115714285714603,1,300.0,0.159,8.326642857142815,12.756219256765908,asian,Thu,6,False
127,XAUUSDm,long,2025-05-08 06:35:00+00:00,6298,3331.549,0.05,3324.549,3341.549,7.0,close_below_lower,0.737058512654323,2025-05-08 06:45:00+00:00,6300,3324.549,sl,-35.0,0.0,0.0,-35.0,-1.0,-5.302000000000135,3.536000000000058,-0.7574285714285907,0.5051428571428654,2,600.0,0.159,9.062928571428497,12.988861739327424,asian,Thu,6,False
128,XAUUSDm,long,2025-05-08 06:50:00+00:00,6301,3322.737,0.05,3315.737,3332.737,7.0,close_below_lower,0.6148879056850076,2025-05-08 07:00:00+00:00,6303,3332.737,tp,50.0,0.0,0.0,50.0,1.4285714285714286,-0.4030000000002474,8.53899999999976,-0.05757142857146391,1.2198571428571086,2,600.0,0.159,9.969499999999925,13.31138992495225,asian,Thu,6,False
129,XAUUSDm,long,2025-05-08 15:45:00+00:00,6408,3336.289,0.05,3329.289,3346.289,7.0,close_below_lower,0.17200978432526043,2025-05-08 15:50:00+00:00,6409,3329.289,sl,-35.0,0.0,0.0,-35.0,-1.0,-5.294000000000324,1.631999999999607,-0.7562857142857605,0.233142857142801,1,300.0,0.159,6.5419285714286355,13.080355168414144,overlap,Thu,15,False
130,XAUUSDm,long,2025-05-08 15:55:00+00:00,6410,3333.821,0.05,3326.821,3343.821,7.0,close_below_lower,0.020053880324366984,2025-05-08 16:00:00+00:00,6411,3326.821,sl,-35.0,0.0,0.0,-35.0,-1.0,-5.001999999999953,0.0,-0.7145714285714219,0.0,1,300.0,0.159,6.792928571428645,13.224658639307936,overlap,Thu,15,False
131,XAUUSDm,long,2025-05-08 16:05:00+00:00,6412,3326.963,0.05,3319.963,3336.963,7.0,close_below_lower,0.1872853971981385,2025-05-08 16:10:00+00:00,6413,3319.963,sl,-35.0,0.0,0.0,-35.0,-1.0,-5.717000000000098,0.0,-0.8167142857142997,0.0,1,300.0,0.159,6.847928571428611,13.391237787559701,newyork,Thu,16,False
132,XAUUSDm,long,2025-05-08 16:15:00+00:00,6414,3311.663,0.05,3304.663,3321.663,7.0,close_below_lower,0.8434451354325738,2025-05-08 16:20:00+00:00,6415,3304.663,sl,-35.0,0.0,0.0,-35.0,-1.0,-4.6550000000002,5.824999999999818,-0.6650000000000286,0.8321428571428312,1,300.0,0.159,7.297785714285737,13.591003974295687,newyork,Thu,16,False
133,XAUUSDm,long,2025-05-08 16:25:00+00:00,6416,3309.9100000000003,0.05,3302.91,3319.91,7.0,close_below_lower,0.45441895007979904,2025-05-08 17:05:00+00:00,6424,3302.91,sl,-35.000000000002274,0.0,0.0,-35.000000000002274,-1.000000000000065,-6.571000000000367,5.855999999999767,-0.9387142857143382,0.8365714285713953,8,2400.0,0.159,7.876071428571485,13.791753462348812,newyork,Thu,16,False
134,XAUUSDm,long,2025-05-09 01:35:00+00:00,6514,3295.415,0.05,3288.415,3305.415,7.0,close_below_lower,0.31939975318056313,2025-05-09 01:50:00+00:00,6517,3288.415,sl,-35.0,0.0,0.0,-35.0,-1.0,-8.74499999999989,0.5459999999998217,-1.2492857142856988,0.07799999999997453,3,900.0,0.159,5.105071428571364,12.650619406828575,asian,Fri,1,False
135,XAUUSDm,long,2025-05-09 02:15:00+00:00,6522,3277.3140000000003,0.05,3270.314,3287.314,7.0,close_below_lower,0.368724681491406,2025-05-09 02:30:00+00:00,6525,3287.314,tp,49.999999999997726,0.0,0.0,49.999999999997726,1.4285714285713635,-0.39300000000048385,7.787999999999556,-0.056142857142926265,1.1125714285713653,3,900.0,0.159,6.479142857142831,13.13774563117698,asian,Fri,2,False
136,XAUUSDm,short,2025-05-09 02:55:00+00:00,6530,3305.178,0.05,3312.178,3295.178,7.0,close_above_upper,0.049038616939320594,2025-05-09 03:00:00+00:00,6531,3312.3379999999997,sl,-35.79999999999927,0.0,0.0,-35.79999999999927,-1.022857142857122,-3.425999999999931,3.4220000000000255,-0.48942857142856155,0.4888571428571465,1,300.0,0.159,6.55964285714286,13.456109856106915,asian,Fri,2,False
137,XAUUSDm,short,2025-05-09 03:05:00+00:00,6532,3310.678,0.05,3317.678,3300.678,7.0,close_above_upper,0.16358254203736017,2025-05-09 03:20:00+00:00,6535,3300.837,tp,49.20499999999947,0.0,0.0,49.20499999999947,1.4058571428571278,-0.9030000000002474,9.168999999999869,-0.12900000000003534,1.3098571428571242,3,900.0,0.159,6.719357142857136,13.624965877720953,asian,Fri,3,False
138,XAUUSDm,long,2025-05-11 22:10:00+00:00,6748,3284.73,0.05,3277.73,3294.73,7.0,close_below_lower,2.007165190742843,2025-05-11 22:15:00+00:00,6749,3277.73,sl,-35.0,0.0,0.0,-35.0,-1.0,-3.4140000000002146,7.889000000000124,-0.48771428571431635,1.1270000000000178,1,300.0,0.159,5.013571428571497,13.210601779861886,rollover,Sun,22,False
139,XAUUSDm,long,2025-05-11 22:20:00+00:00,6750,3274.1910000000003,0.05,3267.191,3284.191,7.0,close_below_lower,1.98611857052446,2025-05-11 22:45:00+00:00,6755,3267.191,sl,-35.000000000002274,0.0,0.0,-35.000000000002274,-1.000000000000065,-3.11200000000008,6.635999999999967,-0.44457142857144,0.9479999999999953,5,1500.0,0.159,6.228071428571476,13.624872929363779,rollover,Sun,22,False
140,XAUUSDm,long,2025-05-11 23:05:00+00:00,6759,3267.498,0.05,3260.498,3277.498,7.0,close_below_lower,0.046761265381394176,2025-05-11 23:15:00+00:00,6761,3277.498,tp,50.0,0.0,0.0,50.0,1.4285714285714286,-1.6019999999998618,9.32699999999977,-0.2288571428571231,1.3324285714285387,2,600.0,0.16,8.815285714285794,14.634518886102324,rollover,Sun,23,False
141,XAUUSDm,long,2025-05-12 01:15:00+00:00,6785,3262.1330000000003,0.05,3255.133,3272.133,7.0,close_below_lower,0.05854558389148836,2025-05-12 01:40:00+00:00,6790,3272.133,tp,49.999999999997726,0.0,0.0,49.999999999997726,1.4285714285713635,-3.382000000000062,9.143999999999778,-0.483142857142866,1.3062857142856825,5,1500.0,0.159,6.2407142857143105,14.384940882283304,asian,Mon,1,False
142,XAUUSDm,long,2025-05-12 07:05:00+00:00,6855,3254.841,0.05,3247.841,3264.841,7.0,close_below_lower,0.5126872142854929,2025-05-12 07:10:00+00:00,6856,3246.657,sl,-40.91999999999871,0.0,0.0,-40.91999999999871,-1.1691428571428202,-9.096999999999753,1.718000000000302,-1.2995714285713933,0.24542857142861457,1,300.0,0.159,5.392285714285696,13.244470836711477,london,Mon,7,False
143,XAUUSDm,long,2025-05-12 07:15:00+00:00,6857,3246.687,0.05,3239.687,3256.687,7.0,close_below_lower,0.6741355893440659,2025-05-12 07:20:00+00:00,6858,3239.687,sl,-35.0,0.0,0.0,-35.0,-1.0,-1.3979999999996835,4.3400000000001455,-0.1997142857142405,0.6200000000000208,1,300.0,0.159,6.052428571428534,13.511439023490626,london,Mon,7,False
144,XAUUSDm,long,2025-05-12 07:25:00+00:00,6859,3236.889,0.05,3229.889,3246.889,7.0,close_below_lower,0.9225028017121369,2025-05-12 07:30:00+00:00,6860,3229.889,sl,-35.0,0.0,0.0,-35.0,-1.0,-17.590000000000146,0.9469999999996617,-2.5128571428571638,0.13528571428566596,1,300.0,0.159,7.134785714285694,13.762696742009,london,Mon,7,False
145,XAUUSDm,long,2025-05-12 07:35:00+00:00,6861,3231.3250000000003,0.05,3224.325,3241.325,7.0,close_below_lower,0.7426403194196839,2025-05-12 07:40:00+00:00,6862,3224.325,sl,-35.000000000002274,0.0,0.0,-35.000000000002274,-1.000000000000065,-3.6790000000000873,5.744999999999891,-0.525571428571441,0.8207142857142701,1,300.0,0.159,8.262857142857099,14.071446144809688,london,Mon,7,False
146,XAUUSDm,long,2025-05-12 07:45:00+00:00,6863,3221.568,0.05,3214.568,3231.568,7.0,close_below_lower,0.8653455018395216,2025-05-12 08:05:00+00:00,6867,3231.568,tp,50.0,0.0,0.0,50.0,1.4285714285714286,-5.463000000000193,7.919999999999618,-0.780428571428599,1.1314285714285168,4,1200.0,0.159,9.36028571428564,14.348659615592602,london,Mon,7,False
147,XAUUSDm,long,2025-05-13 01:45:00+00:00,7067,3217.617,0.05,3210.617,3227.617,7.0,close_below_lower,0.3015257856265083,2025-05-13 02:00:00+00:00,7070,3227.617,tp,50.0,0.0,0.0,50.0,1.4285714285714286,-1.7560000000003129,9.659999999999854,-0.2508571428571876,1.3799999999999792,3,900.0,0.159,4.671571428571399,11.816712863020305,asian,Tue,1,False
148,XAUUSDm,short,2025-05-13 05:15:00+00:00,7109,3260.219,0.05,3267.219,3250.219,7.0,close_above_upper,0.08932252071819936,2025-05-13 05:45:00+00:00,7115,3253.43,signal,33.94500000000107,0.0,0.0,33.94500000000107,0.9698571428571735,-0.005000000000109139,7.505000000000109,-0.0007142857143013057,1.0721428571428728,6,1800.0,0.159,3.0333571428571173,12.269893722738432,asian,Tue,5,False
149,XAUUSDm,long,2025-05-14 12:00:00+00:00,7466,3220.264,0.05,3213.264,3230.264,7.0,close_below_lower,0.41919931585831705,2025-05-14 12:10:00+00:00,7468,3213.264,sl,-35.0,0.0,0.0,-35.0,-1.0,-4.164000000000215,2.255999999999858,-0.5948571428571735,0.322285714285694,2,600.0,0.159,3.055357142857182,8.291646580970358,overlap,Wed,12,False
150,XAUUSDm,long,2025-05-14 12:15:00+00:00,7469,3213.77,0.05,3206.77,3223.77,7.0,close_below_lower,0.6651896068095946,2025-05-14 12:35:00+00:00,7473,3206.77,sl,-35.0,0.0,0.0,-35.0,-1.0,-5.2280000000000655,3.3780000000001564,-0.7468571428571522,0.4825714285714509,4,1200.0,0.159,3.7322142857143,8.351365480985255,overlap,Wed,12,False
151,XAUUSDm,long,2025-05-14 12:40:00+00:00,7474,3201.0660000000003,0.05,3194.066,3211.066,7.0,close_below_lower,1.1040178971867125,2025-05-14 12:45:00+00:00,7475,3194.066,sl,-35.000000000002274,0.0,0.0,-35.000000000002274,-1.000000000000065,-0.7470000000002983,6.3539999999998145,-0.10671428571432832,0.9077142857142592,1,300.0,0.159,5.485571428571445,8.551752540548463,overlap,Wed,12,False
152,XAUUSDm,long,2025-05-14 12:50:00+00:00,7476,3194.971,0.05,3187.971,3204.971,7.0,close_below_lower,1.1833167221415681,2025-05-14 12:55:00+00:00,7477,3186.442,sl,-42.64499999999998,0.0,0.0,-42.64499999999998,-1.218428571428571,-9.501000000000204,2.1239999999997963,-1.3572857142857433,0.30342857142854235,1,300.0,0.16,6.480428571428612,8.69214377008922,overlap,Wed,12,False
153,XAUUSDm,long,2025-05-14 13:00:00+00:00,7478,3184.956,0.05,3177.956,3194.956,7.0,close_below_lower,1.514905168061892,2025-05-14 13:10:00+00:00,7480,3177.956,sl,-35.0,0.0,0.0,-35.0,-1.0,-6.273000000000138,3.875,-0.8961428571428769,0.5535714285714286,2,600.0,0.159,7.177500000000009,8.928159558550616,overlap,Wed,13,False
154,XAUUSDm,long,2025-05-14 13:15:00+00:00,7481,3179.6510000000003,0.05,3172.651,3189.651,7.0,close_below_lower,0.9623359722059318,2025-05-14 13:25:00+00:00,7483,3189.651,tp,49.999999999997726,0.0,0.0,49.999999999997726,1.4285714285713635,-4.751000000000204,9.929999999999836,-0.6787142857143148,1.4185714285714053,2,600.0,0.159,7.680357142857182,9.268981429296426,overlap,Wed,13,False
155,XAUUSDm,long,2025-05-15 01:50:00+00:00,7620,3174.893,0.05,3167.893,3184.893,7.0,close_below_lower,0.035735972759573985,2025-05-15 02:20:00+00:00,7626,3167.893,sl,-35.0,0.0,0.0,-35.0,-1.0,-5.300999999999931,4.954999999999927,-0.7572857142857045,0.7078571428571324,6,1800.0,0.159,4.23078571428573,8.764017781640547,asian,Thu,1,False
156,XAUUSDm,long,2025-05-15 02:25:00+00:00,7627,3165.1110000000003,0.05,3158.111,3175.111,7.0,close_below_lower,0.27670304743997814,2025-05-15 02:35:00+00:00,7629,3158.111,sl,-35.000000000002274,0.0,0.0,-35.000000000002274,-1.000000000000065,-5.648000000000138,2.3989999999998872,-0.8068571428571626,0.3427142857142696,2,600.0,0.159,5.215142857142902,8.98406604058476,asian,Thu,2,False
157,XAUUSDm,long,2025-05-15 02:40:00+00:00,7630,3158.485,0.05,3151.485,3168.485,7.0,close_below_lower,0.43946090941123933,2025-05-15 02:45:00+00:00,7631,3151.485,sl,-35.0,0.0,0.0,-35.0,-1.0,-4.389000000000124,0.8440000000000509,-0.6270000000000177,0.12057142857143585,1,300.0,0.159,5.61850000000004,9.06930542036961,asian,Thu,2,False
158,XAUUSDm,long,2025-05-15 02:50:00+00:00,7632,3151.224,0.05,3144.224,3161.224,7.0,close_below_lower,0.7624608403528266,2025-05-15 04:40:00+00:00,7654,3144.224,sl,-35.0,0.0,0.0,-35.0,-1.0,-6.54300000000012,5.811999999999898,-0.9347142857143028,0.8302857142856997,22,6600.0,0.159,5.8390000000000715,9.196467700780358,asian,Thu,2,False
159,XAUUSDm,long,2025-05-15 04:55:00+00:00,7657,3136.384,0.05,3129.384,3146.384,7.0,close_below_lower,0.07179059155203667,2025-05-15 05:50:00+00:00,7668,3129.384,sl,-35.0,0.0,0.0,-35.0,-1.0,-5.485999999999876,6.717999999999847,-0.783714285714268,0.9597142857142639,11,3300.0,0.16,3.211428571428509,9.660467429108955,asian,Thu,4,False
160,XAUUSDm,long,2025-05-15 06:05:00+00:00,7671,3125.569,0.05,3118.569,3135.569,7.0,close_below_lower,0.016551417019296855,2025-05-15 06:20:00+00:00,7674,3135.569,tp,50.0,0.0,0.0,50.0,1.4285714285714286,-2.8469999999997526,6.804000000000087,-0.4067142857142504,0.9720000000000125,3,900.0,0.16,4.440285714285762,9.969828916943978,asian,Thu,6,False
161,XAUUSDm,short,2025-05-15 06:35:00+00:00,7677,3146.603,0.05,3153.603,3136.603,7.0,close_above_upper,0.2095860786931295,2025-05-15 06:50:00+00:00,7680,3153.762,sl,-35.79500000000053,0.0,0.0,-35.79500000000053,-1.0227142857143008,-4.7590000000000146,3.548999999999978,-0.6798571428571449,0.5069999999999969,3,900.0,0.159,6.180785714285776,10.165790352092635,asian,Thu,6,False
162,XAUUSDm,short,2025-05-15 06:55:00+00:00,7681,3150.609,0.05,3157.609,3140.609,7.0,close_above_upper,0.013121415327429348,2025-05-15 07:25:00+00:00,7687,3144.9790000000003,signal,28.149999999998272,0.0,0.0,28.149999999998272,0.8042857142856649,-1.356000000000222,7.605999999999767,-0.19371428571431742,1.0865714285713952,6,1800.0,0.159,6.498071428571458,10.423988282651326,asian,Thu,6,False
163,XAUUSDm,long,2025-05-15 07:45:00+00:00,7691,3132.4379999999996,0.05,3125.438,3142.438,7.0,close_below_lower,0.11078730656927221,2025-05-15 07:50:00+00:00,7692,3142.438,tp,50.000000000002274,0.0,0.0,50.000000000002274,1.4285714285714934,-1.8729999999995925,5.544000000000324,-0.26757142857137034,0.7920000000000462,1,300.0,0.16,5.0253571428571115,10.528798676165897,london,Thu,7,False
164,XAUUSDm,short,2025-05-15 09:20:00+00:00,7710,3169.73,0.05,3176.73,3159.73,7.0,close_above_upper,0.027639740135460885,2025-05-15 10:00:00+00:00,7718,3165.466,signal,21.32000000000062,0.0,0.0,21.32000000000062,0.6091428571428749,-1.9160000000001673,5.170000000000073,-0.2737142857143096,0.738571428571439,8,2400.0,0.159,4.089857142857032,10.833412940451808,london,Thu,9,False
165,XAUUSDm,long,2025-05-16 01:50:00+00:00,7896,3215.808,0.05,3208.808,3225.808,7.0,close_below_lower,0.02000162500501436,2025-05-16 02:00:00+00:00,7898,3225.808,tp,50.0,0.0,0.0,50.0,1.4285714285714286,-0.9009999999998399,6.764000000000124,-0.12871428571426285,0.966285714285732,2,600.0,0.16,5.46285714285708,12.07481300881702,asian,Fri,1,False
166,XAUUSDm,long,2025-05-16 10:50:00+00:00,8004,3189.04,0.05,3182.04,3199.04,7.0,close_below_lower,0.20266124779692282,2025-05-16 10:55:00+00:00,8005,3172.321,sl,-83.59500000000025,0.0,0.0,-83.59500000000025,-2.388428571428579,-20.119000000000142,0.48500000000012733,-2.8741428571428775,0.06928571428573248,1,300.0,0.159,4.344999999999994,11.369305599524843,london,Fri,10,False
167,XAUUSDm,long,2025-05-16 11:00:00+00:00,8006,3176.277,0.05,3169.277,3186.277,7.0,close_below_lower,0.7672480226425615,2025-05-16 11:50:00+00:00,8016,3169.277,sl,-35.0,0.0,0.0,-35.0,-1.0,-6.378999999999905,3.0109999999999673,-0.9112857142857008,0.43014285714285244,10,3000.0,0.159,5.833428571428548,11.630788470990149,london,Fri,11,False
168,XAUUSDm,long,2025-05-16 11:55:00+00:00,8017,3155.0229999999997,0.05,3148.023,3165.023,7.0,close_below_lower,0.6563334089035019,2025-05-16 12:10:00+00:00,8020,3165.023,tp,50.000000000002274,0.0,0.0,50.000000000002274,1.4285714285714934,-0.7919999999994616,9.926000000000386,-0.11314285714278023,1.418000000000055,3,900.0,0.16,7.502214285714282,12.273507306675281,london,Fri,11,False
169,XAUUSDm,short,2025-05-18 22:10:00+00:00,8127,3215.73,0.05,3222.73,3205.73,7.0,close_above_upper,0.2030514684135662,2025-05-18 22:15:00+00:00,8128,3222.889,sl,-35.79500000000053,0.0,0.0,-35.79500000000053,-1.0227142857143008,-2.9580000000000837,2.992999999999938,-0.42257142857144053,0.4275714285714197,1,300.0,0.159,4.039428571428549,12.786198341291836,rollover,Sun,22,False
170,XAUUSDm,short,2025-05-18 22:20:00+00:00,8129,3233.421,0.05,3240.421,3223.421,7.0,close_above_upper,1.153777715839709,2025-05-18 22:45:00+00:00,8134,3240.58,sl,-35.79500000000053,0.0,0.0,-35.79500000000053,-1.0227142857143008,-3.5979999999999563,3.600999999999658,-0.5139999999999938,0.5144285714285226,5,1500.0,0.159,5.039714285714289,12.91343471755956,rollover,Sun,22,False
171,XAUUSDm,short,2025-05-18 22:50:00+00:00,8135,3239.813,0.05,3246.813,3229.813,7.0,close_above_upper,0.2765336716235642,2025-05-18 23:40:00+00:00,8145,3237.1890000000003,signal,13.119999999998981,0.0,0.0,13.119999999998981,0.37485714285711375,-5.447000000000116,2.755000000000109,-0.7781428571428738,0.39357142857144417,10,3000.0,0.16,6.036571428571473,13.173946368142172,rollover,Sun,22,False
172,XAUUSDm,long,2025-05-19 03:50:00+00:00,8195,3208.454,0.05,3201.454,3218.454,7.0,close_below_lower,0.06912474504682174,2025-05-19 04:30:00+00:00,8203,3215.388,signal,34.66999999999871,0.0,0.0,34.66999999999871,0.9905714285713917,-1.8700000000003456,7.807999999999993,-0.26714285714290653,1.1154285714285703,8,2400.0,0.159,4.192071428571483,13.470045225992429,asian,Mon,3,False
173,XAUUSDm,short,2025-05-20 09:00:00+00:00,8533,3235.955,0.05,3242.955,3225.955,7.0,close_above_upper,0.02099321809579251,2025-05-20 10:10:00+00:00,8547,3234.269,signal,8.430000000000746,0.0,0.0,8.430000000000746,0.24085714285716417,-3.411000000000058,5.45699999999988,-0.4872857142857226,0.7795714285714114,14,4200.0,0.159,3.173142857142888,10.012047516589574,london,Tue,9,False
174,XAUUSDm,short,2025-05-20 14:00:00+00:00,8593,3261.233,0.05,3268.233,3251.233,7.0,close_above_upper,0.7440004142443026,2025-05-20 14:05:00+00:00,8594,3270.838,sl,-48.02500000000009,0.0,0.0,-48.02500000000009,-1.3721428571428598,-10.121999999999844,0.555000000000291,-1.4459999999999777,0.07928571428575586,1,300.0,0.16,5.380142857142898,10.144499089305302,overlap,Tue,14,False
175,XAUUSDm,short,2025-05-20 14:10:00+00:00,8595,3276.022,0.05,3283.022,3266.022,7.0,close_above_upper,1.5377989165831158,2025-05-20 14:20:00+00:00,8597,3283.181,sl,-35.79500000000053,0.0,0.0,-35.79500000000053,-1.0227142857143008,-6.606999999999971,1.9729999999999563,-0.9438571428571387,0.28185714285713664,2,600.0,0.159,6.0969285714286015,10.442766234223368,overlap,Tue,14,False
176,XAUUSDm,short,2025-05-20 14:25:00+00:00,8598,3284.366,0.05,3291.366,3274.366,7.0,close_above_upper,1.2285496986986204,2025-05-20 15:05:00+00:00,8606,3274.525,tp,49.20499999999947,0.0,0.0,49.20499999999947,1.4058571428571278,-1.5199999999999818,9.93899999999985,-0.21714285714285456,1.4198571428571216,8,2400.0,0.159,6.512428571428635,10.862319813173412,overlap,Tue,14,False
177,XAUUSDm,short,2025-05-21 00:40:00+00:00,8709,3303.582,0.05,3310.582,3293.582,7.0,close_above_upper,0.012104677749889894,2025-05-21 01:00:00+00:00,8713,3310.741,sl,-35.79500000000053,0.0,0.0,-35.79500000000053,-1.0227142857143008,-0.6959999999999127,3.0289999999999964,-0.09942857142855896,0.4327142857142852,4,1200.0,0.159,2.7577142857142656,8.777491909601949,asian,Wed,0,False
178,XAUUSDm,long,2025-05-21 01:25:00+00:00,8718,3287.438,0.05,3280.438,3297.438,7.0,close_below_lower,0.22133127799897723,2025-05-21 01:45:00+00:00,8722,3297.438,tp,50.0,0.0,0.0,50.0,1.4285714285714286,-2.018000000000029,8.41399999999976,-0.2882857142857184,1.2019999999999658,4,1200.0,0.159,5.084142857142849,8.988251703873964,asian,Wed,1,False
179,XAUUSDm,short,2025-05-21 05:45:00+00:00,8770,3312.59,0.05,3319.59,3302.59,7.0,close_above_upper,0.04197274464507576,2025-05-21 05:50:00+00:00,8771,3319.7490000000003,sl,-35.79500000000053,0.0,0.0,-35.79500000000053,-1.0227142857143008,-3.12099999999964,1.6420000000002801,-0.4458571428570914,0.2345714285714686,1,300.0,0.159,3.0650714285714002,8.881350274660857,asian,Wed,5,False
180,XAUUSDm,short,2025-05-21 05:55:00+00:00,8772,3316.975,0.05,3323.975,3306.975,7.0,close_above_upper,0.27839352177853177,2025-05-21 07:05:00+00:00,8786,3316.1209999999996,signal,4.270000000001346,0.0,0.0,4.270000000001346,0.12200000000003845,-3.7609999999999673,6.237999999999829,-0.5372857142857096,0.8911428571428327,14,4200.0,0.16,3.490571428571424,8.981519208347374,asian,Wed,5,False
181,XAUUSDm,long,2025-05-21 12:30:00+00:00,8851,3296.061,0.05,3289.061,3306.061,7.0,close_below_lower,0.3516186148456341,2025-05-21 13:00:00+00:00,8857,3306.061,tp,50.0,0.0,0.0,50.0,1.4285714285714286,-5.138000000000375,8.10799999999972,-0.7340000000000535,1.1582857142856742,6,1800.0,0.159,4.271571428571406,9.035579231079488,overlap,Wed,12,False
182,XAUUSDm,short,2025-05-22 01:25:00+00:00,8994,3337.404,0.05,3344.404,3327.404,7.0,close_above_upper,0.21717237111547064,2025-05-22 02:25:00+00:00,9006,3337.9120000000003,signal,-2.540000000001328,0.0,0.0,-2.540000000001328,-0.0725714285714665,-5.538000000000011,1.1109999999998763,-0.7911428571428587,0.15871428571426804,12,3600.0,0.16,3.6727857142856726,9.200258273952596,asian,Thu,1,False
183,XAUUSDm,long,2025-05-22 08:35:00+00:00,9080,3314.737,0.05,3307.737,3324.737,7.0,close_below_lower,0.15374855500469103,2025-05-22 09:00:00+00:00,9085,3307.737,sl,-35.0,0.0,0.0,-35.0,-1.0,-4.570000000000164,2.1649999999999636,-0.6528571428571662,0.3092857142857091,5,1500.0,0.159,3.4759285714285397,8.967938496528145,london,Thu,8,False
184,XAUUSDm,long,2025-05-22 10:35:00+00:00,9104,3295.638,0.05,3288.638,3305.638,7.0,close_below_lower,0.11945170963326969,2025-05-22 10:55:00+00:00,9108,3288.638,sl,-35.0,0.0,0.0,-35.0,-1.0,-1.5509999999999309,4.971000000000004,-0.2215714285714187,0.7101428571428576,4,1200.0,0.159,3.588999999999942,8.144005927523102,london,Thu,10,False
185,XAUUSDm,long,2025-05-22 11:00:00+00:00,9109,3289.828,0.05,3282.828,3299.828,7.0,close_below_lower,0.23475778234417405,2025-05-22 11:35:00+00:00,9116,3296.845,signal,35.08499999999913,0.0,0.0,35.08499999999913,1.0024285714285466,-6.851000000000113,7.574999999999818,-0.9787142857143019,1.082142857142831,7,2100.0,0.159,4.32328571428567,8.252564633457961,london,Thu,11,False
186,XAUUSDm,short,2025-05-22 11:55:00+00:00,9120,3307.199,0.05,3314.199,3297.199,7.0,close_above_upper,0.20662179630591926,2025-05-22 12:00:00+00:00,9121,3314.464,sl,-36.32499999999936,0.0,0.0,-36.32499999999936,-1.0378571428571246,-7.5219999999999345,0.0,-1.0745714285714192,0.0,1,300.0,0.16,4.834714285714329,8.485375028051246,london,Thu,11,False
187,XAUUSDm,short,2025-05-22 12:05:00+00:00,9122,3312.848,0.05,3319.848,3302.848,7.0,close_above_upper,0.4339395216054416,2025-05-22 12:35:00+00:00,9128,3303.007,tp,49.20499999999947,0.0,0.0,49.20499999999947,1.4058571428571278,-1.6040000000002692,7.320999999999913,-0.2291428571428956,1.0458571428571304,6,1800.0,0.159,5.017428571428614,8.637415327242412,overlap,Thu,12,False
188,XAUUSDm,long,2025-05-22 13:55:00+00:00,9144,3296.313,0.05,3289.313,3306.313,7.0,close_below_lower,0.3404187554211542,2025-05-22 14:00:00+00:00,9145,3287.774,sl,-42.69500000000107,0.0,0.0,-42.69500000000107,-1.2198571428571736,-9.432999999999993,0.375,-1.3475714285714275,0.05357142857142857,1,300.0,0.159,5.483357142857163,8.904895659948238,overlap,Thu,13,False
189,XAUUSDm,long,2025-05-22 14:05:00+00:00,9146,3283.906,0.05,3276.906,3293.906,7.0,close_below_lower,1.1953577723554483,2025-05-22 14:10:00+00:00,9147,3293.906,tp,50.0,0.0,0.0,50.0,1.4285714285714286,-0.6030000000000655,11.590000000000146,-0.0861428571428665,1.6557142857143066,1,300.0,0.159,6.356071428571438,9.1208939533117,overlap,Thu,14,False
190,XAUUSDm,long,2025-05-22 14:15:00+00:00,9148,3290.221,0.05,3283.221,3300.221,7.0,close_below_lower,0.12466566095783567,2025-05-22 14:35:00+00:00,9152,3298.206,signal,39.92500000000064,0.0,0.0,39.92500000000064,1.140714285714304,-2.887000000000171,9.114999999999782,-0.41242857142859585,1.302142857142826,4,1200.0,0.16,6.752714285714286,9.213929557533845,overlap,Thu,14,False
191,XAUUSDm,long,2025-05-22 15:10:00+00:00,9159,3285.443,0.05,3278.443,3295.443,7.0,close_below_lower,0.17705653226296092,2025-05-22 15:30:00+00:00,9163,3295.443,tp,50.0,0.0,0.0,50.0,1.4285714285714286,-2.14200000000028,9.215999999999894,-0.30600000000004,1.3165714285714134,4,1200.0,0.159,6.2500714285714105,9.373785211100955,overlap,Thu,15,False
192,XAUUSDm,short,2025-05-23 11:50:00+00:00,9395,3346.775,0.05,3353.775,3336.775,7.0,close_above_upper,0.7989775430586448,2025-05-23 12:00:00+00:00,9397,3353.934,sl,-35.79500000000053,0.0,0.0,-35.79500000000053,-1.0227142857143008,-2.9649999999996908,7.285000000000309,-0.4235714285713844,1.04071428571433,2,600.0,0.159,4.7723571428571505,8.79005082152886,london,Fri,11,False
193,XAUUSDm,short,2025-05-23 12:05:00+00:00,9398,3348.978,0.05,3355.978,3338.978,7.0,close_above_upper,0.45051178984938417,2025-05-23 12:35:00+00:00,9404,3356.137,sl,-35.79500000000053,0.0,0.0,-35.79500000000053,-1.0227142857143008,-6.681999999999789,4.168999999999869,-0.9545714285713984,0.5955714285714099,6,1800.0,0.159,5.955857142857179,9.005866486518416,overlap,Fri,12,False
194,XAUUSDm,short,2025-05-23 12:40:00+00:00,9405,3358.743,0.05,3365.743,3348.743,7.0,close_above_upper,0.2882144033291901,2025-05-23 13:20:00+00:00,9413,3353.6440000000002,signal,25.494999999998527,0.0,0.0,25.494999999998527,0.7284285714285293,-5.876999999999953,8.42599999999993,-0.8395714285714219,1.2037142857142757,8,2400.0,0.16,8.253000000000059,9.229685945499863,overlap,Fri,12,False
195,XAUUSDm,long,2025-05-23 13:35:00+00:00,9416,3342.362,0.05,3335.362,3352.362,7.0,close_below_lower,0.1318798448521043,2025-05-23 14:10:00+00:00,9423,3348.016,signal,28.269999999999982,0.0,0.0,28.269999999999982,0.8077142857142852,-5.731000000000222,6.681999999999789,-0.8187142857143174,0.9545714285713984,7,2100.0,0.159,6.908785714285776,9.360749767687407,overlap,Fri,13,False
196,XAUUSDm,long,2025-05-25 22:10:00+00:00,9506,3348.2749999999996,0.05,3341.275,3358.275,7.0,close_below_lower,0.1351022392009015,2025-05-25 22:50:00+00:00,9514,3350.936,signal,13.305000000002565,0.0,0.0,13.305000000002565,0.38014285714293045,-6.925999999999476,4.205000000000382,-0.9894285714284966,0.6007142857143403,8,2400.0,0.16,2.496642857142888,9.255376422989023,rollover,Sun,22,False
197,XAUUSDm,long,2025-05-27 01:45:00+00:00,9791,3332.292,0.05,3325.292,3342.292,7.0,close_below_lower,0.132492507170321,2025-05-27 02:10:00+00:00,9796,3338.017,signal,28.624999999999545,0.0,0.0,28.624999999999545,0.8178571428571298,-0.5619999999998981,6.8279999999999745,-0.08028571428569974,0.9754285714285678,5,1500.0,0.16,3.1950714285713793,7.460138776190533,asian,Tue,1,False
198,XAUUSDm,long,2025-05-27 06:50:00+00:00,9852,3313.466,0.05,3306.466,3323.466,7.0,close_below_lower,0.06199545761806659,2025-05-27 06:55:00+00:00,9853,3306.466,sl,-35.0,0.0,0.0,-35.0,-1.0,-7.329999999999927,0.20200000000022555,-1.0471428571428467,0.02885714285717508,1,300.0,0.159,4.977928571428525,7.463958512590022,asian,Tue,6,False
199,XAUUSDm,long,2025-05-27 07:00:00+00:00,9854,3308.683,0.05,3301.683,3318.683,7.0,close_below_lower,0.30130472318576795,2025-05-27 07:50:00+00:00,9864,3301.683,sl,-35.0,0.0,0.0,-35.0,-1.0,-6.451000000000022,3.8730000000000473,-0.9215714285714317,0.553285714285721,10,3000.0,0.159,5.01957142857142,7.559193529323332,london,Tue,7,False
200,XAUUSDm,long,2025-05-27 07:55:00+00:00,9865,3294.126,0.05,3287.126,3304.126,7.0,close_below_lower,0.7543679393494604,2025-05-27 08:00:00+00:00,9866,3304.126,tp,50.0,0.0,0.0,50.0,1.4285714285714286,-1.5910000000003492,3.1409999999996217,-0.2272857142857642,0.44871428571423166,1,300.0,0.159,5.856785714285739,7.806818317596257,london,Tue,7,False
201,XAUUSDm,long,2025-05-28 01:10:00+00:00,10060,3303.697,0.05,3296.697,3313.697,7.0,close_below_lower,0.14743253886835506,2025-05-28 02:10:00+00:00,10072,3305.91,signal,11.06499999999869,0.0,0.0,11.06499999999869,0.3161428571428197,-5.1590000000001055,9.927999999999884,-0.7370000000000151,1.4182857142856977,12,3600.0,0.159,2.2238571428571765,6.404616044089635,asian,Wed,1,False
202,XAUUSDm,long,2025-05-28 03:25:00+00:00,10087,3296.172,0.05,3289.172,3306.172,7.0,close_below_lower,0.016636054360971105,2025-05-28 04:40:00+00:00,10102,3297.355,signal,5.914999999999964,0.0,0.0,5.914999999999964,0.16899999999999896,-4.498000000000047,4.204000000000178,-0.6425714285714353,0.6005714285714541,15,4500.0,0.159,3.037428571428628,6.656062917813431,asian,Wed,3,False
203,XAUUSDm,short,2025-05-28 05:20:00+00:00,10110,3306.536,0.05,3313.536,3296.536,7.0,close_above_upper,0.17735852849158337,2025-05-28 06:05:00+00:00,10119,3304.5539999999996,signal,9.910000000002128,0.0,0.0,9.910000000002128,0.2831428571429179,-3.7219999999997526,2.673000000000229,-0.5317142857142504,0.3818571428571756,9,2700.0,0.159,2.51728571428576,6.735468880675091,asian,Wed,5,False
204,XAUUSDm,short,2025-05-28 07:45:00+00:00,10139,3317.554,0.05,3324.554,3307.554,7.0,close_above_upper,0.03855059225648185,2025-05-28 08:35:00+00:00,10149,3318.083,signal,-2.644999999999982,0.0,0.0,-2.644999999999982,-0.07557142857142805,-6.268999999999778,1.1010000000001128,-0.8955714285713968,0.1572857142857304,10,3000.0,0.16,3.118285714285613,6.9358549912912935,london,Wed,7,False
205,XAUUSDm,long,2025-05-28 23:10:00+00:00,10312,3277.274,0.05,3270.274,3287.274,7.0,close_below_lower,0.14149131717711866,2025-05-28 23:15:00+00:00,10313,3270.274,sl,-35.0,0.0,0.0,-35.0,-1.0,-11.310999999999694,0.20100000000002183,-1.6158571428570991,0.028714285714288832,1,300.0,0.159,4.035499999999956,7.812897071184597,rollover,Wed,23,False
206,XAUUSDm,long,2025-05-28 23:20:00+00:00,10314,3270.514,0.05,3263.514,3280.514,7.0,close_below_lower,0.5518150493994846,2025-05-28 23:25:00+00:00,10315,3263.315,sl,-35.995000000000346,0.0,0.0,-35.995000000000346,-1.0284285714285812,-9.287000000000262,0.3350000000000364,-1.326714285714323,0.04785714285714805,1,300.0,0.159,4.735857142857087,7.950669080587106,rollover,Wed,23,False
207,XAUUSDm,long,2025-05-28 23:30:00+00:00,10316,3266.473,0.05,3259.473,3276.473,7.0,close_below_lower,0.5310170562131812,2025-05-28 23:35:00+00:00,10317,3259.473,sl,-35.0,0.0,0.0,-35.0,-1.0,-6.2590000000000146,1.8470000000002074,-0.8941428571428592,0.2638571428571725,1,300.0,0.159,5.204285714285691,8.11853361544782,rollover,Wed,23,False
208,XAUUSDm,long,2025-05-28 23:40:00+00:00,10318,3259.4,0.05,3252.4,3269.4,7.0,close_below_lower,0.8063870852994169,2025-05-28 23:45:00+00:00,10319,3252.4,sl,-35.0,0.0,0.0,-35.0,-1.0,-9.132000000000062,0.0,-1.3045714285714374,0.0,1,300.0,0.159,5.465714285714284,8.276903982156314,rollover,Wed,23,False
209,XAUUSDm,long,2025-05-28 23:50:00+00:00,10320,3259.268,0.05,3252.268,3269.268,7.0,close_below_lower,0.23331486556442227,2025-05-29 00:40:00+00:00,10330,3264.29,signal,25.109999999999673,0.0,0.0,25.109999999999673,0.7174285714285621,-5.416999999999916,6.204999999999927,-0.7738571428571309,0.886428571428561,10,3000.0,0.159,6.123071428571426,8.41836771419312,rollover,Wed,23,False
210,XAUUSDm,long,2025-05-29 01:15:00+00:00,10337,3252.821,0.05,3245.821,3262.821,7.0,close_below_lower,0.014899288126341522,2025-05-29 01:50:00+00:00,10344,3258.467,signal,28.230000000000928,0.0,0.0,28.230000000000928,0.806571428571455,-7.389000000000124,6.0900000000001455,-1.0555714285714461,0.8700000000000208,7,2100.0,0.159,5.482642857142894,8.400014632382609,asian,Thu,1,False
211,XAUUSDm,short,2025-05-29 10:20:00+00:00,10446,3294.659,0.05,3301.659,3284.659,7.0,close_above_upper,0.29498002380993965,2025-05-29 11:25:00+00:00,10459,3301.818,sl,-35.79500000000053,0.0,0.0,-35.79500000000053,-1.0227142857143008,-6.136999999999716,0.16300000000001091,-0.8767142857142451,0.023285714285715846,13,3900.0,0.159,2.889071428571437,8.353447930647574,london,Thu,10,False
212,XAUUSDm,short,2025-05-29 16:15:00+00:00,10517,3329.502,0.05,3336.502,3319.502,7.0,close_above_upper,0.03821830490211996,2025-05-29 16:55:00+00:00,10525,3323.359,signal,30.715000000000146,0.0,0.0,30.715000000000146,0.8775714285714328,-1.7510000000002037,7.079999999999927,-0.25014285714288625,1.0114285714285611,8,2400.0,0.16,3.0876428571428796,9.264088300759216,newyork,Thu,16,False
213,XAUUSDm,short,2025-05-30 12:15:00+00:00,10733,3302.848,0.05,3309.848,3292.848,7.0,close_above_upper,0.13385618589325776,2025-05-30 13:20:00+00:00,10746,3298.418,signal,22.14999999999918,0.0,0.0,22.14999999999918,0.6328571428571195,-5.4780000000000655,8.525000000000091,-0.7825714285714379,1.2178571428571558,13,3900.0,0.159,4.714214285714304,8.391094306890526,overlap,Fri,12,False
214,XAUUSDm,long,2025-05-30 13:45:00+00:00,10751,3289.8540000000003,0.05,3282.854,3299.854,7.0,close_below_lower,0.04019747962165314,2025-05-30 13:50:00+00:00,10752,3282.854,sl,-35.000000000002274,0.0,0.0,-35.000000000002274,-1.000000000000065,-5.868000000000393,1.4339999999997417,-0.8382857142857704,0.20485714285710596,1,300.0,0.159,4.963714285714332,8.68361695735302,overlap,Fri,13,False
215,XAUUSDm,long,2025-05-30 13:55:00+00:00,10753,3281.318,0.05,3274.318,3291.318,7.0,close_below_lower,0.622998780714311,2025-05-30 14:00:00+00:00,10754,3274.318,sl,-35.0,0.0,0.0,-35.0,-1.0,-6.147000000000389,0.3079999999999927,-0.8781428571429127,0.043999999999998964,1,300.0,0.159,5.562714285714329,8.81052004815085,overlap,Fri,13,False
216,XAUUSDm,long,2025-05-30 14:05:00+00:00,10755,3277.192,0.05,3270.192,3287.192,7.0,close_below_lower,0.574261963904153,2025-05-30 14:20:00+00:00,10758,3287.192,tp,50.0,0.0,0.0,50.0,1.4285714285714286,-0.8980000000001382,9.418999999999869,-0.12828571428573404,1.3455714285714098,3,900.0,0.159,6.075857142857233,8.948857615351193,overlap,Fri,14,False
217,XAUUSDm,short,2025-06-01 22:10:00+00:00,10839,3308.284,0.05,3315.284,3298.284,7.0,close_above_upper,0.8921211060364245,2025-06-01 23:00:00+00:00,10849,3315.443,sl,-35.79500000000053,0.0,0.0,-35.79500000000053,-1.0227142857143008,-6.791999999999916,8.411000000000058,-0.9702857142857023,1.201571428571437,10,3000.0,0.16,2.961571428571428,7.970914555151494,rollover,Sun,22,False
218,XAUUSDm,short,2025-06-01 23:05:00+00:00,10850,3315.137,0.05,3322.137,3305.137,7.0,close_above_upper,0.1850450865020938,2025-06-01 23:55:00+00:00,10860,3311.007,signal,20.650000000000546,0.0,0.0,20.650000000000546,0.5900000000000156,-0.07999999999992724,5.94800000000032,-0.011428571428561034,0.8497142857143315,10,3000.0,0.159,4.424214285714275,8.152512235476696,rollover,Sun,23,False
219,XAUUSDm,short,2025-06-02 06:20:00+00:00,10937,3333.78,0.05,3340.78,3323.78,7.0,close_above_upper,0.29649994706291444,2025-06-02 06:40:00+00:00,10941,3340.94,sl,-35.79999999999927,0.0,0.0,-35.79999999999927,-1.022857142857122,-6.9539999999997235,2.4260000000003856,-0.9934285714285319,0.34657142857148365,4,1200.0,0.159,2.911714285714327,8.064698286536812,asian,Mon,6,False
220,XAUUSDm,short,2025-06-02 06:45:00+00:00,10942,3345.105,0.05,3352.105,3335.105,7.0,close_above_upper,0.6490799221273278,2025-06-02 07:10:00+00:00,10947,3352.265,sl,-35.79999999999927,0.0,0.0,-35.79999999999927,-1.022857142857122,-3.5520000000001346,5.121000000000095,-0.5074285714285907,0.7315714285714421,5,1500.0,0.159,3.593500000000014,8.358988281169811,asian,Mon,6,False
221,XAUUSDm,short,2025-06-02 07:15:00+00:00,10948,3351.19,0.05,3358.19,3341.19,7.0,close_above_upper,0.2926316798593894,2025-06-02 07:25:00+00:00,10950,3358.349,sl,-35.79500000000053,0.0,0.0,-35.79500000000053,-1.0227142857143008,-6.85799999999972,0.0,-0.9797142857142457,0.0,2,600.0,0.159,3.9860000000000064,8.380446306575536,london,Mon,7,False
222,XAUUSDm,short,2025-06-02 07:35:00+00:00,10952,3356.437,0.05,3363.437,3346.437,7.0,close_above_upper,0.07576583157863785,2025-06-02 08:25:00+00:00,10962,3353.382,signal,15.274999999999181,0.0,0.0,15.274999999999181,0.436428571428548,-0.5599999999999454,5.8279999999999745,-0.0799999999999922,0.832571428571425,10,3000.0,0.159,4.32328571428567,8.458087903968853,london,Mon,7,False
223,XAUUSDm,short,2025-06-02 13:45:00+00:00,11026,3366.58,0.05,3373.58,3356.58,7.0,close_above_upper,0.07288405378619711,2025-06-02 13:50:00+00:00,11027,3373.739,sl,-35.79500000000053,0.0,0.0,-35.79500000000053,-1.0227142857143008,-3.7269999999998618,1.6199999999998909,-0.5324285714285517,0.23142857142855583,1,300.0,0.159,4.049928571428511,8.073097316278442,overlap,Mon,13,False
224,XAUUSDm,short,2025-06-02 13:55:00+00:00,11028,3374.528,0.05,3381.528,3364.528,7.0,close_above_upper,0.7416900883209389,2025-06-02 15:15:00+00:00,11044,3374.861,signal,-1.6650000000004184,0.0,0.0,-1.6650000000004184,-0.047571428571440526,-4.536000000000058,6.8840000000000146,-0.6480000000000083,0.9834285714285735,16,4800.0,0.16,4.716214285714257,8.168622114924233,overlap,Mon,13,False
225,XAUUSDm,long,2025-06-03 01:15:00+00:00,11152,3367.8720000000003,0.05,3360.872,3377.872,7.0,close_below_lower,0.0351602726741349,2025-06-03 01:45:00+00:00,11158,3373.029,signal,25.78499999999849,0.0,0.0,25.78499999999849,0.7367142857142426,-4.634000000000469,5.770999999999731,-0.6620000000000671,0.824428571428533,6,1800.0,0.159,3.725142857142925,8.752565265057907,asian,Tue,1,False
226,XAUUSDm,long,2025-06-03 13:50:00+00:00,11303,3344.109,0.05,3337.109,3354.109,7.0,close_below_lower,0.5281533248489122,2025-06-03 14:00:00+00:00,11305,3337.109,sl,-35.0,0.0,0.0,-35.0,-1.0,-3.1469999999999345,2.9960000000000946,-0.44957142857141924,0.42800000000001354,2,600.0,0.159,4.279928571428497,8.120314828276344,overlap,Tue,13,False
227,XAUUSDm,long,2025-06-03 14:05:00+00:00,11306,3335.953,0.05,3328.953,3345.953,7.0,close_below_lower,0.9199914771103518,2025-06-03 14:25:00+00:00,11310,3345.953,tp,50.0,0.0,0.0,50.0,1.4285714285714286,-2.849999999999909,8.777000000000044,-0.40714285714284415,1.253857142857149,4,1200.0,0.159,4.871285714285672,8.312797788748107,overlap,Tue,14,False
228,XAUUSDm,short,2025-06-04 01:35:00+00:00,11432,3367.155,0.05,3374.155,3357.155,7.0,close_above_upper,0.15204541470644248,2025-06-04 02:35:00+00:00,11444,3366.1969999999997,signal,4.790000000002692,0.0,0.0,4.790000000002692,0.13685714285721978,-5.481999999999971,1.4820000000004256,-0.783142857142853,0.21171428571434653,12,3600.0,0.16,3.58878571428571,7.84307574714946,asian,Wed,1,False
229,XAUUSDm,long,2025-06-04 10:50:00+00:00,11543,3351.685,0.05,3344.685,3361.685,7.0,close_below_lower,0.03458499393823653,2025-06-04 11:25:00+00:00,11550,3344.685,sl,-35.0,0.0,0.0,-35.0,-1.0,-4.882999999999811,0.3769999999999527,-0.6975714285714015,0.0538571428571361,7,2100.0,0.159,2.4757857142856534,6.850488227391287,london,Wed,10,False
230,XAUUSDm,short,2025-06-04 12:50:00+00:00,11567,3359.129,0.05,3366.129,3349.129,7.0,close_above_upper,0.03455683481777079,2025-06-04 13:35:00+00:00,11576,3355.029,signal,20.499999999999545,0.0,0.0,20.499999999999545,0.5857142857142728,-3.69800000000032,7.057999999999993,-0.52828571428576,1.0082857142857133,9,2700.0,0.159,4.173642857142795,7.149453935473211,overlap,Wed,12,False
231,XAUUSDm,short,2025-06-04 14:10:00+00:00,11583,3364.505,0.05,3371.505,3354.505,7.0,close_above_upper,0.07345141720082692,2025-06-04 14:30:00+00:00,11587,3371.665,sl,-35.79999999999927,0.0,0.0,-35.79999999999927,-1.022857142857122,-5.083999999999833,1.3479999999999563,-0.7262857142856903,0.19257142857142234,4,1200.0,0.159,4.597142857142834,7.411840504971902,overlap,Wed,14,False
232,XAUUSDm,short,2025-06-04 14:35:00+00:00,11588,3372.906,0.05,3379.906,3362.906,7.0,close_above_upper,0.43364504848917024,2025-06-04 14:40:00+00:00,11589,3380.065,sl,-35.79500000000053,0.0,0.0,-35.79500000000053,-1.0227142857143008,-6.570000000000164,0.8079999999999927,-0.9385714285714519,0.1154285714285704,1,300.0,0.159,4.979357142857095,7.579679772311486,overlap,Wed,14,False
233,XAUUSDm,short,2025-06-04 14:45:00+00:00,11590,3382.809,0.05,3389.809,3372.809,7.0,close_above_upper,1.1598047057069827,2025-06-04 15:10:00+00:00,11595,3372.9680000000003,tp,49.20499999999947,0.0,0.0,49.20499999999947,1.4058571428571278,-0.7599999999997635,8.956000000000131,-0.10857142857139479,1.2794285714285902,5,1500.0,0.159,5.184357142857119,7.725394543042754,overlap,Wed,14,False
234,XAUUSDm,short,2025-06-05 09:25:00+00:00,11802,3383.341,0.05,3390.341,3373.341,7.0,close_above_upper,0.018189686397531935,2025-06-05 09:55:00+00:00,11808,3390.5009999999997,sl,-35.79999999999927,0.0,0.0,-35.79999999999927,-1.022857142857122,-6.677000000000135,1.4989999999997963,-0.953857142857162,0.21414285714282805,6,1800.0,0.159,2.4053571428571883,7.186189889345661,london,Thu,9,False
235,XAUUSDm,short,2025-06-05 10:10:00+00:00,11811,3392.595,0.05,3399.595,3382.595,7.0,close_above_upper,0.03945936512196712,2025-06-05 10:45:00+00:00,11818,3399.754,sl,-35.79500000000053,0.0,0.0,-35.79500000000053,-1.0227142857143008,-6.125,2.2919999999999163,-0.875,0.32742857142855947,7,2100.0,0.159,3.7908571428571185,7.072319860575622,london,Thu,10,False
236,XAUUSDm,long,2025-06-05 12:50:00+00:00,11843,3383.201,0.05,3376.201,3393.201,7.0,close_below_lower,0.44149964049543144,2025-06-05 13:00:00+00:00,11845,3376.201,sl,-35.0,0.0,0.0,-35.0,-1.0,-5.617000000000189,1.5300000000002,-0.8024285714285985,0.21857142857145714,2,600.0,0.159,4.568285714285691,7.454457057911225,overlap,Thu,12,False
237,XAUUSDm,long,2025-06-05 13:05:00+00:00,11846,3375.1240000000003,0.05,3368.124,3385.124,7.0,close_below_lower,0.9058704203352043,2025-06-05 13:20:00+00:00,11849,3385.124,tp,49.999999999997726,0.0,0.0,49.999999999997726,1.4285714285713635,-3.99100000000044,9.233999999999924,-0.57014285714292,1.3191428571428463,3,900.0,0.159,5.667428571428575,7.611962492370999,overlap,Thu,13,False
238,XAUUSDm,long,2025-06-05 14:50:00+00:00,11867,3367.243,0.05,3360.243,3377.243,7.0,close_below_lower,0.26884384974560394,2025-06-05 15:30:00+00:00,11875,3360.243,sl,-35.0,0.0,0.0,-35.0,-1.0,-6.6039999999998145,5.69399999999996,-0.943428571428545,0.8134285714285657,8,2400.0,0.159,6.7364285714286325,7.962783446242403,overlap,Thu,14,False
239,XAUUSDm,long,2025-06-05 15:35:00+00:00,11876,3355.57,0.05,3348.57,3365.57,7.0,close_below_lower,0.5176701212834512,2025-06-05 15:40:00+00:00,11877,3348.57,sl,-35.0,0.0,0.0,-35.0,-1.0,-5.258000000000266,1.3170000000000073,-0.7511428571428951,0.1881428571428582,1,300.0,0.159,7.043357142857109,8.30266530570831,overlap,Thu,15,False
240,XAUUSDm,long,2025-06-05 15:45:00+00:00,11878,3350.815,0.05,3343.815,3360.815,7.0,close_below_lower,0.5878185377500763,2025-06-05 15:50:00+00:00,11879,3343.815,sl,-35.0,0.0,0.0,-35.0,-1.0,-8.375,0.06100000000014916,-1.1964285714285714,0.008714285714307022,1,300.0,0.159,7.040071428571439,8.462929040987284,overlap,Thu,15,False
241,XAUUSDm,long,2025-06-05 15:55:00+00:00,11880,3341.851,0.05,3334.851,3351.851,7.0,close_below_lower,1.083170249379027,2025-06-05 16:40:00+00:00,11889,3350.049,signal,40.98999999999933,0.0,0.0,40.98999999999933,1.171142857142838,-2.481000000000222,9.909000000000106,-0.3544285714286031,1.4155714285714436,9,2700.0,0.159,6.9570000000000425,8.645193466613875,overlap,Thu,15,False
242,XAUUSDm,long,2025-06-06 14:05:00+00:00,12134,3341.929,0.05,3334.929,3351.929,7.0,close_below_lower,0.035162934342616865,2025-06-06 14:10:00+00:00,12135,3334.929,sl,-35.0,0.0,0.0,-35.0,-1.0,-6.093000000000302,0.8229999999998654,-0.8704285714286145,0.11757142857140934,1,300.0,0.159,6.264428571428555,7.550778484842734,overlap,Fri,14,False
243,XAUUSDm,long,2025-06-06 14:15:00+00:00,12136,3334.1980000000003,0.05,3327.198,3344.198,7.0,close_below_lower,0.6563705104110916,2025-06-06 14:20:00+00:00,12137,3323.922,sl,-51.38000000000147,0.0,0.0,-51.38000000000147,-1.4680000000000422,-10.636000000000422,1.58199999999988,-1.5194285714286317,0.22599999999998285,1,300.0,0.159,6.602928571428557,7.677993578223667,overlap,Fri,14,False
244,XAUUSDm,long,2025-06-06 14:25:00+00:00,12138,3320.707,0.05,3313.707,3330.707,7.0,close_below_lower,1.6415474656250835,2025-06-06 14:35:00+00:00,12140,3330.707,tp,50.0,0.0,0.0,50.0,1.4285714285714286,-2.1979999999998654,9.581000000000131,-0.3139999999999808,1.3687142857143044,2,600.0,0.159,7.185285714285718,7.910129009346062,overlap,Fri,14,False
245,XAUUSDm,long,2025-06-09 02:00:00+00:00,12264,3296.358,0.05,3289.358,3306.358,7.0,close_below_lower,0.03540697297303964,2025-06-09 02:25:00+00:00,12269,3304.645,signal,41.434999999999036,0.0,0.0,41.434999999999036,1.1838571428571154,-2.9050000000002,8.615999999999985,-0.41500000000002857,1.2308571428571409,5,1500.0,0.159,4.386500000000004,8.598655034702485,asian,Mon,2,False
246,XAUUSDm,short,2025-06-09 14:15:00+00:00,12411,3325.782,0.05,3332.782,3315.782,7.0,close_above_upper,0.035794577464873405,2025-06-09 14:35:00+00:00,12415,3319.437,signal,31.725000000001273,0.0,0.0,31.725000000001273,0.9064285714286078,-1.0070000000000618,6.6720000000000255,-0.1438571428571517,0.9531428571428607,4,1200.0,0.159,3.8907142857142714,7.120695612022647,overlap,Mon,14,False
247,XAUUSDm,short,2025-06-09 15:25:00+00:00,12425,3329.986,0.05,3336.986,3319.986,7.0,close_above_upper,0.024733860584842306,2025-06-09 16:50:00+00:00,12442,3337.1459999999997,sl,-35.79999999999927,0.0,0.0,-35.79999999999927,-1.022857142857122,-6.588999999999942,2.4659999999998945,-0.941285714285706,0.3522857142856992,17,5100.0,0.159,2.9404285714285834,7.188774422737483,overlap,Mon,15,False
248,XAUUSDm,long,2025-06-10 01:35:00+00:00,12535,3307.703,0.05,3300.703,3317.703,7.0,close_below_lower,0.04070710353981276,2025-06-10 02:50:00+00:00,12550,3307.07,signal,-3.164999999999054,0.0,0.0,-3.164999999999054,-0.09042857142854441,-5.769999999999982,1.731000000000222,-0.8242857142857117,0.247285714285746,15,4500.0,0.159,3.940642857142978,7.414303482983932,asian,Tue,1,False
249,XAUUSDm,long,2025-06-10 14:10:00+00:00,12686,3335.5150000000003,0.05,3328.515,3345.515,7.0,close_below_lower,0.05020111356072182,2025-06-10 14:45:00+00:00,12693,3328.515,sl,-35.000000000002274,0.0,0.0,-35.000000000002274,-1.000000000000065,-6.479000000000269,3.5229999999996835,-0.925571428571467,0.503285714285669,7,2100.0,0.159,3.8031428571428347,6.978246960347343,overlap,Tue,14,False
250,XAUUSDm,long,2025-06-10 15:05:00+00:00,12697,3324.75,0.05,3317.75,3334.75,7.0,close_below_lower,0.11997480730442084,2025-06-10 15:55:00+00:00,12707,3328.08,signal,16.649999999999636,0.0,0.0,16.649999999999636,0.4757142857142753,-1.5850000000000364,4.588999999999942,-0.2264285714285766,0.6555714285714203,10,3000.0,0.16,4.508714285714307,7.310826706279757,overlap,Tue,15,False
251,XAUUSDm,short,2025-06-10 19:35:00+00:00,12751,3333.483,0.05,3340.483,3323.483,7.0,close_above_upper,0.013605999555722023,2025-06-10 20:00:00+00:00,12756,3328.917,signal,22.83000000000129,0.0,0.0,22.83000000000129,0.6522857142857512,-1.05600000000004,5.6580000000003565,-0.15085714285714857,0.8082857142857652,5,1500.0,0.16,2.2392142857142323,7.122060722814677,newyork,Tue,19,False
252,XAUUSDm,short,2025-06-11 07:55:00+00:00,12887,3346.421,0.05,3353.421,3336.421,7.0,close_above_upper,0.018364979803297394,2025-06-11 09:00:00+00:00,12900,3344.6749999999997,signal,8.730000000000473,0.0,0.0,8.730000000000473,0.24942857142858493,-2.1100000000001273,3.87099999999964,-0.30142857142858964,0.5529999999999485,13,3900.0,0.159,2.6676428571428397,7.133037926115453,london,Wed,7,False
253,XAUUSDm,long,2025-06-11 09:10:00+00:00,12902,3336.2329999999997,0.05,3329.233,3346.233,7.0,close_below_lower,0.05256268948552106,2025-06-11 10:55:00+00:00,12923,3329.233,sl,-34.999999999997726,0.0,0.0,-34.999999999997726,-0.999999999999935,-6.1729999999997744,5.968000000000302,-0.8818571428571106,0.8525714285714717,21,6300.0,0.16,2.516857142857069,7.176460914494759,london,Wed,9,False
254,XAUUSDm,short,2025-06-11 12:25:00+00:00,12941,3340.729,0.05,3347.729,3330.729,7.0,close_above_upper,0.0006589696437054554,2025-06-11 12:30:00+00:00,12942,3347.888,sl,-35.79500000000053,0.0,0.0,-35.79500000000053,-1.0227142857143008,-2.1330000000002656,0.9890000000000327,-0.30471428571432363,0.14128571428571896,1,300.0,0.16,3.3337857142856984,7.119064545042592,overlap,Wed,12,False
255,XAUUSDm,short,2025-06-11 12:35:00+00:00,12943,3355.59,0.05,3362.59,3345.59,7.0,close_above_upper,1.647272180360368,2025-06-11 12:50:00+00:00,12946,3345.7490000000003,tp,49.20499999999947,0.0,0.0,49.20499999999947,1.4058571428571278,-5.173999999999978,6.050999999999931,-0.739142857142854,0.8644285714285616,3,900.0,0.159,4.574714285714306,7.213321795780293,overlap,Wed,12,False
256,XAUUSDm,short,2025-06-11 18:10:00+00:00,13010,3337.6,0.05,3344.6,3327.6,7.0,close_above_upper,0.31661228263353175,2025-06-11 18:20:00+00:00,13012,3344.7599999999998,sl,-35.79999999999927,0.0,0.0,-35.79999999999927,-1.022857142857122,-5.663000000000011,0.9349999999999454,-0.8090000000000016,0.13357142857142076,2,600.0,0.16,3.9253571428571052,8.137355127372187,newyork,Wed,18,False
257,XAUUSDm,short,2025-06-11 18:25:00+00:00,13013,3341.838,0.05,3348.838,3331.838,7.0,close_above_upper,0.2716575482549579,2025-06-11 19:30:00+00:00,13026,3348.998,sl,-35.79999999999927,0.0,0.0,-35.79999999999927,-1.022857142857122,-5.503999999999905,3.356999999999971,-0.7862857142857008,0.47957142857142443,13,3900.0,0.16,4.136785714285646,8.33412457953071,newyork,Wed,18,False
258,XAUUSDm,long,2025-06-12 07:35:00+00:00,13159,3362.218,0.05,3355.218,3372.218,7.0,close_below_lower,0.07351350289403474,2025-06-12 07:40:00+00:00,13160,3353.237,sl,-44.904999999998836,0.0,0.0,-44.904999999998836,-1.2829999999999668,-12.90099999999984,0.0,-1.842999999999977,0.0,1,300.0,0.16,2.8978571428571223,8.273991131241436,london,Thu,7,False
259,XAUUSDm,long,2025-06-12 07:45:00+00:00,13161,3342.439,0.05,3335.439,3352.439,7.0,close_below_lower,1.8494744457726127,2025-06-12 08:15:00+00:00,13167,3352.439,tp,50.0,0.0,0.0,50.0,1.4285714285714286,-2.4589999999998327,8.971000000000004,-0.3512857142856904,1.281571428571429,6,1800.0,0.16,4.626785714285688,8.468659543824465,london,Thu,7,False
260,XAUUSDm,short,2025-06-12 10:25:00+00:00,13193,3375.276,0.05,3382.276,3365.276,7.0,close_above_upper,0.17738697225330843,2025-06-12 10:30:00+00:00,13194,3382.4359999999997,sl,-35.79999999999927,0.0,0.0,-35.79999999999927,-1.022857142857122,-4.742999999999938,2.030999999999949,-0.6775714285714197,0.2901428571428499,1,300.0,0.16,3.592714285714237,8.63901345042645,london,Thu,10,False
261,XAUUSDm,short,2025-06-12 10:35:00+00:00,13195,3381.79,0.05,3388.79,3371.79,7.0,close_above_upper,0.5260922894551467,2025-06-12 11:30:00+00:00,13206,3381.14,signal,3.2500000000004547,0.0,0.0,3.2500000000004547,0.09285714285715585,-6.791000000000167,1.1469999999999345,-0.9701428571428811,0.16385714285713351,11,3300.0,0.16,4.0724285714285475,8.721405224846261,london,Thu,10,False
262,XAUUSDm,short,2025-06-12 13:45:00+00:00,13233,3398.411,0.05,3405.411,3388.411,7.0,close_above_upper,0.16217365377099072,2025-06-12 13:50:00+00:00,13234,3388.571,tp,49.20000000000073,0.0,0.0,49.20000000000073,1.4057142857143066,-0.6340000000000146,7.9050000000002,-0.09057142857143065,1.1292857142857429,1,300.0,0.16,5.48950000000007,9.257442259119133,overlap,Thu,13,False
263,XAUUSDm,short,2025-06-13 00:00:00+00:00,13344,3395.723,0.05,3402.723,3385.723,7.0,close_above_upper,0.04224152387198524,2025-06-13 00:05:00+00:00,13345,3402.883,sl,-35.79999999999927,0.0,0.0,-35.79999999999927,-1.022857142857122,-7.467999999999847,4.003999999999905,-1.066857142857121,0.5719999999999865,1,300.0,0.16,2.086928571428546,8.933496879165064,asian,Fri,0,False
264,XAUUSDm,short,2025-06-13 00:10:00+00:00,13346,3410.403,0.05,3417.403,3400.403,7.0,close_above_upper,1.1945064449322236,2025-06-13 00:15:00+00:00,13347,3400.5629999999996,tp,49.20000000000073,0.0,0.0,49.20000000000073,1.4057142857143066,-1.8330000000000837,8.897999999999683,-0.26185714285715483,1.2711428571428118,1,300.0,0.16,3.5362857142856683,9.120797604197575,asian,Fri,0,False
265,XAUUSDm,short,2025-06-13 00:20:00+00:00,13348,3410.551,0.05,3417.551,3400.551,7.0,close_above_upper,0.7481247796159993,2025-06-13 00:50:00+00:00,13354,3417.711,sl,-35.79999999999927,0.0,0.0,-35.79999999999927,-1.022857142857122,-6.414999999999964,6.969000000000051,-0.9164285714285663,0.9955714285714359,6,1800.0,0.16,5.018285714285639,9.274332500763318,asian,Fri,0,False
266,XAUUSDm,short,2025-06-13 00:55:00+00:00,13355,3417.727,0.05,3424.727,3407.727,7.0,close_above_upper,0.11380898661084891,2025-06-13 01:10:00+00:00,13358,3424.8869999999997,sl,-35.79999999999927,0.0,0.0,-35.79999999999927,-1.022857142857122,-3.4839999999999236,3.77599999999984,-0.4977142857142748,0.5394285714285486,3,900.0,0.16,7.798785714285681,9.664686606262457,asian,Fri,0,False
267,XAUUSDm,short,2025-06-13 01:15:00+00:00,13359,3425.484,0.05,3432.484,3415.484,7.0,close_above_upper,0.2712326009850041,2025-06-13 01:45:00+00:00,13365,3432.644,sl,-35.79999999999927,0.0,0.0,-35.79999999999927,-1.022857142857122,-5.447000000000116,3.2199999999998,-0.7781428571428738,0.45999999999997143,6,1800.0,0.16,8.106928571428528,9.863665256275215,asian,Fri,1,False
268,XAUUSDm,long,2025-06-13 06:50:00+00:00,13426,3408.881,0.05,3401.881,3418.881,7.0,close_below_lower,0.327698321849045,2025-06-13 07:30:00+00:00,13434,3418.881,tp,50.0,0.0,0.0,50.0,1.4285714285714286,-1.0349999999998545,9.648000000000138,-0.14785714285712206,1.378285714285734,8,2400.0,0.16,4.161714285714327,10.423419061200413,asian,Fri,6,False
269,XAUUSDm,short,2025-06-15 22:10:00+00:00,13597,3444.108,0.05,3451.108,3434.108,7.0,close_above_upper,0.03332735056204611,2025-06-15 23:20:00+00:00,13611,3444.979,signal,-4.354999999998199,0.0,0.0,-4.354999999998199,-0.12442857142851997,-7.15099999999984,4.403999999999996,-1.0215714285714057,0.6291428571428567,14,4200.0,0.16,2.66178571428564,9.908541347441442,rollover,Sun,22,False
270,XAUUSDm,long,2025-06-16 13:55:00+00:00,13786,3390.0899999999997,0.05,3383.09,3400.09,7.0,close_below_lower,1.2961970441349369,2025-06-16 14:50:00+00:00,13797,3396.785,signal,33.47500000000082,0.0,0.0,33.47500000000082,0.9564285714285948,-7.364999999999782,9.34100000000035,-1.052142857142826,1.3344285714286213,11,3300.0,0.16,5.765785714285747,9.296235207301512,overlap,Mon,13,False
271,XAUUSDm,long,2025-06-17 03:10:00+00:00,13933,3385.723,0.05,3378.723,3395.723,7.0,close_below_lower,0.046604171799313636,2025-06-17 03:20:00+00:00,13935,3378.723,sl,-35.0,0.0,0.0,-35.0,-1.0,-5.206000000000131,0.6630000000000109,-0.7437142857143044,0.09471428571428728,2,600.0,0.16,3.403428571428549,8.460312788914678,asian,Tue,3,False
272,XAUUSDm,long,2025-06-17 03:25:00+00:00,13936,3378.022,0.05,3371.022,3388.022,7.0,close_below_lower,0.436475513228966,2025-06-17 03:55:00+00:00,13942,3388.022,tp,50.0,0.0,0.0,50.0,1.4285714285714286,-0.15999999999985448,9.657000000000153,-0.022857142857122068,1.3795714285714504,6,1800.0,0.16,4.007357142857115,8.640199288687093,asian,Tue,3,False
273,XAUUSDm,short,2025-06-17 10:20:00+00:00,14019,3393.801,0.05,3400.801,3383.801,7.0,close_above_upper,0.04426227597462022,2025-06-17 11:25:00+00:00,14032,3394.395,signal,-2.9700000000002547,0.0,0.0,-2.9700000000002547,-0.08485714285715014,-6.3659999999999854,1.0090000000000146,-0.9094285714285694,0.1441428571428592,13,3900.0,0.16,3.1777142857142735,8.00606763734355,london,Tue,10,False
274,XAUUSDm,long,2025-06-17 14:35:00+00:00,14070,3375.921,0.05,3368.921,3385.921,7.0,close_below_lower,0.4818931360557651,2025-06-17 14:55:00+00:00,14074,3383.852,signal,39.6550000000002,0.0,0.0,39.6550000000002,1.1330000000000058,-9.841999999999643,7.967000000000098,-1.405999999999949,1.1381428571428711,4,1200.0,0.16,4.89135714285713,8.266120610311859,overlap,Tue,14,False
275,XAUUSDm,short,2025-06-17 22:05:00+00:00,14148,3395.445,0.05,3402.445,3385.445,7.0,close_above_upper,0.009979202985181306,2025-06-17 22:35:00+00:00,14154,3390.748,signal,23.485000000000582,0.0,0.0,23.485000000000582,0.6710000000000166,-0.38499999999976353,5.133000000000266,-0.05499999999996622,0.7332857142857522,6,1800.0,0.16,2.2279285714285573,8.070277125353279,rollover,Tue,22,False
276,XAUUSDm,long,2025-06-18 14:20:00+00:00,14343,3381.703,0.05,3374.703,3391.703,7.0,close_below_lower,0.015550347155829163,2025-06-18 14:45:00+00:00,14348,3387.527,signal,29.120000000000346,0.0,0.0,29.120000000000346,0.8320000000000098,-7.869999999999891,7.125,-1.1242857142856988,1.0178571428571428,5,1500.0,0.16,3.7274999999999636,7.859526015289164,overlap,Wed,14,False
277,XAUUSDm,long,2025-06-18 18:55:00+00:00,14398,3380.19,0.05,3373.19,3390.19,7.0,close_below_lower,0.026234224769981385,2025-06-18 19:10:00+00:00,14401,3373.19,sl,-35.0,0.0,0.0,-35.0,-1.0,-6.949000000000069,0.4819999999999709,-0.9927142857142955,0.0688571428571387,3,900.0,0.16,4.711357142857131,7.696301184613551,newyork,Wed,18,False
278,XAUUSDm,long,2025-06-18 19:15:00+00:00,14402,3372.4179999999997,0.05,3365.418,3382.418,7.0,close_below_lower,0.3797078393994013,2025-06-18 19:25:00+00:00,14404,3365.418,sl,-34.999999999997726,0.0,0.0,-34.999999999997726,-0.999999999999935,-2.2789999999995416,4.1850000000004,-0.32557142857136306,0.5978571428572,2,600.0,0.16,5.328285714285714,7.8942625855666595,newyork,Wed,19,False
279,XAUUSDm,long,2025-06-18 19:30:00+00:00,14405,3365.442,0.05,3358.442,3375.442,7.0,close_below_lower,0.6519143293901029,2025-06-18 20:45:00+00:00,14420,3366.899,signal,7.2849999999994,0.0,0.0,7.2849999999994,0.20814285714284,-2.967999999999847,9.195000000000164,-0.42399999999997817,1.313571428571452,15,4500.0,0.16,5.261142857142821,8.055359443193653,newyork,Wed,19,False
280,XAUUSDm,long,2025-06-19 05:55:00+00:00,14518,3362.1279999999997,0.05,3355.128,3372.128,7.0,close_below_lower,0.15590326179273614,2025-06-19 06:05:00+00:00,14520,3355.128,sl,-34.999999999997726,0.0,0.0,-34.999999999997726,-0.999999999999935,-6.629999999999654,3.3650000000002365,-0.9471428571428078,0.4807142857143195,2,600.0,0.16,2.689428571428607,7.829302718134809,asian,Thu,5,False
281,XAUUSDm,long,2025-06-19 06:10:00+00:00,14521,3355.0429999999997,0.05,3348.043,3365.043,7.0,close_below_lower,0.5921882380198058,2025-06-19 06:30:00+00:00,14525,3348.043,sl,-34.999999999997726,0.0,0.0,-34.999999999997726,-0.999999999999935,-5.519999999999527,2.8460000000004584,-0.788571428571361,0.40657142857149403,4,1200.0,0.16,3.8175000000000443,7.860334071974142,asian,Thu,6,False
282,XAUUSDm,long,2025-06-19 06:35:00+00:00,14526,3350.9849999999997,0.05,3343.985,3360.985,7.0,close_below_lower,0.12617217343969653,2025-06-19 06:50:00+00:00,14529,3356.589,signal,28.020000000001346,0.0,0.0,28.020000000001346,0.800571428571467,-3.5109999999995125,6.22800000000052,-0.501571428571359,0.8897142857143601,3,900.0,0.16,4.743428571428565,7.994395171956915,asian,Thu,6,False
283,XAUUSDm,short,2025-06-19 07:40:00+00:00,14539,3365.813,0.05,3372.813,3355.813,7.0,close_above_upper,0.22426810184076326,2025-06-19 09:05:00+00:00,14556,3367.016,signal,-6.014999999999873,0.0,0.0,-6.014999999999873,-0.1718571428571392,-5.824999999999818,3.561999999999898,-0.8321428571428312,0.5088571428571284,17,5100.0,0.16,4.480571428571433,8.010213124140936,london,Thu,7,False
284,XAUUSDm,short,2025-06-20 13:30:00+00:00,14840,3357.015,0.05,3364.015,3347.015,7.0,close_above_upper,0.03288480637035066,2025-06-20 13:35:00+00:00,14841,3364.1749999999997,sl,-35.79999999999927,0.0,0.0,-35.79999999999927,-1.022857142857122,-4.93100000000004,0.4719999999997526,-0.7044285714285772,0.06742857142853609,1,300.0,0.16,3.6969999999999215,7.234364520966391,overlap,Fri,13,False
285,XAUUSDm,short,2025-06-20 13:40:00+00:00,14842,3364.265,0.05,3371.265,3354.265,7.0,close_above_upper,0.6290380204770524,2025-06-20 13:50:00+00:00,14844,3371.4249999999997,sl,-35.79999999999927,0.0,0.0,-35.79999999999927,-1.022857142857122,-3.093000000000302,1.7860000000000582,-0.44185714285718597,0.25514285714286544,2,600.0,0.16,3.9749999999999415,7.303942531970469,overlap,Fri,13,False
286,XAUUSDm,short,2025-06-20 13:55:00+00:00,14845,3371.944,0.05,3378.944,3361.944,7.0,close_above_upper,0.9764855768088739,2025-06-20 14:40:00+00:00,14854,3366.134,signal,29.049999999999727,0.0,0.0,29.049999999999727,0.8299999999999922,-2.5329999999999018,6.7199999999998,-0.36185714285712883,0.9599999999999714,9,2700.0,0.16,3.7056428571428177,7.385573743705426,overlap,Fri,13,False
287,XAUUSDm,short,2025-06-22 22:10:00+00:00,14931,3381.156,0.05,3388.156,3371.156,7.0,close_above_upper,0.7906447391746191,2025-06-22 23:05:00+00:00,14942,3374.562,signal,32.970000000000255,0.0,0.0,32.970000000000255,0.9420000000000073,-4.88799999999992,8.86200000000008,-0.6982857142857029,1.2660000000000113,11,3300.0,0.16,2.6062142857142914,6.735965382244433,rollover,Sun,22,False
288,XAUUSDm,long,2025-06-23 00:30:00+00:00,14959,3362.97,0.05,3355.97,3372.97,7.0,close_below_lower,0.09805798150770006,2025-06-23 01:05:00+00:00,14966,3366.681,signal,18.5550000000012,0.0,0.0,18.5550000000012,0.5301428571428914,-4.631999999999607,4.825000000000273,-0.6617142857142296,0.6892857142857532,7,2100.0,0.16,3.0731428571428814,7.099899048048203,asian,Mon,0,False
289,XAUUSDm,long,2025-06-23 01:25:00+00:00,14970,3356.2729999999997,0.05,3349.273,3366.273,7.0,close_below_lower,0.1230428771865989,2025-06-23 02:10:00+00:00,14979,3360.072,signal,18.995000000002165,0.0,0.0,18.995000000002165,0.5427142857143475,-4.354999999999563,4.427000000000135,-0.6221428571427948,0.6324285714285907,9,2700.0,0.16,4.211999999999989,7.2260161563748415,asian,Mon,1,False
290,XAUUSDm,short,2025-06-23 11:20:00+00:00,15089,3376.472,0.05,3383.472,3366.472,7.0,close_above_upper,0.06964735407665638,2025-06-23 12:10:00+00:00,15099,3371.669,signal,24.01500000000169,0.0,0.0,24.01500000000169,0.6861428571429055,-5.544999999999618,4.932000000000244,-0.7921428571428025,0.7045714285714634,10,3000.0,0.16,1.888071428571428,6.846492450869782,london,Mon,11,False
291,XAUUSDm,long,2025-06-23 12:20:00+00:00,15101,3362.6859999999997,0.05,3355.686,3372.686,7.0,close_below_lower,0.6389954755587433,2025-06-23 13:10:00+00:00,15111,3364.102,signal,7.080000000000837,0.0,0.0,7.080000000000837,0.2022857142857382,-6.796999999999571,1.8950000000004366,-0.9709999999999387,0.2707142857143481,10,3000.0,0.16,3.746285714285737,7.016685477598094,overlap,Mon,12,False
292,XAUUSDm,short,2025-06-23 13:35:00+00:00,15116,3373.945,0.05,3380.945,3363.945,7.0,close_above_upper,0.12734984842796696,2025-06-23 13:40:00+00:00,15117,3381.105,sl,-35.79999999999927,0.0,0.0,-35.79999999999927,-1.022857142857122,-3.411999999999807,0.12800000000015643,-0.4874285714285439,0.018285714285736634,1,300.0,0.16,3.1537857142855694,7.384699850735734,overlap,Mon,13,False
293,XAUUSDm,short,2025-06-23 13:45:00+00:00,15118,3381.949,0.05,3388.949,3371.949,7.0,close_above_upper,0.7966449633350224,2025-06-23 14:05:00+00:00,15122,3372.109,tp,49.20000000000073,0.0,0.0,49.20000000000073,1.4057142857143066,-5.809999999999945,5.981999999999971,-0.8299999999999922,0.8545714285714244,4,1200.0,0.16,3.4949999999998584,7.519424203514943,overlap,Mon,13,False
294,XAUUSDm,long,2025-06-23 22:05:00+00:00,15206,3358.875,0.05,3351.875,3368.875,7.0,close_below_lower,0.5058624534787837,2025-06-23 22:20:00+00:00,15209,3351.875,sl,-35.0,0.0,0.0,-35.0,-1.0,-6.2710000000001855,4.936000000000149,-0.8958571428571693,0.7051428571428785,3,900.0,0.16,3.005500000000081,8.149408275036158,rollover,Mon,22,False
295,XAUUSDm,long,2025-06-23 22:25:00+00:00,15210,3351.644,0.05,3344.644,3361.644,7.0,close_below_lower,0.5781504001011878,2025-06-23 23:35:00+00:00,15224,3344.644,sl,-35.0,0.0,0.0,-35.0,-1.0,-6.585999999999785,9.607000000000426,-0.9408571428571122,1.3724285714286322,14,4200.0,0.16,4.373071428571523,8.352120151295573,rollover,Mon,22,False
296,XAUUSDm,long,2025-06-24 00:05:00+00:00,15230,3336.006,0.05,3329.006,3346.006,7.0,close_below_lower,0.5041414799584354,2025-06-24 00:15:00+00:00,15232,3346.006,tp,50.0,0.0,0.0,50.0,1.4285714285714286,-1.2179999999998472,9.044000000000324,-0.17399999999997817,1.2920000000000462,2,600.0,0.16,5.2100000000000035,8.56792893223177,asian,Tue,0,False
297,XAUUSDm,long,2025-06-24 05:40:00+00:00,15297,3333.544,0.05,3326.544,3343.544,7.0,close_below_lower,0.13322561679207082,2025-06-24 06:10:00+00:00,15303,3326.544,sl,-35.0,0.0,0.0,-35.0,-1.0,-6.991999999999734,2.5390000000002146,-0.9988571428571049,0.36271428571431635,6,1800.0,0.16,2.345928571428593,8.6285766722627,asian,Tue,5,False
298,XAUUSDm,long,2025-06-24 06:15:00+00:00,15304,3324.9359999999997,0.05,3317.936,3334.936,7.0,close_below_lower,0.0667046443882747,2025-06-24 06:35:00+00:00,15308,3317.936,sl,-34.999999999997726,0.0,0.0,-34.999999999997726,-0.999999999999935,-6.51299999999992,3.6640000000002146,-0.93042857142856,0.5234285714286021,4,1200.0,0.16,4.0022857142856925,8.935121901244095,asian,Tue,6,False
299,XAUUSDm,long,2025-06-24 12:35:00+00:00,15380,3307.968,0.05,3300.968,3317.968,7.0,close_below_lower,0.13144248664681032,2025-06-24 12:55:00+00:00,15384,3316.874,signal,44.529999999999745,0.0,0.0,44.529999999999745,1.272285714285707,-3.4529999999999745,9.696000000000367,-0.49328571428571066,1.3851428571429096,4,1200.0,0.16,4.092428571428529,8.966359324073943,overlap,Tue,12,False
300,XAUUSDm,long,2025-06-24 13:40:00+00:00,15393,3300.737,0.05,3293.737,3310.737,7.0,close_below_lower,0.2550208523375209,2025-06-24 14:10:00+00:00,15399,3306.853,signal,30.579999999999927,0.0,0.0,30.579999999999927,0.8737142857142837,-5.34900000000016,7.574000000000069,-0.76414285714288,1.0820000000000098,6,1800.0,0.16,5.5042142857142995,9.148040436750433,overlap,Tue,13,False
301,XAUUSDm,long,2025-06-26 11:45:00+00:00,15922,3333.9559999999997,0.05,3326.956,3343.956,7.0,close_below_lower,0.007778851841439892,2025-06-26 12:25:00+00:00,15930,3336.853,signal,14.485000000001946,0.0,0.0,14.485000000001946,0.4138571428571985,-2.437999999999647,4.606000000000222,-0.34828571428566385,0.6580000000000317,8,2400.0,0.16,2.018571428571412,5.478197246705701,london,Thu,11,False
302,XAUUSDm,short,2025-06-26 12:30:00+00:00,15931,3342.718,0.05,3349.718,3332.718,7.0,close_above_upper,0.13832462728895786,2025-06-26 12:35:00+00:00,15932,3334.1569999999997,signal,42.805000000000746,0.0,0.0,42.805000000000746,1.2230000000000214,-0.7760000000002947,9.096999999999753,-0.11085714285718495,1.2995714285713933,1,300.0,0.16,2.874785714285703,5.539816902775565,overlap,Thu,12,False
303,XAUUSDm,long,2025-06-26 12:55:00+00:00,15936,3326.9719999999998,0.05,3319.972,3336.972,7.0,close_below_lower,0.37545433810437195,2025-06-26 13:00:00+00:00,15937,3319.972,sl,-34.999999999997726,0.0,0.0,-34.999999999997726,-0.999999999999935,-5.381999999999607,0.36200000000008004,-0.7688571428570867,0.05171428571429715,1,300.0,0.16,4.321999999999922,5.531371189021305,overlap,Thu,12,False
304,XAUUSDm,long,2025-06-26 13:05:00+00:00,15938,3322.7439999999997,0.05,3315.744,3332.744,7.0,close_below_lower,0.6584567975039227,2025-06-26 13:30:00+00:00,15943,3315.744,sl,-34.999999999997726,0.0,0.0,-34.999999999997726,-0.999999999999935,-6.569999999999709,2.761000000000422,-0.938571428571387,0.3944285714286317,5,1500.0,0.16,4.771642857142784,5.625053725044886,overlap,Thu,13,False
305,XAUUSDm,long,2025-06-26 13:35:00+00:00,15944,3313.9939999999997,0.05,3306.994,3323.994,7.0,close_below_lower,0.8699104208626933,2025-06-26 13:45:00+00:00,15946,3323.994,tp,50.000000000002274,0.0,0.0,50.000000000002274,1.4285714285714934,-4.07799999999952,7.484000000000378,-0.58257142857136,1.0691428571429111,2,600.0,0.16,6.290428571428492,5.848495455192456,overlap,Thu,13,False
306,XAUUSDm,long,2025-06-26 14:30:00+00:00,15955,3314.031,0.05,3307.031,3324.031,7.0,close_below_lower,0.05117599814141854,2025-06-26 14:45:00+00:00,15958,3319.187,signal,25.779999999999745,0.0,0.0,25.779999999999745,0.7365714285714213,-2.1349999999997635,6.191000000000258,-0.30499999999996624,0.8844285714286083,3,900.0,0.16,5.778428571428549,6.004785815921874,overlap,Thu,14,False
307,XAUUSDm,long,2025-06-27 03:20:00+00:00,16097,3301.352,0.05,3294.352,3311.352,7.0,close_below_lower,0.37267325535793755,2025-06-27 03:55:00+00:00,16104,3294.352,sl,-35.0,0.0,0.0,-35.0,-1.0,-6.498000000000047,2.3220000000001164,-0.928285714285721,0.33171428571430234,7,2100.0,0.16,2.878785714285706,6.7099566946407165,asian,Fri,3,False
308,XAUUSDm,long,2025-06-27 04:00:00+00:00,16105,3294.524,0.05,3287.524,3304.524,7.0,close_below_lower,0.0847086065516174,2025-06-27 04:40:00+00:00,16113,3296.475,signal,9.75500000000011,0.0,0.0,9.75500000000011,0.27871428571428886,-3.4849999999996726,2.2609999999999673,-0.4978571428570961,0.32299999999999535,8,2400.0,0.16,3.022928571428565,6.92973895354684,asian,Fri,4,False
309,XAUUSDm,long,2025-06-27 06:40:00+00:00,16137,3287.73,0.05,3280.73,3297.73,7.0,close_below_lower,0.06655010902329984,2025-06-27 07:00:00+00:00,16141,3294.977,signal,36.23499999999922,0.0,0.0,36.23499999999922,1.035285714285692,-0.8980000000001382,8.184999999999945,-0.12828571428573404,1.1692857142857065,4,1200.0,0.16,3.7327142857143047,7.053666655185625,asian,Fri,6,False
310,XAUUSDm,long,2025-06-27 12:10:00+00:00,16203,3274.192,0.05,3267.192,3284.192,7.0,close_below_lower,0.08446447119742088,2025-06-27 12:30:00+00:00,16207,3279.756,signal,27.819999999999254,0.0,0.0,27.819999999999254,0.7948571428571215,-1.8009999999999309,7.137000000000171,-0.2572857142857044,1.019571428571453,4,1200.0,0.16,3.38064285714287,6.881395667640955,overlap,Fri,12,False
311,XAUUSDm,long,2025-06-27 13:05:00+00:00,16214,3263.8329999999996,0.05,3256.833,3273.833,7.0,close_below_lower,0.4872770563448849,2025-06-27 13:25:00+00:00,16218,3256.833,sl,-34.999999999997726,0.0,0.0,-34.999999999997726,-0.999999999999935,-6.630999999999403,5.066000000000258,-0.947285714285629,0.7237142857143226,4,1200.0,0.16,5.109642857142782,6.958138082458852,overlap,Fri,13,False
312,XAUUSDm,long,2025-06-27 13:30:00+00:00,16219,3256.978,0.05,3249.978,3266.978,7.0,close_below_lower,0.515186376070648,2025-06-27 13:45:00+00:00,16222,3265.412,signal,42.16999999999871,0.0,0.0,42.16999999999871,1.204857142857106,-1.162000000000262,8.478999999999814,-0.16600000000003742,1.2112857142856879,3,900.0,0.16,5.228785714285648,7.1113293365896855,overlap,Fri,13,False
313,XAUUSDm,short,2025-06-27 13:55:00+00:00,16224,3273.819,0.05,3280.819,3263.819,7.0,close_above_upper,0.12404474026787816,2025-06-27 14:20:00+00:00,16229,3266.0519999999997,signal,38.8350000000014,0.0,0.0,38.8350000000014,1.1095714285714686,-3.4600000000000364,7.94399999999996,-0.4942857142857195,1.1348571428571372,5,1500.0,0.16,5.569142857142814,7.1997898902328075,overlap,Fri,13,False
314,XAUUSDm,long,2025-06-29 22:20:00+00:00,16312,3261.5589999999997,0.05,3254.559,3271.559,7.0,close_below_lower,0.3210664140024432,2025-06-29 22:25:00+00:00,16313,3254.559,sl,-34.999999999997726,0.0,0.0,-34.999999999997726,-0.999999999999935,-7.346999999999753,0.027000000000043656,-1.0495714285713933,0.0038571428571490935,1,300.0,0.16,2.22992857142851,7.589884958565923,rollover,Sun,22,False
315,XAUUSDm,long,2025-06-29 22:30:00+00:00,16314,3249.781,0.05,3242.781,3259.781,7.0,close_below_lower,1.3381497314809296,2025-06-29 22:35:00+00:00,16315,3259.781,tp,50.0,0.0,0.0,50.0,1.4285714285714286,-0.8159999999998035,8.282999999999902,-0.1165714285714005,1.1832857142857003,1,300.0,0.16,3.24799999999995,7.71954698119577,rollover,Sun,22,False
316,XAUUSDm,short,2025-06-30 02:10:00+00:00,16358,3281.249,0.05,3288.249,3271.249,7.0,close_above_upper,0.032193801999448796,2025-06-30 03:20:00+00:00,16372,3279.4449999999997,signal,9.020000000000437,0.0,0.0,9.020000000000437,0.25771428571429816,-2.048000000000229,3.937999999999647,-0.2925714285714613,0.5625714285713782,14,4200.0,0.16,4.108642857142838,8.012286725084708,asian,Mon,2,False
317,XAUUSDm,long,2025-06-30 09:10:00+00:00,16442,3281.9469999999997,0.05,3274.947,3291.947,7.0,close_below_lower,0.1033312648901761,2025-06-30 09:50:00+00:00,16450,3287.14,signal,25.965000000001055,0.0,0.0,25.965000000001055,0.741857142857173,-4.5659999999998035,5.25400000000036,-0.6522857142856863,0.7505714285714801,8,2400.0,0.16,2.6505714285714084,7.695949752749167,london,Mon,9,False
318,XAUUSDm,short,2025-07-02 12:25:00+00:00,17033,3348.987,0.05,3355.987,3338.987,7.0,close_above_upper,0.02801515411126946,2025-07-02 13:05:00+00:00,17041,3344.1169999999997,signal,24.350000000001728,0.0,0.0,24.350000000001728,0.6957142857143351,-2.130000000000109,6.81899999999996,-0.30428571428572987,0.9741428571428514,8,2400.0,0.16,2.958071428571397,5.765892629342788,overlap,Wed,12,False
319,XAUUSDm,long,2025-07-02 13:50:00+00:00,17050,3337.42,0.05,3330.42,3347.42,7.0,close_below_lower,0.10808413680739284,2025-07-02 14:40:00+00:00,17060,3339.243,signal,9.114999999999327,0.0,0.0,9.114999999999327,0.2604285714285522,-3.5779999999999745,2.143999999999778,-0.5111428571428535,0.3062857142856826,10,3000.0,0.16,4.006285714285696,5.85863249425652,overlap,Wed,13,False
320,XAUUSDm,long,2025-07-02 23:20:00+00:00,17152,3352.4649999999997,0.05,3345.465,3362.465,7.0,close_below_lower,0.2812910648242541,2025-07-03 00:00:00+00:00,17160,3345.465,sl,-34.999999999997726,0.0,0.0,-34.999999999997726,-0.999999999999935,-3.705999999999676,0.524000000000342,-0.5294285714285252,0.07485714285719171,8,2400.0,0.16,2.4085000000000036,5.905120288397579,rollover,Wed,23,False
321,XAUUSDm,long,2025-07-03 00:05:00+00:00,17161,3346.266,0.05,3339.266,3356.266,7.0,close_below_lower,0.02637238477684644,2025-07-03 01:15:00+00:00,17175,3345.871,signal,-1.974999999999909,0.0,0.0,-1.974999999999909,-0.05642857142856883,-4.385999999999967,1.462999999999738,-0.6265714285714239,0.20899999999996258,14,4200.0,0.16,2.7292857142857168,6.101151508008755,asian,Thu,0,False
322,XAUUSDm,short,2025-07-03 05:55:00+00:00,17231,3360.013,0.05,3367.013,3350.013,7.0,close_above_upper,0.1979167031510082,2025-07-03 06:45:00+00:00,17241,3356.9179999999997,signal,15.475000000001273,0.0,0.0,15.475000000001273,0.44214285714289353,-3.6640000000002146,3.36200000000008,-0.5234285714286021,0.4802857142857257,10,3000.0,0.16,1.8734999999999542,5.862251243833019,asian,Thu,5,False
323,XAUUSDm,long,2025-07-03 09:45:00+00:00,17277,3345.189,0.05,3338.189,3355.189,7.0,close_below_lower,0.1741460493993013,2025-07-03 10:20:00+00:00,17284,3348.265,signal,15.38000000000011,0.0,0.0,15.38000000000011,0.43942857142857455,-1.3449999999998,3.2200000000002547,-0.19214285714282855,0.4600000000000364,7,2100.0,0.16,2.2822857142857305,5.96840915200734,london,Thu,9,False
324,XAUUSDm,long,2025-07-03 12:35:00+00:00,17311,3328.372,0.05,3321.372,3338.372,7.0,close_below_lower,1.8416672456768184,2025-07-03 12:40:00+00:00,17312,3320.104,sl,-41.340000000000146,0.0,0.0,-41.340000000000146,-1.1811428571428613,-12.83999999999969,1.412000000000262,-1.83428571428567,0.20171428571432312,1,300.0,0.16,3.9009999999999048,6.134330322282979,overlap,Thu,12,False
325,XAUUSDm,long,2025-07-03 12:45:00+00:00,17313,3312.3039999999996,0.05,3305.304,3322.304,7.0,close_below_lower,3.313915970438292,2025-07-03 12:55:00+00:00,17315,3322.304,tp,50.000000000002274,0.0,0.0,50.000000000002274,1.4285714285714934,-0.5169999999998254,9.021000000000186,-0.0738571428571179,1.2887142857143121,2,600.0,0.16,5.337285714285599,6.43221224138844,overlap,Thu,12,False
326,XAUUSDm,long,2025-07-03 13:00:00+00:00,17316,3324.6789999999996,0.05,3317.679,3334.679,7.0,close_below_lower,0.3144189292691287,2025-07-03 13:25:00+00:00,17321,3332.365,signal,38.430000000000746,0.0,0.0,38.430000000000746,1.0980000000000214,-2.62099999999964,8.131000000000313,-0.37442857142852,1.1615714285714733,5,1500.0,0.16,6.250714285714204,6.650558965102778,overlap,Thu,13,False
327,XAUUSDm,short,2025-07-03 13:45:00+00:00,17325,3337.444,0.05,3344.444,3327.444,7.0,close_above_upper,0.020251541743553782,2025-07-03 14:00:00+00:00,17328,3327.604,tp,49.20000000000073,0.0,0.0,49.20000000000073,1.4057142857143066,-0.08399999999983265,5.362999999999829,-0.011999999999976094,0.7661428571428327,3,900.0,0.16,6.070500000000005,6.76723105578222,overlap,Thu,13,False
328,XAUUSDm,long,2025-07-07 01:10:00+00:00,17674,3318.015,0.05,3311.015,3328.015,7.0,close_below_lower,0.12150536550328993,2025-07-07 01:15:00+00:00,17675,3311.015,sl,-35.0,0.0,0.0,-35.0,-1.0,-7.432999999999993,0.24000000000023647,-1.0618571428571417,0.034285714285748066,1,300.0,0.16,3.009571428571365,5.704106796485652,asian,Mon,1,False
329,XAUUSDm,long,2025-07-07 01:20:00+00:00,17676,3312.8559999999998,0.05,3305.856,3322.856,7.0,close_below_lower,0.5322733803488976,2025-07-07 03:10:00+00:00,17698,3312.487,signal,-1.8449999999984357,0.0,0.0,-1.8449999999984357,-0.05271428571424102,-6.847999999999956,7.148000000000138,-0.9782857142857081,1.021142857142877,22,6600.0,0.16,3.4830714285713578,5.821491913765843,asian,Mon,1,False
330,XAUUSDm,long,2025-07-07 07:55:00+00:00,17755,3302.31,0.05,3295.31,3312.31,7.0,close_below_lower,0.07936237635931796,2025-07-07 08:15:00+00:00,17759,3306.975,signal,23.324999999999818,0.0,0.0,23.324999999999818,0.6664285714285663,-1.6210000000000946,4.641000000000076,-0.23157142857144208,0.6630000000000109,4,1200.0,0.16,2.778714285714289,5.9647224777724475,london,Mon,7,False
331,XAUUSDm,long,2025-07-07 10:45:00+00:00,17789,3298.691,0.05,3291.691,3308.691,7.0,close_below_lower,0.5533439820431835,2025-07-07 11:10:00+00:00,17794,3305.929,signal,36.19000000000142,0.0,0.0,36.19000000000142,1.0340000000000404,-2.394999999999982,8.923999999999978,-0.34214285714285453,1.2748571428571398,5,1500.0,0.16,2.6164999999999248,5.81811357746771,london,Mon,10,False
332,XAUUSDm,short,2025-07-07 12:50:00+00:00,17814,3310.782,0.05,3317.782,3300.782,7.0,close_above_upper,0.07733884654871609,2025-07-07 13:40:00+00:00,17824,3306.9559999999997,signal,19.130000000002383,0.0,0.0,19.130000000002383,0.5465714285714967,-1.9409999999998035,4.583000000000084,-0.2772857142856862,0.6547142857142977,10,3000.0,0.16,3.886857142857155,5.269356883648083,overlap,Mon,12,False
333,XAUUSDm,short,2025-07-07 13:55:00+00:00,17827,3315.155,0.05,3322.155,3305.155,7.0,close_above_upper,0.046249803281649515,2025-07-07 16:10:00+00:00,17854,3322.315,sl,-35.79999999999927,0.0,0.0,-35.79999999999927,-1.022857142857122,-6.875999999999749,1.893000000000029,-0.9822857142856785,0.27042857142857557,27,8100.0,0.16,3.4626428571427823,5.0801001519399,overlap,Mon,13,False
334,XAUUSDm,short,2025-07-07 17:20:00+00:00,17868,3333.204,0.05,3340.204,3323.204,7.0,close_above_upper,0.11419772896479573,2025-07-07 18:05:00+00:00,17877,3330.8179999999998,signal,11.93000000000211,0.0,0.0,11.93000000000211,0.34085714285720314,-2.6140000000000327,2.894999999999982,-0.3734285714285761,0.413571428571426,9,2700.0,0.16,2.2664999999999185,5.2706889734517945,newyork,Mon,17,False
335,XAUUSDm,short,2025-07-07 22:15:00+00:00,17915,3344.311,0.05,3351.311,3334.311,7.0,close_above_upper,0.025313650282771785,2025-07-07 22:45:00+00:00,17921,3339.8399999999997,signal,22.355000000002292,0.0,0.0,22.355000000002292,0.6387142857143512,-1.5459999999998217,4.720000000000255,-0.22085714285711738,0.6742857142857507,6,1800.0,0.16,1.7143571428570925,5.604959657892637,rollover,Mon,22,False
336,XAUUSDm,long,2025-07-08 08:20:00+00:00,18036,3326.401,0.05,3319.401,3336.401,7.0,close_below_lower,0.030400925664253262,2025-07-08 09:35:00+00:00,18051,3325.53,signal,-4.354999999998199,0.0,0.0,-4.354999999998199,-0.12442857142851997,-4.713999999999942,3.2220000000002074,-0.6734285714285632,0.4602857142857439,15,4500.0,0.16,2.458857142857206,5.561628788989624,london,Tue,8,False
337,XAUUSDm,long,2025-07-08 13:50:00+00:00,18102,3316.268,0.05,3309.268,3326.268,7.0,close_below_lower,0.34175800289384584,2025-07-08 14:05:00+00:00,18105,3309.268,sl,-35.0,0.0,0.0,-35.0,-1.0,-5.720000000000255,1.1469999999999345,-0.8171428571428935,0.16385714285713351,3,900.0,0.16,3.373785714285727,5.75975870539278,overlap,Tue,13,False
338,XAUUSDm,long,2025-07-08 14:10:00+00:00,18106,3308.426,0.05,3301.426,3318.426,7.0,close_below_lower,0.8695614119814647,2025-07-08 14:20:00+00:00,18108,3301.426,sl,-35.0,0.0,0.0,-35.0,-1.0,-3.8150000000000546,2.018000000000029,-0.5450000000000078,0.2882857142857184,2,600.0,0.16,3.994714285714313,5.936195765499975,overlap,Tue,14,False
339,XAUUSDm,long,2025-07-08 14:25:00+00:00,18109,3301.7309999999998,0.05,3294.731,3311.731,7.0,close_below_lower,1.1152695254733394,2025-07-08 14:50:00+00:00,18114,3294.731,sl,-34.999999999997726,0.0,0.0,-34.999999999997726,-0.999999999999935,-6.763999999999669,4.3520000000003165,-0.966285714285667,0.621714285714331,5,1500.0,0.16,4.2155714285714305,6.104457025767622,overlap,Tue,14,False
340,XAUUSDm,long,2025-07-08 14:55:00+00:00,18115,3295.267,0.05,3288.267,3305.267,7.0,close_below_lower,0.5427653345430499,2025-07-08 15:10:00+00:00,18118,3288.267,sl,-35.0,0.0,0.0,-35.0,-1.0,-4.044999999999618,3.169000000000324,-0.5778571428570883,0.452714285714332,3,900.0,0.16,4.867214285714291,6.41597656217076,overlap,Tue,14,False
341,XAUUSDm,long,2025-07-08 15:15:00+00:00,18119,3291.604,0.05,3284.604,3301.604,7.0,close_below_lower,0.21157902467234627,2025-07-08 15:40:00+00:00,18124,3296.514,signal,24.550000000001546,0.0,0.0,24.550000000001546,0.7014285714286156,-2.6979999999998654,6.330000000000382,-0.3854285714285522,0.9042857142857689,5,1500.0,0.16,4.8885714285713675,6.59723083977128,overlap,Tue,15,False
342,XAUUSDm,long,2025-07-09 02:45:00+00:00,18245,3294.5119999999997,0.05,3287.512,3304.512,7.0,close_below_lower,0.04516587156084068,2025-07-09 02:50:00+00:00,18246,3287.512,sl,-34.999999999997726,0.0,0.0,-34.999999999997726,-0.999999999999935,-4.625999999999749,0.0,-0.660857142857107,0.0,1,300.0,0.16,2.6971428571427754,6.280887865738473,asian,Wed,2,False
343,XAUUSDm,long,2025-07-09 02:55:00+00:00,18247,3292.509,0.05,3285.509,3302.509,7.0,close_below_lower,0.035527852862532364,2025-07-09 03:00:00+00:00,18248,3285.509,sl,-35.0,0.0,0.0,-35.0,-1.0,-4.436999999999898,0.6269999999999527,-0.6338571428571284,0.08957142857142182,1,300.0,0.16,3.219428571428515,6.353557243157974,asian,Wed,2,False
344,XAUUSDm,long,2025-07-09 03:05:00+00:00,18249,3288.442,0.05,3281.442,3298.442,7.0,close_below_lower,0.27660961422708885,2025-07-09 03:45:00+00:00,18257,3293.168,signal,23.630000000000564,0.0,0.0,23.630000000000564,0.6751428571428733,-0.5760000000000218,5.806999999999789,-0.0822857142857174,0.8295714285713984,8,2400.0,0.16,3.2845714285713905,6.449314276661292,asian,Wed,3,False
345,XAUUSDm,short,2025-07-09 14:15:00+00:00,18383,3305.891,0.05,3312.891,3295.891,7.0,close_above_upper,0.014700047175794595,2025-07-09 14:55:00+00:00,18391,3313.051,sl,-35.79999999999927,0.0,0.0,-35.79999999999927,-1.022857142857122,-6.583999999999833,0.8850000000002183,-0.9405714285714046,0.12642857142860262,8,2400.0,0.16,3.8977142857143656,6.447279549539981,overlap,Wed,14,False
346,XAUUSDm,long,2025-07-10 12:05:00+00:00,18633,3318.6079999999997,0.05,3311.608,3328.608,7.0,close_below_lower,0.1410795157029652,2025-07-10 12:40:00+00:00,18640,3323.44,signal,24.160000000001673,0.0,0.0,24.160000000001673,0.6902857142857621,-0.6419999999998254,4.859000000000378,-0.09171428571426077,0.6941428571429112,7,2100.0,0.16,2.349071428571441,5.696555153792245,overlap,Thu,12,False
347,XAUUSDm,long,2025-07-10 13:55:00+00:00,18655,3317.432,0.05,3310.432,3327.432,7.0,close_below_lower,0.10460167286637613,2025-07-10 14:00:00+00:00,18656,3310.432,sl,-35.0,0.0,0.0,-35.0,-1.0,-5.496999999999844,0.30900000000019645,-0.7852857142856919,0.044142857142885204,1,300.0,0.16,3.8272142857142626,5.690338710730311,overlap,Thu,13,False
348,XAUUSDm,long,2025-07-10 14:05:00+00:00,18657,3314.4159999999997,0.05,3307.416,3324.416,7.0,close_below_lower,0.25762859532872406,2025-07-10 14:50:00+00:00,18666,3318.743,signal,21.635000000001128,0.0,0.0,21.635000000001128,0.6181428571428894,-1.5849999999995816,7.173000000000229,-0.22642857142851167,1.0247142857143186,9,2700.0,0.16,4.157499999999994,5.7803097097658265,overlap,Thu,14,False
349,XAUUSDm,short,2025-07-11 00:35:00+00:00,18771,3332.517,0.05,3339.517,3322.517,7.0,close_above_upper,0.08981803199883864,2025-07-11 01:05:00+00:00,18777,3328.239,signal,21.389999999998963,0.0,0.0,21.389999999998963,0.6111428571428276,-3.6640000000002146,5.268000000000029,-0.5234285714286021,0.7525714285714328,6,1800.0,0.16,2.1752142857142838,5.58606184755201,asian,Fri,0,False
350,XAUUSDm,short,2025-07-11 05:30:00+00:00,18830,3340.203,0.05,3347.203,3330.203,7.0,close_above_upper,0.1246978414345701,2025-07-11 05:50:00+00:00,18834,3333.2329999999997,signal,34.85000000000127,0.0,0.0,34.85000000000127,0.9957142857143221,-0.16800000000012005,7.275000000000091,-0.02400000000001715,1.0392857142857272,4,1200.0,0.16,1.6727142857142294,5.5967488329645265,asian,Fri,5,False
351,XAUUSDm,short,2025-07-11 06:20:00+00:00,18840,3341.711,0.05,3348.711,3331.711,7.0,close_above_upper,0.058006098713957725,2025-07-11 06:50:00+00:00,18846,3335.743,signal,29.839999999999236,0.0,0.0,29.839999999999236,0.8525714285714068,-2.11600000000044,6.130999999999858,-0.30228571428577716,0.8758571428571226,6,1800.0,0.16,2.6167142857142216,5.615182499545795,asian,Fri,6,False
352,XAUUSDm,short,2025-07-11 10:30:00+00:00,18890,3345.711,0.05,3352.711,3335.711,7.0,close_above_upper,0.03917940107958286,2025-07-11 11:20:00+00:00,18900,3344.422,signal,6.4449999999987995,0.0,0.0,6.4449999999987995,0.18414285714282283,-2.680000000000291,1.8109999999996944,-0.3828571428571844,0.25871428571424204,10,3000.0,0.16,1.8808571428571343,5.433802143565816,london,Fri,10,False
353,XAUUSDm,short,2025-07-11 12:50:00+00:00,18918,3355.92,0.05,3362.92,3345.92,7.0,close_above_upper,0.22882822328899682,2025-07-11 13:25:00+00:00,18925,3351.1349999999998,signal,23.925000000001546,0.0,0.0,23.925000000001546,0.6835714285714728,-2.5679999999997563,5.3279999999999745,-0.366857142857108,0.7611428571428535,7,2100.0,0.16,3.1816428571428657,5.568887292307117,overlap,Fri,12,False
354,XAUUSDm,short,2025-07-11 14:55:00+00:00,18943,3363.249,0.05,3370.249,3353.249,7.0,close_above_upper,0.18360522079909514,2025-07-11 15:40:00+00:00,18952,3360.941,signal,11.539999999999964,0.0,0.0,11.539999999999964,0.3297142857142847,-5.483000000000175,3.67699999999968,-0.7832857142857392,0.5252857142856685,9,2700.0,0.16,3.4527857142858074,5.850305416416384,overlap,Fri,14,False
355,XAUUSDm,short,2025-07-13 22:15:00+00:00,19018,3366.06,0.05,3373.06,3356.06,7.0,close_above_upper,0.31061537223812496,2025-07-13 23:15:00+00:00,19030,3373.22,sl,-35.79999999999927,0.0,0.0,-35.79999999999927,-1.022857142857122,-6.699000000000069,2.7539999999999054,-0.9570000000000098,0.3934285714285579,12,3600.0,0.16,2.089714285714308,6.22735290358662,rollover,Sun,22,False
356,XAUUSDm,short,2025-07-14 06:55:00+00:00,19122,3368.064,0.05,3375.064,3358.064,7.0,close_above_upper,0.09248639806648308,2025-07-14 07:30:00+00:00,19129,3375.2239999999997,sl,-35.79999999999927,0.0,0.0,-35.79999999999927,-1.022857142857122,-6.51700000000028,1.4110000000000582,-0.93100000000004,0.2015714285714369,7,2100.0,0.16,2.1744285714285394,6.521920628856302,asian,Mon,6,False
357,XAUUSDm,long,2025-07-14 12:30:00+00:00,19189,3358.229,0.05,3351.229,3368.229,7.0,close_below_lower,0.08264465936071236,2025-07-14 12:35:00+00:00,19190,3351.229,sl,-35.0,0.0,0.0,-35.0,-1.0,-3.2539999999999054,0.5260000000002947,-0.46485714285712937,0.07514285714289924,1,300.0,0.16,2.8527857142857362,6.548182344891073,overlap,Mon,12,False
358,XAUUSDm,long,2025-07-14 12:40:00+00:00,19191,3351.721,0.05,3344.721,3361.721,7.0,close_below_lower,0.6799907028585698,2025-07-14 13:30:00+00:00,19201,3355.521,signal,19.00000000000091,0.0,0.0,19.00000000000091,0.5428571428571688,-4.58199999999988,4.014000000000124,-0.6545714285714114,0.573428571428589,10,3000.0,0.16,3.2325714285714833,6.627859519759943,overlap,Mon,12,False
359,XAUUSDm,long,2025-07-14 14:40:00+00:00,19215,3344.055,0.05,3337.055,3354.055,7.0,close_below_lower,0.11416176014746755,2025-07-14 15:10:00+00:00,19221,3348.424,signal,21.84500000000071,0.0,0.0,21.84500000000071,0.6241428571428774,-3.061999999999898,4.432999999999993,-0.4374285714285569,0.6332857142857132,6,1800.0,0.16,3.44964285714283,7.069689777505245,overlap,Mon,14,False
360,XAUUSDm,long,2025-07-15 12:40:00+00:00,19467,3348.229,0.05,3341.229,3358.229,7.0,close_below_lower,0.011130843717451254,2025-07-15 12:50:00+00:00,19469,3354.089,signal,29.300000000000637,0.0,0.0,29.300000000000637,0.8371428571428753,-1.8009999999999309,6.0770000000002256,-0.2572857142857044,0.8681428571428894,2,600.0,0.16,3.3895000000000954,6.009383784157771,overlap,Tue,12,False
361,XAUUSDm,long,2025-07-15 13:20:00+00:00,19475,3344.6079999999997,0.05,3337.608,3354.608,7.0,close_below_lower,0.002925137565975703,2025-07-15 13:30:00+00:00,19477,3337.608,sl,-34.999999999997726,0.0,0.0,-34.999999999997726,-0.999999999999935,-6.019999999999527,0.20000000000027285,-0.8599999999999325,0.02857142857146755,2,600.0,0.16,4.629285714285776,6.034241596643881,overlap,Tue,13,False
362,XAUUSDm,long,2025-07-15 13:35:00+00:00,19478,3338.8689999999997,0.05,3331.869,3348.869,7.0,close_below_lower,0.3902310228706758,2025-07-15 13:55:00+00:00,19482,3343.861,signal,24.960000000000946,0.0,0.0,24.960000000000946,0.7131428571428842,-4.498999999999796,5.0770000000002256,-0.6427142857142566,0.7252857142857465,4,1200.0,0.16,4.7392857142857405,6.161924613873953,overlap,Tue,13,False
363,XAUUSDm,long,2025-07-15 15:30:00+00:00,19501,3334.363,0.05,3327.363,3344.363,7.0,close_below_lower,0.6714974945195064,2025-07-15 15:35:00+00:00,19502,3326.198,sl,-40.82499999999982,0.0,0.0,-40.82499999999982,-1.1664285714285663,-8.558999999999742,0.0,-1.2227142857142488,0.0,1,300.0,0.16,3.316642857142824,6.3969431432083335,overlap,Tue,15,False
364,XAUUSDm,long,2025-07-15 15:40:00+00:00,19503,3330.019,0.05,3323.019,3340.019,7.0,close_below_lower,0.7656726240607653,2025-07-15 16:10:00+00:00,19509,3323.019,sl,-35.0,0.0,0.0,-35.0,-1.0,-6.102999999999611,3.4720000000002074,-0.8718571428570873,0.49600000000002964,6,1800.0,0.16,3.704285714285691,6.565230171260559,overlap,Tue,15,False
365,XAUUSDm,long,2025-07-15 16:15:00+00:00,19510,3322.855,0.05,3315.855,3332.855,7.0,close_below_lower,0.34309796197071535,2025-07-15 16:50:00+00:00,19517,3328.341,signal,27.42999999999938,0.0,0.0,27.42999999999938,0.783714285714268,-2.6480000000001382,5.5349999999998545,-0.37828571428573404,0.7907142857142649,7,2100.0,0.16,3.864214285714297,6.854081350638424,newyork,Tue,16,False
366,XAUUSDm,long,2025-07-16 13:40:00+00:00,19755,3328.553,0.05,3321.553,3338.553,7.0,close_below_lower,0.13547035785383887,2025-07-16 14:15:00+00:00,19762,3321.553,sl,-35.0,0.0,0.0,-35.0,-1.0,-6.614999999999782,2.7020000000002256,-0.9449999999999689,0.3860000000000322,7,2100.0,0.16,3.742714285714328,5.37164363139374,overlap,Wed,13,False
367,XAUUSDm,short,2025-07-16 14:55:00+00:00,19770,3335.52,0.05,3342.52,3325.52,7.0,close_above_upper,0.5230617620184178,2025-07-16 15:00:00+00:00,19771,3342.68,sl,-35.79999999999927,0.0,0.0,-35.79999999999927,-1.022857142857122,-7.074000000000069,5.48700000000008,-1.0105714285714384,0.7838571428571542,1,300.0,0.16,4.863928571428622,5.710867409157551,overlap,Wed,14,False
368,XAUUSDm,short,2025-07-16 15:05:00+00:00,19772,3345.064,0.05,3352.064,3335.064,7.0,close_above_upper,1.6303048423886835,2025-07-16 15:10:00+00:00,19773,3352.2239999999997,sl,-35.79999999999927,0.0,0.0,-35.79999999999927,-1.022857142857122,-8.884000000000015,0.1799999999998363,-1.2691428571428591,0.025714285714262326,1,300.0,0.16,5.759571428571495,5.855561759052879,overlap,Wed,15,False
369,XAUUSDm,short,2025-07-16 15:15:00+00:00,19774,3348.736,0.05,3355.736,3338.736,7.0,close_above_upper,1.4435140903676034,2025-07-16 15:20:00+00:00,19775,3369.5919999999996,sl,-104.27999999999884,0.0,0.0,-104.27999999999884,-2.9794285714285382,-21.457000000000335,1.862999999999829,-3.065285714285762,0.2661428571428327,1,300.0,0.16,6.239142857142887,6.043781707887016,overlap,Wed,15,False
370,XAUUSDm,short,2025-07-16 15:25:00+00:00,19776,3367.624,0.05,3374.624,3357.624,7.0,close_above_upper,3.1201848947488067,2025-07-16 15:30:00+00:00,19777,3374.7839999999997,sl,-35.79999999999927,0.0,0.0,-35.79999999999927,-1.022857142857122,-2.8290000000001783,4.988999999999578,-0.4041428571428826,0.7127142857142255,1,300.0,0.16,7.871714285714298,6.367251164349549,overlap,Wed,15,False
371,XAUUSDm,short,2025-07-16 15:35:00+00:00,19778,3373.849,0.05,3380.849,3363.849,7.0,close_above_upper,2.8894437991255506,2025-07-16 15:40:00+00:00,19779,3364.009,tp,49.20000000000073,0.0,0.0,49.20000000000073,1.4057142857143066,-0.09499999999979991,9.155999999999949,-0.013571428571399988,1.3079999999999927,1,300.0,0.16,8.671214285714282,6.589706227199937,overlap,Wed,15,False
372,XAUUSDm,short,2025-07-16 15:45:00+00:00,19780,3360.438,0.05,3367.438,3350.438,7.0,close_above_upper,0.08470069261821511,2025-07-16 15:55:00+00:00,19782,3350.598,tp,49.20000000000073,0.0,0.0,49.20000000000073,1.4057142857143066,-5.885999999999967,5.512000000000171,-0.8408571428571382,0.7874285714285959,2,600.0,0.16,9.603357142857087,6.698163172777642,overlap,Wed,15,False
373,XAUUSDm,long,2025-07-16 16:00:00+00:00,19783,3343.631,0.05,3336.631,3353.631,7.0,close_below_lower,0.7550320512697567,2025-07-16 16:10:00+00:00,19785,3353.631,tp,50.0,0.0,0.0,50.0,1.4285714285714286,-4.6729999999997744,6.69399999999996,-0.6675714285713964,0.9562857142857085,2,600.0,0.16,11.632857142857087,6.77976585188779,newyork,Wed,16,False
374,XAUUSDm,long,2025-07-17 12:35:00+00:00,20018,3318.152,0.05,3311.152,3328.152,7.0,close_below_lower,0.0866055860746242,2025-07-17 12:50:00+00:00,20021,3311.152,sl,-35.0,0.0,0.0,-35.0,-1.0,-6.90099999999984,1.2910000000001673,-0.98585714285712,0.18442857142859534,3,900.0,0.16,3.179071428571368,6.092408172416141,overlap,Thu,12,False
375,XAUUSDm,long,2025-07-17 12:55:00+00:00,20022,3311.9449999999997,0.05,3304.945,3321.945,7.0,close_below_lower,0.40230828995285783,2025-07-17 13:20:00+00:00,20027,3318.217,signal,31.360000000001946,0.0,0.0,31.360000000001946,0.8960000000000556,-2.000999999999749,7.025000000000091,-0.285857142857107,1.0035714285714417,5,1500.0,0.16,4.076999999999965,6.22742384961268,overlap,Thu,12,False
376,XAUUSDm,short,2025-07-17 14:20:00+00:00,20039,3328.316,0.05,3335.316,3318.316,7.0,close_above_upper,0.3656425188030348,2025-07-17 15:00:00+00:00,20047,3335.4759999999997,sl,-35.79999999999927,0.0,0.0,-35.79999999999927,-1.022857142857122,-6.861000000000331,2.211999999999989,-0.9801428571429044,0.31599999999999845,8,2400.0,0.16,3.7025000000000676,6.424491520074833,overlap,Thu,14,False
377,XAUUSDm,short,2025-07-21 05:15:00+00:00,20481,3362.876,0.05,3369.876,3352.876,7.0,close_above_upper,0.20181570082991276,2025-07-21 06:25:00+00:00,20495,3370.036,sl,-35.79999999999927,0.0,0.0,-35.79999999999927,-1.022857142857122,-6.824999999999818,0.3100000000004002,-0.974999999999974,0.04428571428577145,14,4200.0,0.16,1.5645000000000178,5.025889367706219,asian,Mon,5,False
378,XAUUSDm,short,2025-07-21 11:25:00+00:00,20555,3371.696,0.05,3378.696,3361.696,7.0,close_above_upper,0.05606329045353935,2025-07-21 12:15:00+00:00,20565,3378.8559999999998,sl,-35.79999999999927,0.0,0.0,-35.79999999999927,-1.022857142857122,-5.416000000000167,0.9760000000001128,-0.7737142857143097,0.13942857142858753,10,3000.0,0.16,1.5428571428572013,4.46153686670001,london,Mon,11,False
379,XAUUSDm,short,2025-07-21 12:25:00+00:00,20567,3380.899,0.05,3387.899,3370.899,7.0,close_above_upper,0.346529023840585,2025-07-21 12:50:00+00:00,20572,3388.0589999999997,sl,-35.79999999999927,0.0,0.0,-35.79999999999927,-1.022857142857122,-6.606999999999971,0.3309999999996762,-0.9438571428571387,0.04728571428566803,5,1500.0,0.16,2.2218571428571585,4.65672114558162,overlap,Mon,12,False
380,XAUUSDm,short,2025-07-21 12:55:00+00:00,20573,3387.068,0.05,3394.068,3377.068,7.0,close_above_upper,0.26798624386418635,2025-07-21 13:45:00+00:00,20583,3394.228,sl,-35.79999999999927,0.0,0.0,-35.79999999999927,-1.022857142857122,-2.643999999999778,3.4160000000001673,-0.37771428571425403,0.4880000000000239,10,3000.0,0.16,2.4027142857143127,4.855315269338519,overlap,Mon,12,False
381,XAUUSDm,short,2025-07-21 14:15:00+00:00,20589,3394.682,0.05,3401.682,3384.682,7.0,close_above_upper,0.06953894620891943,2025-07-21 15:15:00+00:00,20601,3396.8129999999996,signal,-10.65499999999929,0.0,0.0,-10.65499999999929,-0.3044285714285512,-6.893000000000029,1.1019999999998618,-0.9847142857142899,0.15742857142855168,12,3600.0,0.16,3.2387142857142277,5.020800862061602,overlap,Mon,14,False
382,XAUUSDm,long,2025-07-22 00:05:00+00:00,20695,3392.1499999999996,0.05,3385.15,3402.15,7.0,close_below_lower,0.024872724694619704,2025-07-22 00:35:00+00:00,20701,3395.535,signal,16.92500000000109,0.0,0.0,16.92500000000109,0.48357142857145974,-1.7299999999995634,5.515000000000327,-0.24714285714279477,0.7878571428571897,6,1800.0,0.16,2.2939999999999663,5.288532151313396,asian,Tue,0,False
383,XAUUSDm,short,2025-07-22 12:25:00+00:00,20843,3400.039,0.05,3407.039,3390.039,7.0,close_above_upper,0.6273138821415947,2025-07-22 12:55:00+00:00,20849,3407.199,sl,-35.79999999999927,0.0,0.0,-35.79999999999927,-1.022857142857122,-5.8849999999997635,2.3640000000000327,-0.8407142857142519,0.3377142857142904,6,1800.0,0.16,1.8378571428571118,4.996430275718076,overlap,Tue,12,False
384,XAUUSDm,short,2025-07-22 13:00:00+00:00,20850,3407.508,0.05,3414.508,3397.508,7.0,close_above_upper,0.6412267061362599,2025-07-22 13:25:00+00:00,20855,3414.6679999999997,sl,-35.79999999999927,0.0,0.0,-35.79999999999927,-1.022857142857122,-6.989000000000033,1.1109999999998763,-0.9984285714285761,0.15871428571426804,5,1500.0,0.16,2.9206428571428336,5.239224924959171,overlap,Tue,13,False
385,XAUUSDm,short,2025-07-22 13:30:00+00:00,20856,3415.559,0.05,3422.559,3405.559,7.0,close_above_upper,0.5634486154587445,2025-07-22 14:00:00+00:00,20862,3412.593,signal,14.830000000001746,0.0,0.0,14.830000000001746,0.4237142857143356,-4.648999999999887,4.251000000000204,-0.664142857142841,0.6072857142857434,6,1800.0,0.16,3.9274999999999443,5.504133680491822,overlap,Tue,13,False
386,XAUUSDm,short,2025-07-22 14:30:00+00:00,20868,3421.757,0.05,3428.757,3411.757,7.0,close_above_upper,0.10511488747286896,2025-07-22 15:00:00+00:00,20874,3428.917,sl,-35.79999999999927,0.0,0.0,-35.79999999999927,-1.022857142857122,-6.000999999999749,0.22100000000000364,-0.8572857142856785,0.03157142857142909,6,1800.0,0.16,4.137857142857034,5.778462314036001,overlap,Tue,14,False
387,XAUUSDm,short,2025-07-22 15:05:00+00:00,20875,3429.758,0.05,3436.758,3419.758,7.0,close_above_upper,0.20403097251840727,2025-07-22 15:35:00+00:00,20881,3424.594,signal,25.8199999999988,0.0,0.0,25.8199999999988,0.7377142857142515,-0.8560000000002219,5.48299999999972,-0.12228571428574599,0.7832857142856743,6,1800.0,0.16,4.497357142856962,6.054516783793423,overlap,Tue,15,False
388,XAUUSDm,short,2025-07-23 00:25:00+00:00,20975,3437.58,0.05,3444.58,3427.58,7.0,close_above_upper,0.1633085517833745,2025-07-23 00:35:00+00:00,20977,3430.278,signal,36.51000000000067,0.0,0.0,36.51000000000067,1.0431428571428765,-0.25700000000006185,8.68600000000015,-0.036714285714294546,1.2408571428571642,2,600.0,0.16,2.6514285714286934,5.893543988320699,asian,Wed,0,False
389,XAUUSDm,long,2025-07-23 01:05:00+00:00,20983,3424.881,0.05,3417.881,3434.881,7.0,close_below_lower,0.01660670642354,2025-07-23 02:50:00+00:00,21004,3424.054,signal,-4.134999999998854,0.0,0.0,-4.134999999998854,-0.1181428571428244,-5.726999999999862,2.8600000000001273,-0.8181428571428374,0.40857142857144674,21,6300.0,0.16,3.4530714285714503,5.756250240392732,asian,Wed,1,False
390,XAUUSDm,long,2025-07-23 10:25:00+00:00,21095,3422.632,0.05,3415.632,3432.632,7.0,close_below_lower,0.07418764402533447,2025-07-23 11:30:00+00:00,21108,3425.308,signal,13.379999999999654,0.0,0.0,13.379999999999654,0.3822857142857044,-2.3270000000002256,2.7339999999999236,-0.33242857142860366,0.39057142857141763,13,3900.0,0.16,2.021071428571434,5.340706949181235,london,Wed,10,False
391,XAUUSDm,long,2025-07-23 13:05:00+00:00,21127,3414.524,0.05,3407.524,3424.524,7.0,close_below_lower,0.7075178087928138,2025-07-23 13:30:00+00:00,21132,3407.524,sl,-35.0,0.0,0.0,-35.0,-1.0,-6.463999999999942,2.9770000000003165,-0.9234285714285632,0.4252857142857595,5,1500.0,0.16,3.123785714285727,5.5634527412913455,overlap,Wed,13,False
392,XAUUSDm,long,2025-07-23 13:35:00+00:00,21133,3406.259,0.05,3399.259,3416.259,7.0,close_below_lower,0.8484370707213518,2025-07-23 14:00:00+00:00,21138,3416.259,tp,50.0,0.0,0.0,50.0,1.4285714285714286,-0.26499999999987267,8.233999999999924,-0.037857142857124666,1.1762857142857033,5,1500.0,0.16,4.175642857142845,5.80651607521661,overlap,Wed,13,False
393,XAUUSDm,long,2025-07-23 16:00:00+00:00,21162,3398.266,0.05,3391.266,3408.266,7.0,close_below_lower,1.017049297416279,2025-07-23 16:05:00+00:00,21163,3386.31,sl,-59.780000000000655,0.0,0.0,-59.780000000000655,-1.7080000000000186,-12.851999999999862,0.0,-1.8359999999999803,0.0,1,300.0,0.16,3.1011428571427717,6.007794215555867,newyork,Wed,16,False
394,XAUUSDm,long,2025-07-23 16:10:00+00:00,21164,3391.596,0.05,3384.596,3401.596,7.0,close_below_lower,1.3147007149617553,2025-07-23 16:20:00+00:00,21166,3384.596,sl,-35.0,0.0,0.0,-35.0,-1.0,-6.824999999999818,2.505000000000109,-0.974999999999974,0.3578571428571585,2,600.0,0.16,4.147357142857053,6.2225516652925155,newyork,Wed,16,False
395,XAUUSDm,long,2025-07-23 16:25:00+00:00,21167,3385.462,0.05,3378.462,3395.462,7.0,close_below_lower,1.1514316631659465,2025-07-23 17:15:00+00:00,21177,3389.993,signal,22.654999999999745,0.0,0.0,22.654999999999745,0.647285714285707,-3.855000000000018,5.527999999999793,-0.5507142857142883,0.7897142857142561,10,3000.0,0.16,4.842999999999912,6.487232033692713,newyork,Wed,16,False
396,XAUUSDm,long,2025-07-24 12:50:00+00:00,21400,3354.4829999999997,0.05,3347.483,3364.483,7.0,close_below_lower,0.19264387629164506,2025-07-24 13:30:00+00:00,21408,3359.101,signal,23.090000000001965,0.0,0.0,23.090000000001965,0.6597142857143419,-3.1679999999996653,5.8400000000001455,-0.4525714285713808,0.8342857142857351,8,2400.0,0.16,3.1516428571428605,6.1075219431987815,overlap,Thu,12,False
397,XAUUSDm,short,2025-07-24 13:45:00+00:00,21411,3366.994,0.05,3373.994,3356.994,7.0,close_above_upper,0.2134402415940979,2025-07-24 14:15:00+00:00,21417,3374.154,sl,-35.79999999999927,0.0,0.0,-35.79999999999927,-1.022857142857122,-5.164999999999964,1.9600000000000364,-0.7378571428571377,0.2800000000000052,6,1800.0,0.16,4.10571428571432,6.258796274423473,overlap,Thu,13,False
398,XAUUSDm,short,2025-07-24 14:20:00+00:00,21418,3373.953,0.05,3380.953,3363.953,7.0,close_above_upper,0.23940932514484112,2025-07-24 15:05:00+00:00,21427,3372.7349999999997,signal,6.09000000000151,0.0,0.0,6.09000000000151,0.17400000000004315,-3.4769999999998618,2.4969999999998436,-0.49671428571426596,0.3567142857142634,9,2700.0,0.16,4.110785714285742,6.503201152993515,overlap,Thu,14,False
399,XAUUSDm,long,2025-07-25 08:30:00+00:00,21624,3345.721,0.05,3338.721,3355.721,7.0,close_below_lower,0.23149126858379931,2025-07-25 09:25:00+00:00,21635,3348.204,signal,12.415000000000873,0.0,0.0,12.415000000000873,0.3547142857143107,-2.6840000000001965,3.474999999999909,-0.3834285714285995,0.49642857142855845,11,3300.0,0.16,2.217857142857091,6.162481904086687,london,Fri,8,False
400,XAUUSDm,long,2025-07-25 14:20:00+00:00,21694,3336.377,0.05,3329.377,3346.377,7.0,close_below_lower,0.05961106639529005,2025-07-25 15:00:00+00:00,21702,3329.377,sl,-35.0,0.0,0.0,-35.0,-1.0,-5.855000000000018,3.1089999999999236,-0.8364285714285741,0.44414285714284624,8,2400.0,0.16,3.7127857142856038,5.093700396559914,overlap,Fri,14,False
401,XAUUSDm,long,2025-07-27 22:55:00+00:00,21784,3325.0919999999996,0.05,3318.092,3335.092,7.0,close_below_lower,0.24506618787814952,2025-07-27 23:00:00+00:00,21785,3335.092,tp,50.000000000002274,0.0,0.0,50.000000000002274,1.4285714285714934,-0.2629999999994652,5.370000000000346,-0.03757142857135217,0.7671428571429065,1,300.0,0.16,2.5786428571428326,5.554079898002761,rollover,Sun,22,False
402,XAUUSDm,long,2025-07-28 12:40:00+00:00,21949,3327.502,0.05,3320.502,3337.502,7.0,close_below_lower,0.26205773306861563,2025-07-28 13:20:00+00:00,21957,3329.972,signal,12.350000000001273,0.0,0.0,12.350000000001273,0.35285714285717923,-1.9940000000001419,3.186000000000149,-0.2848571428571631,0.45514285714287844,8,2400.0,0.16,2.432214285714313,4.8825080489761055,overlap,Mon,12,False
403,XAUUSDm,long,2025-07-28 13:45:00+00:00,21962,3322.0389999999998,0.05,3315.039,3332.039,7.0,close_below_lower,0.18191594061567828,2025-07-28 13:50:00+00:00,21963,3315.039,sl,-34.999999999997726,0.0,0.0,-34.999999999997726,-0.999999999999935,-5.515999999999622,0.6090000000003783,-0.787999999999946,0.08700000000005405,1,300.0,0.16,3.122928571428539,4.9816107910629,overlap,Mon,13,False
404,XAUUSDm,long,2025-07-28 13:55:00+00:00,21964,3306.6,0.05,3299.6,3316.6,7.0,close_below_lower,2.5295018904140787,2025-07-28 14:45:00+00:00,21974,3312.795,signal,30.97500000000082,0.0,0.0,30.97500000000082,0.8850000000000234,-4.822999999999865,7.680000000000291,-0.6889999999999807,1.0971428571428987,10,3000.0,0.16,4.086357142857098,5.12786577114822,overlap,Mon,13,False
405,XAUUSDm,short,2025-07-29 01:45:00+00:00,22094,3319.75,0.05,3326.75,3309.75,7.0,close_above_upper,0.14417674041929363,2025-07-29 02:55:00+00:00,22108,3318.3509999999997,signal,6.99500000000171,0.0,0.0,6.99500000000171,0.19985714285719172,-1.1109999999998763,3.1489999999998872,-0.15871428571426804,0.44985714285712675,14,4200.0,0.16,2.3635714285714067,5.512252038575255,asian,Tue,1,False
406,XAUUSDm,short,2025-07-29 08:10:00+00:00,22171,3325.02,0.05,3332.02,3315.02,7.0,close_above_upper,0.3330924382653675,2025-07-29 09:05:00+00:00,22182,3324.3289999999997,signal,3.4550000000012915,0.0,0.0,3.4550000000012915,0.09871428571432261,-4.956000000000131,1.1419999999998254,-0.7080000000000187,0.1631428571428322,11,3300.0,0.16,3.0905714285713657,5.63315887581414,london,Tue,8,False
407,XAUUSDm,long,2025-07-29 13:35:00+00:00,22236,3315.379,0.05,3308.379,3325.379,7.0,close_below_lower,0.05028632271795083,2025-07-29 14:20:00+00:00,22245,3318.718,signal,16.69499999999971,0.0,0.0,16.69499999999971,0.4769999999999917,-3.4890000000000327,5.76299999999992,-0.4984285714285761,0.8232857142857029,9,2700.0,0.16,3.0285714285714675,5.55608098259405,overlap,Tue,13,False
408,XAUUSDm,short,2025-07-29 14:40:00+00:00,22249,3325.834,0.05,3332.834,3315.834,7.0,close_above_upper,0.008687241675994162,2025-07-29 15:05:00+00:00,22254,3332.9939999999997,sl,-35.79999999999927,0.0,0.0,-35.79999999999927,-1.022857142857122,-5.513000000000375,0.40899999999965075,-0.7875714285714821,0.058428571428521536,5,1500.0,0.16,4.516928571428513,5.638245549369382,overlap,Tue,14,False
409,XAUUSDm,long,2025-07-30 01:50:00+00:00,22359,3322.287,0.05,3315.287,3332.287,7.0,close_below_lower,0.08080688246057051,2025-07-30 02:10:00+00:00,22363,3327.618,signal,26.655000000000655,0.0,0.0,26.655000000000655,0.7615714285714473,-0.43099999999958527,5.393000000000029,-0.061571428571369324,0.7704285714285756,4,1200.0,0.16,1.948714285714264,5.589532386392565,asian,Wed,1,False
410,XAUUSDm,long,2025-07-30 12:50:00+00:00,22491,3320.5009999999997,0.05,3313.501,3330.501,7.0,close_below_lower,0.22054197091401725,2025-07-30 12:55:00+00:00,22492,3313.501,sl,-34.999999999997726,0.0,0.0,-34.999999999997726,-0.999999999999935,-7.156999999999698,0.0,-1.0224285714285284,0.0,1,300.0,0.16,3.020285714285689,4.992520264084829,overlap,Wed,12,False
411,XAUUSDm,long,2025-07-30 13:00:00+00:00,22493,3313.6059999999998,0.05,3306.606,3323.606,7.0,close_below_lower,1.0282564743728424,2025-07-30 13:25:00+00:00,22498,3306.606,sl,-34.999999999997726,0.0,0.0,-34.999999999997726,-0.999999999999935,-6.321999999999662,2.5090000000000146,-0.9031428571428088,0.3584285714285735,5,1500.0,0.16,3.4571428571427987,5.115650996366124,overlap,Wed,13,False
412,XAUUSDm,long,2025-07-30 13:30:00+00:00,22499,3305.5519999999997,0.05,3298.552,3315.552,7.0,close_below_lower,0.8365065169050783,2025-07-30 13:55:00+00:00,22504,3298.552,sl,-34.999999999997726,0.0,0.0,-34.999999999997726,-0.999999999999935,-4.609999999999673,2.574000000000524,-0.6585714285713818,0.36771428571436054,5,1500.0,0.16,4.43235714285707,5.420604364610014,overlap,Wed,13,False
413,XAUUSDm,long,2025-07-30 15:25:00+00:00,22522,3293.67,0.05,3286.67,3303.67,7.0,close_below_lower,0.3769191554081413,2025-07-30 16:15:00+00:00,22532,3294.668,signal,4.9900000000002365,0.0,0.0,4.9900000000002365,0.14257142857143532,-5.095000000000255,1.1739999999999782,-0.7278571428571793,0.1677142857142826,10,3000.0,0.16,2.750285714285675,5.703877749375964,overlap,Wed,15,False
414,XAUUSDm,long,2025-07-30 18:40:00+00:00,22561,3289.978,0.05,3282.978,3299.978,7.0,close_below_lower,0.3968307509138031,2025-07-30 18:50:00+00:00,22563,3282.978,sl,-35.0,0.0,0.0,-35.0,-1.0,-4.856000000000222,2.1419999999998254,-0.6937142857143174,0.30599999999997507,2,600.0,0.16,3.8092142857143307,6.008998781220624,newyork,Wed,18,False
415,XAUUSDm,long,2025-07-30 18:55:00+00:00,22564,3283.455,0.05,3276.455,3293.455,7.0,close_below_lower,0.8037482223961712,2025-07-30 19:00:00+00:00,22565,3276.455,sl,-35.0,0.0,0.0,-35.0,-1.0,-3.418999999999869,1.9160000000001673,-0.4884285714285527,0.2737142857143096,1,300.0,0.16,4.791071428571448,6.184147020627105,newyork,Wed,18,False
416,XAUUSDm,long,2025-07-30 19:05:00+00:00,22566,3280.4379999999996,0.05,3273.438,3290.438,7.0,close_below_lower,0.7234487125399894,2025-07-30 19:20:00+00:00,22569,3273.438,sl,-34.999999999997726,0.0,0.0,-34.999999999997726,-0.999999999999935,-6.277999999999793,2.242000000000189,-0.8968571428571133,0.3202857142857413,3,900.0,0.16,5.381357142857171,6.314170297015206,newyork,Wed,19,False
417,XAUUSDm,long,2025-07-30 19:25:00+00:00,22570,3276.085,0.05,3269.085,3286.085,7.0,close_below_lower,0.31107655746513896,2025-07-30 19:35:00+00:00,22572,3269.085,sl,-35.0,0.0,0.0,-35.0,-1.0,-6.704999999999927,0.9409999999998035,-0.9578571428571324,0.13442857142854336,2,600.0,0.16,5.394071428571449,6.533157738511257,newyork,Wed,19,False
418,XAUUSDm,long,2025-07-30 19:40:00+00:00,22573,3270.22,0.05,3263.22,3280.22,7.0,close_below_lower,0.41476112184221453,2025-07-30 20:10:00+00:00,22579,3275.193,signal,24.865000000002055,0.0,0.0,24.865000000002055,0.7104285714286301,-2.0279999999997926,5.472000000000207,-0.2897142857142561,0.7817142857143153,6,1800.0,0.16,5.709071428571439,6.701932278281471,newyork,Wed,19,False
419,XAUUSDm,short,2025-07-31 08:20:00+00:00,22713,3312.267,0.05,3319.267,3302.267,7.0,close_above_upper,0.10042094361781093,2025-07-31 09:20:00+00:00,22725,3310.4579999999996,signal,9.045000000000982,0.0,0.0,9.045000000000982,0.2584285714285995,-2.5720000000001164,3.4289999999996326,-0.36742857142858804,0.48985714285709037,12,3600.0,0.16,3.29492857142863,6.583685172149573,london,Thu,8,False
420,XAUUSDm,long,2025-07-31 10:55:00+00:00,22744,3296.5209999999997,0.05,3289.521,3306.521,7.0,close_below_lower,0.06733877416326985,2025-07-31 11:20:00+00:00,22749,3302.571,signal,30.25000000000091,0.0,0.0,30.25000000000091,0.8642857142857403,-2.7349999999996726,6.512000000000171,-0.39071428571423894,0.9302857142857387,5,1500.0,0.16,2.2421428571428805,6.6688035557100935,london,Thu,10,False
421,XAUUSDm,long,2025-07-31 14:35:00+00:00,22788,3293.879,0.05,3286.879,3303.879,7.0,close_below_lower,0.03163864644122291,2025-07-31 15:20:00+00:00,22797,3298.217,signal,21.690000000000964,0.0,0.0,21.690000000000964,0.6197142857143133,-2.5789999999997235,4.782999999999902,-0.3684285714285319,0.6832857142857003,9,2700.0,0.16,3.4300714285714093,6.6174671400309775,overlap,Thu,14,False
422,XAUUSDm,short,2025-08-01 12:35:00+00:00,23040,3328.02,0.05,3335.02,3318.02,7.0,close_above_upper,3.000062865756915,2025-08-01 12:40:00+00:00,23041,3335.18,sl,-35.79999999999927,0.0,0.0,-35.79999999999927,-1.022857142857122,-7.358000000000175,0.2339999999999236,-1.051142857142882,0.03342857142856052,1,300.0,0.16,4.210571428571517,6.247968769044751,overlap,Fri,12,False
423,XAUUSDm,short,2025-08-01 12:45:00+00:00,23042,3339.023,0.05,3346.023,3329.023,7.0,close_above_upper,3.475841116771879,2025-08-01 13:10:00+00:00,23047,3346.183,sl,-35.79999999999927,0.0,0.0,-35.79999999999927,-1.022857142857122,-6.876999999999953,3.625,-0.9824285714285647,0.5178571428571429,5,1500.0,0.16,5.218000000000075,6.549080628239219,overlap,Fri,12,False
424,XAUUSDm,short,2025-08-01 13:15:00+00:00,23048,3351.019,0.05,3358.019,3341.019,7.0,close_above_upper,1.8344567890044063,2025-08-01 13:50:00+00:00,23055,3343.1369999999997,signal,39.41000000000031,0.0,0.0,39.41000000000031,1.1260000000000088,-3.61200000000008,9.02599999999984,-0.5160000000000114,1.2894285714285485,7,2100.0,0.16,7.110571428571445,7.273894606475219,overlap,Fri,13,False
425,XAUUSDm,short,2025-08-01 19:35:00+00:00,23124,3356.778,0.05,3363.778,3346.778,7.0,close_above_upper,0.01830440365045133,2025-08-03 22:05:00+00:00,23141,3364.499,sl,-38.60500000000002,0.0,0.0,-38.60500000000002,-1.1030000000000004,-6.788000000000011,0.3269999999997708,-0.9697142857142873,0.04671428571425297,17,181800.0,0.16,1.917071428571457,6.849326293078795,newyork,Fri,19,False
426,XAUUSDm,short,2025-08-04 11:25:00+00:00,23301,3367.772,0.05,3374.772,3357.772,7.0,close_above_upper,0.09591708918103922,2025-08-04 12:25:00+00:00,23313,3367.228,signal,2.719999999999345,0.0,0.0,2.719999999999345,0.077714285714267,-3.7800000000002,2.0659999999998035,-0.5400000000000286,0.29514285714282906,12,3600.0,0.16,2.3560714285714703,6.797361919520242,london,Mon,11,False
427,XAUUSDm,short,2025-08-04 13:50:00+00:00,23330,3381.65,0.05,3388.65,3371.65,7.0,close_above_upper,0.1179258288904722,2025-08-04 14:15:00+00:00,23335,3377.709,signal,19.70500000000129,0.0,0.0,19.70500000000129,0.5630000000000369,-3.7100000000000364,4.863000000000284,-0.5300000000000052,0.6947142857143263,5,1500.0,0.16,3.4498571428570943,7.171169087507643,overlap,Mon,13,False
428,XAUUSDm,long,2025-08-05 10:10:00+00:00,23562,3357.035,0.05,3350.035,3367.035,7.0,close_below_lower,0.09955165894913608,2025-08-05 11:35:00+00:00,23579,3350.035,sl,-35.0,0.0,0.0,-35.0,-1.0,-6.961999999999989,1.1200000000003456,-0.994571428571427,0.16000000000004938,17,5100.0,0.16,2.2097857142857396,5.649852802743984,london,Tue,10,False
429,XAUUSDm,short,2025-08-05 12:30:00+00:00,23590,3360.817,0.05,3367.817,3350.817,7.0,close_above_upper,0.18704459276312266,2025-08-05 13:00:00+00:00,23596,3367.977,sl,-35.79999999999927,0.0,0.0,-35.79999999999927,-1.022857142857122,-6.211999999999989,0.6539999999999964,-0.8874285714285699,0.0934285714285709,6,1800.0,0.16,2.765785714285747,5.730604958594485,overlap,Tue,12,False
430,XAUUSDm,short,2025-08-05 13:05:00+00:00,23597,3366.984,0.05,3373.984,3356.984,7.0,close_above_upper,0.0010568593848181854,2025-08-05 13:30:00+00:00,23602,3374.144,sl,-35.79999999999927,0.0,0.0,-35.79999999999927,-1.022857142857122,-4.695999999999913,0.4169999999999163,-0.6708571428571304,0.05957142857141662,5,1500.0,0.16,2.8946428571428635,5.9334378642520935,overlap,Tue,13,False
431,XAUUSDm,short,2025-08-05 13:35:00+00:00,23603,3376.068,0.05,3383.068,3366.068,7.0,close_above_upper,0.4918167468364318,2025-08-05 14:15:00+00:00,23611,3373.031,signal,15.18500000000131,0.0,0.0,15.18500000000131,0.4338571428571803,-4.6729999999997744,5.604000000000269,-0.6675714285713964,0.800571428571467,8,2400.0,0.16,2.6975714285714014,6.08674190501373,overlap,Tue,13,False
432,XAUUSDm,short,2025-08-05 14:25:00+00:00,23613,3382.264,0.05,3389.264,3372.264,7.0,close_above_upper,0.17428972185239938,2025-08-05 15:35:00+00:00,23627,3382.79,signal,-2.6299999999991996,0.0,0.0,-2.6299999999991996,-0.07514285714283428,-5.686999999999898,3.57300000000032,-0.8124285714285568,0.5104285714286172,14,4200.0,0.16,4.159357142857191,6.300200722219104,overlap,Tue,14,False
433,XAUUSDm,short,2025-08-07 06:45:00+00:00,24073,3385.282,0.05,3392.282,3375.282,7.0,close_above_upper,0.16305475371892886,2025-08-07 07:25:00+00:00,24081,3392.442,sl,-35.79999999999927,0.0,0.0,-35.79999999999927,-1.022857142857122,-4.699000000000069,1.305000000000291,-0.6712857142857241,0.186428571428613,8,2400.0,0.16,2.189642857142839,5.566207309168407,asian,Thu,6,False
434,XAUUSDm,short,2025-08-07 07:30:00+00:00,24082,3392.124,0.05,3399.124,3382.124,7.0,close_above_upper,0.04058821731118772,2025-08-07 08:05:00+00:00,24089,3382.2839999999997,tp,49.20000000000073,0.0,0.0,49.20000000000073,1.4057142857143066,-5.322000000000116,0.737999999999829,-0.7602857142857309,0.105428571428547,7,2100.0,0.16,2.208071428571397,5.7219645124912235,london,Thu,7,False
435,XAUUSDm,long,2025-08-07 08:10:00+00:00,24090,3384.542,0.05,3377.542,3394.542,7.0,close_below_lower,0.2436456212958746,2025-08-07 08:20:00+00:00,24092,3377.542,sl,-35.0,0.0,0.0,-35.0,-1.0,-5.223999999999705,2.2080000000000837,-0.7462857142856721,0.3154285714285834,2,600.0,0.16,3.3210714285714857,5.8679359719826705,london,Thu,8,False
436,XAUUSDm,long,2025-08-07 08:25:00+00:00,24093,3374.324,0.05,3367.324,3384.324,7.0,close_below_lower,1.3719348565553682,2025-08-07 09:15:00+00:00,24103,3381.025,signal,33.50500000000011,0.0,0.0,33.50500000000011,0.9572857142857174,-1.9030000000002474,8.108999999999924,-0.2718571428571782,1.1584285714285605,10,3000.0,0.16,3.99492857142861,5.933031093511873,london,Thu,8,False
437,XAUUSDm,short,2025-08-07 12:35:00+00:00,24143,3387.91,0.05,3394.91,3377.91,7.0,close_above_upper,0.557224004749017,2025-08-07 12:50:00+00:00,24146,3381.0409999999997,signal,34.34500000000071,0.0,0.0,34.34500000000071,0.9812857142857345,-1.88799999999992,7.507000000000062,-0.2697142857142743,1.0724285714285802,3,900.0,0.16,3.343714285714246,5.376468898822077,overlap,Thu,12,False
438,XAUUSDm,short,2025-08-07 19:35:00+00:00,24227,3396.699,0.05,3403.699,3386.699,7.0,close_above_upper,0.11667149980058579,2025-08-07 20:50:00+00:00,24242,3396.403,signal,1.4800000000013824,0.0,0.0,1.4800000000013824,0.042285714285753784,-5.173999999999978,1.6480000000001382,-0.739142857142854,0.23542857142859117,15,4500.0,0.16,1.9125714285715145,5.934801240471284,newyork,Thu,19,False
439,XAUUSDm,long,2025-08-07 22:20:00+00:00,24248,3390.428,0.05,3383.428,3400.428,7.0,close_below_lower,0.24564839485113138,2025-08-07 22:35:00+00:00,24251,3400.428,tp,50.0,0.0,0.0,50.0,1.4285714285714286,-1.4029999999997926,5.4050000000002,-0.2004285714285418,0.7721428571428858,3,900.0,0.16,4.794928571428533,6.152916231310694,rollover,Thu,22,False
440,XAUUSDm,short,2025-08-07 23:00:00+00:00,24256,3405.174,0.05,3412.174,3395.174,7.0,close_above_upper,0.09098310636749805,2025-08-07 23:25:00+00:00,24261,3399.187,signal,29.9350000000004,0.0,0.0,29.9350000000004,0.8552857142857258,-1.8539999999998145,7.670999999999822,-0.26485714285711637,1.0958571428571173,5,1500.0,0.16,6.402285714285719,6.30756323770747,rollover,Thu,23,False
441,XAUUSDm,long,2025-08-08 00:25:00+00:00,24273,3391.752,0.05,3384.752,3401.752,7.0,close_below_lower,0.15347567474800924,2025-08-08 01:05:00+00:00,24281,3384.752,sl,-35.0,0.0,0.0,-35.0,-1.0,-4.157000000000153,3.663000000000011,-0.5938571428571647,0.5232857142857158,8,2400.0,0.16,3.1133571428571094,6.392970184441749,asian,Fri,0,False
442,XAUUSDm,long,2025-08-08 01:10:00+00:00,24282,3384.928,0.05,3377.928,3394.928,7.0,close_below_lower,0.202127730958444,2025-08-08 02:15:00+00:00,24295,3387.614,signal,13.430000000000746,0.0,0.0,13.430000000000746,0.38371428571430705,-3.8460000000000036,3.1150000000002365,-0.5494285714285719,0.44500000000003376,13,3900.0,0.16,3.9427142857143087,6.551216830153986,asian,Fri,1,False
443,XAUUSDm,short,2025-08-08 03:40:00+00:00,24312,3396.688,0.05,3403.688,3386.688,7.0,close_above_upper,0.15997340699103113,2025-08-08 05:00:00+00:00,24328,3394.47,signal,11.09000000000151,0.0,0.0,11.09000000000151,0.31685714285718597,-2.5839999999998327,3.1480000000001382,-0.36914285714283324,0.44971428571430544,16,4800.0,0.16,2.5576428571428096,6.705369359958842,asian,Fri,3,False
444,XAUUSDm,long,2025-08-08 10:30:00+00:00,24394,3390.5919999999996,0.05,3383.592,3400.592,7.0,close_below_lower,0.013423598743805783,2025-08-08 11:15:00+00:00,24403,3383.592,sl,-34.999999999997726,0.0,0.0,-34.999999999997726,-0.999999999999935,-6.442999999999756,1.0150000000003274,-0.9204285714285366,0.14500000000004679,9,2700.0,0.16,2.2645714285715064,6.712598742267518,london,Fri,10,False
445,XAUUSDm,short,2025-08-08 12:35:00+00:00,24419,3398.795,0.05,3405.795,3388.795,7.0,close_above_upper,0.38770554787495287,2025-08-08 13:00:00+00:00,24424,3391.806,signal,34.945000000000164,0.0,0.0,34.945000000000164,0.9984285714285761,-3.1489999999998872,9.682999999999993,-0.44985714285712675,1.3832857142857133,5,1500.0,0.16,3.5924285714285946,7.066607060378803,overlap,Fri,12,False
446,XAUUSDm,long,2025-08-08 14:30:00+00:00,24442,3383.364,0.05,3376.364,3393.364,7.0,close_below_lower,0.20272376487173221,2025-08-08 15:00:00+00:00,24448,3390.601,signal,36.1850000000004,0.0,0.0,36.1850000000004,1.0338571428571544,-2.2590000000000146,7.858000000000175,-0.3227142857142878,1.1225714285714534,6,1800.0,0.16,5.307285714285691,7.399766276216235,overlap,Fri,14,False
447,XAUUSDm,long,2025-08-08 18:00:00+00:00,24484,3381.892,0.05,3374.892,3391.892,7.0,close_below_lower,1.0843622075435673,2025-08-08 18:05:00+00:00,24485,3398.259,signal,81.83500000000095,0.0,0.0,81.83500000000095,2.338142857142884,-5.338999999999942,16.702999999999975,-0.7627142857142774,2.3861428571428536,1,300.0,0.16,3.1916428571429543,7.719557057482703,newyork,Fri,18,False
448,XAUUSDm,long,2025-08-11 01:10:00+00:00,24557,3371.942,0.05,3364.942,3381.942,7.0,close_below_lower,0.5956767054815701,2025-08-11 01:55:00+00:00,24566,3378.087,signal,30.72499999999991,0.0,0.0,30.72499999999991,0.8778571428571402,-4.266999999999825,8.019999999999982,-0.6095714285714037,1.145714285714283,9,2700.0,0.16,3.6618571428570834,7.963482496093571,asian,Mon,1,False
449,XAUUSDm,long,2025-08-11 06:30:00+00:00,24621,3366.6969999999997,0.05,3359.697,3376.697,7.0,close_below_lower,0.06986438748573481,2025-08-11 07:10:00+00:00,24629,3359.697,sl,-34.999999999997726,0.0,0.0,-34.999999999997726,-0.999999999999935,-6.257999999999811,2.575000000000273,-0.8939999999999729,0.36785714285718185,8,2400.0,0.16,2.479499999999981,7.272086905534461,asian,Mon,6,False
450,XAUUSDm,long,2025-08-11 14:40:00+00:00,24719,3344.575,0.05,3337.575,3354.575,7.0,close_below_lower,0.31521200980441383,2025-08-11 15:30:00+00:00,24729,3349.887,signal,26.560000000001764,0.0,0.0,26.560000000001764,0.7588571428571933,-3.1659999999997126,5.673000000000229,-0.4522857142856732,0.8104285714286041,10,3000.0,0.16,4.047285714285765,7.709230432204339,overlap,Mon,14,False
451,XAUUSDm,short,2025-08-11 17:40:00+00:00,24755,3355.164,0.05,3362.164,3345.164,7.0,close_above_upper,0.33040466546785835,2025-08-11 19:10:00+00:00,24773,3354.498,signal,3.3300000000008367,0.0,0.0,3.3300000000008367,0.09514285714288105,-3.6649999999999636,2.8980000000001382,-0.5235714285714234,0.41400000000001974,18,5400.0,0.16,2.992285714285702,7.540690791853075,newyork,Mon,17,False
452,XAUUSDm,short,2025-08-12 07:40:00+00:00,24911,3356.303,0.05,3363.303,3346.303,7.0,close_above_upper,0.1543742985804401,2025-08-12 08:25:00+00:00,24920,3351.3019999999997,signal,25.00500000000102,0.0,0.0,25.00500000000102,0.7144285714286005,-0.9900000000002365,6.403999999999996,-0.1414285714286052,0.9148571428571424,9,2700.0,0.16,3.1527857142856583,7.0013816461188,london,Tue,7,False
453,XAUUSDm,short,2025-08-12 12:50:00+00:00,24973,3357.912,0.05,3364.912,3347.912,7.0,close_above_upper,0.6784802501074425,2025-08-12 12:55:00+00:00,24974,3348.0719999999997,tp,49.20000000000073,0.0,0.0,49.20000000000073,1.4057142857143066,-0.04800000000022919,8.487999999999829,-0.006857142857175599,1.2125714285714042,1,300.0,0.16,4.490714285714213,6.755254168254805,overlap,Tue,12,False
454,XAUUSDm,short,2025-08-12 13:45:00+00:00,24984,3354.81,0.05,3361.81,3344.81,7.0,close_above_upper,0.022820653534295552,2025-08-12 13:50:00+00:00,24985,3344.97,tp,49.20000000000073,0.0,0.0,49.20000000000073,1.4057142857143066,-2.2609999999999673,8.81399999999985,-0.32299999999999535,1.2591428571428358,1,300.0,0.16,6.837285714285697,6.812505703373311,overlap,Tue,13,False
455,XAUUSDm,long,2025-08-12 14:15:00+00:00,24990,3336.116,0.05,3329.116,3346.116,7.0,close_below_lower,0.42067906377899605,2025-08-12 15:05:00+00:00,25000,3340.756,signal,23.199999999999363,0.0,0.0,23.199999999999363,0.6628571428571247,-5.036000000000058,5.376000000000204,-0.7194285714285797,0.7680000000000291,10,3000.0,0.16,6.43214285714287,6.877296168211776,overlap,Tue,14,False
456,XAUUSDm,short,2025-08-12 15:25:00+00:00,25004,3348.119,0.05,3355.119,3338.119,7.0,close_above_upper,0.14069287137332948,2025-08-12 15:30:00+00:00,25005,3355.279,sl,-35.79999999999927,0.0,0.0,-35.79999999999927,-1.022857142857122,-11.091999999999643,0.2919999999999163,-1.5845714285713777,0.04171428571427376,1,300.0,0.16,3.8643571428571186,7.1961493600806,overlap,Tue,15,False
457,XAUUSDm,short,2025-08-12 15:35:00+00:00,25006,3351.416,0.05,3358.416,3341.416,7.0,close_above_upper,0.2015196232956816,2025-08-12 16:15:00+00:00,25014,3347.1639999999998,signal,21.260000000002037,0.0,0.0,21.260000000002037,0.6074285714286296,-3.0329999999999018,4.7020000000002256,-0.43328571428570023,0.6717142857143179,8,2400.0,0.16,4.650571428571344,7.321320904660597,overlap,Tue,15,False
458,XAUUSDm,short,2025-08-13 13:55:00+00:00,25262,3365.218,0.05,3372.218,3355.218,7.0,close_above_upper,0.012015098369279756,2025-08-13 14:45:00+00:00,25272,3364.237,signal,4.904999999998836,0.0,0.0,4.904999999998836,0.14014285714282387,-5.51700000000028,2.105000000000018,-0.7881428571428971,0.3007142857142883,10,3000.0,0.16,3.2490714285713693,5.915440209637519,overlap,Wed,13,False
459,XAUUSDm,short,2025-08-14 00:25:00+00:00,25376,3371.905,0.05,3378.905,3361.905,7.0,close_above_upper,0.1970665788312048,2025-08-14 01:05:00+00:00,25384,3368.4759999999997,signal,17.14500000000271,0.0,0.0,17.14500000000271,0.4898571428572203,-2.9399999999996,3.6400000000003274,-0.4199999999999428,0.5200000000000468,8,2400.0,0.16,1.681785714285752,6.007212372417563,asian,Thu,0,False
460,XAUUSDm,long,2025-08-14 07:45:00+00:00,25464,3352.6369999999997,0.05,3345.637,3362.637,7.0,close_below_lower,0.3532497793864707,2025-08-14 07:55:00+00:00,25466,3345.637,sl,-34.999999999997726,0.0,0.0,-34.999999999997726,-0.999999999999935,-6.177999999999884,0.015000000000327418,-0.8825714285714119,0.0021428571429039167,2,600.0,0.16,2.9285714285713635,5.8717760790116085,london,Thu,7,False
461,XAUUSDm,long,2025-08-14 08:00:00+00:00,25467,3346.118,0.05,3339.118,3356.118,7.0,close_below_lower,0.8074599666731743,2025-08-14 09:05:00+00:00,25480,3349.272,signal,15.769999999999982,0.0,0.0,15.769999999999982,0.45057142857142807,-4.670999999999822,4.200000000000273,-0.6672857142856888,0.600000000000039,13,3900.0,0.16,3.5568571428570976,6.03019917978293,london,Thu,8,False
462,XAUUSDm,short,2025-08-14 09:15:00+00:00,25482,3354.905,0.05,3361.905,3344.905,7.0,close_above_upper,0.020882994852503747,2025-08-14 10:45:00+00:00,25500,3354.364,signal,2.7050000000008367,0.0,0.0,2.7050000000008367,0.07728571428573819,-4.230999999999767,1.4900000000002365,-0.6044285714285381,0.21285714285717663,18,5400.0,0.16,3.273000000000041,6.078618820582442,london,Thu,9,False
463,XAUUSDm,long,2025-08-14 12:35:00+00:00,25522,3348.2149999999997,0.05,3341.215,3358.215,7.0,close_below_lower,0.13036729331972907,2025-08-14 13:05:00+00:00,25528,3354.006,signal,28.955000000000837,0.0,0.0,28.955000000000837,0.8272857142857382,-0.806999999999789,8.266000000000531,-0.11528571428568414,1.1808571428572188,6,1800.0,0.16,2.681214285714207,5.515427903141801,overlap,Thu,12,False
464,XAUUSDm,long,2025-08-14 13:25:00+00:00,25532,3346.1569999999997,0.05,3339.157,3356.157,7.0,close_below_lower,0.09867841840295122,2025-08-14 14:05:00+00:00,25540,3339.157,sl,-34.999999999997726,0.0,0.0,-34.999999999997726,-0.999999999999935,-4.459999999999582,3.131000000000313,-0.6371428571427974,0.447285714285759,8,2400.0,0.16,4.581714285714303,5.603790402379426,overlap,Thu,13,False
465,XAUUSDm,long,2025-08-14 14:10:00+00:00,25541,3336.7019999999998,0.05,3329.702,3346.702,7.0,close_below_lower,0.7817491431736924,2025-08-14 15:35:00+00:00,25558,3340.454,signal,18.760000000002037,0.0,0.0,18.760000000002037,0.5360000000000582,-2.4539999999997235,9.997000000000298,-0.35057142857138907,1.4281428571428998,17,5100.0,0.16,4.506999999999964,5.799013200067131,overlap,Thu,14,False
466,XAUUSDm,long,2025-08-17 23:20:00+00:00,25914,3324.998,0.05,3317.998,3334.998,7.0,close_below_lower,0.6051469191761968,2025-08-18 00:10:00+00:00,25924,3331.677,signal,33.39500000000044,0.0,0.0,33.39500000000044,0.9541428571428696,-1.4949999999998909,6.889999999999873,-0.21357142857141298,0.9842857142856961,10,3000.0,0.16,1.6720000000000255,5.07559361967353,rollover,Sun,23,False
467,XAUUSDm,short,2025-08-18 00:15:00+00:00,25925,3334.881,0.05,3341.881,3324.881,7.0,close_above_upper,0.021947430894565398,2025-08-18 00:20:00+00:00,25926,3342.0409999999997,sl,-35.79999999999927,0.0,0.0,-35.79999999999927,-1.022857142857122,-2.624000000000251,0.724999999999909,-0.3748571428571787,0.10357142857141557,1,300.0,0.16,2.703571428571422,5.147574843226561,asian,Mon,0,False
468,XAUUSDm,short,2025-08-18 00:25:00+00:00,25927,3339.548,0.05,3346.548,3329.548,7.0,close_above_upper,0.5854809958197016,2025-08-18 01:30:00+00:00,25940,3340.584,signal,-5.180000000000291,0.0,0.0,-5.180000000000291,-0.14800000000000832,-4.641000000000076,2.10799999999972,-0.6630000000000109,0.30114285714281713,13,3900.0,0.16,2.9472857142857265,5.229674244362038,asian,Mon,0,False
469,XAUUSDm,long,2025-08-18 05:40:00+00:00,25990,3347.3959999999997,0.05,3340.396,3357.396,7.0,close_below_lower,0.13370899914705264,2025-08-18 06:40:00+00:00,26002,3349.548,signal,10.760000000000218,0.0,0.0,10.760000000000218,0.30742857142857766,-1.3929999999995744,3.919000000000324,-0.1989999999999392,0.5598571428571891,12,3600.0,0.16,1.9636428571428886,5.1296953821650835,asian,Mon,5,False
470,XAUUSDm,short,2025-08-19 00:20:00+00:00,26202,3338.314,0.05,3345.314,3328.314,7.0,close_above_upper,0.14604702662531757,2025-08-19 00:50:00+00:00,26208,3334.203,signal,20.55499999999938,0.0,0.0,20.55499999999938,0.5872857142856966,-0.19800000000032014,4.690000000000055,-0.02828571428576002,0.6700000000000078,6,1800.0,0.16,2.105928571428584,4.566954754100312,asian,Tue,0,False
471,XAUUSDm,short,2025-08-19 03:10:00+00:00,26236,3339.852,0.05,3346.852,3329.852,7.0,close_above_upper,0.0029490741177425795,2025-08-19 03:45:00+00:00,26243,3338.556,signal,6.479999999999109,0.0,0.0,6.479999999999109,0.18514285714283168,-1.8110000000001492,1.8899999999998727,-0.25871428571430705,0.2699999999999818,7,2100.0,0.16,1.9254285714285808,4.648666767202943,asian,Tue,3,False
472,XAUUSDm,long,2025-08-19 13:10:00+00:00,26356,3330.852,0.05,3323.852,3340.852,7.0,close_below_lower,0.2723007691810554,2025-08-19 13:35:00+00:00,26361,3335.611,signal,23.795000000000073,0.0,0.0,23.795000000000073,0.6798571428571449,-5.166999999999916,5.1840000000001965,-0.7381428571428452,0.7405714285714566,5,1500.0,0.16,2.2290714285714524,4.39831074083288,overlap,Tue,13,False
473,XAUUSDm,long,2025-08-19 14:40:00+00:00,26374,3328.685,0.05,3321.685,3338.685,7.0,close_below_lower,0.2845026988464913,2025-08-19 14:50:00+00:00,26376,3321.685,sl,-35.0,0.0,0.0,-35.0,-1.0,-5.63799999999992,0.3609999999998763,-0.80542857142856,0.0515714285714109,2,600.0,0.16,3.3091428571427906,4.5739107384003646,overlap,Tue,14,False
474,XAUUSDm,long,2025-08-19 14:55:00+00:00,26377,3322.031,0.05,3315.031,3332.031,7.0,close_below_lower,1.0228370794085577,2025-08-19 15:35:00+00:00,26385,3325.863,signal,19.1599999999994,0.0,0.0,19.1599999999994,0.5474285714285543,-0.6069999999999709,4.7020000000002256,-0.08671428571428155,0.6717142857143179,8,2400.0,0.16,3.3161428571427547,4.716591894951761,overlap,Tue,14,False
475,XAUUSDm,short,2025-08-20 12:05:00+00:00,26619,3334.537,0.05,3341.537,3324.537,7.0,close_above_upper,0.18099045076712006,2025-08-20 12:30:00+00:00,26624,3341.6969999999997,sl,-35.79999999999927,0.0,0.0,-35.79999999999927,-1.022857142857122,-3.7800000000002,1.4269999999996799,-0.5400000000000286,0.20385714285709713,5,1500.0,0.16,1.7178571428571234,3.7469431900649828,overlap,Wed,12,False
476,XAUUSDm,short,2025-08-20 12:35:00+00:00,26625,3339.285,0.05,3346.285,3329.285,7.0,close_above_upper,0.36108556454344115,2025-08-20 13:25:00+00:00,26635,3340.449,signal,-5.820000000001073,0.0,0.0,-5.820000000001073,-0.16628571428574496,-5.6159999999999854,0.7889999999997599,-0.8022857142857122,0.11271428571425142,10,3000.0,0.16,2.031714285714283,3.8740169298445233,overlap,Wed,12,False
477,XAUUSDm,short,2025-08-20 13:45:00+00:00,26639,3346.681,0.05,3353.681,3336.681,7.0,close_above_upper,0.2047731283479773,2025-08-20 13:50:00+00:00,26640,3341.1209999999996,signal,27.800000000002,0.0,0.0,27.800000000002,0.7942857142857714,-0.2699999999999818,5.769999999999982,-0.038571428571425974,0.8242857142857117,1,300.0,0.16,2.6532857142857273,4.0917268719154,overlap,Wed,13,False
478,XAUUSDm,short,2025-08-20 14:50:00+00:00,26652,3349.313,0.05,3356.313,3339.313,7.0,close_above_upper,0.1745377914101174,2025-08-20 15:10:00+00:00,26656,3343.089,signal,31.1200000000008,0.0,0.0,31.1200000000008,0.88914285714288,-0.005000000000109139,6.572000000000116,-0.0007142857143013057,0.9388571428571595,4,1200.0,0.16,3.359857142857241,4.169019201416936,overlap,Wed,14,False
479,XAUUSDm,long,2025-08-21 10:40:00+00:00,26878,3333.8329999999996,0.05,3326.833,3343.833,7.0,close_below_lower,0.43482039051109356,2025-08-21 11:00:00+00:00,26882,3326.833,sl,-34.999999999997726,0.0,0.0,-34.999999999997726,-0.999999999999935,-6.3419999999996435,0.0,-0.9059999999999491,0.0,4,1200.0,0.16,1.6072142857143004,3.7541166739051883,london,Thu,10,False
480,XAUUSDm,long,2025-08-21 11:05:00+00:00,26883,3326.4629999999997,0.05,3319.463,3336.463,7.0,close_below_lower,1.0701057596466317,2025-08-21 11:40:00+00:00,26890,3333.015,signal,32.76000000000067,0.0,0.0,32.76000000000067,0.9360000000000193,-0.1619999999998072,6.570000000000164,-0.023142857142829598,0.9385714285714519,7,2100.0,0.16,2.345357142857113,3.84417697061323,london,Thu,11,False
481,XAUUSDm,short,2025-08-21 12:05:00+00:00,26895,3337.833,0.05,3344.833,3327.833,7.0,close_above_upper,0.3747314378395094,2025-08-21 12:35:00+00:00,26901,3344.993,sl,-35.79999999999927,0.0,0.0,-35.79999999999927,-1.022857142857122,-6.860999999999876,1.4360000000001492,-0.9801428571428394,0.20514285714287844,6,1800.0,0.16,2.3170714285713854,3.8964607259944035,overlap,Thu,12,False
482,XAUUSDm,short,2025-08-21 13:35:00+00:00,26913,3346.779,0.05,3353.779,3336.779,7.0,close_above_upper,0.03409054828047139,2025-08-21 13:45:00+00:00,26915,3336.939,tp,49.20000000000073,0.0,0.0,49.20000000000073,1.4057142857143066,-0.6640000000002146,1.9450000000001637,-0.09485714285717352,0.27785714285716623,2,600.0,0.16,3.3805714285714266,4.078648610985473,overlap,Thu,13,False
483,XAUUSDm,long,2025-08-21 13:55:00+00:00,26917,3338.3579999999997,0.05,3331.358,3348.358,7.0,close_below_lower,0.1376072227265039,2025-08-21 14:10:00+00:00,26920,3342.746,signal,21.940000000001874,0.0,0.0,21.940000000001874,0.6268571428571964,-0.9589999999998327,5.148000000000138,-0.13699999999997609,0.7354285714285912,3,900.0,0.16,3.2527857142857295,4.146854580046986,overlap,Thu,13,False
484,XAUUSDm,short,2025-08-22 07:10:00+00:00,27112,3333.726,0.05,3340.726,3323.726,7.0,close_above_upper,0.09025968023017585,2025-08-22 07:35:00+00:00,27117,3330.518,signal,16.04000000000042,0.0,0.0,16.04000000000042,0.45828571428572623,-1.2999999999997272,3.3420000000000982,-0.18571428571424672,0.47742857142858547,5,1500.0,0.16,1.817928571428638,4.417404244111901,london,Fri,7,False
485,XAUUSDm,long,2025-08-22 12:35:00+00:00,27177,3323.9829999999997,0.05,3316.983,3333.983,7.0,close_below_lower,0.001505601844195519,2025-08-22 13:10:00+00:00,27184,3325.851,signal,9.340000000001965,0.0,0.0,9.340000000001965,0.26685714285719897,-2.4059999999994943,3.156000000000404,-0.3437142857142135,0.4508571428572005,7,2100.0,0.16,2.2773571428571295,3.927320797430139,overlap,Fri,12,False
486,XAUUSDm,short,2025-08-22 13:35:00+00:00,27189,3331.056,0.05,3338.056,3321.056,7.0,close_above_upper,0.09580916948519376,2025-08-22 14:00:00+00:00,27194,3338.216,sl,-35.79999999999927,0.0,0.0,-35.79999999999927,-1.022857142857122,-5.201000000000022,0.4830000000001746,-0.7430000000000031,0.06900000000002494,5,1500.0,0.16,2.9667142857142283,3.987638008118644,overlap,Fri,13,False
487,XAUUSDm,short,2025-08-22 14:05:00+00:00,27195,3348.079,0.05,3355.079,3338.079,7.0,close_above_upper,2.8426093289067245,2025-08-22 14:10:00+00:00,27196,3355.239,sl,-35.79999999999927,0.0,0.0,-35.79999999999927,-1.022857142857122,-8.346000000000004,0.3120000000003529,-1.1922857142857148,0.044571428571478985,1,300.0,0.16,4.187357142857146,4.19418817405085,overlap,Fri,14,False
488,XAUUSDm,short,2025-08-22 14:15:00+00:00,27197,3358.887,0.05,3365.887,3348.887,7.0,close_above_upper,3.8791973022245143,2025-08-22 14:20:00+00:00,27198,3366.047,sl,-35.79999999999927,0.0,0.0,-35.79999999999927,-1.022857142857122,-8.85799999999972,1.6849999999999454,-1.2654285714285314,0.24071428571427791,1,300.0,0.16,4.900785714285738,4.437091164861241,overlap,Fri,14,False
489,XAUUSDm,short,2025-08-22 14:25:00+00:00,27199,3362.27,0.05,3369.27,3352.27,7.0,close_above_upper,3.024749714384468,2025-08-22 14:30:00+00:00,27200,3369.43,sl,-35.79999999999927,0.0,0.0,-35.79999999999927,-1.022857142857122,-4.550000000000182,0.6979999999998654,-0.650000000000026,0.09971428571426648,1,300.0,0.16,5.777071428571389,4.697985468391832,overlap,Fri,14,False
490,XAUUSDm,short,2025-08-22 14:35:00+00:00,27201,3373.087,0.05,3380.087,3363.087,7.0,close_above_upper,3.68595694406633,2025-08-22 15:45:00+00:00,27215,3371.995,signal,5.460000000000491,0.0,0.0,5.460000000000491,0.15600000000001404,-5.782000000000153,1.724999999999909,-0.8260000000000218,0.24642857142855842,14,4200.0,0.16,6.301785714285676,4.949563780308821,overlap,Fri,14,False
491,XAUUSDm,short,2025-08-25 14:05:00+00:00,27470,3372.841,0.05,3379.841,3362.841,7.0,close_above_upper,0.00861596072765565,2025-08-25 15:35:00+00:00,27488,3373.5049999999997,signal,-3.3199999999987995,0.0,0.0,-3.3199999999987995,-0.09485714285710856,-3.4650000000001455,3.574000000000069,-0.4950000000000208,0.5105714285714384,18,5400.0,0.16,2.047071428571371,5.278838978870748,overlap,Mon,14,False
492,XAUUSDm,long,2025-08-25 23:20:00+00:00,27569,3356.814,0.05,3349.814,3366.814,7.0,close_below_lower,0.15618884963322593,2025-08-26 00:05:00+00:00,27578,3356.956,signal,0.7100000000014006,0.0,0.0,0.7100000000014006,0.020285714285754302,-5.606999999999971,1.4940000000001419,-0.8009999999999958,0.2134285714285917,9,2700.0,0.16,1.2094285714285564,5.470465426602395,rollover,Mon,23,False
493,XAUUSDm,short,2025-08-26 00:15:00+00:00,27580,3369.031,0.05,3376.031,3359.031,7.0,close_above_upper,0.9754451463949423,2025-08-26 00:20:00+00:00,27581,3376.191,sl,-35.79999999999927,0.0,0.0,-35.79999999999927,-1.022857142857122,-6.510000000000218,0.42200000000002547,-0.9300000000000311,0.060285714285717926,1,300.0,0.16,3.720500000000032,5.704087291086338,asian,Tue,0,False
494,XAUUSDm,short,2025-08-26 00:25:00+00:00,27582,3378.117,0.05,3385.117,3368.117,7.0,close_above_upper,1.9015031175731303,2025-08-26 00:55:00+00:00,27588,3385.277,sl,-35.79999999999927,0.0,0.0,-35.79999999999927,-1.022857142857122,-6.998999999999796,2.7850000000003092,-0.9998571428571138,0.39785714285718704,6,1800.0,0.16,4.436571428571467,5.858826459969755,asian,Tue,0,False
495,XAUUSDm,short,2025-08-26 01:00:00+00:00,27589,3383.298,0.05,3390.298,3373.298,7.0,close_above_upper,0.3674914748218277,2025-08-26 01:10:00+00:00,27591,3375.6189999999997,signal,38.39500000000044,0.0,0.0,38.39500000000044,1.0970000000000124,-1.6190000000001419,8.098999999999705,-0.23128571428573455,1.1569999999999578,2,600.0,0.16,4.890571428571418,6.322169671445157,asian,Tue,1,False
496,XAUUSDm,long,2025-08-26 13:05:00+00:00,27734,3370.955,0.05,3363.955,3380.955,7.0,close_below_lower,0.06257840646383846,2025-08-26 13:35:00+00:00,27740,3375.531,signal,22.88000000000011,0.0,0.0,22.88000000000011,0.6537142857142888,-0.33599999999978536,5.460000000000036,-0.04799999999996934,0.7800000000000052,6,1800.0,0.16,2.435642857142966,5.19543462609492,overlap,Tue,13,False
497,XAUUSDm,short,2025-08-27 16:50:00+00:00,28055,3397.584,0.05,3404.584,3387.584,7.0,close_above_upper,0.011679428457945106,2025-08-27 17:55:00+00:00,28068,3395.636,signal,9.739999999999327,0.0,0.0,9.739999999999327,0.27828571428569504,-0.7130000000001928,2.7239999999997053,-0.1018571428571704,0.38914285714281505,13,3900.0,0.16,2.013142857142871,6.197988267723041,newyork,Wed,16,False
498,XAUUSDm,short,2025-08-28 11:30:00+00:00,28267,3404.181,0.05,3411.181,3394.181,7.0,close_above_upper,0.2838984767153486,2025-08-28 12:35:00+00:00,28280,3404.2349999999997,signal,-0.2699999999981628,0.0,0.0,-0.2699999999981628,-0.007714285714233223,-4.610000000000127,2.9090000000001055,-0.6585714285714468,0.41557142857144364,13,3900.0,0.16,1.7142142857143037,4.645779592727273,london,Thu,11,False
499,XAUUSDm,long,2025-08-28 13:00:00+00:00,28285,3397.431,0.05,3390.431,3407.431,7.0,close_below_lower,0.24479269128083117,2025-08-28 13:25:00+00:00,28290,3404.046,signal,33.07499999999891,0.0,0.0,33.07499999999891,0.9449999999999689,-3.150000000000091,8.248999999999796,-0.450000000000013,1.1784285714285423,5,1500.0,0.16,2.8115714285714666,4.895183458252215,overlap,Thu,13,False
500,XAUUSDm,short,2025-08-28 13:55:00+00:00,28296,3409.826,0.05,3416.826,3399.826,7.0,close_above_upper,0.1748188351722426,2025-08-28 15:20:00+00:00,28313,3409.3759999999997,signal,2.2500000000013642,0.0,0.0,2.2500000000013642,0.06428571428575326,-3.66399999999976,3.3400000000001455,-0.5234285714285372,0.4771428571428779,17,5100.0,0.16,3.606642857142918,5.052819391169806,overlap,Thu,13,False
501,XAUUSDm,short,2025-08-29 12:50:00+00:00,28559,3415.254,0.05,3422.254,3405.254,7.0,close_above_upper,0.08351365628497785,2025-08-29 13:35:00+00:00,28568,3422.4139999999998,sl,-35.79999999999927,0.0,0.0,-35.79999999999927,-1.022857142857122,-5.874000000000251,1.6010000000001128,-0.839142857142893,0.22871428571430183,9,2700.0,0.16,2.166785714285749,4.409057091762417,overlap,Fri,12,False
502,XAUUSDm,short,2025-08-29 13:40:00+00:00,28569,3423.538,0.05,3430.538,3413.538,7.0,close_above_upper,0.42505525096812824,2025-08-29 14:00:00+00:00,28573,3430.698,sl,-35.79999999999927,0.0,0.0,-35.79999999999927,-1.022857142857122,-5.489000000000033,0.31500000000005457,-0.7841428571428618,0.0450000000000078,4,1200.0,0.16,2.822857142857174,4.601359044250798,overlap,Fri,13,False
503,XAUUSDm,short,2025-08-29 14:05:00+00:00,28574,3431.537,0.05,3438.537,3421.537,7.0,close_above_upper,0.9301691547881926,2025-08-29 14:30:00+00:00,28579,3438.6969999999997,sl,-35.79999999999927,0.0,0.0,-35.79999999999927,-1.022857142857122,-5.8090000000001965,2.2959999999998217,-0.8298571428571709,0.32799999999997453,5,1500.0,0.16,2.746285714285737,4.78269228608804,overlap,Fri,14,False
504,XAUUSDm,short,2025-08-29 14:35:00+00:00,28580,3437.508,0.05,3444.508,3427.508,7.0,close_above_upper,0.5093834978603422,2025-08-29 15:15:00+00:00,28588,3444.6679999999997,sl,-35.79999999999927,0.0,0.0,-35.79999999999927,-1.022857142857122,-5.072000000000116,4.199999999999818,-0.7245714285714452,0.599999999999974,8,2400.0,0.16,3.173571428571482,5.053677772031187,overlap,Fri,14,False
505,XAUUSDm,short,2025-08-29 15:20:00+00:00,28589,3444.841,0.05,3451.841,3434.841,7.0,close_above_upper,0.23816565022390176,2025-08-29 16:15:00+00:00,28600,3444.35,signal,2.4549999999999272,0.0,0.0,2.4549999999999272,0.07014285714285506,-3.588000000000193,2.380999999999858,-0.5125714285714561,0.3401428571428369,11,3300.0,0.16,3.253642857142885,5.317309906639647,overlap,Fri,15,False
506,XAUUSDm,long,2025-08-29 17:50:00+00:00,28619,3441.183,0.05,3434.183,3451.183,7.0,close_below_lower,0.020054744465900404,2025-08-29 18:30:00+00:00,28627,3444.646,signal,17.315000000000964,0.0,0.0,17.315000000000964,0.49471428571431325,-0.17299999999977445,4.434999999999945,-0.024714285714253492,0.6335714285714208,8,2400.0,0.16,2.011999999999976,5.609177823800986,newyork,Fri,17,False
507,XAUUSDm,short,2025-08-29 19:55:00+00:00,28644,3453.264,0.05,3460.264,3443.264,7.0,close_above_upper,0.26339209130822955,2025-08-29 20:10:00+00:00,28647,3447.393,signal,29.355000000000473,0.0,0.0,29.355000000000473,0.8387142857142992,-0.5169999999998254,7.213000000000193,-0.0738571428571179,1.030428571428599,3,900.0,0.16,1.9199285714285321,5.620020558559231,newyork,Fri,19,False
508,XAUUSDm,short,2025-09-01 01:50:00+00:00,28702,3448.495,0.05,3455.495,3438.495,7.0,close_above_upper,0.02789031542838085,2025-09-01 01:55:00+00:00,28703,3455.6549999999997,sl,-35.79999999999927,0.0,0.0,-35.79999999999927,-1.022857142857122,-3.14200000000028,0.23799999999982901,-0.44885714285718287,0.03399999999997557,1,300.0,0.16,2.587785714285766,5.684006656911876,asian,Mon,1,False
509,XAUUSDm,short,2025-09-01 02:00:00+00:00,28704,3457.272,0.05,3464.272,3447.272,7.0,close_above_upper,1.1504235159489629,2025-09-01 02:05:00+00:00,28705,3464.432,sl,-35.79999999999927,0.0,0.0,-35.79999999999927,-1.022857142857122,-1.3609999999998763,2.1019999999998618,-0.19442857142855377,0.30028571428569456,1,300.0,0.16,3.294642857142922,5.78094831788591,asian,Mon,2,False
510,XAUUSDm,short,2025-09-01 02:10:00+00:00,28706,3466.404,0.05,3473.404,3456.404,7.0,close_above_upper,2.011485299355902,2025-09-01 02:15:00+00:00,28707,3456.564,tp,49.20000000000073,0.0,0.0,49.20000000000073,1.4057142857143066,-1.2130000000001928,8.32699999999977,-0.17328571428574183,1.1895714285713959,1,300.0,0.16,4.361928571428637,5.9450232674556,asian,Mon,2,False
511,XAUUSDm,short,2025-09-01 02:20:00+00:00,28708,3459.947,0.05,3466.947,3449.947,7.0,close_above_upper,0.43803467564126114,2025-09-01 02:25:00+00:00,28709,3467.107,sl,-35.79999999999927,0.0,0.0,-35.79999999999927,-1.022857142857122,-2.8919999999998254,2.144999999999982,-0.4131428571428322,0.30642857142856883,1,300.0,0.16,4.887285714285781,6.042465550789752,asian,Mon,2,False
512,XAUUSDm,short,2025-09-01 02:30:00+00:00,28710,3466.37,0.05,3473.37,3456.37,7.0,close_above_upper,0.9234221435393415,2025-09-01 02:40:00+00:00,28712,3473.5299999999997,sl,-35.79999999999927,0.0,0.0,-35.79999999999927,-1.022857142857122,-6.0,0.9519999999997708,-0.8571428571428571,0.13599999999996726,2,600.0,0.16,5.548357142857152,6.121093923516789,asian,Mon,2,False
513,XAUUSDm,short,2025-09-01 02:45:00+00:00,28713,3475.431,0.05,3482.431,3465.431,7.0,close_above_upper,1.3377959380059445,2025-09-01 02:55:00+00:00,28715,3482.591,sl,-35.79999999999927,0.0,0.0,-35.79999999999927,-1.022857142857122,-3.1729999999997744,1.1159999999999854,-0.45328571428568204,0.15942857142856934,2,600.0,0.16,5.934428571428563,6.30756875670316,asian,Mon,2,False
514,XAUUSDm,short,2025-09-01 03:00:00+00:00,28716,3483.592,0.05,3490.592,3473.592,7.0,close_above_upper,1.521741220467566,2025-09-01 03:10:00+00:00,28718,3473.752,tp,49.20000000000073,0.0,0.0,49.20000000000073,1.4057142857143066,-2.5149999999998727,9.715999999999894,-0.3592857142856961,1.387999999999985,2,600.0,0.16,6.3289285714285075,6.505862019791682,asian,Mon,3,False
515,XAUUSDm,long,2025-09-01 07:20:00+00:00,28768,3474.406,0.05,3467.406,3484.406,7.0,close_below_lower,0.06939787080440465,2025-09-01 08:00:00+00:00,28776,3477.851,signal,17.22500000000082,0.0,0.0,17.22500000000082,0.49214285714288053,-6.570000000000164,3.6530000000002474,-0.9385714285714519,0.5218571428571782,8,2400.0,0.16,3.623928571428548,6.788663645735007,london,Mon,7,False
516,XAUUSDm,short,2025-09-01 13:10:00+00:00,28838,3477.455,0.05,3484.455,3467.455,7.0,close_above_upper,0.08237320884848318,2025-09-01 14:00:00+00:00,28848,3475.46,signal,9.974999999999454,0.0,0.0,9.974999999999454,0.28499999999998443,-1.6289999999999054,2.3640000000000327,-0.2327142857142722,0.3377142857142904,10,3000.0,0.16,2.2842142857142074,6.382294612406401,overlap,Mon,13,False
517,XAUUSDm,short,2025-09-02 01:15:00+00:00,28938,3488.835,0.05,3495.835,3478.835,7.0,close_above_upper,0.08666238174534022,2025-09-02 01:20:00+00:00,28939,3495.995,sl,-35.79999999999927,0.0,0.0,-35.79999999999927,-1.022857142857122,-5.61200000000008,0.7130000000001928,-0.8017142857142971,0.1018571428571704,1,300.0,0.16,2.960642857142862,6.609298197299575,asian,Tue,1,False
518,XAUUSDm,short,2025-09-02 01:25:00+00:00,28940,3494.412,0.05,3501.412,3484.412,7.0,close_above_upper,0.550120591738106,2025-09-02 01:40:00+00:00,28943,3501.5719999999997,sl,-35.79999999999927,0.0,0.0,-35.79999999999927,-1.022857142857122,-4.9900000000002365,0.9829999999997199,-0.7128571428571766,0.1404285714285314,3,900.0,0.16,3.277928571428642,6.72846142388651,asian,Tue,1,False
519,XAUUSDm,short,2025-09-02 01:45:00+00:00,28944,3502.436,0.05,3509.436,3492.436,7.0,close_above_upper,0.7363131408671506,2025-09-02 01:50:00+00:00,28945,3492.596,tp,49.20000000000073,0.0,0.0,49.20000000000073,1.4057142857143066,-6.304999999999836,10.115000000000236,-0.9007142857142624,1.4450000000000338,1,300.0,0.16,3.7195714285715633,6.980620505044292,asian,Tue,1,False
520,XAUUSDm,long,2025-09-02 07:55:00+00:00,29018,3474.783,0.05,3467.783,3484.783,7.0,close_below_lower,0.1181872835218704,2025-09-02 08:35:00+00:00,29026,3477.918,signal,15.675000000001091,0.0,0.0,15.675000000001091,0.44785714285717404,-4.565000000000055,3.9670000000000982,-0.6521428571428649,0.5667142857142997,8,2400.0,0.16,3.381571428571403,7.318597345802581,london,Tue,7,False
521,XAUUSDm,short,2025-09-02 12:05:00+00:00,29068,3493.108,0.05,3500.108,3483.108,7.0,close_above_upper,0.10680900036868392,2025-09-02 12:15:00+00:00,29070,3483.268,tp,49.20000000000073,0.0,0.0,49.20000000000073,1.4057142857143066,-0.15599999999994907,3.6970000000001164,-0.02228571428570701,0.5281428571428738,2,600.0,0.16,2.7066428571428918,7.397521390607434,overlap,Tue,12,False
522,XAUUSDm,long,2025-09-02 12:40:00+00:00,29075,3475.2239999999997,0.05,3468.224,3485.224,7.0,close_below_lower,0.32132801578120296,2025-09-02 12:50:00+00:00,29077,3485.224,tp,50.000000000002274,0.0,0.0,50.000000000002274,1.4285714285714934,-1.0339999999996508,5.4330000000004475,-0.1477142857142358,0.7761428571429211,2,600.0,0.16,4.218214285714339,7.274874792263553,overlap,Tue,12,False
523,XAUUSDm,short,2025-09-02 14:05:00+00:00,29092,3493.021,0.05,3500.021,3483.021,7.0,close_above_upper,0.038073578905649795,2025-09-02 14:20:00+00:00,29095,3500.181,sl,-35.79999999999927,0.0,0.0,-35.79999999999927,-1.022857142857122,-6.630999999999858,3.5570000000002437,-0.947285714285694,0.508142857142892,3,900.0,0.16,5.233499999999984,6.968897147182139,overlap,Tue,14,False
524,XAUUSDm,short,2025-09-02 14:25:00+00:00,29096,3500.91,0.05,3507.91,3490.91,7.0,close_above_upper,0.3612162760931167,2025-09-02 14:40:00+00:00,29099,3508.0699999999997,sl,-35.79999999999927,0.0,0.0,-35.79999999999927,-1.022857142857122,-4.412000000000262,5.527000000000044,-0.6302857142857518,0.7895714285714348,3,900.0,0.16,5.511714285714269,7.111318582582076,overlap,Tue,14,False
525,XAUUSDm,short,2025-09-02 14:45:00+00:00,29100,3510.587,0.05,3517.587,3500.587,7.0,close_above_upper,0.8362675506478532,2025-09-02 15:45:00+00:00,29112,3517.747,sl,-35.79999999999927,0.0,0.0,-35.79999999999927,-1.022857142857122,-6.063999999999851,2.625,-0.866285714285693,0.375,12,3600.0,0.16,5.7620000000000084,7.301835969602553,overlap,Tue,14,False
526,XAUUSDm,short,2025-09-02 16:15:00+00:00,29118,3526.148,0.05,3533.148,3516.148,7.0,close_above_upper,0.157660768887383,2025-09-02 17:05:00+00:00,29128,3524.0029999999997,signal,10.725000000002183,0.0,0.0,10.725000000002183,0.3064285714286338,-2.6039999999998145,6.144999999999982,-0.3719999999999735,0.8778571428571402,10,3000.0,0.16,3.546785714285664,7.848031391246799,newyork,Tue,16,False
527,XAUUSDm,short,2025-09-03 00:25:00+00:00,29204,3544.259,0.05,3551.259,3534.259,7.0,close_above_upper,0.6021621117830992,2025-09-03 01:00:00+00:00,29211,3536.234,signal,40.125000000000455,0.0,0.0,40.125000000000455,1.1464285714285845,-2.6909999999998035,9.289999999999964,-0.38442857142854336,1.3271428571428519,7,2100.0,0.16,2.9404285714285834,8.085530690492929,asian,Wed,0,False
528,XAUUSDm,short,2025-09-03 13:15:00+00:00,29358,3556.964,0.05,3563.964,3546.964,7.0,close_above_upper,0.002675147447418962,2025-09-03 13:45:00+00:00,29364,3551.7909999999997,signal,25.865000000001146,0.0,0.0,25.865000000001146,0.7390000000000327,-4.413000000000011,7.5949999999998,-0.630428571428573,1.0849999999999713,6,1800.0,0.16,3.9130714285714214,7.540776652109657,overlap,Wed,13,False
529,XAUUSDm,short,2025-09-03 14:25:00+00:00,29372,3564.62,0.05,3571.62,3554.62,7.0,close_above_upper,0.16344707614757076,2025-09-03 14:50:00+00:00,29377,3554.7799999999997,tp,49.20000000000073,0.0,0.0,49.20000000000073,1.4057142857143066,-0.9520000000002256,5.7280000000000655,-0.13600000000003223,0.8182857142857236,5,1500.0,0.16,5.204642857142874,7.718312491691634,overlap,Wed,14,False
530,XAUUSDm,long,2025-09-04 01:40:00+00:00,29495,3544.243,0.05,3537.243,3554.243,7.0,close_below_lower,0.41598622158486465,2025-09-04 02:45:00+00:00,29508,3537.243,sl,-35.0,0.0,0.0,-35.0,-1.0,-6.804000000000087,6.288000000000011,-0.9720000000000125,0.8982857142857158,13,3900.0,0.16,3.5799285714285816,8.202665436254332,asian,Thu,1,False
531,XAUUSDm,long,2025-09-04 02:50:00+00:00,29509,3531.132,0.05,3524.132,3541.132,7.0,close_below_lower,0.45677448679016913,2025-09-04 03:10:00+00:00,29513,3524.132,sl,-35.0,0.0,0.0,-35.0,-1.0,-4.787000000000262,1.22400000000016,-0.6838571428571802,0.17485714285716572,4,1200.0,0.16,4.1532142857142516,8.362759518147257,asian,Thu,2,False
532,XAUUSDm,long,2025-09-04 03:15:00+00:00,29514,3515.303,0.05,3508.303,3525.303,7.0,close_below_lower,1.2451272834606495,2025-09-04 03:20:00+00:00,29515,3525.303,tp,50.0,0.0,0.0,50.0,1.4285714285714286,-0.6410000000000764,8.853000000000065,-0.09157142857143949,1.264714285714295,1,300.0,0.16,5.533571428571382,8.639466034739044,asian,Thu,3,False
533,XAUUSDm,short,2025-09-04 13:40:00+00:00,29639,3557.908,0.05,3564.908,3547.908,7.0,close_above_upper,0.1780900926350766,2025-09-04 13:45:00+00:00,29640,3548.0679999999998,tp,49.20000000000073,0.0,0.0,49.20000000000073,1.4057142857143066,-0.2919999999999163,8.663000000000011,-0.04171428571427376,1.23757142857143,1,300.0,0.16,4.374357142857044,7.371783879753166,overlap,Thu,13,False
534,XAUUSDm,long,2025-09-04 14:05:00+00:00,29644,3537.141,0.05,3530.141,3547.141,7.0,close_below_lower,0.484029029705459,2025-09-04 14:40:00+00:00,29651,3543.843,signal,33.509999999998854,0.0,0.0,33.509999999998854,0.9574285714285387,-1.893000000000029,9.150000000000091,-0.27042857142857557,1.30714285714287,7,2100.0,0.16,5.445785714285648,7.45775388770692,overlap,Thu,14,False
535,XAUUSDm,short,2025-09-04 23:55:00+00:00,29750,3554.105,0.05,3561.105,3544.105,7.0,close_above_upper,0.06989451664525877,2025-09-05 00:55:00+00:00,29762,3551.449,signal,13.279999999999745,0.0,0.0,13.279999999999745,0.3794285714285642,-2.400000000000091,5.135999999999967,-0.34285714285715585,0.733714285714281,12,3600.0,0.16,2.3590714285714967,7.471744761031507,rollover,Thu,23,False
536,XAUUSDm,short,2025-09-05 12:35:00+00:00,29902,3577.156,0.05,3584.156,3567.156,7.0,close_above_upper,2.3312997982730974,2025-09-05 12:40:00+00:00,29903,3584.673,sl,-37.58499999999913,0.0,0.0,-37.58499999999913,-1.073857142857118,-8.963000000000193,2.9850000000001273,-1.280428571428599,0.42642857142858964,1,300.0,0.16,4.680357142857117,6.842730712480543,overlap,Fri,12,False
537,XAUUSDm,short,2025-09-05 12:45:00+00:00,29904,3583.784,0.05,3590.784,3573.784,7.0,close_above_upper,2.2913835612028373,2025-09-05 13:05:00+00:00,29908,3573.944,tp,49.20000000000073,0.0,0.0,49.20000000000073,1.4057142857143066,-0.056999999999789,11.797000000000025,-0.008142857142827,1.6852857142857178,4,1200.0,0.16,6.004499999999974,7.089751080005064,overlap,Fri,12,False
538,XAUUSDm,short,2025-09-05 13:15:00+00:00,29910,3581.322,0.05,3588.322,3571.322,7.0,close_above_upper,0.2154957826446085,2025-09-05 13:45:00+00:00,29916,3588.482,sl,-35.79999999999927,0.0,0.0,-35.79999999999927,-1.022857142857122,-3.9329999999999927,6.178000000000338,-0.5618571428571418,0.8825714285714769,6,1800.0,0.16,7.815571428571404,7.403996584831844,overlap,Fri,13,False
539,XAUUSDm,short,2025-09-05 13:50:00+00:00,29917,3590.821,0.05,3597.821,3580.821,7.0,close_above_upper,0.409468537271707,2025-09-05 14:05:00+00:00,29920,3597.9809999999998,sl,-35.79999999999927,0.0,0.0,-35.79999999999927,-1.022857142857122,-6.572999999999865,1.025000000000091,-0.9389999999999807,0.14642857142858443,3,900.0,0.16,6.8740714285713365,7.529475268919523,overlap,Fri,13,False
540,XAUUSDm,long,2025-09-05 14:30:00+00:00,29925,3579.446,0.05,3572.446,3589.446,7.0,close_below_lower,0.0723851555527583,2025-09-05 14:55:00+00:00,29930,3589.446,tp,50.0,0.0,0.0,50.0,1.4285714285714286,-6.2599999999997635,7.177999999999884,-0.8942857142856805,1.0254285714285547,5,1500.0,0.16,6.077285714285706,7.7195496647052355,overlap,Fri,14,False
541,XAUUSDm,short,2025-09-08 07:15:00+00:00,30113,3604.561,0.05,3611.561,3594.561,7.0,close_above_upper,0.08271272911660599,2025-09-08 07:30:00+00:00,30116,3611.721,sl,-35.79999999999927,0.0,0.0,-35.79999999999927,-1.022857142857122,-5.701000000000022,0.09900000000016007,-0.8144285714285745,0.01414285714288001,3,900.0,0.16,2.931500000000077,7.371330396502877,london,Mon,7,False
542,XAUUSDm,short,2025-09-08 07:35:00+00:00,30117,3610.951,0.05,3617.951,3600.951,7.0,close_above_upper,0.20262486777350022,2025-09-08 08:55:00+00:00,30133,3611.1949999999997,signal,-1.2199999999984357,0.0,0.0,-1.2199999999984357,-0.034857142857098164,-6.393999999999778,4.657000000000153,-0.9134285714285397,0.6652857142857361,16,4800.0,0.16,3.0820000000001073,7.504687928320925,london,Mon,7,False
543,XAUUSDm,short,2025-09-08 13:10:00+00:00,30184,3628.703,0.05,3635.703,3618.703,7.0,close_above_upper,0.04954373228913878,2025-09-08 13:40:00+00:00,30190,3624.3889999999997,signal,21.570000000001528,0.0,0.0,21.570000000001528,0.616285714285758,-3.425999999999931,8.378999999999905,-0.48942857142856155,1.1969999999999865,6,1800.0,0.16,3.351642857142841,7.2315824044021735,overlap,Mon,13,False
544,XAUUSDm,short,2025-09-08 13:50:00+00:00,30192,3633.707,0.05,3640.707,3623.707,7.0,close_above_upper,0.04511690926378381,2025-09-08 14:25:00+00:00,30199,3631.0119999999997,signal,13.475000000000819,0.0,0.0,13.475000000000819,0.3850000000000234,-3.963999999999942,5.199999999999818,-0.566285714285706,0.7428571428571169,7,2100.0,0.16,4.358642857142773,7.191481428679287,overlap,Mon,13,False
545,XAUUSDm,short,2025-09-08 15:05:00+00:00,30207,3644.203,0.05,3651.203,3634.203,7.0,close_above_upper,0.15497443381174644,2025-09-08 15:30:00+00:00,30212,3636.739,signal,37.31999999999971,0.0,0.0,37.31999999999971,1.066285714285706,-2.132999999999811,7.777999999999793,-0.3047142857142587,1.1111428571428275,5,1500.0,0.16,3.837999999999933,7.4480304553521925,overlap,Mon,15,False
546,XAUUSDm,short,2025-09-09 02:10:00+00:00,30328,3653.068,0.05,3660.068,3643.068,7.0,close_above_upper,0.14585751048793963,2025-09-09 02:55:00+00:00,30337,3647.511,signal,27.78500000000122,0.0,0.0,27.78500000000122,0.7938571428571777,-1.5289999999999964,5.914000000000215,-0.21842857142857092,0.8448571428571735,9,2700.0,0.16,3.9121428571428885,7.431503763522915,asian,Tue,2,False
547,XAUUSDm,long,2025-09-09 06:10:00+00:00,30376,3640.6209999999996,0.05,3633.621,3650.621,7.0,close_below_lower,0.7180036920538967,2025-09-09 06:45:00+00:00,30383,3649.645,signal,45.12000000000171,0.0,0.0,45.12000000000171,1.289142857142906,-4.1359999999995125,9.252000000000407,-0.5908571428570732,1.321714285714344,7,2100.0,0.16,3.3351428571429227,7.8921164561976855,asian,Tue,6,False
548,XAUUSDm,short,2025-09-09 13:30:00+00:00,30464,3660.564,0.05,3667.564,3650.564,7.0,close_above_upper,0.29495362188185037,2025-09-09 13:35:00+00:00,30465,3667.7239999999997,sl,-35.79999999999927,0.0,0.0,-35.79999999999927,-1.022857142857122,-3.294000000000324,2.3989999999998872,-0.4705714285714748,0.3427142857142696,1,300.0,0.16,3.829857142857171,6.854456917204639,overlap,Tue,13,False
549,XAUUSDm,short,2025-09-09 13:40:00+00:00,30466,3664.527,0.05,3671.527,3654.527,7.0,close_above_upper,0.46077293271579495,2025-09-09 14:00:00+00:00,30470,3671.687,sl,-35.79999999999927,0.0,0.0,-35.79999999999927,-1.022857142857122,-3.7950000000000728,3.463000000000193,-0.5421428571428676,0.49471428571431325,4,1200.0,0.16,4.046000000000049,6.965478897299297,overlap,Tue,13,False
550,XAUUSDm,long,2025-09-09 14:10:00+00:00,30472,3648.846,0.05,3641.846,3658.846,7.0,close_below_lower,0.4445634775267472,2025-09-09 14:30:00+00:00,30476,3641.846,sl,-35.0,0.0,0.0,-35.0,-1.0,-3.7289999999998145,8.429000000000087,-0.5327142857142592,1.2041428571428696,4,1200.0,0.16,6.893214285714358,7.187474909621504,overlap,Tue,14,False
551,XAUUSDm,long,2025-09-09 14:35:00+00:00,30477,3642.048,0.05,3635.048,3652.048,7.0,close_below_lower,0.8193087152182303,2025-09-09 15:15:00+00:00,30485,3635.048,sl,-35.0,0.0,0.0,-35.0,-1.0,-6.975999999999658,7.074000000000069,-0.9965714285713797,1.0105714285714384,8,2400.0,0.16,8.088785714285775,7.384229871921631,overlap,Tue,14,False
552,XAUUSDm,long,2025-09-09 15:20:00+00:00,30486,3633.0719999999997,0.05,3626.072,3643.072,7.0,close_below_lower,0.46957577933155853,2025-09-09 15:40:00+00:00,30490,3643.072,tp,50.000000000002274,0.0,0.0,50.000000000002274,1.4285714285714934,-0.600999999999658,8.601000000000113,-0.085857142857094,1.2287142857143019,4,1200.0,0.16,6.493285714285743,7.766844317662063,overlap,Tue,15,False
553,XAUUSDm,long,2025-09-11 09:15:00+00:00,30965,3618.866,0.05,3611.866,3628.866,7.0,close_below_lower,0.060065341605887695,2025-09-11 09:50:00+00:00,30972,3622.293,signal,17.135000000000673,0.0,0.0,17.135000000000673,0.4895714285714478,-4.730000000000018,3.8989999999998872,-0.6757142857142883,0.5569999999999838,7,2100.0,0.16,2.429142857142909,7.1051421004385205,london,Thu,9,False
554,XAUUSDm,short,2025-09-11 12:35:00+00:00,31005,3638.909,0.05,3645.909,3628.909,7.0,close_above_upper,1.6944440896175972,2025-09-11 12:45:00+00:00,31007,3629.069,tp,49.20000000000073,0.0,0.0,49.20000000000073,1.4057142857143066,-4.998000000000047,7.027000000000044,-0.7140000000000067,1.003857142857149,2,600.0,0.16,4.460785714285813,6.382860783259709,overlap,Thu,12,False
555,XAUUSDm,long,2025-09-11 13:30:00+00:00,31016,3621.545,0.05,3614.545,3631.545,7.0,close_below_lower,0.17755877417878171,2025-09-11 13:45:00+00:00,31019,3628.707,signal,35.809999999999036,0.0,0.0,35.809999999999036,1.0231428571428296,-3.2200000000002547,9.010999999999967,-0.4600000000000364,1.2872857142857097,3,900.0,0.16,8.277642857142999,6.698170835386533,overlap,Thu,13,False
556,XAUUSDm,short,2025-09-12 01:15:00+00:00,31145,3642.712,0.05,3649.712,3632.712,7.0,close_above_upper,0.12961884348486838,2025-09-12 02:20:00+00:00,31158,3649.872,sl,-35.79999999999927,0.0,0.0,-35.79999999999927,-1.022857142857122,-6.902999999999793,3.7829999999999018,-0.9861428571428276,0.5404285714285574,13,3900.0,0.16,2.4635000000000673,5.940078373254653,asian,Fri,1,False
557,XAUUSDm,long,2025-09-12 12:35:00+00:00,31281,3639.421,0.05,3632.421,3649.421,7.0,close_below_lower,0.06940491612742067,2025-09-12 12:55:00+00:00,31285,3644.149,signal,23.640000000000327,0.0,0.0,23.640000000000327,0.6754285714285808,-1.1789999999996326,6.015000000000327,-0.16842857142851894,0.8592857142857611,4,1200.0,0.16,2.46157142857133,6.0114916185381135,overlap,Fri,12,False
558,XAUUSDm,short,2025-09-15 02:10:00+00:00,31431,3639.413,0.05,3646.413,3629.413,7.0,close_above_upper,0.008492577371910346,2025-09-15 03:05:00+00:00,31442,3641.259,signal,-9.230000000000018,0.0,0.0,-9.230000000000018,-0.26371428571428623,-6.086999999999989,0.8330000000000837,-0.869571428571427,0.11900000000001196,11,3300.0,0.16,3.250928571428566,6.178428020294881,asian,Mon,2,False
559,XAUUSDm,short,2025-09-15 12:50:00+00:00,31559,3648.824,0.05,3655.824,3638.824,7.0,close_above_upper,0.07780441330504197,2025-09-15 13:35:00+00:00,31568,3655.984,sl,-35.79999999999927,0.0,0.0,-35.79999999999927,-1.022857142857122,-6.809999999999945,2.0019999999999527,-0.9728571428571351,0.28599999999999326,9,2700.0,0.16,2.803785714285758,5.69417757129827,overlap,Mon,12,False
560,XAUUSDm,short,2025-09-15 13:40:00+00:00,31569,3661.829,0.05,3668.829,3651.829,7.0,close_above_upper,0.9465000195085022,2025-09-15 14:20:00+00:00,31577,3657.042,signal,23.93500000000131,0.0,0.0,23.93500000000131,0.6838571428571802,-2.5419999999999163,8.019000000000233,-0.36314285714284517,1.1455714285714618,8,2400.0,0.16,3.4708571428572474,5.9618119910281075,overlap,Mon,13,False
561,XAUUSDm,short,2025-09-15 15:50:00+00:00,31595,3673.697,0.05,3680.697,3663.697,7.0,close_above_upper,0.23914863919622004,2025-09-15 15:55:00+00:00,31596,3680.857,sl,-35.79999999999927,0.0,0.0,-35.79999999999927,-1.022857142857122,-5.346000000000004,0.8730000000000473,-0.7637142857142862,0.12471428571429247,1,300.0,0.16,2.2249285714285634,6.303554870992038,overlap,Mon,15,False
562,XAUUSDm,short,2025-09-15 16:00:00+00:00,31597,3680.497,0.05,3687.497,3670.497,7.0,close_above_upper,0.8028652997793366,2025-09-15 16:40:00+00:00,31605,3677.759,signal,13.689999999999145,0.0,0.0,13.689999999999145,0.3911428571428327,-5.126000000000204,3.0919999999996435,-0.7322857142857434,0.44171428571423477,8,2400.0,0.16,2.59757142857146,6.433630389079341,newyork,Mon,16,False
563,XAUUSDm,short,2025-09-16 07:00:00+00:00,31765,3693.322,0.05,3700.322,3683.322,7.0,close_above_upper,0.024249212019582946,2025-09-16 07:35:00+00:00,31772,3690.1589999999997,signal,15.815000000002328,0.0,0.0,15.815000000002328,0.4518571428572094,-0.8479999999999563,3.6150000000002365,-0.1211428571428509,0.5164285714286052,7,2100.0,0.16,2.4700000000000273,6.136759324576632,london,Tue,7,False
564,XAUUSDm,short,2025-09-16 13:40:00+00:00,31845,3698.479,0.05,3705.479,3688.479,7.0,close_above_upper,0.19264551874533814,2025-09-16 14:30:00+00:00,31855,3693.04,signal,27.194999999999254,0.0,0.0,27.194999999999254,0.7769999999999787,-4.666000000000167,6.567000000000007,-0.6665714285714525,0.9381428571428582,10,3000.0,0.16,3.4161428571428263,6.152286955598848,overlap,Tue,13,False
565,XAUUSDm,long,2025-09-16 15:00:00+00:00,31861,3686.5339999999997,0.05,3679.534,3696.534,7.0,close_below_lower,0.05510730212987217,2025-09-16 15:30:00+00:00,31867,3679.534,sl,-34.999999999997726,0.0,0.0,-34.999999999997726,-0.999999999999935,-6.5099999999997635,2.2520000000004075,-0.9299999999999662,0.3217142857143439,6,1800.0,0.16,4.258285714285746,6.496423515344444,overlap,Tue,15,False
566,XAUUSDm,long,2025-09-16 15:35:00+00:00,31868,3679.984,0.05,3672.984,3689.984,7.0,close_below_lower,0.006756293646181241,2025-09-16 15:55:00+00:00,31872,3685.644,signal,28.299999999999272,0.0,0.0,28.299999999999272,0.8085714285714077,-1.1159999999999854,6.144999999999982,-0.15942857142856934,0.8778571428571402,4,1200.0,0.16,4.554428571428616,6.699222017688379,overlap,Tue,15,False
567,XAUUSDm,long,2025-09-17 01:35:00+00:00,31976,3681.91,0.05,3674.91,3691.91,7.0,close_below_lower,0.3262021283392351,2025-09-17 02:35:00+00:00,31988,3674.91,sl,-35.0,0.0,0.0,-35.0,-1.0,-5.903999999999996,0.8099999999999454,-0.8434285714285709,0.11571428571427791,12,3600.0,0.16,1.9029285714285769,6.255181509888789,asian,Wed,1,False
568,XAUUSDm,short,2025-09-17 12:50:00+00:00,32111,3676.863,0.05,3683.863,3666.863,7.0,close_above_upper,0.0678705880227863,2025-09-17 13:55:00+00:00,32124,3677.647,signal,-3.9200000000005275,0.0,0.0,-3.9200000000005275,-0.11200000000001507,-5.691000000000258,4.065000000000055,-0.8130000000000369,0.5807142857142935,13,3900.0,0.16,2.654499999999968,5.552085022901225,overlap,Wed,12,False
569,XAUUSDm,short,2025-09-17 18:05:00+00:00,32174,3691.232,0.05,3698.232,3681.232,7.0,close_above_upper,0.00782945438742012,2025-09-17 18:10:00+00:00,32175,3705.459,sl,-71.13499999999931,0.0,0.0,-71.13499999999931,-2.0324285714285515,-16.222999999999956,1.0729999999998654,-2.3175714285714224,0.15328571428569507,1,300.0,0.16,5.088142857142884,5.948144486614317,newyork,Wed,18,False
570,XAUUSDm,long,2025-09-17 18:35:00+00:00,32180,3673.906,0.05,3666.906,3683.906,7.0,close_below_lower,1.0236095110841976,2025-09-17 18:40:00+00:00,32181,3665.654,sl,-41.25999999999976,0.0,0.0,-41.25999999999976,-1.1788571428571362,-9.115999999999985,5.21100000000024,-1.3022857142857123,0.7444285714286057,1,300.0,0.16,9.584428571428523,6.1551341537888575,newyork,Wed,18,False
571,XAUUSDm,long,2025-09-17 18:45:00+00:00,32182,3663.658,0.05,3656.658,3673.658,7.0,close_below_lower,1.906628696223535,2025-09-17 18:50:00+00:00,32183,3655.591,sl,-40.335000000000036,0.0,0.0,-40.335000000000036,-1.1524285714285725,-9.217999999999847,0.6289999999999054,-1.316857142857121,0.08985714285712934,1,300.0,0.16,11.24978571428567,6.361811339318658,newyork,Wed,18,False
572,XAUUSDm,long,2025-09-17 18:55:00+00:00,32184,3647.181,0.05,3640.181,3657.181,7.0,close_below_lower,3.2811664243776004,2025-09-17 19:00:00+00:00,32185,3657.181,tp,50.0,0.0,0.0,50.0,1.4285714285714286,-1.0050000000001091,8.454000000000178,-0.14357142857144417,1.2077142857143113,1,300.0,0.16,12.59628571428568,6.664216911450865,newyork,Wed,18,False
573,XAUUSDm,long,2025-09-17 19:05:00+00:00,32186,3657.8289999999997,0.05,3650.829,3667.829,7.0,close_below_lower,0.816319021765218,2025-09-17 19:10:00+00:00,32187,3650.829,sl,-34.999999999997726,0.0,0.0,-34.999999999997726,-0.999999999999935,-1.6499999999996362,6.562000000000353,-0.23571428571423375,0.9374285714286218,1,300.0,0.16,14.035142857142805,6.83790061086442,newyork,Wed,19,False
574,XAUUSDm,long,2025-09-17 19:15:00+00:00,32188,3651.1299999999997,0.05,3644.13,3661.13,7.0,close_below_lower,1.1337710930714588,2025-09-17 19:20:00+00:00,32189,3661.13,tp,50.000000000002274,0.0,0.0,50.000000000002274,1.4285714285714934,-2.60799999999972,6.449000000000524,-0.37257142857138853,0.9212857142857891,1,300.0,0.16,12.212785714285669,6.919406551830518,newyork,Wed,19,False
575,XAUUSDm,long,2025-09-18 01:20:00+00:00,32249,3653.5769999999998,0.05,3646.577,3663.577,7.0,close_below_lower,0.1298427706341808,2025-09-18 02:00:00+00:00,32257,3657.102,signal,17.625000000000455,0.0,0.0,17.625000000000455,0.5035714285714415,-1.750999999999749,4.744000000000142,-0.2501428571428213,0.677714285714306,8,2400.0,0.16,3.9027857142856583,7.230023937206429,asian,Thu,1,False
576,XAUUSDm,long,2025-09-18 06:05:00+00:00,32306,3644.236,0.05,3637.236,3654.236,7.0,close_below_lower,0.2658494856004916,2025-09-18 06:10:00+00:00,32307,3637.236,sl,-35.0,0.0,0.0,-35.0,-1.0,-3.3849999999997635,0.03900000000021464,-0.4835714285713948,0.005571428571459235,1,300.0,0.16,3.0497142857142143,7.341275163340088,asian,Thu,6,False
577,XAUUSDm,long,2025-09-18 06:15:00+00:00,32308,3637.404,0.05,3630.404,3647.404,7.0,close_below_lower,0.7598988011284828,2025-09-18 07:10:00+00:00,32319,3640.941,signal,17.684999999999036,0.0,0.0,17.684999999999036,0.5052857142856867,-3.186999999999898,4.855000000000018,-0.45528571428569975,0.6935714285714312,11,3300.0,0.16,3.6570714285713035,7.479248952844566,asian,Thu,6,False
578,XAUUSDm,short,2025-09-18 07:35:00+00:00,32324,3651.333,0.05,3658.333,3641.333,7.0,close_above_upper,0.022967500027719225,2025-09-18 07:40:00+00:00,32325,3658.493,sl,-35.79999999999927,0.0,0.0,-35.79999999999927,-1.022857142857122,-2.1349999999997635,1.2090000000002874,-0.30499999999996624,0.17271428571432676,1,300.0,0.16,3.6885714285714193,7.817797221221905,london,Thu,7,False
579,XAUUSDm,short,2025-09-18 07:45:00+00:00,32326,3658.695,0.05,3665.695,3648.695,7.0,close_above_upper,0.5863364269541647,2025-09-18 08:55:00+00:00,32340,3665.855,sl,-35.79999999999927,0.0,0.0,-35.79999999999927,-1.022857142857122,-5.541999999999916,5.008000000000266,-0.7917142857142737,0.7154285714286094,14,4200.0,0.16,3.788142857142865,7.923147812354438,london,Thu,7,False
580,XAUUSDm,long,2025-09-18 13:30:00+00:00,32395,3654.127,0.05,3647.127,3664.127,7.0,close_below_lower,0.04241047825226041,2025-09-18 13:35:00+00:00,32396,3647.127,sl,-35.0,0.0,0.0,-35.0,-1.0,-7.4409999999998035,0.7970000000000255,-1.062999999999972,0.1138571428571465,1,300.0,0.16,4.253428571428556,7.975563080396753,overlap,Thu,13,False
581,XAUUSDm,long,2025-09-18 13:40:00+00:00,32397,3641.056,0.05,3634.056,3651.056,7.0,close_below_lower,1.1523547667143865,2025-09-18 13:45:00+00:00,32398,3629.964,sl,-55.46000000000049,0.0,0.0,-55.46000000000049,-1.5845714285714425,-11.134000000000015,0.01999999999998181,-1.5905714285714307,0.0028571428571402585,1,300.0,0.16,5.028499999999959,8.15160642782996,overlap,Thu,13,False
582,XAUUSDm,long,2025-09-18 13:50:00+00:00,32399,3636.3269999999998,0.05,3629.327,3646.327,7.0,close_below_lower,0.967379425047058,2025-09-18 14:40:00+00:00,32409,3642.815,signal,32.44000000000142,0.0,0.0,32.44000000000142,0.9268571428571833,-2.1029999999996107,9.865000000000236,-0.3004285714285158,1.409285714285748,10,3000.0,0.16,5.734214285714253,8.395863899228594,overlap,Thu,13,False
583,XAUUSDm,short,2025-09-19 01:10:00+00:00,32523,3649.913,0.05,3656.913,3639.913,7.0,close_above_upper,0.11267915491755158,2025-09-19 01:50:00+00:00,32531,3641.5049999999997,signal,42.04000000000178,0.0,0.0,42.04000000000178,1.2011428571429081,-1.2590000000000146,8.54300000000012,-0.17985714285714494,1.2204285714285885,8,2400.0,0.16,2.6599999999999846,8.51998123898632,asian,Fri,1,False
584,XAUUSDm,short,2025-09-22 06:30:00+00:00,32862,3706.21,0.05,3713.21,3696.21,7.0,close_above_upper,0.0320593399767778,2025-09-22 06:35:00+00:00,32863,3713.37,sl,-35.79999999999927,0.0,0.0,-35.79999999999927,-1.022857142857122,-3.2539999999999054,1.300000000000182,-0.46485714285712937,0.1857142857143117,1,300.0,0.16,2.438214285714236,6.776009358473836,asian,Mon,6,False
585,XAUUSDm,short,2025-09-22 06:40:00+00:00,32864,3713.278,0.05,3720.278,3703.278,7.0,close_above_upper,0.6747099939928647,2025-09-22 07:25:00+00:00,32873,3709.712,signal,17.829999999999018,0.0,0.0,17.829999999999018,0.5094285714285434,-6.579000000000178,4.668999999999869,-0.9398571428571684,0.6669999999999813,9,2700.0,0.16,2.9542142857142477,6.883205414626551,asian,Mon,6,False
586,XAUUSDm,long,2025-09-22 12:25:00+00:00,32933,3713.575,0.05,3706.575,3723.575,7.0,close_below_lower,0.39651242473812265,2025-09-22 12:50:00+00:00,32938,3719.511,signal,29.680000000000746,0.0,0.0,29.680000000000746,0.8480000000000213,-1.5209999999997308,6.329000000000178,-0.21728571428567584,0.9041428571428826,5,1500.0,0.16,2.8844999999999863,6.541754302974862,overlap,Mon,12,False
587,XAUUSDm,short,2025-09-22 15:35:00+00:00,32971,3732.629,0.05,3739.629,3722.629,7.0,close_above_upper,0.0005411128754171376,2025-09-22 16:45:00+00:00,32985,3739.7889999999998,sl,-35.79999999999927,0.0,0.0,-35.79999999999927,-1.022857142857122,-6.876000000000204,2.0239999999998872,-0.9822857142857434,0.28914285714284105,14,4200.0,0.16,3.130499999999919,6.977298160333002,overlap,Mon,15,False
588,XAUUSDm,short,2025-09-23 01:20:00+00:00,33076,3757.017,0.05,3764.017,3747.017,7.0,close_above_upper,0.015428228761363641,2025-09-23 01:30:00+00:00,33078,3750.002,signal,35.07499999999936,0.0,0.0,35.07499999999936,1.002142857142839,0.0,9.201000000000022,0.0,1.3144285714285746,2,600.0,0.16,2.577571428571478,6.991044081308344,asian,Tue,1,False
589,XAUUSDm,long,2025-09-23 02:15:00+00:00,33087,3743.861,0.05,3736.861,3753.861,7.0,close_below_lower,0.1809601429505481,2025-09-23 02:55:00+00:00,33095,3736.861,sl,-35.0,0.0,0.0,-35.0,-1.0,-5.181999999999789,1.6539999999999964,-0.7402857142856841,0.23628571428571377,8,2400.0,0.16,4.437214285714357,6.9835423060210005,asian,Tue,2,False
590,XAUUSDm,short,2025-09-23 05:40:00+00:00,33128,3755.838,0.05,3762.838,3745.838,7.0,close_above_upper,0.09095589983764862,2025-09-23 06:40:00+00:00,33140,3753.998,signal,9.200000000000728,0.0,0.0,9.200000000000728,0.26285714285716366,-2.9529999999999745,4.551000000000386,-0.4218571428571392,0.6501428571429122,12,3600.0,0.16,2.165285714285671,7.138528932883366,asian,Tue,5,False
591,XAUUSDm,short,2025-09-23 08:35:00+00:00,33163,3764.218,0.05,3771.218,3754.218,7.0,close_above_upper,0.06438804807013529,2025-09-23 08:45:00+00:00,33165,3771.3779999999997,sl,-35.79999999999927,0.0,0.0,-35.79999999999927,-1.022857142857122,-6.04300000000012,0.5409999999997126,-0.8632857142857314,0.07728571428567323,2,600.0,0.16,2.7700714285714247,7.208794006392905,london,Tue,8,False
592,XAUUSDm,short,2025-09-23 08:50:00+00:00,33166,3774.188,0.05,3781.188,3764.188,7.0,close_above_upper,0.7958305045456902,2025-09-23 09:05:00+00:00,33169,3781.348,sl,-35.79999999999927,0.0,0.0,-35.79999999999927,-1.022857142857122,-6.336999999999989,2.950000000000273,-0.9052857142857127,0.4214285714286104,3,900.0,0.16,3.2254285714286004,7.401545496614491,london,Tue,8,False
593,XAUUSDm,short,2025-09-23 09:10:00+00:00,33170,3781.378,0.05,3788.378,3771.378,7.0,close_above_upper,0.7556793755469551,2025-09-23 09:20:00+00:00,33172,3788.538,sl,-35.79999999999927,0.0,0.0,-35.79999999999927,-1.022857142857122,-3.8599999999996726,0.8980000000001382,-0.5514285714285246,0.12828571428573404,2,600.0,0.16,3.7950000000000728,7.5932882849481365,london,Tue,9,False
594,XAUUSDm,short,2025-09-23 09:25:00+00:00,33173,3790.151,0.05,3797.151,3780.151,7.0,close_above_upper,1.041521376713217,2025-09-23 09:40:00+00:00,33176,3780.3109999999997,tp,49.20000000000073,0.0,0.0,49.20000000000073,1.4057142857143066,0.0,7.507999999999811,0.0,1.0725714285714016,3,900.0,0.16,4.41578571428574,7.752676282168515,london,Tue,9,False
595,XAUUSDm,long,2025-09-23 14:20:00+00:00,33232,3773.131,0.05,3766.131,3783.131,7.0,close_below_lower,0.028899979807279718,2025-09-23 15:10:00+00:00,33242,3775.704,signal,12.8650000000016,0.0,0.0,12.8650000000016,0.3675714285714743,-5.513999999999669,2.79300000000012,-0.7877142857142384,0.3990000000000172,10,3000.0,0.16,5.120142857142874,7.424265209388489,overlap,Tue,14,False
596,XAUUSDm,long,2025-09-23 18:55:00+00:00,33287,3768.1079999999997,0.05,3761.108,3778.108,7.0,close_below_lower,0.27553202759711765,2025-09-23 19:00:00+00:00,33288,3756.735,sl,-56.86499999999796,0.0,0.0,-56.86499999999796,-1.6247142857142276,-11.898999999999887,0.7950000000000728,-1.6998571428571267,0.11357142857143897,1,300.0,0.16,2.9633571428572134,7.658105635603077,newyork,Tue,18,False
597,XAUUSDm,long,2025-09-23 19:05:00+00:00,33289,3762.151,0.05,3755.151,3772.151,7.0,close_below_lower,0.5410501562356343,2025-09-23 19:15:00+00:00,33291,3755.151,sl,-35.0,0.0,0.0,-35.0,-1.0,-6.9539999999997235,0.1430000000000291,-0.9934285714285319,0.020428571428575588,2,600.0,0.16,4.135928571428654,7.832614454914927,newyork,Tue,19,False
598,XAUUSDm,long,2025-09-23 19:20:00+00:00,33292,3752.8869999999997,0.05,3745.887,3762.887,7.0,close_below_lower,0.91996693254916,2025-09-23 19:35:00+00:00,33295,3762.887,tp,50.000000000002274,0.0,0.0,50.000000000002274,1.4285714285714934,-0.15999999999985448,8.771000000000186,-0.022857142857122068,1.2530000000000265,3,900.0,0.16,4.776857142857125,8.068311857399767,newyork,Tue,19,False
599,XAUUSDm,long,2025-09-24 15:35:00+00:00,33523,3746.04,0.05,3739.04,3756.04,7.0,close_below_lower,0.02504014088964473,2025-09-24 16:15:00+00:00,33531,3739.04,sl,-35.0,0.0,0.0,-35.0,-1.0,-6.66800000000012,2.481000000000222,-0.9525714285714457,0.3544285714286031,8,2400.0,0.16,4.047785714285673,7.984212342430569,overlap,Wed,15,False
600,XAUUSDm,long,2025-09-25 11:10:00+00:00,33746,3747.037,0.05,3740.037,3757.037,7.0,close_below_lower,0.0723979657973289,2025-09-25 11:50:00+00:00,33754,3751.467,signal,22.150000000001455,0.0,0.0,22.150000000001455,0.6328571428571844,-5.9699999999998,5.898000000000138,-0.8528571428571142,0.8425714285714483,8,2400.0,0.16,3.05428571428573,8.28933444505196,london,Thu,11,False
601,XAUUSDm,long,2025-09-25 12:40:00+00:00,33764,3741.5229999999997,0.05,3734.523,3751.523,7.0,close_below_lower,0.10557104689984344,2025-09-25 12:50:00+00:00,33766,3734.523,sl,-34.999999999997726,0.0,0.0,-34.999999999997726,-0.999999999999935,-6.351999999999862,1.7130000000001928,-0.9074285714285517,0.24471428571431325,2,600.0,0.16,4.037285714285645,8.429850142774743,overlap,Thu,12,False
602,XAUUSDm,long,2025-09-25 12:55:00+00:00,33767,3732.8109999999997,0.05,3725.811,3742.811,7.0,close_below_lower,0.6194465035327538,2025-09-25 13:20:00+00:00,33772,3742.015,signal,46.02000000000089,0.0,0.0,46.02000000000089,1.3148571428571683,-0.6039999999998145,9.855000000000473,-0.08628571428568778,1.4078571428572104,5,1500.0,0.16,4.877071428571396,8.579476230772508,overlap,Thu,12,False
603,XAUUSDm,long,2025-09-25 13:45:00+00:00,33777,3726.507,0.05,3719.507,3736.507,7.0,close_below_lower,0.3414560916245278,2025-09-25 14:20:00+00:00,33784,3732.244,signal,28.6850000000004,0.0,0.0,28.6850000000004,0.81957142857144,-4.552000000000135,8.403999999999996,-0.6502857142857336,1.200571428571428,7,2100.0,0.16,6.694285714285765,8.782710245856606,overlap,Thu,13,False
604,XAUUSDm,short,2025-09-25 18:40:00+00:00,33836,3755.093,0.05,3762.093,3745.093,7.0,close_above_upper,0.2536415183196014,2025-09-25 19:25:00+00:00,33845,3751.622,signal,17.355000000000018,0.0,0.0,17.355000000000018,0.4958571428571434,-3.2029999999999745,4.173999999999978,-0.4575714285714249,0.5962857142857112,9,2700.0,0.16,3.3709285714285215,8.854593676376487,newyork,Thu,18,False
605,XAUUSDm,long,2025-09-25 23:20:00+00:00,33880,3738.6389999999997,0.05,3731.639,3748.639,7.0,close_below_lower,0.061553762123448964,2025-09-25 23:50:00+00:00,33886,3744.538,signal,29.49500000000171,0.0,0.0,29.49500000000171,0.8427142857143346,-0.15999999999985448,6.109000000000378,-0.022857142857122068,0.8727142857143397,6,1800.0,0.16,2.3351428571428903,8.811334879938972,rollover,Thu,23,False
606,XAUUSDm,short,2025-09-26 13:10:00+00:00,34046,3761.647,0.05,3768.647,3751.647,7.0,close_above_upper,0.025634116940772566,2025-09-26 13:25:00+00:00,34049,3755.341,signal,31.5300000000002,0.0,0.0,31.5300000000002,0.9008571428571486,-4.713999999999942,7.050999999999931,-0.6734285714285632,1.0072857142857043,3,900.0,0.16,4.083571428571498,8.373198401991324,overlap,Fri,13,False
607,XAUUSDm,short,2025-09-26 14:05:00+00:00,34057,3769.021,0.05,3776.021,3759.021,7.0,close_above_upper,0.15744801681428688,2025-09-26 14:15:00+00:00,34059,3776.181,sl,-35.79999999999927,0.0,0.0,-35.79999999999927,-1.022857142857122,-5.791999999999916,0.8200000000001637,-0.8274285714285595,0.11714285714288053,2,600.0,0.16,5.360428571428591,8.430682022404515,overlap,Fri,14,False
608,XAUUSDm,short,2025-09-26 14:20:00+00:00,34060,3777.5,0.05,3784.5,3767.5,7.0,close_above_upper,0.5743845052682907,2025-09-26 15:10:00+00:00,34070,3775.3469999999998,signal,10.765000000001237,0.0,0.0,10.765000000001237,0.3075714285714639,-6.349999999999909,4.4520000000002256,-0.9071428571428442,0.6360000000000322,10,3000.0,0.16,5.535285714285725,8.62212868514811,overlap,Fri,14,False
609,XAUUSDm,short,2025-09-29 02:20:00+00:00,34179,3791.181,0.05,3798.181,3781.181,7.0,close_above_upper,0.30989372919416613,2025-09-29 03:10:00+00:00,34189,3798.341,sl,-35.79999999999927,0.0,0.0,-35.79999999999927,-1.022857142857122,-7.616999999999734,3.1390000000001237,-1.088142857142819,0.4484285714285891,10,3000.0,0.16,4.251571428571424,8.542926407972143,asian,Mon,2,False
610,XAUUSDm,long,2025-09-29 12:35:00+00:00,34302,3814.261,0.05,3807.261,3824.261,7.0,close_below_lower,0.01531858008449326,2025-09-29 13:20:00+00:00,34311,3820.01,signal,28.745000000001255,0.0,0.0,28.745000000001255,0.8212857142857501,-5.072000000000116,6.820999999999913,-0.7245714285714452,0.974428571428559,9,2700.0,0.16,3.9809999999998644,8.774712848735287,overlap,Mon,12,False
611,XAUUSDm,short,2025-09-30 03:45:00+00:00,34472,3863.829,0.05,3870.829,3853.829,7.0,close_above_upper,0.10974307317254842,2025-09-30 05:10:00+00:00,34489,3864.413,signal,-2.9199999999991633,0.0,0.0,-2.9199999999991633,-0.08342857142854752,-6.170999999999822,1.830000000000382,-0.8815714285714031,0.261428571428626,17,5100.0,0.16,2.804142857142909,8.63321772184944,asian,Tue,3,False
612,XAUUSDm,long,2025-09-30 06:55:00+00:00,34510,3856.632,0.05,3849.632,3866.632,7.0,close_below_lower,0.14726531802919832,2025-09-30 07:25:00+00:00,34516,3849.632,sl,-35.0,0.0,0.0,-35.0,-1.0,-5.809999999999945,3.599999999999909,-0.8299999999999922,0.5142857142857012,6,1800.0,0.16,3.917571428571461,8.72821346020966,asian,Tue,6,False
613,XAUUSDm,long,2025-09-30 07:50:00+00:00,34521,3845.1369999999997,0.05,3838.137,3855.137,7.0,close_below_lower,0.0011684305304416201,2025-09-30 08:05:00+00:00,34524,3838.137,sl,-34.999999999997726,0.0,0.0,-34.999999999997726,-0.999999999999935,-5.665999999999713,2.1070000000004256,-0.8094285714285304,0.30100000000006083,3,900.0,0.16,4.850214285714238,9.060159487459554,london,Tue,7,False
614,XAUUSDm,long,2025-09-30 08:10:00+00:00,34525,3835.862,0.05,3828.862,3845.862,7.0,close_below_lower,0.4055053761162759,2025-09-30 08:20:00+00:00,34527,3828.862,sl,-35.0,0.0,0.0,-35.0,-1.0,-3.4729999999999563,3.299999999999727,-0.4961428571428509,0.47142857142853245,2,600.0,0.16,5.031214285714278,9.227999714718575,london,Tue,8,False
615,XAUUSDm,long,2025-09-30 08:25:00+00:00,34528,3829.912,0.05,3822.912,3839.912,7.0,close_below_lower,0.437795922162034,2025-09-30 08:30:00+00:00,34529,3822.912,sl,-35.0,0.0,0.0,-35.0,-1.0,-6.360999999999876,3.3590000000003783,-0.908714285714268,0.4798571428571969,1,300.0,0.16,5.632642857142822,9.381371416340148,london,Tue,8,False
616,XAUUSDm,long,2025-09-30 08:35:00+00:00,34530,3816.846,0.05,3809.846,3826.846,7.0,close_below_lower,1.2295177230971397,2025-09-30 08:40:00+00:00,34531,3807.776,sl,-45.35000000000082,0.0,0.0,-45.35000000000082,-1.2957142857143091,-9.278999999999996,2.3339999999998327,-1.325571428571428,0.33342857142854754,1,300.0,0.16,6.6201428571428425,9.577938599318273,london,Tue,8,False
617,XAUUSDm,long,2025-09-30 08:45:00+00:00,34532,3815.661,0.05,3808.661,3825.661,7.0,close_below_lower,0.6568751267770713,2025-09-30 09:10:00+00:00,34537,3808.661,sl,-35.0,0.0,0.0,-35.0,-1.0,-4.722000000000207,6.451999999999771,-0.6745714285714582,0.921714285714253,5,1500.0,0.16,7.444785714285705,9.82471954332453,london,Tue,8,False
618,XAUUSDm,long,2025-09-30 09:15:00+00:00,34538,3799.5989999999997,0.05,3792.599,3809.599,7.0,close_below_lower,0.9611297908564707,2025-09-30 10:10:00+00:00,34549,3804.646,signal,25.2350000000024,0.0,0.0,25.2350000000024,0.7210000000000686,-6.517999999999574,7.2150000000001455,-0.9311428571427963,1.0307142857143066,11,3300.0,0.16,8.878142857142848,10.188487081175818,london,Tue,9,False
619,XAUUSDm,short,2025-09-30 14:10:00+00:00,34597,3838.467,0.05,3845.467,3828.467,7.0,close_above_upper,0.4729219178043733,2025-09-30 14:15:00+00:00,34598,3845.627,sl,-35.79999999999927,0.0,0.0,-35.79999999999927,-1.022857142857122,-8.616999999999734,0.69399999999996,-1.2309999999999621,0.09914285714285143,1,300.0,0.16,5.628928571428527,10.440842029845538,overlap,Tue,14,False
620,XAUUSDm,short,2025-09-30 14:20:00+00:00,34599,3849.265,0.05,3856.265,3839.265,7.0,close_above_upper,0.9703578896668682,2025-09-30 15:05:00+00:00,34608,3839.4249999999997,tp,49.20000000000073,0.0,0.0,49.20000000000073,1.4057142857143066,-5.278000000000247,6.60799999999972,-0.7540000000000353,0.94399999999996,9,2700.0,0.16,6.14714285714282,10.653560419066975,overlap,Tue,14,False
621,XAUUSDm,short,2025-10-01 08:05:00+00:00,34800,3884.699,0.05,3891.699,3874.699,7.0,close_above_upper,0.2618739062327851,2025-10-01 08:15:00+00:00,34802,3891.859,sl,-35.79999999999927,0.0,0.0,-35.79999999999927,-1.022857142857122,-4.436999999999898,2.4650000000001455,-0.6338571428571284,0.3521428571428779,2,600.0,0.16,4.239785714285712,10.20427144185775,london,Wed,8,False
622,XAUUSDm,short,2025-10-01 08:20:00+00:00,34803,3892.673,0.05,3899.673,3882.673,7.0,close_above_upper,0.4810519190796638,2025-10-01 09:20:00+00:00,34815,3888.825,signal,19.23999999999978,0.0,0.0,19.23999999999978,0.5497142857142795,-2.7030000000004293,4.778999999999996,-0.38614285714291846,0.6827142857142852,12,3600.0,0.16,4.426000000000029,10.321842214824759,london,Wed,8,False
623,XAUUSDm,long,2025-10-02 13:50:00+00:00,35145,3877.748,0.05,3870.748,3887.748,7.0,close_below_lower,0.24134205388346622,2025-10-02 14:05:00+00:00,35148,3870.748,sl,-35.0,0.0,0.0,-35.0,-1.0,-6.505999999999858,0.79300000000012,-0.9294285714285512,0.11328571428573143,3,900.0,0.16,4.872428571428535,7.545023936418835,overlap,Thu,13,False
624,XAUUSDm,long,2025-10-02 14:10:00+00:00,35149,3874.375,0.05,3867.375,3884.375,7.0,close_below_lower,0.04350989305541665,2025-10-02 14:15:00+00:00,35150,3867.375,sl,-35.0,0.0,0.0,-35.0,-1.0,-4.898999999999887,2.286000000000058,-0.6998571428571267,0.3265714285714369,1,300.0,0.16,5.324714285714208,7.725286578975423,overlap,Thu,14,False
625,XAUUSDm,long,2025-10-02 14:20:00+00:00,35151,3866.671,0.05,3859.671,3876.671,7.0,close_below_lower,0.6257590059922591,2025-10-02 14:25:00+00:00,35152,3859.671,sl,-35.0,0.0,0.0,-35.0,-1.0,-4.7590000000000146,0.16300000000001091,-0.6798571428571449,0.023285714285715846,1,300.0,0.16,5.674357142857064,7.845000964634281,overlap,Thu,14,False
626,XAUUSDm,long,2025-10-02 14:30:00+00:00,35153,3864.002,0.05,3857.002,3874.002,7.0,close_below_lower,0.47762813583872665,2025-10-02 14:35:00+00:00,35154,3857.002,sl,-35.0,0.0,0.0,-35.0,-1.0,-7.641000000000076,2.036000000000058,-1.0915714285714395,0.2908571428571512,1,300.0,0.16,5.975357142857059,7.965171747524411,overlap,Thu,14,False
627,XAUUSDm,long,2025-10-02 14:40:00+00:00,35155,3844.975,0.05,3837.975,3854.975,7.0,close_below_lower,2.070159394110822,2025-10-02 14:45:00+00:00,35156,3837.975,sl,-35.0,0.0,0.0,-35.0,-1.0,-8.569999999999709,0.5920000000000982,-1.2242857142856727,0.0845714285714426,1,300.0,0.16,7.1947142857142286,8.177436963540838,overlap,Thu,14,False
628,XAUUSDm,long,2025-10-02 14:50:00+00:00,35157,3830.029,0.05,3823.029,3840.029,7.0,close_below_lower,2.7561535445884733,2025-10-02 14:55:00+00:00,35158,3840.029,tp,50.0,0.0,0.0,50.0,1.4285714285714286,-4.748000000000047,6.239000000000033,-0.678285714285721,0.891285714285719,1,300.0,0.16,7.57721428571423,8.493597362455327,overlap,Thu,14,False
629,XAUUSDm,long,2025-10-02 15:00:00+00:00,35159,3839.99,0.05,3832.99,3849.99,7.0,close_below_lower,0.6933508265854423,2025-10-02 15:10:00+00:00,35161,3832.99,sl,-35.0,0.0,0.0,-35.0,-1.0,-6.983999999999924,4.824000000000069,-0.9977142857142748,0.689142857142867,2,600.0,0.16,8.24099999999992,8.713024612923952,overlap,Thu,15,False
630,XAUUSDm,long,2025-10-02 15:15:00+00:00,35162,3836.652,0.05,3829.652,3846.652,7.0,close_below_lower,0.17143080008486908,2025-10-02 15:30:00+00:00,35165,3829.652,sl,-35.0,0.0,0.0,-35.0,-1.0,-7.268000000000029,2.8079999999999927,-1.0382857142857185,0.4011428571428561,3,900.0,0.16,8.970071428571373,8.857785122240301,overlap,Thu,15,False
631,XAUUSDm,long,2025-10-02 15:35:00+00:00,35166,3828.9539999999997,0.05,3821.954,3838.954,7.0,close_below_lower,0.20038060453029358,2025-10-02 16:05:00+00:00,35172,3834.361,signal,27.035000000000764,0.0,0.0,27.035000000000764,0.7724285714285932,-9.623999999999796,7.247000000000298,-1.3748571428571137,1.035285714285757,6,1800.0,0.16,9.054785714285734,8.94978848037498,overlap,Thu,15,False
632,XAUUSDm,short,2025-10-03 13:20:00+00:00,35415,3879.542,0.05,3886.542,3869.542,7.0,close_above_upper,0.0059408618150256515,2025-10-03 13:40:00+00:00,35419,3886.7019999999998,sl,-35.79999999999927,0.0,0.0,-35.79999999999927,-1.022857142857122,-5.941000000000258,6.85799999999972,-0.8487142857143226,0.9797142857142457,4,1200.0,0.16,3.760500000000028,8.700366138721787,overlap,Fri,13,False
633,XAUUSDm,short,2025-10-03 13:45:00+00:00,35420,3886.758,0.05,3893.758,3876.758,7.0,close_above_upper,0.04543774226401281,2025-10-03 14:05:00+00:00,35424,3879.9269999999997,signal,34.155000000000655,0.0,0.0,34.155000000000655,0.9758571428571615,-3.893000000000029,7.464999999999691,-0.5561428571428613,1.0664285714285273,4,1200.0,0.16,4.4819285714285275,8.777653826072077,overlap,Fri,13,False
634,XAUUSDm,long,2025-10-03 14:15:00+00:00,35426,3867.3599999999997,0.05,3860.36,3877.36,7.0,close_below_lower,0.3578167086978332,2025-10-03 14:25:00+00:00,35428,3877.36,tp,50.000000000002274,0.0,0.0,50.000000000002274,1.4285714285714934,-0.4849999999996726,9.645000000000437,-0.06928571428566752,1.3778571428572053,2,600.0,0.16,6.648571428571358,8.853680448580077,overlap,Fri,14,False
635,XAUUSDm,short,2025-10-05 23:05:00+00:00,35519,3917.633,0.05,3924.633,3907.633,7.0,close_above_upper,1.4832237351932063,2025-10-05 23:15:00+00:00,35521,3907.7929999999997,tp,49.20000000000073,0.0,0.0,49.20000000000073,1.4057142857143066,-3.3530000000000655,9.930999999999585,-0.47900000000000936,1.4187142857142265,2,600.0,0.16,4.817071428571418,9.239758316643556,rollover,Sun,23,False
636,XAUUSDm,short,2025-10-06 02:05:00+00:00,35555,3921.948,0.05,3928.948,3911.948,7.0,close_above_upper,0.24389756826041414,2025-10-06 03:25:00+00:00,35571,3922.017,signal,-0.3449999999997999,0.0,0.0,-0.3449999999997999,-0.00985714285713714,-4.751000000000204,3.2649999999998727,-0.6787142857143148,0.46642857142855326,16,4800.0,0.16,3.837642857142847,9.94750845348139,asian,Mon,2,False
637,XAUUSDm,short,2025-10-06 13:45:00+00:00,35695,3944.769,0.05,3951.769,3934.769,7.0,close_above_upper,0.08494698080016601,2025-10-06 14:30:00+00:00,35704,3951.9289999999996,sl,-35.79999999999927,0.0,0.0,-35.79999999999927,-1.022857142857122,-5.428000000000338,4.536999999999807,-0.7754285714286198,0.6481428571428296,9,2700.0,0.16,5.058499999999997,8.791158043959419,overlap,Mon,13,False
638,XAUUSDm,short,2025-10-06 14:35:00+00:00,35705,3954.536,0.05,3961.536,3944.536,7.0,close_above_upper,0.038875626516205644,2025-10-06 15:10:00+00:00,35712,3951.381,signal,15.775000000001,0.0,0.0,15.775000000001,0.4507142857143143,-4.351999999999862,3.48700000000008,-0.621714285714266,0.4981428571428686,7,2100.0,0.16,6.150785714285673,9.099992874765555,overlap,Mon,14,False
639,XAUUSDm,short,2025-10-07 13:10:00+00:00,35964,3984.732,0.05,3991.732,3974.732,7.0,close_above_upper,0.11100256254310108,2025-10-07 13:30:00+00:00,35968,3974.892,tp,49.20000000000073,0.0,0.0,49.20000000000073,1.4057142857143066,-0.9050000000002001,7.336999999999989,-0.12928571428574287,1.0481428571428555,4,1200.0,0.16,3.937357142857146,9.917584777035358,overlap,Tue,13,False
640,XAUUSDm,long,2025-10-07 15:45:00+00:00,35995,3972.296,0.05,3965.296,3982.296,7.0,close_below_lower,0.01011241915805781,2025-10-07 15:50:00+00:00,35996,3963.513,sl,-43.91499999999951,0.0,0.0,-43.91499999999951,-1.2547142857142717,-10.15899999999965,0.9190000000003238,-1.4512857142856643,0.13128571428576055,1,300.0,0.16,5.30114285714285,10.429457529946477,overlap,Tue,15,False
641,XAUUSDm,long,2025-10-07 15:55:00+00:00,35997,3965.094,0.05,3958.094,3975.094,7.0,close_below_lower,0.3304253244627172,2025-10-07 16:05:00+00:00,35999,3975.094,tp,50.0,0.0,0.0,50.0,1.4285714285714286,-3.2780000000002474,6.795000000000073,-0.4682857142857496,0.9707142857142961,2,600.0,0.16,5.8356428571428625,10.616446342788123,overlap,Tue,15,False
642,XAUUSDm,long,2025-10-08 19:10:00+00:00,36312,4034.0879999999997,0.05,4027.088,4044.088,7.0,close_below_lower,0.29942815857351185,2025-10-08 19:20:00+00:00,36314,4044.088,tp,50.000000000002274,0.0,0.0,50.000000000002274,1.4285714285714934,-0.15999999999985448,7.786000000000058,-0.022857142857122068,1.1122857142857225,2,600.0,0.16,5.477857142857082,10.294827267178235,newyork,Wed,19,False
643,XAUUSDm,long,2025-10-08 22:10:00+00:00,36336,4020.5409999999997,0.05,4013.541,4030.541,7.0,close_below_lower,0.9075816497417227,2025-10-08 23:00:00+00:00,36346,4013.541,sl,-34.999999999997726,0.0,0.0,-34.999999999997726,-0.999999999999935,-1.7679999999995744,7.456000000000131,-0.2525714285713678,1.0651428571428758,10,3000.0,0.16,4.925714285714354,10.149626059090545,rollover,Wed,22,False
644,XAUUSDm,long,2025-10-08 23:05:00+00:00,36347,4014.433,0.05,4007.433,4024.433,7.0,close_below_lower,0.01690240581382661,2025-10-08 23:45:00+00:00,36355,4007.433,sl,-35.0,0.0,0.0,-35.0,-1.0,-4.402999999999793,7.550999999999931,-0.6289999999999704,1.0787142857142757,8,2400.0,0.16,5.495500000000058,10.525673432479472,rollover,Wed,23,False
645,XAUUSDm,long,2025-10-08 23:50:00+00:00,36356,4005.449,0.05,3998.449,4015.449,7.0,close_below_lower,0.036066031973037115,2025-10-09 00:05:00+00:00,36359,4015.449,tp,50.0,0.0,0.0,50.0,1.4285714285714286,-4.219000000000051,9.596000000000004,-0.602714285714293,1.3708571428571434,3,900.0,0.16,4.93721428571426,10.59842290672632,rollover,Wed,23,False
646,XAUUSDm,short,2025-10-09 00:25:00+00:00,36363,4027.035,0.05,4034.035,4017.035,7.0,close_above_upper,0.029519832913565032,2025-10-09 01:00:00+00:00,36370,4017.1949999999997,tp,49.20000000000073,0.0,0.0,49.20000000000073,1.4057142857143066,-0.9160000000001673,7.339999999999691,-0.13085714285716676,1.0485714285713843,7,2100.0,0.16,5.800428571428548,10.709401816695618,asian,Thu,0,False
647,XAUUSDm,long,2025-10-09 01:05:00+00:00,36371,4009.227,0.05,4002.227,4019.227,7.0,close_below_lower,0.08451404181373065,2025-10-09 01:10:00+00:00,36372,4019.227,tp,50.0,0.0,0.0,50.0,1.4285714285714286,-0.8999999999996362,5.169000000000324,-0.1285714285713766,0.7384285714286177,1,300.0,0.16,5.401714285714304,10.77690102143325,asian,Thu,1,False
648,XAUUSDm,long,2025-10-09 02:05:00+00:00,36383,4012.12,0.05,4005.12,4022.12,7.0,close_below_lower,0.08204504144360049,2025-10-09 02:15:00+00:00,36385,4005.12,sl,-35.0,0.0,0.0,-35.0,-1.0,-1.5360000000000582,5.405999999999949,-0.21942857142857974,0.772285714285707,2,600.0,0.16,7.201142857142811,11.030276618423304,asian,Thu,2,False
649,XAUUSDm,long,2025-10-09 02:20:00+00:00,36386,4008.72,0.05,4001.72,4018.72,7.0,close_below_lower,0.07362419832260167,2025-10-09 02:45:00+00:00,36391,4017.649,signal,44.64500000000044,0.0,0.0,44.64500000000044,1.275571428571441,-2.742999999999938,9.051000000000386,-0.391857142857134,1.293000000000055,5,1500.0,0.16,7.053214285714278,11.164315131820825,asian,Thu,2,False
650,XAUUSDm,long,2025-10-09 13:45:00+00:00,36523,4031.538,0.05,4024.538,4041.538,7.0,close_below_lower,0.637208025209798,2025-10-09 13:50:00+00:00,36524,4024.538,sl,-35.0,0.0,0.0,-35.0,-1.0,-12.365999999999985,3.407000000000153,-1.7665714285714265,0.4867142857143075,1,300.0,0.16,6.233714285714346,10.449826257019556,overlap,Thu,13,False
651,XAUUSDm,long,2025-10-09 13:55:00+00:00,36525,4021.9759999999997,0.05,4014.976,4031.976,7.0,close_below_lower,1.0701015907980875,2025-10-09 14:00:00+00:00,36526,4014.976,sl,-34.999999999997726,0.0,0.0,-34.999999999997726,-0.999999999999935,-5.20299999999952,6.027000000000498,-0.7432857142856457,0.8610000000000712,1,300.0,0.16,7.49800000000008,10.667370368556567,overlap,Thu,13,False
652,XAUUSDm,long,2025-10-09 14:05:00+00:00,36527,4022.752,0.05,4015.752,4032.752,7.0,close_below_lower,0.46362276099542093,2025-10-09 14:20:00+00:00,36530,4015.752,sl,-35.0,0.0,0.0,-35.0,-1.0,-3.5109999999999673,6.295999999999822,-0.5015714285714239,0.8994285714285459,3,900.0,0.16,8.24950000000006,10.899015802039624,overlap,Thu,14,False
653,XAUUSDm,long,2025-10-09 14:25:00+00:00,36531,4010.287,0.05,4003.287,4020.287,7.0,close_below_lower,0.7840252924939514,2025-10-09 14:45:00+00:00,36535,4020.287,tp,50.0,0.0,0.0,50.0,1.4285714285714286,-6.35799999999972,6.381000000000313,-0.9082857142856743,0.9115714285714732,4,1200.0,0.16,9.754071428571478,11.168284284713604,overlap,Thu,14,False
654,XAUUSDm,long,2025-10-09 16:35:00+00:00,36557,3998.8289999999997,0.05,3991.829,4008.829,7.0,close_below_lower,0.2771793586083847,2025-10-09 16:40:00+00:00,36558,3986.594,sl,-61.17499999999836,0.0,0.0,-61.17499999999836,-1.7478571428570961,-12.692999999999756,3.0780000000004293,-1.8132857142856795,0.43971428571434706,1,300.0,0.16,6.197857142857109,11.93860195991866,newyork,Thu,16,False
655,XAUUSDm,long,2025-10-09 16:45:00+00:00,36559,3986.787,0.05,3979.787,3996.787,7.0,close_below_lower,0.781790878062707,2025-10-09 16:50:00+00:00,36560,3979.787,sl,-35.0,0.0,0.0,-35.0,-1.0,-9.952999999999975,0.0,-1.4218571428571392,0.0,1,300.0,0.16,7.355714285714287,12.190283825527839,newyork,Thu,16,False
656,XAUUSDm,long,2025-10-09 16:55:00+00:00,36561,3970.6279999999997,0.05,3963.628,3980.628,7.0,close_below_lower,1.478898202055198,2025-10-09 17:05:00+00:00,36563,3963.628,sl,-34.999999999997726,0.0,0.0,-34.999999999997726,-0.999999999999935,-6.62099999999964,3.7960000000002765,-0.9458571428570914,0.5422857142857538,2,600.0,0.16,8.332857142857133,12.461174866552,newyork,Thu,16,False
657,XAUUSDm,long,2025-10-09 17:10:00+00:00,36564,3967.7149999999997,0.05,3960.715,3977.715,7.0,close_below_lower,0.7676105861841725,2025-10-09 17:15:00+00:00,36565,3952.099,sl,-78.07999999999765,0.0,0.0,-78.07999999999765,-2.230857142857076,-16.835999999999785,1.7780000000002474,-2.4051428571428266,0.25400000000003536,1,300.0,0.16,8.993142857142857,12.83500360966713,newyork,Thu,17,False
658,XAUUSDm,long,2025-10-09 17:20:00+00:00,36566,3963.8109999999997,0.05,3956.811,3973.811,7.0,close_below_lower,0.3968762440393777,2025-10-09 17:25:00+00:00,36567,3956.454,sl,-36.78499999999758,0.0,0.0,-36.78499999999758,-1.0509999999999309,-7.62099999999964,3.7350000000001273,-1.0887142857142342,0.5335714285714468,1,300.0,0.16,10.967500000000005,13.112430705475003,newyork,Thu,17,False
659,XAUUSDm,long,2025-10-09 17:30:00+00:00,36568,3959.334,0.05,3952.334,3969.334,7.0,close_below_lower,0.1976450354131643,2025-10-09 17:45:00+00:00,36571,3952.334,sl,-35.0,0.0,0.0,-35.0,-1.0,-3.592999999999847,4.2150000000001455,-0.5132857142856925,0.602142857142878,3,900.0,0.16,11.53592857142855,13.321984102890706,newyork,Thu,17,False
660,XAUUSDm,long,2025-10-10 04:15:00+00:00,36685,3948.1969999999997,0.05,3941.197,3958.197,7.0,close_below_lower,0.2097908876127087,2025-10-10 04:25:00+00:00,36687,3958.197,tp,50.000000000002274,0.0,0.0,50.000000000002274,1.4285714285714934,-0.15999999999985448,9.674000000000433,-0.022857142857122068,1.3820000000000618,2,600.0,0.16,5.569714285714293,14.24576376256745,asian,Fri,4,False
661,XAUUSDm,short,2025-10-10 08:10:00+00:00,36732,3985.574,0.05,3992.574,3975.574,7.0,close_above_upper,0.12752013576498164,2025-10-10 08:45:00+00:00,36739,3992.734,sl,-35.79999999999927,0.0,0.0,-35.79999999999927,-1.022857142857122,-4.976000000000113,1.5,-0.710857142857159,0.21428571428571427,7,2100.0,0.16,5.911571428571473,14.578186912203794,london,Fri,8,False
662,XAUUSDm,short,2025-10-10 15:10:00+00:00,36816,4010.664,0.05,4017.664,4000.664,7.0,close_above_upper,0.4517733735597224,2025-10-10 15:25:00+00:00,36819,4017.824,sl,-35.79999999999927,0.0,0.0,-35.79999999999927,-1.022857142857122,-4.584999999999582,8.583000000000084,-0.6549999999999402,1.2261428571428692,3,900.0,0.16,7.862214285714377,15.141825153655823,overlap,Fri,15,False
663,XAUUSDm,short,2025-10-10 15:30:00+00:00,36820,4016.726,0.05,4023.726,4006.726,7.0,close_above_upper,0.1826944482362537,2025-10-10 15:40:00+00:00,36822,4006.886,tp,49.20000000000073,0.0,0.0,49.20000000000073,1.4057142857143066,-6.098999999999705,5.523000000000138,-0.8712857142856721,0.7890000000000198,2,600.0,0.16,7.972214285714342,15.460305048565466,overlap,Fri,15,False
664,XAUUSDm,long,2025-10-10 16:20:00+00:00,36830,3977.816,0.05,3970.816,3987.816,7.0,close_below_lower,0.3502808359261944,2025-10-10 16:25:00+00:00,36831,3987.816,tp,50.0,0.0,0.0,50.0,1.4285714285714286,-0.15999999999985448,8.805000000000291,-0.022857142857122068,1.2578571428571845,1,300.0,0.16,10.147785714285646,15.907706282345494,newyork,Fri,16,False
665,XAUUSDm,short,2025-10-12 22:25:00+00:00,36890,4039.694,0.05,4046.694,4029.694,7.0,close_above_upper,0.4432459360261411,2025-10-12 23:00:00+00:00,36897,4046.854,sl,-35.79999999999927,0.0,0.0,-35.79999999999927,-1.022857142857122,-5.641000000000076,7.032999999999902,-0.8058571428571538,1.0047142857142717,7,2100.0,0.16,7.494142857142833,15.48635107794823,rollover,Sun,22,False
666,XAUUSDm,short,2025-10-12 23:05:00+00:00,36898,4050.223,0.05,4057.223,4040.223,7.0,close_above_upper,0.042882565734054905,2025-10-12 23:10:00+00:00,36899,4060.131,sl,-49.53999999999951,0.0,0.0,-49.53999999999951,-1.4154285714285575,-9.970000000000255,2.1790000000000873,-1.4242857142857506,0.31128571428572677,1,300.0,0.16,8.68285714285714,15.974108860682897,rollover,Sun,23,False
667,XAUUSDm,short,2025-10-13 00:45:00+00:00,36918,4057.037,0.05,4064.037,4047.037,7.0,close_above_upper,0.0673346358815066,2025-10-13 00:50:00+00:00,36919,4046.384,tp,53.26499999999896,0.0,0.0,53.26499999999896,1.5218571428571133,-2.8890000000001237,14.41399999999976,-0.4127142857143034,2.059142857142823,1,300.0,0.16,8.017785714285699,16.29536536954575,asian,Mon,0,False
668,XAUUSDm,short,2025-10-13 23:40:00+00:00,37181,4129.865,0.05,4136.865,4119.865,7.0,close_above_upper,0.0459315545589054,2025-10-14 00:05:00+00:00,37186,4121.512,signal,41.76500000000033,0.0,0.0,41.76500000000033,1.1932857142857236,-2.157000000000153,9.664999999999964,-0.308142857142879,1.3807142857142805,5,1500.0,0.16,3.579285714285496,13.057007674155212,rollover,Mon,23,False
669,XAUUSDm,short,2025-10-14 01:25:00+00:00,37202,4146.345,0.05,4153.345,4136.345,7.0,close_above_upper,0.14441946653702462,2025-10-14 01:40:00+00:00,37205,4136.505,tp,49.20000000000073,0.0,0.0,49.20000000000073,1.4057142857143066,-3.581999999999425,5.064000000000306,-0.5117142857142036,0.723428571428615,3,900.0,0.16,5.1556428571429285,12.916719633130647,asian,Tue,1,False
670,XAUUSDm,long,2025-10-14 05:40:00+00:00,37253,4141.289,0.05,4134.289,4151.289,7.0,close_below_lower,1.13791705894565,2025-10-14 05:45:00+00:00,37254,4119.737,sl,-107.7599999999984,0.0,0.0,-107.7599999999984,-3.078857142857097,-22.12199999999939,10.351000000000568,-3.160285714285627,1.4787142857143667,1,300.0,0.16,7.111357142857157,12.979314091809453,asian,Tue,5,False
671,XAUUSDm,long,2025-10-14 05:50:00+00:00,37255,4116.2699999999995,0.05,4109.27,4126.27,7.0,close_below_lower,2.2074507805588572,2025-10-14 05:55:00+00:00,37256,4136.972,tp,103.51000000000113,0.0,0.0,103.51000000000113,2.9574285714286037,-0.4029999999993379,21.218000000000757,-0.05757142857133398,3.031142857142965,1,300.0,0.16,9.961714285714281,13.488857966764622,asian,Tue,5,False
672,XAUUSDm,long,2025-10-14 06:00:00+00:00,37257,4121.326,0.05,4114.326,4131.326,7.0,close_below_lower,1.2563479402767324,2025-10-14 06:10:00+00:00,37259,4114.326,sl,-35.0,0.0,0.0,-35.0,-1.0,-5.653000000000247,12.556999999999789,-0.8075714285714639,1.7938571428571126,2,600.0,0.16,12.575571428571427,13.755326454823066,asian,Tue,6,False
673,XAUUSDm,long,2025-10-14 06:15:00+00:00,37260,4111.43,0.05,4104.43,4121.43,7.0,close_below_lower,1.0741460089282269,2025-10-14 06:20:00+00:00,37261,4104.43,sl,-35.0,0.0,0.0,-35.0,-1.0,-1.9160000000001673,7.121000000000095,-0.2737142857143096,1.017285714285728,1,300.0,0.16,15.222571428571362,14.157146799418669,asian,Tue,6,False
674,XAUUSDm,long,2025-10-14 06:25:00+00:00,37262,4099.548,0.05,4092.548,4109.548,7.0,close_below_lower,1.2292207893963738,2025-10-14 06:30:00+00:00,37263,4114.045,tp,72.48500000000149,0.0,0.0,72.48500000000149,2.071000000000043,-0.5540000000000873,15.42200000000048,-0.07914285714286962,2.2031428571429257,1,300.0,0.16,16.65942857142857,14.47791457210884,asian,Tue,6,False
675,XAUUSDm,long,2025-10-14 06:40:00+00:00,37265,4104.304,0.05,4097.304,4114.304,7.0,close_below_lower,0.23101900302076303,2025-10-14 06:45:00+00:00,37266,4097.304,sl,-35.0,0.0,0.0,-35.0,-1.0,-5.618999999999687,4.194999999999709,-0.802714285714241,0.5992857142856727,1,300.0,0.16,18.299785714285786,14.718919761352629,asian,Tue,6,False
676,XAUUSDm,long,2025-10-14 06:50:00+00:00,37267,4098.705,0.05,4091.705,4108.705,7.0,close_below_lower,0.1512810050216079,2025-10-14 06:55:00+00:00,37268,4109.378,tp,53.36499999999887,0.0,0.0,53.36499999999887,1.5247142857142535,-0.15999999999985448,11.694000000000415,-0.022857142857122068,1.6705714285714879,1,300.0,0.16,16.483499999999985,14.924187505887657,asian,Tue,6,False
677,XAUUSDm,short,2025-10-14 08:15:00+00:00,37284,4140.846,0.05,4147.846,4130.846,7.0,close_above_upper,0.12318522858102006,2025-10-14 08:40:00+00:00,37289,4131.005999999999,tp,49.20000000000073,0.0,0.0,49.20000000000073,1.4057142857143066,-4.371000000000095,4.03899999999976,-0.624428571428585,0.5769999999999657,5,1500.0,0.16,7.359285714285761,15.411299211039267,london,Tue,8,False
678,XAUUSDm,long,2025-10-14 12:40:00+00:00,37337,4110.764999999999,0.05,4103.765,4120.765,7.0,close_below_lower,0.008589728669477693,2025-10-14 12:55:00+00:00,37340,4103.765,sl,-34.99999999999545,0.0,0.0,-34.99999999999545,-0.9999999999998701,-4.518999999999323,4.199000000000524,-0.6455714285713319,0.5998571428572177,3,900.0,0.16,5.155071428571448,14.770904433686585,overlap,Tue,12,False
679,XAUUSDm,short,2025-10-14 22:15:00+00:00,37440,4160.974,0.05,4167.974,4150.974,7.0,close_above_upper,0.10768598516263767,2025-10-14 22:30:00+00:00,37443,4151.134,tp,49.20000000000073,0.0,0.0,49.20000000000073,1.4057142857143066,-2.90099999999984,9.829999999999927,-0.41442857142854855,1.404285714285704,3,900.0,0.16,3.5508571428569797,13.931472066504883,rollover,Tue,22,False
680,XAUUSDm,long,2025-10-15 09:20:00+00:00,37573,4192.187,0.05,4185.187,4202.187,7.0,close_below_lower,0.1301174331470888,2025-10-15 09:25:00+00:00,37574,4184.307,sl,-39.400000000000546,0.0,0.0,-39.400000000000546,-1.1257142857143012,-27.436999999999898,0.6859999999996944,-3.919571428571414,0.09799999999995634,1,300.0,0.16,5.2457857142857005,15.282337831688931,london,Wed,9,False
681,XAUUSDm,long,2025-10-16 05:35:00+00:00,37804,4210.902,0.05,4203.902,4220.902,7.0,close_below_lower,0.42266968476121203,2025-10-16 05:55:00+00:00,37808,4203.902,sl,-35.0,0.0,0.0,-35.0,-1.0,-6.945999999999913,3.4049999999997453,-0.9922857142857018,0.4864285714285351,4,1200.0,0.16,5.248571428571462,12.676869845938352,asian,Thu,5,False
682,XAUUSDm,long,2025-10-16 06:00:00+00:00,37809,4205.075,0.05,4198.075,4215.075,7.0,close_below_lower,0.02179150458578216,2025-10-16 06:05:00+00:00,37810,4216.808,tp,58.66500000000087,0.0,0.0,58.66500000000087,1.676142857142882,-1.4229999999997744,11.704999999999927,-0.20328571428568207,1.6721428571428467,1,300.0,0.16,6.597928571428513,12.94058991531006,asian,Thu,6,False
683,XAUUSDm,short,2025-10-16 14:15:00+00:00,37908,4265.243,0.05,4272.243,4255.243,7.0,close_above_upper,0.03814819256473855,2025-10-16 14:45:00+00:00,37914,4255.403,tp,49.20000000000073,0.0,0.0,49.20000000000073,1.4057142857143066,-2.3229999999994106,9.469000000000051,-0.33185714285705864,1.352714285714293,6,1800.0,0.16,7.4334999999999,12.169564053256858,overlap,Thu,14,False
684,XAUUSDm,short,2025-10-16 20:05:00+00:00,37978,4314.694,0.05,4321.694,4304.694,7.0,close_above_upper,0.2865852327414714,2025-10-16 20:45:00+00:00,37986,4321.854,sl,-35.79999999999927,0.0,0.0,-35.79999999999927,-1.022857142857122,-5.936999999999898,2.9550000000008367,-0.8481428571428425,0.42214285714297667,8,2400.0,0.16,5.692571428571227,12.71135184938392,newyork,Thu,20,False
685,XAUUSDm,short,2025-10-16 20:55:00+00:00,37988,4329.294,0.05,4336.294,4319.294,7.0,close_above_upper,0.11738732723456233,2025-10-16 22:00:00+00:00,37989,4345.235,sl,-79.70499999999902,0.0,0.0,-79.70499999999902,-2.277285714285686,-0.8900000000003274,3.367000000000189,-0.1271428571429039,0.481000000000027,1,3900.0,0.16,6.085571428571582,13.021059141965683,newyork,Thu,20,False
686,XAUUSDm,short,2025-10-16 22:05:00+00:00,37990,4337.289,0.05,4344.289,4327.289,7.0,close_above_upper,0.3696779351042204,2025-10-16 22:10:00+00:00,37991,4351.8189999999995,sl,-72.64999999999873,0.0,0.0,-72.64999999999873,-2.075714285714249,-16.123999999999796,4.592999999999847,-2.3034285714285425,0.6561428571428353,1,300.0,0.16,6.3815000000001545,13.182691908393362,rollover,Thu,22,False
687,XAUUSDm,short,2025-10-16 22:15:00+00:00,37992,4349.839,0.05,4356.839,4339.839,7.0,close_above_upper,0.7534486473505508,2025-10-16 22:20:00+00:00,37993,4369.191,sl,-96.75999999999931,0.0,0.0,-96.75999999999931,-2.7645714285714087,-30.234999999999673,0.6779999999998836,-4.319285714285668,0.09685714285712622,1,300.0,0.16,7.344071428571559,13.423059930050588,rollover,Thu,22,False
688,XAUUSDm,short,2025-10-16 22:25:00+00:00,37994,4360.478,0.05,4367.478,4350.478,7.0,close_above_upper,0.84719255721644,2025-10-16 22:30:00+00:00,37995,4367.956,sl,-37.39000000000033,0.0,0.0,-37.39000000000033,-1.0682857142857236,-7.438000000000102,0.5510000000003856,-1.0625714285714432,0.0787142857143408,1,300.0,0.16,9.72364285714288,13.716824409670274,rollover,Thu,22,False
689,XAUUSDm,short,2025-10-16 22:35:00+00:00,37996,4356.669,0.05,4363.669,4346.669,7.0,close_above_upper,0.0304905824037967,2025-10-16 22:45:00+00:00,37998,4363.829,sl,-35.79999999999927,0.0,0.0,-35.79999999999927,-1.022857142857122,-4.354000000000269,13.657000000000153,-0.6220000000000384,1.9510000000000218,2,600.0,0.16,10.529785714285676,13.926249147093403,rollover,Thu,22,False
690,XAUUSDm,long,2025-10-17 01:20:00+00:00,38029,4337.077,0.05,4330.077,4347.077,7.0,close_below_lower,0.404280966698795,2025-10-17 01:30:00+00:00,38031,4330.077,sl,-35.0,0.0,0.0,-35.0,-1.0,-9.076000000000022,4.074999999999818,-1.2965714285714316,0.5821428571428312,2,600.0,0.16,9.768857142857152,14.253039299326328,asian,Fri,1,False
691,XAUUSDm,long,2025-10-17 01:35:00+00:00,38032,4322.892,0.05,4315.892,4332.892,7.0,close_below_lower,0.7901425744435965,2025-10-17 01:40:00+00:00,38033,4315.892,sl,-35.0,0.0,0.0,-35.0,-1.0,-10.17699999999968,4.4210000000002765,-1.4538571428570972,0.6315714285714681,1,300.0,0.16,11.235714285714298,14.559186181846055,asian,Fri,1,False
692,XAUUSDm,long,2025-10-17 01:45:00+00:00,38034,4290.988,0.05,4283.988,4300.988,7.0,close_below_lower,2.2381399553134815,2025-10-17 01:50:00+00:00,38035,4300.988,tp,50.0,0.0,0.0,50.0,1.4285714285714286,-11.280999999999949,17.69499999999971,-1.6115714285714213,2.5278571428571013,1,300.0,0.16,14.772714285714367,14.98972689807929,asian,Fri,1,False
693,XAUUSDm,long,2025-10-17 01:55:00+00:00,38036,4293.1179999999995,0.05,4286.118,4303.118,7.0,close_below_lower,1.352829534286135,2025-10-17 02:00:00+00:00,38037,4314.035,tp,104.58500000000186,0.0,0.0,104.58500000000186,2.9881428571429103,-1.9219999999995707,21.090000000000146,-0.27457142857136724,3.0128571428571638,1,300.0,0.16,16.877642857142877,15.364281345485633,asian,Fri,1,False
694,XAUUSDm,short,2025-10-17 02:50:00+00:00,38047,4345.662,0.05,4352.662,4335.662,7.0,close_above_upper,0.02196179645804305,2025-10-17 03:10:00+00:00,38051,4352.822,sl,-35.79999999999927,0.0,0.0,-35.79999999999927,-1.022857142857122,-6.448999999999614,6.9780000000000655,-0.9212857142856592,0.9968571428571522,4,1200.0,0.16,14.677285714285713,15.716880433903954,asian,Fri,2,False
695,XAUUSDm,short,2025-10-17 03:15:00+00:00,38052,4358.721,0.05,4365.721,4348.721,7.0,close_above_upper,0.1923001805693997,2025-10-17 03:55:00+00:00,38060,4365.880999999999,sl,-35.79999999999927,0.0,0.0,-35.79999999999927,-1.022857142857122,-4.926000000000386,4.489999999999782,-0.7037142857143408,0.6414285714285403,8,2400.0,0.16,8.657285714285665,15.99641755034029,asian,Fri,3,False
696,XAUUSDm,long,2025-10-17 07:20:00+00:00,38101,4341.9169999999995,0.05,4334.917,4351.917,7.0,close_below_lower,0.010654795574634822,2025-10-17 07:30:00+00:00,38103,4334.917,sl,-34.99999999999545,0.0,0.0,-34.99999999999545,-0.9999999999998701,-32.96599999999944,9.917000000000371,-4.709428571428491,1.4167142857143387,2,600.0,0.16,8.803500000000115,16.045187769030292,london,Fri,7,False
697,XAUUSDm,long,2025-10-17 08:10:00+00:00,38111,4323.465,0.05,4316.465,4333.465,7.0,close_below_lower,0.18261431655002835,2025-10-17 08:15:00+00:00,38112,4334.211,tp,53.73000000000047,0.0,0.0,53.73000000000047,1.5351428571428707,-0.36999999999989086,12.536000000000058,-0.05285714285712727,1.7908571428571511,1,300.0,0.16,13.413642857143063,16.319694189033097,london,Fri,8,False
698,XAUUSDm,long,2025-10-17 11:35:00+00:00,38152,4308.8369999999995,0.05,4301.837,4318.837,7.0,close_below_lower,0.1804055149430984,2025-10-17 11:40:00+00:00,38153,4319.199,tp,51.8100000000004,0.0,0.0,51.8100000000004,1.4802857142857258,-3.9549999999999272,10.569000000000415,-0.5649999999999896,1.509857142857202,1,300.0,0.16,10.192999999999822,16.23297061610425,london,Fri,11,False
699,XAUUSDm,long,2025-10-17 11:45:00+00:00,38154,4307.683,0.05,4300.683,4317.683,7.0,close_below_lower,0.019819116368812045,2025-10-17 11:50:00+00:00,38155,4300.683,sl,-35.0,0.0,0.0,-35.0,-1.0,-1.863999999999578,6.657000000000153,-0.266285714285654,0.9510000000000218,1,300.0,0.16,11.155285714285583,16.330387115733306,london,Fri,11,False
700,XAUUSDm,long,2025-10-17 11:55:00+00:00,38156,4302.396,0.05,4295.396,4312.396,7.0,close_below_lower,0.06532868740277202,2025-10-17 12:00:00+00:00,38157,4287.178,sl,-76.08999999999924,0.0,0.0,-76.08999999999924,-2.173999999999978,-15.742999999999483,2.717000000000553,-2.2489999999999264,0.3881428571429361,1,300.0,0.16,10.649071428571265,16.495258622412297,london,Fri,11,False
701,XAUUSDm,long,2025-10-17 12:05:00+00:00,38158,4287.964,0.05,4280.964,4297.964,7.0,close_below_lower,0.46546557459382376,2025-10-17 12:10:00+00:00,38159,4303.18,tp,76.08000000000175,0.0,0.0,76.08000000000175,2.1737142857143357,-0.7439999999996871,17.77599999999984,-0.10628571428566959,2.5394285714285485,1,300.0,0.16,11.674785714285592,16.781164184058593,overlap,Fri,12,False
702,XAUUSDm,long,2025-10-17 13:40:00+00:00,38177,4281.593,0.05,4274.593,4291.593,7.0,close_below_lower,0.42970333874851113,2025-10-17 13:45:00+00:00,38178,4291.593,tp,50.0,0.0,0.0,50.0,1.4285714285714286,-4.871000000000095,9.833999999999833,-0.6958571428571564,1.404857142857119,1,300.0,0.16,12.791785714285586,17.255545726355166,overlap,Fri,13,False
703,XAUUSDm,long,2025-10-17 13:50:00+00:00,38179,4282.806,0.05,4275.806,4292.806,7.0,close_below_lower,0.08665910920100751,2025-10-17 13:55:00+00:00,38180,4275.806,sl,-35.0,0.0,0.0,-35.0,-1.0,-5.0349999999998545,8.376000000000204,-0.7192857142856935,1.1965714285714577,1,300.0,0.16,12.976785714285532,17.383257401845178,overlap,Fri,13,False
704,XAUUSDm,long,2025-10-17 14:00:00+00:00,38181,4274.124,0.05,4267.124,4284.124,7.0,close_below_lower,0.31485918119103196,2025-10-17 14:05:00+00:00,38182,4238.355,sl,-178.84500000000116,0.0,0.0,-178.84500000000116,-5.109857142857176,-37.396999999999935,0.555000000000291,-5.342428571428562,0.07928571428575586,1,300.0,0.16,14.28685714285705,17.532443127245692,overlap,Fri,14,False
705,XAUUSDm,long,2025-10-17 14:10:00+00:00,38183,4237.672,0.05,4230.672,4247.672,7.0,close_below_lower,1.5910897407734763,2025-10-17 14:15:00+00:00,38184,4217.58,sl,-100.45999999999822,0.0,0.0,-100.45999999999822,-2.8702857142856635,-20.738999999999578,15.057999999999993,-2.9627142857142252,2.151142857142856,1,300.0,0.16,17.546785714285697,18.105579688906676,overlap,Fri,14,False
706,XAUUSDm,long,2025-10-17 14:20:00+00:00,38185,4236.4,0.05,4229.4,4246.4,7.0,close_below_lower,0.871675619843815,2025-10-17 14:25:00+00:00,38186,4226.003,sl,-51.98499999999967,0.0,0.0,-51.98499999999967,-1.485285714285705,-19.549999999999272,1.430000000000291,-2.792857142857039,0.20428571428575587,1,300.0,0.16,20.330642857142784,18.651355380055815,overlap,Fri,14,False
707,XAUUSDm,long,2025-10-17 14:30:00+00:00,38187,4241.117,0.05,4234.117,4251.117,7.0,close_below_lower,0.04055909409589409,2025-10-17 14:35:00+00:00,38188,4234.117,sl,-35.0,0.0,0.0,-35.0,-1.0,-4.887000000000626,6.697999999999411,-0.6981428571429465,0.9568571428570587,1,300.0,0.16,21.594999999999995,18.993998921744616,overlap,Fri,14,False
708,XAUUSDm,long,2025-10-17 16:30:00+00:00,38211,4214.973,0.05,4207.973,4224.973,7.0,close_below_lower,0.1732081474449319,2025-10-17 16:35:00+00:00,38212,4207.973,sl,-35.0,0.0,0.0,-35.0,-1.0,-9.350000000000364,5.106999999999971,-1.3357142857143376,0.7295714285714244,1,300.0,0.16,10.873785714285791,19.616016288149407,newyork,Fri,16,False
709,XAUUSDm,long,2025-10-17 16:45:00+00:00,38214,4208.885,0.05,4201.885,4218.885,7.0,close_below_lower,0.04205533211375741,2025-10-17 16:50:00+00:00,38215,4218.885,tp,50.0,0.0,0.0,50.0,1.4285714285714286,-5.51299999999992,7.746999999999389,-0.7875714285714172,1.1067142857141985,1,300.0,0.16,11.39321428571436,19.927365278814058,newyork,Fri,16,False
710,XAUUSDm,long,2025-10-17 17:05:00+00:00,38218,4195.605,0.05,4188.605,4205.605,7.0,close_below_lower,0.14760156705751648,2025-10-17 17:10:00+00:00,38219,4205.605,tp,50.0,0.0,0.0,50.0,1.4285714285714286,-3.631999999999607,8.061000000000604,-0.5188571428570867,1.1515714285715148,1,300.0,0.16,13.46428571428578,20.265832808510517,newyork,Fri,17,False
711,XAUUSDm,short,2025-10-20 12:35:00+00:00,38439,4305.05,0.05,4312.05,4295.05,7.0,close_above_upper,0.03733979406626492,2025-10-20 12:40:00+00:00,38440,4318.192,sl,-65.70999999999913,0.0,0.0,-65.70999999999913,-1.8774285714285466,-13.412000000000262,0.511000000000422,-1.9160000000000375,0.07300000000006028,1,300.0,0.16,6.885000000000024,23.86906517413075,overlap,Mon,12,False
712,XAUUSDm,short,2025-10-20 12:45:00+00:00,38441,4320.015,0.05,4327.015,4310.015,7.0,close_above_upper,0.26955877714782583,2025-10-20 12:55:00+00:00,38443,4327.175,sl,-35.79999999999927,0.0,0.0,-35.79999999999927,-1.022857142857122,-2.108999999999469,7.494999999999891,-0.3012857142856384,1.0707142857142702,2,600.0,0.16,8.052642857142928,24.21155981771848,overlap,Mon,12,False
713,XAUUSDm,long,2025-10-21 07:35:00+00:00,38655,4301.866,0.05,4294.866,4311.866,7.0,close_below_lower,0.2735225233981787,2025-10-21 07:40:00+00:00,38656,4294.866,sl,-35.0,0.0,0.0,-35.0,-1.0,-8.497999999999593,3.8760000000002037,-1.2139999999999418,0.5537142857143148,1,300.0,0.16,7.079500000000086,21.983600707623253,london,Tue,7,False
714,XAUUSDm,long,2025-10-21 07:45:00+00:00,38657,4300.994,0.05,4293.994,4310.994,7.0,close_below_lower,0.02807388403352549,2025-10-21 08:00:00+00:00,38660,4293.994,sl,-35.0,0.0,0.0,-35.0,-1.0,-3.77599999999984,6.325000000000728,-0.5394285714285486,0.9035714285715325,3,900.0,0.16,8.340785714285825,22.014896347910458,london,Tue,7,False
715,XAUUSDm,long,2025-10-21 08:05:00+00:00,38661,4273.088,0.05,4266.088,4283.088,7.0,close_below_lower,0.6960829231312519,2025-10-21 08:10:00+00:00,38662,4266.088,sl,-35.0,0.0,0.0,-35.0,-1.0,-3.95299999999952,8.874000000000706,-0.5647142857142171,1.2677142857143866,1,300.0,0.16,9.940142857143071,22.309441328647264,london,Tue,8,False
716,XAUUSDm,long,2025-10-21 08:15:00+00:00,38663,4245.083,0.05,4238.083,4255.083,7.0,close_below_lower,1.4204284337179112,2025-10-21 08:20:00+00:00,38664,4265.053,tp,99.85000000000127,0.0,0.0,99.85000000000127,2.852857142857179,-0.18399999999928696,25.644000000000233,-0.02628571428561242,3.6634285714286046,1,300.0,0.16,12.614071428571606,22.641004710408296,london,Tue,8,False
717,XAUUSDm,long,2025-10-21 08:25:00+00:00,38665,4266.014,0.05,4259.014,4276.014,7.0,close_below_lower,0.07671840593662718,2025-10-21 09:00:00+00:00,38672,4276.014,tp,50.0,0.0,0.0,50.0,1.4285714285714286,-6.764000000000124,8.081999999999425,-0.966285714285732,1.1545714285713464,7,2100.0,0.16,14.560071428571584,22.918745534149288,london,Tue,8,False
718,XAUUSDm,long,2025-10-21 12:15:00+00:00,38711,4225.736,0.05,4218.736,4235.736,7.0,close_below_lower,0.3980242742129171,2025-10-21 12:30:00+00:00,38714,4218.736,sl,-35.0,0.0,0.0,-35.0,-1.0,-6.429000000000087,7.469000000000051,-0.9184285714285839,1.0670000000000073,3,900.0,0.16,9.640500000000234,20.803274536579643,overlap,Tue,12,False
719,XAUUSDm,long,2025-10-21 12:35:00+00:00,38715,4218.489,0.05,4211.489,4228.489,7.0,close_below_lower,0.15133580324244267,2025-10-21 12:45:00+00:00,38717,4211.489,sl,-35.0,0.0,0.0,-35.0,-1.0,-2.092999999999847,7.36200000000008,-0.29899999999997817,1.0517142857142971,2,600.0,0.16,10.701285714285794,20.921547069653965,overlap,Tue,12,False
720,XAUUSDm,long,2025-10-21 12:55:00+00:00,38719,4207.995,0.05,4200.995,4217.995,7.0,close_below_lower,0.06800188390045782,2025-10-21 13:00:00+00:00,38720,4200.995,sl,-35.0,0.0,0.0,-35.0,-1.0,-0.21900000000005093,8.301000000000386,-0.031285714285721564,1.185857142857198,1,300.0,0.16,11.944285714285797,20.909011659233535,overlap,Tue,12,False
721,XAUUSDm,long,2025-10-21 13:50:00+00:00,38730,4184.571,0.05,4177.571,4194.571,7.0,close_below_lower,0.02858787935532948,2025-10-21 13:55:00+00:00,38731,4176.714,sl,-39.284999999999854,0.0,0.0,-39.284999999999854,-1.1224285714285673,-17.024999999999636,0.2390000000004875,-2.432142857142805,0.03414285714292679,1,300.0,0.16,15.783714285714398,21.258638095281576,overlap,Tue,13,False
722,XAUUSDm,long,2025-10-21 14:00:00+00:00,38732,4173.9929999999995,0.05,4166.993,4183.993,7.0,close_below_lower,0.2010102305038508,2025-10-21 14:05:00+00:00,38733,4183.993,tp,50.00000000000455,0.0,0.0,50.00000000000455,1.4285714285715585,-8.670999999999367,2.493000000000393,-1.2387142857141953,0.35614285714291327,1,300.0,0.16,15.97571428571447,21.36097128980066,overlap,Tue,14,False
723,XAUUSDm,long,2025-10-21 14:20:00+00:00,38736,4166.663,0.05,4159.663,4176.663,7.0,close_below_lower,0.007442595880293302,2025-10-21 14:25:00+00:00,38737,4152.833,sl,-69.14999999999964,0.0,0.0,-69.14999999999964,-1.9757142857142753,-17.829999999999927,2.8720000000002983,-2.547142857142847,0.4102857142857569,1,300.0,0.16,16.771928571428557,21.440405381518488,overlap,Tue,14,False
724,XAUUSDm,long,2025-10-21 14:30:00+00:00,38738,4137.148999999999,0.05,4130.149,4147.149,7.0,close_below_lower,0.8996668672853073,2025-10-21 14:35:00+00:00,38739,4130.149,sl,-34.99999999999545,0.0,0.0,-34.99999999999545,-0.9999999999998701,-15.781999999999243,0.397000000000844,-2.2545714285713205,0.05671428571440629,1,300.0,0.16,18.42728571428558,21.79233211803067,overlap,Tue,14,False
725,XAUUSDm,long,2025-10-21 14:40:00+00:00,38740,4118.883,0.05,4111.883,4128.883,7.0,close_below_lower,1.1335612912441553,2025-10-21 14:45:00+00:00,38741,4101.665,sl,-86.08999999999924,0.0,0.0,-86.08999999999924,-2.4597142857142638,-21.34099999999944,4.524000000000342,-3.0487142857142056,0.6462857142857631,1,300.0,0.16,19.927357142857026,22.258298328359526,overlap,Tue,14,False
726,XAUUSDm,long,2025-10-21 14:50:00+00:00,38742,4113.380999999999,0.05,4106.381,4123.381,7.0,close_below_lower,0.710129382946375,2025-10-21 14:55:00+00:00,38743,4123.381,tp,50.00000000000455,0.0,0.0,50.00000000000455,1.4285714285715585,-2.3259999999991123,11.196000000000822,-0.33228571428558745,1.5994285714286889,1,300.0,0.16,21.12671428571418,22.813940917810672,overlap,Tue,14,False
727,XAUUSDm,long,2025-10-22 00:00:00+00:00,38840,4093.3419999999996,0.05,4086.342,4103.342,7.0,close_below_lower,0.10399645793688361,2025-10-22 00:05:00+00:00,38841,4060.427,sl,-164.57499999999754,0.0,0.0,-164.57499999999754,-4.702142857142787,-38.05999999999949,0.7100000000004911,-5.437142857142784,0.10142857142864159,1,300.0,0.16,6.9178571428571365,22.09686920153778,asian,Wed,0,False
728,XAUUSDm,long,2025-10-22 00:10:00+00:00,38842,4037.482,0.05,4030.482,4047.482,7.0,close_below_lower,1.9218513225957083,2025-10-22 00:15:00+00:00,38843,4030.482,sl,-35.0,0.0,0.0,-35.0,-1.0,-33.297000000000025,1.5280000000002474,-4.756714285714289,0.21828571428574964,1,300.0,0.16,11.145214285714312,22.76790822681062,asian,Wed,0,False
729,XAUUSDm,long,2025-10-22 00:20:00+00:00,38844,4053.419,0.05,4046.419,4063.419,7.0,close_below_lower,0.5842650891660485,2025-10-22 00:30:00+00:00,38846,4046.419,sl,-35.0,0.0,0.0,-35.0,-1.0,-16.152999999999793,4.152000000000044,-2.307571428571399,0.5931428571428634,2,600.0,0.16,14.606071428571438,23.30539937867839,asian,Wed,0,False
730,XAUUSDm,short,2025-10-22 01:05:00+00:00,38853,4099.345,0.05,4106.345,4089.345,7.0,close_above_upper,0.027698237620229868,2025-10-22 01:10:00+00:00,38854,4111.3369999999995,sl,-59.9599999999964,0.0,0.0,-59.9599999999964,-1.7131428571427543,-13.25799999999981,4.721000000000458,-1.893999999999973,0.6744285714286369,1,300.0,0.16,22.216142857142813,23.78175692720312,asian,Wed,1,False
731,XAUUSDm,short,2025-10-22 01:15:00+00:00,38855,4116.792,0.05,4123.792,4106.792,7.0,close_above_upper,0.4270810695031803,2025-10-22 01:20:00+00:00,38856,4106.952,tp,49.20000000000073,0.0,0.0,49.20000000000073,1.4057142857143066,-4.359999999999673,13.523000000000138,-0.622857142857096,1.9318571428571627,1,300.0,0.16,20.306571428571356,24.130977163194416,asian,Wed,1,False
732,XAUUSDm,long,2025-10-22 08:10:00+00:00,38938,4103.064,0.05,4096.064,4113.064,7.0,close_below_lower,0.2948891907665062,2025-10-22 08:15:00+00:00,38939,4087.905,sl,-75.79500000000053,0.0,0.0,-75.79500000000053,-2.1655714285714436,-18.139000000000124,4.201000000000022,-2.591285714285732,0.6001428571428603,1,300.0,0.16,10.68271428571435,24.421732806207885,london,Wed,8,False
733,XAUUSDm,long,2025-10-22 08:20:00+00:00,38940,4081.241,0.05,4074.241,4091.241,7.0,close_below_lower,0.737812213147644,2025-10-22 08:25:00+00:00,38941,4104.566,tp,116.62499999999909,0.0,0.0,116.62499999999909,3.332142857142831,-1.650000000000091,33.202000000000226,-0.2357142857142987,4.74314285714289,1,300.0,0.16,12.32564285714287,24.579864301609298,london,Wed,8,False
734,XAUUSDm,long,2025-10-22 09:00:00+00:00,38948,4070.7039999999997,0.05,4063.704,4080.704,7.0,close_below_lower,0.19801702174110536,2025-10-22 09:05:00+00:00,38949,4087.335,tp,83.15500000000156,0.0,0.0,83.15500000000156,2.3758571428571877,-0.2919999999999163,23.508000000000266,-0.04171428571427376,3.3582857142857523,1,300.0,0.16,17.11071428571433,24.48602879483751,london,Wed,9,False
735,XAUUSDm,long,2025-10-22 10:55:00+00:00,38971,4034.774,0.05,4027.774,4044.774,7.0,close_below_lower,0.31870055672641523,2025-10-22 11:00:00+00:00,38972,4027.774,sl,-35.0,0.0,0.0,-35.0,-1.0,-11.094000000000051,3.7510000000002037,-1.58485714285715,0.535857142857172,1,300.0,0.16,12.581642857142858,24.785056944947385,london,Wed,10,False
736,XAUUSDm,long,2025-10-22 11:05:00+00:00,38973,4025.2079999999996,0.05,4018.208,4035.208,7.0,close_below_lower,0.3773904901825706,2025-10-22 11:15:00+00:00,38975,4035.208,tp,50.000000000002274,0.0,0.0,50.000000000002274,1.4285714285714934,-1.9989999999997963,15.575000000000273,-0.28557142857139944,2.225000000000039,2,600.0,0.16,14.011785714285711,24.954450686759852,london,Wed,11,False
737,XAUUSDm,long,2025-10-22 14:50:00+00:00,39018,4023.864,0.05,4016.864,4033.864,7.0,close_below_lower,0.05227760307983115,2025-10-22 14:55:00+00:00,39019,4012.999,sl,-54.32500000000118,0.0,0.0,-54.32500000000118,-1.552142857142891,-12.543999999999869,3.880000000000109,-1.7919999999999814,0.5542857142857299,1,300.0,0.16,13.775785714285673,27.20674441073203,overlap,Wed,14,False
738,XAUUSDm,long,2025-10-22 15:00:00+00:00,39020,4015.104,0.05,4008.104,4025.104,7.0,close_below_lower,0.03675466249502308,2025-10-22 15:05:00+00:00,39021,4027.853,tp,63.745000000001255,0.0,0.0,63.745000000001255,1.8212857142857501,-0.3289999999997235,13.926000000000386,-0.046999999999960504,1.9894285714286266,1,300.0,0.16,13.45385714285713,27.4934358394273,overlap,Wed,15,False
739,XAUUSDm,long,2025-10-24 06:15:00+00:00,39467,4083.5719999999997,0.05,4076.572,4093.572,7.0,close_below_lower,0.13048772836299385,2025-10-24 06:35:00+00:00,39471,4093.572,tp,50.000000000002274,0.0,0.0,50.000000000002274,1.4285714285714934,-2.1799999999998363,7.6150000000002365,-0.311428571428548,1.0878571428571766,4,1200.0,0.16,5.875428571428723,18.735077794083335,asian,Fri,6,False
740,XAUUSDm,long,2025-10-24 08:05:00+00:00,39489,4065.6639999999998,0.05,4058.664,4075.664,7.0,close_below_lower,0.06988086193495184,2025-10-24 08:10:00+00:00,39490,4058.664,sl,-34.999999999997726,0.0,0.0,-34.999999999997726,-0.999999999999935,-2.7489999999997963,3.7510000000002037,-0.3927142857142566,0.535857142857172,1,300.0,0.16,6.51307142857146,17.618384744625956,london,Fri,8,False
741,XAUUSDm,long,2025-10-24 08:15:00+00:00,39491,4054.431,0.05,4047.431,4064.431,7.0,close_below_lower,0.3875304154470351,2025-10-24 08:45:00+00:00,39497,4064.431,tp,50.0,0.0,0.0,50.0,1.4285714285714286,-6.947000000000116,9.666999999999916,-0.9924285714285881,1.380999999999988,6,1800.0,0.16,7.266357142857162,17.71516402052591,london,Fri,8,False
742,XAUUSDm,short,2025-10-24 12:35:00+00:00,39543,4090.442,0.05,4097.442,4080.442,7.0,close_above_upper,0.6410420846000794,2025-10-24 12:40:00+00:00,39544,4080.487,tp,49.774999999999636,0.0,0.0,49.774999999999636,1.4221428571428467,-1.1320000000000618,14.007000000000062,-0.16171428571429455,2.0010000000000088,1,300.0,0.16,6.473000000000086,16.074097769436307,overlap,Fri,12,False
743,XAUUSDm,short,2025-10-24 13:10:00+00:00,39550,4110.779,0.05,4117.779,4100.779,7.0,close_above_upper,0.9521588676854622,2025-10-24 13:15:00+00:00,39551,4117.939,sl,-35.79999999999927,0.0,0.0,-35.79999999999927,-1.022857142857122,-4.971999999999753,5.063000000000102,-0.710285714285679,0.7232857142857289,1,300.0,0.16,10.150642857142818,16.487504292332424,overlap,Fri,13,False
744,XAUUSDm,short,2025-10-24 13:20:00+00:00,39552,4118.632,0.05,4125.632,4108.632,7.0,close_above_upper,0.878296607982791,2025-10-24 13:40:00+00:00,39556,4108.7919999999995,tp,49.20000000000073,0.0,0.0,49.20000000000073,1.4057142857143066,-3.6920000000000073,8.586999999999534,-0.5274285714285725,1.2267142857142193,4,1200.0,0.16,11.033357142857085,16.80901995339939,overlap,Fri,13,False
745,XAUUSDm,short,2025-10-24 14:15:00+00:00,39563,4132.144,0.05,4139.144,4122.144,7.0,close_above_upper,0.3025744947763775,2025-10-24 14:25:00+00:00,39565,4122.304,tp,49.20000000000073,0.0,0.0,49.20000000000073,1.4057142857143066,-2.706999999999425,8.99200000000019,-0.3867142857142036,1.2845714285714556,2,600.0,0.16,11.625285714285642,16.844920763623257,overlap,Fri,14,False
746,XAUUSDm,long,2025-10-26 22:45:00+00:00,39652,4080.614,0.05,4073.614,4090.614,7.0,close_below_lower,0.14704920354002138,2025-10-26 22:50:00+00:00,39653,4073.614,sl,-35.0,0.0,0.0,-35.0,-1.0,-8.934000000000196,3.7100000000000364,-1.2762857142857424,0.5300000000000052,1,300.0,0.16,9.930000000000193,16.719185641390744,rollover,Sun,22,False
747,XAUUSDm,long,2025-10-26 22:55:00+00:00,39654,4076.216,0.05,4069.216,4086.216,7.0,close_below_lower,0.10967522610181028,2025-10-26 23:00:00+00:00,39655,4086.216,tp,50.0,0.0,0.0,50.0,1.4285714285714286,-0.19000000000005457,8.798999999999978,-0.027142857142864938,1.2569999999999968,1,300.0,0.16,10.658357142857344,16.906796748075596,rollover,Sun,22,False
748,XAUUSDm,short,2025-10-27 01:10:00+00:00,39681,4094.355,0.05,4101.355,4084.355,7.0,close_above_upper,0.03483344621326472,2025-10-27 01:35:00+00:00,39686,4084.515,tp,49.20000000000073,0.0,0.0,49.20000000000073,1.4057142857143978,-3.413000000000011,9.481000000000222,-0.48757142857143015,1.354428571428603,5,1500.0,0.16,7.272857142857187,17.543274798288945,asian,Mon,1,False
749,XAUUSDm,long,2025-10-27 08:55:00+00:00,39774,4040.7,0.05,4033.7,4050.7,7.0,close_below_lower,0.1790037784782285,2025-10-27 09:10:00+00:00,39777,4033.7,sl,-35.0,0.0,0.0,-35.0,-1.0,-17.348999999999705,9.57400000000007,-2.4784285714285295,1.3677142857142957,3,900.0,0.16,5.558357142857274,17.21790394721327,london,Mon,8,False
750,XAUUSDm,long,2025-10-27 14:05:00+00:00,39836,4010.899,0.05,4003.899,4020.899,7.0,close_below_lower,0.02470223065460948,2025-10-27 14:10:00+00:00,39837,4003.899,sl,-35.0,0.0,0.0,-35.0,-1.0,-10.830999999999676,7.161000000000058,-1.547285714285668,1.0230000000000083,1,300.0,0.16,9.259071428571426,17.84880052126846,overlap,Mon,14,False
751,XAUUSDm,long,2025-10-27 14:15:00+00:00,39838,4004.941,0.05,3997.941,4014.941,7.0,close_below_lower,0.04093648555423014,2025-10-27 14:20:00+00:00,39839,3993.33,sl,-58.05499999999938,0.0,0.0,-58.05499999999938,-1.658714285714268,-16.723999999999705,2.687000000000353,-2.389142857142815,0.38385714285719325,1,300.0,0.16,10.189714285714249,18.020770043379862,overlap,Mon,14,False
752,XAUUSDm,long,2025-10-27 14:25:00+00:00,39840,3992.2239999999997,0.05,3985.224,4002.224,7.0,close_below_lower,0.3291563944911723,2025-10-27 14:35:00+00:00,39842,3985.224,sl,-34.999999999997726,0.0,0.0,-34.999999999997726,-0.999999999999935,-4.623999999999796,12.513000000000375,-0.6605714285713995,1.787571428571482,2,600.0,0.16,11.392214285714285,18.303887938949742,overlap,Mon,14,False
753,XAUUSDm,long,2025-10-27 14:40:00+00:00,39843,3986.821,0.05,3979.821,3996.821,7.0,close_below_lower,0.13361778363604818,2025-10-27 14:45:00+00:00,39844,3996.821,tp,50.0,0.0,0.0,50.0,1.4285714285714286,-0.19499999999970896,12.41000000000031,-0.02785714285710128,1.772857142857187,1,300.0,0.16,12.801857142857118,18.580694773683238,overlap,Mon,14,False
754,XAUUSDm,long,2025-10-27 15:10:00+00:00,39849,3974.748,0.05,3967.748,3984.748,7.0,close_below_lower,0.0002765223503684606,2025-10-27 15:25:00+00:00,39852,3984.748,tp,50.0,0.0,0.0,50.0,1.4285714285714286,-3.31899999999996,9.992999999999938,-0.4741428571428514,1.4275714285714198,3,900.0,0.16,12.013428571428546,18.933238476613727,overlap,Mon,15,False
755,XAUUSDm,long,2025-10-28 09:10:00+00:00,40053,3890.3979999999997,0.05,3883.398,3900.398,7.0,close_below_lower,0.014279271065626471,2025-10-28 09:15:00+00:00,40054,3900.398,tp,50.000000000002274,0.0,0.0,50.000000000002274,1.4285714285714934,-2.3919999999998254,9.557000000000244,-0.34171428571426077,1.365285714285749,1,300.0,0.16,8.054357142857075,18.725102438401834,london,Tue,9,False
756,XAUUSDm,long,2025-10-28 22:10:00+00:00,40197,3934.5029999999997,0.05,3927.503,3944.503,7.0,close_below_lower,0.022511758127112338,2025-10-28 22:20:00+00:00,40199,3927.503,sl,-34.999999999997726,0.0,0.0,-34.999999999997726,-0.999999999999935,-0.42899999999963256,12.087000000000444,-0.0612857142856618,1.7267142857143492,2,600.0,0.16,6.747857142857226,17.37449174876795,rollover,Tue,22,False
757,XAUUSDm,long,2025-10-29 18:40:00+00:00,40443,3951.964,0.05,3944.964,3961.964,7.0,close_below_lower,1.0016996314377895,2025-10-29 18:45:00+00:00,40444,3961.964,tp,50.0,0.0,0.0,50.0,1.4285714285714286,-9.105999999999767,5.429999999999836,-1.3008571428571096,0.7757142857142624,1,300.0,0.16,10.276428571428466,16.78186720932487,newyork,Wed,18,False
758,XAUUSDm,long,2025-10-29 18:50:00+00:00,40445,3951.0499999999997,0.05,3944.05,3961.05,7.0,close_below_lower,0.6069056352337604,2025-10-29 18:55:00+00:00,40446,3961.05,tp,50.000000000002274,0.0,0.0,50.000000000002274,1.4285714285714934,-0.9719999999997526,9.334000000000287,-0.1388571428571075,1.3334285714286125,1,300.0,0.16,11.622214285714174,17.066230022351565,newyork,Wed,18,False
759,XAUUSDm,long,2025-10-29 19:40:00+00:00,40455,3939.9579999999996,0.05,3932.958,3949.958,7.0,close_below_lower,0.1761343908703159,2025-10-29 19:45:00+00:00,40456,3929.294,sl,-53.3199999999988,0.0,0.0,-53.3199999999988,-1.5234285714285372,-12.047999999999774,1.7980000000002292,-1.721142857142825,0.2568571428571756,1,300.0,0.16,15.55549999999997,17.18475349965038,newyork,Wed,19,False
760,XAUUSDm,short,2025-10-30 04:30:00+00:00,40537,3959.367,0.05,3966.367,3949.367,7.0,close_above_upper,0.08268748824946849,2025-10-30 04:35:00+00:00,40538,3969.3219999999997,sl,-49.77499999999736,0.0,0.0,-49.77499999999736,-1.4221428571427819,-11.131999999999607,0.9100000000003092,-1.5902857142856581,0.13000000000004416,1,300.0,0.16,5.505071428571422,17.182469936065136,asian,Thu,4,False
761,XAUUSDm,short,2025-10-30 04:40:00+00:00,40539,3972.929,0.05,3979.929,3962.929,7.0,close_above_upper,0.46478050468878174,2025-10-30 04:45:00+00:00,40540,3980.089,sl,-35.79999999999927,0.0,0.0,-35.79999999999927,-1.022857142857122,-7.498000000000047,0.4210000000002765,-1.0711428571428638,0.06014285714289664,1,300.0,0.16,6.931285714285715,17.44458017358204,asian,Thu,4,False
762,XAUUSDm,short,2025-10-30 04:50:00+00:00,40541,3978.147,0.05,3985.147,3968.147,7.0,close_above_upper,0.3231607789460359,2025-10-30 05:10:00+00:00,40545,3968.307,tp,49.20000000000073,0.0,0.0,49.20000000000073,1.4057142857143066,-3.8350000000000364,8.960000000000036,-0.547857142857148,1.2800000000000051,4,1200.0,0.16,7.50985714285717,17.657049173436544,asian,Thu,4,False
763,XAUUSDm,short,2025-10-30 09:05:00+00:00,40592,3989.274,0.05,3996.274,3979.274,7.0,close_above_upper,0.006451234976529135,2025-10-30 09:10:00+00:00,40593,3996.4339999999997,sl,-35.79999999999927,0.0,0.0,-35.79999999999927,-1.022857142857122,-8.733000000000175,0.2739999999998872,-1.2475714285714534,0.039142857142841034,1,300.0,0.16,5.751785714285591,17.128943711954097,london,Thu,9,False
764,XAUUSDm,short,2025-10-30 09:15:00+00:00,40594,4004.949,0.05,4011.949,3994.949,7.0,close_above_upper,0.5464878187524246,2025-10-30 09:50:00+00:00,40601,3995.109,tp,49.20000000000073,0.0,0.0,49.20000000000073,1.4057142857143066,-6.905999999999949,9.693000000000211,-0.9865714285714213,1.3847142857143158,7,2100.0,0.16,6.331357142856989,17.384132618835746,london,Thu,9,False
765,XAUUSDm,short,2025-10-30 14:00:00+00:00,40651,3995.414,0.05,4002.414,3985.414,7.0,close_above_upper,0.10572016552518271,2025-10-30 14:05:00+00:00,40652,4002.574,sl,-35.79999999999927,0.0,0.0,-35.79999999999927,-1.022857142857122,-5.448999999999614,3.5780000000004293,-0.7784285714285163,0.5111428571429185,1,300.0,0.16,9.243142857142825,17.375188552914143,overlap,Thu,14,False
766,XAUUSDm,short,2025-10-30 14:10:00+00:00,40653,4009.66,0.05,4016.66,3999.66,7.0,close_above_upper,0.5710970419701707,2025-10-30 14:20:00+00:00,40655,3999.8199999999997,tp,49.20000000000073,0.0,0.0,49.20000000000073,1.4057142857143066,-5.178000000000338,4.976999999999862,-0.7397142857143341,0.7109999999999802,2,600.0,0.16,9.663428571428572,17.58855042885963,overlap,Thu,14,False
767,XAUUSDm,long,2025-10-31 16:10:00+00:00,40953,3998.419,0.05,3991.419,4008.419,7.0,close_below_lower,0.037773040673363414,2025-10-31 16:15:00+00:00,40954,3979.032,sl,-96.93499999999858,0.0,0.0,-96.93499999999858,-2.769571428571388,-20.047999999999774,0.36599999999998545,-2.863999999999968,0.05228571428571221,1,300.0,0.16,6.889785714285771,16.077867793177955,newyork,Fri,16,False
768,XAUUSDm,long,2025-10-31 16:20:00+00:00,40955,3978.3089999999997,0.05,3971.309,3988.309,7.0,close_below_lower,0.8128052694882613,2025-10-31 16:25:00+00:00,40956,3988.309,tp,50.000000000002274,0.0,0.0,50.000000000002274,1.4285714285714934,-0.7799999999997453,8.395000000000437,-0.11142857142853504,1.1992857142857767,1,300.0,0.16,7.823928571428594,16.230649781580063,newyork,Fri,16,False
769,XAUUSDm,long,2025-10-31 16:30:00+00:00,40957,3986.0499999999997,0.05,3979.05,3996.05,7.0,close_below_lower,0.004822247243059832,2025-10-31 16:55:00+00:00,40962,3979.05,sl,-34.999999999997726,0.0,0.0,-34.999999999997726,-0.999999999999935,-5.477999999999611,4.416000000000167,-0.782571428571373,0.6308571428571668,5,1500.0,0.16,8.268214285714294,16.204647059402834,newyork,Fri,16,False
770,XAUUSDm,long,2025-11-03 00:15:00+00:00,41026,3968.575,0.05,3961.575,3978.575,7.0,close_below_lower,0.011712321360997499,2025-11-03 01:05:00+00:00,41036,3978.575,tp,50.0,0.0,0.0,50.0,1.4285714285714286,-6.268999999999778,9.041000000000167,-0.8955714285713968,1.2915714285714526,10,3000.0,0.16,6.571785714285754,15.849730639788978,asian,Mon,0,False
771,XAUUSDm,short,2025-11-03 01:20:00+00:00,41039,3993.294,0.05,4000.294,3983.294,7.0,close_above_upper,0.07940900511041489,2025-11-03 01:30:00+00:00,41041,4000.4539999999997,sl,-35.79999999999927,0.0,0.0,-35.79999999999927,-1.022857142857122,-6.1159999999999854,5.5349999999998545,-0.8737142857142837,0.7907142857142649,2,600.0,0.16,8.110071428571311,15.662621356607886,asian,Mon,1,False
772,XAUUSDm,short,2025-11-03 01:35:00+00:00,41042,3999.826,0.05,4006.826,3989.826,7.0,close_above_upper,0.09270604854721501,2025-11-03 03:00:00+00:00,41059,4006.986,sl,-35.79999999999927,0.0,0.0,-35.79999999999927,-1.022857142857122,-6.730999999999767,9.663000000000011,-0.9615714285713953,1.380428571428573,17,5100.0,0.16,7.240714285714181,15.552598801824441,asian,Mon,1,False
773,XAUUSDm,long,2025-11-03 09:45:00+00:00,41140,3997.343,0.05,3990.343,4007.343,7.0,close_below_lower,0.07053399996641944,2025-11-03 11:00:00+00:00,41155,3998.935,signal,7.960000000000491,0.0,0.0,7.960000000000491,0.22742857142858547,-4.375,7.961999999999989,-0.625,1.13742857142857,15,4500.0,0.16,5.39650000000006,14.449504686375409,london,Mon,9,False
774,XAUUSDm,long,2025-11-04 14:05:00+00:00,41468,3968.852,0.05,3961.852,3978.852,7.0,close_below_lower,0.0681328373553361,2025-11-04 14:25:00+00:00,41472,3961.852,sl,-35.0,0.0,0.0,-35.0,-1.0,-4.55600000000004,8.883000000000266,-0.6508571428571486,1.2690000000000379,4,1200.0,0.16,5.794071428571409,12.02642008571959,overlap,Tue,14,False
775,XAUUSDm,long,2025-11-04 14:30:00+00:00,41473,3951.399,0.05,3944.399,3961.399,7.0,close_below_lower,0.8827544032730174,2025-11-04 14:35:00+00:00,41474,3938.511,sl,-64.4399999999996,0.0,0.0,-64.4399999999996,-1.8411428571428456,-17.647999999999683,5.189000000000306,-2.521142857142812,0.741285714285758,1,300.0,0.16,7.524071428571427,12.147800276138089,overlap,Tue,14,False
776,XAUUSDm,long,2025-11-04 14:40:00+00:00,41475,3934.383,0.05,3927.383,3944.383,7.0,close_below_lower,1.552800448606585,2025-11-04 14:50:00+00:00,41477,3944.383,tp,50.0,0.0,0.0,50.0,1.4285714285714286,-5.572999999999865,6.29300000000012,-0.796142857142838,0.8990000000000171,2,600.0,0.16,8.802428571428566,12.430191776235208,overlap,Tue,14,False
777,XAUUSDm,short,2025-11-04 15:40:00+00:00,41487,3966.909,0.05,3973.909,3956.909,7.0,close_above_upper,0.21076458192217698,2025-11-04 15:55:00+00:00,41490,3957.069,tp,49.20000000000073,0.0,0.0,49.20000000000073,1.4057142857143066,-1.1459999999997308,9.103000000000065,-0.16371428571424726,1.3004285714285808,3,900.0,0.16,10.074571428571451,12.564532370910069,overlap,Tue,15,False
778,XAUUSDm,short,2025-11-04 16:25:00+00:00,41496,3974.367,0.05,3981.367,3964.367,7.0,close_above_upper,0.05394732006162548,2025-11-04 16:50:00+00:00,41501,3965.7329999999997,signal,43.17000000000235,0.0,0.0,43.17000000000235,1.2334285714286384,-0.6419999999998254,8.820000000000164,-0.09171428571426077,1.2600000000000233,5,1500.0,0.16,6.451285714285665,12.773168358813809,newyork,Tue,16,False
779,XAUUSDm,long,2025-11-04 18:40:00+00:00,41523,3935.2509999999997,0.05,3928.251,3945.251,7.0,close_below_lower,0.2996637970490027,2025-11-04 19:20:00+00:00,41531,3942.214,signal,34.815000000000964,0.0,0.0,34.815000000000964,0.9947142857143133,-3.182999999999538,8.853000000000065,-0.45471428571421973,1.264714285714295,8,2400.0,0.16,5.44771428571432,12.921053683669559,newyork,Tue,18,False
780,XAUUSDm,short,2025-11-05 08:10:00+00:00,41673,3986.168,0.05,3993.168,3976.168,7.0,close_above_upper,0.26395586296004414,2025-11-05 09:00:00+00:00,41683,3979.975,signal,30.965000000001055,0.0,0.0,30.965000000001055,0.8847142857143159,-0.5489999999999782,7.932999999999993,-0.07842857142856831,1.1332857142857133,10,3000.0,0.16,3.8577857142857153,11.879527209876462,london,Wed,8,False
781,XAUUSDm,long,2025-11-05 23:05:00+00:00,41840,3968.699,0.05,3961.699,3978.699,7.0,close_below_lower,0.0795026572026513,2025-11-05 23:40:00+00:00,41847,3975.014,signal,31.575000000000273,0.0,0.0,31.575000000000273,0.9021428571428649,-1.9850000000001273,6.313000000000102,-0.28357142857144674,0.9018571428571575,7,2100.0,0.16,2.5228571428571547,11.45031270842758,rollover,Wed,23,False
782,XAUUSDm,short,2025-11-06 07:25:00+00:00,41940,4005.659,0.05,4012.659,3995.659,7.0,close_above_upper,0.15879349109996194,2025-11-06 08:15:00+00:00,41950,4012.819,sl,-35.79999999999927,0.0,0.0,-35.79999999999927,-1.022857142857122,-3.9859999999998763,2.0720000000001164,-0.5694285714285537,0.29600000000001664,10,3000.0,0.16,3.497714285714307,10.896583890616188,london,Thu,7,False
783,XAUUSDm,long,2025-11-06 14:25:00+00:00,42024,3995.276,0.05,3988.276,4005.276,7.0,close_below_lower,0.5141737888588159,2025-11-06 15:00:00+00:00,42031,3988.276,sl,-35.0,0.0,0.0,-35.0,-1.0,-6.435999999999694,7.83600000000024,-0.9194285714285277,1.1194285714286056,7,2100.0,0.16,4.13742857142844,9.201848955314725,overlap,Thu,14,False
784,XAUUSDm,long,2025-11-06 15:05:00+00:00,42032,3979.598,0.05,3972.598,3989.598,7.0,close_below_lower,1.0288805831508774,2025-11-06 15:20:00+00:00,42035,3989.598,tp,50.0,0.0,0.0,50.0,1.4285714285714286,-0.6779999999998836,9.952999999999975,-0.09685714285712622,1.4218571428571392,3,900.0,0.16,6.4588571428570765,9.369276456530319,overlap,Thu,15,False
785,XAUUSDm,long,2025-11-06 17:25:00+00:00,42060,3967.788,0.05,3960.788,3977.788,7.0,close_below_lower,0.2233523840721604,2025-11-06 17:40:00+00:00,42063,3977.788,tp,50.0,0.0,0.0,50.0,1.4285714285714286,-2.0459999999998217,7.559999999999945,-0.29228571428568884,1.0799999999999923,3,900.0,0.16,5.400428571428587,9.705543693995429,newyork,Thu,17,False
786,XAUUSDm,long,2025-11-07 14:40:00+00:00,42303,3986.576,0.05,3979.576,3996.576,7.0,close_below_lower,0.29804890983623844,2025-11-07 15:00:00+00:00,42307,3996.576,tp,50.0,0.0,0.0,50.0,1.4285714285714286,-1.2220000000002074,9.101999999999862,-0.1745714285714582,1.3002857142856945,4,1200.0,0.16,4.851428571428577,8.876891925214988,overlap,Fri,14,False
787,XAUUSDm,short,2025-11-07 16:25:00+00:00,42324,4005.118,0.05,4012.118,3995.118,7.0,close_above_upper,0.16828221083569975,2025-11-07 16:30:00+00:00,42325,4012.278,sl,-35.79999999999927,0.0,0.0,-35.79999999999927,-1.022857142857122,-4.288000000000011,0.0,-0.6125714285714301,0.0,1,300.0,0.16,4.883642857142864,9.064667388603308,newyork,Fri,16,False
788,XAUUSDm,short,2025-11-07 16:35:00+00:00,42326,4017.742,0.05,4024.742,4007.742,7.0,close_above_upper,1.1178583051433146,2025-11-07 16:40:00+00:00,42327,4025.923,sl,-40.904999999997926,0.0,0.0,-40.904999999997926,-1.1687142857142265,-9.511999999999716,2.419000000000324,-1.3588571428571024,0.3455714285714748,1,300.0,0.16,5.091285714285699,9.20851030772747,newyork,Fri,16,False
789,XAUUSDm,short,2025-11-07 16:45:00+00:00,42328,4020.834,0.05,4027.834,4010.834,7.0,close_above_upper,0.7939709013733145,2025-11-07 16:55:00+00:00,42330,4010.9939999999997,tp,49.20000000000073,0.0,0.0,49.20000000000073,1.4057142857143066,-1.3230000000003201,7.643999999999778,-0.18900000000004574,1.0919999999999683,2,600.0,0.16,6.132214285714261,9.44111827765191,newyork,Fri,16,False
790,XAUUSDm,long,2025-11-07 17:20:00+00:00,42335,3995.243,0.05,3988.243,4005.243,7.0,close_below_lower,0.18519906381406917,2025-11-07 17:55:00+00:00,42342,4001.539,signal,31.480000000001382,0.0,0.0,31.480000000001382,0.8994285714286109,-2.532000000000153,6.360999999999876,-0.3617142857143075,0.908714285714268,7,2100.0,0.16,7.581857142857059,9.679706073592248,newyork,Fri,17,False
791,XAUUSDm,short,2025-11-10 01:20:00+00:00,42419,4034.476,0.05,4041.476,4024.476,7.0,close_above_upper,0.407211942922384,2025-11-10 01:25:00+00:00,42420,4045.689,sl,-56.06499999999869,0.0,0.0,-56.06499999999869,-1.6018571428571053,-12.635999999999967,0.805000000000291,-1.8051428571428525,0.11500000000004158,1,300.0,0.16,4.360714285714396,10.055153401973715,asian,Mon,1,False
792,XAUUSDm,short,2025-11-10 01:30:00+00:00,42421,4047.935,0.05,4054.935,4037.935,7.0,close_above_upper,1.1336365085941542,2025-11-10 02:10:00+00:00,42429,4039.745,signal,40.95000000000027,0.0,0.0,40.95000000000027,1.1700000000000077,-5.320999999999913,8.652000000000044,-0.7601428571428447,1.2360000000000062,8,2400.0,0.16,5.558428571428716,10.314690621583212,asian,Mon,1,False
793,XAUUSDm,short,2025-11-10 13:05:00+00:00,42560,4104.871,0.05,4111.871,4094.871,7.0,close_above_upper,0.041469206027667994,2025-11-10 13:40:00+00:00,42567,4096.955,signal,39.58000000000084,0.0,0.0,39.58000000000084,1.1308571428571668,-0.9679999999998472,8.662000000000262,-0.13828571428569245,1.2374285714286088,7,2100.0,0.16,3.864428571428529,10.105915302070644,overlap,Mon,13,False
794,XAUUSDm,long,2025-11-10 14:20:00+00:00,42575,4083.345,0.05,4076.345,4093.345,7.0,close_below_lower,0.011183915101513054,2025-11-10 14:30:00+00:00,42577,4076.345,sl,-35.0,0.0,0.0,-35.0,-1.0,-1.324999999999818,5.427000000000135,-0.1892857142856883,0.7752857142857336,2,600.0,0.16,5.018428571428688,10.18248889518799,overlap,Mon,14,False
795,XAUUSDm,long,2025-11-10 14:35:00+00:00,42578,4078.594,0.05,4071.594,4088.594,7.0,close_below_lower,0.12578053038675163,2025-11-10 15:00:00+00:00,42583,4088.594,tp,50.0,0.0,0.0,50.0,1.4285714285714286,-4.188999999999851,8.364999999999782,-0.5984285714285501,1.1949999999999688,5,1500.0,0.16,5.488857142857179,10.252417920304378,overlap,Mon,14,False
796,XAUUSDm,short,2025-11-10 18:30:00+00:00,42625,4114.069,0.05,4121.069,4104.069,7.0,close_above_upper,0.06204847011065107,2025-11-10 19:45:00+00:00,42640,4110.831,signal,16.19000000000142,0.0,0.0,16.19000000000142,0.4625714285714691,-1.764999999999418,8.288000000000466,-0.252142857142774,1.1840000000000666,15,4500.0,0.16,3.1231428571428688,10.527753378379835,newyork,Mon,18,False
797,XAUUSDm,long,2025-11-11 05:40:00+00:00,42747,4127.522,0.05,4120.522,4137.522,7.0,close_below_lower,0.04701091077197473,2025-11-11 06:15:00+00:00,42754,4133.989,signal,32.33499999999822,0.0,0.0,32.33499999999822,0.923857142857092,-0.7229999999999563,8.0,-0.10328571428570806,1.1428571428571428,7,2100.0,0.16,3.6907142857142907,10.712075214782635,asian,Tue,5,False
798,XAUUSDm,long,2025-11-11 14:35:00+00:00,42854,4125.392,0.05,4118.392,4135.392,7.0,close_below_lower,0.26712565707565417,2025-11-11 15:05:00+00:00,42860,4118.392,sl,-35.0,0.0,0.0,-35.0,-1.0,-5.389999999999418,9.036000000000058,-0.7699999999999169,1.2908571428571511,6,1800.0,0.16,4.48435714285714,9.843263965710571,overlap,Tue,14,False
799,XAUUSDm,long,2025-11-11 15:20:00+00:00,42863,4116.196,0.05,4109.196,4126.196,7.0,close_below_lower,0.022112877375250247,2025-11-11 15:25:00+00:00,42864,4108.069,sl,-40.63499999999749,0.0,0.0,-40.63499999999749,-1.1609999999999283,-10.800000000000182,0.4650000000001455,-1.542857142857169,0.06642857142859222,1,300.0,0.16,6.451571428571307,10.203139306600981,overlap,Tue,15,False
800,XAUUSDm,long,2025-11-11 15:30:00+00:00,42865,4101.674,0.05,4094.674,4111.674,7.0,close_below_lower,0.9242020544783904,2025-11-11 15:50:00+00:00,42869,4111.674,tp,50.0,0.0,0.0,50.0,1.4285714285714286,-4.567000000000007,8.909999999999854,-0.6524285714285725,1.272857142857122,4,1200.0,0.16,7.670714285714114,10.395076363479994,overlap,Tue,15,False
801,XAUUSDm,long,2025-11-12 04:05:00+00:00,43004,4108.221,0.05,4101.221,4118.221,7.0,close_below_lower,0.020274248684338,2025-11-12 04:50:00+00:00,43013,4110.809,signal,12.940000000003238,0.0,0.0,12.940000000003238,0.3697142857143782,-4.610999999999876,4.025000000000546,-0.658714285714268,0.575000000000078,9,2700.0,0.16,3.4357142857141167,10.027511147149973,asian,Wed,4,False
802,XAUUSDm,short,2025-11-12 15:15:00+00:00,43138,4161.677,0.05,4168.677,4151.677,7.0,close_above_upper,1.3992749669301232,2025-11-12 15:25:00+00:00,43140,4168.8369999999995,sl,-35.79999999999927,0.0,0.0,-35.79999999999927,-1.022857142857122,-10.704999999999927,1.91399999999976,-1.529285714285704,0.2734285714285371,2,600.0,0.16,6.497357142856929,9.749344708485694,overlap,Wed,15,False
803,XAUUSDm,short,2025-11-12 15:30:00+00:00,43141,4166.623,0.05,4173.623,4156.623,7.0,close_above_upper,0.9261328943220558,2025-11-12 15:35:00+00:00,43142,4177.915,sl,-56.460000000001855,0.0,0.0,-56.460000000001855,-1.61314285714291,-12.97400000000016,0.5670000000000073,-1.8534285714285943,0.08100000000000104,1,300.0,0.16,7.504071428571284,10.131399426110134,overlap,Wed,15,False
804,XAUUSDm,short,2025-11-12 15:40:00+00:00,43143,4177.207,0.05,4184.207,4167.207,7.0,close_above_upper,1.191188031316764,2025-11-12 15:50:00+00:00,43145,4184.367,sl,-35.79999999999927,0.0,0.0,-35.79999999999927,-1.022857142857122,-6.857999999999265,2.643000000000029,-0.9797142857141807,0.3775714285714327,2,600.0,0.16,8.455071428571305,10.416992313113518,overlap,Wed,15,False
805,XAUUSDm,short,2025-11-12 15:55:00+00:00,43146,4175.679,0.05,4182.679,4165.679,7.0,close_above_upper,0.11404254637858792,2025-11-12 16:00:00+00:00,43147,4182.839,sl,-35.79999999999927,0.0,0.0,-35.79999999999927,-1.022857142857122,-6.744999999999891,0.19700000000011642,-0.963571428571413,0.028142857142873772,1,300.0,0.16,8.373285714285625,10.725199500101764,overlap,Wed,15,False
806,XAUUSDm,short,2025-11-12 16:05:00+00:00,43148,4187.208,0.05,4194.208,4177.208,7.0,close_above_upper,0.6268672980116752,2025-11-12 16:30:00+00:00,43153,4194.3679999999995,sl,-35.79999999999927,0.0,0.0,-35.79999999999927,-1.022857142857122,-2.4520000000002256,6.647999999999229,-0.3502857142857465,0.9497142857141755,5,1500.0,0.16,8.65749999999993,10.889429771004718,newyork,Wed,16,False
807,XAUUSDm,short,2025-11-12 16:35:00+00:00,43154,4194.022,0.05,4201.022,4184.022,7.0,close_above_upper,0.14632373495740425,2025-11-12 17:00:00+00:00,43159,4201.182,sl,-35.79999999999927,0.0,0.0,-35.79999999999927,-1.022857142857122,-3.819999999999709,6.661000000000058,-0.5457142857142442,0.9515714285714368,5,1500.0,0.16,7.3120714285713415,11.195911854485276,newyork,Wed,16,False
808,XAUUSDm,short,2025-11-12 17:05:00+00:00,43160,4202.117,0.05,4209.117,4192.117,7.0,close_above_upper,0.08799290415326885,2025-11-12 18:00:00+00:00,43171,4192.277,tp,49.20000000000073,0.0,0.0,49.20000000000073,1.4057142857143066,-4.443999999999505,9.86999999999989,-0.6348571428570722,1.4099999999999844,11,3300.0,0.16,6.47628571428556,11.455102844508335,newyork,Wed,17,False
809,XAUUSDm,long,2025-11-13 01:20:00+00:00,43247,4183.702,0.05,4176.702,4193.702,7.0,close_below_lower,0.10460741229127017,2025-11-13 01:55:00+00:00,43254,4193.702,tp,50.0,0.0,0.0,50.0,1.4285714285714286,-3.1590000000005602,7.173999999999978,-0.45128571428579434,1.0248571428571398,7,2100.0,0.16,6.308571428571473,11.777550002476755,asian,Thu,1,False
810,XAUUSDm,short,2025-11-13 04:10:00+00:00,43281,4218.212,0.05,4225.212,4208.212,7.0,close_above_upper,0.007391756475676597,2025-11-13 04:25:00+00:00,43284,4208.372,tp,49.20000000000073,0.0,0.0,49.20000000000073,1.4057142857143066,-0.13299999999981083,9.467000000000553,-0.018999999999972976,1.3524285714286504,3,900.0,0.16,4.854785714285429,12.273697956396068,asian,Thu,4,False
811,XAUUSDm,short,2025-11-13 08:20:00+00:00,43331,4234.311,0.05,4241.311,4224.311,7.0,close_above_upper,0.0893867758442291,2025-11-13 09:05:00+00:00,43340,4229.84,signal,22.354999999997744,0.0,0.0,22.354999999997744,0.6387142857142213,-5.204000000000633,6.5649999999996,-0.7434285714286618,0.9378571428570857,9,2700.0,0.16,4.428428571428348,12.712874876954404,london,Thu,8,False
812,XAUUSDm,long,2025-11-13 14:45:00+00:00,43408,4188.285,0.05,4181.285,4198.285,7.0,close_below_lower,1.2096348740130287,2025-11-13 14:55:00+00:00,43410,4198.285,tp,50.0,0.0,0.0,50.0,1.4285714285714286,-3.0460000000002765,6.404999999999745,-0.43514285714289663,0.9149999999999636,2,600.0,0.16,9.375071428571443,13.056464664168622,overlap,Thu,14,False
813,XAUUSDm,long,2025-11-13 18:35:00+00:00,43454,4165.97,0.05,4158.97,4175.97,7.0,close_below_lower,1.3263869745128467,2025-11-13 18:40:00+00:00,43455,4148.394,sl,-87.88000000000011,0.0,0.0,-87.88000000000011,-2.510857142857146,-20.601000000000568,0.0,-2.943000000000081,0.0,1,300.0,0.16,6.469214285714315,13.429303625738708,newyork,Thu,18,False
814,XAUUSDm,long,2025-11-13 18:45:00+00:00,43456,4155.938,0.05,4148.938,4165.938,7.0,close_below_lower,1.3169202315788717,2025-11-13 19:00:00+00:00,43459,4148.938,sl,-35.0,0.0,0.0,-35.0,-1.0,-5.838999999999942,5.9520000000002256,-0.8341428571428489,0.8502857142857465,3,900.0,0.16,8.17428571428575,13.819219054404673,newyork,Thu,18,False
815,XAUUSDm,long,2025-11-13 19:05:00+00:00,43460,4150.3679999999995,0.05,4143.368,4160.368,7.0,close_below_lower,0.6042126068350964,2025-11-13 19:25:00+00:00,43464,4160.368,tp,50.00000000000455,0.0,0.0,50.00000000000455,1.4285714285715585,-1.058999999999287,9.064000000000306,-0.1512857142856124,1.2948571428571864,4,1200.0,0.16,9.283142857142918,14.31776814010362,newyork,Thu,19,False
816,XAUUSDm,long,2025-11-14 11:20:00+00:00,43643,4148.803,0.05,4141.803,4158.803,7.0,close_below_lower,0.015003537465025982,2025-11-14 11:50:00+00:00,43649,4141.803,sl,-35.0,0.0,0.0,-35.0,-1.0,-6.074999999999818,8.917000000000371,-0.8678571428571169,1.2738571428571959,6,1800.0,0.16,5.829857142857171,14.901980579757097,london,Fri,11,False
817,XAUUSDm,long,2025-11-14 11:55:00+00:00,43650,4137.9929999999995,0.05,4130.993,4147.993,7.0,close_below_lower,0.0955622770575075,2025-11-14 12:00:00+00:00,43651,4130.993,sl,-34.99999999999545,0.0,0.0,-34.99999999999545,-0.9999999999998701,-7.21599999999944,2.4350000000004,-1.0308571428570628,0.34785714285720004,1,300.0,0.16,6.766285714285589,14.611855566905522,london,Fri,11,False
818,XAUUSDm,long,2025-11-14 12:15:00+00:00,43654,4126.139,0.05,4119.139,4136.139,7.0,close_below_lower,0.27737758563890624,2025-11-14 12:20:00+00:00,43655,4118.524,sl,-38.07499999999891,0.0,0.0,-38.07499999999891,-1.0878571428571118,-10.355999999999767,2.506999999999607,-1.4794285714285382,0.35814285714280103,1,300.0,0.16,8.117785714285544,14.77813238398188,overlap,Fri,12,False
819,XAUUSDm,long,2025-11-14 12:25:00+00:00,43656,4120.182,0.05,4113.182,4130.182,7.0,close_below_lower,0.26174663323913144,2025-11-14 12:30:00+00:00,43657,4113.182,sl,-35.0,0.0,0.0,-35.0,-1.0,-9.30999999999949,1.2089999999998327,-1.3299999999999272,0.1727142857142618,1,300.0,0.16,8.163142857142702,14.941690932228003,overlap,Fri,12,False
820,XAUUSDm,long,2025-11-14 12:35:00+00:00,43658,4114.9,0.05,4107.9,4124.9,7.0,close_below_lower,0.1841886617844123,2025-11-14 12:40:00+00:00,43659,4107.9,sl,-35.0,0.0,0.0,-35.0,-1.0,-6.170999999999367,4.354000000000269,-0.8815714285713382,0.6220000000000384,1,300.0,0.16,8.2689285714284,15.096909105910733,overlap,Fri,12,False
821,XAUUSDm,long,2025-11-14 13:15:00+00:00,43666,4086.4089999999997,0.05,4079.409,4096.409,7.0,close_below_lower,0.8228993332754754,2025-11-14 13:20:00+00:00,43667,4077.056,sl,-46.764999999998054,0.0,0.0,-46.764999999998054,-1.3361428571428016,-9.984999999999673,5.550000000000182,-1.4264285714285247,0.7928571428571688,1,300.0,0.16,9.811785714285666,15.435990519332826,overlap,Fri,13,False
822,XAUUSDm,long,2025-11-14 13:25:00+00:00,43668,4071.404,0.05,4064.404,4081.404,7.0,close_below_lower,1.1708882984239695,2025-11-14 13:30:00+00:00,43669,4055.716,sl,-78.44000000000051,0.0,0.0,-78.44000000000051,-2.2411428571428718,-17.88500000000022,0.36200000000008004,-2.5550000000000312,0.05171428571429715,1,300.0,0.16,11.060428571428474,15.759839927506698,overlap,Fri,13,False
823,XAUUSDm,long,2025-11-14 13:35:00+00:00,43670,4055.383,0.05,4048.383,4065.383,7.0,close_below_lower,1.3918072526064773,2025-11-14 13:50:00+00:00,43673,4048.383,sl,-35.0,0.0,0.0,-35.0,-1.0,-9.049999999999727,7.619000000000142,-1.2928571428571038,1.0884285714285917,3,900.0,0.16,11.524571428571335,16.208467207367544,overlap,Fri,13,False
824,XAUUSDm,long,2025-11-14 13:55:00+00:00,43674,4050.687,0.05,4043.687,4060.687,7.0,close_below_lower,0.4473230073815081,2025-11-14 14:00:00+00:00,43675,4043.687,sl,-35.0,0.0,0.0,-35.0,-1.0,-0.22299999999995634,6.503000000000156,-0.031857142857136624,0.9290000000000224,1,300.0,0.16,12.264142857142847,16.823151096775824,overlap,Fri,13,False
825,XAUUSDm,long,2025-11-14 14:05:00+00:00,43676,4049.23,0.05,4042.23,4059.23,7.0,close_below_lower,0.1024793094750481,2025-11-14 14:20:00+00:00,43679,4059.23,tp,50.0,0.0,0.0,50.0,1.4285714285714286,-4.048000000000229,5.369999999999891,-0.578285714285747,0.7671428571428416,3,900.0,0.16,13.173285714285774,17.000554589243688,overlap,Fri,14,False
826,XAUUSDm,short,2025-11-14 15:00:00+00:00,43687,4082.731,0.05,4089.731,4072.731,7.0,close_above_upper,0.244011590381139,2025-11-14 15:05:00+00:00,43688,4072.891,tp,49.20000000000073,0.0,0.0,49.20000000000073,1.4057142857143066,0.0,12.494000000000142,0.0,1.7848571428571631,1,300.0,0.16,12.884142857142868,17.377695310114788,overlap,Fri,15,False
827,XAUUSDm,long,2025-11-17 05:35:00+00:00,43850,4053.404,0.05,4046.404,4063.404,7.0,close_below_lower,0.0799199126463043,2025-11-17 06:00:00+00:00,43855,4063.404,tp,50.0,0.0,0.0,50.0,1.4285714285714286,-3.755000000000109,7.045999999999822,-0.536428571428587,1.0065714285714031,5,1500.0,0.16,4.7549999999999795,18.417645667358794,asian,Mon,5,False
828,XAUUSDm,long,2025-11-17 19:35:00+00:00,44018,4038.671,0.05,4031.671,4048.671,7.0,close_below_lower,0.29006670817901237,2025-11-17 19:40:00+00:00,44019,4031.618,sl,-35.26499999999942,0.0,0.0,-35.26499999999942,-1.007571428571412,-8.166999999999916,1.0670000000000073,-1.1667142857142738,0.15242857142857247,1,300.0,0.16,6.067499999999947,17.855971590670165,newyork,Mon,19,False
829,XAUUSDm,long,2025-11-17 19:45:00+00:00,44020,4019.582,0.05,4012.582,4029.582,7.0,close_below_lower,0.8918959340090341,2025-11-17 19:55:00+00:00,44022,4012.582,sl,-35.0,0.0,0.0,-35.0,-1.0,-5.3659999999999854,6.316000000000258,-0.7665714285714265,0.9022857142857512,2,600.0,0.16,7.128214285714226,18.20066848282591,newyork,Mon,19,False
830,XAUUSDm,long,2025-11-17 20:00:00+00:00,44023,4011.4179999999997,0.05,4004.418,4021.418,7.0,close_below_lower,0.6408674774418278,2025-11-17 20:05:00+00:00,44024,4021.418,tp,50.000000000002274,0.0,0.0,50.000000000002274,1.4285714285714934,-4.59099999999944,3.854000000000269,-0.6558571428570629,0.550571428571467,1,300.0,0.16,8.384142857142772,18.660697024601276,newyork,Mon,20,False
831,XAUUSDm,short,2025-11-18 08:40:00+00:00,44163,4041.319,0.05,4048.319,4031.319,7.0,close_above_upper,0.08889771113419812,2025-11-18 09:10:00+00:00,44169,4031.479,tp,49.20000000000073,0.0,0.0,49.20000000000073,1.4057142857143066,-1.4209999999998217,8.916000000000167,-0.20299999999997453,1.2737142857143096,6,1800.0,0.16,6.733357142857163,18.129875641063563,london,Tue,8,False
832,XAUUSDm,short,2025-11-18 13:40:00+00:00,44223,4065.938,0.05,4072.938,4055.938,7.0,close_above_upper,0.39296824109386197,2025-11-18 14:00:00+00:00,44227,4073.098,sl,-35.79999999999927,0.0,0.0,-35.79999999999927,-1.022857142857122,-4.391999999999825,3.8520000000003165,-0.6274285714285465,0.5502857142857595,4,1200.0,0.16,6.733357142857228,15.347796960629015,overlap,Tue,13,False
833,XAUUSDm,short,2025-11-18 14:05:00+00:00,44228,4074.235,0.05,4081.235,4064.235,7.0,close_above_upper,0.12251810392513725,2025-11-18 14:40:00+00:00,44235,4081.395,sl,-35.79999999999927,0.0,0.0,-35.79999999999927,-1.022857142857122,-6.346999999999753,5.617000000000189,-0.9067142857142504,0.8024285714285985,7,2100.0,0.16,7.36000000000003,15.559092655697587,overlap,Tue,14,False
834,XAUUSDm,short,2025-11-19 10:00:00+00:00,44455,4113.364,0.05,4120.364,4103.364,7.0,close_above_upper,0.2620104964987058,2025-11-19 11:00:00+00:00,44467,4109.09,signal,21.369999999997162,0.0,0.0,21.369999999997162,0.6105714285713475,-5.8090000000001965,6.279999999999745,-0.8298571428571709,0.8971428571428207,12,3600.0,0.16,5.141571428571329,14.87508650167588,london,Wed,10,False
835,XAUUSDm,long,2025-11-19 15:55:00+00:00,44526,4092.161,0.05,4085.161,4102.161,7.0,close_below_lower,0.6659451421853742,2025-11-19 16:00:00+00:00,44527,4085.161,sl,-35.0,0.0,0.0,-35.0,-1.0,-1.0360000000000582,4.854000000000269,-0.14800000000000832,0.6934285714286099,1,300.0,0.16,8.02307142857155,14.077297147679182,overlap,Wed,15,False
836,XAUUSDm,long,2025-11-19 16:05:00+00:00,44528,4091.178,0.05,4084.178,4101.178,7.0,close_below_lower,0.389281223894255,2025-11-19 16:15:00+00:00,44530,4084.178,sl,-35.0,0.0,0.0,-35.0,-1.0,-4.467999999999847,3.881000000000313,-0.6382857142856925,0.5544285714286161,2,600.0,0.16,8.51000000000012,14.188041207252226,newyork,Wed,16,False
837,XAUUSDm,long,2025-11-19 16:20:00+00:00,44531,4084.362,0.05,4077.362,4094.362,7.0,close_below_lower,0.3107333030010031,2025-11-19 16:25:00+00:00,44532,4077.362,sl,-35.0,0.0,0.0,-35.0,-1.0,-0.1950000000001637,7.06899999999996,-0.027857142857166246,1.0098571428571372,1,300.0,0.16,8.795928571428735,14.467351890960183,newyork,Wed,16,False
838,XAUUSDm,long,2025-11-19 16:30:00+00:00,44533,4074.72,0.05,4067.72,4084.72,7.0,close_below_lower,0.5618913783121563,2025-11-19 16:35:00+00:00,44534,4067.72,sl,-35.0,0.0,0.0,-35.0,-1.0,-2.8539999999998145,4.582000000000335,-0.4077142857142592,0.6545714285714764,1,300.0,0.16,9.381571428571565,14.618039007705415,newyork,Wed,16,False
839,XAUUSDm,long,2025-11-19 16:40:00+00:00,44535,4074.411,0.05,4067.411,4084.411,7.0,close_below_lower,0.19107049540475618,2025-11-19 17:00:00+00:00,44539,4067.411,sl,-35.0,0.0,0.0,-35.0,-1.0,-5.0770000000002256,3.8170000000000073,-0.7252857142857465,0.5452857142857154,4,1200.0,0.16,9.683785714285802,14.690664264872531,newyork,Wed,16,False
840,XAUUSDm,long,2025-11-19 17:05:00+00:00,44540,4061.123,0.05,4054.123,4071.123,7.0,close_below_lower,0.3034820317679436,2025-11-19 17:25:00+00:00,44544,4071.123,tp,50.0,0.0,0.0,50.0,1.4285714285714286,-5.550999999999931,9.924999999999727,-0.7929999999999902,1.4178571428571038,4,1200.0,0.16,9.704142857142902,14.75269568207625,newyork,Wed,17,False
841,XAUUSDm,short,2025-11-19 23:55:00+00:00,44610,4105.949,0.05,4112.949,4095.949,7.0,close_above_upper,0.02535045049634657,2025-11-20 00:50:00+00:00,44621,4103.339,signal,13.049999999998363,0.0,0.0,13.049999999998363,0.3728571428570961,-4.392000000000735,4.4979999999995925,-0.6274285714286764,0.6425714285713704,11,3300.0,0.16,4.803357142857229,14.724861113779145,rollover,Wed,23,False
842,XAUUSDm,long,2025-11-20 02:05:00+00:00,44636,4071.075,0.05,4064.075,4081.075,7.0,close_below_lower,0.4037407173049303,2025-11-20 02:10:00+00:00,44637,4063.479,sl,-37.98000000000002,0.0,0.0,-37.98000000000002,-1.0851428571428576,-11.957999999999629,0.11400000000003274,-1.7082857142856613,0.016285714285718962,1,300.0,0.16,6.133642857142994,15.110528236735611,asian,Thu,2,False
843,XAUUSDm,long,2025-11-20 02:15:00+00:00,44638,4063.468,0.05,4056.468,4073.468,7.0,close_below_lower,0.45352562131886004,2025-11-20 02:20:00+00:00,44639,4050.689,sl,-63.89499999999998,0.0,0.0,-63.89499999999998,-1.825571428571428,-23.603000000000065,0.7440000000001419,-3.371857142857152,0.10628571428573455,1,300.0,0.16,6.8390000000000395,15.371683748644742,asian,Thu,2,False
844,XAUUSDm,long,2025-11-20 02:25:00+00:00,44640,4054.644,0.05,4047.644,4064.644,7.0,close_below_lower,0.5006287132401787,2025-11-20 02:45:00+00:00,44644,4064.644,tp,50.0,0.0,0.0,50.0,1.4285714285714286,-2.4079999999999018,7.197000000000116,-0.343999999999986,1.0281428571428737,4,1200.0,0.16,8.287642857142957,15.645844936533631,asian,Thu,2,False
845,XAUUSDm,short,2025-11-20 03:10:00+00:00,44649,4083.077,0.05,4090.077,4073.077,7.0,close_above_upper,0.005162658715029996,2025-11-20 03:20:00+00:00,44651,4073.237,tp,49.20000000000073,0.0,0.0,49.20000000000073,1.4057142857143066,0.0,9.731000000000222,0.0,1.3901428571428889,2,600.0,0.16,8.958999999999962,15.930911349268852,asian,Thu,3,False
846,XAUUSDm,short,2025-11-20 14:50:00+00:00,44789,4102.834,0.05,4109.834,4092.834,7.0,close_above_upper,0.22114332420596441,2025-11-20 14:55:00+00:00,44790,4092.9939999999997,tp,49.20000000000073,0.0,0.0,49.20000000000073,1.4057142857143066,-4.311999999999898,2.58600000000024,-0.6159999999999854,0.36942857142860575,1,300.0,0.16,10.539571428571533,15.08455873662565,overlap,Thu,14,False
847,XAUUSDm,long,2025-11-20 16:00:00+00:00,44803,4070.473,0.05,4063.473,4080.473,7.0,close_below_lower,0.04720424187691733,2025-11-20 16:05:00+00:00,44804,4080.473,tp,50.0,0.0,0.0,50.0,1.4285714285714286,-1.8969999999999345,7.6460000000001855,-0.27099999999999064,1.0922857142857407,1,300.0,0.16,9.278642857142943,15.33751985274668,newyork,Thu,16,False
848,XAUUSDm,long,2025-11-20 17:00:00+00:00,44815,4049.174,0.05,4042.174,4059.174,7.0,close_below_lower,0.10374713026602578,2025-11-20 17:20:00+00:00,44819,4059.174,tp,50.0,0.0,0.0,50.0,1.4285714285714286,-5.5,8.68600000000015,-0.7857142857142857,1.2408571428571642,4,1200.0,0.16,9.065714285714291,15.875811673022787,newyork,Thu,17,False
849,XAUUSDm,short,2025-11-20 19:30:00+00:00,44845,4084.275,0.05,4091.275,4074.275,7.0,close_above_upper,0.021417809391134537,2025-11-20 20:10:00+00:00,44853,4074.435,tp,49.20000000000073,0.0,0.0,49.20000000000073,1.4057142857143066,-3.0229999999996835,5.454000000000178,-0.43185714285709764,0.7791428571428826,8,2400.0,0.16,6.055857142857186,16.433269366913592,newyork,Thu,19,False
850,XAUUSDm,long,2025-11-21 06:30:00+00:00,44965,4032.0719999999997,0.05,4025.072,4042.072,7.0,close_below_lower,0.0855966716157125,2025-11-21 07:00:00+00:00,44971,4025.072,sl,-34.999999999997726,0.0,0.0,-34.999999999997726,-0.999999999999935,-2.7099999999995816,8.631000000000313,-0.3871428571427974,1.2330000000000447,6,1800.0,0.16,7.246857142857119,16.028909863680447,asian,Fri,6,False
851,XAUUSDm,short,2025-11-21 09:20:00+00:00,44999,4062.549,0.05,4069.549,4052.549,7.0,close_above_upper,0.03246799553363224,2025-11-21 09:40:00+00:00,45003,4052.709,tp,49.20000000000073,0.0,0.0,49.20000000000073,1.4057142857143066,-0.4960000000000946,9.851000000000113,-0.07085714285715637,1.4072857142857305,4,1200.0,0.16,7.079857142857106,16.549346597021582,london,Fri,9,False
852,XAUUSDm,short,2025-11-21 12:40:00+00:00,45039,4062.715,0.05,4069.715,4052.715,7.0,close_above_upper,0.18495351882923697,2025-11-21 12:45:00+00:00,45040,4069.875,sl,-35.79999999999927,0.0,0.0,-35.79999999999927,-1.022857142857122,-0.1839999999997417,4.7280000000000655,-0.026285714285677386,0.6754285714285808,1,300.0,0.16,6.5218571428571455,15.612000317187995,overlap,Fri,12,False
853,XAUUSDm,short,2025-11-21 12:50:00+00:00,45041,4067.489,0.05,4074.489,4057.489,7.0,close_above_upper,0.19990195262356067,2025-11-21 13:45:00+00:00,45052,4074.649,sl,-35.79999999999927,0.0,0.0,-35.79999999999927,-1.022857142857122,-5.0949999999998,8.318000000000211,-0.7278571428571142,1.1882857142857444,11,3300.0,0.16,6.978714285714334,15.599288103805424,overlap,Fri,12,False
854,XAUUSDm,short,2025-11-21 16:55:00+00:00,45090,4093.815,0.05,4100.815,4083.815,7.0,close_above_upper,0.2233025885293287,2025-11-21 17:00:00+00:00,45091,4100.974999999999,sl,-35.799999999997,0.0,0.0,-35.799999999997,-1.0228571428569906,-6.830999999999676,0.1750000000001819,-0.9758571428570966,0.025000000000025984,1,300.0,0.16,6.3805000000000485,16.02381100369726,newyork,Fri,16,False
855,XAUUSDm,long,2025-11-21 20:35:00+00:00,45134,4063.6589999999997,0.05,4056.659,4073.659,7.0,close_below_lower,0.1038342400089455,2025-11-21 20:40:00+00:00,45135,4056.659,sl,-34.999999999997726,0.0,0.0,-34.999999999997726,-0.999999999999935,-7.123999999999796,1.499000000000251,-1.0177142857142567,0.214142857142893,1,300.0,0.16,5.146357142857141,15.526582922269887,newyork,Fri,20,False
856,XAUUSDm,long,2025-11-21 20:45:00+00:00,45136,4059.412,0.05,4052.412,4069.412,7.0,close_below_lower,0.08902151685773993,2025-11-21 20:55:00+00:00,45138,4069.412,tp,50.0,0.0,0.0,50.0,1.4285714285714286,-4.270999999999731,4.356999999999971,-0.6101428571428187,0.6224285714285672,2,600.0,0.16,5.623857142857138,15.51846961622671,newyork,Fri,20,False
857,XAUUSDm,short,2025-11-24 18:40:00+00:00,45387,4111.666,0.05,4118.666,4101.666,7.0,close_above_upper,0.28258158931214433,2025-11-24 18:50:00+00:00,45389,4118.826,sl,-35.79999999999927,0.0,0.0,-35.79999999999927,-1.022857142857122,-4.032000000000153,1.3950000000004366,-0.5760000000000218,0.19928571428577666,2,600.0,0.16,4.042000000000014,12.556135445196823,newyork,Mon,18,False
858,XAUUSDm,short,2025-11-24 18:55:00+00:00,45390,4120.147,0.05,4127.147,4110.147,7.0,close_above_upper,0.4621768217917968,2025-11-24 19:40:00+00:00,45399,4114.8369999999995,signal,26.550000000002,0.0,0.0,26.550000000002,0.7585714285714857,-4.029000000000451,6.234000000000378,-0.575571428571493,0.8905714285714826,9,2700.0,0.16,5.333642857142975,12.801942622070772,newyork,Mon,18,False
859,XAUUSDm,long,2025-11-25 08:55:00+00:00,45546,4112.081,0.05,4105.081,4122.081,7.0,close_below_lower,0.6101083533977785,2025-11-25 09:00:00+00:00,45547,4122.081,tp,50.0,0.0,0.0,50.0,1.4285714285714286,-0.15999999999985448,6.0109999999995125,-0.022857142857122068,0.858714285714216,1,300.0,0.16,5.546499999999924,11.53201698191501,london,Tue,8,False
860,XAUUSDm,long,2025-11-25 12:45:00+00:00,45592,4117.072,0.05,4110.072,4127.072,7.0,close_below_lower,0.45738504462891477,2025-11-25 12:50:00+00:00,45593,4127.072,tp,50.0,0.0,0.0,50.0,1.4285714285714286,-1.0650000000005093,8.74200000000019,-0.1521428571429299,1.24885714285717,1,300.0,0.16,4.141285714285524,10.778196676133717,overlap,Tue,12,False
861,XAUUSDm,long,2025-11-25 14:35:00+00:00,45614,4128.807,0.05,4121.807,4138.807,7.0,close_below_lower,0.07971286922640054,2025-11-25 14:40:00+00:00,45615,4121.807,sl,-35.0,0.0,0.0,-35.0,-1.0,-11.280999999999949,3.811000000000604,-1.6115714285714213,0.5444285714286577,1,300.0,0.16,5.7295714285714245,11.295266933426802,overlap,Tue,14,False
862,XAUUSDm,long,2025-11-25 14:45:00+00:00,45616,4119.996,0.05,4112.996,4129.996,7.0,close_below_lower,0.48599103857133485,2025-11-25 14:50:00+00:00,45617,4112.996,sl,-35.0,0.0,0.0,-35.0,-1.0,-8.962000000000444,0.22800000000006548,-1.2802857142857778,0.032571428571437924,1,300.0,0.16,6.664142857142906,11.478185594771716,overlap,Tue,14,False
863,XAUUSDm,short,2025-11-25 17:10:00+00:00,45645,4150.428,0.05,4157.428,4140.428,7.0,close_above_upper,0.10551889457516542,2025-11-25 17:30:00+00:00,45649,4157.588,sl,-35.79999999999927,0.0,0.0,-35.79999999999927,-1.022857142857122,-3.5830000000005384,5.083999999999833,-0.5118571428572197,0.7262857142856903,4,1200.0,0.16,5.918071428571303,11.223020884219235,newyork,Tue,17,False
864,XAUUSDm,short,2025-11-25 17:35:00+00:00,45650,4157.538,0.05,4164.538,4147.538,7.0,close_above_upper,0.10320214434949637,2025-11-25 17:50:00+00:00,45653,4147.697999999999,tp,49.20000000000073,0.0,0.0,49.20000000000073,1.4057142857143066,-0.30600000000049477,8.483999999999469,-0.04371428571435639,1.211999999999924,3,900.0,0.16,5.676285714285508,11.434848174926005,newyork,Tue,17,False
865,XAUUSDm,long,2025-11-27 01:20:00+00:00,46007,4151.187,0.05,4144.187,4161.187,7.0,close_below_lower,0.08897516083140444,2025-11-27 02:10:00+00:00,46017,4154.609,signal,17.1100000000024,0.0,0.0,17.1100000000024,0.48885714285721144,-2.46100000000024,5.319999999999709,-0.3515714285714629,0.7599999999999584,10,3000.0,0.16,2.9427857142857516,10.109272633955886,asian,Thu,1,False
866,XAUUSDm,long,2025-11-27 09:20:00+00:00,46103,4150.677,0.05,4143.677,4160.677,7.0,close_below_lower,0.09686034371100198,2025-11-27 09:55:00+00:00,46110,4159.085,signal,42.04000000000178,0.0,0.0,42.04000000000178,1.2011428571429081,-2.415999999999258,9.277000000000044,-0.3451428571427511,1.3252857142857206,7,2100.0,0.16,3.497285714285746,9.556605760889738,london,Thu,9,False
867,XAUUSDm,short,2025-11-28 00:35:00+00:00,46244,4180.29,0.05,4187.29,4170.29,7.0,close_above_upper,0.6915416862292374,2025-11-28 01:00:00+00:00,46249,4187.45,sl,-35.79999999999927,0.0,0.0,-35.79999999999927,-1.022857142857122,-2.5979999999999563,4.175000000000182,-0.3711428571428509,0.5964285714285974,5,1500.0,0.16,2.7122142857142535,7.7253734119718285,asian,Fri,0,False
868,XAUUSDm,short,2025-11-28 01:05:00+00:00,46250,4189.919,0.05,4196.919,4179.919,7.0,close_above_upper,0.8163182649001745,2025-11-28 02:10:00+00:00,46263,4188.839,signal,5.399999999999636,0.0,0.0,5.399999999999636,0.1542857142857039,-3.1270000000004075,6.829999999999927,-0.4467142857143439,0.9757142857142753,13,3900.0,0.16,4.329357142857134,7.782747382760798,asian,Fri,1,False
869,XAUUSDm,long,2025-11-28 08:05:00+00:00,46334,4164.634,0.05,4157.634,4174.634,7.0,close_below_lower,0.941594779932108,2025-11-28 08:10:00+00:00,46335,4157.634,sl,-35.0,0.0,0.0,-35.0,-1.0,-15.520000000000437,15.50500000000011,-2.2171428571429197,2.2150000000000154,1,300.0,0.56,2.6190714285713903,7.616475683204444,london,Fri,8,False
870,XAUUSDm,long,2025-11-28 08:55:00+00:00,46336,4167.405,0.05,4160.405,4177.405,7.0,close_below_lower,0.15027218056885674,2025-11-28 09:10:00+00:00,46339,4160.405,sl,-35.0,0.0,0.0,-35.0,-1.0,-4.61200000000008,5.880000000000109,-0.6588571428571542,0.8400000000000156,3,900.0,3.352,6.596000000000004,7.693319176771393,london,Fri,8,False
871,XAUUSDm,long,2025-11-28 09:15:00+00:00,46340,4162.08,0.05,4155.08,4172.08,7.0,close_below_lower,0.2122725989223583,2025-11-28 09:50:00+00:00,46347,4165.669,signal,17.94499999999971,0.0,0.0,17.94499999999971,0.5127142857142774,-4.445999999999913,3.9160000000001673,-0.6351428571428447,0.5594285714285954,7,2100.0,0.32,7.7734285714284725,7.8698757163761766,london,Fri,9,False
872,XAUUSDm,short,2025-11-28 10:20:00+00:00,46353,4175.643,0.05,4182.643,4165.643,7.0,close_above_upper,0.007864254377531524,2025-11-28 10:30:00+00:00,46355,4166.123,tp,47.60000000000218,0.0,0.0,47.60000000000218,1.3600000000000623,0.0,7.810999999999694,0.0,1.1158571428570991,2,600.0,0.32,4.523857142857131,8.039610843882047,london,Fri,10,False
873,XAUUSDm,short,2025-11-28 14:05:00+00:00,46398,4187.23,0.05,4194.23,4177.23,7.0,close_above_upper,0.4357222285483623,2025-11-28 14:15:00+00:00,46400,4194.389999999999,sl,-35.79999999999927,0.0,0.0,-35.79999999999927,-1.022857142857122,-4.719000000000051,2.905999999999949,-0.6741428571428644,0.4151428571428499,2,600.0,0.16,3.9813571428572425,7.518426281168971,overlap,Fri,14,False
874,XAUUSDm,short,2025-11-28 14:20:00+00:00,46401,4193.793,0.05,4200.793,4183.793,7.0,close_above_upper,0.7105286392455595,2025-11-28 14:35:00+00:00,46404,4200.9529999999995,sl,-35.79999999999927,0.0,0.0,-35.79999999999927,-1.022857142857122,-6.624000000000706,0.027999999999337888,-0.9462857142858151,0.0039999999999054126,3,900.0,0.16,4.63014285714293,7.608385005813883,overlap,Fri,14,False
875,XAUUSDm,short,2025-11-28 14:40:00+00:00,46405,4203.088,0.05,4210.088,4193.088,7.0,close_above_upper,0.8677409515025839,2025-11-28 15:00:00+00:00,46409,4193.248,tp,49.20000000000073,0.0,0.0,49.20000000000073,1.4057142857143066,-5.907000000000153,8.289999999999964,-0.8438571428571647,1.184285714285709,4,1200.0,0.16,5.442499999999915,7.741196285141627,overlap,Fri,14,False
876,XAUUSDm,short,2025-11-28 16:30:00+00:00,46427,4209.488,0.05,4216.488,4199.488,7.0,close_above_upper,0.042658375215197726,2025-11-28 17:30:00+00:00,46439,4206.880999999999,signal,13.035000000004402,0.0,0.0,13.035000000004402,0.3724285714286972,-2.032000000000153,7.052999999999884,-0.29028571428573613,1.007571428571412,12,3600.0,0.16,4.862571428571365,7.921580661100283,newyork,Fri,16,False
877,XAUUSDm,long,2025-11-30 23:10:00+00:00,46467,4209.363,0.05,4202.363,4219.363,7.0,close_below_lower,0.08889576451367491,2025-11-30 23:20:00+00:00,46469,4219.363,tp,50.0,0.0,0.0,50.0,1.4285714285714286,-0.8040000000000873,9.168999999999869,-0.11485714285715533,1.3098571428571242,2,600.0,0.16,3.2406428571428347,8.250800081165973,rollover,Sun,23,False
878,XAUUSDm,short,2025-12-01 01:30:00+00:00,46495,4238.518,0.05,4245.518,4228.518,7.0,close_above_upper,0.18331140296565068,2025-12-01 01:50:00+00:00,46499,4245.678,sl,-35.79999999999927,0.0,0.0,-35.79999999999927,-1.022857142857122,-5.3270000000002256,3.7830000000003565,-0.7610000000000322,0.5404285714286223,4,1200.0,0.16,6.884142857142771,8.602996612954176,asian,Mon,1,False
879,XAUUSDm,short,2025-12-01 01:55:00+00:00,46500,4245.97,0.05,4252.97,4235.97,7.0,close_above_upper,0.26893788822067927,2025-12-01 02:00:00+00:00,46501,4255.474,sl,-47.51999999999953,0.0,0.0,-47.51999999999953,-1.357714285714272,-10.179999999999382,1.0450000000000728,-1.454285714285626,0.14928571428572468,1,300.0,0.16,7.130285714285882,8.872683331103307,asian,Mon,1,False
880,XAUUSDm,short,2025-12-01 02:05:00+00:00,46502,4251.537,0.05,4258.537,4241.537,7.0,close_above_upper,0.3950904419209467,2025-12-01 02:25:00+00:00,46506,4241.697,tp,49.20000000000073,0.0,0.0,49.20000000000073,1.4057142857143066,-4.9099999999998545,9.213000000000648,-0.7014285714285506,1.3161428571429497,4,1200.0,0.16,7.523142857142959,9.035009324435723,asian,Mon,2,False
881,XAUUSDm,long,2025-12-01 05:20:00+00:00,46541,4226.593,0.05,4219.593,4236.593,7.0,close_below_lower,0.44837676022625617,2025-12-01 05:25:00+00:00,46542,4219.593,sl,-35.0,0.0,0.0,-35.0,-1.0,-7.777000000000044,0.23000000000047294,-1.1110000000000062,0.03285714285721042,1,300.0,0.16,4.040857142857151,9.077944833639854,asian,Mon,5,False
882,XAUUSDm,long,2025-12-01 05:30:00+00:00,46543,4220.411,0.05,4213.411,4230.411,7.0,close_below_lower,0.6974010466280626,2025-12-01 05:50:00+00:00,46547,4230.411,tp,50.0,0.0,0.0,50.0,1.4285714285714286,-2.6810000000004948,9.46600000000035,-0.3830000000000707,1.3522857142857643,4,1200.0,0.16,4.9402857142856975,9.259647176062376,asian,Mon,5,False
883,XAUUSDm,short,2025-12-01 10:05:00+00:00,46598,4259.071,0.05,4266.071,4249.071,7.0,close_above_upper,0.05777641224444969,2025-12-01 10:35:00+00:00,46604,4253.1669999999995,signal,29.520000000002256,0.0,0.0,29.520000000002256,0.8434285714286359,-3.2539999999999054,6.774000000000342,-0.46485714285712937,0.9677142857143346,6,1800.0,0.16,3.906428571428608,9.64203916067963,london,Mon,10,False
884,XAUUSDm,long,2025-12-01 14:40:00+00:00,46653,4231.5869999999995,0.05,4224.587,4241.587,7.0,close_below_lower,0.5995653171187438,2025-12-01 14:45:00+00:00,46654,4224.587,sl,-34.99999999999545,0.0,0.0,-34.99999999999545,-0.9999999999998701,-11.910999999999149,1.491000000000895,-1.701571428571307,0.21300000000012784,1,300.0,0.16,6.3954285714285755,9.96409052785624,overlap,Mon,14,False
885,XAUUSDm,long,2025-12-01 15:20:00+00:00,46661,4225.5779999999995,0.05,4218.578,4235.578,7.0,close_below_lower,0.23828219599272626,2025-12-01 15:35:00+00:00,46664,4235.578,tp,50.00000000000455,0.0,0.0,50.00000000000455,1.4285714285715585,-5.988999999999578,3.7070000000003347,-0.8555714285713683,0.5295714285714764,3,900.0,0.16,7.9019285714286,10.232605369796522,overlap,Mon,15,False
886,XAUUSDm,long,2025-12-02 01:10:00+00:00,46767,4206.407,0.05,4199.407,4216.407,7.0,close_below_lower,0.6580391943128581,2025-12-02 01:30:00+00:00,46771,4216.407,tp,50.0,0.0,0.0,50.0,1.4285714285714286,-5.996000000000095,9.666000000000167,-0.8565714285714421,1.3808571428571668,4,1200.0,0.16,5.800785714285602,10.339012820174899,asian,Tue,1,False
887,XAUUSDm,long,2025-12-02 06:30:00+00:00,46831,4205.856,0.05,4198.856,4215.856,7.0,close_below_lower,0.33799688742209166,2025-12-02 07:15:00+00:00,46840,4213.793,signal,39.68499999999949,0.0,0.0,39.68499999999949,1.1338571428571282,-2.5979999999999563,9.509000000000015,-0.3711428571428509,1.3584285714285735,9,2700.0,0.16,4.022999999999878,10.86137425936665,asian,Tue,6,False
888,XAUUSDm,long,2025-12-02 09:30:00+00:00,46867,4194.813,0.05,4187.813,4204.813,7.0,close_below_lower,0.2956613165851725,2025-12-02 09:35:00+00:00,46868,4187.813,sl,-35.0,0.0,0.0,-35.0,-1.0,-4.2830000000003565,1.1480000000001382,-0.6118571428571938,0.16400000000001974,1,300.0,0.16,4.347857142857265,10.48099428941275,london,Tue,9,False
889,XAUUSDm,long,2025-12-02 09:40:00+00:00,46869,4189.795,0.05,4182.795,4199.795,7.0,close_below_lower,0.39340751946335384,2025-12-02 10:20:00+00:00,46877,4182.795,sl,-35.0,0.0,0.0,-35.0,-1.0,-5.869999999999891,4.32799999999952,-0.838571428571413,0.6182857142856457,8,2400.0,0.16,5.099642857143018,10.595964458456432,london,Tue,9,False
890,XAUUSDm,short,2025-12-02 14:10:00+00:00,46923,4220.584,0.05,4227.584,4210.584,7.0,close_above_upper,0.08745790742964789,2025-12-02 14:25:00+00:00,46926,4227.744,sl,-35.79999999999927,0.0,0.0,-35.79999999999927,-1.022857142857122,-4.640000000000327,1.0720000000001164,-0.6628571428571897,0.15314285714287376,3,900.0,0.16,5.406214285714084,10.74865995784168,overlap,Tue,14,False
891,XAUUSDm,short,2025-12-02 14:30:00+00:00,46927,4227.796,0.05,4234.796,4217.796,7.0,close_above_upper,0.12153295543471954,2025-12-02 14:40:00+00:00,46929,4217.956,tp,49.20000000000073,0.0,0.0,49.20000000000073,1.4057142857143066,-1.7039999999997235,6.704999999999927,-0.24342857142853194,0.9578571428571324,2,600.0,0.16,4.855785714285568,10.898933985726883,overlap,Tue,14,False
892,XAUUSDm,long,2025-12-02 15:15:00+00:00,46936,4206.197,0.05,4199.197,4216.197,7.0,close_below_lower,0.09129857709543739,2025-12-02 15:20:00+00:00,46937,4197.91,sl,-41.43500000000131,0.0,0.0,-41.43500000000131,-1.1838571428571802,-9.359000000000378,2.4099999999998545,-1.3370000000000541,0.3442857142856935,1,300.0,0.16,6.503785714285641,11.002226793316012,overlap,Tue,15,False
893,XAUUSDm,long,2025-12-02 15:25:00+00:00,46938,4192.474999999999,0.05,4185.475,4202.475,7.0,close_below_lower,0.8878639042891339,2025-12-02 15:30:00+00:00,46939,4185.475,sl,-34.99999999999545,0.0,0.0,-34.99999999999545,-0.9999999999998701,-5.836999999999534,1.504000000000815,-0.8338571428570763,0.21485714285725926,1,300.0,0.16,7.066714285714235,11.228864370443755,overlap,Tue,15,False
894,XAUUSDm,long,2025-12-02 15:35:00+00:00,46940,4183.566,0.05,4176.566,4193.566,7.0,close_below_lower,1.0869762004628405,2025-12-02 15:50:00+00:00,46943,4176.566,sl,-35.0,0.0,0.0,-35.0,-1.0,-3.6489999999994325,8.515000000000327,-0.5212857142856332,1.2164285714286183,3,900.0,0.16,7.683499999999965,11.490427372402898,overlap,Tue,15,False
895,XAUUSDm,long,2025-12-02 15:55:00+00:00,46944,4171.309,0.05,4164.309,4181.309,7.0,close_below_lower,1.1355080102425676,2025-12-02 16:30:00+00:00,46951,4181.309,tp,50.0,0.0,0.0,50.0,1.4285714285714286,-7.757999999999811,8.35399999999936,-1.1082857142856872,1.19342857142848,7,2100.0,0.16,8.329214285714247,11.806723687019154,overlap,Tue,15,False
896,XAUUSDm,long,2025-12-03 05:50:00+00:00,47099,4205.767,0.05,4198.767,4215.767,7.0,close_below_lower,0.014451918497027805,2025-12-03 06:25:00+00:00,47106,4211.497,signal,28.650000000002365,0.0,0.0,28.650000000002365,0.8185714285714961,-1.707999999999629,5.858000000000175,-0.24399999999994698,0.8368571428571678,7,2100.0,0.16,3.397285714285707,11.427209737584421,asian,Wed,5,False
897,XAUUSDm,short,2025-12-03 13:55:00+00:00,47196,4235.927,0.05,4242.927,4225.927,7.0,close_above_upper,0.4550785922341638,2025-12-03 14:05:00+00:00,47198,4226.0869999999995,tp,49.20000000000073,0.0,0.0,49.20000000000073,1.4057142857143066,-4.807999999999993,3.045999999999367,-0.6868571428571418,0.43514285714276674,2,600.0,0.16,4.717428571428562,10.953964519165424,overlap,Wed,13,False
898,XAUUSDm,short,2025-12-03 14:35:00+00:00,47204,4239.031,0.05,4246.031,4229.031,7.0,close_above_upper,0.10908123178928607,2025-12-03 14:40:00+00:00,47205,4229.191,tp,49.20000000000073,0.0,0.0,49.20000000000073,1.4057142857143066,-2.5479999999997744,10.283000000000357,-0.3639999999999678,1.469000000000051,1,300.0,0.16,7.435071428571258,11.069544758287822,overlap,Wed,14,False
899,XAUUSDm,long,2025-12-03 14:55:00+00:00,47208,4209.206999999999,0.05,4202.207,4219.207,7.0,close_below_lower,0.47108330518521235,2025-12-03 15:05:00+00:00,47210,4219.207,tp,50.00000000000455,0.0,0.0,50.00000000000455,1.4285714285715585,-4.0549999999993815,7.056000000000495,-0.5792857142856259,1.0080000000000706,2,600.0,0.16,9.16249999999978,11.236912012703,overlap,Wed,14,False
900,XAUUSDm,long,2025-12-03 16:55:00+00:00,47232,4207.095,0.05,4200.095,4217.095,7.0,close_below_lower,0.010028886169542593,2025-12-03 17:40:00+00:00,47241,4213.598,signal,32.51499999999851,0.0,0.0,32.51499999999851,0.9289999999999574,-11.337000000000444,8.407999999999447,-1.619571428571492,1.2011428571427782,9,2700.0,0.16,5.828500000000206,11.577081574065755,newyork,Wed,16,False
901,XAUUSDm,long,2025-12-04 05:50:00+00:00,47375,4180.485,0.05,4173.485,4190.485,7.0,close_below_lower,0.07064216189995981,2025-12-04 06:35:00+00:00,47384,4186.356,signal,29.355000000000473,0.0,0.0,29.355000000000473,0.8387142857142992,-5.65099999999984,6.300000000000182,-0.8072857142856914,0.900000000000026,9,2700.0,0.16,3.928857142857201,10.946284826471267,asian,Thu,5,False
902,XAUUSDm,short,2025-12-04 14:10:00+00:00,47475,4205.735,0.05,4212.735,4195.735,7.0,close_above_upper,0.24048808945662098,2025-12-04 14:30:00+00:00,47479,4212.8949999999995,sl,-35.79999999999927,0.0,0.0,-35.79999999999927,-1.022857142857122,-4.538000000000466,3.1729999999997744,-0.6482857142857809,0.45328571428568204,4,1200.0,0.16,5.236499999999784,8.901144791475861,overlap,Thu,14,False
903,XAUUSDm,short,2025-12-05 13:40:00+00:00,47745,4236.02,0.05,4243.02,4226.02,7.0,close_above_upper,0.0047171114093446905,2025-12-05 14:30:00+00:00,47755,4231.99,signal,20.150000000003274,0.0,0.0,20.150000000003274,0.5757142857143792,-3.5369999999993524,6.080000000000837,-0.5052857142856217,0.8685714285715481,10,3000.0,0.16,4.073499999999902,7.389412494408738,overlap,Fri,13,False
904,XAUUSDm,short,2025-12-05 14:50:00+00:00,47759,4242.457,0.05,4249.457,4232.457,7.0,close_above_upper,0.0677804582814595,2025-12-05 15:30:00+00:00,47767,4249.617,sl,-35.79999999999927,0.0,0.0,-35.79999999999927,-1.022857142857122,-6.658999999999651,8.283000000000357,-0.9512857142856644,1.1832857142857651,8,2400.0,0.16,4.635499999999995,7.314056617711072,overlap,Fri,14,False
905,XAUUSDm,short,2025-12-05 15:35:00+00:00,47768,4252.403,0.05,4259.403,4242.403,7.0,close_above_upper,0.4531498371234076,2025-12-05 15:50:00+00:00,47771,4242.563,tp,49.20000000000073,0.0,0.0,49.20000000000073,1.4057142857143066,-6.836999999999534,5.382999999999811,-0.9767142857142191,0.7689999999999729,3,900.0,0.16,5.513999999999994,7.442935691310487,overlap,Fri,15,False
906,XAUUSDm,long,2025-12-05 16:10:00+00:00,47775,4226.413,0.05,4219.413,4236.413,7.0,close_below_lower,1.2980235543520346,2025-12-05 16:15:00+00:00,47776,4203.483,sl,-114.64999999999691,0.0,0.0,-114.64999999999691,-3.2757142857141974,-23.445999999999913,0.7660000000005311,-3.3494285714285588,0.1094285714286473,1,300.0,0.16,6.978642857142859,7.664081550994023,newyork,Fri,16,False
907,XAUUSDm,long,2025-12-05 16:20:00+00:00,47777,4205.074,0.05,4198.074,4215.074,7.0,close_below_lower,2.889029447627697,2025-12-05 16:25:00+00:00,47778,4215.074,tp,50.0,0.0,0.0,50.0,1.4285714285714286,-6.4229999999997744,6.720000000000255,-0.9175714285713964,0.9600000000000364,1,300.0,0.16,8.35107142857149,8.064404435151344,newyork,Fri,16,False
908,XAUUSDm,long,2025-12-05 16:30:00+00:00,47779,4216.681,0.05,4209.681,4226.681,7.0,close_below_lower,0.6903977454551008,2025-12-05 16:40:00+00:00,47781,4209.681,sl,-35.0,0.0,0.0,-35.0,-1.0,-8.931999999999789,0.43700000000080763,-1.2759999999999698,0.062428571428686803,2,600.0,0.16,9.47092857142856,8.276974516481094,newyork,Fri,16,False
909,XAUUSDm,long,2025-12-05 16:45:00+00:00,47782,4211.059,0.05,4204.059,4221.059,7.0,close_below_lower,0.4583433684294399,2025-12-05 17:20:00+00:00,47789,4217.02,signal,29.8050000000012,0.0,0.0,29.8050000000012,0.8515714285714628,-3.518000000000029,7.318999999999505,-0.5025714285714328,1.045571428571358,7,2100.0,0.16,9.52564285714295,8.493320796491407,newyork,Fri,16,False
910,XAUUSDm,long,2025-12-08 15:05:00+00:00,48034,4188.826,0.05,4181.826,4198.826,7.0,close_below_lower,0.7058288244052785,2025-12-08 15:10:00+00:00,48035,4180.366,sl,-42.30000000000018,0.0,0.0,-42.30000000000018,-1.2085714285714337,-11.69800000000032,0.0,-1.6711428571429028,0.0,1,300.0,0.16,6.22135714285722,8.078547311894082,overlap,Mon,15,False
911,XAUUSDm,long,2025-12-08 15:15:00+00:00,48036,4178.467,0.05,4171.467,4188.467,7.0,close_below_lower,1.36090929040095,2025-12-08 15:20:00+00:00,48037,4188.467,tp,50.0,0.0,0.0,50.0,1.4285714285714286,-2.3299999999999272,9.303000000000793,-0.33285714285713247,1.3290000000001132,1,300.0,0.16,6.762142857142862,8.229104529179997,overlap,Mon,15,False
912,XAUUSDm,long,2025-12-08 16:05:00+00:00,48046,4179.48,0.05,4172.48,4189.48,7.0,close_below_lower,0.018533468168076574,2025-12-08 16:15:00+00:00,48048,4189.48,tp,50.0,0.0,0.0,50.0,1.4285714285714286,-2.3619999999991705,4.426000000000386,-0.33742857142845295,0.6322857142857694,2,600.0,0.16,7.073500000000162,8.410991033542578,newyork,Mon,16,False
913,XAUUSDm,short,2025-12-09 09:05:00+00:00,48238,4198.108,0.05,4205.108,4188.108,7.0,close_above_upper,0.06836542659250333,2025-12-09 09:15:00+00:00,48240,4205.268,sl,-35.79999999999927,0.0,0.0,-35.79999999999927,-1.022857142857122,-7.75,0.38700000000062573,-1.1071428571428572,0.05528571428580368,2,600.0,0.16,3.08007142857137,8.861795734389535,london,Tue,9,False
914,XAUUSDm,short,2025-12-09 09:20:00+00:00,48241,4208.585,0.05,4215.585,4198.585,7.0,close_above_upper,0.6342088236954444,2025-12-09 10:40:00+00:00,48257,4202.678,signal,29.535000000000764,0.0,0.0,29.535000000000764,0.8438571428571647,-4.55199999999968,7.949999999999818,-0.6502857142856685,1.1357142857142597,16,4800.0,0.16,3.66092857142855,9.07245529492599,london,Tue,9,False
915,XAUUSDm,long,2025-12-09 14:15:00+00:00,48300,4192.224999999999,0.05,4185.225,4202.225,7.0,close_below_lower,0.05728242253171841,2025-12-09 14:30:00+00:00,48303,4202.225,tp,50.00000000000455,0.0,0.0,50.00000000000455,1.4285714285715585,-2.7969999999995707,2.2830000000003565,-0.39957142857136724,0.3261428571429081,3,900.0,0.16,4.621857142857152,7.702566546343828,overlap,Tue,14,False
916,XAUUSDm,short,2025-12-09 14:55:00+00:00,48308,4207.855,0.05,4214.855,4197.855,7.0,close_above_upper,0.05010846588583948,2025-12-09 15:00:00+00:00,48309,4198.014999999999,tp,49.20000000000073,0.0,0.0,49.20000000000073,1.4057142857143066,-0.3400000000001455,5.665999999999258,-0.04857142857144936,0.8094285714284654,1,300.0,0.16,5.480285714285726,7.87335420037383,overlap,Tue,14,False
917,XAUUSDm,short,2025-12-09 16:00:00+00:00,48321,4212.528,0.05,4219.528,4202.528,7.0,close_above_upper,0.14573562415998134,2025-12-09 16:10:00+00:00,48323,4219.688,sl,-35.79999999999927,0.0,0.0,-35.79999999999927,-1.022857142857122,-5.481999999999971,2.386000000000422,-0.783142857142853,0.34085714285720314,2,600.0,0.16,6.2080714285713965,7.9231206083589605,newyork,Tue,16,False
918,XAUUSDm,short,2025-12-09 16:15:00+00:00,48324,4218.463,0.05,4225.463,4208.463,7.0,close_above_upper,0.35568448749848375,2025-12-09 17:00:00+00:00,48333,4212.538,signal,29.62500000000091,0.0,0.0,29.62500000000091,0.8464285714285974,-3.063000000000102,8.271999999999935,-0.4375714285714431,1.1817142857142764,9,2700.0,0.16,6.239285714285676,8.063950827317537,newyork,Tue,16,False
919,XAUUSDm,short,2025-12-10 19:05:00+00:00,48634,4206.169,0.05,4213.169,4196.169,7.0,close_above_upper,0.26818321544677065,2025-12-10 19:10:00+00:00,48635,4215.941,sl,-48.85999999999967,0.0,0.0,-48.85999999999967,-1.3959999999999906,-12.971999999999753,2.7219999999997526,-1.853142857142822,0.38885714285710754,1,300.0,0.16,3.672857142857148,7.21012740981589,newyork,Wed,19,False
920,XAUUSDm,short,2025-12-10 19:15:00+00:00,48636,4212.279,0.05,4219.279,4202.279,7.0,close_above_upper,0.6255307961317809,2025-12-10 19:25:00+00:00,48638,4202.439,tp,49.20000000000073,0.0,0.0,49.20000000000073,1.4057142857143066,-4.448999999999614,7.264000000000124,-0.6355714285713735,1.0377142857143034,2,600.0,0.16,5.355714285714124,7.372260882505418,newyork,Wed,19,False
921,XAUUSDm,long,2025-12-10 19:45:00+00:00,48642,4187.656,0.05,4180.656,4197.656,7.0,close_below_lower,0.9781500827366779,2025-12-10 19:50:00+00:00,48643,4197.656,tp,50.0,0.0,0.0,50.0,1.4285714285714286,-1.2359999999998763,7.524000000000342,-0.1765714285714109,1.0748571428571918,1,300.0,0.16,11.070214285714233,7.572051262263868,newyork,Wed,19,False
922,XAUUSDm,short,2025-12-10 20:00:00+00:00,48645,4216.346,0.05,4223.346,4206.346,7.0,close_above_upper,0.7244060498404237,2025-12-10 20:05:00+00:00,48646,4223.934,sl,-37.94000000000324,0.0,0.0,-37.94000000000324,-1.0840000000000924,-8.726000000000568,5.357999999999265,-1.2465714285715097,0.7654285714284664,1,300.0,0.16,13.4157142857142,7.686047029619778,newyork,Wed,20,False
923,XAUUSDm,short,2025-12-10 20:10:00+00:00,48647,4227.746,0.05,4234.746,4217.746,7.0,close_above_upper,1.5605549821585087,2025-12-10 20:15:00+00:00,48648,4235.089,sl,-36.714999999999236,0.0,0.0,-36.714999999999236,-1.0489999999999782,-8.059000000000196,4.292000000000371,-1.1512857142857424,0.6131428571429102,1,300.0,0.16,14.679928571428523,7.9129565653215135,newyork,Wed,20,False
924,XAUUSDm,short,2025-12-10 20:20:00+00:00,48649,4233.843,0.05,4240.843,4223.843,7.0,close_above_upper,1.5288990342498545,2025-12-10 21:05:00+00:00,48658,4224.003,tp,49.20000000000073,0.0,0.0,49.20000000000073,1.4057142857143066,-4.329999999999927,7.41399999999976,-0.6185714285714182,1.0591428571428227,9,2700.0,0.16,13.501428571428603,8.166638480416866,newyork,Wed,20,False
925,XAUUSDm,short,2025-12-11 00:15:00+00:00,48684,4242.942,0.05,4249.942,4232.942,7.0,close_above_upper,0.30405716431605656,2025-12-11 00:55:00+00:00,48692,4238.340999999999,signal,23.005000000002838,0.0,0.0,23.005000000002838,0.6572857142857954,-2.2030000000004293,5.457999999999629,-0.31471428571434706,0.7797142857142327,8,2400.0,0.16,3.0776428571428887,8.593286111211386,asian,Thu,0,False
926,XAUUSDm,long,2025-12-11 02:40:00+00:00,48713,4223.433,0.05,4216.433,4233.433,7.0,close_below_lower,0.20757998018952858,2025-12-11 03:05:00+00:00,48718,4216.433,sl,-35.0,0.0,0.0,-35.0,-1.0,-3.0100000000002183,4.890999999999622,-0.4300000000000312,0.6987142857142317,5,1500.0,0.16,3.5203571428570677,8.563482560161216,asian,Thu,2,False
927,XAUUSDm,long,2025-12-11 03:10:00+00:00,48719,4213.753,0.05,4206.753,4223.753,7.0,close_below_lower,0.5178307843073586,2025-12-11 03:50:00+00:00,48727,4218.033,signal,21.400000000003274,0.0,0.0,21.400000000003274,0.611428571428665,-4.364999999999782,4.805000000000291,-0.6235714285713974,0.686428571428613,8,2400.0,0.16,4.424428571428637,8.738990348239065,asian,Thu,3,False
928,XAUUSDm,short,2025-12-11 14:15:00+00:00,48852,4227.236,0.05,4234.236,4217.236,7.0,close_above_upper,0.04369959597160413,2025-12-11 14:30:00+00:00,48855,4234.396,sl,-35.79999999999927,0.0,0.0,-35.79999999999927,-1.022857142857122,-4.720000000000255,3.8530000000000655,-0.6742857142857507,0.5504285714285808,3,900.0,0.16,5.152285714285687,7.955471499094772,overlap,Thu,14,False
929,XAUUSDm,short,2025-12-11 14:35:00+00:00,48856,4235.805,0.05,4242.805,4225.805,7.0,close_above_upper,0.4644049996358568,2025-12-11 14:40:00+00:00,48857,4242.965,sl,-35.79999999999927,0.0,0.0,-35.79999999999927,-1.022857142857122,-7.664999999999964,0.48700000000008004,-1.0949999999999949,0.06957142857144001,1,300.0,0.16,5.416357142857123,8.147435849019136,overlap,Thu,14,False
930,XAUUSDm,short,2025-12-11 14:45:00+00:00,48858,4243.712,0.05,4250.712,4233.712,7.0,close_above_upper,0.8998698158788676,2025-12-11 14:50:00+00:00,48859,4232.701,tp,55.05500000000211,0.0,0.0,55.05500000000211,1.5730000000000603,-0.7579999999998108,11.619000000000597,-0.10828571428568726,1.6598571428572282,1,300.0,0.16,5.703214285714239,8.284272884493575,overlap,Thu,14,False
931,XAUUSDm,short,2025-12-11 15:35:00+00:00,48868,4244.826,0.05,4251.826,4234.826,7.0,close_above_upper,0.015747481827984782,2025-12-11 15:40:00+00:00,48869,4251.986,sl,-35.79999999999927,0.0,0.0,-35.79999999999927,-1.022857142857122,-0.23400000000037835,2.6890000000003056,-0.03342857142862548,0.3841428571429008,1,300.0,0.16,6.405499999999977,8.430836884460705,overlap,Thu,15,False
932,XAUUSDm,short,2025-12-11 15:45:00+00:00,48870,4254.548,0.05,4261.548,4244.548,7.0,close_above_upper,0.8000454748233167,2025-12-11 16:20:00+00:00,48877,4261.708,sl,-35.79999999999927,0.0,0.0,-35.79999999999927,-1.022857142857122,-6.992000000000189,4.4539999999997235,-0.9988571428571699,0.6362857142856748,7,2100.0,0.16,6.819428571428554,8.53359570882473,overlap,Thu,15,False
933,XAUUSDm,short,2025-12-11 16:50:00+00:00,48883,4274.163,0.05,4281.163,4264.163,7.0,close_above_upper,0.7930378551179887,2025-12-11 17:15:00+00:00,48888,4281.322999999999,sl,-35.79999999999927,0.0,0.0,-35.79999999999927,-1.022857142857122,-6.914000000000669,2.980999999999767,-0.9877142857143814,0.42585714285710957,5,1500.0,0.16,6.546785714285761,9.127583340772555,newyork,Thu,16,False
934,XAUUSDm,short,2025-12-11 17:20:00+00:00,48889,4279.631,0.05,4286.631,4269.631,7.0,close_above_upper,0.12393417556981891,2025-12-11 18:35:00+00:00,48904,4278.372,signal,6.295000000000073,0.0,0.0,6.295000000000073,0.17985714285714494,-6.32799999999952,7.527000000000044,-0.9039999999999314,1.0752857142857206,15,4500.0,0.16,5.901714285714401,9.524599724059104,newyork,Thu,17,False
935,XAUUSDm,long,2025-12-11 19:00:00+00:00,48909,4268.293,0.05,4261.293,4278.293,7.0,close_below_lower,0.1418768731919717,2025-12-11 19:40:00+00:00,48917,4276.62,signal,41.63500000000113,0.0,0.0,41.63500000000113,1.1895714285714607,-5.347999999999956,9.434000000000196,-0.7639999999999938,1.3477142857143138,8,2400.0,0.16,4.37557142857148,9.845530565454382,newyork,Thu,19,False
936,XAUUSDm,short,2025-12-12 08:45:00+00:00,49062,4303.857,0.05,4310.857,4293.857,7.0,close_above_upper,0.005335545620853898,2025-12-12 09:00:00+00:00,49065,4311.017,sl,-35.79999999999927,0.0,0.0,-35.79999999999927,-1.022857142857122,-5.694999999999709,2.4200000000000728,-0.813571428571387,0.34571428571429613,3,900.0,0.16,3.4427142857143087,10.70053513746308,london,Fri,8,False
937,XAUUSDm,short,2025-12-12 09:05:00+00:00,49066,4312.871,0.05,4319.871,4302.871,7.0,close_above_upper,0.20913420032552432,2025-12-12 09:55:00+00:00,49076,4320.031,sl,-35.79999999999927,0.0,0.0,-35.79999999999927,-1.022857142857122,-5.943000000000211,5.635000000000218,-0.8490000000000302,0.8050000000000311,10,3000.0,0.16,3.721142857142955,10.954376284331184,london,Fri,9,False
938,XAUUSDm,long,2025-12-12 15:20:00+00:00,49141,4326.766,0.05,4319.766,4336.766,7.0,close_below_lower,0.258825643807623,2025-12-12 15:25:00+00:00,49142,4309.634,sl,-85.65999999999804,0.0,0.0,-85.65999999999804,-2.447428571428515,-19.10399999999936,1.3240000000005239,-2.7291428571427656,0.18914285714293197,1,300.0,0.16,7.9075714285715675,11.662291242450708,overlap,Fri,15,False
939,XAUUSDm,long,2025-12-12 15:30:00+00:00,49143,4301.144,0.05,4294.144,4311.144,7.0,close_below_lower,1.8071047768327198,2025-12-12 15:35:00+00:00,49144,4311.144,tp,50.0,0.0,0.0,50.0,1.4285714285714286,-5.918999999999869,13.13799999999992,-0.8455714285714099,1.8768571428571315,1,300.0,0.16,10.051642857142983,11.884783280700658,overlap,Fri,15,False
940,XAUUSDm,long,2025-12-12 15:40:00+00:00,49145,4315.755,0.05,4308.755,4325.755,7.0,close_below_lower,0.0934405770036942,2025-12-12 15:50:00+00:00,49147,4308.755,sl,-35.0,0.0,0.0,-35.0,-1.0,-6.9409999999998035,6.153999999999542,-0.9915714285714005,0.8791428571427916,2,600.0,0.16,11.886571428571576,12.023994034689455,overlap,Fri,15,False
941,XAUUSDm,long,2025-12-12 15:55:00+00:00,49148,4300.5109999999995,0.05,4293.511,4310.511,7.0,close_below_lower,0.8210464469262306,2025-12-12 16:00:00+00:00,49149,4290.406,sl,-50.52499999999782,0.0,0.0,-50.52499999999782,-1.443571428571366,-17.428999999999178,0.0,-2.4898571428570255,0.0,1,300.0,0.16,12.481857142857084,11.87829802135732,overlap,Fri,15,False
942,XAUUSDm,long,2025-12-12 16:05:00+00:00,49150,4277.331999999999,0.05,4270.332,4287.332,7.0,close_below_lower,1.9923591098648383,2025-12-12 16:10:00+00:00,49151,4287.332,tp,50.00000000000455,0.0,0.0,50.00000000000455,1.4285714285715585,-3.901999999999134,8.530000000000655,-0.5574285714284477,1.2185714285715221,1,300.0,0.16,13.985571428571282,12.054624715336983,newyork,Fri,16,False
943,XAUUSDm,long,2025-12-12 16:15:00+00:00,49152,4286.452,0.05,4279.452,4296.452,7.0,close_below_lower,0.5571096390017578,2025-12-12 16:20:00+00:00,49153,4279.452,sl,-35.0,0.0,0.0,-35.0,-1.0,-6.221000000000458,3.11200000000008,-0.8887142857143512,0.44457142857144,1,300.0,0.16,14.794928571428434,12.188759982691309,newyork,Fri,16,False
944,XAUUSDm,long,2025-12-12 16:25:00+00:00,49154,4282.795,0.05,4275.795,4292.795,7.0,close_below_lower,0.32168322210332423,2025-12-12 16:35:00+00:00,49156,4275.795,sl,-35.0,0.0,0.0,-35.0,-1.0,-4.997000000000298,10.208999999999833,-0.7138571428571855,1.4584285714285474,2,600.0,0.16,15.469499999999893,12.288080355436549,newyork,Fri,16,False
945,XAUUSDm,long,2025-12-12 16:40:00+00:00,49157,4266.58,0.05,4259.58,4276.58,7.0,close_below_lower,0.9312356839434188,2025-12-12 16:45:00+00:00,49158,4276.58,tp,50.0,0.0,0.0,50.0,1.4285714285714286,-9.622000000000298,7.480000000000473,-1.3745714285714712,1.0685714285714962,1,300.0,0.16,14.310857142857069,12.458343141099055,newyork,Fri,16,False
946,XAUUSDm,long,2025-12-15 16:05:00+00:00,49426,4307.723,0.05,4300.723,4317.723,7.0,close_below_lower,0.04536991208338369,2025-12-15 16:15:00+00:00,49428,4300.723,sl,-35.0,0.0,0.0,-35.0,-1.0,-6.864999999999782,0.975999999999658,-0.9807142857142546,0.13942857142852258,2,600.0,0.16,8.632428571428461,11.902603939844008,newyork,Mon,16,False
947,XAUUSDm,long,2025-12-15 16:25:00+00:00,49430,4295.422,0.05,4288.422,4305.422,7.0,close_below_lower,0.46888009401642466,2025-12-15 16:35:00+00:00,49432,4288.422,sl,-35.0,0.0,0.0,-35.0,-1.0,-4.8149999999996,5.394000000000233,-0.6878571428570857,0.7705714285714619,2,600.0,0.16,8.546999999999896,12.178175876127078,newyork,Mon,16,False
948,XAUUSDm,long,2025-12-15 16:40:00+00:00,49433,4293.348,0.05,4286.348,4303.348,7.0,close_below_lower,0.07742950828466241,2025-12-15 17:25:00+00:00,49442,4303.348,tp,50.0,0.0,0.0,50.0,1.4285714285714286,-3.8079999999999927,6.747000000000298,-0.5439999999999989,0.9638571428571855,9,2700.0,0.16,7.84328571428562,12.41021731044733,newyork,Mon,16,False
949,XAUUSDm,long,2025-12-16 02:55:00+00:00,49544,4293.584,0.05,4286.584,4303.584,7.0,close_below_lower,0.14965731952008338,2025-12-16 03:10:00+00:00,49547,4286.584,sl,-35.0,0.0,0.0,-35.0,-1.0,-7.123999999999796,1.7390000000004875,-1.0177142857142567,0.24842857142864108,3,900.0,0.16,4.565999999999868,12.509844985352931,asian,Tue,2,False
950,XAUUSDm,long,2025-12-16 03:15:00+00:00,49548,4282.4619999999995,0.05,4275.462,4292.462,7.0,close_below_lower,0.39722928109427397,2025-12-16 03:55:00+00:00,49556,4290.122,signal,38.30000000000382,0.0,0.0,38.30000000000382,1.0942857142858233,-1.8909999999996217,8.684000000000196,-0.2701428571428031,1.2405714285714566,8,2400.0,0.16,5.457214285714339,12.779492346091926,asian,Tue,3,False
951,XAUUSDm,short,2025-12-16 12:20:00+00:00,49657,4290.622,0.05,4297.622,4280.622,7.0,close_above_upper,0.04628424933632651,2025-12-16 13:05:00+00:00,49666,4297.782,sl,-35.79999999999927,0.0,0.0,-35.79999999999927,-1.022857142857122,-4.632999999999811,2.9000000000005457,-0.6618571428571158,0.41428571428579225,9,2700.0,0.16,3.108071428571488,9.777646168618451,overlap,Tue,12,False
952,XAUUSDm,short,2025-12-16 13:35:00+00:00,49672,4307.431,0.05,4314.431,4297.431,7.0,close_above_upper,0.20035526799919934,2025-12-16 14:00:00+00:00,49677,4314.590999999999,sl,-35.79999999999927,0.0,0.0,-35.79999999999927,-1.022857142857122,-5.918000000000575,7.851999999999862,-0.8454285714286536,1.121714285714266,5,1500.0,0.16,3.9525714285715106,9.663313314656277,overlap,Tue,13,False
953,XAUUSDm,short,2025-12-16 14:05:00+00:00,49678,4315.619,0.05,4322.619,4305.619,7.0,close_above_upper,0.2523650300354622,2025-12-16 14:15:00+00:00,49680,4322.7789999999995,sl,-35.79999999999927,0.0,0.0,-35.79999999999927,-1.022857142857122,-4.7590000000000146,0.7509999999992942,-0.6798571428571449,0.10728571428561347,2,600.0,0.16,5.680142857142918,9.685428349572081,overlap,Tue,14,False
954,XAUUSDm,short,2025-12-16 14:20:00+00:00,49681,4326.935,0.05,4333.935,4316.935,7.0,close_above_upper,0.7849879266188441,2025-12-16 15:05:00+00:00,49690,4334.095,sl,-35.79999999999927,0.0,0.0,-35.79999999999927,-1.022857142857122,-5.3729999999995925,5.993000000000393,-0.7675714285713704,0.8561428571429133,9,2700.0,0.16,6.127428571428546,9.87973152035804,overlap,Tue,14,False
955,XAUUSDm,long,2025-12-16 16:20:00+00:00,49705,4306.255999999999,0.05,4299.256,4316.256,7.0,close_below_lower,0.38839339990550326,2025-12-16 16:35:00+00:00,49708,4299.256,sl,-34.99999999999545,0.0,0.0,-34.99999999999545,-0.9999999999998701,-6.7479999999995925,6.519000000000233,-0.9639999999999418,0.9312857142857476,3,900.0,0.16,7.60321428571433,10.483433864856313,newyork,Tue,16,False
956,XAUUSDm,long,2025-12-16 16:40:00+00:00,49709,4296.095,0.05,4289.095,4306.095,7.0,close_below_lower,0.6304619298664347,2025-12-16 17:00:00+00:00,49713,4306.095,tp,50.0,0.0,0.0,50.0,1.4285714285714286,-5.097999999999956,6.862999999999374,-0.7282857142857081,0.980428571428482,4,1200.0,0.16,6.926428571428589,10.756523060017072,newyork,Tue,16,False
957,XAUUSDm,short,2025-12-17 13:40:00+00:00,49949,4335.724,0.05,4342.724,4325.724,7.0,close_above_upper,0.07651387946363084,2025-12-17 13:55:00+00:00,49952,4342.884,sl,-35.79999999999927,0.0,0.0,-35.79999999999927,-1.022857142857122,-5.8149999999996,2.668999999999869,-0.8307142857142286,0.3812857142856956,3,900.0,0.16,4.100500000000076,9.922896403867608,overlap,Wed,13,False
958,XAUUSDm,short,2025-12-17 14:00:00+00:00,49953,4342.005,0.05,4349.005,4332.005,7.0,close_above_upper,0.09993573289438905,2025-12-17 14:10:00+00:00,49955,4332.165,tp,49.20000000000073,0.0,0.0,49.20000000000073,1.4057142857143066,-4.1030000000000655,0.14199999999982538,-0.5861428571428665,0.02028571428568934,2,600.0,0.16,5.25171428571431,10.118656251452906,overlap,Wed,14,False
959,XAUUSDm,short,2025-12-18 13:40:00+00:00,50224,4333.575,0.05,4340.575,4323.575,7.0,close_above_upper,0.3414011486387012,2025-12-18 13:50:00+00:00,50226,4340.735,sl,-35.79999999999927,0.0,0.0,-35.79999999999927,-1.022857142857122,-6.530999999999949,0.46299999999973807,-0.9329999999999927,0.06614285714281973,2,600.0,0.16,4.565642857142848,8.086391978585088,overlap,Thu,13,False
960,XAUUSDm,short,2025-12-18 13:55:00+00:00,50227,4341.45,0.05,4348.45,4331.45,7.0,close_above_upper,0.6422778342073827,2025-12-18 14:30:00+00:00,50234,4332.9349999999995,signal,42.57500000000164,0.0,0.0,42.57500000000164,1.2164285714286183,-0.25200000000040745,8.942000000000007,-0.03600000000005821,1.2774285714285725,7,2100.0,0.16,5.1468571428571135,8.312263351319064,overlap,Thu,13,False
961,XAUUSDm,long,2025-12-18 14:45:00+00:00,50237,4314.388,0.05,4307.388,4324.388,7.0,close_below_lower,1.147640009899024,2025-12-18 14:50:00+00:00,50238,4324.388,tp,50.0,0.0,0.0,50.0,1.4285714285714286,-5.733999999999469,4.1909999999998035,-0.8191428571427812,0.5987142857142577,1,300.0,0.16,6.900642857142884,8.434832522268373,overlap,Thu,14,False
962,XAUUSDm,short,2025-12-18 15:40:00+00:00,50248,4340.638,0.05,4347.638,4330.638,7.0,close_above_upper,0.04526547751578732,2025-12-18 16:10:00+00:00,50254,4347.798,sl,-35.79999999999927,0.0,0.0,-35.79999999999927,-1.022857142857122,-6.221000000000458,6.185999999999694,-0.8887142857143512,0.883714285714242,6,1800.0,0.16,8.277285714285686,8.641460457204765,overlap,Thu,15,False
963,XAUUSDm,short,2025-12-18 16:15:00+00:00,50255,4362.354,0.05,4369.354,4352.354,7.0,close_above_upper,1.5300365122442452,2025-12-18 16:20:00+00:00,50256,4372.503,sl,-50.74499999999716,0.0,0.0,-50.74499999999716,-1.4498571428570617,-11.125999999999294,0.15599999999994907,-1.5894285714284706,0.02228571428570701,1,300.0,0.16,6.756214285714187,8.927888179679211,newyork,Thu,16,False
964,XAUUSDm,short,2025-12-18 16:25:00+00:00,50257,4368.077,0.05,4375.077,4358.077,7.0,close_above_upper,1.3459043829373218,2025-12-18 16:55:00+00:00,50263,4358.237,tp,49.20000000000073,0.0,0.0,49.20000000000073,1.4057142857143066,-5.957999999999629,9.155000000000655,-0.8511428571428041,1.3078571428572363,6,1800.0,0.16,7.240928571428477,9.212461096864383,newyork,Thu,16,False
965,XAUUSDm,long,2025-12-18 17:10:00+00:00,50266,4329.722,0.05,4322.722,4339.722,7.0,close_below_lower,1.9342467244339303,2025-12-18 17:15:00+00:00,50267,4322.722,sl,-35.0,0.0,0.0,-35.0,-1.0,-7.175000000000182,3.0780000000004293,-1.025000000000026,0.43971428571434706,1,300.0,0.16,9.296071428571524,9.580599457871582,newyork,Thu,17,False
966,XAUUSDm,long,2025-12-18 17:20:00+00:00,50268,4331.557,0.05,4324.557,4341.557,7.0,close_below_lower,1.149422887126995,2025-12-18 17:25:00+00:00,50269,4324.557,sl,-35.0,0.0,0.0,-35.0,-1.0,-6.155999999999949,1.2210000000004584,-0.8794285714285641,0.1744285714286369,1,300.0,0.16,9.949500000000105,9.833660767368622,newyork,Thu,17,False
967,XAUUSDm,long,2025-12-18 17:30:00+00:00,50270,4328.0779999999995,0.05,4321.078,4338.078,7.0,close_below_lower,0.876896222944569,2025-12-18 17:35:00+00:00,50271,4338.078,tp,50.00000000000455,0.0,0.0,50.00000000000455,1.4285714285715585,-2.026999999999134,8.97400000000016,-0.28957142857130486,1.282000000000023,1,300.0,0.16,8.613857142857341,10.078684190014055,newyork,Thu,17,False
968,XAUUSDm,long,2025-12-18 17:55:00+00:00,50275,4326.46,0.05,4319.46,4336.46,7.0,close_below_lower,0.1993799780677121,2025-12-18 18:05:00+00:00,50277,4336.46,tp,50.0,0.0,0.0,50.0,1.4285714285714286,-0.693000000000211,8.33600000000024,-0.09900000000003015,1.1908571428571773,2,600.0,0.16,8.922642857142948,10.290745832663859,newyork,Thu,17,False
969,XAUUSDm,long,2025-12-19 01:30:00+00:00,50354,4313.373,0.05,4306.373,4323.373,7.0,close_below_lower,0.24665199808223037,2025-12-19 01:50:00+00:00,50358,4323.373,tp,50.0,0.0,0.0,50.0,1.4285714285714286,-4.152000000000044,7.7520000000004075,-0.5931428571428634,1.1074285714286296,4,1200.0,0.16,4.233071428571553,9.910502588171198,asian,Fri,1,False
970,XAUUSDm,short,2025-12-19 15:10:00+00:00,50518,4344.173,0.05,4351.173,4334.173,7.0,close_above_upper,0.35429997861469475,2025-12-19 16:00:00+00:00,50528,4351.333,sl,-35.79999999999927,0.0,0.0,-35.79999999999927,-1.022857142857122,-4.905999999999949,8.97899999999936,-0.7008571428571356,1.2827142857141942,10,3000.0,0.16,6.31478571428579,8.389928283717147,overlap,Fri,15,False
971,XAUUSDm,short,2025-12-21 23:50:00+00:00,50610,4355.247,0.05,4362.247,4345.247,7.0,close_above_upper,0.11178888723975475,2025-12-22 00:00:00+00:00,50612,4362.407,sl,-35.79999999999927,0.0,0.0,-35.79999999999927,-1.022857142857122,-1.1939999999995052,2.548000000000684,-0.1705714285713579,0.3640000000000977,2,600.0,0.16,2.5836428571427468,8.713041686804234,rollover,Sun,23,False
972,XAUUSDm,short,2025-12-22 00:05:00+00:00,50613,4362.456,0.05,4369.456,4352.456,7.0,close_above_upper,0.4474921262327001,2025-12-22 01:00:00+00:00,50624,4369.616,sl,-35.79999999999927,0.0,0.0,-35.79999999999927,-1.022857142857122,-3.923999999999978,6.21100000000024,-0.5605714285714255,0.8872857142857485,11,3300.0,0.16,3.439142857142737,8.847598079700436,asian,Mon,0,False
973,XAUUSDm,short,2025-12-22 01:40:00+00:00,50632,4377.76,0.05,4384.76,4367.76,7.0,close_above_upper,0.20443490592396682,2025-12-22 01:55:00+00:00,50635,4384.92,sl,-35.79999999999927,0.0,0.0,-35.79999999999927,-1.022857142857122,-6.618999999999687,0.0,-0.9455714285713839,0.0,3,900.0,0.16,4.825785714285563,9.249996813304021,asian,Mon,1,False
974,XAUUSDm,short,2025-12-22 02:00:00+00:00,50636,4382.903,0.05,4389.903,4372.903,7.0,close_above_upper,0.03780409010019492,2025-12-22 03:00:00+00:00,50648,4390.063,sl,-35.79999999999927,0.0,0.0,-35.79999999999927,-1.022857142857122,-5.819999999999709,4.315000000000509,-0.8314285714285299,0.6164285714286442,12,3600.0,0.16,5.169428571428463,9.511540604770502,asian,Mon,2,False
975,XAUUSDm,short,2025-12-22 07:00:00+00:00,50696,4419.073,0.05,4426.073,4409.073,7.0,close_above_upper,0.20066954789526806,2025-12-22 07:55:00+00:00,50707,4413.965,signal,25.540000000000873,0.0,0.0,25.540000000000873,0.7297142857143106,-1.2739999999994325,8.519000000000233,-0.18199999999991892,1.2170000000000332,11,3300.0,0.16,4.219214285714186,10.232495352375281,london,Mon,7,False
976,XAUUSDm,short,2025-12-22 13:10:00+00:00,50770,4421.582,0.05,4428.582,4411.582,7.0,close_above_upper,0.1111994927434801,2025-12-22 13:25:00+00:00,50773,4414.142,signal,37.20000000000255,0.0,0.0,37.20000000000255,1.0628571428572156,-5.948999999999614,7.949000000000524,-0.8498571428570878,1.1355714285715035,3,900.0,0.16,3.381000000000053,8.051060342247219,overlap,Mon,13,False
977,XAUUSDm,short,2025-12-22 15:50:00+00:00,50802,4430.867,0.05,4437.867,4420.867,7.0,close_above_upper,0.01312223522173682,2025-12-22 16:10:00+00:00,50806,4438.027,sl,-35.79999999999927,0.0,0.0,-35.79999999999927,-1.022857142857122,-6.867999999999483,2.824000000000524,-0.9811428571427834,0.40342857142864624,4,1200.0,0.16,6.314071428571229,8.20006284338863,overlap,Mon,15,False
978,XAUUSDm,short,2025-12-22 16:15:00+00:00,50807,4438.154,0.05,4445.154,4428.154,7.0,close_above_upper,0.22167426511690627,2025-12-22 17:25:00+00:00,50821,4437.388,signal,3.8300000000026557,0.0,0.0,3.8300000000026557,0.1094285714286473,-4.11699999999928,5.007000000000517,-0.5881428571427543,0.7152857142857881,14,4200.0,0.16,5.376857142857067,8.37277187920299,newyork,Mon,16,False
979,XAUUSDm,short,2025-12-22 23:15:00+00:00,50879,4454.954,0.05,4461.954,4444.954,7.0,close_above_upper,0.02064074053234566,2025-12-23 00:00:00+00:00,50888,4462.114,sl,-35.79999999999927,0.0,0.0,-35.79999999999927,-1.022857142857122,-6.79700000000048,2.118999999999687,-0.9710000000000686,0.302714285714241,9,2700.0,0.16,2.7723571428570852,8.36768519070938,rollover,Mon,23,False
980,XAUUSDm,short,2025-12-23 01:05:00+00:00,50901,4478.307,0.05,4485.307,4468.307,7.0,close_above_upper,0.16466538138736883,2025-12-23 01:10:00+00:00,50902,4485.467,sl,-35.79999999999927,0.0,0.0,-35.79999999999927,-1.022857142857122,-3.8479999999999563,0.3530000000000655,-0.5497142857142795,0.05042857142858078,1,300.0,0.16,3.5414999999998145,9.027140462991497,asian,Tue,1,False
981,XAUUSDm,short,2025-12-23 01:15:00+00:00,50903,4485.457,0.05,4492.457,4475.457,7.0,close_above_upper,0.5387936658085265,2025-12-23 01:20:00+00:00,50904,4475.617,tp,49.20000000000073,0.0,0.0,49.20000000000073,1.4057142857143066,-0.38799999999991996,10.246000000000095,-0.055428571428559996,1.4637142857142993,1,300.0,0.16,3.7075714285712302,9.165719063095725,asian,Tue,1,False
982,XAUUSDm,long,2025-12-23 13:55:00+00:00,51055,4479.227,0.05,4472.227,4489.227,7.0,close_below_lower,0.016109308785034165,2025-12-23 14:00:00+00:00,51056,4472.227,sl,-35.0,0.0,0.0,-35.0,-1.0,-5.028000000000247,1.1500000000005457,-0.7182857142857496,0.16428571428579225,1,300.0,0.16,5.617285714285702,9.68912144748955,overlap,Tue,13,False
983,XAUUSDm,long,2025-12-23 14:05:00+00:00,51057,4471.844,0.05,4464.844,4481.844,7.0,close_below_lower,0.4810364076774781,2025-12-23 14:15:00+00:00,51059,4464.844,sl,-35.0,0.0,0.0,-35.0,-1.0,-18.327000000000226,0.02599999999983993,-2.6181428571428893,0.003714285714262847,2,600.0,0.16,6.384214285714344,9.807731342415698,overlap,Tue,14,False
984,XAUUSDm,long,2025-12-23 14:20:00+00:00,51060,4468.201,0.05,4461.201,4478.201,7.0,close_below_lower,0.25880198464666354,2025-12-23 14:30:00+00:00,51062,4461.201,sl,-35.0,0.0,0.0,-35.0,-1.0,-4.921999999999571,4.188000000000102,-0.7031428571427958,0.5982857142857289,2,600.0,0.16,7.368285714285711,10.006240847083355,overlap,Tue,14,False
985,XAUUSDm,long,2025-12-23 14:35:00+00:00,51063,4457.8769999999995,0.05,4450.877,4467.877,7.0,close_below_lower,0.6299243700488273,2025-12-23 14:40:00+00:00,51064,4450.877,sl,-34.99999999999545,0.0,0.0,-34.99999999999545,-0.9999999999998701,-8.789999999999054,3.542000000000371,-1.2557142857141506,0.506000000000053,1,300.0,0.16,8.297428571428489,10.181675208990395,overlap,Tue,14,False
986,XAUUSDm,long,2025-12-23 14:45:00+00:00,51065,4453.09,0.05,4446.09,4463.09,7.0,close_below_lower,0.6321117560317369,2025-12-23 14:55:00+00:00,51067,4446.09,sl,-35.0,0.0,0.0,-35.0,-1.0,-1.8299999999999272,6.376999999999498,-0.261428571428561,0.9109999999999283,2,600.0,0.16,9.24564285714275,10.338628102480108,overlap,Tue,14,False
987,XAUUSDm,long,2025-12-23 15:00:00+00:00,51068,4446.468,0.05,4439.468,4456.468,7.0,close_below_lower,0.5646691109684905,2025-12-23 15:05:00+00:00,51069,4434.204,sl,-61.32000000000062,0.0,0.0,-61.32000000000062,-1.7520000000000178,-15.91399999999976,3.980000000000473,-2.273428571428537,0.5685714285714961,1,300.0,0.16,10.14907142857133,10.556976350890537,overlap,Tue,15,False
988,XAUUSDm,long,2025-12-23 15:10:00+00:00,51070,4443.197999999999,0.05,4436.198,4453.198,7.0,close_below_lower,0.2930387103274307,2025-12-23 15:35:00+00:00,51075,4453.198,tp,50.00000000000455,0.0,0.0,50.00000000000455,1.4285714285715585,-3.771999999999025,8.767000000000735,-0.5388571428570036,1.2524285714286765,5,1500.0,0.16,10.934428571428466,10.773825973976308,overlap,Tue,15,False
989,XAUUSDm,short,2025-12-23 16:55:00+00:00,51091,4475.206,0.05,4482.206,4465.206,7.0,close_above_upper,0.16003311036170023,2025-12-23 17:55:00+00:00,51103,4471.218,signal,19.94000000000142,0.0,0.0,19.94000000000142,0.5697142857143263,-4.610999999999876,5.537000000000262,-0.658714285714268,0.7910000000000375,12,3600.0,0.16,4.66742857142864,11.218454275517491,newyork,Tue,16,False
990,XAUUSDm,short,2025-12-23 19:05:00+00:00,51117,4493.595,0.05,4500.595,4483.595,7.0,close_above_upper,0.3219877270487567,2025-12-23 20:35:00+00:00,51135,4492.090999999999,signal,7.5200000000040745,0.0,0.0,7.5200000000040745,0.21485714285725926,-2.713999999999942,6.132000000000517,-0.3877142857142774,0.8760000000000738,18,5400.0,0.16,4.246285714285867,11.149475818860306,newyork,Tue,19,False
991,XAUUSDm,short,2025-12-23 23:40:00+00:00,51160,4505.222,0.05,4512.222,4495.222,7.0,close_above_upper,0.1113032302336565,2025-12-24 00:05:00+00:00,51165,4512.382,sl,-35.79999999999927,0.0,0.0,-35.79999999999927,-1.022857142857122,-6.717000000000553,5.231999999999971,-0.9595714285715076,0.7474285714285672,5,1500.0,0.16,3.798714285714271,10.757938428706762,rollover,Tue,23,False
992,XAUUSDm,long,2025-12-24 03:00:00+00:00,51200,4477.705,0.05,4470.705,4487.705,7.0,close_below_lower,1.6442085801504653,2025-12-24 03:15:00+00:00,51203,4487.705,tp,50.0,0.0,0.0,50.0,1.4285714285714286,-8.863000000000284,8.34100000000035,-1.2661428571428976,1.1915714285714785,3,900.0,0.16,6.926428571428589,11.41950115571522,asian,Wed,3,False
993,XAUUSDm,long,2025-12-24 14:55:00+00:00,51343,4465.822999999999,0.05,4458.823,4475.823,7.0,close_below_lower,0.30102002578249504,2025-12-24 15:15:00+00:00,51347,4475.823,tp,50.00000000000455,0.0,0.0,50.00000000000455,1.4285714285715585,-5.475999999999658,9.257000000000517,-0.7822857142856654,1.3224285714286452,4,1200.0,0.16,6.735357142857018,11.879093833338894,overlap,Wed,14,False
994,XAUUSDm,long,2025-12-24 15:45:00+00:00,51353,4453.392,0.05,4446.392,4463.392,7.0,close_below_lower,0.2469257409491339,2025-12-24 16:00:00+00:00,51356,4463.392,tp,50.0,0.0,0.0,50.0,1.4285714285714286,-5.097999999999956,7.400000000000546,-0.7282857142857081,1.057142857142935,3,900.0,0.16,10.140142857142953,12.2783837383397,overlap,Wed,15,False
995,XAUUSDm,short,2025-12-24 17:10:00+00:00,51370,4485.778,0.05,4492.778,4475.778,7.0,close_above_upper,0.04114841125521105,2025-12-24 18:10:00+00:00,51382,4477.889999999999,signal,39.44000000000415,0.0,0.0,39.44000000000415,1.1268571428572614,-1.832999999999629,9.641999999999825,-0.26185714285708983,1.3774285714285466,12,3600.0,0.16,4.904214285714196,12.557917476242991,newyork,Wed,17,False
996,XAUUSDm,short,2025-12-25 23:25:00+00:00,51389,4499.268,0.05,4506.268,4489.268,7.0,close_above_upper,0.23945766034374324,2025-12-25 23:35:00+00:00,51391,4489.428,tp,49.20000000000073,0.0,0.0,49.20000000000073,1.4057142857143066,-0.7680000000000291,8.162000000000262,-0.10971428571428987,1.1660000000000375,2,600.0,0.16,3.9257857142857966,12.400540783408232,rollover,Thu,23,False
997,XAUUSDm,short,2025-12-26 00:55:00+00:00,51407,4517.203,0.05,4524.203,4507.203,7.0,close_above_upper,0.010042066921097012,2025-12-26 01:00:00+00:00,51408,4524.363,sl,-35.79999999999927,0.0,0.0,-35.79999999999927,-1.022857142857122,-0.8379999999997381,2.8710000000000946,-0.11971428571424829,0.41014285714287063,1,300.0,0.16,4.290571428571378,12.464082680808378,asian,Fri,0,False
998,XAUUSDm,short,2025-12-26 01:05:00+00:00,51409,4526.316,0.05,4533.316,4516.316,7.0,close_above_upper,0.4143810173021567,2025-12-26 01:10:00+00:00,51410,4516.476,tp,49.20000000000073,0.0,0.0,49.20000000000073,1.4057142857143066,-4.97400000000016,8.126000000000204,-0.7105714285714514,1.160857142857172,1,300.0,0.16,4.721357142857024,12.544522608576138,asian,Fri,1,False
999,XAUUSDm,short,2025-12-26 15:40:00+00:00,51584,4541.268,0.05,4548.268,4531.268,7.0,close_above_upper,0.06505911689848783,2025-12-26 16:00:00+00:00,51588,4548.428,sl,-35.79999999999927,0.0,0.0,-35.79999999999927,-1.022857142857122,-6.391999999999825,6.217999999999847,-0.9131428571428322,0.8882857142856925,4,1200.0,0.16,7.112857142857138,11.843170032221712,overlap,Fri,15,False
1000,XAUUSDm,short,2025-12-26 16:05:00+00:00,51589,4548.777,0.05,4555.777,4538.777,7.0,close_above_upper,0.0068459520458750475,2025-12-26 16:10:00+00:00,51590,4538.937,tp,49.20000000000073,0.0,0.0,49.20000000000073,1.4057142857143066,-1.4470000000001164,2.381999999999607,-0.20671428571430234,0.3402857142856582,1,300.0,0.16,6.083428571428418,11.999752111983618,newyork,Fri,16,False
1001,XAUUSDm,long,2025-12-26 17:30:00+00:00,51606,4518.366,0.05,4511.366,4528.366,7.0,close_below_lower,0.2352572219749645,2025-12-26 17:35:00+00:00,51607,4511.366,sl,-35.0,0.0,0.0,-35.0,-1.0,-8.52599999999984,2.155999999999949,-1.217999999999977,0.3079999999999927,1,300.0,0.16,6.2745714285714325,11.971894467818162,newyork,Fri,17,False
1002,XAUUSDm,long,2025-12-29 00:05:00+00:00,51673,4520.4169999999995,0.05,4513.417,4530.417,7.0,close_below_lower,0.006742106683758338,2025-12-29 00:15:00+00:00,51675,4513.417,sl,-34.99999999999545,0.0,0.0,-34.99999999999545,-0.9999999999998701,-1.043999999999869,6.012000000000626,-0.14914285714283843,0.8588571428572322,2,600.0,0.16,8.184571428571351,11.914855231974155,asian,Mon,0,False
1003,XAUUSDm,long,2025-12-29 00:20:00+00:00,51676,4510.878,0.05,4503.878,4520.878,7.0,close_below_lower,0.43202117235909193,2025-12-29 00:25:00+00:00,51677,4494.048,sl,-84.14999999999964,0.0,0.0,-84.14999999999964,-2.4042857142857037,-16.844999999999345,1.4030000000002474,-2.406428571428478,0.20042857142860676,1,300.0,0.16,8.08771428571429,12.055548143872862,asian,Mon,0,False
1004,XAUUSDm,long,2025-12-29 00:30:00+00:00,51678,4487.343,0.05,4480.343,4497.343,7.0,close_below_lower,1.659279053033332,2025-12-29 00:35:00+00:00,51679,4497.343,tp,50.0,0.0,0.0,50.0,1.4285714285714286,-15.077000000000226,10.020000000000437,-2.153857142857175,1.431428571428634,1,300.0,0.16,8.425714285714223,12.39608187587853,asian,Mon,0,False
1005,XAUUSDm,long,2025-12-29 00:40:00+00:00,51680,4495.834,0.05,4488.834,4505.834,7.0,close_below_lower,0.4646738102190055,2025-12-29 00:45:00+00:00,51681,4505.834,tp,50.0,0.0,0.0,50.0,1.4285714285714286,-9.09099999999944,7.470000000000255,-1.2987142857142058,1.0671428571428936,1,300.0,0.16,10.126928571428575,12.599213106444587,asian,Mon,0,False
1006,XAUUSDm,long,2025-12-29 06:30:00+00:00,51750,4490.94,0.05,4483.94,4500.94,7.0,close_below_lower,0.3504177134864414,2025-12-29 06:45:00+00:00,51753,4483.94,sl,-35.0,0.0,0.0,-35.0,-1.0,-6.2369999999991705,6.892000000000735,-0.8909999999998816,0.9845714285715336,3,900.0,0.16,5.849785714285905,12.347997728918884,asian,Mon,6,False
1007,XAUUSDm,long,2025-12-29 06:50:00+00:00,51754,4484.264,0.05,4477.264,4494.264,7.0,close_below_lower,0.22193767612011925,2025-12-29 06:55:00+00:00,51755,4475.644,sl,-43.099999999999454,0.0,0.0,-43.099999999999454,-1.2314285714285558,-10.458999999999833,0.0,-1.4941428571428332,0.0,1,300.0,0.16,7.261285714285805,12.656195348954409,asian,Mon,6,False
1008,XAUUSDm,long,2025-12-29 07:00:00+00:00,51756,4475.285,0.05,4468.285,4485.285,7.0,close_below_lower,0.4561124595592549,2025-12-29 07:05:00+00:00,51757,4455.872,sl,-97.06499999999778,0.0,0.0,-97.06499999999778,-2.773285714285651,-30.349999999999454,0.0,-4.335714285714208,0.0,1,300.0,0.16,8.010428571428552,12.871950749952187,london,Mon,7,False
1009,XAUUSDm,long,2025-12-29 07:10:00+00:00,51758,4459.782999999999,0.05,4452.783,4469.783,7.0,close_below_lower,0.9706889508208777,2025-12-29 07:15:00+00:00,51759,4473.386,tp,68.01500000000487,0.0,0.0,68.01500000000487,1.9432857142858535,-1.7039999999997235,16.671000000000276,-0.24342857142853194,2.381571428571468,1,300.0,0.16,10.348499999999992,13.183002018396724,london,Mon,7,False
1010,XAUUSDm,long,2025-12-29 08:50:00+00:00,51778,4461.401,0.05,4454.401,4471.401,7.0,close_below_lower,0.053752872954447826,2025-12-29 08:55:00+00:00,51779,4454.401,sl,-35.0,0.0,0.0,-35.0,-1.0,-5.746000000000095,3.3720000000002983,-0.8208571428571564,0.48171428571432834,1,300.0,0.16,7.340285714285593,13.389058204789551,london,Mon,8,False
1011,XAUUSDm,long,2025-12-29 13:45:00+00:00,51837,4429.655,0.05,4422.655,4439.655,7.0,close_below_lower,0.721301747104022,2025-12-29 13:50:00+00:00,51838,4417.005,sl,-63.24999999999818,0.0,0.0,-63.24999999999818,-1.8071428571428052,-14.815999999999804,0.0,-2.1165714285714006,0.0,1,300.0,0.16,7.206000000000001,14.264128527025845,overlap,Mon,13,False
1012,XAUUSDm,long,2025-12-29 13:55:00+00:00,51839,4411.575,0.05,4404.575,4421.575,7.0,close_below_lower,1.3480813065500334,2025-12-29 14:00:00+00:00,51840,4404.575,sl,-35.0,0.0,0.0,-35.0,-1.0,-4.601999999999862,10.476000000000568,-0.6574285714285517,1.4965714285715097,1,300.0,0.16,8.434357142857086,14.65219887463062,overlap,Mon,13,False
1013,XAUUSDm,long,2025-12-29 14:05:00+00:00,51841,4400.184,0.05,4393.184,4410.184,7.0,close_below_lower,1.5189387684262885,2025-12-29 14:10:00+00:00,51842,4391.149,sl,-45.17499999999927,0.0,0.0,-45.17499999999927,-1.2907142857142648,-14.059000000000196,2.938000000000102,-2.0084285714285994,0.41971428571430025,1,300.0,0.16,10.637071428571419,14.915664433581078,overlap,Mon,14,False
1014,XAUUSDm,long,2025-12-29 14:15:00+00:00,51843,4398.805,0.05,4391.805,4408.805,7.0,close_below_lower,0.8873098360992004,2025-12-29 14:20:00+00:00,51844,4391.805,sl,-35.0,0.0,0.0,-35.0,-1.0,-6.920000000000073,6.73700000000008,-0.988571428571439,0.9624285714285828,1,300.0,0.16,12.041857142857225,15.181614865521006,overlap,Mon,14,False
1015,XAUUSDm,long,2025-12-29 14:25:00+00:00,51845,4389.666,0.05,4382.666,4399.666,7.0,close_below_lower,0.8464746447453511,2025-12-29 14:30:00+00:00,51846,4382.666,sl,-35.0,0.0,0.0,-35.0,-1.0,-3.230999999999767,5.9539999999997235,-0.4615714285713953,0.8505714285713891,1,300.0,0.16,12.41707142857149,15.380571224485058,overlap,Mon,14,False
1016,XAUUSDm,long,2025-12-29 14:35:00+00:00,51847,4381.284,0.05,4374.284,4391.284,7.0,close_below_lower,0.7788883649283238,2025-12-29 14:40:00+00:00,51848,4372.043,sl,-46.20499999999993,0.0,0.0,-46.20499999999993,-1.320142857142855,-9.764999999999418,7.3100000000004,-1.3949999999999168,1.0442857142857715,1,300.0,0.16,14.072928571428552,15.660326612516469,overlap,Mon,14,False
1017,XAUUSDm,long,2025-12-29 14:45:00+00:00,51849,4373.646,0.05,4366.646,4383.646,7.0,close_below_lower,0.6299991816851331,2025-12-29 14:55:00+00:00,51851,4366.646,sl,-35.0,0.0,0.0,-35.0,-1.0,-4.974999999999454,11.023000000000138,-0.7107142857142078,1.5747142857143055,2,600.0,0.16,15.503000000000027,15.90483222564778,overlap,Mon,14,False
1018,XAUUSDm,long,2025-12-29 15:00:00+00:00,51852,4360.489,0.05,4353.489,4370.489,7.0,close_below_lower,0.6655888241370058,2025-12-29 15:05:00+00:00,51853,4341.596,sl,-94.46500000000015,0.0,0.0,-94.46500000000015,-2.6990000000000043,-22.016999999999825,0.20600000000013097,-3.145285714285689,0.02942857142859014,1,300.0,0.16,14.832214285714274,16.207294837466165,overlap,Mon,15,False
1019,XAUUSDm,long,2025-12-29 15:10:00+00:00,51854,4344.001,0.05,4337.001,4354.001,7.0,close_below_lower,0.9814753101485115,2025-12-29 15:15:00+00:00,51855,4337.001,sl,-35.0,0.0,0.0,-35.0,-1.0,-10.605000000000473,1.587999999999738,-1.5150000000000676,0.22685714285710543,1,300.0,0.16,15.776071428571413,16.48615969033928,overlap,Mon,15,False
1020,XAUUSDm,long,2025-12-29 15:20:00+00:00,51856,4332.299,0.05,4325.299,4342.299,7.0,close_below_lower,1.045130919238895,2025-12-29 15:25:00+00:00,51857,4315.872,sl,-82.1349999999984,0.0,0.0,-82.1349999999984,-2.34671428571424,-30.162000000000262,1.293999999999869,-4.30885714285718,0.18485714285712415,1,300.0,0.16,14.831357142857087,16.77417410459548,overlap,Mon,15,False
1021,XAUUSDm,long,2025-12-29 15:30:00+00:00,51858,4319.907,0.05,4312.907,4329.907,7.0,close_below_lower,1.0085498286979306,2025-12-29 15:35:00+00:00,51859,4329.907,tp,50.0,0.0,0.0,50.0,1.4285714285714286,-3.369999999999891,8.793999999999869,-0.48142857142855583,1.2562857142856956,1,300.0,0.16,16.213142857142753,17.192137828116813,overlap,Mon,15,False
1022,XAUUSDm,long,2025-12-29 15:40:00+00:00,51860,4327.902,0.05,4320.902,4337.902,7.0,close_below_lower,0.06481229543701049,2025-12-29 15:45:00+00:00,51861,4337.902,tp,50.0,0.0,0.0,50.0,1.4285714285714286,-3.587000000000444,8.95299999999952,-0.5124285714286348,1.2789999999999313,1,300.0,0.16,16.61614285714274,17.408754849174905,overlap,Mon,15,False
1023,XAUUSDm,long,2025-12-30 14:50:00+00:00,52114,4361.005999999999,0.05,4354.006,4371.006,7.0,close_below_lower,0.15810881842171265,2025-12-30 15:00:00+00:00,52116,4371.006,tp,50.00000000000455,0.0,0.0,50.00000000000455,1.4285714285715585,-3.5009999999992942,10.473000000000866,-0.5001428571427563,1.496142857142981,2,600.0,0.16,8.251285714285782,17.84851663971274,overlap,Tue,14,False
1024,XAUUSDm,long,2025-12-30 19:55:00+00:00,52175,4342.817,0.05,4335.817,4352.817,7.0,close_below_lower,0.04667542131660341,2025-12-30 20:25:00+00:00,52181,4352.817,tp,50.0,0.0,0.0,50.0,1.4285714285714286,-5.2479999999995925,8.77599999999984,-0.7497142857142275,1.253714285714263,6,1800.0,0.16,4.6231428571428035,18.00803540512856,newyork,Tue,19,False
1025,XAUUSDm,long,2025-12-31 05:50:00+00:00,52282,4310.848,0.05,4303.848,4320.848,7.0,close_below_lower,0.30131552939972595,2025-12-31 05:55:00+00:00,52283,4287.304,sl,-117.71999999999935,0.0,0.0,-117.71999999999935,-3.363428571428553,-29.162999999999556,0.6440000000002328,-4.166142857142794,0.09200000000003326,1,300.0,0.16,7.4947142857143785,17.365735210078455,asian,Wed,5,False
1026,XAUUSDm,long,2025-12-31 06:00:00+00:00,52284,4285.998,0.05,4278.998,4295.998,7.0,close_below_lower,1.1254013596263976,2025-12-31 06:10:00+00:00,52286,4295.998,tp,50.0,0.0,0.0,50.0,1.4285714285714286,-11.61999999999989,9.717000000000553,-1.6599999999999844,1.3881428571429362,2,600.0,0.16,10.36500000000017,17.810056418045953,asian,Wed,6,False
1027,XAUUSDm,short,2025-12-31 13:50:00+00:00,52378,4339.43,0.05,4346.43,4329.43,7.0,close_above_upper,0.10601094297780182,2025-12-31 13:55:00+00:00,52379,4346.59,sl,-35.79999999999927,0.0,0.0,-35.79999999999927,-1.022857142857122,-4.59900000000016,2.300000000000182,-0.6570000000000229,0.32857142857145455,1,300.0,0.16,5.655142857142631,15.15744552401019,overlap,Wed,13,False
1028,XAUUSDm,short,2025-12-31 14:00:00+00:00,52380,4345.843,0.05,4352.843,4335.843,7.0,close_above_upper,0.1744484162151826,2025-12-31 14:05:00+00:00,52381,4336.003,tp,49.20000000000073,0.0,0.0,49.20000000000073,1.4057142857143066,-2.792000000000371,7.880000000000109,-0.39885714285719587,1.1257142857143012,1,300.0,0.16,5.856428571428426,15.319898022176332,overlap,Wed,14,False
1029,XAUUSDm,short,2026-01-01 23:10:00+00:00,52477,4333.406,0.05,4340.406,4323.406,7.0,close_above_upper,0.1433413173877066,2026-01-01 23:20:00+00:00,52479,4340.566,sl,-35.79999999999927,0.0,0.0,-35.79999999999927,-1.022857142857122,-1.9719999999997526,5.082000000000335,-0.2817142857142504,0.7260000000000478,2,600.0,0.16,4.160499999999956,15.358683188068193,rollover,Thu,23,False
1030,XAUUSDm,short,2026-01-01 23:25:00+00:00,52480,4339.89,0.05,4346.89,4329.89,7.0,close_above_upper,0.15436331830785202,2026-01-01 23:50:00+00:00,52485,4347.05,sl,-35.79999999999927,0.0,0.0,-35.79999999999927,-1.022857142857122,-6.014000000000124,1.704000000000633,-0.8591428571428749,0.24342857142866187,5,1500.0,0.16,4.6940714285713385,15.544727500408,rollover,Thu,23,False
1031,XAUUSDm,long,2026-01-02 13:30:00+00:00,52649,4374.739,0.05,4367.739,4384.739,7.0,close_below_lower,0.16954406905357455,2026-01-02 13:35:00+00:00,52650,4367.739,sl,-35.0,0.0,0.0,-35.0,-1.0,-6.1469999999999345,2.498000000000502,-0.8781428571428478,0.3568571428572146,1,300.0,0.16,5.583571428571369,14.603225017943894,overlap,Fri,13,False
1032,XAUUSDm,long,2026-01-02 13:40:00+00:00,52651,4369.974,0.05,4362.974,4379.974,7.0,close_below_lower,0.2011253060272523,2026-01-02 13:55:00+00:00,52654,4362.974,sl,-35.0,0.0,0.0,-35.0,-1.0,-4.439000000000306,8.00500000000011,-0.6341428571429008,1.1435714285714442,3,900.0,0.16,6.434571428571417,14.756646019237781,overlap,Fri,13,False
1033,XAUUSDm,long,2026-01-02 14:35:00+00:00,52662,4355.455,0.05,4348.455,4365.455,7.0,close_below_lower,0.013350000188190296,2026-01-02 14:40:00+00:00,52663,4348.455,sl,-35.0,0.0,0.0,-35.0,-1.0,-5.368999999999687,4.444000000000415,-0.7669999999999553,0.6348571428572021,1,300.0,0.16,7.2407142857143425,15.197364290832773,overlap,Fri,14,False
1034,XAUUSDm,long,2026-01-02 15:05:00+00:00,52668,4342.311,0.05,4335.311,4352.311,7.0,close_below_lower,0.1881193170423666,2026-01-02 15:10:00+00:00,52669,4335.311,sl,-35.0,0.0,0.0,-35.0,-1.0,-3.0999999999994543,8.180000000000291,-0.4428571428570649,1.1685714285714701,1,300.0,0.16,7.991285714285628,15.509966547031807,overlap,Fri,15,False
1035,XAUUSDm,long,2026-01-02 15:15:00+00:00,52670,4340.7609999999995,0.05,4333.761,4350.761,7.0,close_below_lower,0.018092706774827685,2026-01-02 15:20:00+00:00,52671,4333.761,sl,-34.99999999999545,0.0,0.0,-34.99999999999545,-0.9999999999998701,-5.921999999999571,1.9390000000003056,-0.8459999999999387,0.27700000000004366,1,300.0,0.16,8.740357142857063,15.663684650229065,overlap,Fri,15,False
1036,XAUUSDm,long,2026-01-02 15:25:00+00:00,52672,4334.441,0.05,4327.441,4344.441,7.0,close_below_lower,0.09961410030420548,2026-01-02 15:40:00+00:00,52675,4344.441,tp,50.0,0.0,0.0,50.0,1.4285714285714286,-2.78899999999976,7.213000000000648,-0.3984285714285371,1.0304285714286638,3,900.0,0.16,9.566928571428564,15.812236046874837,overlap,Fri,15,False
1037,XAUUSDm,long,2026-01-02 16:20:00+00:00,52683,4317.571,0.05,4310.571,4327.571,7.0,close_below_lower,0.10769783082058021,2026-01-02 16:40:00+00:00,52687,4327.571,tp,50.0,0.0,0.0,50.0,1.4285714285714286,-2.7429999999994834,7.306999999999789,-0.3918571428570691,1.0438571428571126,4,1200.0,0.16,8.315714285714487,15.833975021214734,newyork,Fri,16,False
1038,XAUUSDm,short,2026-01-04 23:10:00+00:00,52752,4359.747,0.05,4366.747,4349.747,7.0,close_above_upper,0.7635348478856718,2026-01-04 23:15:00+00:00,52753,4370.349,sl,-53.00999999999931,0.0,0.0,-53.00999999999931,-1.514571428571409,-11.04699999999957,0.7490000000007058,-1.5781428571427958,0.10700000000010082,1,300.0,0.16,4.365285714285684,15.423706241853985,rollover,Sun,23,False
1039,XAUUSDm,short,2026-01-04 23:20:00+00:00,52754,4365.233,0.05,4372.233,4355.233,7.0,close_above_upper,0.6189496184359226,2026-01-04 23:30:00+00:00,52756,4355.393,tp,49.20000000000073,0.0,0.0,49.20000000000073,1.4057142857143066,-3.66399999999976,1.8029999999998836,-0.5234285714285372,0.25757142857141196,2,600.0,0.16,5.504214285714364,15.662566768754935,rollover,Sun,23,False
1040,XAUUSDm,short,2026-01-05 00:40:00+00:00,52770,4395.268,0.05,4402.268,4385.268,7.0,close_above_upper,0.04735898812257919,2026-01-05 00:45:00+00:00,52771,4385.428,tp,49.20000000000073,0.0,0.0,49.20000000000073,1.4057142857143066,-0.30599999999958527,9.546000000000276,-0.04371428571422647,1.3637142857143252,1,300.0,0.16,6.281571428571494,16.74368285610214,asian,Mon,0,False
1041,XAUUSDm,short,2026-01-05 01:05:00+00:00,52775,4416.914,0.05,4423.914,4406.914,7.0,close_above_upper,0.6898715575429598,2026-01-05 01:10:00+00:00,52776,4407.074,tp,49.20000000000073,0.0,0.0,49.20000000000073,1.4057142857143066,-4.19800000000032,11.896999999999935,-0.5997142857143315,1.6995714285714192,1,300.0,0.16,7.111285714285908,16.872522755435092,asian,Mon,1,False
1042,XAUUSDm,long,2026-01-05 11:30:00+00:00,52900,4417.361,0.05,4410.361,4427.361,7.0,close_below_lower,0.024977509424453478,2026-01-05 12:40:00+00:00,52914,4410.361,sl,-35.0,0.0,0.0,-35.0,-1.0,-3.869999999999891,8.782000000000153,-0.5528571428571273,1.2545714285714504,14,4200.0,0.16,4.713714285714365,13.949090449502586,london,Mon,11,False
1043,XAUUSDm,short,2026-01-05 15:05:00+00:00,52943,4452.027,0.05,4459.027,4442.027,7.0,close_above_upper,0.49659021963825295,2026-01-05 15:30:00+00:00,52948,4442.187,tp,49.20000000000073,0.0,0.0,49.20000000000073,1.4057142857143066,-3.6580000000003565,9.609999999999673,-0.5225714285714795,1.3728571428570961,5,1500.0,0.16,7.639499999999836,14.756093442289703,overlap,Mon,15,False
1044,XAUUSDm,short,2026-01-06 02:15:00+00:00,53065,4459.573,0.05,4466.573,4449.573,7.0,close_above_upper,0.0341718726542983,2026-01-06 02:40:00+00:00,53070,4449.733,tp,49.20000000000073,0.0,0.0,49.20000000000073,1.4057142857143066,-1.8049999999993815,7.140000000000327,-0.2578571428570545,1.0200000000000469,5,1500.0,0.16,5.567500000000109,13.911471218037887,asian,Tue,2,False
1045,XAUUSDm,short,2026-01-06 14:55:00+00:00,53217,4487.899,0.05,4494.899,4477.899,7.0,close_above_upper,0.13997318072373627,2026-01-06 15:15:00+00:00,53221,4478.059,tp,49.20000000000073,0.0,0.0,49.20000000000073,1.4057142857143066,-2.996999999999389,8.811999999999898,-0.42814285714276984,1.2588571428571282,4,1200.0,0.16,6.491785714285535,12.798754925066174,overlap,Tue,14,False
1046,XAUUSDm,long,2026-01-07 01:10:00+00:00,53328,4476.07,0.05,4469.07,4486.07,7.0,close_below_lower,0.17353274415793984,2026-01-07 01:30:00+00:00,53332,4469.07,sl,-35.0,0.0,0.0,-35.0,-1.0,-6.97899999999936,2.9859999999998763,-0.9969999999999085,0.4265714285714109,4,1200.0,0.16,5.4710714285716415,11.032105792184153,asian,Wed,1,False
1047,XAUUSDm,long,2026-01-07 01:35:00+00:00,53333,4466.847,0.05,4459.847,4476.847,7.0,close_below_lower,0.24703968939737755,2026-01-07 02:00:00+00:00,53338,4459.847,sl,-35.0,0.0,0.0,-35.0,-1.0,-5.85399999999936,6.101999999999862,-0.8362857142856228,0.871714285714266,5,1500.0,0.16,7.224285714285737,11.288553371475299,asian,Wed,1,False
1048,XAUUSDm,long,2026-01-07 05:35:00+00:00,53381,4454.014999999999,0.05,4447.015,4464.015,7.0,close_below_lower,0.05097789623638007,2026-01-07 05:45:00+00:00,53383,4447.015,sl,-34.99999999999545,0.0,0.0,-34.99999999999545,-0.9999999999998701,-5.376999999999498,3.097000000000662,-0.7681428571427854,0.44242857142866604,2,600.0,0.16,4.458357142857234,11.375167895246745,asian,Wed,5,False
1049,XAUUSDm,long,2026-01-07 05:50:00+00:00,53384,4448.235,0.05,4441.235,4458.235,7.0,close_below_lower,0.1525658748368537,2026-01-07 06:05:00+00:00,53387,4458.235,tp,50.0,0.0,0.0,50.0,1.4285714285714286,-1.9669999999996435,8.873000000000502,-0.28099999999994907,1.2675714285715003,3,900.0,0.16,4.9155000000000655,11.569332985693832,asian,Wed,5,False
1050,XAUUSDm,long,2026-01-07 13:10:00+00:00,53472,4430.233,0.05,4423.233,4440.233,7.0,close_below_lower,0.5722193421510731,2026-01-07 13:20:00+00:00,53474,4440.233,tp,50.0,0.0,0.0,50.0,1.4285714285714286,-2.4160000000001673,8.912999999999556,-0.34514285714288107,1.2732857142856508,2,600.0,0.16,6.157857142857146,10.843150366596433,overlap,Wed,13,False
1051,XAUUSDm,long,2026-01-07 15:15:00+00:00,53497,4426.831999999999,0.05,4419.832,4436.832,7.0,close_below_lower,0.4868384425288141,2026-01-07 15:25:00+00:00,53499,4436.832,tp,50.00000000000455,0.0,0.0,50.00000000000455,1.4285714285715585,-3.2689999999993233,6.0900000000001455,-0.4669999999999033,0.8700000000000208,2,600.0,0.16,8.047499999999998,11.15826806860112,overlap,Wed,15,False
1052,XAUUSDm,short,2026-01-07 16:25:00+00:00,53511,4458.785,0.05,4465.785,4448.785,7.0,close_above_upper,0.13548865313111766,2026-01-07 16:40:00+00:00,53514,4465.945,sl,-35.79999999999927,0.0,0.0,-35.79999999999927,-1.022857142857122,-6.6340000000000146,3.032999999999447,-0.9477142857142878,0.4332857142856353,3,900.0,0.16,6.854142857142961,11.526685750906033,newyork,Wed,16,False
1053,XAUUSDm,short,2026-01-07 16:45:00+00:00,53515,4467.673,0.05,4474.673,4457.673,7.0,close_above_upper,0.23630560412463422,2026-01-07 17:25:00+00:00,53523,4460.2699999999995,signal,37.01500000000124,0.0,0.0,37.01500000000124,1.057571428571464,-0.6970000000001164,9.820999999999913,-0.0995714285714452,1.4029999999999876,8,2400.0,0.16,6.2864999999999,11.795080175671817,newyork,Wed,16,False
1054,XAUUSDm,short,2026-01-08 15:10:00+00:00,53772,4444.75,0.05,4451.75,4434.75,7.0,close_above_upper,0.13031081539230752,2026-01-08 15:15:00+00:00,53773,4451.91,sl,-35.79999999999927,0.0,0.0,-35.79999999999927,-1.022857142857122,-4.518000000000029,0.9530000000004293,-0.6454285714285756,0.13614285714291846,1,300.0,0.16,7.7481428571428035,11.589751967035617,overlap,Thu,15,False
1055,XAUUSDm,short,2026-01-08 15:20:00+00:00,53774,4447.327,0.05,4454.327,4437.327,7.0,close_above_upper,0.03266329133348625,2026-01-08 15:40:00+00:00,53778,4454.487,sl,-35.79999999999927,0.0,0.0,-35.79999999999927,-1.022857142857122,-5.871999999999389,4.007000000000517,-0.8388571428570556,0.5724285714286452,4,1200.0,0.16,7.623714285714284,11.705480006946964,overlap,Thu,15,False
1056,XAUUSDm,short,2026-01-08 20:30:00+00:00,53836,4470.056,0.05,4477.056,4460.056,7.0,close_above_upper,0.14701585301068762,2026-01-08 20:35:00+00:00,53837,4477.215999999999,sl,-35.79999999999927,0.0,0.0,-35.79999999999927,-1.022857142857122,-7.641000000000531,0.0,-1.0915714285715044,0.0,1,300.0,0.16,3.5246428571429402,11.86279574889174,newyork,Thu,20,False
1057,XAUUSDm,short,2026-01-08 20:40:00+00:00,53838,4473.737,0.05,4480.737,4463.737,7.0,close_above_upper,0.09806701448010921,2026-01-08 21:35:00+00:00,53849,4474.025,signal,-1.4399999999977808,0.0,0.0,-1.4399999999977808,-0.04114285714279374,-5.97400000000016,1.780999999999949,-0.8534285714285943,0.2544285714285642,11,3300.0,0.16,4.111785714285751,11.967885325968602,newyork,Thu,20,False
1058,XAUUSDm,short,2026-01-09 02:05:00+00:00,53891,4475.509,0.05,4482.509,4465.509,7.0,close_above_upper,0.010219580006413773,2026-01-09 02:40:00+00:00,53898,4468.919,signal,32.95000000000073,0.0,0.0,32.95000000000073,0.9414285714285923,-1.069999999999709,7.22400000000016,-0.15285714285710128,1.032000000000023,7,2100.0,0.16,5.25764285714292,12.14298238717485,asian,Fri,2,False
1059,XAUUSDm,short,2026-01-09 13:35:00+00:00,54029,4486.939,0.05,4493.939,4476.939,7.0,close_above_upper,0.5756036570506933,2026-01-09 14:10:00+00:00,54036,4494.099,sl,-35.79999999999927,0.0,0.0,-35.79999999999927,-1.022857142857122,-5.029999999999745,7.981000000000677,-0.7185714285713922,1.1401428571429537,7,2100.0,0.16,6.95164285714275,10.518097602202634,overlap,Fri,13,False
1060,XAUUSDm,short,2026-01-09 15:25:00+00:00,54051,4508.747,0.05,4515.747,4498.747,7.0,close_above_upper,0.28168894309963627,2026-01-09 15:35:00+00:00,54053,4515.907,sl,-35.79999999999927,0.0,0.0,-35.79999999999927,-1.022857142857122,-3.063000000000102,4.556000000000495,-0.4375714285714431,0.6508571428572135,2,600.0,0.16,8.80771428571435,11.03321826323758,overlap,Fri,15,False
1061,XAUUSDm,short,2026-01-09 15:40:00+00:00,54054,4515.635,0.05,4522.635,4505.635,7.0,close_above_upper,0.44423851117306473,2026-01-09 16:05:00+00:00,54059,4505.795,tp,49.20000000000073,0.0,0.0,49.20000000000073,1.4057142857143066,-1.5450000000000728,7.113000000000284,-0.2207142857142961,1.0161428571428976,5,1500.0,0.16,8.867142857142946,11.188935215831389,overlap,Fri,15,False
1062,XAUUSDm,long,2026-01-09 17:55:00+00:00,54081,4487.554,0.05,4480.554,4497.554,7.0,close_below_lower,0.40153743131656505,2026-01-09 18:30:00+00:00,54088,4497.554,tp,50.0,0.0,0.0,50.0,1.4285714285714286,-5.511000000000422,7.076000000000022,-0.7872857142857745,1.010857142857146,7,2100.0,0.16,5.091642857142882,11.394763817730045,newyork,Fri,17,False
1063,XAUUSDm,short,2026-01-11 23:05:00+00:00,54131,4521.377,0.05,4528.377,4511.377,7.0,close_above_upper,0.028548769798888592,2026-01-11 23:10:00+00:00,54132,4529.421,sl,-40.219999999999345,0.0,0.0,-40.219999999999345,-1.1491428571428384,-7.954999999999927,0.23500000000058208,-1.1364285714285611,0.03357142857151173,1,300.0,0.16,3.2455000000000576,11.265575339703826,rollover,Sun,23,False
1064,XAUUSDm,short,2026-01-11 23:15:00+00:00,54133,4530.098,0.05,4537.098,4520.098,7.0,close_above_upper,0.4134979703031389,2026-01-11 23:25:00+00:00,54135,4537.258,sl,-35.79999999999927,0.0,0.0,-35.79999999999927,-1.022857142857122,-5.532000000000153,0.6769999999996799,-0.7902857142857361,0.09671428571423998,2,600.0,0.16,3.925214285714316,11.447309240027487,rollover,Sun,23,False
1065,XAUUSDm,short,2026-01-11 23:30:00+00:00,54136,4537.856,0.05,4544.856,4527.856,7.0,close_above_upper,0.43686954391378185,2026-01-11 23:40:00+00:00,54138,4545.016,sl,-35.79999999999927,0.0,0.0,-35.79999999999927,-1.022857142857122,-1.3220000000001164,4.567000000000007,-0.1888571428571595,0.6524285714285725,2,600.0,0.16,4.240000000000042,11.742115970350351,rollover,Sun,23,False
1066,XAUUSDm,short,2026-01-11 23:45:00+00:00,54139,4542.31,0.05,4549.31,4532.31,7.0,close_above_upper,0.2605048868084285,2026-01-12 00:05:00+00:00,54143,4549.47,sl,-35.79999999999927,0.0,0.0,-35.79999999999927,-1.022857142857122,-3.02599999999984,6.065000000000509,-0.4322857142856914,0.8664285714286442,4,1200.0,0.16,5.293785714285865,11.93222152721679,rollover,Sun,23,False
1067,XAUUSDm,short,2026-01-12 00:10:00+00:00,54144,4550.175,0.05,4557.175,4540.175,7.0,close_above_upper,0.10322245520836777,2026-01-12 00:15:00+00:00,54145,4557.335,sl,-35.79999999999927,0.0,0.0,-35.79999999999927,-1.022857142857122,-4.255000000000109,1.7520000000004075,-0.6078571428571584,0.2502857142857725,1,300.0,0.16,6.35321428571446,12.183652417904106,asian,Mon,0,False
1068,XAUUSDm,short,2026-01-12 00:20:00+00:00,54146,4563.796,0.05,4570.796,4553.796,7.0,close_above_upper,0.7581229855524088,2026-01-12 00:30:00+00:00,54148,4570.956,sl,-35.79999999999927,0.0,0.0,-35.79999999999927,-1.022857142857122,-2.188000000000102,6.993000000000393,-0.3125714285714431,0.9990000000000562,2,600.0,0.16,6.166071428571611,12.367811902986197,asian,Mon,0,False
1069,XAUUSDm,short,2026-01-12 00:35:00+00:00,54149,4574.462,0.05,4581.462,4564.462,7.0,close_above_upper,0.9033449752959631,2026-01-12 00:40:00+00:00,54150,4586.817,sl,-61.77499999999782,0.0,0.0,-61.77499999999782,-1.7649999999999377,-12.518999999999323,1.9440000000004147,-1.7884285714284747,0.277714285714345,1,300.0,0.16,7.223000000000281,12.607350646807639,asian,Mon,0,False
1070,XAUUSDm,short,2026-01-12 00:45:00+00:00,54151,4591.341,0.05,4598.341,4581.341,7.0,close_above_upper,1.4814757576248059,2026-01-12 00:50:00+00:00,54152,4598.501,sl,-35.79999999999927,0.0,0.0,-35.79999999999927,-1.022857142857122,-6.268000000000029,3.0510000000003856,-0.8954285714285756,0.43585714285719795,1,300.0,0.16,8.359785714285929,12.9332669489871,asian,Mon,0,False
1071,XAUUSDm,short,2026-01-12 00:55:00+00:00,54153,4599.004,0.05,4606.004,4589.004,7.0,close_above_upper,1.2977139335748804,2026-01-12 01:00:00+00:00,54154,4589.147,tp,49.284999999999854,0.0,0.0,49.284999999999854,1.408142857142853,-2.2160000000003492,10.509000000000015,-0.31657142857147846,1.5012857142857163,1,300.0,0.16,8.551214285714455,13.228650807671523,asian,Mon,0,False
1072,XAUUSDm,short,2026-01-12 13:10:00+00:00,54300,4601.265,0.05,4608.265,4591.265,7.0,close_above_upper,0.026297194999702494,2026-01-12 13:15:00+00:00,54301,4608.425,sl,-35.79999999999927,0.0,0.0,-35.79999999999927,-1.022857142857122,-8.100999999999658,0.03600000000005821,-1.1572857142856654,0.005142857142865458,1,300.0,0.16,4.037000000000002,12.770080967654295,overlap,Mon,13,False
1073,XAUUSDm,short,2026-01-12 13:20:00+00:00,54302,4608.668,0.05,4615.668,4598.668,7.0,close_above_upper,0.2614178305537925,2026-01-12 13:50:00+00:00,54308,4615.8279999999995,sl,-35.79999999999927,0.0,0.0,-35.79999999999927,-1.022857142857122,-6.532000000000153,4.253999999999905,-0.9331428571428789,0.6077142857142722,6,1800.0,0.16,4.238785714285639,12.954782965636031,overlap,Mon,13,False
1074,XAUUSDm,short,2026-01-12 13:55:00+00:00,54309,4619.434,0.05,4626.434,4609.434,7.0,close_above_upper,0.06643584723956306,2026-01-12 14:00:00+00:00,54310,4609.594,tp,49.20000000000073,0.0,0.0,49.20000000000073,1.4057142857143066,-0.9690000000000509,3.757999999999811,-0.1384285714285787,0.5368571428571158,1,300.0,0.16,5.516214285714276,13.31328127387561,overlap,Mon,13,False
1075,XAUUSDm,long,2026-01-12 14:30:00+00:00,54316,4586.684,0.05,4579.684,4596.684,7.0,close_below_lower,0.18795245399407545,2026-01-12 14:35:00+00:00,54317,4598.055,tp,56.85500000000047,0.0,0.0,56.85500000000047,1.6244285714285849,-1.5709999999999127,14.440999999999804,-0.22442857142855896,2.0629999999999717,1,300.0,0.16,7.4827857142857805,13.511101569834768,overlap,Mon,14,False
1076,XAUUSDm,short,2026-01-13 13:35:00+00:00,54581,4613.372,0.05,4620.372,4603.372,7.0,close_above_upper,0.21134963667156068,2026-01-13 13:45:00+00:00,54583,4620.532,sl,-35.79999999999927,0.0,0.0,-35.79999999999927,-1.022857142857122,-6.972999999999956,3.8190000000004147,-0.9961428571428509,0.5455714285714878,2,600.0,0.16,5.541571428571517,13.830116567252398,overlap,Tue,13,False
1077,XAUUSDm,short,2026-01-13 13:50:00+00:00,54584,4617.656,0.05,4624.656,4607.656,7.0,close_above_upper,0.01908193188858717,2026-01-13 13:55:00+00:00,54585,4607.816,tp,49.20000000000073,0.0,0.0,49.20000000000073,1.4057142857143066,-1.4020000000000437,5.17699999999968,-0.20028571428572053,0.7395714285713828,1,300.0,0.16,6.314714285714347,13.86860458229786,overlap,Tue,13,False
1078,XAUUSDm,short,2026-01-13 14:50:00+00:00,54596,4633.682,0.05,4640.682,4623.682,7.0,close_above_upper,0.11656484062200029,2026-01-13 14:55:00+00:00,54597,4623.842,tp,49.20000000000073,0.0,0.0,49.20000000000073,1.4057142857143066,-1.0579999999999927,10.828999999999724,-0.1511428571428561,1.5469999999999604,1,300.0,0.16,7.119357142857033,14.087754780566659,overlap,Tue,14,False
1079,XAUUSDm,long,2026-01-13 15:25:00+00:00,54603,4604.272,0.05,4597.272,4614.272,7.0,close_below_lower,0.013970332228852361,2026-01-13 15:40:00+00:00,54606,4614.272,tp,50.0,0.0,0.0,50.0,1.4285714285714286,-1.0630000000001019,9.666000000000167,-0.1518571428571574,1.3808571428571668,3,900.0,0.16,9.676428571428525,14.290398967947315,overlap,Tue,15,False
1080,XAUUSDm,long,2026-01-13 18:00:00+00:00,54634,4590.612,0.05,4583.612,4600.612,7.0,close_below_lower,0.10837347797067268,2026-01-13 18:20:00+00:00,54638,4583.612,sl,-35.0,0.0,0.0,-35.0,-1.0,-6.664999999999964,4.501000000000204,-0.952142857142852,0.6430000000000291,4,1200.0,0.16,5.4034285714286465,14.231915138738275,newyork,Tue,18,False
1081,XAUUSDm,long,2026-01-13 20:35:00+00:00,54665,4572.446,0.05,4565.446,4582.446,7.0,close_below_lower,0.535541083756241,2026-01-13 20:40:00+00:00,54666,4582.446,tp,50.0,0.0,0.0,50.0,1.4285714285714286,-3.2119999999995343,7.11200000000008,-0.45885714285707635,1.0160000000000113,1,300.0,0.16,5.530857142857258,12.589299795955133,newyork,Tue,20,False
1082,XAUUSDm,long,2026-01-14 06:00:00+00:00,54766,4619.9259999999995,0.05,4612.926,4629.926,7.0,close_below_lower,0.0852055830323408,2026-01-14 06:10:00+00:00,54768,4629.926,tp,50.00000000000455,0.0,0.0,50.00000000000455,1.4285714285715585,-1.4369999999998981,9.213000000000648,-0.20528571428569972,1.3161428571429497,2,600.0,0.16,5.330214285714321,12.459378225921927,asian,Wed,6,False
1083,XAUUSDm,long,2026-01-14 14:40:00+00:00,54870,4618.727,0.05,4611.727,4628.727,7.0,close_below_lower,0.2746259417978072,2026-01-14 14:45:00+00:00,54871,4611.727,sl,-35.0,0.0,0.0,-35.0,-1.0,-4.795000000000073,5.212000000000444,-0.6850000000000104,0.7445714285714919,1,300.0,0.16,6.18350000000003,11.005629166239688,overlap,Wed,14,False
1084,XAUUSDm,long,2026-01-14 14:50:00+00:00,54872,4607.991,0.05,4600.991,4617.991,7.0,close_below_lower,0.8740161831832433,2026-01-14 14:55:00+00:00,54873,4617.991,tp,50.0,0.0,0.0,50.0,1.4285714285714286,-1.3040000000000873,9.555999999999585,-0.18628571428572677,1.365142857142798,1,300.0,0.16,6.6160714285715585,11.186896266691402,overlap,Wed,14,False
1085,XAUUSDm,long,2026-01-14 15:05:00+00:00,54875,4605.715999999999,0.05,4598.716,4615.716,7.0,close_below_lower,0.5688747111141947,2026-01-14 15:10:00+00:00,54876,4615.716,tp,50.00000000000455,0.0,0.0,50.00000000000455,1.4285714285715585,-6.394999999999527,5.33600000000024,-0.913571428571361,0.7622857142857485,1,300.0,0.16,7.721785714285878,11.335735775429873,overlap,Wed,15,False
1086,XAUUSDm,short,2026-01-14 18:20:00+00:00,54914,4627.048,0.05,4634.048,4617.048,7.0,close_above_upper,0.011219293972491906,2026-01-14 18:45:00+00:00,54919,4634.208,sl,-35.79999999999927,0.0,0.0,-35.79999999999927,-1.022857142857122,-6.412000000000262,2.3369999999995343,-0.9160000000000375,0.33385714285707635,5,1500.0,0.16,5.745071428571269,11.184360655428318,newyork,Wed,18,False
1087,XAUUSDm,long,2026-01-15 01:25:00+00:00,54987,4598.099,0.05,4591.099,4608.099,7.0,close_below_lower,0.11377935157258483,2026-01-15 01:30:00+00:00,54988,4591.099,sl,-35.0,0.0,0.0,-35.0,-1.0,-1.0760000000000218,5.347999999999956,-0.15371428571428883,0.7639999999999938,1,300.0,0.16,5.342500000000135,12.030807236382227,asian,Thu,1,False
1088,XAUUSDm,long,2026-01-15 01:35:00+00:00,54989,4591.815,0.05,4584.815,4601.815,7.0,close_below_lower,0.33477980815805886,2026-01-15 01:40:00+00:00,54990,4601.815,tp,50.0,0.0,0.0,50.0,1.4285714285714286,-1.2339999999994689,7.153000000000247,-0.1762857142856384,1.021857142857178,1,300.0,0.16,6.52485714285727,12.16254367476667,asian,Thu,1,False
1089,XAUUSDm,long,2026-01-15 03:25:00+00:00,55011,4587.5,0.05,4580.5,4597.5,7.0,close_below_lower,0.014815222960365502,2026-01-15 03:40:00+00:00,55014,4597.5,tp,50.0,0.0,0.0,50.0,1.4285714285714286,-6.430999999999585,9.810999999999694,-0.9187142857142264,1.401571428571385,3,900.0,0.16,6.4059285714285705,12.370263402276493,asian,Thu,3,False
1090,XAUUSDm,short,2026-01-15 06:20:00+00:00,55046,4608.84,0.05,4615.84,4598.84,7.0,close_above_upper,0.037141369082935104,2026-01-15 07:40:00+00:00,55062,4603.718,signal,25.61000000000149,0.0,0.0,25.61000000000149,0.7317142857143283,-4.698999999999614,8.34900000000016,-0.6712857142856592,1.1927142857143085,16,4800.0,0.16,6.238428571428552,12.461521798118557,asian,Thu,6,False
1091,XAUUSDm,long,2026-01-15 13:35:00+00:00,55133,4595.144,0.05,4588.144,4605.144,7.0,close_below_lower,0.28390031144041195,2026-01-15 13:45:00+00:00,55135,4588.144,sl,-35.0,0.0,0.0,-35.0,-1.0,-6.8400000000001455,1.850999999999658,-0.977142857142878,0.26442857142852255,2,600.0,0.16,4.8605714285713475,11.691275207925038,overlap,Thu,13,False
1092,XAUUSDm,long,2026-01-15 13:50:00+00:00,55136,4588.1849999999995,0.05,4581.185,4598.185,7.0,close_below_lower,0.34226690552651423,2026-01-15 14:10:00+00:00,55140,4598.185,tp,50.00000000000455,0.0,0.0,50.00000000000455,1.4285714285715585,-4.934999999999491,8.446000000000822,-0.7049999999999272,1.206571428571546,4,1200.0,0.16,5.987071428571263,11.71759285011521,overlap,Thu,13,False
1093,XAUUSDm,long,2026-01-16 13:20:00+00:00,55406,4587.702,0.05,4580.702,4597.702,7.0,close_below_lower,0.21193385340470655,2026-01-16 13:35:00+00:00,55409,4597.702,tp,50.0,0.0,0.0,50.0,1.4285714285714286,-5.097000000000662,8.844000000000051,-0.7281428571429517,1.2634285714285787,3,900.0,0.16,5.105928571428584,11.419853062173821,overlap,Fri,13,False
1094,XAUUSDm,long,2026-01-16 15:25:00+00:00,55431,4588.939,0.05,4581.939,4598.939,7.0,close_below_lower,0.616661999506374,2026-01-16 15:30:00+00:00,55432,4564.953,sl,-119.92999999999938,0.0,0.0,-119.92999999999938,-3.426571428571411,-24.302999999999884,4.007999999999811,-3.471857142857126,0.5725714285714015,1,300.0,0.16,8.203499999999947,11.356083746866183,overlap,Fri,15,False
1095,XAUUSDm,long,2026-01-16 15:35:00+00:00,55433,4544.625,0.05,4537.625,4554.625,7.0,close_below_lower,3.4489077079192265,2026-01-16 15:40:00+00:00,55434,4554.625,tp,50.0,0.0,0.0,50.0,1.4285714285714286,-6.28899999999976,10.985999999999876,-0.8984285714285372,1.5694285714285539,1,300.0,0.16,11.973142857142777,11.869781098644799,overlap,Fri,15,False
1096,XAUUSDm,long,2026-01-16 15:45:00+00:00,55435,4555.702,0.05,4548.702,4565.702,7.0,close_below_lower,1.5789097982576477,2026-01-16 15:50:00+00:00,55436,4570.685,tp,74.91500000000087,0.0,0.0,74.91500000000087,2.1404285714285964,-0.15999999999985448,16.62199999999939,-0.022857142857122068,2.374571428571341,1,300.0,0.16,12.819142857142717,12.28005580930662,overlap,Fri,15,False
1097,XAUUSDm,short,2026-01-16 16:15:00+00:00,55441,4593.066,0.05,4600.066,4583.066,7.0,close_above_upper,0.1460219899032687,2026-01-16 16:50:00+00:00,55448,4583.226,tp,49.20000000000073,0.0,0.0,49.20000000000073,1.4057142857143066,-5.992000000000189,8.648000000000138,-0.8560000000000271,1.235428571428591,7,2100.0,0.16,15.044428571428464,12.554806840439367,newyork,Fri,16,False
1098,XAUUSDm,short,2026-01-18 23:10:00+00:00,55511,4654.901,0.05,4661.901,4644.901,7.0,close_above_upper,3.555522447563749,2026-01-18 23:15:00+00:00,55512,4662.061,sl,-35.79999999999927,0.0,0.0,-35.79999999999927,-1.022857142857122,-3.9890000000004875,1.0770000000002256,-0.5698571428572125,0.15385714285717508,1,300.0,0.16,7.6172142857141285,12.402976938806392,rollover,Sun,23,False
1099,XAUUSDm,short,2026-01-18 23:20:00+00:00,55513,4663.236,0.05,4670.236,4653.236,7.0,close_above_upper,3.0384375671537254,2026-01-18 23:25:00+00:00,55514,4673.026,sl,-48.94999999999982,0.0,0.0,-48.94999999999982,-1.3985714285714235,-12.480999999999767,2.3630000000002838,-1.7829999999999668,0.3375714285714691,1,300.0,0.16,8.339357142857093,12.899510199330784,rollover,Sun,23,False
1100,XAUUSDm,short,2026-01-18 23:30:00+00:00,55515,4678.639,0.05,4685.639,4668.639,7.0,close_above_upper,2.892699577408868,2026-01-18 23:40:00+00:00,55517,4668.799,tp,49.20000000000073,0.0,0.0,49.20000000000073,1.4057142857143066,-12.101999999999862,5.904000000000451,-1.728857142857123,0.8434285714286359,2,600.0,0.16,9.945642857142827,13.534954454257885,rollover,Sun,23,False
1101,XAUUSDm,short,2026-01-18 23:45:00+00:00,55518,4671.681,0.05,4678.681,4661.681,7.0,close_above_upper,0.9407529473333313,2026-01-19 00:15:00+00:00,55524,4661.840999999999,tp,49.20000000000073,0.0,0.0,49.20000000000073,1.4057142857143066,-5.779000000000451,8.060999999999694,-0.825571428571493,1.151571428571385,6,1800.0,0.16,10.911714285714295,14.140173824942902,rollover,Sun,23,False
1102,XAUUSDm,short,2026-01-20 14:05:00+00:00,55936,4741.219,0.05,4748.219,4731.219,7.0,close_above_upper,0.059049727008039746,2026-01-20 14:25:00+00:00,55940,4748.379,sl,-35.79999999999927,0.0,0.0,-35.79999999999927,-1.022857142857122,-5.2830000000003565,8.896999999999935,-0.7547142857143366,1.2709999999999906,4,1200.0,0.16,6.848142857142648,12.072671824827129,overlap,Tue,14,False
1103,XAUUSDm,short,2026-01-20 14:30:00+00:00,55941,4750.621,0.05,4757.621,4740.621,7.0,close_above_upper,0.19927092339872127,2026-01-20 14:35:00+00:00,55942,4731.223,signal,96.99000000000069,0.0,0.0,96.99000000000069,2.771142857142877,-0.5180000000000291,19.811999999999898,-0.07400000000000416,2.8302857142857,1,300.0,0.16,8.165642857142691,12.135876230558814,overlap,Tue,14,False
1104,XAUUSDm,long,2026-01-20 15:30:00+00:00,55953,4724.022,0.05,4717.022,4734.022,7.0,close_below_lower,0.19014247143715704,2026-01-20 15:40:00+00:00,55955,4734.022,tp,50.0,0.0,0.0,50.0,1.4285714285714286,-1.699999999999818,11.350000000000364,-0.24285714285711688,1.6214285714286234,2,600.0,0.16,9.034714285714276,12.036644331073841,overlap,Tue,15,False
1105,XAUUSDm,short,2026-01-20 23:45:00+00:00,56040,4773.715,0.05,4780.715,4763.715,7.0,close_above_upper,0.24374981337089313,2026-01-21 00:30:00+00:00,56049,4780.875,sl,-35.79999999999927,0.0,0.0,-35.79999999999927,-1.022857142857122,-7.367999999999483,2.9760000000005675,-1.0525714285713548,0.4251428571429382,9,2700.0,0.16,3.3099999999999454,9.500899590399957,rollover,Tue,23,False
1106,XAUUSDm,short,2026-01-21 01:05:00+00:00,56056,4792.765,0.05,4799.765,4782.765,7.0,close_above_upper,0.1377651547437323,2026-01-21 01:10:00+00:00,56057,4799.925,sl,-35.79999999999927,0.0,0.0,-35.79999999999927,-1.022857142857122,-7.188000000000102,0.7680000000000291,-1.0268571428571573,0.10971428571428987,1,300.0,0.16,4.440142857142746,9.987991624403154,asian,Wed,1,False
1107,XAUUSDm,short,2026-01-21 01:15:00+00:00,56058,4807.688,0.05,4814.688,4797.688,7.0,close_above_upper,1.1505247882872087,2026-01-21 01:20:00+00:00,56059,4814.848,sl,-35.79999999999927,0.0,0.0,-35.79999999999927,-1.022857142857122,-6.096999999999753,2.606999999999971,-0.8709999999999647,0.3724285714285673,1,300.0,0.16,5.481714285714198,10.157138498893381,asian,Wed,1,False
1108,XAUUSDm,short,2026-01-21 01:25:00+00:00,56060,4816.965,0.05,4823.965,4806.965,7.0,close_above_upper,1.3619640625794351,2026-01-21 01:30:00+00:00,56061,4827.723,sl,-53.789999999999054,0.0,0.0,-53.789999999999054,-1.5368571428571158,-10.639000000000124,2.3289999999997235,-1.5198571428571606,0.3327142857142462,1,300.0,0.16,6.205285714285635,10.370554315037019,asian,Wed,1,False
1109,XAUUSDm,short,2026-01-21 01:35:00+00:00,56062,4816.788,0.05,4823.788,4806.788,7.0,close_above_upper,0.6207365665977392,2026-01-21 01:45:00+00:00,56064,4823.947999999999,sl,-35.79999999999927,0.0,0.0,-35.79999999999927,-1.022857142857122,-8.950000000000728,1.6519999999991342,-1.2785714285715326,0.2359999999998763,2,600.0,0.16,8.313357142857058,10.622208690522529,asian,Wed,1,False
1110,XAUUSDm,short,2026-01-21 01:50:00+00:00,56065,4826.933,0.05,4833.933,4816.933,7.0,close_above_upper,0.7225204870829275,2026-01-21 01:55:00+00:00,56066,4844.130999999999,sl,-85.98999999999705,0.0,0.0,-85.98999999999705,-2.4568571428570585,-17.100000000000364,0.8350000000000364,-2.442857142857195,0.11928571428571948,1,300.0,0.16,8.793071428571434,10.902087841750516,asian,Wed,1,False
1111,XAUUSDm,short,2026-01-21 02:00:00+00:00,56067,4835.341,0.05,4842.341,4825.341,7.0,close_above_upper,0.7383273938745349,2026-01-21 02:10:00+00:00,56069,4825.501,tp,49.20000000000073,0.0,0.0,49.20000000000073,1.4057142857143066,-6.889999999999418,5.755000000000109,-0.9842857142856312,0.8221428571428727,2,600.0,0.16,10.39335714285718,11.183756362626866,asian,Wed,2,False
1112,XAUUSDm,short,2026-01-21 03:05:00+00:00,56080,4844.0,0.05,4851.0,4834.0,7.0,close_above_upper,0.10973620453998506,2026-01-21 03:10:00+00:00,56081,4834.16,tp,49.20000000000073,0.0,0.0,49.20000000000073,1.4057142857143066,-2.225000000000364,2.231999999999971,-0.31785714285719485,0.3188571428571387,1,300.0,0.16,8.27064285714297,11.556145945058505,asian,Wed,3,False
1113,XAUUSDm,short,2026-01-21 04:40:00+00:00,56099,4859.497,0.05,4866.497,4849.497,7.0,close_above_upper,0.06976792061166616,2026-01-21 04:50:00+00:00,56101,4866.657,sl,-35.79999999999927,0.0,0.0,-35.79999999999927,-1.022857142857122,-6.528999999999542,0.2070000000003347,-0.9327142857142202,0.029571428571476384,2,600.0,0.16,5.33849999999997,11.919766776907284,asian,Wed,4,False
1114,XAUUSDm,short,2026-01-21 04:55:00+00:00,56102,4866.002,0.05,4873.002,4856.002,7.0,close_above_upper,0.08703271841281038,2026-01-21 05:15:00+00:00,56106,4873.162,sl,-35.79999999999927,0.0,0.0,-35.79999999999927,-1.022857142857122,-5.032999999999447,7.149000000000342,-0.718999999999921,1.0212857142857632,4,1200.0,0.16,5.0803571428570775,12.107381219757652,asian,Wed,4,False
1115,XAUUSDm,short,2026-01-21 05:20:00+00:00,56107,4873.499,0.05,4880.499,4863.499,7.0,close_above_upper,0.06577353922430264,2026-01-21 06:05:00+00:00,56116,4869.724,signal,18.87499999999818,0.0,0.0,18.87499999999818,0.5392857142856623,-4.742000000000189,9.872999999999593,-0.6774285714285985,1.4104285714285132,9,2700.0,0.16,5.847785714285692,12.24973262972836,asian,Wed,5,False
1116,XAUUSDm,long,2026-01-21 07:00:00+00:00,56127,4847.7429999999995,0.05,4840.743,4857.743,7.0,close_below_lower,0.6443268859704694,2026-01-21 07:05:00+00:00,56128,4840.743,sl,-34.99999999999545,0.0,0.0,-34.99999999999545,-0.9999999999998701,-11.226999999999862,1.5140000000001237,-1.603857142857123,0.21628571428573196,1,300.0,0.16,8.018999999999844,12.711311865399281,london,Wed,7,False
1117,XAUUSDm,long,2026-01-21 07:10:00+00:00,56129,4839.836,0.05,4832.836,4849.836,7.0,close_below_lower,0.7730907999659029,2026-01-21 07:20:00+00:00,56131,4832.836,sl,-35.0,0.0,0.0,-35.0,-1.0,-6.382000000000517,2.356999999999971,-0.9117142857143595,0.3367142857142816,2,600.0,0.16,8.843571428571263,12.948332920343624,london,Wed,7,False
1118,XAUUSDm,long,2026-01-21 14:05:00+00:00,56212,4852.778,0.05,4845.778,4862.778,7.0,close_below_lower,0.20978726404020967,2026-01-21 14:10:00+00:00,56213,4864.568,tp,58.94999999999982,0.0,0.0,58.94999999999982,1.684285714285709,-11.177999999999884,12.835000000000036,-1.5968571428571263,1.8335714285714337,1,300.0,0.16,7.630928571428415,14.180113646977839,overlap,Wed,14,False
1119,XAUUSDm,long,2026-01-21 14:15:00+00:00,56214,4844.892,0.05,4837.892,4854.892,7.0,close_below_lower,0.5678841154465915,2026-01-21 14:20:00+00:00,56215,4854.892,tp,50.0,0.0,0.0,50.0,1.4285714285714286,-2.6809999999995853,9.873000000000502,-0.3829999999999408,1.410428571428643,1,300.0,0.16,10.603714285714107,14.29540832679909,overlap,Wed,14,False
1120,XAUUSDm,long,2026-01-21 15:20:00+00:00,56227,4831.565,0.05,4824.565,4841.565,7.0,close_below_lower,0.7125884984097963,2026-01-21 15:25:00+00:00,56228,4817.61,sl,-69.77499999999964,0.0,0.0,-69.77499999999964,-1.9935714285714181,-18.860999999999876,1.3150000000005093,-2.6944285714285536,0.1878571428572156,1,300.0,0.16,15.707071428571453,14.8048320350492,overlap,Wed,15,False
1121,XAUUSDm,long,2026-01-21 15:30:00+00:00,56229,4831.296,0.05,4824.296,4841.296,7.0,close_below_lower,0.24941947606745524,2026-01-21 15:35:00+00:00,56230,4841.296,tp,50.0,0.0,0.0,50.0,1.4285714285714286,-2.219000000000051,9.045000000000073,-0.3170000000000073,1.2921428571428675,1,300.0,0.16,15.318642857142938,15.113178950889345,overlap,Wed,15,False
1122,XAUUSDm,long,2026-01-21 17:35:00+00:00,56254,4807.266,0.05,4800.266,4817.266,7.0,close_below_lower,0.25936860493457514,2026-01-21 17:40:00+00:00,56255,4817.266,tp,50.0,0.0,0.0,50.0,1.4285714285714286,-0.6239999999997963,9.601000000000568,-0.08914285714282803,1.3715714285715097,1,300.0,0.16,10.736285714285714,15.953170937285996,newyork,Wed,17,False
1123,XAUUSDm,short,2026-01-21 19:00:00+00:00,56271,4850.041,0.05,4857.041,4840.041,7.0,close_above_upper,0.02309514418793457,2026-01-21 19:25:00+00:00,56276,4840.201,tp,49.20000000000073,0.0,0.0,49.20000000000073,1.4057142857143066,-3.632999999999811,6.904000000000451,-0.5189999999999729,0.9862857142857787,5,1500.0,0.16,7.143071428571667,16.485040407187128,newyork,Wed,19,False
1124,XAUUSDm,long,2026-01-21 19:30:00+00:00,56277,4816.115,0.05,4809.115,4826.115,7.0,close_below_lower,0.4404995581118102,2026-01-21 19:35:00+00:00,56278,4805.761,sl,-51.7699999999968,0.0,0.0,-51.7699999999968,-1.4791428571427656,-15.41399999999976,5.222999999999956,-2.2019999999999658,0.7461428571428509,1,300.0,0.16,9.332857142857263,16.850070629236676,newyork,Wed,19,False
1125,XAUUSDm,long,2026-01-21 19:40:00+00:00,56279,4773.848,0.05,4766.848,4783.848,7.0,close_below_lower,2.307958596971377,2026-01-21 19:45:00+00:00,56280,4765.818,sl,-40.14999999999873,0.0,0.0,-40.14999999999873,-1.1471428571428208,-8.212999999999738,6.733000000000175,-1.173285714285677,0.9618571428571678,1,300.0,0.16,11.76621428571434,17.355137512766063,newyork,Wed,19,False
1126,XAUUSDm,long,2026-01-21 19:50:00+00:00,56281,4776.527,0.05,4769.527,4786.527,7.0,close_below_lower,1.3522603557526134,2026-01-21 19:55:00+00:00,56282,4769.527,sl,-35.0,0.0,0.0,-35.0,-1.0,-20.67699999999968,1.5850000000000364,-2.953857142857097,0.2264285714285766,1,300.0,0.16,13.295428571428536,17.891388922426785,newyork,Wed,19,False
1127,XAUUSDm,long,2026-01-21 20:00:00+00:00,56283,4781.365,0.05,4774.365,4791.365,7.0,close_below_lower,0.45073502390654674,2026-01-21 20:05:00+00:00,56284,4774.365,sl,-35.0,0.0,0.0,-35.0,-1.0,-6.152999999999338,6.163000000000466,-0.8789999999999054,0.880428571428638,1,300.0,0.16,15.033357142857117,18.25311160156532,newyork,Wed,20,False
1128,XAUUSDm,long,2026-01-21 20:10:00+00:00,56285,4779.224,0.05,4772.224,4789.224,7.0,close_below_lower,0.06726510792457797,2026-01-21 20:15:00+00:00,56286,4789.224,tp,50.0,0.0,0.0,50.0,1.4285714285714286,-3.7539999999999054,8.231999999999971,-0.5362857142857008,1.175999999999996,1,300.0,0.16,15.880428571428508,18.49384254110735,newyork,Wed,20,False
1129,XAUUSDm,short,2026-01-21 20:45:00+00:00,56292,4820.27,0.05,4827.27,4810.27,7.0,close_above_upper,0.2932710893511877,2026-01-21 20:50:00+00:00,56293,4827.43,sl,-35.79999999999927,0.0,0.0,-35.79999999999927,-1.022857142857122,-1.3309999999992215,3.9580000000005384,-0.19014285714274592,0.5654285714286483,1,300.0,0.16,15.315928571428556,18.734126113754307,newyork,Wed,20,False
1130,XAUUSDm,short,2026-01-21 20:55:00+00:00,56294,4823.946,0.05,4830.946,4813.946,7.0,close_above_upper,0.20518801967127864,2026-01-21 21:05:00+00:00,56296,4814.106,tp,49.20000000000073,0.0,0.0,49.20000000000073,1.4057142857143066,-3.88799999999992,6.71100000000024,-0.55542857142856,0.95871428571432,2,600.0,0.16,12.9105714285714,18.95208186173717,newyork,Wed,20,False
1131,XAUUSDm,short,2026-01-21 21:25:00+00:00,56300,4836.35,0.05,4843.35,4826.35,7.0,close_above_upper,0.01625377453174361,2026-01-21 23:00:00+00:00,56307,4831.1849999999995,signal,25.825000000004366,0.0,0.0,25.825000000004366,0.7378571428572676,-3.4619999999995343,8.27600000000075,-0.49457142857136205,1.1822857142858214,7,5700.0,0.16,9.362499999999923,19.43326295111348,rollover,Wed,21,False
1132,XAUUSDm,long,2026-01-21 23:10:00+00:00,56309,4803.4,0.05,4796.4,4813.4,7.0,close_below_lower,0.1500409780754302,2026-01-21 23:15:00+00:00,56310,4815.072,tp,58.3600000000024,0.0,0.0,58.3600000000024,1.66742857142864,-0.15999999999985448,11.603000000000065,-0.022857142857122068,1.657571428571438,1,300.0,0.16,7.527214285714243,19.87736758866744,rollover,Wed,23,False
1133,XAUUSDm,long,2026-01-21 23:25:00+00:00,56312,4795.9529999999995,0.05,4788.953,4805.953,7.0,close_below_lower,0.19336614120148932,2026-01-21 23:40:00+00:00,56315,4788.953,sl,-34.99999999999545,0.0,0.0,-34.99999999999545,-0.9999999999998701,-10.966999999999643,5.740000000000691,-1.5667142857142349,0.8200000000000988,3,900.0,0.16,8.473785714285636,20.121595726763463,rollover,Wed,23,False
1134,XAUUSDm,long,2026-01-21 23:45:00+00:00,56316,4787.556,0.05,4780.556,4797.556,7.0,close_below_lower,0.00986534182157134,2026-01-21 23:55:00+00:00,56318,4780.556,sl,-35.0,0.0,0.0,-35.0,-1.0,-2.2399999999997817,9.864000000000487,-0.3199999999999688,1.4091428571429268,2,600.0,0.16,9.352714285714358,20.472197308228026,rollover,Wed,23,False
1135,XAUUSDm,long,2026-01-22 00:00:00+00:00,56319,4778.407,0.05,4771.407,4788.407,7.0,close_below_lower,0.04344014120149583,2026-01-22 00:05:00+00:00,56320,4788.407,tp,50.0,0.0,0.0,50.0,1.4285714285714286,-0.2889999999997599,8.346999999999753,-0.04128571428567999,1.192428571428536,1,300.0,0.16,10.69535714285725,20.676580602988327,asian,Thu,0,False
1136,XAUUSDm,short,2026-01-22 15:35:00+00:00,56506,4863.535,0.05,4870.535,4853.535,7.0,close_above_upper,0.025031740390383816,2026-01-22 15:50:00+00:00,56509,4870.695,sl,-35.79999999999927,0.0,0.0,-35.79999999999927,-1.022857142857122,-2.623000000000502,4.536000000000058,-0.37471428571435744,0.6480000000000083,3,900.0,0.16,9.491357142857137,21.177356294434766,overlap,Thu,15,False
1137,XAUUSDm,long,2026-01-23 08:25:00+00:00,56696,4921.16,0.05,4914.16,4931.16,7.0,close_below_lower,0.18927515244258544,2026-01-23 08:30:00+00:00,56697,4913.331,sl,-39.14499999999862,0.0,0.0,-39.14499999999862,-1.118428571428532,-19.863999999999578,0.02900000000045111,-2.8377142857142252,0.004142857142921587,1,300.0,0.16,6.50707142857144,20.48711806016725,london,Fri,8,False
1138,XAUUSDm,short,2026-01-23 16:20:00+00:00,56791,4979.596,0.05,4986.596,4969.596,7.0,close_above_upper,0.034640748725772684,2026-01-23 16:30:00+00:00,56793,4986.755999999999,sl,-35.79999999999927,0.0,0.0,-35.79999999999927,-1.022857142857122,-6.757000000000517,1.9509999999991123,-0.9652857142857881,0.2787142857141589,2,600.0,0.16,7.910214285714184,18.081743991599115,newyork,Fri,16,False
1139,XAUUSDm,short,2026-01-25 23:05:00+00:00,56860,5007.18,0.05,5014.18,4997.18,7.0,close_above_upper,1.1050485139250343,2026-01-25 23:10:00+00:00,56861,5023.684,sl,-82.51999999999953,0.0,0.0,-82.51999999999953,-2.3577142857142723,-17.930999999999585,3.605000000000473,-2.5615714285713693,0.5150000000000675,1,300.0,0.16,5.404285714285639,16.077649479677667,rollover,Sun,23,False
1140,XAUUSDm,short,2026-01-25 23:15:00+00:00,56862,5021.542,0.05,5028.542,5011.542,7.0,close_above_upper,0.6776266270791483,2026-01-25 23:20:00+00:00,56863,5028.702,sl,-35.79999999999927,0.0,0.0,-35.79999999999927,-1.022857142857122,-7.982999999999265,1.7049999999999272,-1.1404285714284665,0.24357142857141817,1,300.0,0.16,7.06214285714285,16.39053614158463,rollover,Sun,23,False
1141,XAUUSDm,short,2026-01-25 23:25:00+00:00,56864,5024.958,0.05,5031.958,5014.958,7.0,close_above_upper,0.38728669448952535,2026-01-25 23:35:00+00:00,56866,5032.1179999999995,sl,-35.79999999999927,0.0,0.0,-35.79999999999927,-1.022857142857122,-1.9549999999999272,12.627999999999702,-0.27928571428570387,1.8039999999999574,2,600.0,0.16,7.831357142857087,16.680170326583642,rollover,Sun,23,False
1142,XAUUSDm,short,2026-01-25 23:40:00+00:00,56867,5029.982,0.05,5036.982,5019.982,7.0,close_above_upper,0.14674412518049798,2026-01-25 23:50:00+00:00,56869,5037.142,sl,-35.79999999999927,0.0,0.0,-35.79999999999927,-1.022857142857122,-6.1909999999998035,4.898000000000138,-0.8844285714285434,0.6997142857143055,2,600.0,0.16,9.771142857142747,16.890923531282972,rollover,Sun,23,False
1143,XAUUSDm,short,2026-01-25 23:55:00+00:00,56870,5039.873,0.05,5046.873,5029.873,7.0,close_above_upper,0.19225953078295357,2026-01-26 00:30:00+00:00,56877,5047.032999999999,sl,-35.79999999999927,0.0,0.0,-35.79999999999927,-1.022857142857122,-4.026000000000749,9.36199999999917,-0.5751428571429642,1.3374285714284528,7,2100.0,0.16,11.031571428571365,17.102018239569475,rollover,Sun,23,False
1144,XAUUSDm,short,2026-01-26 01:25:00+00:00,56888,5069.194,0.05,5076.194,5059.194,7.0,close_above_upper,0.1056043535902983,2026-01-26 01:30:00+00:00,56889,5076.354,sl,-35.79999999999927,0.0,0.0,-35.79999999999927,-1.022857142857122,-6.227999999999156,2.7960000000002765,-0.8897142857141651,0.39942857142861093,1,300.0,0.16,7.451999999999836,17.961143267340894,asian,Mon,1,False
1145,XAUUSDm,short,2026-01-26 01:35:00+00:00,56890,5083.691,0.05,5090.691,5073.691,7.0,close_above_upper,0.5362215468176447,2026-01-26 01:40:00+00:00,56891,5073.851,tp,49.20000000000073,0.0,0.0,49.20000000000073,1.4057142857143066,-2.007999999999811,12.161000000000058,-0.28685714285711583,1.7372857142857225,1,300.0,0.16,8.178428571428347,18.101566920447663,asian,Mon,1,False
1146,XAUUSDm,short,2026-01-26 01:45:00+00:00,56892,5083.284,0.05,5090.284,5073.284,7.0,close_above_upper,0.18178587221148387,2026-01-26 01:50:00+00:00,56893,5073.4439999999995,tp,49.20000000000073,0.0,0.0,49.20000000000073,1.4057142857143066,-1.5560000000004948,9.589999999999236,-0.22228571428578497,1.3699999999998909,1,300.0,0.16,8.916785714285457,18.11980904475174,asian,Mon,1,False
1147,XAUUSDm,short,2026-01-26 06:50:00+00:00,56953,5106.803,0.05,5113.803,5096.803,7.0,close_above_upper,0.5296338419809976,2026-01-26 06:55:00+00:00,56954,5096.963,tp,49.20000000000073,0.0,0.0,49.20000000000073,1.4057142857143066,-4.369999999999891,7.543999999999869,-0.6242857142856987,1.077714285714267,1,300.0,0.16,8.421642857142874,18.531401026735264,asian,Mon,6,False
1148,XAUUSDm,long,2026-01-26 16:40:00+00:00,57071,5069.21,0.05,5062.21,5079.21,7.0,close_below_lower,0.04605398054911829,2026-01-26 16:45:00+00:00,57072,5079.21,tp,50.0,0.0,0.0,50.0,1.4285714285714286,-1.0380000000004657,14.068000000000211,-0.1482857142857808,2.009714285714316,1,300.0,0.16,11.23185714285715,17.576781505489482,newyork,Mon,16,False
1149,XAUUSDm,long,2026-01-26 18:40:00+00:00,57095,5068.68,0.05,5061.68,5078.68,7.0,close_below_lower,0.07385968879421063,2026-01-26 18:45:00+00:00,57096,5078.68,tp,50.0,0.0,0.0,50.0,1.4285714285714286,-10.877000000000407,0.7399999999997817,-1.553857142857201,0.10571428571425454,1,300.0,0.16,9.188214285714237,17.483555296311852,newyork,Mon,18,False
1150,XAUUSDm,long,2026-01-26 19:05:00+00:00,57100,5046.081999999999,0.05,5039.082,5056.082,7.0,close_below_lower,0.7554169230787985,2026-01-26 19:10:00+00:00,57101,5057.163,tp,55.405000000000655,0.0,0.0,55.405000000000655,1.5830000000000186,-1.5239999999994325,16.392000000000735,-0.21771428571420465,2.341714285714391,1,300.0,0.16,12.155999999999883,17.693536514755742,newyork,Mon,19,False
1151,XAUUSDm,long,2026-01-26 19:20:00+00:00,57103,5040.51,0.05,5033.51,5050.51,7.0,close_below_lower,0.552824480658466,2026-01-26 19:25:00+00:00,57104,5021.945,sl,-92.82500000000255,0.0,0.0,-92.82500000000255,-2.65214285714293,-20.22400000000016,4.059999999999491,-2.88914285714288,0.5799999999999272,1,300.0,0.16,14.14085714285706,18.013657143381778,newyork,Mon,19,False
1152,XAUUSDm,long,2026-01-26 19:30:00+00:00,57105,5027.536,0.05,5020.536,5037.536,7.0,close_below_lower,0.6879271696963439,2026-01-26 19:35:00+00:00,57106,5041.809,tp,71.36500000000069,0.0,0.0,71.36500000000069,2.0390000000000197,-2.7330000000001746,16.14599999999973,-0.3904285714285964,2.3065714285713903,1,300.0,0.16,15.210214285714235,18.41810858641543,newyork,Mon,19,False
1153,XAUUSDm,long,2026-01-26 19:50:00+00:00,57109,5018.334,0.05,5011.334,5028.334,7.0,close_below_lower,0.4737376738133543,2026-01-26 19:55:00+00:00,57110,5028.334,tp,50.0,0.0,0.0,50.0,1.4285714285714286,-7.706999999999425,6.488000000000284,-1.1009999999999178,0.9268571428571833,1,300.0,0.16,17.53499999999992,18.66006721066867,newyork,Mon,19,False
1154,XAUUSDm,long,2026-01-26 21:25:00+00:00,57128,5020.615,0.05,5013.615,5030.615,7.0,close_below_lower,0.20613009501437443,2026-01-26 21:30:00+00:00,57129,5013.615,sl,-35.0,0.0,0.0,-35.0,-1.0,-1.8389999999999418,6.26299999999992,-0.2627142857142774,0.8947142857142742,1,300.0,0.16,12.11771428571449,19.46656357110033,rollover,Mon,21,False
1155,XAUUSDm,long,2026-01-26 21:35:00+00:00,57130,5010.880999999999,0.05,5003.881,5020.881,7.0,close_below_lower,0.3854722794925745,2026-01-26 21:40:00+00:00,57131,5001.602,sl,-46.39499999999771,0.0,0.0,-46.39499999999771,-1.3255714285713631,-21.248999999999796,0.6300000000010186,-3.0355714285713993,0.09000000000014552,1,300.0,0.16,12.24235714285734,19.67890711039987,rollover,Mon,21,False
1156,XAUUSDm,long,2026-01-26 21:45:00+00:00,57132,5005.393,0.05,4998.393,5015.393,7.0,close_below_lower,0.24633144835667434,2026-01-26 21:50:00+00:00,57133,5015.393,tp,50.0,0.0,0.0,50.0,1.4285714285714286,-1.1890000000003056,11.521999999999935,-0.1698571428571865,1.6459999999999906,1,300.0,0.16,13.704071428571686,20.012740035967923,rollover,Mon,21,False
1157,XAUUSDm,short,2026-01-26 23:20:00+00:00,57139,5047.107,0.05,5054.107,5037.107,7.0,close_above_upper,0.013926108722825938,2026-01-26 23:40:00+00:00,57143,5054.267,sl,-35.79999999999927,0.0,0.0,-35.79999999999927,-1.022857142857122,-5.582000000000335,6.445999999999913,-0.7974285714286192,0.9208571428571304,4,1200.0,0.16,14.171857142857334,20.391241500219255,rollover,Mon,23,False
1158,XAUUSDm,short,2026-01-27 01:15:00+00:00,57162,5071.61,0.05,5078.61,5061.61,7.0,close_above_upper,0.37194691244915756,2026-01-27 01:30:00+00:00,57165,5061.7699999999995,tp,49.20000000000073,0.0,0.0,49.20000000000073,1.4057142857143066,-4.342000000000553,8.378999999999905,-0.6202857142857933,1.1969999999999865,3,900.0,0.16,10.396571428571601,21.576753493653875,asian,Tue,1,False
1159,XAUUSDm,short,2026-01-27 20:05:00+00:00,57388,5119.018,0.05,5126.018,5109.018,7.0,close_above_upper,0.28676190050644046,2026-01-27 20:10:00+00:00,57389,5126.178,sl,-35.79999999999927,0.0,0.0,-35.79999999999927,-1.022857142857122,-7.819000000000415,3.8710000000000946,-1.1170000000000593,0.5530000000000135,1,300.0,0.16,5.876214285714208,19.74309885149509,newyork,Tue,20,False
1160,XAUUSDm,short,2026-01-27 20:15:00+00:00,57390,5141.737,0.05,5148.737,5131.737,7.0,close_above_upper,1.0109433602412705,2026-01-27 20:20:00+00:00,57391,5148.897,sl,-35.79999999999927,0.0,0.0,-35.79999999999927,-1.022857142857122,-0.5940000000000509,9.902000000000044,-0.08485714285715014,1.4145714285714348,1,300.0,0.16,7.186428571428548,19.853998357505773,newyork,Tue,20,False
1161,XAUUSDm,short,2026-01-27 20:25:00+00:00,57392,5137.934,0.05,5144.934,5127.934,7.0,close_above_upper,0.36984148603969275,2026-01-27 20:30:00+00:00,57393,5145.094,sl,-35.79999999999927,0.0,0.0,-35.79999999999927,-1.022857142857122,-6.530999999999949,4.344000000000051,-0.9329999999999927,0.6205714285714359,1,300.0,0.16,8.132285714285704,19.984813798142707,newyork,Tue,20,False
1162,XAUUSDm,short,2026-01-27 20:35:00+00:00,57394,5143.313,0.05,5150.313,5133.313,7.0,close_above_upper,0.21831375635539588,2026-01-27 20:45:00+00:00,57396,5150.473,sl,-35.79999999999927,0.0,0.0,-35.79999999999927,-1.022857142857122,-5.673999999999978,6.710000000000036,-0.8105714285714255,0.9585714285714337,2,600.0,0.16,9.589785714285686,20.157572200297768,newyork,Tue,20,False
1163,XAUUSDm,short,2026-01-27 20:50:00+00:00,57397,5160.419,0.05,5167.419,5150.419,7.0,close_above_upper,0.4670022814536045,2026-01-27 20:55:00+00:00,57398,5176.898,sl,-82.39500000000135,0.0,0.0,-82.39500000000135,-2.3541428571428957,-16.837000000000444,7.6710000000002765,-2.4052857142857778,1.0958571428571824,1,300.0,0.16,12.165428571428622,20.49292405522706,newyork,Tue,20,False
1164,XAUUSDm,short,2026-01-27 21:00:00+00:00,57399,5176.662,0.05,5183.662,5166.662,7.0,close_above_upper,0.6786452389444714,2026-01-27 21:05:00+00:00,57400,5183.822,sl,-35.79999999999927,0.0,0.0,-35.79999999999927,-1.022857142857122,-11.59099999999944,5.820999999999913,-1.6558571428570628,0.8315714285714161,1,300.0,0.16,14.515071428571511,20.892967102745157,rollover,Tue,21,False
1165,XAUUSDm,short,2026-01-27 21:10:00+00:00,57401,5180.816,0.05,5187.816,5170.816,7.0,close_above_upper,0.39355790207919156,2026-01-27 21:25:00+00:00,57404,5170.976,tp,49.20000000000073,0.0,0.0,49.20000000000073,1.4057142857143066,-5.7409999999999854,8.715000000000146,-0.8201428571428551,1.2450000000000208,3,900.0,0.16,15.860714285714298,21.104440658329533,rollover,Tue,21,False
1166,XAUUSDm,short,2026-01-28 01:10:00+00:00,57435,5196.666,0.05,5203.666,5186.666,7.0,close_above_upper,0.08110492804141596,2026-01-28 01:15:00+00:00,57436,5186.826,tp,49.20000000000073,0.0,0.0,49.20000000000073,1.4057142857143066,-0.31300000000010186,21.567000000000007,-0.044714285714300264,3.081000000000001,1,300.0,0.16,8.109785714285604,21.76048163548228,asian,Wed,1,False
1167,XAUUSDm,short,2026-01-28 01:45:00+00:00,57442,5215.428,0.05,5222.428,5205.428,7.0,close_above_upper,0.24721572011765375,2026-01-28 01:50:00+00:00,57443,5222.588,sl,-35.79999999999927,0.0,0.0,-35.79999999999927,-1.022857142857122,-8.601000000000568,0.09400000000005093,-1.2287142857143667,0.013428571428578704,1,300.0,0.16,11.82107142857142,22.170230462001427,asian,Wed,1,False
1168,XAUUSDm,short,2026-01-28 01:55:00+00:00,57444,5219.762,0.05,5226.762,5209.762,7.0,close_above_upper,0.09337793248710444,2026-01-28 02:00:00+00:00,57445,5204.897,tp,74.32499999999891,0.0,0.0,74.32499999999891,2.1235714285713976,-0.4110000000000582,15.087999999999738,-0.05871428571429403,2.155428571428534,1,300.0,0.16,12.430857142857153,22.371450733925712,asian,Wed,1,False
1169,XAUUSDm,long,2026-01-28 11:05:00+00:00,57554,5243.822999999999,0.05,5236.823,5253.823,7.0,close_below_lower,0.24830029508189036,2026-01-28 11:10:00+00:00,57555,5253.823,tp,50.00000000000455,0.0,0.0,50.00000000000455,1.4285714285715585,-5.194999999999709,12.481000000000677,-0.7421428571428156,1.7830000000000967,1,300.0,0.16,7.373500000000084,23.57059683078944,london,Wed,11,False
1170,XAUUSDm,long,2026-01-28 15:10:00+00:00,57603,5242.327,0.05,5235.327,5252.327,7.0,close_below_lower,0.2370712048641849,2026-01-28 15:15:00+00:00,57604,5256.788,tp,72.30499999999665,0.0,0.0,72.30499999999665,2.0658571428570474,-0.15999999999985448,19.831999999999425,-0.022857142857122068,2.833142857142775,1,300.0,0.16,15.127499999999925,23.253823037491568,overlap,Wed,15,False
1171,XAUUSDm,short,2026-01-28 18:25:00+00:00,57642,5321.549,0.05,5328.549,5311.549,7.0,close_above_upper,0.017343473863535772,2026-01-28 18:30:00+00:00,57643,5305.547,tp,80.01000000000204,0.0,0.0,80.01000000000204,2.286000000000058,-1.7280000000000655,18.103000000000065,-0.2468571428571522,2.5861428571428666,1,300.0,0.16,10.515285714285906,21.384357145688067,newyork,Wed,18,False
1172,XAUUSDm,long,2026-01-28 18:40:00+00:00,57645,5273.863,0.05,5266.863,5283.863,7.0,close_below_lower,0.12549779502187294,2026-01-28 19:00:00+00:00,57649,5283.863,tp,50.0,0.0,0.0,50.0,1.4285714285714286,-3.5230000000001382,9.863999999999578,-0.503285714285734,1.4091428571427969,4,1200.0,0.16,13.93400000000013,21.305705405829585,newyork,Wed,18,False
1173,XAUUSDm,short,2026-01-28 19:50:00+00:00,57659,5316.11,0.05,5323.11,5306.11,7.0,close_above_upper,0.011910107163833573,2026-01-28 19:55:00+00:00,57660,5323.2699999999995,sl,-35.79999999999927,0.0,0.0,-35.79999999999927,-1.022857142857122,-3.5799999999999272,5.300999999999476,-0.511428571428561,0.7572857142856394,1,300.0,0.16,13.596928571428634,21.707551779663557,newyork,Wed,19,False
1174,XAUUSDm,short,2026-01-28 20:00:00+00:00,57661,5325.376,0.05,5332.376,5315.376,7.0,close_above_upper,0.15747206131613498,2026-01-28 20:05:00+00:00,57662,5332.536,sl,-35.79999999999927,0.0,0.0,-35.79999999999927,-1.022857142857122,-11.315999999999804,0.4329999999999927,-1.6165714285714006,0.06185714285714182,1,300.0,0.16,14.013500000000022,21.89016833904854,newyork,Wed,20,False
1175,XAUUSDm,short,2026-01-28 20:10:00+00:00,57663,5332.205,0.05,5339.205,5322.205,7.0,close_above_upper,0.13118223706260743,2026-01-28 20:15:00+00:00,57664,5322.365,tp,49.20000000000073,0.0,0.0,49.20000000000073,1.4057142857143066,-0.22800000000006548,9.452000000000226,-0.032571428571437924,1.3502857142857465,1,300.0,0.16,14.445857142857156,21.908683373836606,newyork,Wed,20,False
1176,XAUUSDm,short,2026-01-28 20:20:00+00:00,57665,5338.852,0.05,5345.852,5328.852,7.0,close_above_upper,0.12186871957591033,2026-01-28 20:25:00+00:00,57666,5346.012,sl,-35.79999999999927,0.0,0.0,-35.79999999999927,-1.022857142857122,-3.298999999999978,6.050000000000182,-0.47128571428571114,0.8642857142857403,1,300.0,0.16,13.880214285714374,21.91549852923631,newyork,Wed,20,False
1177,XAUUSDm,short,2026-01-28 20:30:00+00:00,57667,5354.522,0.05,5361.522,5344.522,7.0,close_above_upper,0.45951262488119304,2026-01-28 20:35:00+00:00,57668,5361.682,sl,-35.79999999999927,0.0,0.0,-35.79999999999927,-1.022857142857122,-9.475000000000364,1.4329999999999927,-1.3535714285714806,0.20471428571428468,1,300.0,0.16,13.861714285714308,22.111477170831797,newyork,Wed,20,False
1178,XAUUSDm,short,2026-01-28 20:40:00+00:00,57669,5376.126,0.05,5383.126,5366.126,7.0,close_above_upper,0.9174885039926114,2026-01-28 20:45:00+00:00,57670,5383.6759999999995,sl,-37.74999999999636,0.0,0.0,-37.74999999999636,-1.0785714285713246,-15.220999999999549,1.686000000000604,-2.174428571428507,0.24085714285722912,1,300.0,0.16,14.188785714285716,22.46555028073418,newyork,Wed,20,False
1179,XAUUSDm,short,2026-01-28 20:50:00+00:00,57671,5388.632,0.05,5395.632,5378.632,7.0,close_above_upper,0.8657369880110896,2026-01-28 20:55:00+00:00,57672,5369.3769999999995,tp,96.27500000000055,0.0,0.0,96.27500000000055,2.7507142857143014,-2.4550000000008367,21.27099999999973,-0.35071428571440527,3.038714285714247,1,300.0,0.16,14.496928571428596,22.92570617280776,newyork,Wed,20,False
1180,XAUUSDm,short,2026-01-28 21:05:00+00:00,57674,5387.597,0.05,5394.597,5377.597,7.0,close_above_upper,0.21999182808519063,2026-01-28 21:10:00+00:00,57675,5394.757,sl,-35.79999999999927,0.0,0.0,-35.79999999999927,-1.022857142857122,-8.930000000000291,1.350999999999658,-1.2757142857143273,0.19299999999995116,1,300.0,0.16,15.212142857143006,23.28820085524336,rollover,Wed,21,False
1181,XAUUSDm,short,2026-01-28 23:00:00+00:00,57685,5448.139,0.05,5455.139,5438.139,7.0,close_above_upper,0.14028588549052148,2026-01-28 23:05:00+00:00,57686,5455.299,sl,-35.79999999999927,0.0,0.0,-35.79999999999927,-1.022857142857122,-5.125,13.090000000000146,-0.7321428571428571,1.8700000000000208,1,300.0,0.16,12.191785714285873,23.92606043333282,rollover,Wed,23,False
1182,XAUUSDm,short,2026-01-28 23:10:00+00:00,57687,5452.542,0.05,5459.542,5442.542,7.0,close_above_upper,1.0523595638718712,2026-01-28 23:15:00+00:00,57688,5474.95,sl,-112.03999999999724,0.0,0.0,-112.03999999999724,-3.201142857142778,-22.654999999999745,3.9420000000000073,-3.2364285714285352,0.5631428571428582,1,300.0,0.16,13.67164285714294,24.470376625505168,rollover,Wed,23,False
1183,XAUUSDm,short,2026-01-28 23:20:00+00:00,57689,5492.196,0.05,5499.196,5482.196,7.0,close_above_upper,1.8470240660129562,2026-01-28 23:25:00+00:00,57690,5482.356,tp,49.20000000000073,0.0,0.0,49.20000000000073,1.4057142857143066,-1.4949999999998909,20.115999999999985,-0.21357142857141298,2.8737142857142834,1,300.0,0.16,15.43828571428581,25.253805154076936,rollover,Wed,23,False
1184,XAUUSDm,short,2026-01-28 23:30:00+00:00,57691,5490.368,0.05,5497.368,5480.368,7.0,close_above_upper,1.0639647985613212,2026-01-28 23:35:00+00:00,57692,5501.688,sl,-56.599999999998545,0.0,0.0,-56.599999999998545,-1.6171428571428155,-11.34899999999925,1.0140000000001237,-1.6212857142856072,0.14485714285716053,1,300.0,0.16,15.829000000000113,25.87608611399984,rollover,Wed,23,False
1185,XAUUSDm,short,2026-01-28 23:40:00+00:00,57693,5555.052,0.05,5562.052,5545.052,7.0,close_above_upper,3.093489377673359,2026-01-28 23:45:00+00:00,57694,5532.465,tp,112.93499999999767,0.0,0.0,112.93499999999767,3.2267142857142193,-1.8530000000000655,27.97099999999955,-0.26471428571429506,3.9958571428570786,1,300.0,0.24,20.688142857142925,26.805016694186435,rollover,Wed,23,False
1186,XAUUSDm,long,2026-01-29 01:05:00+00:00,57710,5468.697999999999,0.05,5461.698,5478.698,7.0,close_below_lower,0.2118525469765723,2026-01-29 01:10:00+00:00,57711,5447.535,sl,-105.81499999999778,0.0,0.0,-105.81499999999778,-3.023285714285651,-23.22699999999986,12.062000000000808,-3.3181428571428375,1.7231428571429726,1,300.0,0.16,29.960428571428697,28.08055639779448,asian,Thu,1,False
1187,XAUUSDm,short,2026-01-29 01:45:00+00:00,57718,5539.885,0.05,5546.885,5529.885,7.0,close_above_upper,0.20449738704865986,2026-01-29 01:50:00+00:00,57719,5547.045,sl,-35.79999999999927,0.0,0.0,-35.79999999999927,-1.022857142857122,-7.488999999999578,12.658000000000357,-1.0698571428570827,1.8082857142857651,1,300.0,0.16,24.52221428571433,28.82706410554086,asian,Thu,1,False
1188,XAUUSDm,long,2026-01-29 05:25:00+00:00,57762,5521.248,0.05,5514.248,5531.248,7.0,close_below_lower,0.029555145660945817,2026-01-29 05:30:00+00:00,57763,5542.121,tp,104.36500000000251,0.0,0.0,104.36500000000251,2.9818571428572147,-0.15999999999985448,20.897000000000844,-0.022857142857122068,2.9852857142858347,1,300.0,0.16,10.601142857142738,30.057682607209237,asian,Thu,5,False
1189,XAUUSDm,long,2026-01-29 08:45:00+00:00,57802,5483.186,0.05,5476.186,5493.186,7.0,close_below_lower,0.4498208316911832,2026-01-29 08:50:00+00:00,57803,5506.103,tp,114.58500000000186,0.0,0.0,114.58500000000186,3.273857142857196,-9.219999999999345,24.10699999999997,-1.3171428571427637,3.4438571428571385,1,300.0,0.16,14.984642857142783,32.26664047729555,london,Thu,8,False
1190,XAUUSDm,long,2026-01-29 15:05:00+00:00,57878,5458.253,0.05,5451.253,5468.253,7.0,close_below_lower,0.644151773406564,2026-01-29 15:10:00+00:00,57879,5415.314,sl,-214.69499999999698,0.0,0.0,-214.69499999999698,-6.134142857142771,-51.11999999999989,13.86200000000008,-7.302857142857127,1.9802857142857258,1,300.0,0.16,23.347357142857295,33.88161227704063,overlap,Thu,15,False
1191,XAUUSDm,long,2026-01-29 15:15:00+00:00,57880,5384.788,0.05,5377.788,5394.788,7.0,close_below_lower,2.0326077644885863,2026-01-29 15:20:00+00:00,57881,5332.728,sl,-260.29999999999745,0.0,0.0,-260.29999999999745,-7.437142857142784,-104.73299999999927,2.042000000000371,-14.961857142857038,0.2917142857143387,1,300.0,0.16,30.70992857142866,35.02949336510696,overlap,Thu,15,False
1192,XAUUSDm,long,2026-01-29 15:25:00+00:00,57882,5294.995,0.05,5287.995,5304.995,7.0,close_below_lower,3.29151723587369,2026-01-29 15:30:00+00:00,57883,5191.282,sl,-518.5649999999987,0.0,0.0,-518.5649999999987,-14.81614285714282,-200.01699999999983,15.876000000000204,-28.57385714285712,2.268000000000029,1,300.0,0.16,40.70450000000002,36.80850215016238,overlap,Thu,15,False
1193,XAUUSDm,long,2026-01-29 15:35:00+00:00,57884,5163.064,0.05,5156.064,5173.064,7.0,close_below_lower,4.8120865927890515,2026-01-29 15:40:00+00:00,57885,5204.38,tp,206.57999999999902,0.0,0.0,206.57999999999902,5.902285714285687,-57.86200000000008,70.54500000000007,-8.26600000000001,10.077857142857154,1,300.0,0.16,63.51885714285715,39.5437316493038,overlap,Thu,15,False
1194,XAUUSDm,long,2026-01-29 15:45:00+00:00,57886,5121.869,0.05,5114.869,5131.869,7.0,close_below_lower,4.124444333930021,2026-01-29 15:50:00+00:00,57887,5166.088,tp,221.09500000000025,0.0,0.0,221.09500000000025,6.317000000000007,-4.844999999999345,62.95499999999993,-0.6921428571427636,8.993571428571418,1,300.0,0.16,76.05100000000006,41.7654970951005,overlap,Thu,15,False
1195,XAUUSDm,long,2026-01-29 15:55:00+00:00,57888,5196.093,0.05,5189.093,5206.093,7.0,close_below_lower,1.2048109020586002,2026-01-29 16:00:00+00:00,57889,5182.807,sl,-66.43000000000029,0.0,0.0,-66.43000000000029,-1.8980000000000083,-28.90599999999995,1.75,-4.129428571428564,0.25,1,300.0,0.16,80.04164285714283,43.00055888985213,overlap,Thu,15,False
1196,XAUUSDm,short,2026-01-29 17:20:00+00:00,57905,5337.538,0.05,5344.538,5327.538,7.0,close_above_upper,0.41624001182819403,2026-01-29 17:25:00+00:00,57906,5344.697999999999,sl,-35.79999999999927,0.0,0.0,-35.79999999999927,-1.022857142857122,-7.532000000000153,12.117999999999483,-1.0760000000000218,1.7311428571427834,1,300.0,0.16,31.390214285714396,43.08885093906987,newyork,Thu,17,False
1197,XAUUSDm,short,2026-01-29 17:30:00+00:00,57907,5362.768,0.05,5369.768,5352.768,7.0,close_above_upper,0.6108254528677276,2026-01-29 17:35:00+00:00,57908,5344.903,tp,89.32499999999891,0.0,0.0,89.32499999999891,2.552142857142826,-1.1769999999996799,23.783000000000357,-0.1681428571428114,3.3975714285714793,1,300.0,0.16,30.62307142857149,43.66699569480771,newyork,Thu,17,False
1198,XAUUSDm,short,2026-01-29 17:40:00+00:00,57909,5363.794,0.05,5370.794,5353.794,7.0,close_above_upper,0.2669940881726627,2026-01-29 17:45:00+00:00,57910,5370.954,sl,-35.79999999999927,0.0,0.0,-35.79999999999927,-1.022857142857122,-11.676000000000386,5.886999999999716,-1.668000000000055,0.8409999999999594,1,300.0,0.16,29.758357142857157,44.09797820985966,newyork,Thu,17,False
1199,XAUUSDm,short,2026-01-29 20:50:00+00:00,57947,5371.865,0.05,5378.865,5361.865,7.0,close_above_upper,0.03683646147208392,2026-01-29 20:55:00+00:00,57948,5391.046,sl,-95.90500000000247,0.0,0.0,-95.90500000000247,-2.740142857142928,-27.94500000000062,0.07200000000011642,-3.9921428571429454,0.010285714285730916,1,300.0,0.16,17.519714285714276,45.88143757960861,newyork,Thu,20,False
1200,XAUUSDm,short,2026-01-29 21:00:00+00:00,57949,5394.432,0.05,5401.432,5384.432,7.0,close_above_upper,0.1901289120599511,2026-01-29 21:05:00+00:00,57950,5401.592,sl,-35.79999999999927,0.0,0.0,-35.79999999999927,-1.022857142857122,-11.579999999999927,1.4920000000001892,-1.654285714285704,0.21314285714288417,1,300.0,0.16,18.210142857142923,46.475792603556506,rollover,Thu,21,False
1201,XAUUSDm,long,2026-01-30 01:50:00+00:00,57983,5329.797,0.05,5322.797,5339.797,7.0,close_below_lower,0.8657011962358008,2026-01-30 01:55:00+00:00,57984,5322.797,sl,-35.0,0.0,0.0,-35.0,-1.0,-1.1779999999998836,15.38800000000083,-0.16828571428569766,2.198285714285833,1,300.0,0.16,20.346571428571483,49.4314202986335,asian,Fri,1,False
1202,XAUUSDm,long,2026-01-30 02:00:00+00:00,57985,5301.772,0.05,5294.772,5311.772,7.0,close_below_lower,0.9701026837166965,2026-01-30 02:05:00+00:00,57986,5294.772,sl,-35.0,0.0,0.0,-35.0,-1.0,-22.408000000000357,11.041000000000167,-3.201142857142908,1.5772857142857382,1,300.0,0.16,23.27857142857153,50.33413597311636,asian,Fri,2,False
1203,XAUUSDm,long,2026-01-30 02:10:00+00:00,57987,5273.826,0.05,5266.826,5283.826,7.0,close_below_lower,0.9654757477317889,2026-01-30 02:15:00+00:00,57988,5212.323,sl,-307.5149999999985,0.0,0.0,-307.5149999999985,-8.786142857142815,-78.29899999999998,1.917000000000371,-11.185571428571425,0.27385714285719587,1,300.0,0.16,26.201785714285766,51.36384107451138,asian,Fri,2,False
1204,XAUUSDm,long,2026-01-30 02:20:00+00:00,57989,5146.49,0.05,5139.49,5156.49,7.0,close_below_lower,2.47244211015274,2026-01-30 02:25:00+00:00,57990,5162.911,tp,82.10500000000138,0.0,0.0,82.10500000000138,2.345857142857182,-34.443999999999505,34.52300000000014,-4.920571428571358,4.9318571428571625,1,300.0,0.16,35.317785714285755,53.24444966846251,asian,Fri,2,False
1205,XAUUSDm,long,2026-01-30 02:30:00+00:00,57991,5172.115,0.05,5165.115,5182.115,7.0,close_below_lower,1.162039487631065,2026-01-30 02:35:00+00:00,57992,5161.73,sl,-51.92500000000109,0.0,0.0,-51.92500000000109,-1.4835714285714598,-32.50799999999981,12.954999999999927,-4.643999999999973,1.8507142857142753,1,300.0,0.16,42.08185714285719,54.69623881348933,asian,Fri,2,False
1206,XAUUSDm,long,2026-01-30 08:35:00+00:00,58064,5078.5019999999995,0.05,5071.502,5088.502,7.0,close_below_lower,0.22524046766314912,2026-01-30 08:40:00+00:00,58065,5092.222,tp,68.60000000000127,0.0,0.0,68.60000000000127,1.9600000000000364,-22.511999999999716,19.8700000000008,-3.2159999999999593,2.838571428571543,1,300.0,0.16,27.835857142857158,59.5498315463706,london,Fri,8,False
1207,XAUUSDm,long,2026-01-30 09:15:00+00:00,58072,5028.1849999999995,0.05,5021.185,5038.185,7.0,close_below_lower,0.3251862870041266,2026-01-30 09:20:00+00:00,58073,5068.793,tp,203.04000000000087,0.0,0.0,203.04000000000087,5.8011428571428825,-5.479999999999563,42.13200000000052,-0.7828571428570805,6.018857142857216,1,300.0,0.16,35.2223571428571,61.16522249387397,london,Fri,9,False
1208,XAUUSDm,long,2026-01-30 09:45:00+00:00,58078,4976.869,0.05,4969.869,4986.869,7.0,close_below_lower,0.37665335942372996,2026-01-30 09:50:00+00:00,58079,4969.869,sl,-35.0,0.0,0.0,-35.0,-1.0,-27.818999999999505,22.538000000000466,-3.9741428571427866,3.2197142857143524,1,300.0,0.16,37.61985714285707,62.58673201124228,london,Fri,9,False
1209,XAUUSDm,long,2026-01-30 15:05:00+00:00,58142,4985.679,0.05,4978.679,4995.679,7.0,close_below_lower,0.018598290720952964,2026-01-30 15:10:00+00:00,58143,5000.361,tp,73.40999999999894,0.0,0.0,73.40999999999894,2.097428571428541,-5.280999999999949,28.908000000000357,-0.7544285714285641,4.1297142857143365,1,300.0,0.16,34.1357857142857,69.87938160776156,overlap,Fri,15,False
1210,XAUUSDm,long,2026-01-30 17:45:00+00:00,58174,4859.945,0.05,4852.945,4869.945,7.0,close_below_lower,0.035110383657790525,2026-01-30 17:50:00+00:00,58175,4852.945,sl,-35.0,0.0,0.0,-35.0,-1.0,-6.380000000000109,19.170000000000073,-0.911428571428587,2.738571428571439,1,300.0,0.16,36.389214285714324,71.56392587248658,newyork,Fri,17,False
1211,XAUUSDm,long,2026-01-30 17:55:00+00:00,58176,4813.608,0.05,4806.608,4823.608,7.0,close_below_lower,0.34133826638399817,2026-01-30 18:00:00+00:00,58177,4849.876,tp,181.34000000000015,0.0,0.0,181.34000000000015,5.181142857142861,-12.498999999999796,36.8779999999997,-1.7855714285713995,5.268285714285672,1,300.0,0.16,37.34621428571433,72.25919002559255,newyork,Fri,17,False
1212,XAUUSDm,long,2026-01-30 18:20:00+00:00,58181,4756.648,0.05,4749.648,4766.648,7.0,close_below_lower,0.41001299982972783,2026-01-30 18:25:00+00:00,58182,4717.413,sl,-196.1750000000029,0.0,0.0,-196.1750000000029,-5.605000000000083,-52.60699999999997,15.805999999999585,-7.51528571428571,2.257999999999941,1,300.0,0.16,45.15757142857144,73.80935901265521,newyork,Fri,18,False
1213,XAUUSDm,long,2026-01-30 18:30:00+00:00,58183,4742.8189999999995,0.05,4735.819,4752.819,7.0,close_below_lower,0.15987812380161412,2026-01-30 18:35:00+00:00,58184,4735.819,sl,-34.99999999999545,0.0,0.0,-34.99999999999545,-0.9999999999998701,-18.698999999999614,30.66900000000078,-2.671285714285659,4.381285714285825,1,300.0,0.16,48.31814285714284,74.957866185408,newyork,Fri,18,False
1214,XAUUSDm,long,2026-01-30 18:40:00+00:00,58185,4696.754,0.05,4689.754,4706.754,7.0,close_below_lower,0.38960095282979385,2026-01-30 18:45:00+00:00,58186,4780.335,tp,417.90500000000065,0.0,0.0,417.90500000000065,11.940142857142876,-2.5429999999996653,88.92600000000039,-0.3632857142856665,12.70371428571434,1,300.0,0.16,53.32585714285714,75.6847108757908,newyork,Fri,18,False
1215,XAUUSDm,short,2026-01-30 19:00:00+00:00,58189,4880.798,0.05,4887.798,4870.798,7.0,close_above_upper,0.018123634179753913,2026-01-30 19:05:00+00:00,58190,4899.01,sl,-91.06000000000222,0.0,0.0,-91.06000000000222,-2.601714285714349,-32.82000000000062,7.25,-4.6885714285715165,1.0357142857142858,1,300.0,0.16,59.898642857142995,75.43192979322411,newyork,Fri,19,False
1216,XAUUSDm,short,2026-01-30 19:10:00+00:00,58191,4909.635,0.05,4916.635,4899.635,7.0,close_above_upper,0.15503931578449553,2026-01-30 19:15:00+00:00,58192,4889.994,tp,98.20500000000266,0.0,0.0,98.20500000000266,2.8058571428572185,-8.768000000000029,37.766999999999825,-1.2525714285714327,5.39528571428569,1,300.0,0.16,57.11750000000023,75.81724001767581,newyork,Fri,19,False
1217,XAUUSDm,long,2026-02-01 23:15:00+00:00,58227,4741.8589999999995,0.05,4734.859,4751.859,7.0,close_below_lower,0.3991074916524933,2026-02-01 23:20:00+00:00,58228,4718.034,sl,-119.12499999999909,0.0,0.0,-119.12499999999909,-3.4035714285714027,-43.94699999999921,16.999000000000706,-6.278142857142744,2.428428571428672,1,300.0,0.16,32.853142857142885,77.58137488616067,rollover,Sun,23,False
1218,XAUUSDm,long,2026-02-01 23:25:00+00:00,58229,4721.866,0.05,4714.866,4731.866,7.0,close_below_lower,0.29166258467218353,2026-02-01 23:30:00+00:00,58230,4731.866,tp,50.0,0.0,0.0,50.0,1.4285714285714286,-6.164999999999964,18.841999999999643,-0.8807142857142806,2.6917142857142347,1,300.0,0.32,35.1397142857143,78.77439934221871,rollover,Sun,23,False
1219,XAUUSDm,long,2026-02-02 01:10:00+00:00,58250,4656.402,0.05,4649.402,4666.402,7.0,close_below_lower,0.5892817857737158,2026-02-02 01:15:00+00:00,58251,4643.475,sl,-64.6349999999984,0.0,0.0,-64.6349999999984,-1.84671428571424,-71.10199999999986,5.332000000000335,-10.157428571428552,0.7617142857143335,1,300.0,0.16,42.35371428571424,83.16211465204884,asian,Mon,1,False
1220,XAUUSDm,long,2026-02-02 05:50:00+00:00,58306,4553.407,0.05,4546.407,4563.407,7.0,close_below_lower,0.02983386763861712,2026-02-02 05:55:00+00:00,58307,4538.408,sl,-74.99499999999898,0.0,0.0,-74.99499999999898,-2.1427142857142565,-55.3100000000004,17.11499999999978,-7.901428571428629,2.4449999999999688,1,300.0,0.16,29.948428571428526,87.43793289352125,asian,Mon,5,False
1221,XAUUSDm,long,2026-02-02 06:25:00+00:00,58313,4460.282999999999,0.05,4453.283,4470.283,7.0,close_below_lower,0.18913582096420165,2026-02-02 06:30:00+00:00,58314,4486.672,tp,131.94500000000062,0.0,0.0,131.94500000000062,3.7698571428571603,-26.80199999999968,34.90900000000056,-3.828857142857097,4.98700000000008,1,300.0,0.16,41.79628571428547,90.1033279232184,asian,Mon,6,False
1222,XAUUSDm,long,2026-02-02 06:40:00+00:00,58316,4406.339,0.05,4399.339,4416.339,7.0,close_below_lower,0.32904528368654107,2026-02-02 06:45:00+00:00,58317,4453.0,tp,233.3050000000003,0.0,0.0,233.3050000000003,6.665857142857151,-2.25,50.038000000000466,-0.32142857142857145,7.148285714285781,1,300.0,0.16,50.26792857142839,91.60685756554945,asian,Mon,6,False
1223,XAUUSDm,long,2026-02-04 14:40:00+00:00,58964,4981.983,0.05,4974.983,4991.983,7.0,close_below_lower,0.4180805968401198,2026-02-04 14:45:00+00:00,58965,4996.203,tp,71.10000000000127,0.0,0.0,71.10000000000127,2.031428571428608,-15.231999999999971,16.384000000000015,-2.1759999999999957,2.3405714285714305,1,300.0,0.24,17.993357142857217,37.557768975793195,overlap,Wed,14,False
1224,XAUUSDm,long,2026-02-04 15:35:00+00:00,58975,4920.7029999999995,0.05,4913.703,4930.703,7.0,close_below_lower,0.6898122134275279,2026-02-04 15:40:00+00:00,58976,4913.117,sl,-37.92999999999665,0.0,0.0,-37.92999999999665,-1.0837142857141902,-33.3179999999993,6.975000000000364,-4.759714285714186,0.9964285714286234,1,300.0,0.24,29.67528571428576,38.49324678789463,overlap,Wed,15,False
1225,XAUUSDm,long,2026-02-04 16:50:00+00:00,58990,4871.162,0.05,4864.162,4881.162,7.0,close_below_lower,0.12712369966049547,2026-02-04 16:55:00+00:00,58991,4902.1,tp,154.6900000000005,0.0,0.0,154.6900000000005,4.4197142857143,-1.6630000000004657,35.93399999999929,-0.2375714285714951,5.133428571428469,1,300.0,0.16,26.611571428571356,39.92294953857029,newyork,Wed,16,False
1226,XAUUSDm,short,2026-02-04 23:05:00+00:00,59053,4994.849,0.05,5001.849,4984.849,7.0,close_above_upper,0.0019988290014303074,2026-02-04 23:10:00+00:00,59054,5002.209,sl,-36.79999999999836,0.0,0.0,-36.79999999999836,-1.0514285714285247,-3.876999999999498,7.6729999999997744,-0.5538571428570711,1.096142857142825,1,300.0,0.36,10.226285714285561,34.365790407417734,rollover,Wed,23,False
1227,XAUUSDm,short,2026-02-04 23:15:00+00:00,59055,5008.993,0.05,5015.993,4998.993,7.0,close_above_upper,0.13308005387193778,2026-02-04 23:20:00+00:00,59056,5016.353,sl,-36.79999999999836,0.0,0.0,-36.79999999999836,-1.0514285714285247,-6.972999999999956,3.563000000000102,-0.9961428571428509,0.5090000000000146,1,300.0,0.36,10.429928571428393,34.73281255838219,rollover,Wed,23,False
1228,XAUUSDm,short,2026-02-04 23:30:00+00:00,59058,5019.892,0.05,5026.892,5009.892,7.0,close_above_upper,0.0035085832455582252,2026-02-04 23:55:00+00:00,59063,5010.132,tp,48.80000000000109,0.0,0.0,48.80000000000109,1.3942857142857454,-3.8789999999999054,10.02099999999973,-0.5541428571428436,1.43157142857139,5,1500.0,0.24,11.39278571428544,34.97184765002339,rollover,Wed,23,False
1229,XAUUSDm,long,2026-02-05 01:15:00+00:00,59079,4968.102,0.05,4961.102,4978.102,7.0,close_below_lower,0.11228667534901605,2026-02-05 01:20:00+00:00,59080,4944.593,sl,-117.54500000000007,0.0,0.0,-117.54500000000007,-3.3584285714285733,-24.179000000000087,5.083999999999833,-3.4541428571428696,0.7262857142856903,1,300.0,0.24,13.44878571428561,34.93969382203787,asian,Thu,1,False
1230,XAUUSDm,long,2026-02-05 01:25:00+00:00,59081,4947.621,0.05,4940.621,4957.621,7.0,close_below_lower,0.3156384076833596,2026-02-05 01:30:00+00:00,59082,4957.621,tp,50.0,0.0,0.0,50.0,1.4285714285714286,-11.560999999999694,10.15099999999984,-1.651571428571385,1.4501428571428343,1,300.0,0.24,14.555285714285674,35.494923997245166,asian,Thu,1,False
1231,XAUUSDm,long,2026-02-05 02:15:00+00:00,59091,4915.423,0.05,4908.423,4925.423,7.0,close_below_lower,0.35460468413146695,2026-02-05 02:20:00+00:00,59092,4908.423,sl,-35.0,0.0,0.0,-35.0,-1.0,-20.537999999999556,6.222000000000662,-2.9339999999999367,0.8888571428572375,1,300.0,0.24,21.145499999999824,35.65432488722821,asian,Thu,2,False
1232,XAUUSDm,long,2026-02-05 02:45:00+00:00,59097,4897.001,0.05,4890.001,4907.001,7.0,close_below_lower,0.10454584223347448,2026-02-05 02:50:00+00:00,59098,4852.304,sl,-223.48500000000058,0.0,0.0,-223.48500000000058,-6.385285714285731,-66.27599999999984,2.3789999999999054,-9.467999999999977,0.33985714285712937,1,300.0,0.24,21.682642857142778,35.85825666842966,asian,Thu,2,False
1233,XAUUSDm,long,2026-02-05 02:55:00+00:00,59099,4845.724999999999,0.05,4838.725,4855.725,7.0,close_below_lower,0.9519106955350808,2026-02-05 03:00:00+00:00,59100,4812.084,sl,-168.2049999999981,0.0,0.0,-168.2049999999981,-4.805857142857088,-38.63599999999951,8.536000000000968,-5.519428571428501,1.2194285714287096,1,300.0,0.16,27.84571428571423,36.50307425019431,asian,Thu,2,False
1234,XAUUSDm,long,2026-02-05 03:05:00+00:00,59101,4837.349999999999,0.05,4830.35,4847.35,7.0,close_below_lower,0.5630425682417076,2026-02-05 03:10:00+00:00,59102,4847.35,tp,50.00000000000455,0.0,0.0,50.00000000000455,1.4285714285715585,-10.657999999999447,10.783000000000357,-1.5225714285713496,1.5404285714286223,1,300.0,0.16,33.5632142857143,37.2650486719961,asian,Thu,3,False
1235,XAUUSDm,long,2026-02-05 09:15:00+00:00,59175,4863.094999999999,0.05,4856.095,4873.095,7.0,close_below_lower,0.13207298868162065,2026-02-05 09:20:00+00:00,59176,4856.095,sl,-34.99999999999545,0.0,0.0,-34.99999999999545,-0.9999999999998701,-0.5839999999989232,10.897000000000844,-0.0834285714284176,1.5567142857144063,1,300.0,0.24,15.017642857142878,38.78555595185785,london,Thu,9,False
1236,XAUUSDm,long,2026-02-05 12:20:00+00:00,59212,4820.675,0.05,4813.675,4830.675,7.0,close_below_lower,0.1257520045791235,2026-02-05 12:25:00+00:00,59213,4813.675,sl,-35.0,0.0,0.0,-35.0,-1.0,-2.4310000000004948,11.083999999999833,-0.347285714285785,1.5834285714285474,1,300.0,0.16,12.925928571428358,39.04809848855771,overlap,Thu,12,False
1237,XAUUSDm,short,2026-02-05 16:45:00+00:00,59265,4878.778,0.05,4885.778,4868.778,7.0,close_above_upper,0.008177157101669252,2026-02-05 16:50:00+00:00,59266,4885.938,sl,-35.79999999999927,0.0,0.0,-35.79999999999927,-1.022857142857122,-7.72899999999936,14.221000000000458,-1.1041428571427656,2.031571428571494,1,300.0,0.16,18.38742857142857,38.96379409648374,newyork,Thu,16,False
1238,XAUUSDm,short,2026-02-05 16:55:00+00:00,59267,4903.492,0.05,4910.492,4893.492,7.0,close_above_upper,0.3157782347166897,2026-02-05 17:00:00+00:00,59268,4888.807,tp,73.425000000002,0.0,0.0,73.425000000002,2.0978571428572,-0.07899999999972351,19.25799999999981,-0.011285714285674788,2.7511428571428302,1,300.0,0.16,17.967928571428597,39.37453362092413,newyork,Thu,16,False
1239,XAUUSDm,long,2026-02-05 21:35:00+00:00,59323,4768.081,0.05,4761.081,4778.081,7.0,close_below_lower,0.029542649843972913,2026-02-05 21:40:00+00:00,59324,4761.081,sl,-35.0,0.0,0.0,-35.0,-1.0,-6.712000000000444,19.166000000000167,-0.9588571428572062,2.738000000000024,1,300.0,0.24,15.488428571428683,37.51335060742532,rollover,Thu,21,False
1240,XAUUSDm,long,2026-02-05 23:50:00+00:00,59338,4714.995,0.05,4707.995,4724.995,7.0,close_below_lower,0.11142469510124366,2026-02-05 23:55:00+00:00,59339,4707.995,sl,-35.0,0.0,0.0,-35.0,-1.0,-9.921000000000276,7.666000000000167,-1.4172857142857538,1.095142857142881,1,300.0,0.16,15.297499999999998,38.71468073599937,rollover,Thu,23,False
1241,XAUUSDm,long,2026-02-06 00:00:00+00:00,59340,4703.842,0.05,4696.842,4713.842,7.0,close_below_lower,0.08227325751503602,2026-02-06 00:05:00+00:00,59341,4686.853,sl,-84.94499999999789,0.0,0.0,-84.94499999999789,-2.4269999999999397,-17.710000000000036,3.4020000000000437,-2.530000000000005,0.48600000000000626,1,300.0,0.16,15.776428571428628,39.12153229321294,asian,Fri,0,False
1242,XAUUSDm,long,2026-02-06 00:10:00+00:00,59342,4688.6449999999995,0.05,4681.645,4698.645,7.0,close_below_lower,0.10014804051765999,2026-02-06 00:15:00+00:00,59343,4681.645,sl,-34.99999999999545,0.0,0.0,-34.99999999999545,-0.9999999999998701,-9.330999999999221,17.3700000000008,-1.3329999999998887,2.481428571428686,1,300.0,0.2,16.563785714285718,39.675379786560754,asian,Fri,0,False
1243,XAUUSDm,long,2026-02-06 00:20:00+00:00,59344,4671.6320000000005,0.05,4664.632,4681.632,7.0,close_below_lower,0.16160966191430107,2026-02-06 00:25:00+00:00,59345,4703.756,tp,160.61999999999898,0.0,0.0,160.61999999999898,4.589142857142828,-1.8390000000008513,33.66899999999987,-0.2627142857144073,4.809857142857124,1,300.0,0.184,18.211000000000045,40.171494437474564,asian,Fri,0,False
1244,XAUUSDm,short,2026-02-06 02:30:00+00:00,59370,4820.292,0.05,4827.292,4810.292,7.0,close_above_upper,0.12955194826763416,2026-02-06 02:35:00+00:00,59371,4836.01,sl,-78.58999999999924,0.0,0.0,-78.58999999999924,-2.24542857142855,-17.50799999999981,10.874000000000706,-2.5011428571428302,1.5534285714286722,1,300.0,0.16,20.642642857142814,42.47960933844757,asian,Fri,2,False
1245,XAUUSDm,short,2026-02-06 02:40:00+00:00,59372,4835.319,0.05,4842.319,4825.319,7.0,close_above_upper,0.11393440070299912,2026-02-06 02:45:00+00:00,59373,4825.479,tp,49.20000000000073,0.0,0.0,49.20000000000073,1.4057142857143066,-11.213999999999942,15.939000000000306,-1.6019999999999917,2.2770000000000437,1,300.0,0.16,20.935071428571387,43.03068662933515,asian,Fri,2,False
1246,XAUUSDm,short,2026-02-06 06:00:00+00:00,59412,4897.494,0.05,4904.494,4887.494,7.0,close_above_upper,0.01326010682268848,2026-02-06 06:05:00+00:00,59413,4887.54,tp,49.76999999999862,0.0,0.0,49.76999999999862,1.4219999999999604,-5.73700000000008,15.28899999999976,-0.81957142857144,2.184142857142823,1,300.0,0.192,12.488499999999997,44.326580446228455,asian,Fri,6,False
1247,XAUUSDm,short,2026-02-08 23:30:00+00:00,59610,5024.292,0.05,5031.292,5014.292,7.0,close_above_upper,0.32216723881172094,2026-02-08 23:35:00+00:00,59611,5035.254,sl,-54.80999999999767,0.0,0.0,-54.80999999999767,-1.5659999999999334,-19.287999999999556,4.565000000000509,-2.755428571428508,0.6521428571429299,1,300.0,0.36,11.274785714285631,35.741014004446626,rollover,Sun,23,False
1248,XAUUSDm,short,2026-02-08 23:40:00+00:00,59612,5036.189,0.05,5043.189,5026.189,7.0,close_above_upper,0.26736710544692766,2026-02-08 23:45:00+00:00,59613,5043.429,sl,-36.19999999999891,0.0,0.0,-36.19999999999891,-1.0342857142856832,-6.645999999999731,4.244000000000597,-0.949428571428533,0.6062857142857995,1,300.0,0.24,13.82721428571423,36.167669774934396,rollover,Sun,23,False
1249,XAUUSDm,short,2026-02-08 23:50:00+00:00,59614,5045.092,0.05,5052.092,5035.092,7.0,close_above_upper,0.14277620105111322,2026-02-08 23:55:00+00:00,59615,5035.331999999999,tp,48.80000000000109,0.0,0.0,48.80000000000109,1.3942857142857454,-0.285000000000764,9.58599999999933,-0.04071428571439485,1.3694285714284757,1,300.0,0.36,14.55578571428571,36.649162331236354,rollover,Sun,23,False
1250,XAUUSDm,long,2026-02-09 23:15:00+00:00,59883,5013.504,0.05,5006.504,5023.504,7.0,close_below_lower,0.7377219422061965,2026-02-09 23:20:00+00:00,59884,5006.504,sl,-35.0,0.0,0.0,-35.0,-1.0,-3.220999999999549,11.55199999999968,-0.4601428571427927,1.6502857142856686,1,300.0,0.24,13.213785714285548,24.903693699399838,rollover,Mon,23,False
1251,XAUUSDm,long,2026-02-09 23:25:00+00:00,59885,5014.101,0.05,5007.101,5024.101,7.0,close_below_lower,0.2974341694230206,2026-02-09 23:30:00+00:00,59886,5024.101,tp,50.0,0.0,0.0,50.0,1.4285714285714286,-5.988999999999578,11.34900000000016,-0.8555714285713683,1.621285714285737,1,300.0,0.24,14.762999999999854,25.260513889987667,rollover,Mon,23,False
1252,XAUUSDm,long,2026-02-10 14:50:00+00:00,60070,5030.897,0.05,5023.897,5040.897,7.0,close_below_lower,0.2015486237876403,2026-02-10 14:55:00+00:00,60071,5040.897,tp,50.0,0.0,0.0,50.0,1.4285714285714286,-1.2250000000003638,9.969000000000051,-0.17500000000005198,1.4241428571428645,1,300.0,0.24,10.819285714285732,22.17045270737267,overlap,Tue,14,False
1253,XAUUSDm,long,2026-02-10 15:40:00+00:00,60080,5007.86,0.05,5000.86,5017.86,7.0,close_below_lower,0.41790267312991636,2026-02-10 15:45:00+00:00,60081,5017.86,tp,50.0,0.0,0.0,50.0,1.4285714285714286,-0.3859999999995125,12.012000000000626,-0.0551428571427875,1.7160000000000895,1,300.0,0.24,14.001857142857066,22.73988504743162,overlap,Tue,15,False
1254,XAUUSDm,short,2026-02-11 10:45:00+00:00,60297,5099.648,0.05,5106.648,5089.648,7.0,close_above_upper,0.6961038130109639,2026-02-11 11:00:00+00:00,60300,5089.888,tp,48.80000000000109,0.0,0.0,48.80000000000109,1.3942857142857454,-1.6440000000002328,8.21100000000024,-0.23485714285717613,1.1730000000000342,3,900.0,0.24,6.869714285714053,17.557610930566028,london,Wed,10,False
1255,XAUUSDm,long,2026-02-11 12:45:00+00:00,60321,5068.567,0.05,5061.567,5078.567,7.0,close_below_lower,0.5181677923500022,2026-02-11 12:50:00+00:00,60322,5078.567,tp,50.0,0.0,0.0,50.0,1.4285714285714286,-3.212000000000444,6.764000000000124,-0.45885714285720625,0.966285714285732,1,300.0,0.24,10.942214285714076,17.700708894256344,overlap,Wed,12,False
1256,XAUUSDm,long,2026-02-11 13:35:00+00:00,60331,5049.931,0.05,5042.931,5059.931,7.0,close_below_lower,0.6413156306866595,2026-02-11 13:40:00+00:00,60332,5064.077,tp,70.7300000000032,0.0,0.0,70.7300000000032,2.0208571428572344,-9.734999999999673,18.072000000000116,-1.390714285714239,2.5817142857143023,1,300.0,0.24,15.964857142857195,18.029450902526428,overlap,Wed,13,False
1257,XAUUSDm,long,2026-02-11 14:40:00+00:00,60344,5046.166,0.05,5039.166,5056.166,7.0,close_below_lower,0.2773783252450024,2026-02-11 14:50:00+00:00,60346,5056.166,tp,50.0,0.0,0.0,50.0,1.4285714285714286,-10.485000000000582,5.019999999999527,-1.497857142857226,0.7171428571427896,2,600.0,0.24,16.926428571428396,18.171903866163298,overlap,Wed,14,False
1258,XAUUSDm,long,2026-02-11 23:15:00+00:00,60435,5063.875,0.05,5056.875,5073.875,7.0,close_below_lower,0.1004788997691026,2026-02-12 00:00:00+00:00,60444,5056.875,sl,-35.0,0.0,0.0,-35.0,-1.0,-5.216000000000349,6.917999999999665,-0.7451428571429071,0.9882857142856665,9,2700.0,0.24,9.26035714285724,16.96583068241324,rollover,Wed,23,False
1259,XAUUSDm,long,2026-02-12 15:00:00+00:00,60624,5044.4529999999995,0.05,5037.453,5054.453,7.0,close_below_lower,0.07414677909766039,2026-02-12 15:05:00+00:00,60625,5054.453,tp,50.00000000000455,0.0,0.0,50.00000000000455,1.4285714285715585,-5.01299999999992,10.025000000000546,-0.7161428571428458,1.432142857142935,1,300.0,0.24,10.109357142857075,15.488562627878913,overlap,Thu,15,False
1260,XAUUSDm,long,2026-02-12 16:15:00+00:00,60639,4951.03,0.05,4944.03,4961.03,7.0,close_below_lower,5.373369970469937,2026-02-12 16:20:00+00:00,60640,4934.47,sl,-82.79999999999745,0.0,0.0,-82.79999999999745,-2.365714285714213,-37.76599999999962,14.925000000000182,-5.395142857142803,2.1321428571428833,1,300.0,0.24,14.111642857142929,16.08994890116066,newyork,Thu,16,False
1261,XAUUSDm,long,2026-02-12 16:25:00+00:00,60641,4923.523,0.05,4916.523,4933.523,7.0,close_below_lower,5.049933174174228,2026-02-12 16:30:00+00:00,60642,4897.625,sl,-129.4900000000007,0.0,0.0,-129.4900000000007,-3.6997142857143053,-45.11000000000058,0.0,-6.444285714285797,0.0,1,300.0,0.24,18.722857142857265,17.293570516117992,newyork,Thu,16,False
1262,XAUUSDm,long,2026-02-12 16:35:00+00:00,60643,4938.085,0.05,4931.085,4948.085,7.0,close_below_lower,2.5285380362979186,2026-02-12 16:40:00+00:00,60644,4957.425,tp,96.70000000000073,0.0,0.0,96.70000000000073,2.7628571428571638,-4.905999999999949,20.02899999999954,-0.7008571428571356,2.861285714285649,1,300.0,0.24,24.77114285714301,18.305544508200438,newyork,Thu,16,False
1263,XAUUSDm,long,2026-02-12 16:45:00+00:00,60645,4953.411999999999,0.05,4946.412,4963.412,7.0,close_below_lower,0.8079557517827294,2026-02-12 16:50:00+00:00,60646,4935.991,sl,-87.10499999999683,0.0,0.0,-87.10499999999683,-2.4887142857141953,-20.019999999999527,3.54700000000048,-2.8599999999999324,0.5067142857143543,1,300.0,0.24,27.231714285714393,18.717674116409675,newyork,Thu,16,False
1264,XAUUSDm,long,2026-02-12 16:55:00+00:00,60647,4935.9439999999995,0.05,4928.944,4945.944,7.0,close_below_lower,0.8676640282320484,2026-02-12 17:00:00+00:00,60648,4954.565,tp,93.10500000000047,0.0,0.0,93.10500000000047,2.6601428571428705,-0.9219999999995707,21.426000000000386,-0.1317142857142244,3.060857142857198,1,300.0,0.24,30.44271428571431,19.166222039989258,newyork,Thu,16,False
1265,XAUUSDm,long,2026-02-12 18:10:00+00:00,60662,4925.266,0.05,4918.266,4935.266,7.0,close_below_lower,0.3988038017864555,2026-02-12 18:15:00+00:00,60663,4918.266,sl,-35.0,0.0,0.0,-35.0,-1.0,-3.076000000000022,9.970000000000255,-0.43942857142857455,1.4242857142857506,1,300.0,0.24,15.857428571428565,19.5847482589633,newyork,Thu,18,False
1266,XAUUSDm,long,2026-02-12 18:20:00+00:00,60664,4908.175,0.05,4901.175,4918.175,7.0,close_below_lower,0.8876691303340725,2026-02-12 18:25:00+00:00,60665,4918.175,tp,50.0,0.0,0.0,50.0,1.4285714285714286,-1.8739999999997963,23.16899999999987,-0.2677142857142566,3.309857142857124,1,300.0,0.16,15.64407142857148,19.818751879396974,newyork,Thu,18,False
1267,XAUUSDm,long,2026-02-12 23:05:00+00:00,60709,4893.205,0.05,4886.205,4903.205,7.0,close_below_lower,0.23906707535077165,2026-02-12 23:10:00+00:00,60710,4907.805,tp,73.00000000000182,0.0,0.0,73.00000000000182,2.085714285714338,-3.9459999999999127,17.350000000000364,-0.5637142857142733,2.4785714285714806,1,300.0,0.5,8.767785714285699,20.882894924576814,rollover,Thu,23,False
1268,XAUUSDm,short,2026-02-13 00:10:00+00:00,60722,4943.436,0.05,4950.436,4933.436,7.0,close_above_upper,0.1041015602361897,2026-02-13 00:40:00+00:00,60728,4933.6759999999995,tp,48.80000000000109,0.0,0.0,48.80000000000109,1.3942857142857454,-5.182999999999993,8.893000000000029,-0.7404285714285704,1.2704285714285757,6,1800.0,0.24,14.058571428571408,21.19711199961803,asian,Fri,0,False
1269,XAUUSDm,short,2026-02-13 01:10:00+00:00,60734,4963.28,0.05,4970.28,4953.28,7.0,close_above_upper,0.10096162912693711,2026-02-13 01:15:00+00:00,60735,4970.5199999999995,sl,-36.19999999999891,0.0,0.0,-36.19999999999891,-1.0342857142856832,-4.414999999999964,0.8490000000001601,-0.6307142857142806,0.12128571428573716,1,300.0,0.24,12.02314285714296,21.760011088469177,asian,Fri,1,False
1270,XAUUSDm,short,2026-02-13 01:20:00+00:00,60736,4971.725,0.05,4978.725,4961.725,7.0,close_above_upper,0.1773962007734217,2026-02-13 01:40:00+00:00,60740,4978.965,sl,-36.19999999999891,0.0,0.0,-36.19999999999891,-1.0342857142856832,-7.5659999999998035,7.257000000000517,-1.0808571428571148,1.0367142857143594,4,1200.0,0.24,10.571357142857257,21.95679423167484,asian,Fri,1,False
1271,XAUUSDm,short,2026-02-13 01:50:00+00:00,60742,4986.695,0.05,4993.695,4976.695,7.0,close_above_upper,0.014247238926872227,2026-02-13 01:55:00+00:00,60743,4976.9349999999995,tp,48.80000000000109,0.0,0.0,48.80000000000109,1.3942857142857454,-2.1030000000000655,9.993999999999687,-0.30042857142858076,1.427714285714241,1,300.0,0.24,11.362071428571458,22.517881950370324,asian,Fri,1,False
1272,XAUUSDm,short,2026-02-13 13:35:00+00:00,60883,4993.448,0.05,5000.448,4983.448,7.0,close_above_upper,0.09005685529037193,2026-02-13 13:40:00+00:00,60884,4983.688,tp,48.80000000000109,0.0,0.0,48.80000000000109,1.3942857142857454,-3.308999999999287,9.246000000000095,-0.47271428571418384,1.3208571428571563,1,300.0,0.24,8.969928571428811,21.525757815336583,overlap,Fri,13,False
1273,XAUUSDm,short,2026-02-13 16:30:00+00:00,60918,5027.634,0.05,5034.634,5017.634,7.0,close_above_upper,0.18428458546964263,2026-02-13 16:35:00+00:00,60919,5017.874,tp,48.80000000000109,0.0,0.0,48.80000000000109,1.3942857142857454,-0.6099999999996726,11.055999999999585,-0.08714285714281036,1.5794285714285121,1,300.0,0.24,12.710357142857058,22.61993995779354,newyork,Fri,16,False
1274,XAUUSDm,long,2026-02-17 00:55:00+00:00,61253,4952.465999999999,0.05,4945.466,4962.466,7.0,close_below_lower,0.5095766059583977,2026-02-17 01:00:00+00:00,61254,4935.804,sl,-83.30999999999676,0.0,0.0,-83.30999999999676,-2.380285714285622,-21.04699999999957,0.6760000000003856,-3.0067142857142244,0.09657142857148367,1,300.0,0.24,6.552999999999819,15.968880329402719,asian,Tue,0,False
1275,XAUUSDm,long,2026-02-17 01:05:00+00:00,61255,4934.575,0.05,4927.575,4944.575,7.0,close_below_lower,1.0265314247784403,2026-02-17 01:10:00+00:00,61256,4947.865,tp,66.44999999999982,0.0,0.0,66.44999999999982,1.8985714285714235,-0.23999999999978172,14.873999999999796,-0.034285714285683104,2.1248571428571137,1,300.0,0.24,9.144785714285522,16.33821599292916,asian,Tue,1,False
1276,XAUUSDm,long,2026-02-17 05:15:00+00:00,61305,4928.465,0.05,4921.465,4938.465,7.0,close_below_lower,0.34432681260707193,2026-02-17 05:20:00+00:00,61306,4900.948,sl,-137.58499999999913,0.0,0.0,-137.58499999999913,-3.930999999999975,-32.57899999999972,0.06499999999959982,-4.654142857142817,0.009285714285657118,1,300.0,0.24,5.878714285714133,16.094920351793032,asian,Tue,5,False
1277,XAUUSDm,long,2026-02-17 05:25:00+00:00,61307,4897.815,0.05,4890.815,4907.815,7.0,close_below_lower,1.5416044493112628,2026-02-17 05:30:00+00:00,61308,4890.815,sl,-35.0,0.0,0.0,-35.0,-1.0,-9.474999999999454,6.121000000000095,-1.3535714285713507,0.874428571428585,1,300.0,0.16,8.70835714285691,16.59858191058008,asian,Tue,5,False
1278,XAUUSDm,long,2026-02-17 05:35:00+00:00,61309,4884.8009999999995,0.05,4877.801,4894.801,7.0,close_below_lower,1.6141914626981777,2026-02-17 05:40:00+00:00,61310,4877.801,sl,-34.99999999999545,0.0,0.0,-34.99999999999545,-0.9999999999998701,-9.485999999999876,5.742000000000189,-1.3551428571428394,0.8202857142857413,1,300.0,0.16,12.283357142856923,16.952535553005404,asian,Tue,5,False
1279,XAUUSDm,long,2026-02-17 05:45:00+00:00,61311,4879.808,0.05,4872.808,4889.808,7.0,close_below_lower,1.176948780808028,2026-02-17 05:50:00+00:00,61312,4889.808,tp,50.0,0.0,0.0,50.0,1.4285714285714286,-6.131999999999607,8.127999999999702,-0.8759999999999438,1.1611428571428146,1,300.0,0.16,13.47899999999988,17.31425935273192,asian,Tue,5,False
1280,XAUUSDm,long,2026-02-17 05:55:00+00:00,61313,4889.445,0.05,4882.445,4899.445,7.0,close_below_lower,0.10468339062755977,2026-02-17 06:15:00+00:00,61317,4899.445,tp,50.0,0.0,0.0,50.0,1.4285714285714286,-5.164999999999964,5.27599999999984,-0.7378571428571377,0.7537142857142628,4,1200.0,0.16,14.808214285714127,17.47653710931461,asian,Tue,5,False
1281,XAUUSDm,long,2026-02-17 13:20:00+00:00,61402,4913.11,0.05,4906.11,4923.11,7.0,close_below_lower,0.06009449141374576,2026-02-17 13:45:00+00:00,61407,4923.11,tp,50.0,0.0,0.0,50.0,1.4285714285714286,-5.144999999999527,9.731000000000677,-0.7349999999999325,1.3901428571429537,5,1500.0,0.16,6.142499999999798,16.492959419318115,overlap,Tue,13,False
1282,XAUUSDm,long,2026-02-17 14:00:00+00:00,61410,4870.806,0.05,4863.806,4880.806,7.0,close_below_lower,1.725343633991234,2026-02-17 14:05:00+00:00,61411,4880.806,tp,50.0,0.0,0.0,50.0,1.4285714285714286,-29.656999999999243,3.4060000000008586,-4.236714285714178,0.4865714285715512,1,300.0,0.16,10.82049999999994,16.808305365083992,overlap,Tue,14,False
1283,XAUUSDm,long,2026-02-17 14:45:00+00:00,61419,4870.325,0.05,4863.325,4880.325,7.0,close_below_lower,0.4341597111488261,2026-02-17 14:50:00+00:00,61420,4863.325,sl,-35.0,0.0,0.0,-35.0,-1.0,-9.648999999999432,6.332000000000335,-1.3784285714284903,0.9045714285714764,1,300.0,0.16,18.679857142857013,16.906336030232662,overlap,Tue,14,False
1284,XAUUSDm,long,2026-02-17 15:00:00+00:00,61422,4864.1359999999995,0.05,4857.136,4874.136,7.0,close_below_lower,0.2453495857346972,2026-02-17 15:05:00+00:00,61423,4857.136,sl,-34.99999999999545,0.0,0.0,-34.99999999999545,-0.9999999999998701,-15.364999999999782,4.719000000000051,-2.1949999999999688,0.6741428571428644,1,300.0,0.16,21.254142857142728,17.095135699929774,overlap,Tue,15,False
1285,XAUUSDm,long,2026-02-17 15:10:00+00:00,61424,4857.956999999999,0.05,4850.957,4867.957,7.0,close_below_lower,0.259366716179337,2026-02-17 15:15:00+00:00,61425,4867.957,tp,50.00000000000455,0.0,0.0,50.00000000000455,1.4285714285715585,-6.399999999999636,6.565000000000509,-0.9142857142856623,0.9378571428572157,1,300.0,0.16,19.639428571428457,17.27669708529628,overlap,Tue,15,False
1286,XAUUSDm,short,2026-02-17 16:10:00+00:00,61436,4888.682,0.05,4895.682,4878.682,7.0,close_above_upper,0.03358100474503492,2026-02-17 16:30:00+00:00,61440,4878.842,tp,49.20000000000073,0.0,0.0,49.20000000000073,1.4057142857143066,-2.9000000000005457,7.969000000000051,-0.41428571428579225,1.1384285714285787,4,1200.0,0.16,13.816571428571349,17.539679872318587,newyork,Tue,16,False
1287,XAUUSDm,long,2026-02-17 17:15:00+00:00,61449,4855.385,0.05,4848.385,4865.385,7.0,close_below_lower,0.023424604328320463,2026-02-17 17:30:00+00:00,61452,4865.385,tp,50.0,0.0,0.0,50.0,1.4285714285714286,-0.3640000000004875,9.88000000000011,-0.05200000000006964,1.411428571428587,3,900.0,0.16,9.99657142857138,17.735157163321993,newyork,Tue,17,False
1288,XAUUSDm,short,2026-02-17 18:25:00+00:00,61463,4885.543,0.05,4892.543,4875.543,7.0,close_above_upper,0.009944866456873406,2026-02-17 18:40:00+00:00,61466,4892.7029999999995,sl,-35.79999999999927,0.0,0.0,-35.79999999999927,-1.022857142857122,-5.63300000000072,5.623999999999796,-0.8047142857143886,0.8034285714285423,3,900.0,0.16,7.975500000000076,17.734241055290763,newyork,Tue,18,False
1289,XAUUSDm,short,2026-02-18 13:10:00+00:00,61676,4954.989,0.05,4961.989,4944.989,7.0,close_above_upper,0.26615002441577384,2026-02-18 13:35:00+00:00,61681,4962.148999999999,sl,-35.79999999999927,0.0,0.0,-35.79999999999927,-1.022857142857122,-4.621000000000095,2.370999999999185,-0.6601428571428707,0.3387142857141693,5,1500.0,0.16,7.121500000000067,18.566670118193176,overlap,Wed,13,False
1290,XAUUSDm,short,2026-02-18 14:40:00+00:00,61694,4983.577,0.05,4990.577,4973.577,7.0,close_above_upper,0.22260070370196997,2026-02-18 14:50:00+00:00,61696,4990.753000000001,sl,-35.88000000000193,0.0,0.0,-35.88000000000193,-1.0251428571429122,-5.6469999999999345,4.770000000000437,-0.8067142857142764,0.6814285714286338,2,600.0,0.176,8.546714285714383,19.054780801886775,overlap,Wed,14,False
1291,XAUUSDm,short,2026-02-18 14:55:00+00:00,61697,4992.852,0.05,4999.852,4982.852,7.0,close_above_upper,0.24767894594354953,2026-02-18 15:00:00+00:00,61698,5000.028,sl,-35.88000000000193,0.0,0.0,-35.88000000000193,-1.0251428571429122,-1.300000000000182,2.3869999999997162,-0.1857142857143117,0.34099999999995945,1,300.0,0.16,8.58678571428579,19.29753191368357,overlap,Wed,14,False
1292,XAUUSDm,short,2026-02-18 15:05:00+00:00,61699,5003.753,0.05,5010.753,4993.753,7.0,close_above_upper,0.4402521659824765,2026-02-18 15:55:00+00:00,61709,4995.947,signal,39.029999999997926,0.0,0.0,39.029999999997926,1.115142857142798,-5.244999999999891,9.61200000000008,-0.7492857142856987,1.3731428571428685,10,3000.0,0.24,9.205785714285737,19.528808045390512,overlap,Wed,15,False
1293,XAUUSDm,short,2026-02-19 14:55:00+00:00,61973,5005.398,0.05,5012.398,4995.398,7.0,close_above_upper,0.24662535468595184,2026-02-19 15:25:00+00:00,61979,5012.638,sl,-36.19999999999891,0.0,0.0,-36.19999999999891,-1.0342857142856832,-4.905999999999949,9.426000000000386,-0.7008571428571356,1.3465714285714836,6,1800.0,0.24,8.989071428571346,14.840092821028987,overlap,Thu,14,False
1294,XAUUSDm,short,2026-02-19 15:30:00+00:00,61980,5016.144,0.05,5023.144,5006.144,7.0,close_above_upper,0.13739886261210477,2026-02-19 16:05:00+00:00,61987,5006.384,tp,48.80000000000109,0.0,0.0,48.80000000000109,1.3942857142857454,-6.193000000000211,9.636000000000422,-0.8847142857143159,1.376571428571489,7,2100.0,0.24,9.733785714285789,15.148333288398362,overlap,Thu,15,False
1295,XAUUSDm,short,2026-02-20 09:10:00+00:00,62180,5038.833,0.05,5045.833,5028.833,7.0,close_above_upper,0.046219323748336226,2026-02-20 09:40:00+00:00,62186,5031.925,signal,34.539999999997235,0.0,0.0,34.539999999997235,0.9868571428570638,-3.642000000000735,9.022999999999229,-0.5202857142858193,1.2889999999998898,6,1800.0,0.24,5.6604999999998915,14.487681377929201,london,Fri,9,False
1296,XAUUSDm,short,2026-02-20 13:55:00+00:00,62237,5045.357,0.05,5052.357,5035.357,7.0,close_above_upper,0.12632103497629577,2026-02-20 14:35:00+00:00,62245,5052.597,sl,-36.19999999999891,0.0,0.0,-36.19999999999891,-1.0342857142856832,-6.828000000000429,8.238000000000284,-0.9754285714286327,1.1768571428571835,8,2400.0,0.24,5.833642857142812,13.733631352432585,overlap,Fri,13,False
1297,XAUUSDm,long,2026-02-20 15:05:00+00:00,62251,5027.588,0.05,5020.588,5037.588,7.0,close_below_lower,0.3196959361917428,2026-02-20 15:10:00+00:00,62252,5020.588,sl,-35.0,0.0,0.0,-35.0,-1.0,-38.555999999999585,2.8010000000003856,-5.5079999999999405,0.40014285714291226,1,300.0,0.24,10.779285714285963,14.057439637183052,overlap,Fri,15,False
1298,XAUUSDm,long,2026-02-20 15:15:00+00:00,62253,5022.86,0.05,5015.86,5032.86,7.0,close_below_lower,0.35965159570184546,2026-02-20 15:20:00+00:00,62254,5035.849,tp,64.94500000000244,0.0,0.0,64.94500000000244,1.8555714285714981,-2.9409999999998035,21.9970000000003,-0.42014285714282906,3.142428571428614,1,300.0,0.24,14.212285714285956,14.205751664456782,overlap,Fri,15,False
1299,XAUUSDm,long,2026-02-20 15:25:00+00:00,62255,5024.32,0.05,5017.32,5034.32,7.0,close_below_lower,0.05459101376436899,2026-02-20 15:30:00+00:00,62256,5017.32,sl,-35.0,0.0,0.0,-35.0,-1.0,-13.018999999999323,2.255000000000109,-1.8598571428570463,0.3221428571428727,1,300.0,0.24,15.885000000000218,14.26653000086834,overlap,Fri,15,False
1300,XAUUSDm,short,2026-02-20 16:35:00+00:00,62269,5067.268,0.05,5074.268,5057.268,7.0,close_above_upper,0.3632595843936441,2026-02-20 17:20:00+00:00,62278,5061.3859999999995,signal,29.410000000002583,0.0,0.0,29.410000000002583,0.8402857142857881,-6.19800000000032,8.00799999999981,-0.8854285714286172,1.143999999999973,9,2700.0,0.24,11.826142857142909,14.750864357543596,newyork,Fri,16,False
1301,XAUUSDm,short,2026-02-22 23:05:00+00:00,62335,5117.51,0.05,5124.51,5107.51,7.0,close_above_upper,0.156943659746982,2026-02-22 23:10:00+00:00,62336,5135.5509999999995,sl,-90.20499999999629,0.0,0.0,-90.20499999999629,-2.5772857142856083,-23.292999999999665,0.11099999999987631,-3.327571428571381,0.015857142857125188,1,300.0,0.36,5.39700000000026,15.6867980648796,rollover,Sun,23,False
1302,XAUUSDm,short,2026-02-22 23:15:00+00:00,62337,5146.413,0.05,5153.413,5136.413,7.0,close_above_upper,1.3453257196042996,2026-02-22 23:40:00+00:00,62342,5153.772999999999,sl,-36.79999999999836,0.0,0.0,-36.79999999999836,-1.0514285714285247,-5.2940000000007785,6.005999999999403,-0.7562857142858255,0.8579999999999147,5,1500.0,0.36,6.632571428571607,16.06198470093971,rollover,Sun,23,False
1303,XAUUSDm,short,2026-02-22 23:45:00+00:00,62343,5158.537,0.05,5165.537,5148.537,7.0,close_above_upper,0.5710156808101723,2026-02-22 23:50:00+00:00,62344,5165.777,sl,-36.19999999999891,0.0,0.0,-36.19999999999891,-1.0342857142856832,-2.0159999999996217,4.863000000000284,-0.28799999999994597,0.6947142857143263,1,300.0,0.36,8.454071428571622,16.735749353981124,rollover,Sun,23,False
1304,XAUUSDm,short,2026-02-22 23:55:00+00:00,62345,5165.044,0.05,5172.044,5155.044,7.0,close_above_upper,0.4659820884625352,2026-02-23 00:00:00+00:00,62346,5155.4039999999995,tp,48.20000000000164,0.0,0.0,48.20000000000164,1.3771428571429039,-6.824000000000524,1.719000000000051,-0.9748571428572177,0.24557142857143585,1,300.0,0.24,9.349142857142981,16.95680704714976,rollover,Sun,23,False
1305,XAUUSDm,short,2026-02-23 14:40:00+00:00,62522,5184.08,0.05,5191.08,5174.08,7.0,close_above_upper,0.48879097296070717,2026-02-23 14:45:00+00:00,62523,5191.32,sl,-36.19999999999891,0.0,0.0,-36.19999999999891,-1.0342857142856832,-6.764000000000124,2.16399999999976,-0.966285714285732,0.30914285714282286,1,300.0,0.24,6.1315714285713385,16.328836488112337,overlap,Mon,14,False
1306,XAUUSDm,short,2026-02-23 14:50:00+00:00,62524,5194.517,0.05,5201.517,5184.517,7.0,close_above_upper,0.6672881579877379,2026-02-23 15:00:00+00:00,62526,5184.8769999999995,tp,48.20000000000164,0.0,0.0,48.20000000000164,1.3771428571429039,-5.824000000000524,7.018000000000029,-0.8320000000000748,1.0025714285714327,2,600.0,0.36,6.657714285714194,16.620838373503396,overlap,Mon,14,False
1307,XAUUSDm,short,2026-02-23 15:10:00+00:00,62528,5197.168,0.05,5204.168,5187.168,7.0,close_above_upper,0.06768925762880969,2026-02-23 15:35:00+00:00,62533,5187.527999999999,tp,48.20000000000164,0.0,0.0,48.20000000000164,1.3771428571429039,-6.539000000000669,10.594999999999345,-0.9341428571429528,1.513571428571335,5,1500.0,0.24,8.561999999999964,16.969396728360636,overlap,Mon,15,False
1308,XAUUSDm,short,2026-02-23 16:20:00+00:00,62542,5214.761,0.05,5221.761,5204.761,7.0,close_above_upper,0.004125206993640172,2026-02-23 17:10:00+00:00,62552,5205.121,tp,48.20000000000164,0.0,0.0,48.20000000000164,1.3771428571429039,-4.32799999999952,8.408000000000357,-0.6182857142856457,1.2011428571429081,10,3000.0,0.36,11.409642857142964,17.3551184697103,newyork,Mon,16,False
1309,XAUUSDm,long,2026-02-24 01:10:00+00:00,62636,5207.753,0.05,5200.753,5217.753,7.0,close_below_lower,0.02326594578370855,2026-02-24 01:15:00+00:00,62637,5185.528,sl,-111.12499999999727,0.0,0.0,-111.12499999999727,-3.174999999999922,-23.853000000000065,3.326000000000022,-3.407571428571438,0.47514285714286025,1,300.0,0.36,9.532785714285637,18.14185634470034,asian,Tue,1,False
1310,XAUUSDm,long,2026-02-24 01:20:00+00:00,62638,5160.384,0.05,5153.384,5170.384,7.0,close_below_lower,1.949037817304371,2026-02-24 01:25:00+00:00,62639,5150.885,sl,-47.49499999999898,0.0,0.0,-47.49499999999898,-1.356999999999971,-10.238999999999578,12.030999999999949,-1.4627142857142255,1.7187142857142785,1,300.0,0.36,12.543642857142784,18.650861205008326,asian,Tue,1,False
1311,XAUUSDm,long,2026-02-24 01:30:00+00:00,62640,5165.353,0.05,5158.353,5175.353,7.0,close_below_lower,0.9347658190073627,2026-02-24 01:35:00+00:00,62641,5175.353,tp,50.0,0.0,0.0,50.0,1.4285714285714286,-4.206000000000131,8.30199999999968,-0.6008571428571615,1.1859999999999542,1,300.0,0.36,14.539285714285597,19.17554428058022,asian,Tue,1,False
1312,XAUUSDm,long,2026-02-24 01:40:00+00:00,62642,5165.204,0.05,5158.204,5175.204,7.0,close_below_lower,0.43992112167936726,2026-02-24 01:45:00+00:00,62643,5175.204,tp,50.0,0.0,0.0,50.0,1.4285714285714286,-1.6439999999993233,10.984000000000378,-0.2348571428570462,1.5691428571429111,1,300.0,0.36,15.004357142857057,19.41739034105002,asian,Tue,1,False
1313,XAUUSDm,long,2026-02-24 12:20:00+00:00,62770,5151.646,0.05,5144.646,5161.646,7.0,close_below_lower,0.09336192952789142,2026-02-24 12:25:00+00:00,62771,5161.646,tp,50.0,0.0,0.0,50.0,1.4285714285714286,-0.8959999999997308,10.47400000000016,-0.12799999999996153,1.496285714285737,1,300.0,0.264,5.127999999999962,17.661432996676652,overlap,Tue,12,False
1314,XAUUSDm,long,2026-02-24 13:50:00+00:00,62788,5126.9169999999995,0.05,5119.917,5136.917,7.0,close_below_lower,0.34226654094335246,2026-02-24 13:55:00+00:00,62789,5119.917,sl,-34.99999999999545,0.0,0.0,-34.99999999999545,-0.9999999999998701,-4.786999999999352,7.227000000000771,-0.6838571428570503,1.0324285714286816,1,300.0,0.24,9.221785714285748,17.76442640893499,overlap,Tue,13,False
1315,XAUUSDm,long,2026-02-24 14:00:00+00:00,62790,5114.866,0.05,5107.866,5124.866,7.0,close_below_lower,0.6432434398497027,2026-02-24 14:05:00+00:00,62791,5124.866,tp,50.0,0.0,0.0,50.0,1.4285714285714286,-6.894000000000233,9.61700000000019,-0.9848571428571761,1.37385714285717,1,300.0,0.24,11.078785714285784,18.013599654506304,overlap,Tue,14,False
1316,XAUUSDm,long,2026-02-24 14:15:00+00:00,62793,5104.8859999999995,0.05,5097.886,5114.886,7.0,close_below_lower,0.6123664375900839,2026-02-24 14:20:00+00:00,62794,5114.886,tp,50.00000000000455,0.0,0.0,50.00000000000455,1.4285714285715585,-4.420999999999367,3.855000000000473,-0.6315714285713382,0.5507142857143533,1,300.0,0.24,13.057214285714378,18.360968088648573,overlap,Tue,14,False
1317,XAUUSDm,short,2026-02-25 01:10:00+00:00,62912,5168.597,0.05,5175.597,5158.597,7.0,close_above_upper,0.0696316894008785,2026-02-25 01:15:00+00:00,62913,5175.8369999999995,sl,-36.19999999999891,0.0,0.0,-36.19999999999891,-1.0342857142856832,-7.996000000000095,4.708999999999833,-1.142285714285728,0.6727142857142618,1,300.0,0.24,8.409999999999854,18.01651759215325,asian,Wed,1,False
1318,XAUUSDm,short,2026-02-25 01:20:00+00:00,62914,5184.103,0.05,5191.103,5174.103,7.0,close_above_upper,0.5580600119387257,2026-02-25 02:15:00+00:00,62925,5191.343,sl,-36.19999999999891,0.0,0.0,-36.19999999999891,-1.0342857142856832,-5.766999999999825,9.39599999999973,-0.8238571428571179,1.342285714285676,11,3300.0,0.24,8.92049999999985,18.28536711120651,asian,Wed,1,False
1319,XAUUSDm,long,2026-02-25 14:40:00+00:00,63074,5160.392,0.05,5153.392,5170.392,7.0,close_below_lower,0.24080192850226737,2026-02-25 14:45:00+00:00,63075,5175.026,tp,73.17000000000007,0.0,0.0,73.17000000000007,2.0905714285714305,-0.8400000000001455,15.84900000000016,-0.12000000000002078,2.26414285714288,1,300.0,0.24,6.2882857142857835,17.354739826508222,overlap,Wed,14,False
1320,XAUUSDm,long,2026-02-25 20:50:00+00:00,63148,5173.9439999999995,0.05,5166.944,5183.944,7.0,close_below_lower,0.061273645280134625,2026-02-25 20:55:00+00:00,63149,5166.944,sl,-34.99999999999545,0.0,0.0,-34.99999999999545,-0.9999999999998701,-2.1309999999994034,6.404000000000451,-0.30442857142848617,0.9148571428572073,1,300.0,0.36,8.240714285714018,16.13253093635238,newyork,Wed,20,False
1321,XAUUSDm,long,2026-02-25 21:00:00+00:00,63150,5152.41,0.05,5145.41,5162.41,7.0,close_below_lower,1.0123660283007485,2026-02-25 21:05:00+00:00,63151,5162.41,tp,50.0,0.0,0.0,50.0,1.4285714285714286,-2.3479999999999563,7.819000000000415,-0.3354285714285652,1.1170000000000593,1,300.0,0.36,10.305571428571252,16.35353386758577,rollover,Wed,21,False
1322,XAUUSDm,long,2026-02-26 15:30:00+00:00,63360,5141.599999999999,0.05,5134.6,5151.6,7.0,close_below_lower,0.42565301472645184,2026-02-26 15:35:00+00:00,63361,5153.724,tp,60.62000000000353,0.0,0.0,60.62000000000353,1.7320000000001008,-1.1199999999998909,14.81500000000051,-0.1599999999999844,2.1164285714286444,1,300.0,0.24,12.73528571428577,14.876794242468602,overlap,Thu,15,False
1323,XAUUSDm,short,2026-02-26 15:50:00+00:00,63364,5182.316,0.05,5189.316,5172.316,7.0,close_above_upper,0.170926242561905,2026-02-26 15:55:00+00:00,63365,5189.651,sl,-36.67500000000018,0.0,0.0,-36.67500000000018,-1.0478571428571481,-10.398000000000138,1.5270000000000437,-1.485428571428591,0.21814285714286338,1,300.0,0.24,12.891500000000113,15.116009063800842,overlap,Thu,15,False
1324,XAUUSDm,short,2026-02-26 16:00:00+00:00,63366,5185.705,0.05,5192.705,5175.705,7.0,close_above_upper,0.06752116657217287,2026-02-26 16:10:00+00:00,63368,5175.945,tp,48.80000000000109,0.0,0.0,48.80000000000109,1.3942857142857454,-1.337999999999738,9.05999999999949,-0.19114285714281973,1.2942857142856414,2,600.0,0.24,12.502071428571526,15.314864122880081,newyork,Thu,16,False
1325,XAUUSDm,short,2026-02-27 13:10:00+00:00,63596,5211.208,0.05,5218.208,5201.208,7.0,close_above_upper,0.7575725433139473,2026-02-27 13:15:00+00:00,63597,5218.567999999999,sl,-36.79999999999836,0.0,0.0,-36.79999999999836,-1.0514285714285247,-3.160000000000764,1.071999999999207,-0.4514285714286806,0.15314285714274384,1,300.0,0.24,4.869714285714248,12.66243449652366,overlap,Fri,13,False
1326,XAUUSDm,short,2026-02-27 13:20:00+00:00,63598,5218.413,0.05,5225.413,5208.413,7.0,close_above_upper,0.8404525600996638,2026-02-27 13:25:00+00:00,63599,5235.228,sl,-84.07500000000255,0.0,0.0,-84.07500000000255,-2.40214285714293,-18.63300000000072,1.88799999999992,-2.661857142857246,0.2697142857142743,1,300.0,0.36,5.215999999999959,12.830012951317777,overlap,Fri,13,False
1327,XAUUSDm,short,2026-02-27 13:30:00+00:00,63600,5235.027,0.05,5242.027,5225.027,7.0,close_above_upper,1.4006980654403458,2026-02-27 13:35:00+00:00,63601,5225.387,tp,48.20000000000164,0.0,0.0,48.20000000000164,1.3771428571429039,-0.7650000000003274,14.810999999999694,-0.10928571428576106,2.115857142857099,1,300.0,0.36,6.841714285714326,13.129874930735575,overlap,Fri,13,False
1328,XAUUSDm,short,2026-02-27 16:15:00+00:00,63633,5253.542,0.05,5260.542,5243.542,7.0,close_above_upper,0.31966075116622406,2026-02-27 16:20:00+00:00,63634,5243.902,tp,48.20000000000164,0.0,0.0,48.20000000000164,1.3771428571429039,-4.144999999999527,3.6240000000007058,-0.5921428571427896,0.5177142857143865,1,300.0,0.36,10.708142857142905,13.61731517799236,newyork,Fri,16,False
1329,XAUUSDm,short,2026-02-27 21:50:00+00:00,63700,5277.826,0.05,5284.826,5267.826,7.0,close_above_upper,0.03061784465728781,2026-03-01 23:00:00+00:00,63702,5319.872,sl,-210.23000000000138,0.0,0.0,-210.23000000000138,-6.006571428571468,-3.436999999999898,0.8909999999996217,-0.49099999999998545,0.12728571428566024,2,177000.0,0.36,4.92335714285712,12.966456011002837,rollover,Fri,21,False
1330,XAUUSDm,short,2026-03-01 23:05:00+00:00,63703,5332.672,0.05,5339.672,5322.672,7.0,close_above_upper,2.472646224710942,2026-03-01 23:10:00+00:00,63704,5351.791,sl,-95.59500000000298,0.0,0.0,-95.59500000000298,-2.7312857142857996,-20.50800000000072,5.2169999999996435,-2.9297142857143887,0.7452857142856634,1,300.0,0.5,7.550214285714252,13.340435590573492,rollover,Sun,23,False
1331,XAUUSDm,short,2026-03-01 23:15:00+00:00,63705,5348.063,0.05,5355.063,5338.063,7.0,close_above_upper,3.198272807307255,2026-03-01 23:20:00+00:00,63706,5355.423,sl,-36.79999999999836,0.0,0.0,-36.79999999999836,-1.0514285714285247,-10.640999999999622,4.163000000000466,-1.520142857142803,0.5947142857143523,1,300.0,0.36,10.275999999999906,14.034512382623376,rollover,Sun,23,False
1332,XAUUSDm,short,2026-03-01 23:25:00+00:00,63707,5351.141,0.05,5358.141,5341.141,7.0,close_above_upper,2.2504939481778528,2026-03-01 23:30:00+00:00,63708,5358.500999999999,sl,-36.79999999999836,0.0,0.0,-36.79999999999836,-1.0514285714285247,-5.802000000000589,1.2559999999994034,-0.828857142857227,0.1794285714284862,1,300.0,0.36,11.549714285714279,14.546014793661364,rollover,Sun,23,False
1333,XAUUSDm,short,2026-03-01 23:35:00+00:00,63709,5366.908,0.05,5373.908,5356.908,7.0,close_above_upper,2.2030609620239088,2026-03-01 23:40:00+00:00,63710,5377.143,sl,-51.17499999999836,0.0,0.0,-51.17499999999836,-1.4621428571428103,-13.492999999999483,3.154000000000451,-1.9275714285713548,0.450571428571493,1,300.0,0.36,12.635499999999995,15.079570667543006,rollover,Sun,23,False
1334,XAUUSDm,short,2026-03-01 23:45:00+00:00,63711,5382.13,0.05,5389.13,5372.13,7.0,close_above_upper,2.0417867322911047,2026-03-01 23:50:00+00:00,63712,5389.49,sl,-36.79999999999836,0.0,0.0,-36.79999999999836,-1.0514285714285247,-5.233999999999469,8.317000000000007,-0.7477142857142098,1.1881428571428583,1,300.0,0.36,14.904142857142817,15.638599065732947,rollover,Sun,23,False
1335,XAUUSDm,short,2026-03-01 23:55:00+00:00,63713,5388.931,0.05,5395.931,5378.931,7.0,close_above_upper,1.4717470071628198,2026-03-02 00:00:00+00:00,63714,5379.290999999999,tp,48.20000000000164,0.0,0.0,48.20000000000164,1.3771428571429039,-1.3060000000004948,11.045999999999367,-0.18657142857149925,1.5779999999999095,1,300.0,0.36,15.353999999999944,16.118295005035428,rollover,Sun,23,False
1336,XAUUSDm,short,2026-03-02 00:05:00+00:00,63715,5376.519,0.05,5383.519,5366.519,7.0,close_above_upper,0.0421166035661063,2026-03-02 00:15:00+00:00,63717,5366.879,tp,48.20000000000164,0.0,0.0,48.20000000000164,1.3771428571429039,-3.152999999999338,12.454999999999927,-0.45042857142847686,1.779285714285704,2,600.0,0.36,16.9391428571428,16.343786017250462,asian,Mon,0,False
1337,XAUUSDm,long,2026-03-02 00:55:00+00:00,63725,5345.951,0.05,5338.951,5355.951,7.0,close_below_lower,0.2979292830447536,2026-03-02 01:00:00+00:00,63726,5338.951,sl,-35.0,0.0,0.0,-35.0,-1.0,-4.996000000000095,9.010000000000218,-0.7137142857142992,1.2871428571428882,1,300.0,0.36,13.568928571428517,16.51116432110249,asian,Mon,0,False
1338,XAUUSDm,long,2026-03-02 01:05:00+00:00,63727,5329.942999999999,0.05,5322.943,5339.943,7.0,close_below_lower,0.8596784621205846,2026-03-02 01:10:00+00:00,63728,5339.943,tp,50.00000000000455,0.0,0.0,50.00000000000455,1.4285714285715585,-12.1299999999992,5.516000000000531,-1.7328571428570285,0.7880000000000759,1,300.0,0.36,15.205571428571472,16.7718737356948,asian,Mon,1,False
1339,XAUUSDm,long,2026-03-02 01:20:00+00:00,63730,5333.061,0.05,5326.061,5343.061,7.0,close_below_lower,0.10897886792419342,2026-03-02 01:25:00+00:00,63731,5323.238,sl,-49.11499999999705,0.0,0.0,-49.11499999999705,-1.40328571428563,-13.94799999999941,3.57300000000032,-1.9925714285713443,0.5104285714286172,1,300.0,0.36,15.254214285714365,17.105386197039167,asian,Mon,1,False
1340,XAUUSDm,long,2026-03-02 01:30:00+00:00,63732,5307.973,0.05,5300.973,5317.973,7.0,close_below_lower,1.0179065473555835,2026-03-02 01:35:00+00:00,63733,5325.938,tp,89.82500000000073,0.0,0.0,89.82500000000073,2.566428571428592,-2.743000000000393,19.64099999999962,-0.39185714285719897,2.805857142857089,1,300.0,0.36,16.483142857142866,17.44886966712692,asian,Mon,1,False
1341,XAUUSDm,short,2026-03-02 02:45:00+00:00,63747,5350.867,0.05,5357.867,5340.867,7.0,close_above_upper,0.02594653948690477,2026-03-02 02:50:00+00:00,63748,5341.227,tp,48.20000000000164,0.0,0.0,48.20000000000164,1.3771428571429039,-0.9859999999998763,7.721999999999753,-0.1408571428571252,1.103142857142822,1,300.0,0.36,10.980642857142746,17.721057064663807,asian,Mon,2,False
1342,XAUUSDm,short,2026-03-02 07:10:00+00:00,63800,5400.631,0.05,5407.631,5390.631,7.0,close_above_upper,0.02315951613216915,2026-03-02 07:15:00+00:00,63801,5407.991,sl,-36.79999999999836,0.0,0.0,-36.79999999999836,-1.0514285714285247,-6.171999999999571,4.507000000000517,-0.8817142857142244,0.6438571428572166,1,300.0,0.36,6.939571428571331,19.175914965802306,london,Mon,7,False
1343,XAUUSDm,short,2026-03-02 07:20:00+00:00,63802,5417.131,0.05,5424.131,5407.131,7.0,close_above_upper,0.5076168124747661,2026-03-02 07:30:00+00:00,63804,5407.491,tp,48.20000000000164,0.0,0.0,48.20000000000164,1.3771428571429039,-2.007999999999811,8.563000000000102,-0.28685714285711583,1.2232857142857287,2,600.0,0.36,7.393999999999908,19.40448602318405,london,Mon,7,False
1344,XAUUSDm,long,2026-03-02 14:10:00+00:00,63884,5371.467,0.05,5364.467,5381.467,7.0,close_below_lower,0.062742164388092,2026-03-02 14:15:00+00:00,63885,5364.467,sl,-35.0,0.0,0.0,-35.0,-1.0,-8.32299999999941,6.3090000000001965,-1.188999999999916,0.9012857142857423,1,300.0,0.36,13.024714285714188,19.408215666323144,overlap,Mon,14,False
1345,XAUUSDm,long,2026-03-02 14:20:00+00:00,63886,5364.468,0.05,5357.468,5374.468,7.0,close_below_lower,0.16972204146441294,2026-03-02 14:25:00+00:00,63887,5348.194,sl,-81.36999999999716,0.0,0.0,-81.36999999999716,-2.324857142857062,-20.372999999999593,5.270999999999731,-2.9104285714285134,0.7529999999999616,1,300.0,0.36,13.213857142857055,19.586258018518098,overlap,Mon,14,False
1346,XAUUSDm,long,2026-03-02 14:30:00+00:00,63888,5333.494,0.05,5326.494,5343.494,7.0,close_below_lower,1.196254136126513,2026-03-02 14:35:00+00:00,63889,5316.661,sl,-84.16499999999814,0.0,0.0,-84.16499999999814,-2.4047142857142325,-27.173999999999978,6.676000000000386,-3.881999999999997,0.9537142857143408,1,300.0,0.36,16.066714285714106,19.990792178206718,overlap,Mon,14,False
1347,XAUUSDm,long,2026-03-02 14:40:00+00:00,63890,5344.648999999999,0.05,5337.649,5354.649,7.0,close_below_lower,0.05933314564209745,2026-03-02 14:45:00+00:00,63891,5337.649,sl,-34.99999999999545,0.0,0.0,-34.99999999999545,-0.9999999999998701,-0.431999999999789,11.012000000000626,-0.06171428571425557,1.5731428571429464,1,300.0,0.36,19.2272857142857,20.33668254277845,overlap,Mon,14,False
1348,XAUUSDm,long,2026-03-02 16:05:00+00:00,63907,5273.715999999999,0.05,5266.716,5283.716,7.0,close_below_lower,1.6175403189812514,2026-03-02 16:10:00+00:00,63908,5289.351,tp,78.17500000000109,0.0,0.0,78.17500000000109,2.2335714285714596,-0.8549999999995634,21.47700000000077,-0.12214285714279478,3.068142857142967,1,300.0,0.36,19.82985714285704,21.30555468597347,newyork,Mon,16,False
1349,XAUUSDm,long,2026-03-02 16:20:00+00:00,63910,5285.44,0.05,5278.44,5295.44,7.0,close_below_lower,0.4546647730313596,2026-03-02 16:25:00+00:00,63911,5299.002,tp,67.81000000000404,0.0,0.0,67.81000000000404,1.9374285714286867,-3.63799999999992,15.4350000000004,-0.5197142857142742,2.2050000000000574,1,300.0,0.36,19.629999999999914,21.770641947769136,newyork,Mon,16,False
1350,XAUUSDm,long,2026-03-03 05:50:00+00:00,64060,5326.63,0.05,5319.63,5336.63,7.0,close_below_lower,0.12144024852670841,2026-03-03 05:55:00+00:00,64061,5316.705,sl,-49.62500000000091,0.0,0.0,-49.62500000000091,-1.417857142857169,-18.60199999999986,2.605999999999767,-2.6574285714285515,0.372285714285681,1,300.0,0.36,9.612142857142837,24.77070934181306,asian,Tue,5,False
1351,XAUUSDm,long,2026-03-03 06:00:00+00:00,64062,5319.5779999999995,0.05,5312.578,5329.578,7.0,close_below_lower,0.07091984687345344,2026-03-03 06:05:00+00:00,64063,5312.578,sl,-34.99999999999545,0.0,0.0,-34.99999999999545,-0.9999999999998701,-5.7979999999997744,3.47400000000016,-0.8282857142856821,0.49628571428573715,1,300.0,0.36,11.48914285714292,25.10593306099673,asian,Tue,6,False
1352,XAUUSDm,long,2026-03-03 06:10:00+00:00,64064,5309.9619999999995,0.05,5302.962,5319.962,7.0,close_below_lower,0.1148125303888536,2026-03-03 06:15:00+00:00,64065,5289.602,sl,-101.79999999999836,0.0,0.0,-101.79999999999836,-2.9085714285713817,-30.933999999999287,4.401000000000749,-4.419142857142755,0.6287142857143928,1,300.0,0.36,12.707285714285783,25.411434486827183,asian,Tue,6,False
1353,XAUUSDm,long,2026-03-03 09:30:00+00:00,64104,5242.781999999999,0.05,5235.782,5252.782,7.0,close_below_lower,0.9872534547510078,2026-03-03 09:35:00+00:00,64105,5266.179,tp,116.98500000000422,0.0,0.0,116.98500000000422,3.342428571428692,-2.284999999998945,27.45800000000054,-0.3264285714284207,3.9225714285715054,1,300.0,0.36,15.3811428571432,26.5238422993437,london,Tue,9,False
1354,XAUUSDm,long,2026-03-03 11:10:00+00:00,64124,5171.494,0.05,5164.494,5181.494,7.0,close_below_lower,1.9263289439688058,2026-03-03 11:15:00+00:00,64125,5198.48,tp,134.92999999999938,0.0,0.0,134.92999999999938,3.8551428571428397,-9.333999999999833,38.902000000000044,-1.3334285714285474,5.557428571428578,1,300.0,0.36,19.98328571428562,27.63831809871588,london,Tue,11,False
1355,XAUUSDm,long,2026-03-03 11:20:00+00:00,64126,5204.579,0.05,5197.579,5214.579,7.0,close_below_lower,0.28474942093922906,2026-03-03 11:25:00+00:00,64127,5187.77,sl,-84.04499999999643,0.0,0.0,-84.04499999999643,-2.4012857142856125,-19.894999999999527,4.632000000000517,-2.8421428571427896,0.6617142857143595,1,300.0,0.36,22.923714285714205,28.093396018341974,london,Tue,11,False
1356,XAUUSDm,long,2026-03-03 11:30:00+00:00,64128,5127.039,0.05,5120.039,5137.039,7.0,close_below_lower,2.27993913362275,2026-03-03 11:35:00+00:00,64129,5117.101,sl,-49.69000000000051,0.0,0.0,-49.69000000000051,-1.4197142857143004,-53.826999999999316,13.327000000000226,-7.689571428571331,1.903857142857175,1,300.0,0.36,29.22007142857131,28.871659877851677,london,Tue,11,False
1357,XAUUSDm,long,2026-03-03 11:40:00+00:00,64130,5134.374,0.05,5127.374,5144.374,7.0,close_below_lower,1.1770934663847554,2026-03-03 11:45:00+00:00,64131,5124.605,sl,-48.845000000001164,0.0,0.0,-48.845000000001164,-1.3955714285714618,-30.235999999999876,1.4400000000005093,-4.319428571428554,0.20571428571435849,1,300.0,0.36,35.01128571428554,29.724220614132676,london,Tue,11,False
1358,XAUUSDm,long,2026-03-03 11:50:00+00:00,64132,5142.887,0.05,5135.887,5152.887,7.0,close_below_lower,0.26431887672157045,2026-03-03 11:55:00+00:00,64133,5153.044,tp,50.785000000000764,0.0,0.0,50.785000000000764,1.4510000000000218,-5.713999999999942,10.007000000000517,-0.816285714285706,1.4295714285715024,1,300.0,0.36,36.59092857142851,30.199537002822062,london,Tue,11,False
1359,XAUUSDm,short,2026-03-03 12:30:00+00:00,64140,5204.115,0.05,5211.115,5194.115,7.0,close_above_upper,0.027468235559495412,2026-03-03 12:35:00+00:00,64141,5194.474999999999,tp,48.20000000000164,0.0,0.0,48.20000000000164,1.3771428571429039,-7.949000000000524,15.49200000000019,-1.1355714285715035,2.213142857142884,1,300.0,0.36,28.51242857142857,30.98944794751307,overlap,Tue,12,False
1360,XAUUSDm,long,2026-03-03 13:10:00+00:00,64148,5153.169,0.05,5146.169,5163.169,7.0,close_below_lower,0.16913070739543978,2026-03-03 13:15:00+00:00,64149,5163.982,tp,54.06500000000051,0.0,0.0,54.06500000000051,1.5447142857143004,-7.094000000000051,23.44000000000051,-1.0134285714285787,3.348571428571501,1,300.0,0.36,19.742714285714296,31.952884290586802,overlap,Tue,13,False
1361,XAUUSDm,long,2026-03-03 14:45:00+00:00,64167,5071.7,0.05,5064.7,5081.7,7.0,close_below_lower,1.0382642482135451,2026-03-03 14:50:00+00:00,64168,5056.804,sl,-74.47999999999865,0.0,0.0,-74.47999999999865,-2.1279999999999615,-20.83100000000013,4.703000000000429,-2.9758571428571616,0.6718571428572042,1,300.0,0.36,24.562428571428427,33.60432732323629,overlap,Tue,14,False
1362,XAUUSDm,long,2026-03-03 14:55:00+00:00,64169,5048.735,0.05,5041.735,5058.735,7.0,close_below_lower,1.100566254993486,2026-03-03 15:00:00+00:00,64170,5038.439,sl,-51.479999999996835,0.0,0.0,-51.479999999996835,-1.4708571428570525,-13.878999999999905,14.82300000000032,-1.982714285714272,2.117571428571474,1,300.0,0.36,26.81449999999989,34.38377063290234,overlap,Tue,14,False
1363,XAUUSDm,long,2026-03-03 15:05:00+00:00,64171,5033.249,0.05,5026.249,5043.249,7.0,close_below_lower,0.9297950384304896,2026-03-03 15:10:00+00:00,64172,5045.871,tp,63.11000000000149,0.0,0.0,63.11000000000149,1.8031428571428998,-7.503999999999905,31.298999999999978,-1.0719999999999865,4.471285714285711,1,300.0,0.36,28.205999999999936,35.14104419829289,overlap,Tue,15,False
1364,XAUUSDm,long,2026-03-03 15:15:00+00:00,64173,5039.851,0.05,5032.851,5049.851,7.0,close_below_lower,0.2513687085932012,2026-03-03 15:20:00+00:00,64174,5024.067,sl,-78.91999999999825,0.0,0.0,-78.91999999999825,-2.254857142857093,-44.081999999999425,5.249000000000706,-6.297428571428489,0.7498571428572437,1,300.0,0.24,30.38585714285708,35.63282206170243,overlap,Tue,15,False
1365,XAUUSDm,short,2026-03-03 16:05:00+00:00,64183,5108.23,0.05,5115.23,5098.23,7.0,close_above_upper,0.114317918248984,2026-03-03 16:20:00+00:00,64186,5115.469999999999,sl,-36.19999999999891,0.0,0.0,-36.19999999999891,-1.0342857142856832,-14.436000000000604,8.76299999999992,-2.0622857142858004,1.2518571428571315,3,900.0,0.24,26.72692857142868,36.77501207658298,newyork,Tue,16,False
1366,XAUUSDm,long,2026-03-05 13:20:00+00:00,64702,5131.648999999999,0.05,5124.649,5141.649,7.0,close_below_lower,0.23769018531506111,2026-03-05 13:25:00+00:00,64703,5104.416,sl,-136.16499999999633,0.0,0.0,-136.16499999999633,-3.8904285714284663,-49.998999999999796,1.2560000000003129,-7.1427142857142565,0.17942857142861612,1,300.0,0.36,8.14828571428565,21.437291297710907,overlap,Thu,13,False
1367,XAUUSDm,long,2026-03-05 13:30:00+00:00,64704,5121.718,0.05,5114.718,5131.718,7.0,close_below_lower,0.2587854000433051,2026-03-05 13:35:00+00:00,64705,5131.718,tp,50.0,0.0,0.0,50.0,1.4285714285714286,-6.871000000000095,8.186999999999898,-0.9815714285714421,1.169571428571414,1,300.0,0.36,13.063785714285652,21.742354861636866,overlap,Thu,13,False
1368,XAUUSDm,long,2026-03-05 15:10:00+00:00,64724,5070.94,0.05,5063.94,5080.94,7.0,close_below_lower,0.5872528105624524,2026-03-05 15:15:00+00:00,64725,5085.1,tp,70.80000000000382,0.0,0.0,70.80000000000382,2.022857142857252,-7.136999999999716,17.536000000000058,-1.019571428571388,2.5051428571428653,1,300.0,0.36,18.403785714285732,21.44870345882818,overlap,Thu,15,False
1369,XAUUSDm,short,2026-03-06 01:40:00+00:00,64837,5108.378,0.05,5115.378,5098.378,7.0,close_above_upper,0.09162065003168722,2026-03-06 01:45:00+00:00,64838,5118.585,sl,-51.03500000000167,0.0,0.0,-51.03500000000167,-1.458142857142905,-11.719000000000051,0.12599999999929423,-1.6741428571428645,0.017999999999899177,1,300.0,0.36,10.0636428571427,19.731169693819197,asian,Fri,1,False
1370,XAUUSDm,short,2026-03-06 01:50:00+00:00,64839,5120.795,0.05,5127.795,5110.795,7.0,close_above_upper,0.3877042608089553,2026-03-06 01:55:00+00:00,64840,5140.157999999999,sl,-96.81499999999687,0.0,0.0,-96.81499999999687,-2.7661428571427678,-20.751999999999498,0.0,-2.964571428571357,0.0,1,300.0,0.36,10.521142857142681,19.966400559600423,asian,Fri,1,False
1371,XAUUSDm,short,2026-03-06 02:00:00+00:00,64841,5134.734,0.05,5141.734,5124.734,7.0,close_above_upper,0.5700001920405623,2026-03-06 02:40:00+00:00,64849,5125.094,tp,48.20000000000164,0.0,0.0,48.20000000000164,1.3771428571429039,-3.5689999999995052,9.796000000000276,-0.5098571428570722,1.399428571428611,8,2400.0,0.36,11.446357142856934,20.23646318899693,asian,Fri,2,False
1372,XAUUSDm,short,2026-03-06 13:35:00+00:00,64980,5123.552,0.05,5130.552,5113.552,7.0,close_above_upper,1.0171192360283636,2026-03-06 13:40:00+00:00,64981,5113.911999999999,tp,48.20000000000164,0.0,0.0,48.20000000000164,1.3771428571429039,-7.026000000000749,4.572999999999411,-1.0037142857143928,0.6532857142856301,1,300.0,0.36,10.591714285714326,18.47701524862803,overlap,Fri,13,False
1373,XAUUSDm,short,2026-03-06 13:45:00+00:00,64982,5121.789,0.05,5128.789,5111.789,7.0,close_above_upper,0.5009438738376623,2026-03-06 13:50:00+00:00,64983,5112.148999999999,tp,48.20000000000164,0.0,0.0,48.20000000000164,1.3771428571429039,-0.5880000000006476,10.056999999999789,-0.08400000000009251,1.4367142857142556,1,300.0,0.36,11.475214285714369,18.837496563913312,overlap,Fri,13,False
1374,XAUUSDm,short,2026-03-06 15:00:00+00:00,64997,5130.029,0.05,5137.029,5120.029,7.0,close_above_upper,0.5295559638205359,2026-03-06 15:05:00+00:00,64998,5147.878,sl,-89.24499999999625,0.0,0.0,-89.24499999999625,-2.549857142857036,-29.089999999999236,2.268000000000029,-4.1557142857141764,0.3240000000000042,1,300.0,0.36,16.330928571428753,19.067343943296503,overlap,Fri,15,False
1375,XAUUSDm,short,2026-03-06 15:10:00+00:00,64999,5150.876,0.05,5157.876,5140.876,7.0,close_above_upper,1.0691965665961898,2026-03-06 15:20:00+00:00,65001,5158.236,sl,-36.79999999999836,0.0,0.0,-36.79999999999836,-1.0514285714285247,-6.045000000000073,13.167000000000371,-0.863571428571439,1.881000000000053,2,600.0,0.36,16.123642857142972,19.541628298329346,overlap,Fri,15,False
1376,XAUUSDm,short,2026-03-06 15:25:00+00:00,65002,5165.839,0.05,5172.839,5155.839,7.0,close_above_upper,1.022773766260109,2026-03-06 15:30:00+00:00,65003,5156.199,tp,48.20000000000164,0.0,0.0,48.20000000000164,1.3771428571429039,-5.726999999999862,9.006000000000313,-0.8181428571428374,1.2865714285714733,1,300.0,0.36,16.308071428571566,20.135743935188678,overlap,Fri,15,False
1377,XAUUSDm,short,2026-03-06 15:35:00+00:00,65004,5155.118,0.05,5162.118,5145.118,7.0,close_above_upper,0.03790840923679692,2026-03-06 15:45:00+00:00,65006,5145.478,tp,48.20000000000164,0.0,0.0,48.20000000000164,1.3771428571429039,-7.4229999999997744,5.423999999999978,-1.0604285714285393,0.7748571428571397,2,600.0,0.36,16.529214285714456,20.414772934226683,overlap,Fri,15,False
1378,XAUUSDm,long,2026-03-08 22:20:00+00:00,65085,5133.876,0.05,5126.876,5143.876,7.0,close_below_lower,0.4307732136143402,2026-03-08 22:25:00+00:00,65086,5149.519,tp,78.21500000000015,0.0,0.0,78.21500000000015,2.23471428571429,-1.893000000000029,22.93499999999949,-0.27042857142857557,3.276428571428499,1,300.0,0.5,10.368642857142731,20.841410269903868,rollover,Sun,22,False
1379,XAUUSDm,long,2026-03-08 22:40:00+00:00,65089,5133.633,0.05,5126.633,5143.633,7.0,close_below_lower,0.10633075391743214,2026-03-08 22:45:00+00:00,65090,5125.383,sl,-41.25,0.0,0.0,-41.25,-1.1785714285714286,-27.777000000000044,2.1419999999998254,-3.968142857142863,0.30599999999997507,1,300.0,0.5,14.602142857142749,21.097829421119254,rollover,Sun,22,False
1380,XAUUSDm,long,2026-03-08 22:50:00+00:00,65091,5106.844999999999,0.05,5099.845,5116.845,7.0,close_below_lower,0.9086124477910704,2026-03-08 22:55:00+00:00,65092,5122.919,tp,80.37000000000262,0.0,0.0,80.37000000000262,2.2962857142857893,-3.1749999999992724,17.06800000000021,-0.45357142857132465,2.4382857142857444,1,300.0,0.36,18.155999999999885,21.457142749976043,rollover,Sun,22,False
1381,XAUUSDm,long,2026-03-08 23:15:00+00:00,65096,5102.173,0.05,5095.173,5112.173,7.0,close_below_lower,0.31302259979423924,2026-03-08 23:20:00+00:00,65097,5095.173,sl,-35.0,0.0,0.0,-35.0,-1.0,-4.177999999999884,4.605000000000473,-0.5968571428571262,0.6578571428572104,1,300.0,0.36,22.685857142857067,22.006431073596993,rollover,Sun,23,False
1382,XAUUSDm,long,2026-03-08 23:25:00+00:00,65098,5100.262,0.05,5093.262,5110.262,7.0,close_below_lower,0.02667258345124869,2026-03-08 23:35:00+00:00,65100,5093.262,sl,-35.0,0.0,0.0,-35.0,-1.0,-5.712999999999738,4.8770000000004075,-0.8161428571428198,0.6967142857143439,2,600.0,0.36,19.72957142857149,22.242804646101874,rollover,Sun,23,False
1383,XAUUSDm,long,2026-03-08 23:40:00+00:00,65101,5070.066,0.05,5063.066,5080.066,7.0,close_below_lower,0.8053413585446388,2026-03-08 23:45:00+00:00,65102,5063.066,sl,-35.0,0.0,0.0,-35.0,-1.0,-25.863999999999578,5.469000000000051,-3.6948571428570824,0.7812857142857216,1,300.0,0.36,18.02764285714297,22.542801254060926,rollover,Sun,23,False
1384,XAUUSDm,long,2026-03-08 23:50:00+00:00,65103,5066.071,0.05,5059.071,5076.071,7.0,close_below_lower,0.506800957733805,2026-03-08 23:55:00+00:00,65104,5076.071,tp,50.0,0.0,0.0,50.0,1.4285714285714286,-6.42699999999968,7.631000000000313,-0.9181428571428114,1.090142857142902,1,300.0,0.24,19.366428571428578,22.89186573996924,rollover,Sun,23,False
1385,XAUUSDm,long,2026-03-09 00:10:00+00:00,65107,5053.330999999999,0.05,5046.331,5063.331,7.0,close_below_lower,0.2935719599738888,2026-03-09 00:15:00+00:00,65108,5036.128,sl,-86.0149999999976,0.0,0.0,-86.0149999999976,-2.45757142857136,-25.03099999999904,1.6800000000012005,-3.575857142857006,0.2400000000001715,1,300.0,0.36,18.12935714285712,23.440314882133535,asian,Mon,0,False
1386,XAUUSDm,long,2026-03-09 00:20:00+00:00,65109,5037.224999999999,0.05,5030.225,5047.225,7.0,close_below_lower,0.4716647018393644,2026-03-09 00:25:00+00:00,65110,5047.872,tp,53.23500000000422,0.0,0.0,53.23500000000422,1.5210000000001205,-3.746999999999389,15.61200000000099,-0.535285714285627,2.2302857142858556,1,300.0,0.36,17.99307142857138,23.848828391619623,asian,Mon,0,False
1387,XAUUSDm,short,2026-03-09 01:20:00+00:00,65121,5079.161,0.05,5086.161,5069.161,7.0,close_above_upper,0.05624485678165164,2026-03-09 01:50:00+00:00,65127,5069.521,tp,48.20000000000164,0.0,0.0,48.20000000000164,1.3771428571429039,-8.407000000000153,9.234000000000378,-1.2010000000000218,1.3191428571429111,6,1800.0,0.36,17.661428571428587,23.813643647390396,asian,Mon,1,False
1388,XAUUSDm,short,2026-03-09 05:50:00+00:00,65175,5136.501,0.05,5143.501,5126.501,7.0,close_above_upper,0.45825188858057375,2026-03-09 05:55:00+00:00,65176,5126.706999999999,tp,48.97000000000389,0.0,0.0,48.97000000000389,1.3991428571429683,-3.298999999999978,10.485000000000582,-0.47128571428571114,1.497857142857226,1,300.0,0.36,10.329571428571464,23.754497715890118,asian,Mon,5,False
1389,XAUUSDm,short,2026-03-09 14:45:00+00:00,65282,5112.388,0.05,5119.388,5102.388,7.0,close_above_upper,0.13021444080846475,2026-03-09 14:50:00+00:00,65283,5099.862,tp,62.6299999999992,0.0,0.0,62.6299999999992,1.7894285714285485,-3.6149999999997817,13.043999999999869,-0.5164285714285403,1.8634285714285528,1,300.0,0.36,14.575214285714408,23.585577331707952,overlap,Mon,14,False
1390,XAUUSDm,short,2026-03-10 02:00:00+00:00,65405,5184.093,0.05,5191.093,5174.093,7.0,close_above_upper,0.03597427930420933,2026-03-10 02:05:00+00:00,65406,5174.4529999999995,tp,48.20000000000164,0.0,0.0,48.20000000000164,1.3771428571429039,-3.019000000000233,7.7280000000000655,-0.4312857142857475,1.1040000000000094,1,300.0,0.36,10.025000000000157,24.552826490189656,asian,Tue,2,False
1391,XAUUSDm,short,2026-03-10 13:20:00+00:00,65541,5214.354,0.05,5221.354,5204.354,7.0,close_above_upper,0.12356445785216771,2026-03-10 13:25:00+00:00,65542,5222.1089999999995,sl,-38.774999999996,0.0,0.0,-38.774999999996,-1.1078571428570285,-8.74499999999989,2.0770000000002256,-1.2492857142856988,0.29671428571431796,1,300.0,0.36,6.996142857142721,22.614366081786653,overlap,Tue,13,False
1392,XAUUSDm,short,2026-03-10 13:30:00+00:00,65543,5221.431,0.05,5228.431,5211.431,7.0,close_above_upper,0.10481204191308247,2026-03-10 13:35:00+00:00,65544,5211.790999999999,tp,48.20000000000164,0.0,0.0,48.20000000000164,1.3771428571429039,-0.6700000000000728,12.061999999999898,-0.0957142857142961,1.7231428571428427,1,300.0,0.36,7.359071428571302,22.761165362950827,overlap,Tue,13,False
1393,XAUUSDm,long,2026-03-10 18:20:00+00:00,65601,5172.708,0.05,5165.708,5182.708,7.0,close_below_lower,1.3196785673460456,2026-03-10 18:25:00+00:00,65602,5192.543,tp,99.17500000000018,0.0,0.0,99.17500000000018,2.833571428571434,-2.5799999999999272,22.262000000000626,-0.36857142857141817,3.180285714285804,1,300.0,0.36,10.136571428571187,21.084528058409678,newyork,Tue,18,False
1394,XAUUSDm,long,2026-03-11 23:00:00+00:00,65921,5139.397,0.05,5132.397,5149.397,7.0,close_below_lower,0.89839525994241,2026-03-11 23:05:00+00:00,65922,5149.397,tp,50.0,0.0,0.0,50.0,1.4285714285714286,-4.430999999999585,9.50500000000011,-0.6329999999999407,1.3578571428571584,1,300.0,0.36,8.086500000000083,13.955273172020618,rollover,Wed,23,False
1395,XAUUSDm,long,2026-03-12 00:00:00+00:00,65933,5134.397999999999,0.05,5127.398,5144.398,7.0,close_below_lower,0.023273982832082058,2026-03-12 00:05:00+00:00,65934,5127.398,sl,-34.99999999999545,0.0,0.0,-34.99999999999545,-0.9999999999998701,-8.513999999999214,1.3050000000012005,-1.216285714285602,0.18642857142874295,1,300.0,0.36,9.095285714285572,14.13051308732545,asian,Thu,0,False
1396,XAUUSDm,long,2026-03-12 13:50:00+00:00,66099,5152.254,0.05,5145.254,5162.254,7.0,close_below_lower,0.33350087092554087,2026-03-12 14:00:00+00:00,66101,5162.254,tp,50.0,0.0,0.0,50.0,1.4285714285714286,-6.376999999999498,7.264000000000124,-0.9109999999999283,1.0377142857143034,2,600.0,0.36,7.763714285714416,13.954818308846423,overlap,Thu,13,False
1397,XAUUSDm,long,2026-03-12 15:05:00+00:00,66114,5132.227,0.05,5125.227,5142.227,7.0,close_below_lower,0.17433197853227017,2026-03-12 15:10:00+00:00,66115,5125.227,sl,-35.0,0.0,0.0,-35.0,-1.0,-5.104999999999563,4.2520000000004075,-0.7292857142856519,0.6074285714286296,1,300.0,0.36,9.09457142857153,13.65433330719359,overlap,Thu,15,False
1398,XAUUSDm,long,2026-03-12 15:15:00+00:00,66116,5124.911,0.05,5117.911,5134.911,7.0,close_below_lower,0.3481340792027668,2026-03-12 15:50:00+00:00,66123,5134.911,tp,50.0,0.0,0.0,50.0,1.4285714285714286,-7.105000000000473,9.457999999999629,-1.0150000000000676,1.3511428571428041,7,2100.0,0.36,9.726785714285857,13.777937225862622,overlap,Thu,15,False
1399,XAUUSDm,long,2026-03-12 20:30:00+00:00,66179,5072.116,0.05,5065.116,5082.116,7.0,close_below_lower,0.08618488380058942,2026-03-12 22:00:00+00:00,66185,5082.116,tp,50.0,0.0,0.0,50.0,1.4285714285714286,-17.36499999999978,9.36200000000008,-2.4807142857142543,1.337428571428583,6,5400.0,0.36,6.54071428571433,14.510540782551434,newyork,Thu,20,False
1400,XAUUSDm,long,2026-03-13 08:05:00+00:00,66306,5068.795,0.05,5061.795,5078.795,7.0,close_below_lower,0.06951997876904227,2026-03-13 08:15:00+00:00,66308,5078.795,tp,50.0,0.0,0.0,50.0,1.4285714285714286,-2.399999999999636,9.743999999999687,-0.3428571428570909,1.3919999999999553,2,600.0,0.36,7.038285714285719,15.41048221285855,london,Fri,8,False
1401,XAUUSDm,short,2026-03-13 12:05:00+00:00,66354,5114.071,0.05,5121.071,5104.071,7.0,close_above_upper,0.13705935112792886,2026-03-13 12:45:00+00:00,66362,5121.431,sl,-36.79999999999836,0.0,0.0,-36.79999999999836,-1.0514285714285247,-2.7899999999999636,9.703999999999724,-0.39857142857142336,1.3862857142856748,8,2400.0,0.36,5.675428571428581,14.889324253623016,overlap,Fri,12,False
1402,XAUUSDm,long,2026-03-13 14:15:00+00:00,66380,5090.965999999999,0.05,5083.966,5100.966,7.0,close_below_lower,0.02037062830211248,2026-03-13 14:35:00+00:00,66384,5083.966,sl,-34.99999999999545,0.0,0.0,-34.99999999999545,-0.9999999999998701,-8.200999999999112,3.397000000000844,-1.1715714285713017,0.48528571428583483,4,1200.0,0.24,7.799428571428572,15.257110861853361,overlap,Fri,14,False
1403,XAUUSDm,long,2026-03-13 14:45:00+00:00,66386,5079.4039999999995,0.05,5072.404,5089.404,7.0,close_below_lower,0.005876436738199883,2026-03-13 14:50:00+00:00,66387,5072.404,sl,-34.99999999999545,0.0,0.0,-34.99999999999545,-0.9999999999998701,-7.334999999999127,0.0,-1.047857142857018,0.0,1,300.0,0.36,8.653500000000024,15.637391421604768,overlap,Fri,14,False
1404,XAUUSDm,long,2026-03-13 14:55:00+00:00,66388,5064.338,0.05,5057.338,5074.338,7.0,close_below_lower,0.5875329027113932,2026-03-13 15:00:00+00:00,66389,5041.819,sl,-112.59499999999662,0.0,0.0,-112.59499999999662,-3.2169999999999033,-29.034999999999854,0.0,-4.147857142857122,0.0,1,300.0,0.36,9.125571428571416,15.86129810533096,overlap,Fri,14,False
1405,XAUUSDm,long,2026-03-13 15:05:00+00:00,66390,5049.777,0.05,5042.777,5059.777,7.0,close_below_lower,0.8463680553757977,2026-03-13 15:10:00+00:00,66391,5064.553,tp,73.8799999999992,0.0,0.0,73.8799999999992,2.11085714285712,-1.0360000000000582,15.143000000000029,-0.14800000000000832,2.1632857142857183,1,300.0,0.36,11.18964285714284,16.28314912778377,overlap,Fri,15,False
1406,XAUUSDm,long,2026-03-13 15:45:00+00:00,66398,5046.888,0.05,5039.888,5056.888,7.0,close_below_lower,0.029018103651557093,2026-03-13 15:50:00+00:00,66399,5039.888,sl,-35.0,0.0,0.0,-35.0,-1.0,-4.295000000000073,10.210000000000036,-0.613571428571439,1.4585714285714337,1,300.0,0.24,12.802499999999847,16.576876047607055,overlap,Fri,15,False
1407,XAUUSDm,long,2026-03-13 15:55:00+00:00,66400,5037.271,0.05,5030.271,5047.271,7.0,close_below_lower,0.28427408029908285,2026-03-13 16:00:00+00:00,66401,5030.271,sl,-35.0,0.0,0.0,-35.0,-1.0,-5.582999999999629,7.458999999999833,-0.7975714285713755,1.0655714285714046,1,300.0,0.264,13.89607142857137,16.774212926769636,overlap,Fri,15,False
1408,XAUUSDm,long,2026-03-13 16:05:00+00:00,66402,5028.237999999999,0.05,5021.238,5038.238,7.0,close_below_lower,0.43010642071666894,2026-03-13 16:10:00+00:00,66403,5038.238,tp,50.00000000000455,0.0,0.0,50.00000000000455,1.4285714285715585,-9.401999999999134,9.055000000000291,-1.3431428571427335,1.2935714285714701,1,300.0,0.24,13.782285714285665,17.031218002234116,newyork,Fri,16,False
1409,XAUUSDm,long,2026-03-13 19:50:00+00:00,66447,5015.913,0.05,5008.913,5025.913,7.0,close_below_lower,0.17731572980253887,2026-03-13 20:45:00+00:00,66458,5024.537,signal,43.12000000000353,0.0,0.0,43.12000000000353,1.2320000000001008,-6.324999999999818,9.557999999999993,-0.9035714285714026,1.3654285714285703,11,3300.0,0.24,6.354571428571229,16.895260816257764,newyork,Fri,19,False
1410,XAUUSDm,long,2026-03-15 23:25:00+00:00,66478,4985.532,0.05,4978.532,4995.532,7.0,close_below_lower,0.47347584173753066,2026-03-15 23:45:00+00:00,66482,4978.532,sl,-35.0,0.0,0.0,-35.0,-1.0,-6.427999999999884,7.01299999999992,-0.9182857142856976,1.0018571428571315,4,1200.0,0.24,11.030857142857192,17.019420657152438,rollover,Sun,23,False
1411,XAUUSDm,long,2026-03-15 23:50:00+00:00,66483,4975.302,0.05,4968.302,4985.302,7.0,close_below_lower,0.23775478879951767,2026-03-15 23:55:00+00:00,66484,4985.666,tp,51.82000000000244,0.0,0.0,51.82000000000244,1.4805714285714981,-0.23999999999978172,11.764000000000124,-0.034285714285683104,1.6805714285714461,1,300.0,0.24,10.899500000000055,17.576481605627666,rollover,Sun,23,False
1412,XAUUSDm,short,2026-03-16 00:05:00+00:00,66486,5022.118,0.05,5029.118,5012.118,7.0,close_above_upper,0.45573779627619615,2026-03-16 00:30:00+00:00,66491,5029.358,sl,-36.19999999999891,0.0,0.0,-36.19999999999891,-1.0342857142856832,-6.572999999999411,7.069000000000415,-0.9389999999999158,1.009857142857202,5,1500.0,0.264,12.995999999999965,17.78966071050153,asian,Mon,0,False
1413,XAUUSDm,short,2026-03-16 00:35:00+00:00,66492,5030.533,0.05,5037.533,5020.533,7.0,close_above_upper,0.15510710341222866,2026-03-16 00:50:00+00:00,66495,5020.773,tp,48.80000000000109,0.0,0.0,48.80000000000109,1.3942857142857454,-0.1929999999993015,8.324000000000524,-0.02757142857132879,1.1891428571429319,3,900.0,0.24,11.06114285714271,18.28518114491339,asian,Mon,0,False
1414,XAUUSDm,long,2026-03-16 01:15:00+00:00,66500,4986.504,0.05,4979.504,4996.504,7.0,close_below_lower,0.6186057200143127,2026-03-16 01:20:00+00:00,66501,5002.101,tp,77.98499999999876,0.0,0.0,77.98499999999876,2.2281428571428217,-3.4200000000000728,18.44000000000051,-0.488571428571439,2.634285714285787,1,300.0,0.24,10.701285714285534,18.7070354948124,asian,Mon,1,False
1415,XAUUSDm,long,2026-03-16 01:30:00+00:00,66503,4988.192,0.05,4981.192,4998.192,7.0,close_below_lower,0.18790447136247132,2026-03-16 01:40:00+00:00,66505,4998.192,tp,50.0,0.0,0.0,50.0,1.4285714285714286,-5.6729999999997744,9.23700000000008,-0.8104285714285392,1.31957142857144,2,600.0,0.24,12.253357142856983,18.916005767980636,asian,Mon,1,False
1416,XAUUSDm,short,2026-03-16 11:20:00+00:00,66621,5012.625,0.05,5019.625,5002.625,7.0,close_above_upper,0.001985062911931468,2026-03-16 11:25:00+00:00,66622,5020.083,sl,-37.289999999998145,0.0,0.0,-37.289999999998145,-1.0654285714285183,-7.537000000000262,1.0649999999995998,-1.076714285714323,0.1521428571428,1,300.0,0.24,6.309785714285746,19.448024801725936,london,Mon,11,False
1417,XAUUSDm,short,2026-03-16 11:30:00+00:00,66623,5018.937,0.05,5025.937,5008.937,7.0,close_above_upper,0.009464288037057324,2026-03-16 11:50:00+00:00,66627,5009.177,tp,48.80000000000109,0.0,0.0,48.80000000000109,1.3942857142857454,-1.1400000000003274,8.734999999999673,-0.16285714285718964,1.2478571428570961,4,1200.0,0.24,6.611857142857194,19.676180503563348,london,Mon,11,False
1418,XAUUSDm,long,2026-03-17 06:10:00+00:00,66835,5008.651,0.05,5001.651,5018.651,7.0,close_below_lower,0.009709724766210645,2026-03-17 07:15:00+00:00,66848,5014.303,signal,28.26000000000022,0.0,0.0,28.26000000000022,0.8074285714285777,-3.70299999999952,8.331000000000131,-0.5289999999999314,1.1901428571428758,13,3900.0,0.28,6.238642857142817,20.109758135068894,asian,Tue,6,False
1419,XAUUSDm,long,2026-03-17 15:40:00+00:00,66949,4982.465999999999,0.05,4975.466,4992.466,7.0,close_below_lower,0.2768918947466779,2026-03-17 15:45:00+00:00,66950,4992.466,tp,50.00000000000455,0.0,0.0,50.00000000000455,1.4285714285715585,-9.120999999999185,2.529000000000451,-1.3029999999998836,0.3612857142857787,1,300.0,0.28,8.474214285714229,17.883962613856447,overlap,Tue,15,False
1420,XAUUSDm,long,2026-03-18 07:55:00+00:00,67132,4991.5869999999995,0.05,4984.587,5001.587,7.0,close_below_lower,0.1051956147382242,2026-03-18 08:20:00+00:00,67137,4984.587,sl,-34.99999999999545,0.0,0.0,-34.99999999999545,-0.9999999999998701,-3.9549999999999272,5.055000000000291,-0.5649999999999896,0.7221428571428987,5,1500.0,0.28,3.8921428571429715,12.718005225737015,london,Wed,7,False
1421,XAUUSDm,long,2026-03-18 11:00:00+00:00,67169,4968.0689999999995,0.05,4961.069,4978.069,7.0,close_below_lower,0.144399996308871,2026-03-18 11:05:00+00:00,67170,4958.745,sl,-46.61999999999807,0.0,0.0,-46.61999999999807,-1.331999999999945,-10.843999999999141,1.7050000000008367,-1.5491428571427346,0.2435714285715481,1,300.0,0.2,6.4731428571427125,12.049494845526157,london,Wed,11,False
1422,XAUUSDm,long,2026-03-18 11:10:00+00:00,67171,4957.528,0.05,4950.528,4967.528,7.0,close_below_lower,0.568897419273339,2026-03-18 11:15:00+00:00,67172,4969.965,tp,62.18499999999949,0.0,0.0,62.18499999999949,1.7767142857142713,-1.868000000000393,12.769999999999527,-0.26685714285719897,1.8242857142856468,1,300.0,0.2,7.552428571428469,12.199761810947427,london,Wed,11,False
1423,XAUUSDm,long,2026-03-18 11:30:00+00:00,67175,4948.656,0.05,4941.656,4958.656,7.0,close_below_lower,0.7383515596718974,2026-03-18 11:40:00+00:00,67177,4941.656,sl,-35.0,0.0,0.0,-35.0,-1.0,-2.5720000000001164,13.192000000000007,-0.36742857142858804,1.8845714285714297,2,600.0,0.2,9.971499999999846,12.323699254875397,london,Wed,11,False
1424,XAUUSDm,long,2026-03-18 11:45:00+00:00,67178,4939.343,0.05,4932.343,4949.343,7.0,close_below_lower,0.845270465254589,2026-03-18 11:50:00+00:00,67179,4932.343,sl,-35.0,0.0,0.0,-35.0,-1.0,-9.539999999999964,5.164999999999964,-1.3628571428571377,0.7378571428571377,1,300.0,0.2,11.433785714285607,12.483321364424212,london,Wed,11,False
1425,XAUUSDm,long,2026-03-18 11:55:00+00:00,67180,4932.51,0.05,4925.51,4942.51,7.0,close_below_lower,0.840722875686496,2026-03-18 12:00:00+00:00,67181,4925.51,sl,-35.0,0.0,0.0,-35.0,-1.0,-7.6840000000001965,2.505000000000109,-1.0977142857143138,0.3578571428571585,1,300.0,0.2,11.196071428571356,12.725022510149444,london,Wed,11,False
1426,XAUUSDm,long,2026-03-18 12:05:00+00:00,67182,4929.91,0.05,4922.91,4939.91,7.0,close_below_lower,0.5068213059514461,2026-03-18 12:10:00+00:00,67183,4913.581,sl,-81.64499999999862,0.0,0.0,-81.64499999999862,-2.332714285714246,-17.40599999999995,2.5090000000000146,-2.486571428571421,0.3584285714285735,1,300.0,0.2,11.911214285714257,12.931072708792072,overlap,Wed,12,False
1427,XAUUSDm,long,2026-03-18 12:15:00+00:00,67184,4908.539,0.05,4901.539,4918.539,7.0,close_below_lower,1.4181354961922161,2026-03-18 12:20:00+00:00,67185,4901.539,sl,-35.0,0.0,0.0,-35.0,-1.0,-10.384999999999309,3.779000000000451,-1.4835714285713297,0.5398571428572073,1,300.0,0.2,12.41414285714284,13.153642256075525,overlap,Wed,12,False
1428,XAUUSDm,long,2026-03-18 12:25:00+00:00,67186,4899.299,0.05,4892.299,4909.299,7.0,close_below_lower,1.3339908086771666,2026-03-18 12:30:00+00:00,67187,4892.299,sl,-35.0,0.0,0.0,-35.0,-1.0,-3.931999999999789,5.462999999999738,-0.5617142857142555,0.7804285714285341,1,300.0,0.2,12.559428571428596,13.48196473842604,overlap,Wed,12,False
1429,XAUUSDm,long,2026-03-18 12:35:00+00:00,67188,4888.079,0.05,4881.079,4898.079,7.0,close_below_lower,1.4396011493171368,2026-03-18 12:40:00+00:00,67189,4881.079,sl,-35.0,0.0,0.0,-35.0,-1.0,-9.710000000000036,1.1660000000001673,-1.3871428571428623,0.1665714285714525,1,300.0,0.2,13.516785714285627,13.806530031999436,overlap,Wed,12,False
1430,XAUUSDm,long,2026-03-18 12:45:00+00:00,67190,4878.512,0.05,4871.512,4888.512,7.0,close_below_lower,1.308877328019304,2026-03-18 12:50:00+00:00,67191,4871.512,sl,-35.0,0.0,0.0,-35.0,-1.0,-5.386999999999716,1.1720000000004802,-0.769571428571388,0.16742857142864004,1,300.0,0.2,12.867071428571307,14.159826080597256,overlap,Wed,12,False
1431,XAUUSDm,long,2026-03-18 12:55:00+00:00,67192,4887.13,0.05,4880.13,4897.13,7.0,close_below_lower,0.06328323733434714,2026-03-18 13:00:00+00:00,67193,4880.13,sl,-35.0,0.0,0.0,-35.0,-1.0,-9.503999999999905,0.9380000000001019,-1.357714285714272,0.13400000000001455,1,300.0,0.2,13.108785714285593,14.335529557719198,overlap,Wed,12,False
1432,XAUUSDm,long,2026-03-18 13:05:00+00:00,67194,4860.8099999999995,0.05,4853.81,4870.81,7.0,close_below_lower,1.275875903143184,2026-03-18 13:10:00+00:00,67195,4853.81,sl,-34.99999999999545,0.0,0.0,-34.99999999999545,-0.9999999999998701,-5.233999999999469,6.885000000000218,-0.7477142857142098,0.9835714285714597,1,300.0,0.2,14.216857142857018,14.556122492929148,overlap,Wed,13,False
1433,XAUUSDm,long,2026-03-18 13:15:00+00:00,67196,4858.528,0.05,4851.528,4868.528,7.0,close_below_lower,0.783890454099128,2026-03-18 13:20:00+00:00,67197,4851.047,sl,-37.40500000000338,0.0,0.0,-37.40500000000338,-1.0687142857143823,-24.552999999999884,0.1459999999997308,-3.507571428571412,0.0208571428571044,1,300.0,0.2,14.820857142856962,14.844678087879547,overlap,Wed,13,False
1434,XAUUSDm,long,2026-03-18 13:25:00+00:00,67198,4858.4,0.05,4851.4,4868.4,7.0,close_below_lower,0.23963385748636717,2026-03-18 13:30:00+00:00,67199,4851.4,sl,-35.0,0.0,0.0,-35.0,-1.0,-1.2579999999998108,7.587000000000444,-0.17971428571425868,1.0838571428572064,1,300.0,0.2,15.106999999999841,15.067106153151457,overlap,Wed,13,False
1435,XAUUSDm,short,2026-03-18 14:10:00+00:00,67207,4892.51,0.05,4899.51,4882.51,7.0,close_above_upper,0.31955011027340663,2026-03-18 14:15:00+00:00,67208,4881.398,tp,55.5600000000004,0.0,0.0,55.5600000000004,1.587428571428583,-0.7449999999998909,12.511000000000422,-0.10642857142855584,1.7872857142857745,1,300.0,0.2,15.315642857142914,15.282590403761454,overlap,Wed,14,False
1436,XAUUSDm,long,2026-03-18 18:55:00+00:00,67264,4864.635,0.05,4857.635,4874.635,7.0,close_below_lower,0.009882818444233114,2026-03-18 19:00:00+00:00,67265,4852.792,sl,-59.214999999999236,0.0,0.0,-59.214999999999236,-1.691857142857121,-12.447000000000116,1.5230000000001382,-1.7781428571428737,0.21757142857144832,1,300.0,0.2,9.218714285714213,16.028007368635922,newyork,Wed,18,False
1437,XAUUSDm,long,2026-03-18 19:05:00+00:00,67266,4856.65,0.05,4849.65,4866.65,7.0,close_below_lower,0.13003021668131456,2026-03-18 19:20:00+00:00,67269,4849.65,sl,-35.0,0.0,0.0,-35.0,-1.0,-6.605999999999767,8.670000000000073,-0.9437142857142524,1.2385714285714389,3,900.0,0.2,10.494142857142899,16.25716497788359,newyork,Wed,19,False
1438,XAUUSDm,long,2026-03-18 19:25:00+00:00,67270,4847.063,0.05,4840.063,4857.063,7.0,close_below_lower,0.14274052117827943,2026-03-18 19:35:00+00:00,67272,4857.063,tp,50.0,0.0,0.0,50.0,1.4285714285714286,-3.3869999999997162,9.896999999999935,-0.4838571428571023,1.4138571428571336,2,600.0,0.2,11.10835714285713,16.47953452567194,newyork,Wed,19,False
1439,XAUUSDm,long,2026-03-18 20:15:00+00:00,67280,4826.071,0.05,4819.071,4836.071,7.0,close_below_lower,0.2780748456113569,2026-03-18 20:25:00+00:00,67282,4819.071,sl,-35.0,0.0,0.0,-35.0,-1.0,-6.484999999999673,2.412000000000262,-0.9264285714285246,0.344571428571466,2,600.0,0.2,9.792142857142737,16.902234436524402,newyork,Wed,20,False
1440,XAUUSDm,long,2026-03-18 20:30:00+00:00,67283,4811.495,0.05,4804.495,4821.495,7.0,close_below_lower,0.5483336212158603,2026-03-18 20:45:00+00:00,67286,4821.495,tp,50.0,0.0,0.0,50.0,1.4285714285714286,-4.818000000000211,9.98700000000008,-0.6882857142857445,1.4267142857142971,3,900.0,0.2,10.140499999999909,17.156037545890776,newyork,Wed,20,False
1441,XAUUSDm,short,2026-03-19 01:40:00+00:00,67333,4861.922,0.05,4868.922,4851.922,7.0,close_above_upper,0.04311437063703739,2026-03-19 01:50:00+00:00,67335,4852.121999999999,tp,49.00000000000091,0.0,0.0,49.00000000000091,1.400000000000026,-4.970000000000255,8.467999999999847,-0.7100000000000364,1.209714285714264,2,600.0,0.2,7.958642857142682,17.618987262794022,asian,Thu,1,False
1442,XAUUSDm,long,2026-03-19 06:30:00+00:00,67391,4814.054999999999,0.05,4807.055,4824.055,7.0,close_below_lower,0.03215212299964812,2026-03-19 06:35:00+00:00,67392,4807.055,sl,-34.99999999999545,0.0,0.0,-34.99999999999545,-0.9999999999998701,-6.377999999999702,5.892000000000735,-0.9111428571428145,0.8417142857143907,1,300.0,0.2,8.107142857142987,17.69854221949317,asian,Thu,6,False
1443,XAUUSDm,long,2026-03-19 06:40:00+00:00,67393,4796.289,0.05,4789.289,4806.289,7.0,close_below_lower,0.6265957419316242,2026-03-19 06:45:00+00:00,67394,4786.279,sl,-50.049999999996544,0.0,0.0,-50.049999999996544,-1.4299999999999014,-16.27599999999984,0.12100000000009459,-2.325142857142834,0.0172857142857278,1,300.0,0.2,9.544500000000166,17.96755330521383,asian,Thu,6,False
1444,XAUUSDm,long,2026-03-19 06:50:00+00:00,67395,4767.431,0.05,4760.431,4777.431,7.0,close_below_lower,1.5676704166370896,2026-03-19 06:55:00+00:00,67396,4754.409,sl,-65.10999999999967,0.0,0.0,-65.10999999999967,-1.860285714285705,-20.130999999999403,0.20200000000022555,-2.8758571428570576,0.02885714285717508,1,300.0,0.2,11.614142857142983,18.445690823794248,asian,Thu,6,False
1445,XAUUSDm,long,2026-03-19 07:00:00+00:00,67397,4763.8679999999995,0.05,4756.868,4773.868,7.0,close_below_lower,0.990861315111227,2026-03-19 07:05:00+00:00,67398,4773.868,tp,50.00000000000455,0.0,0.0,50.00000000000455,1.4285714285715585,-1.3099999999994907,9.095000000000255,-0.1871428571427844,1.2992857142857506,1,300.0,0.2,13.700428571428606,18.95632266229286,london,Thu,7,False
1446,XAUUSDm,long,2026-03-19 07:45:00+00:00,67406,4739.927,0.05,4732.927,4749.927,7.0,close_below_lower,0.6408707733458112,2026-03-19 07:50:00+00:00,67407,4750.849,tp,54.6100000000024,0.0,0.0,54.6100000000024,1.5602857142857829,-1.3629999999993743,12.57300000000032,-0.19471428571419633,1.7961428571429028,1,300.0,0.2,16.772,19.71085583616576,london,Thu,7,False
1447,XAUUSDm,long,2026-03-19 08:00:00+00:00,67409,4728.153,0.05,4721.153,4738.153,7.0,close_below_lower,0.6960436783261319,2026-03-19 08:05:00+00:00,67410,4721.153,sl,-35.0,0.0,0.0,-35.0,-1.0,-1.0630000000001019,12.175000000000182,-0.1518571428571574,1.7392857142857403,1,300.0,0.2,15.84942857142856,20.045702045631238,london,Thu,8,False
1448,XAUUSDm,long,2026-03-19 08:10:00+00:00,67411,4715.248,0.05,4708.248,4725.248,7.0,close_below_lower,0.8819636815628541,2026-03-19 08:15:00+00:00,67412,4725.248,tp,50.0,0.0,0.0,50.0,1.4285714285714286,-13.968999999999141,6.027000000000044,-1.995571428571306,0.8610000000000062,1,300.0,0.2,15.486928571428637,20.29525160610889,london,Thu,8,False
1449,XAUUSDm,long,2026-03-19 08:35:00+00:00,67416,4703.331999999999,0.05,4696.332,4713.332,7.0,close_below_lower,0.49484529702419255,2026-03-19 08:40:00+00:00,67417,4696.332,sl,-34.99999999999545,0.0,0.0,-34.99999999999545,-0.9999999999998701,-0.6899999999995998,17.09600000000046,-0.0985714285713714,2.44228571428578,1,300.0,0.2,17.855785714285698,20.839505700761496,london,Thu,8,False
1450,XAUUSDm,long,2026-03-19 08:45:00+00:00,67418,4688.605,0.05,4681.605,4698.605,7.0,close_below_lower,0.7546927643837942,2026-03-19 08:50:00+00:00,67419,4711.042,tp,112.18500000000404,0.0,0.0,112.18500000000404,3.2052857142858295,-1.806999999999789,31.01800000000003,-0.258142857142827,4.431142857142861,1,300.0,0.2,18.858428571428572,21.15534852024181,london,Thu,8,False
1451,XAUUSDm,long,2026-03-19 10:25:00+00:00,67438,4679.092,0.05,4672.092,4689.092,7.0,close_below_lower,0.1897213033900148,2026-03-19 10:30:00+00:00,67439,4689.092,tp,50.0,0.0,0.0,50.0,1.4285714285714286,-0.4539999999997235,10.855000000000473,-0.06485714285710335,1.5507142857143532,1,300.0,0.28,15.598571428571502,21.54778532645147,london,Thu,10,False
1452,XAUUSDm,long,2026-03-19 11:55:00+00:00,67456,4652.955,0.05,4645.955,4662.955,7.0,close_below_lower,0.1516627206982922,2026-03-19 12:00:00+00:00,67457,4645.955,sl,-35.0,0.0,0.0,-35.0,-1.0,-1.376999999999498,6.905999999999949,-0.19671428571421398,0.9865714285714213,1,300.0,0.28,13.043214285714319,21.839096249349332,london,Thu,11,False
1453,XAUUSDm,long,2026-03-19 12:05:00+00:00,67458,4630.735,0.05,4623.735,4640.735,7.0,close_below_lower,0.7770098235428612,2026-03-19 12:10:00+00:00,67459,4623.735,sl,-35.0,0.0,0.0,-35.0,-1.0,-7.448999999999614,9.036000000000058,-1.064142857142802,1.2908571428571511,1,300.0,0.28,13.549142857142865,22.155840001859975,overlap,Thu,12,False
1454,XAUUSDm,long,2026-03-19 12:15:00+00:00,67460,4619.397,0.05,4612.397,4629.397,7.0,close_below_lower,0.7764416907598694,2026-03-19 12:20:00+00:00,67461,4612.397,sl,-35.0,0.0,0.0,-35.0,-1.0,-7.1580000000003565,11.243000000000393,-1.0225714285714795,1.6061428571429133,1,300.0,0.28,13.682214285714249,22.53978153947442,overlap,Thu,12,False
1455,XAUUSDm,long,2026-03-19 12:25:00+00:00,67462,4605.420999999999,0.05,4598.421,4615.421,7.0,close_below_lower,0.8480155853140393,2026-03-19 12:30:00+00:00,67463,4615.421,tp,50.00000000000455,0.0,0.0,50.00000000000455,1.4285714285715585,-2.615999999999076,3.608000000001084,-0.3737142857141537,0.5154285714287263,1,300.0,0.28,14.893714285714266,22.98119822438961,overlap,Thu,12,False
1456,XAUUSDm,long,2026-03-19 12:35:00+00:00,67464,4604.406,0.05,4597.406,4614.406,7.0,close_below_lower,0.39499547786524586,2026-03-19 12:40:00+00:00,67465,4597.406,sl,-35.0,0.0,0.0,-35.0,-1.0,-1.4899999999997817,13.320999999999913,-0.2128571428571117,1.9029999999999876,1,300.0,0.28,15.295785714285753,23.383170671396798,overlap,Thu,12,False
1457,XAUUSDm,long,2026-03-19 12:45:00+00:00,67466,4563.753,0.05,4556.753,4573.753,7.0,close_below_lower,1.5108490490064634,2026-03-19 12:50:00+00:00,67467,4556.753,sl,-35.0,0.0,0.0,-35.0,-1.0,-32.67999999999938,1.235000000000582,-4.66857142857134,0.1764285714286546,1,300.0,0.28,17.877571428571432,23.857326445807352,overlap,Thu,12,False
1458,XAUUSDm,long,2026-03-19 12:55:00+00:00,67468,4573.858,0.05,4566.858,4583.858,7.0,close_below_lower,0.4604624285290059,2026-03-19 13:00:00+00:00,67469,4566.858,sl,-35.0,0.0,0.0,-35.0,-1.0,-2.787000000000262,11.957999999999629,-0.39814285714289455,1.7082857142856613,1,300.0,0.28,19.463071428571375,24.377429608036785,overlap,Thu,12,False
1459,XAUUSDm,long,2026-03-19 13:05:00+00:00,67470,4550.365,0.05,4543.365,4560.365,7.0,close_below_lower,0.8609464715786154,2026-03-19 13:10:00+00:00,67471,4536.008,sl,-71.78499999999985,0.0,0.0,-71.78499999999985,-2.0509999999999957,-23.05199999999968,15.756000000000313,-3.2931428571428114,2.2508571428571877,1,300.0,0.28,24.027285714285686,24.788627439916098,overlap,Thu,13,False
1460,XAUUSDm,long,2026-03-19 13:15:00+00:00,67472,4539.3279999999995,0.05,4532.328,4549.328,7.0,close_below_lower,0.660179314223221,2026-03-19 13:20:00+00:00,67473,4562.658,tp,116.65000000000418,0.0,0.0,116.65000000000418,3.332857142857262,-15.846999999999753,29.88000000000011,-2.2638571428571077,4.268571428571444,1,300.0,0.28,25.757642857142855,25.345125098006683,overlap,Thu,13,False
1461,XAUUSDm,short,2026-03-19 13:55:00+00:00,67480,4597.329,0.05,4604.329,4587.329,7.0,close_above_upper,0.10305979518455492,2026-03-19 14:00:00+00:00,67481,4621.210999999999,sl,-119.40999999999804,0.0,0.0,-119.40999999999804,-3.4117142857142295,-23.72400000000016,0.61200000000008,-3.38914285714288,0.08742857142858286,1,300.0,0.28,31.596142857142826,25.767746461866892,overlap,Thu,13,False
1462,XAUUSDm,short,2026-03-19 14:05:00+00:00,67482,4625.726,0.05,4632.726,4615.726,7.0,close_above_upper,0.7805401346262563,2026-03-19 14:10:00+00:00,67483,4633.005999999999,sl,-36.39999999999873,0.0,0.0,-36.39999999999873,-1.0399999999999636,-14.068000000000211,7.196999999999207,-2.009714285714316,1.0281428571427438,1,300.0,0.28,30.88942857142859,26.29337922871509,overlap,Thu,14,False
1463,XAUUSDm,short,2026-03-19 14:15:00+00:00,67484,4630.858,0.05,4637.858,4620.858,7.0,close_above_upper,0.5276989115482196,2026-03-19 14:20:00+00:00,67485,4614.615,tp,81.21500000000196,0.0,0.0,81.21500000000196,2.3204285714286277,-4.806999999999789,26.322000000000116,-0.6867142857142555,3.760285714285731,1,300.0,0.28,28.152928571428543,26.777081376795415,overlap,Thu,14,False
1464,XAUUSDm,long,2026-03-19 15:35:00+00:00,67500,4579.655,0.05,4572.655,4589.655,7.0,close_below_lower,0.056404774964718934,2026-03-19 15:40:00+00:00,67501,4572.655,sl,-35.0,0.0,0.0,-35.0,-1.0,-9.417999999999665,4.467000000000553,-1.3454285714285237,0.6381428571429362,1,300.0,0.28,20.822642857142974,27.70745218363767,overlap,Thu,15,False
1465,XAUUSDm,long,2026-03-19 15:45:00+00:00,67502,4572.054999999999,0.05,4565.055,4582.055,7.0,close_below_lower,0.07304148171811055,2026-03-19 15:50:00+00:00,67503,4583.62,tp,57.82500000000255,0.0,0.0,57.82500000000255,1.65214285714293,-5.941999999999098,13.905000000000655,-0.848857142857014,1.986428571428665,1,300.0,0.28,18.541142857143054,28.037629507617318,overlap,Thu,15,False
1466,XAUUSDm,short,2026-03-19 19:10:00+00:00,67543,4650.096,0.05,4657.096,4640.096,7.0,close_above_upper,0.13236700787812608,2026-03-19 19:15:00+00:00,67544,4657.375999999999,sl,-36.39999999999873,0.0,0.0,-36.39999999999873,-1.0399999999999636,-13.22900000000027,8.410999999999149,-1.8898571428571813,1.201571428571307,1,300.0,0.28,11.910285714285692,29.814311524124122,newyork,Thu,19,False
1467,XAUUSDm,short,2026-03-19 19:20:00+00:00,67545,4657.769,0.05,4664.769,4647.769,7.0,close_above_upper,0.08610622349984237,2026-03-19 19:25:00+00:00,67546,4644.347,tp,67.1100000000024,0.0,0.0,67.1100000000024,1.91742857142864,-0.6799999999993815,14.681999999999789,-0.0971428571427688,2.097428571428541,1,300.0,0.28,12.612357142857102,30.19034087218155,newyork,Thu,19,False
1468,XAUUSDm,long,2026-03-20 13:55:00+00:00,67756,4622.3,0.05,4615.3,4632.3,7.0,close_below_lower,0.09523032453039205,2026-03-20 14:00:00+00:00,67757,4615.3,sl,-35.0,0.0,0.0,-35.0,-1.0,-9.537000000000262,5.061999999999898,-1.3624285714286088,0.7231428571428425,1,300.0,0.28,14.430999999999974,32.96358415270848,overlap,Fri,13,False
1469,XAUUSDm,long,2026-03-20 14:05:00+00:00,67758,4615.869,0.05,4608.869,4625.869,7.0,close_below_lower,3.3998095340812836e-05,2026-03-20 14:10:00+00:00,67759,4608.869,sl,-35.0,0.0,0.0,-35.0,-1.0,-15.172999999999774,6.692000000000007,-2.1675714285713963,0.9560000000000011,1,300.0,0.28,15.045928571428574,33.31040995660907,overlap,Fri,14,False
1470,XAUUSDm,long,2026-03-20 14:15:00+00:00,67760,4587.615,0.05,4580.615,4597.615,7.0,close_below_lower,0.47424068809816683,2026-03-20 14:20:00+00:00,67761,4575.147,sl,-62.339999999999236,0.0,0.0,-62.339999999999236,-1.7811428571428354,-24.746000000000095,0.9020000000000437,-3.5351428571428705,0.12885714285714908,1,300.0,0.28,17.789357142857106,33.742585238733895,overlap,Fri,14,False
1471,XAUUSDm,long,2026-03-20 14:25:00+00:00,67762,4569.266,0.05,4562.266,4579.266,7.0,close_below_lower,0.5471857976800979,2026-03-20 14:30:00+00:00,67763,4558.14,sl,-55.62999999999647,0.0,0.0,-55.62999999999647,-1.5894285714284706,-18.10699999999997,0.21500000000014552,-2.5867142857142817,0.030714285714306504,1,300.0,0.28,19.122071428571417,34.29201512549667,overlap,Fri,14,False
1472,XAUUSDm,long,2026-03-20 18:50:00+00:00,67815,4511.156,0.05,4504.156,4521.156,7.0,close_below_lower,0.15324165544521126,2026-03-20 18:55:00+00:00,67816,4502.666,sl,-42.44999999999891,0.0,0.0,-42.44999999999891,-1.2128571428571118,-10.469000000000051,7.007999999999811,-1.4955714285714359,1.00114285714283,1,300.0,0.28,12.849214285714424,35.507225403559914,newyork,Fri,18,False
1473,XAUUSDm,long,2026-03-20 19:00:00+00:00,67817,4499.91,0.05,4492.91,4509.91,7.0,close_below_lower,0.13392904244411974,2026-03-20 19:05:00+00:00,67818,4492.91,sl,-35.0,0.0,0.0,-35.0,-1.0,-0.9169999999994616,16.444000000000415,-0.1309999999999231,2.3491428571429163,1,300.0,0.28,14.934000000000067,35.962937399122644,newyork,Fri,19,False
1474,XAUUSDm,long,2026-03-23 00:35:00+00:00,67872,4401.365,0.05,4394.365,4411.365,7.0,close_below_lower,0.1985242327994427,2026-03-23 00:40:00+00:00,67873,4349.781,sl,-257.91999999999916,0.0,0.0,-257.91999999999916,-7.369142857142833,-71.71299999999974,0.10199999999986176,-10.244714285714249,0.014571428571408822,1,300.0,0.28,21.503928571428723,39.20414097963301,asian,Mon,0,False
1475,XAUUSDm,long,2026-03-23 00:45:00+00:00,67874,4362.349,0.05,4355.349,4372.349,7.0,close_below_lower,0.6380107557622171,2026-03-23 00:50:00+00:00,67875,4345.543,sl,-84.03000000000247,0.0,0.0,-84.03000000000247,-2.4008571428572134,-18.046000000000276,5.076000000000022,-2.5780000000000394,0.7251428571428603,1,300.0,0.28,26.888857142857237,40.104575951035734,asian,Mon,0,False
1476,XAUUSDm,long,2026-03-23 00:55:00+00:00,67876,4335.96,0.05,4328.96,4345.96,7.0,close_below_lower,0.7365539804830535,2026-03-23 01:00:00+00:00,67877,4354.286,tp,91.63000000000011,0.0,0.0,91.63000000000011,2.618000000000003,-7.050000000000182,35.31999999999971,-1.007142857142883,5.0457142857142445,1,300.0,0.26,29.59921428571436,40.95209010667648,asian,Mon,0,False
1477,XAUUSDm,long,2026-03-23 06:05:00+00:00,67938,4287.024,0.05,4280.024,4297.024,7.0,close_below_lower,0.13121463214433454,2026-03-23 06:10:00+00:00,67939,4275.485,sl,-57.69500000000335,0.0,0.0,-57.69500000000335,-1.648428571428667,-17.28400000000056,0.0,-2.4691428571429372,0.0,1,300.0,0.26,15.11642857142871,41.679524720689095,asian,Mon,6,False
1478,XAUUSDm,long,2026-03-23 06:30:00+00:00,67943,4243.965,0.05,4236.965,4253.965,7.0,close_below_lower,0.3774014009576181,2026-03-23 06:35:00+00:00,67944,4236.965,sl,-35.0,0.0,0.0,-35.0,-1.0,-22.0029999999997,5.918999999999869,-3.1432857142856716,0.8455714285714099,1,300.0,0.26,20.648071428571647,42.55195112915899,asian,Mon,6,False
1479,XAUUSDm,long,2026-03-23 06:40:00+00:00,67945,4234.084,0.05,4227.084,4244.084,7.0,close_below_lower,0.20210604552379444,2026-03-23 06:45:00+00:00,67946,4183.261,sl,-254.11499999999705,0.0,0.0,-254.11499999999705,-7.260428571428487,-51.63599999999951,9.869000000000597,-7.376571428571359,1.4098571428572282,1,300.0,0.26,23.039857142857272,43.034283639860334,asian,Mon,6,False
1480,XAUUSDm,long,2026-03-23 06:50:00+00:00,67947,4206.528,0.05,4199.528,4216.528,7.0,close_below_lower,0.32211183040892055,2026-03-23 06:55:00+00:00,67948,4216.528,tp,50.0,0.0,0.0,50.0,1.4285714285714286,-2.8659999999999854,23.77300000000014,-0.40942857142856937,3.396142857142877,1,300.0,0.26,26.75857142857155,43.89946348494346,asian,Mon,6,False
1481,XAUUSDm,long,2026-03-23 07:05:00+00:00,67950,4180.814,0.05,4173.814,4190.814,7.0,close_below_lower,0.3479484836669789,2026-03-23 07:10:00+00:00,67951,4157.938,sl,-114.38000000000102,0.0,0.0,-114.38000000000102,-3.268000000000029,-48.95100000000002,0.15899999999965075,-6.993000000000003,0.02271428571423582,1,300.0,0.26,30.569928571428655,44.67815374265802,london,Mon,7,False
1482,XAUUSDm,long,2026-03-23 07:15:00+00:00,67952,4130.894,0.05,4123.894,4140.894,7.0,close_below_lower,0.9062712811522945,2026-03-23 07:20:00+00:00,67953,4117.038,sl,-69.28000000000338,0.0,0.0,-69.28000000000338,-1.9794285714286681,-17.627000000000407,29.13000000000011,-2.5181428571429154,4.161428571428587,1,300.0,0.26,34.13257142857141,45.607217484067846,london,Mon,7,False
1483,XAUUSDm,long,2026-03-23 07:25:00+00:00,67954,4130.834,0.05,4123.834,4140.834,7.0,close_below_lower,0.37086205342042045,2026-03-23 07:30:00+00:00,67955,4140.834,tp,50.0,0.0,0.0,50.0,1.4285714285714286,-17.925999999999476,8.485000000000582,-2.560857142857068,1.2121428571429402,1,300.0,0.26,37.89249999999993,46.36124434549702,london,Mon,7,False
1484,XAUUSDm,short,2026-03-23 08:15:00+00:00,67964,4253.105,0.05,4260.105,4243.105,7.0,close_above_upper,0.20946169364508233,2026-03-23 08:20:00+00:00,67965,4220.137000000001,tp,164.8399999999947,0.0,0.0,164.8399999999947,4.709714285714134,-3.068000000000211,40.73899999999958,-0.4382857142857444,5.819857142857082,1,300.0,0.26,36.26485714285718,46.32912110892744,london,Mon,8,False
1485,XAUUSDm,short,2026-03-23 08:35:00+00:00,67968,4263.115,0.05,4270.115,4253.115,7.0,close_above_upper,0.05516595516935759,2026-03-23 08:40:00+00:00,67969,4238.3060000000005,tp,124.04499999999643,0.0,0.0,124.04499999999643,3.5441428571427553,-7.515000000000327,28.95600000000013,-1.0735714285714753,4.136571428571448,1,300.0,0.26,31.78171428571438,45.871763210269634,london,Mon,8,False
1486,XAUUSDm,short,2026-03-23 11:10:00+00:00,67999,4406.873,0.05,4413.873,4396.873,7.0,close_above_upper,1.825120633233079,2026-03-23 11:15:00+00:00,68000,4457.072999999999,sl,-250.9999999999991,0.0,0.0,-250.9999999999991,-7.171428571428545,-56.54500000000007,11.252999999999702,-8.077857142857154,1.607571428571386,1,300.0,0.36,25.88071428571428,46.00474774030932,london,Mon,11,False
1487,XAUUSDm,short,2026-03-23 11:20:00+00:00,68001,4395.397,0.05,4402.397,4385.397,7.0,close_above_upper,0.8647492957449588,2026-03-23 11:25:00+00:00,68002,4377.179999999999,tp,91.08500000000276,0.0,0.0,91.08500000000276,2.6024285714286504,-10.86700000000019,40.38000000000011,-1.5524285714285984,5.768571428571444,1,300.0,0.28,34.5225000000001,47.155856536273575,london,Mon,11,False
1488,XAUUSDm,short,2026-03-23 11:30:00+00:00,68003,4399.515,0.05,4406.515,4389.515,7.0,close_above_upper,0.47677819969464647,2026-03-23 11:35:00+00:00,68004,4422.015,sl,-112.5,0.0,0.0,-112.5,-3.2142857142857144,-27.036000000000058,4.606000000000677,-3.8622857142857225,0.6580000000000966,1,300.0,0.308,38.278214285714384,47.656283520070915,london,Mon,11,False
1489,XAUUSDm,short,2026-03-23 11:40:00+00:00,68005,4404.869,0.05,4411.869,4394.869,7.0,close_above_upper,0.10369547267875925,2026-03-23 11:45:00+00:00,68006,4412.694,sl,-39.12500000000364,0.0,0.0,-39.12500000000364,-1.1178571428572468,-10.88000000000011,21.37199999999939,-1.5542857142857298,3.05314285714277,1,300.0,0.308,41.424214285714434,48.417972911972356,london,Mon,11,False
1490,XAUUSDm,short,2026-03-23 12:50:00+00:00,68019,4460.925,0.05,4467.925,4450.925,7.0,close_above_upper,0.2036146247468193,2026-03-23 12:55:00+00:00,68020,4468.2970000000005,sl,-36.86000000000149,0.0,0.0,-36.86000000000149,-1.0531428571428998,-21.587999999999738,2.2899999999999636,-3.0839999999999628,0.32714285714285196,1,300.0,0.372,31.441071428571313,49.75275446797493,overlap,Mon,12,False
1491,XAUUSDm,short,2026-03-23 13:00:00+00:00,68021,4478.366,0.05,4485.366,4468.366,7.0,close_above_upper,0.21875741447102154,2026-03-23 13:05:00+00:00,68022,4454.023,tp,121.71499999999924,0.0,0.0,121.71499999999924,3.4775714285714066,-7.078000000000429,40.086999999999534,-1.0111428571429184,5.726714285714219,1,300.0,0.372,29.916428571428437,50.367282038436485,overlap,Mon,13,False
1492,XAUUSDm,long,2026-03-23 16:00:00+00:00,68057,4363.869,0.05,4356.869,4373.869,7.0,close_below_lower,0.2738912576338609,2026-03-23 16:05:00+00:00,68058,4356.869,sl,-35.0,0.0,0.0,-35.0,-1.0,-4.778999999999542,16.33600000000024,-0.6827142857142202,2.33371428571432,1,300.0,0.364,24.126499999999982,52.89426033807691,newyork,Mon,16,False
1493,XAUUSDm,long,2026-03-24 00:40:00+00:00,68149,4350.139999999999,0.05,4343.14,4360.14,7.0,close_below_lower,0.07885720945507645,2026-03-24 00:45:00+00:00,68150,4343.14,sl,-34.99999999999545,0.0,0.0,-34.99999999999545,-0.9999999999998701,-19.151999999999134,3.311000000000604,-2.7359999999998763,0.4730000000000863,1,300.0,0.364,18.409071428571483,56.526465650684884,asian,Tue,0,False
1494,XAUUSDm,short,2026-03-24 20:25:00+00:00,68386,4463.408,0.05,4470.408,4453.408,7.0,close_above_upper,0.08081438384516879,2026-03-24 20:30:00+00:00,68387,4453.772,tp,48.18000000000211,0.0,0.0,48.18000000000211,1.376571428571489,-20.607999999999265,14.273000000000138,-2.943999999999895,2.0390000000000197,1,300.0,0.364,10.006285714285825,51.53231383796885,newyork,Tue,20,False
1495,XAUUSDm,short,2026-03-24 23:40:00+00:00,68413,4546.176,0.05,4553.176,4536.176,7.0,close_above_upper,0.007320757161171612,2026-03-24 23:45:00+00:00,68414,4536.54,tp,48.18000000000211,0.0,0.0,48.18000000000211,1.376571428571489,-0.3249999999998181,14.47900000000027,-0.046428571428545444,2.0684285714286097,1,300.0,0.364,12.408142857142723,52.4759799831523,rollover,Tue,23,False
1496,XAUUSDm,long,2026-03-25 19:10:00+00:00,68647,4503.8949999999995,0.05,4496.895,4513.895,7.0,close_below_lower,0.2807301452191958,2026-03-25 19:15:00+00:00,68648,4513.895,tp,50.00000000000455,0.0,0.0,50.00000000000455,1.4285714285715585,-17.073999999999614,6.466000000000349,-2.439142857142802,0.9237142857143356,1,300.0,0.28,10.130857142857167,30.657618553113174,newyork,Wed,19,False
1497,XAUUSDm,long,2026-03-26 05:50:00+00:00,68763,4473.41,0.05,4466.41,4483.41,7.0,close_below_lower,0.04775150737442157,2026-03-26 05:55:00+00:00,68764,4462.525,sl,-54.42500000000109,0.0,0.0,-54.42500000000109,-1.5550000000000312,-13.440999999999804,2.9030000000002474,-1.9201428571428292,0.41471428571432106,1,300.0,0.28,8.220142857142816,26.98054894646974,asian,Thu,5,False
1498,XAUUSDm,long,2026-03-26 06:00:00+00:00,68765,4439.317999999999,0.05,4432.318,4449.318,7.0,close_below_lower,0.8730653630043337,2026-03-26 06:05:00+00:00,68766,4432.318,sl,-34.99999999999545,0.0,0.0,-34.99999999999545,-0.9999999999998701,-11.383999999999105,11.262000000000626,-1.6262857142855864,1.6088571428572322,1,300.0,0.28,10.481857142857084,27.378168004961477,asian,Thu,6,False
1499,XAUUSDm,long,2026-03-26 06:10:00+00:00,68767,4438.414,0.05,4431.414,4448.414,7.0,close_below_lower,0.4431159775597446,2026-03-26 06:15:00+00:00,68768,4421.224,sl,-85.949999999998,0.0,0.0,-85.949999999998,-2.4557142857142287,-20.07299999999941,3.6840000000001965,-2.8675714285713445,0.5262857142857423,1,300.0,0.28,13.17699999999994,27.82640247853994,asian,Thu,6,False
1500,XAUUSDm,long,2026-03-26 06:20:00+00:00,68769,4430.346,0.05,4423.346,4440.346,7.0,close_below_lower,0.23721558492077716,2026-03-26 06:25:00+00:00,68770,4440.346,tp,50.0,0.0,0.0,50.0,1.4285714285714286,-1.8049999999993815,5.779000000000451,-0.2578571428570545,0.825571428571493,1,300.0,0.28,15.45771428571418,28.29417540000481,asian,Thu,6,False
1501,XAUUSDm,long,2026-03-26 16:25:00+00:00,68890,4401.235,0.05,4394.235,4411.235,7.0,close_below_lower,0.4875975782956277,2026-03-26 16:30:00+00:00,68891,4394.235,sl,-35.0,0.0,0.0,-35.0,-1.0,-14.488999999999578,0.0,-2.0698571428570824,0.0,1,300.0,0.28,12.087428571428584,25.147748988414392,newyork,Thu,16,False
1502,XAUUSDm,long,2026-03-26 16:35:00+00:00,68892,4393.041,0.05,4386.041,4403.041,7.0,close_below_lower,0.42278090258781215,2026-03-26 16:40:00+00:00,68893,4375.653,sl,-86.9399999999996,0.0,0.0,-86.9399999999996,-2.4839999999999884,-26.248999999999796,0.3000000000001819,-3.7498571428571137,0.042857142857168844,1,300.0,0.28,13.30392857142858,25.153983309978724,newyork,Thu,16,False
1503,XAUUSDm,long,2026-03-26 16:45:00+00:00,68894,4381.598,0.05,4374.598,4391.598,7.0,close_below_lower,0.40783140574231064,2026-03-26 16:55:00+00:00,68896,4391.598,tp,50.0,0.0,0.0,50.0,1.4285714285714286,-2.988999999999578,8.902000000000044,-0.4269999999999397,1.271714285714292,2,600.0,0.28,14.47807142857138,25.290100940777855,newyork,Thu,16,False
1504,XAUUSDm,long,2026-03-26 20:05:00+00:00,68934,4353.991,0.05,4346.991,4363.991,7.0,close_below_lower,0.03563628572271733,2026-03-26 20:10:00+00:00,68935,4363.991,tp,50.0,0.0,0.0,50.0,1.4285714285714286,-3.0469999999995707,3.6279999999997017,-0.43528571428565294,0.5182857142856717,1,300.0,0.28,8.358928571428546,23.001007704134707,newyork,Thu,20,False
1505,XAUUSDm,short,2026-03-26 20:40:00+00:00,68941,4420.011,0.05,4427.011,4410.011,7.0,close_above_upper,0.37802311988492915,2026-03-26 20:45:00+00:00,68942,4406.357,tp,68.27000000000226,0.0,0.0,68.27000000000226,1.950571428571493,0.0,14.712000000000444,0.0,2.101714285714349,1,300.0,0.28,15.985499999999904,23.274730716022333,newyork,Thu,20,False
1506,XAUUSDm,short,2026-03-27 05:40:00+00:00,69037,4473.811,0.05,4480.811,4463.811,7.0,close_above_upper,0.1007864470500773,2026-03-27 05:45:00+00:00,69038,4464.090999999999,tp,48.60000000000127,0.0,0.0,48.60000000000127,1.388571428571465,-1.4470000000001164,8.25,-0.20671428571430234,1.1785714285714286,1,300.0,0.28,6.095928571428495,24.28366942014091,asian,Fri,5,False
1507,XAUUSDm,short,2026-03-27 14:05:00+00:00,69138,4457.824,0.05,4464.824,4447.824,7.0,close_above_upper,0.08454546572908556,2026-03-27 14:10:00+00:00,69139,4448.103999999999,tp,48.60000000000127,0.0,0.0,48.60000000000127,1.388571428571465,-5.575000000000728,9.045999999999367,-0.7964285714286754,1.2922857142856239,1,300.0,0.28,12.05714285714287,23.914463493251922,overlap,Fri,14,False
1508,XAUUSDm,short,2026-03-27 14:20:00+00:00,69141,4465.845,0.05,4472.845,4455.845,7.0,close_above_upper,0.06790611303293695,2026-03-27 14:25:00+00:00,69142,4456.125,tp,48.60000000000127,0.0,0.0,48.60000000000127,1.388571428571465,-4.002999999999702,8.824000000000524,-0.5718571428571002,1.2605714285715035,1,300.0,0.28,13.5405,24.259130495718995,overlap,Fri,14,False
1509,XAUUSDm,short,2026-03-27 14:55:00+00:00,69148,4489.334,0.05,4496.334,4479.334,7.0,close_above_upper,0.2574350163123325,2026-03-27 15:00:00+00:00,69149,4509.8369999999995,sl,-102.51499999999851,0.0,0.0,-102.51499999999851,-2.928999999999957,-25.52599999999984,0.16200000000026193,-3.6465714285714057,0.023142857142894564,1,300.0,0.28,14.4824285714285,24.286784732633357,overlap,Fri,14,False
1510,XAUUSDm,short,2026-03-27 15:05:00+00:00,69150,4515.137,0.05,4522.137,4505.137,7.0,close_above_upper,0.815944768961452,2026-03-27 15:10:00+00:00,69151,4522.4169999999995,sl,-36.39999999999873,0.0,0.0,-36.39999999999873,-1.0399999999999636,-0.7190000000000509,9.692999999999302,-0.10271428571429299,1.3847142857141859,1,300.0,0.28,15.791785714285718,24.56045127811921,overlap,Fri,15,False
1511,XAUUSDm,short,2026-03-27 15:15:00+00:00,69152,4525.374,0.05,4532.374,4515.374,7.0,close_above_upper,0.7208326492450461,2026-03-27 15:20:00+00:00,69153,4532.933,sl,-37.79500000000098,0.0,0.0,-37.79500000000098,-1.0798571428571708,-12.952000000000226,4.429000000000087,-1.8502857142857465,0.6327142857142982,1,300.0,0.28,15.410142857142805,24.882613210727726,overlap,Fri,15,False
1512,XAUUSDm,short,2026-03-27 15:25:00+00:00,69154,4545.094,0.05,4552.094,4535.094,7.0,close_above_upper,0.920741021879531,2026-03-27 15:30:00+00:00,69155,4552.374,sl,-36.39999999999873,0.0,0.0,-36.39999999999873,-1.0399999999999636,-5.149000000000342,2.956000000000131,-0.7355714285714774,0.42228571428573297,1,300.0,0.28,15.987285714285722,25.352340619360625,overlap,Fri,15,False
1513,XAUUSDm,short,2026-03-27 15:35:00+00:00,69156,4544.022,0.05,4551.022,4534.022,7.0,close_above_upper,0.3507627277323983,2026-03-27 15:40:00+00:00,69157,4534.302,tp,48.60000000000127,0.0,0.0,48.60000000000127,1.388571428571465,-0.8379999999997381,11.047999999999774,-0.11971428571424829,1.578285714285682,1,300.0,0.28,15.799357142857193,25.74937526619018,overlap,Fri,15,False
1514,XAUUSDm,long,2026-03-29 23:40:00+00:00,69241,4452.1939999999995,0.05,4445.194,4462.194,7.0,close_below_lower,0.03844455350804355,2026-03-29 23:45:00+00:00,69242,4445.194,sl,-34.99999999999545,0.0,0.0,-34.99999999999545,-0.9999999999998701,-1.5189999999993233,3.2440000000005966,-0.21699999999990333,0.4634285714286567,1,300.0,0.28,11.934571428571482,26.207245647445113,rollover,Sun,23,False
1515,XAUUSDm,long,2026-03-29 23:50:00+00:00,69243,4445.254,0.05,4438.254,4455.254,7.0,close_below_lower,0.012860361960134598,2026-03-30 00:00:00+00:00,69245,4438.254,sl,-35.0,0.0,0.0,-35.0,-1.0,-1.5050000000001091,7.266999999999825,-0.2150000000000156,1.0381428571428322,2,600.0,0.28,11.684000000000001,26.484390530625262,rollover,Sun,23,False
1516,XAUUSDm,long,2026-03-30 00:10:00+00:00,69247,4429.263,0.05,4422.263,4439.263,7.0,close_below_lower,0.04511991592973425,2026-03-30 00:15:00+00:00,69248,4439.263,tp,50.0,0.0,0.0,50.0,1.4285714285714286,-10.760000000000218,2.6320000000005166,-1.5371428571428882,0.3760000000000738,1,300.0,0.28,12.241214285714184,26.926774599757266,asian,Mon,0,False
1517,XAUUSDm,short,2026-03-30 11:50:00+00:00,69375,4570.67,0.05,4577.67,4560.67,7.0,close_above_upper,0.015237197000709973,2026-03-30 11:55:00+00:00,69376,4560.95,tp,48.60000000000127,0.0,0.0,48.60000000000127,1.388571428571465,-10.05199999999968,1.6419999999998254,-1.4359999999999542,0.23457142857140362,1,300.0,0.28,8.718499999999949,26.25113754761845,london,Mon,11,False
1518,XAUUSDm,long,2026-03-30 13:50:00+00:00,69399,4534.965999999999,0.05,4527.966,4544.966,7.0,close_below_lower,0.03338132266404156,2026-03-30 13:55:00+00:00,69400,4527.966,sl,-34.99999999999545,0.0,0.0,-34.99999999999545,-0.9999999999998701,-5.402999999999338,2.725000000000364,-0.7718571428570483,0.38928571428576625,1,300.0,0.28,10.11357142857157,25.11395125243669,overlap,Mon,13,False
1519,XAUUSDm,long,2026-03-30 14:00:00+00:00,69401,4523.57,0.05,4516.57,4533.57,7.0,close_below_lower,0.19144372293638423,2026-03-30 14:10:00+00:00,69403,4533.57,tp,50.0,0.0,0.0,50.0,1.4285714285714286,-5.7609999999995125,12.421000000000276,-0.8229999999999303,1.774428571428611,2,600.0,0.28,10.807857142857301,25.406533272009618,overlap,Mon,14,False
1520,XAUUSDm,short,2026-03-31 01:20:00+00:00,69525,4568.833,0.05,4575.833,4558.833,7.0,close_above_upper,0.36403358677712305,2026-03-31 01:25:00+00:00,69526,4585.3279999999995,sl,-82.47499999999945,0.0,0.0,-82.47499999999945,-2.3564285714285558,-16.932999999999993,3.850999999999658,-2.418999999999999,0.5501428571428083,1,300.0,0.28,14.310714285714182,24.98676170664133,asian,Tue,1,False
1521,XAUUSDm,short,2026-03-31 01:30:00+00:00,69527,4581.559,0.05,4588.559,4571.559,7.0,close_above_upper,0.41145873635422947,2026-03-31 01:35:00+00:00,69528,4588.839,sl,-36.39999999999873,0.0,0.0,-36.39999999999873,-1.0399999999999636,-10.161000000000058,1.1880000000001019,-1.451571428571437,0.16971428571430028,1,300.0,0.28,14.181499999999883,25.40692055714276,asian,Tue,1,False
1522,XAUUSDm,short,2026-03-31 01:40:00+00:00,69529,4588.564,0.05,4595.564,4578.564,7.0,close_above_upper,0.29256669160718696,2026-03-31 01:45:00+00:00,69530,4617.879,sl,-146.574999999998,0.0,0.0,-146.574999999998,-4.187857142857085,-30.37199999999939,0.39200000000073487,-4.338857142857056,0.05600000000010498,1,300.0,0.28,13.01164285714276,25.709653874946582,asian,Tue,1,False
1523,XAUUSDm,short,2026-03-31 01:50:00+00:00,69531,4603.335,0.05,4610.335,4593.335,7.0,close_above_upper,0.3142235080270797,2026-03-31 01:55:00+00:00,69532,4610.773999999999,sl,-37.19499999999698,0.0,0.0,-37.19499999999698,-1.0627142857141993,-11.49200000000019,7.376000000000204,-1.6417142857143128,1.053714285714315,1,300.0,0.28,14.494999999999957,26.19844547700078,asian,Tue,1,False
1524,XAUUSDm,short,2026-03-31 11:40:00+00:00,69649,4589.331,0.05,4596.331,4579.331,7.0,close_above_upper,0.08647102721708877,2026-03-31 11:50:00+00:00,69651,4579.611,tp,48.60000000000127,0.0,0.0,48.60000000000127,1.388571428571465,-3.604000000000269,6.989999999999782,-0.5148571428571813,0.9985714285713974,2,600.0,0.28,11.977857142857115,26.012711752866508,london,Tue,11,False
1525,XAUUSDm,short,2026-03-31 14:05:00+00:00,69678,4614.152,0.05,4621.152,4604.152,7.0,close_above_upper,0.00544512845511402,2026-03-31 14:10:00+00:00,69679,4604.432,tp,48.60000000000127,0.0,0.0,48.60000000000127,1.388571428571465,-1.6710000000002765,9.576000000000022,-0.2387142857143252,1.3680000000000032,1,300.0,0.28,11.265000000000132,24.63169843496041,overlap,Tue,14,False
1526,XAUUSDm,short,2026-04-01 00:30:00+00:00,69791,4721.614,0.05,4728.614,4711.614,7.0,close_above_upper,0.014368320335045554,2026-04-01 00:35:00+00:00,69792,4705.9439999999995,tp,78.35000000000036,0.0,0.0,78.35000000000036,2.238571428571439,-0.910000000000764,17.78099999999995,-0.13000000000010914,2.54014285714285,1,300.0,0.28,7.165785714285708,22.89684226208004,asian,Wed,0,False
1527,XAUUSDm,long,2026-04-02 01:05:00+00:00,70071,4743.719,0.05,4736.719,4753.719,7.0,close_below_lower,0.9713410533402542,2026-04-02 01:10:00+00:00,70072,4753.719,tp,50.0,0.0,0.0,50.0,1.4285714285714286,-19.40400000000045,5.153999999999542,-2.7720000000000646,0.7362857142856488,1,300.0,0.36,10.007714285714298,20.88855866857545,asian,Thu,1,False
1528,XAUUSDm,long,2026-04-02 01:15:00+00:00,70073,4751.201999999999,0.05,4744.202,4761.202,7.0,close_below_lower,0.2371672799865949,2026-04-02 01:20:00+00:00,70074,4727.634,sl,-117.83999999999651,0.0,0.0,-117.83999999999651,-3.366857142857043,-27.688999999999396,1.7930000000005748,-3.9555714285713424,0.2561428571429393,1,300.0,0.36,12.220071428571439,21.159780374020784,asian,Thu,1,False
1529,XAUUSDm,long,2026-04-02 01:25:00+00:00,70075,4714.442,0.05,4707.442,4724.442,7.0,close_below_lower,1.3371723098821242,2026-04-02 01:30:00+00:00,70076,4696.897,sl,-87.72500000000036,0.0,0.0,-87.72500000000036,-2.506428571428582,-28.278000000000247,1.8090000000001965,-4.039714285714321,0.2584285714285995,1,300.0,0.36,14.961071428571424,21.717446650920174,asian,Thu,1,False
1530,XAUUSDm,long,2026-04-02 01:35:00+00:00,70077,4681.7,0.05,4674.7,4691.7,7.0,close_below_lower,1.9762210204172708,2026-04-02 01:40:00+00:00,70078,4697.306,tp,78.02999999999884,0.0,0.0,78.02999999999884,2.2294285714285382,-7.416000000000167,15.873999999999796,-1.0594285714285954,2.2677142857142565,1,300.0,0.36,19.581142857142886,22.321435102382868,asian,Thu,1,False
1531,XAUUSDm,long,2026-04-02 01:45:00+00:00,70079,4689.929,0.05,4682.929,4699.929,7.0,close_below_lower,0.9249887973976253,2026-04-02 01:50:00+00:00,70080,4699.929,tp,50.0,0.0,0.0,50.0,1.4285714285714286,-5.194999999999709,9.990999999999985,-0.7421428571428156,1.4272857142857123,1,300.0,0.28,21.787357142857086,22.702600797700963,asian,Thu,1,False
1532,XAUUSDm,long,2026-04-02 02:35:00+00:00,70089,4670.407,0.05,4663.407,4680.407,7.0,close_below_lower,0.09027505524075596,2026-04-02 02:40:00+00:00,70090,4659.515,sl,-54.45999999999913,0.0,0.0,-54.45999999999913,-1.555999999999975,-15.372000000000298,0.25199999999949796,-2.196000000000043,0.03599999999992828,1,300.0,0.28,19.62307142857136,23.47494720176765,asian,Thu,2,False
1533,XAUUSDm,long,2026-04-02 05:45:00+00:00,70127,4634.446,0.05,4627.446,4644.446,7.0,close_below_lower,0.20599151483864414,2026-04-02 05:50:00+00:00,70128,4591.277,sl,-215.84499999999935,0.0,0.0,-215.84499999999935,-6.166999999999981,-42.983000000000175,0.9899999999997817,-6.140428571428596,0.14142857142854023,1,300.0,0.28,9.749071428571499,24.222103807675445,asian,Thu,5,False
1534,XAUUSDm,long,2026-04-02 05:55:00+00:00,70129,4604.396,0.05,4597.396,4614.396,7.0,close_below_lower,0.8430575694932537,2026-04-02 06:00:00+00:00,70130,4594.136,sl,-51.299999999996544,0.0,0.0,-51.299999999996544,-1.465714285714187,-13.601999999999862,3.5600000000004,-1.9431428571428373,0.5085714285714857,1,300.0,0.28,13.65342857142858,24.813208585503467,asian,Thu,5,False
1535,XAUUSDm,long,2026-04-02 06:05:00+00:00,70131,4585.264999999999,0.05,4578.265,4595.265,7.0,close_below_lower,1.010915418299641,2026-04-02 06:10:00+00:00,70132,4568.046,sl,-86.09499999999571,0.0,0.0,-86.09499999999571,-2.4598571428570204,-23.98399999999947,4.23200000000088,-3.426285714285638,0.6045714285715543,1,300.0,0.28,15.351000000000113,25.409598336622548,asian,Thu,6,False
1536,XAUUSDm,long,2026-04-02 06:15:00+00:00,70133,4580.8369999999995,0.05,4573.837,4590.837,7.0,close_below_lower,0.5563936102326521,2026-04-02 06:20:00+00:00,70134,4590.837,tp,50.00000000000455,0.0,0.0,50.00000000000455,1.4285714285715585,-6.633999999999105,10.801000000000386,-0.9477142857141578,1.543000000000055,1,300.0,0.28,18.43685714285727,25.985085614752144,asian,Thu,6,False
1537,XAUUSDm,short,2026-04-02 07:50:00+00:00,70152,4648.268,0.05,4655.268,4638.268,7.0,close_above_upper,0.0863883515396606,2026-04-02 08:00:00+00:00,70154,4638.548,tp,48.60000000000127,0.0,0.0,48.60000000000127,1.388571428571465,-0.34100000000034925,7.168999999999869,-0.04871428571433561,1.0241428571428384,2,600.0,0.28,11.279571428571476,26.309163394492952,london,Thu,7,False
1538,XAUUSDm,short,2026-04-02 13:50:00+00:00,70224,4634.213,0.05,4641.213,4624.213,7.0,close_above_upper,0.20520107262421775,2026-04-02 13:55:00+00:00,70225,4641.4929999999995,sl,-36.39999999999873,0.0,0.0,-36.39999999999873,-1.0399999999999636,-9.311000000000604,4.804000000000087,-1.3301428571429434,0.6862857142857267,1,300.0,0.28,16.543785714285736,26.04351473561002,overlap,Thu,13,False
1539,XAUUSDm,short,2026-04-02 14:00:00+00:00,70226,4646.101,0.05,4653.101,4636.101,7.0,close_above_upper,0.3698193103598991,2026-04-02 14:10:00+00:00,70228,4653.380999999999,sl,-36.39999999999873,0.0,0.0,-36.39999999999873,-1.0399999999999636,-5.204999999999927,14.648999999999432,-0.7435714285714182,2.0927142857142047,2,600.0,0.28,17.682142857142935,26.398119958118723,overlap,Thu,14,False
1540,XAUUSDm,short,2026-04-02 14:20:00+00:00,70230,4660.168,0.05,4667.168,4650.168,7.0,close_above_upper,0.26610082422948395,2026-04-02 14:25:00+00:00,70231,4675.059,sl,-74.45500000000266,0.0,0.0,-74.45500000000266,-2.12728571428579,-15.738000000000284,1.5249999999996362,-2.2482857142857546,0.21785714285709087,1,300.0,0.28,17.03428571428581,26.893195128747344,overlap,Thu,14,False
1541,XAUUSDm,short,2026-04-02 14:30:00+00:00,70232,4664.986,0.05,4671.986,4654.986,7.0,close_above_upper,0.030388412791494495,2026-04-02 14:35:00+00:00,70233,4672.266,sl,-36.39999999999873,0.0,0.0,-36.39999999999873,-1.0399999999999636,-8.49200000000019,6.1359999999995125,-1.2131428571428842,0.876571428571359,1,300.0,0.28,17.423928571428664,27.27453529222319,overlap,Thu,14,False
1542,XAUUSDm,short,2026-04-02 14:40:00+00:00,70234,4687.489,0.05,4694.489,4677.489,7.0,close_above_upper,0.4382178205872451,2026-04-02 14:50:00+00:00,70236,4677.768999999999,tp,48.60000000000127,0.0,0.0,48.60000000000127,1.388571428571465,-12.277000000000044,7.962999999999738,-1.753857142857149,1.1375714285713912,2,600.0,0.28,17.99371428571437,27.593815279644392,overlap,Thu,14,False
1543,XAUUSDm,long,2026-04-05 22:05:00+00:00,70311,4638.222,0.05,4631.222,4648.222,7.0,close_below_lower,0.09238580559535364,2026-04-05 22:10:00+00:00,70312,4631.222,sl,-35.0,0.0,0.0,-35.0,-1.0,-8.115999999999985,1.061000000000604,-1.1594285714285693,0.15157142857151484,1,300.0,0.5,7.334571428571378,27.555038433210647,rollover,Sun,22,False
1544,XAUUSDm,long,2026-04-05 22:15:00+00:00,70313,4630.754,0.05,4623.754,4640.754,7.0,close_below_lower,0.08931947403745186,2026-04-05 22:20:00+00:00,70314,4640.754,tp,50.0,0.0,0.0,50.0,1.4285714285714286,-1.1409999999996217,9.92699999999968,-0.16299999999994594,1.4181428571428114,1,300.0,0.36,8.795714285714244,27.90456380276676,rollover,Sun,22,False
1545,XAUUSDm,short,2026-04-06 02:20:00+00:00,70362,4663.105,0.05,4670.105,4653.105,7.0,close_above_upper,0.03710932028675215,2026-04-06 02:35:00+00:00,70365,4653.384999999999,tp,48.60000000000127,0.0,0.0,48.60000000000127,1.388571428571465,-8.712000000000444,9.516999999999825,-1.244571428571492,1.3595714285714036,3,900.0,0.28,10.941642857142856,28.892862906987745,asian,Mon,2,False
1546,XAUUSDm,short,2026-04-07 08:25:00+00:00,70711,4684.342,0.05,4691.342,4674.342,7.0,close_above_upper,0.4971298895247256,2026-04-07 09:10:00+00:00,70720,4691.621999999999,sl,-36.39999999999873,0.0,0.0,-36.39999999999873,-1.0399999999999636,-4.104000000000269,7.351999999999862,-0.5862857142857527,1.0502857142856945,9,2700.0,0.28,9.310857142857133,20.816024248593727,london,Tue,8,False
1547,XAUUSDm,long,2026-04-07 11:15:00+00:00,70745,4635.717,0.05,4628.717,4645.717,7.0,close_below_lower,0.2193806716499718,2026-04-07 11:20:00+00:00,70746,4645.717,tp,50.0,0.0,0.0,50.0,1.4285714285714286,-2.719999999999345,6.510000000000218,-0.38857142857133503,0.9300000000000311,1,300.0,0.28,11.078357142857255,19.284433944807564,london,Tue,11,False
1548,XAUUSDm,long,2026-04-07 14:05:00+00:00,70779,4625.013,0.05,4618.013,4635.013,7.0,close_below_lower,0.21451551052276208,2026-04-07 14:10:00+00:00,70780,4612.164,sl,-64.2450000000008,0.0,0.0,-64.2450000000008,-1.8355714285714515,-17.766999999999825,2.654000000000451,-2.5381428571428324,0.37914285714292156,1,300.0,0.28,10.666571428571322,19.386584093750898,overlap,Tue,14,False
1549,XAUUSDm,long,2026-04-07 14:20:00+00:00,70782,4616.07,0.05,4609.07,4626.07,7.0,close_below_lower,0.14192381524929093,2026-04-07 14:25:00+00:00,70783,4641.81,signal,128.70000000000346,0.0,0.0,128.70000000000346,3.677142857142956,-0.39399999999932334,29.369000000000597,-0.05628571428561762,4.1955714285715136,1,300.0,0.28,12.162785714285747,19.782727040719717,overlap,Tue,14,False
1550,XAUUSDm,short,2026-04-07 19:50:00+00:00,70848,4706.107,0.05,4713.107,4696.107,7.0,close_above_upper,0.22844871622405502,2026-04-07 20:30:00+00:00,70856,4713.387,sl,-36.39999999999873,0.0,0.0,-36.39999999999873,-1.0399999999999636,-6.5919999999996435,10.872999999999593,-0.9417142857142348,1.553285714285656,8,2400.0,0.28,11.049785714285722,19.305292640651913,newyork,Tue,19,False
1551,XAUUSDm,short,2026-04-07 22:05:00+00:00,70863,4744.33,0.05,4751.33,4734.33,7.0,close_above_upper,0.7461286042550681,2026-04-07 22:10:00+00:00,70864,4734.69,tp,48.20000000000164,0.0,0.0,48.20000000000164,1.3771428571429039,-7.783999999999651,2.8209999999999127,-1.1119999999999501,0.40299999999998753,1,300.0,0.36,10.174857142857165,19.527644135287225,rollover,Tue,22,False
1552,XAUUSDm,short,2026-04-07 22:35:00+00:00,70869,4760.359,0.05,4767.359,4750.359,7.0,close_above_upper,0.6979836410329929,2026-04-07 22:40:00+00:00,70870,4775.491999999999,sl,-75.6649999999945,0.0,0.0,-75.6649999999945,-2.1618571428569857,-19.341999999999643,8.253000000000611,-2.7631428571428063,1.1790000000000873,1,300.0,0.36,13.69421428571429,19.84330660023822,rollover,Tue,22,False
1553,XAUUSDm,short,2026-04-07 22:45:00+00:00,70871,4769.914,0.05,4776.914,4759.914,7.0,close_above_upper,0.6295480415348439,2026-04-07 22:50:00+00:00,70872,4777.273999999999,sl,-36.79999999999836,0.0,0.0,-36.79999999999836,-1.0514285714285247,-3.881000000000313,8.295999999999367,-0.5544285714286161,1.1851428571427667,1,300.0,0.36,15.31785714285713,20.222205152276363,rollover,Tue,22,False
1554,XAUUSDm,short,2026-04-07 22:55:00+00:00,70873,4793.523,0.05,4800.523,4783.523,7.0,close_above_upper,1.2077341381448077,2026-04-07 23:00:00+00:00,70874,4818.741999999999,sl,-126.09499999999571,0.0,0.0,-126.09499999999571,-3.602714285714163,-26.175999999999476,0.569999999999709,-3.7394285714284967,0.08142857142852986,1,300.0,0.36,16.820714285714207,20.51826987036373,rollover,Tue,22,False
1555,XAUUSDm,short,2026-04-07 23:05:00+00:00,70875,4811.463,0.05,4818.463,4801.463,7.0,close_above_upper,1.2832102045363194,2026-04-07 23:10:00+00:00,70876,4818.822999999999,sl,-36.79999999999836,0.0,0.0,-36.79999999999836,-1.0514285714285247,-6.453000000000429,5.528999999999542,-0.9218571428572042,0.7898571428570774,1,300.0,0.36,19.679499999999866,21.02206180757452,rollover,Tue,23,False
1556,XAUUSDm,short,2026-04-07 23:15:00+00:00,70877,4818.421,0.05,4825.421,4808.421,7.0,close_above_upper,0.9142038232082582,2026-04-07 23:20:00+00:00,70878,4825.781,sl,-36.79999999999836,0.0,0.0,-36.79999999999836,-1.0514285714285247,-6.157999999999447,8.110999999999876,-0.8797142857142067,1.158714285714268,1,300.0,0.36,18.208428571428417,21.430107825944972,rollover,Tue,23,False
1557,XAUUSDm,short,2026-04-07 23:25:00+00:00,70879,4818.77,0.05,4825.77,4808.77,7.0,close_above_upper,0.33533444823778175,2026-04-07 23:30:00+00:00,70880,4809.05,tp,48.60000000000127,0.0,0.0,48.60000000000127,1.388571428571465,-0.8779999999997017,11.04700000000048,-0.1254285714285288,1.5781428571429257,1,300.0,0.36,18.279142857142688,21.77127522153372,rollover,Tue,23,False
1558,XAUUSDm,short,2026-04-08 00:00:00+00:00,70886,4833.268,0.05,4840.268,4823.268,7.0,close_above_upper,0.0021557808772265795,2026-04-08 00:05:00+00:00,70887,4846.147999999999,sl,-64.399999999996,0.0,0.0,-64.399999999996,-1.8399999999998857,-18.894000000000233,2.67200000000048,-2.6991428571428906,0.38171428571435434,1,300.0,0.36,15.166571428571388,22.091448741729486,asian,Wed,0,False
1559,XAUUSDm,long,2026-04-08 12:25:00+00:00,71035,4770.076999999999,0.05,4763.077,4780.077,7.0,close_below_lower,0.02038447718750251,2026-04-08 12:30:00+00:00,71036,4783.926,tp,69.24500000000535,0.0,0.0,69.24500000000535,1.9784285714287242,-0.4289999999991778,14.429000000000997,-0.06128571428559683,2.0612857142858565,1,300.0,0.28,9.278785714285666,22.33495467477561,overlap,Wed,12,False
1560,XAUUSDm,long,2026-04-08 14:35:00+00:00,71061,4754.5419999999995,0.05,4747.542,4764.542,7.0,close_below_lower,0.016323320102944204,2026-04-08 14:40:00+00:00,71062,4764.542,tp,50.00000000000455,0.0,0.0,50.00000000000455,1.4285714285715585,-3.032999999999447,12.053000000000793,-0.4332857142856353,1.7218571428572562,1,300.0,0.28,13.373642857143036,22.823757194082084,overlap,Wed,14,False
1561,XAUUSDm,long,2026-04-08 15:00:00+00:00,71066,4736.478,0.05,4729.478,4746.478,7.0,close_below_lower,0.22413091608865088,2026-04-08 15:05:00+00:00,71067,4746.787,tp,51.54500000000098,0.0,0.0,51.54500000000098,1.4727142857143138,-0.8590000000003783,11.721999999999753,-0.12271428571433976,1.6745714285713933,1,300.0,0.28,14.003000000000222,23.227911249861506,overlap,Wed,15,False
1562,XAUUSDm,short,2026-04-09 13:45:00+00:00,71327,4775.647,0.05,4782.647,4765.647,7.0,close_above_upper,0.01783102210540511,2026-04-09 13:50:00+00:00,71328,4765.927,tp,48.60000000000127,0.0,0.0,48.60000000000127,1.388571428571465,-1.0979999999999563,6.681999999999789,-0.15685714285713662,0.9545714285713984,1,300.0,0.28,7.19342857142848,21.37972583179716,overlap,Thu,13,False
1563,XAUUSDm,short,2026-04-10 12:35:00+00:00,71589,4780.365,0.05,4787.365,4770.365,7.0,close_above_upper,0.018375482455548972,2026-04-10 12:40:00+00:00,71590,4770.6449999999995,tp,48.60000000000127,0.0,0.0,48.60000000000127,1.388571428571465,-1.9809999999997672,9.24200000000019,-0.2829999999999667,1.3202857142857414,1,300.0,0.28,5.9286428571428065,14.56864237329,overlap,Fri,12,False
1564,XAUUSDm,long,2026-04-10 15:40:00+00:00,71626,4760.924,0.05,4753.924,4770.924,7.0,close_below_lower,0.26136464596378656,2026-04-10 16:00:00+00:00,71630,4753.924,sl,-35.0,0.0,0.0,-35.0,-1.0,-2.4089999999996508,8.886999999999716,-0.34414285714280723,1.269571428571388,4,1200.0,0.28,8.977714285714294,13.52296861125141,overlap,Fri,15,False
1565,XAUUSDm,long,2026-04-10 16:05:00+00:00,71631,4754.2119999999995,0.05,4747.212,4764.212,7.0,close_below_lower,0.1980992851744327,2026-04-10 16:15:00+00:00,71633,4764.212,tp,50.00000000000455,0.0,0.0,50.00000000000455,1.4285714285715585,-6.832999999999629,9.199000000000524,-0.9761428571428041,1.3141428571429319,2,600.0,0.28,8.173999999999912,13.682640186032714,newyork,Fri,16,False
1566,XAUUSDm,long,2026-04-12 22:10:00+00:00,71691,4667.449,0.05,4660.449,4677.449,7.0,close_below_lower,4.462604222765599,2026-04-12 22:15:00+00:00,71692,4677.449,tp,50.0,0.0,0.0,50.0,1.4285714285714286,-0.8899999999994179,17.761000000000422,-0.12714285714277399,2.5372857142857748,1,300.0,0.36,9.48471428571442,13.974792370492086,rollover,Sun,22,False
1567,XAUUSDm,long,2026-04-12 22:20:00+00:00,71693,4669.398,0.05,4662.398,4679.398,7.0,close_below_lower,3.0525511587354974,2026-04-12 22:25:00+00:00,71694,4657.66,sl,-58.69000000000142,0.0,0.0,-58.69000000000142,-1.6768571428571835,-15.154999999999745,3.3350000000000364,-2.1649999999999636,0.47642857142857664,1,300.0,0.28,11.161642857143047,14.645342200545018,rollover,Sun,22,False
1568,XAUUSDm,long,2026-04-12 22:30:00+00:00,71695,4647.94,0.05,4640.94,4657.94,7.0,close_below_lower,3.1388423084687425,2026-04-12 22:40:00+00:00,71697,4657.94,tp,50.0,0.0,0.0,50.0,1.4285714285714286,-2.8189999999995052,8.903000000000247,-0.402714285714215,1.271857142857178,2,600.0,0.28,13.131642857142976,15.310037675327624,rollover,Sun,22,False
1569,XAUUSDm,long,2026-04-12 22:45:00+00:00,71698,4658.246,0.05,4651.246,4668.246,7.0,close_below_lower,1.0029657204539264,2026-04-12 23:15:00+00:00,71704,4651.246,sl,-35.0,0.0,0.0,-35.0,-1.0,-6.574999999999818,2.3220000000001164,-0.9392857142856883,0.33171428571430234,6,1800.0,0.28,13.833214285714348,15.98010703976641,rollover,Sun,22,False
1570,XAUUSDm,short,2026-04-13 01:00:00+00:00,71725,4695.515,0.05,4702.515,4685.515,7.0,close_above_upper,0.05300396197232314,2026-04-13 01:05:00+00:00,71726,4704.432,sl,-44.58499999999731,0.0,0.0,-44.58499999999731,-1.273857142857066,-13.331999999999425,1.9239999999999782,-1.9045714285713464,0.27485714285713975,1,300.0,0.28,7.052857142857257,16.98894024933562,asian,Mon,1,False
1571,XAUUSDm,short,2026-04-13 01:10:00+00:00,71727,4707.843,0.05,4714.843,4697.843,7.0,close_above_upper,0.38492340712281814,2026-04-13 01:15:00+00:00,71728,4715.335999999999,sl,-37.46499999999742,0.0,0.0,-37.46499999999742,-1.0704285714284976,-11.595000000000255,2.1649999999999636,-1.6564285714286078,0.3092857142857091,1,300.0,0.28,7.538142857142897,17.251647161054244,asian,Mon,1,False
1572,XAUUSDm,short,2026-04-13 01:20:00+00:00,71729,4716.485,0.05,4723.485,4706.485,7.0,close_above_upper,0.4188496701352059,2026-04-13 01:50:00+00:00,71735,4723.764999999999,sl,-36.39999999999873,0.0,0.0,-36.39999999999873,-1.0399999999999636,-4.869000000000597,6.375,-0.6955714285715138,0.9107142857142857,6,1800.0,0.28,8.103142857142887,17.524685843867587,asian,Mon,1,False
1573,XAUUSDm,short,2026-04-14 07:10:00+00:00,72075,4793.352,0.05,4800.352,4783.352,7.0,close_above_upper,0.12933897377060177,2026-04-14 07:20:00+00:00,72077,4783.632,tp,48.60000000000127,0.0,0.0,48.60000000000127,1.388571428571465,0.0,8.849999999999454,0.0,1.2642857142856363,2,600.0,0.28,5.429285714285535,17.448813816367938,london,Tue,7,False
1574,XAUUSDm,short,2026-04-15 01:15:00+00:00,72280,4849.918,0.05,4856.918,4839.918,7.0,close_above_upper,0.11243941273834773,2026-04-15 01:20:00+00:00,72281,4864.434,sl,-72.58000000000266,0.0,0.0,-72.58000000000266,-2.073714285714362,-21.278000000000247,1.9069999999992433,-3.039714285714321,0.27242857142846333,1,300.0,0.308,5.925714285714093,13.123124037955478,asian,Wed,1,False
1575,XAUUSDm,long,2026-04-15 02:35:00+00:00,72296,4827.607,0.05,4820.607,4837.607,7.0,close_below_lower,0.12016502318445488,2026-04-15 02:55:00+00:00,72300,4820.607,sl,-35.0,0.0,0.0,-35.0,-1.0,-6.252999999999702,2.9769999999998618,-0.8932857142856717,0.42528571428569456,4,1200.0,0.28,6.616999999999864,13.398420921223174,asian,Wed,2,False
1576,XAUUSDm,long,2026-04-15 03:05:00+00:00,72302,4817.768,0.05,4810.768,4827.768,7.0,close_below_lower,0.07441183134502825,2026-04-15 03:25:00+00:00,72306,4827.768,tp,50.0,0.0,0.0,50.0,1.4285714285714286,-1.0330000000003565,8.42699999999968,-0.1475714285714795,1.2038571428570972,4,1200.0,0.28,6.5524285714282735,13.715414246756557,asian,Wed,3,False
1577,XAUUSDm,long,2026-04-15 15:30:00+00:00,72451,4798.606,0.05,4791.606,4808.606,7.0,close_below_lower,0.15335741711935563,2026-04-15 16:10:00+00:00,72459,4807.052,signal,42.22999999999956,0.0,0.0,42.22999999999956,1.2065714285714162,-11.893000000000029,9.243000000000393,-1.699000000000004,1.3204285714286275,8,2400.0,0.28,6.480142857142774,12.228055609622738,overlap,Wed,15,False
1578,XAUUSDm,long,2026-04-16 01:40:00+00:00,72561,4813.009999999999,0.05,4806.01,4823.01,7.0,close_below_lower,0.04323548681417111,2026-04-16 02:05:00+00:00,72566,4823.01,tp,50.00000000000455,0.0,0.0,50.00000000000455,1.4285714285715585,-1.8149999999995998,9.117000000001099,-0.2592857142856571,1.3024285714287285,5,1500.0,0.28,5.389357142857144,12.853876163055721,asian,Thu,1,False
1579,XAUUSDm,long,2026-04-16 13:55:00+00:00,72708,4794.641,0.05,4787.641,4804.641,7.0,close_below_lower,0.8678458756412505,2026-04-16 14:05:00+00:00,72710,4787.641,sl,-35.0,0.0,0.0,-35.0,-1.0,-10.0049999999992,3.5399999999999636,-1.4292857142856,0.5057142857142806,2,600.0,0.28,7.33621428571431,11.10545160914461,overlap,Thu,13,False
1580,XAUUSDm,long,2026-04-16 14:20:00+00:00,72713,4794.973,0.05,4787.973,4804.973,7.0,close_below_lower,0.0037774972764244505,2026-04-16 14:40:00+00:00,72717,4787.973,sl,-35.0,0.0,0.0,-35.0,-1.0,-5.039999999999964,5.6580000000003565,-0.7199999999999948,0.8082857142857652,4,1200.0,0.28,9.511142857142724,11.452360916268846,overlap,Thu,14,False
1581,XAUUSDm,short,2026-04-16 15:10:00+00:00,72723,4808.334,0.05,4815.334,4798.334,7.0,close_above_upper,0.011209102799815155,2026-04-16 15:35:00+00:00,72728,4798.614,tp,48.60000000000127,0.0,0.0,48.60000000000127,1.388571428571465,-4.576000000000022,8.57299999999941,-0.6537142857142888,1.2247142857142015,5,1500.0,0.28,9.336857142857168,11.766004552826619,overlap,Thu,15,False
1582,XAUUSDm,long,2026-04-17 01:15:00+00:00,72832,4779.038,0.05,4772.038,4789.038,7.0,close_below_lower,0.13096170830168913,2026-04-17 01:20:00+00:00,72833,4772.038,sl,-35.0,0.0,0.0,-35.0,-1.0,-0.8259999999991123,5.869000000000597,-0.11799999999987319,0.8384285714286567,1,300.0,0.28,5.321999999999987,11.36763643389904,asian,Fri,1,False
1583,XAUUSDm,long,2026-04-17 01:25:00+00:00,72834,4774.713,0.05,4767.713,4784.713,7.0,close_below_lower,0.2701638272206743,2026-04-17 01:50:00+00:00,72839,4784.713,tp,50.0,0.0,0.0,50.0,1.4285714285714286,-7.170000000000073,4.679000000000087,-1.0242857142857247,0.6684285714285839,5,1500.0,0.28,6.042142857142802,11.4226259861463,asian,Fri,1,False
1584,XAUUSDm,short,2026-04-17 11:50:00+00:00,72959,4805.767,0.05,4812.767,4795.767,7.0,close_above_upper,0.25267001113129217,2026-04-17 12:25:00+00:00,72966,4813.047,sl,-36.39999999999873,0.0,0.0,-36.39999999999873,-1.0399999999999636,-6.641000000000531,8.21100000000024,-0.9487142857143616,1.1730000000000342,7,2100.0,0.28,4.864071428571281,11.263306370319706,london,Fri,11,False
1585,XAUUSDm,short,2026-04-17 12:30:00+00:00,72967,4816.718,0.05,4823.718,4806.718,7.0,close_above_upper,0.2633357375388039,2026-04-17 12:40:00+00:00,72969,4823.998,sl,-36.39999999999873,0.0,0.0,-36.39999999999873,-1.0399999999999636,-6.626000000000204,1.3549999999995634,-0.9465714285714577,0.1935714285713662,2,600.0,0.28,5.655428571428599,11.568882734615908,overlap,Fri,12,False
1586,XAUUSDm,short,2026-04-17 12:45:00+00:00,72970,4823.168,0.05,4830.168,4813.168,7.0,close_above_upper,0.22114641716163372,2026-04-17 12:50:00+00:00,72971,4836.889999999999,sl,-68.60999999999876,0.0,0.0,-68.60999999999876,-1.9602857142856789,-19.64300000000003,1.587999999999738,-2.8061428571428615,0.22685714285710543,1,300.0,0.28,5.8841428571429,11.767949263471351,overlap,Fri,12,False
1587,XAUUSDm,short,2026-04-17 12:55:00+00:00,72972,4843.039,0.05,4850.039,4833.039,7.0,close_above_upper,1.262651420450157,2026-04-17 13:05:00+00:00,72974,4850.398999999999,sl,-36.79999999999836,0.0,0.0,-36.79999999999836,-1.0514285714285247,-4.645000000000437,8.172999999999774,-0.663571428571491,1.1675714285713963,2,600.0,0.28,7.5467142857143825,12.025696111393334,overlap,Fri,12,False
1588,XAUUSDm,short,2026-04-17 13:10:00+00:00,72975,4862.504,0.05,4869.504,4852.504,7.0,close_above_upper,1.7861086548120595,2026-04-17 13:15:00+00:00,72976,4883.413,sl,-104.54499999999825,0.0,0.0,-104.54499999999825,-2.98699999999995,-27.158000000000357,0.751999999999498,-3.8797142857143365,0.10742857142849971,1,300.0,0.36,9.11371428571439,12.481812749323982,overlap,Fri,13,False
1589,XAUUSDm,short,2026-04-17 13:20:00+00:00,72977,4864.148,0.05,4871.148,4854.148,7.0,close_above_upper,0.9853442125732661,2026-04-17 13:25:00+00:00,72978,4854.456,tp,48.460000000000036,0.0,0.0,48.460000000000036,1.3845714285714297,-0.13799999999991996,13.063000000000102,-0.01971428571427428,1.8661428571428718,1,300.0,0.36,11.823714285714297,12.879731931368159,overlap,Fri,13,False
1590,XAUUSDm,short,2026-04-17 13:40:00+00:00,72981,4867.321,0.05,4874.321,4857.321,7.0,close_above_upper,0.3250848827602916,2026-04-17 13:45:00+00:00,72982,4857.681,tp,48.20000000000164,0.0,0.0,48.20000000000164,1.3771428571429039,-6.338999999999942,4.421999999999571,-0.9055714285714203,0.6317142857142244,1,300.0,0.36,13.758499999999978,13.027154383200243,overlap,Fri,13,False
1591,XAUUSDm,short,2026-04-17 13:55:00+00:00,72984,4877.049,0.05,4884.049,4867.049,7.0,close_above_upper,0.45038839442757056,2026-04-17 14:00:00+00:00,72985,4884.409,sl,-36.79999999999836,0.0,0.0,-36.79999999999836,-1.0514285714285247,-5.057999999999993,2.225999999999658,-0.7225714285714275,0.31799999999995116,1,300.0,0.36,15.6605714285714,13.2389066496497,overlap,Fri,13,False
1592,XAUUSDm,long,2026-04-17 20:50:00+00:00,73067,4833.862999999999,0.05,4826.863,4843.863,7.0,close_below_lower,0.035285647960300655,2026-04-19 22:00:00+00:00,73069,4774.48,sl,-296.91499999999905,0.0,0.0,-296.91499999999905,-8.483285714285687,-3.2449999999989814,1.8010000000003856,-0.46357142857128303,0.25728571428576935,2,177000.0,0.36,4.423428571428628,12.982264337392078,newyork,Fri,20,False
1593,XAUUSDm,long,2026-04-19 22:05:00+00:00,73070,4774.364,0.05,4767.364,4784.364,7.0,close_below_lower,3.635932652066683,2026-04-19 22:10:00+00:00,73071,4793.301,tp,94.68500000000404,0.0,0.0,94.68500000000404,2.7052857142858295,-3.5339999999996508,18.515000000000327,-0.5048571428570929,2.6450000000000466,1,300.0,0.36,8.564142857142867,13.477344910657731,rollover,Sun,22,False
1594,XAUUSDm,long,2026-04-19 22:15:00+00:00,73072,4790.795,0.05,4783.795,4800.795,7.0,close_below_lower,1.5665806622735625,2026-04-19 22:35:00+00:00,73076,4783.795,sl,-35.0,0.0,0.0,-35.0,-1.0,-6.5900000000001455,4.516999999999825,-0.9414285714285923,0.6452857142856894,4,1200.0,0.36,10.376214285714273,13.871683940434359,rollover,Sun,22,False
1595,XAUUSDm,long,2026-04-19 22:40:00+00:00,73077,4784.692,0.05,4777.692,4794.692,7.0,close_below_lower,0.345192798276045,2026-04-19 23:00:00+00:00,73081,4777.692,sl,-35.0,0.0,0.0,-35.0,-1.0,-6.720000000000255,2.0709999999999127,-0.9600000000000364,0.2958571428571304,4,1200.0,0.36,11.005428571428379,14.594792427383519,rollover,Sun,22,False
1596,XAUUSDm,long,2026-04-19 23:45:00+00:00,73090,4752.125999999999,0.05,4745.126,4762.126,7.0,close_below_lower,0.4028535370067404,2026-04-19 23:50:00+00:00,73091,4743.898,sl,-41.13999999999578,0.0,0.0,-41.13999999999578,-1.175428571428451,-15.285999999999149,0.0,-2.183714285714164,0.0,1,300.0,0.36,6.696785714285527,15.365627299208946,rollover,Sun,23,False
1597,XAUUSDm,short,2026-04-20 01:05:00+00:00,73106,4787.69,0.05,4794.69,4777.69,7.0,close_above_upper,0.430188752587996,2026-04-20 01:15:00+00:00,73108,4794.969999999999,sl,-36.39999999999873,0.0,0.0,-36.39999999999873,-1.0399999999999636,-6.776000000000749,6.397999999999229,-0.9680000000001071,0.9139999999998898,2,600.0,0.28,7.272285714285707,15.911082593487249,asian,Mon,1,False
1598,XAUUSDm,short,2026-04-20 01:20:00+00:00,73109,4792.344,0.05,4799.344,4782.344,7.0,close_above_upper,0.17790194498166184,2026-04-20 01:25:00+00:00,73110,4799.624,sl,-36.39999999999873,0.0,0.0,-36.39999999999873,-1.0399999999999636,-5.871000000000095,0.5919999999996435,-0.8387142857142992,0.08457142857137764,1,300.0,0.28,7.191428571428462,16.230853373416497,asian,Mon,1,False
1599,XAUUSDm,short,2026-04-20 01:30:00+00:00,73111,4802.688,0.05,4809.688,4792.688,7.0,close_above_upper,0.3888908427220819,2026-04-20 01:35:00+00:00,73112,4809.996,sl,-36.539999999999964,0.0,0.0,-36.539999999999964,-1.043999999999999,-9.587999999999738,1.5160000000005311,-1.3697142857142484,0.21657142857150444,1,300.0,0.28,7.267928571428456,16.439310967588284,asian,Mon,1,False
1600,XAUUSDm,short,2026-04-20 01:40:00+00:00,73113,4807.824,0.05,4814.824,4797.824,7.0,close_above_upper,0.2687078282056729,2026-04-20 02:15:00+00:00,73120,4801.325,signal,32.49499999999898,0.0,0.0,32.49499999999898,0.9284285714285423,-6.568000000000211,7.324999999999818,-0.9382857142857445,1.0464285714285455,7,2100.0,0.36,7.807999999999993,16.64166773219575,asian,Mon,1,False
1601,XAUUSDm,long,2026-04-21 14:45:00+00:00,73546,4745.161,0.05,4738.161,4755.161,7.0,close_below_lower,0.8534109664465077,2026-04-21 14:50:00+00:00,73547,4727.805,sl,-86.77999999999884,0.0,0.0,-86.77999999999884,-2.4794285714285382,-21.761000000000422,0.6289999999999054,-3.108714285714346,0.08985714285712934,1,300.0,0.28,8.940785714285669,15.17361491793847,overlap,Tue,14,False
1602,XAUUSDm,long,2026-04-21 14:55:00+00:00,73548,4738.766,0.05,4731.766,4748.766,7.0,close_below_lower,0.6685850688999482,2026-04-21 15:00:00+00:00,73549,4731.766,sl,-35.0,0.0,0.0,-35.0,-1.0,-5.324999999999818,3.3170000000000073,-0.7607142857142597,0.4738571428571439,1,300.0,0.28,9.93314285714288,15.518448816356685,overlap,Tue,14,False
1603,XAUUSDm,long,2026-04-21 15:05:00+00:00,73550,4734.688,0.05,4727.688,4744.688,7.0,close_below_lower,0.45332825431665996,2026-04-21 15:10:00+00:00,73551,4744.688,tp,50.0,0.0,0.0,50.0,1.4285714285714286,-6.885000000000218,5.871000000000095,-0.9835714285714597,0.8387142857142992,1,300.0,0.28,10.23014285714284,15.748197831836784,overlap,Tue,15,False
1604,XAUUSDm,long,2026-04-21 16:30:00+00:00,73567,4721.074,0.05,4714.074,4731.074,7.0,close_below_lower,0.03929107742691802,2026-04-21 16:50:00+00:00,73571,4714.074,sl,-35.0,0.0,0.0,-35.0,-1.0,-2.9020000000000437,6.347000000000662,-0.4145714285714348,0.9067142857143803,4,1200.0,0.28,7.0972142857142115,15.85405666329759,newyork,Tue,16,False
1605,XAUUSDm,long,2026-04-21 16:55:00+00:00,73572,4709.65,0.05,4702.65,4719.65,7.0,close_below_lower,0.2294062585687192,2026-04-21 17:10:00+00:00,73575,4702.65,sl,-35.0,0.0,0.0,-35.0,-1.0,-2.4020000000000437,8.819000000000415,-0.34314285714286336,1.259857142857202,3,900.0,0.28,6.994714285714314,15.268706793249093,newyork,Tue,16,False
1606,XAUUSDm,long,2026-04-21 17:20:00+00:00,73577,4701.4039999999995,0.05,4694.404,4711.404,7.0,close_below_lower,0.09031971791546281,2026-04-21 17:40:00+00:00,73581,4711.404,tp,50.00000000000455,0.0,0.0,50.00000000000455,1.4285714285715585,-4.585999999999331,9.456000000000131,-0.6551428571427615,1.3508571428571616,4,1200.0,0.28,7.469857142857173,14.896928227243642,newyork,Tue,17,False
1607,XAUUSDm,long,2026-04-21 19:45:00+00:00,73606,4672.0289999999995,0.05,4665.029,4682.029,7.0,close_below_lower,1.3154160446814631,2026-04-21 19:50:00+00:00,73607,4682.029,tp,50.00000000000455,0.0,0.0,50.00000000000455,1.4285714285715585,-1.0289999999995416,12.393000000000029,-0.14699999999993452,1.7704285714285757,1,300.0,0.28,8.368714285714175,14.046241685809745,newyork,Tue,19,False
1608,XAUUSDm,long,2026-04-21 19:55:00+00:00,73608,4680.589,0.05,4673.589,4690.589,7.0,close_below_lower,0.38083684683396396,2026-04-21 20:05:00+00:00,73610,4673.589,sl,-35.0,0.0,0.0,-35.0,-1.0,-6.432999999999993,3.619999999999891,-0.9189999999999989,0.5171428571428416,2,600.0,0.28,9.424714285714085,14.019993212388323,newyork,Tue,19,False
1609,XAUUSDm,short,2026-04-21 20:25:00+00:00,73614,4709.561,0.05,4716.561,4699.561,7.0,close_above_upper,0.16619436393438505,2026-04-21 20:50:00+00:00,73619,4716.840999999999,sl,-36.39999999999873,0.0,0.0,-36.39999999999873,-1.0399999999999636,-4.32300000000032,4.403999999999542,-0.6175714285714743,0.6291428571427916,5,1500.0,0.28,11.772714285714105,13.745027069551877,newyork,Tue,20,False
1610,XAUUSDm,short,2026-04-21 22:05:00+00:00,73622,4725.281,0.05,4732.281,4715.281,7.0,close_above_upper,0.24770073230470963,2026-04-21 22:50:00+00:00,73631,4717.175,signal,40.529999999998836,0.0,0.0,40.529999999998836,1.1579999999999668,-0.4899999999997817,9.180999999999585,-0.06999999999996882,1.3115714285713693,9,2700.0,0.36,8.312000000000094,14.074879100380222,rollover,Tue,22,False
1611,XAUUSDm,long,2026-04-23 00:15:00+00:00,73924,4699.772,0.05,4692.772,4709.772,7.0,close_below_lower,0.6960307701914296,2026-04-23 00:20:00+00:00,73925,4722.481,tp,113.54499999999916,0.0,0.0,113.54499999999916,3.2441428571428332,-5.756000000000313,24.16700000000037,-0.822285714285759,3.4524285714286242,1,300.0,0.28,4.646142857142877,13.819431529097486,asian,Thu,0,False
1612,XAUUSDm,short,2026-04-23 00:30:00+00:00,73927,4741.312,0.05,4748.312,4731.312,7.0,close_above_upper,0.2356904630732472,2026-04-23 00:45:00+00:00,73930,4748.592,sl,-36.39999999999873,0.0,0.0,-36.39999999999873,-1.0399999999999636,-10.689000000000306,0.41600000000016735,-1.5270000000000437,0.05942857142859533,3,900.0,0.28,8.122571428571518,13.903643887582046,asian,Thu,0,False
1613,XAUUSDm,short,2026-04-23 00:50:00+00:00,73931,4747.318,0.05,4754.318,4737.318,7.0,close_above_upper,0.06517750243748256,2026-04-23 01:10:00+00:00,73935,4737.598,tp,48.60000000000127,0.0,0.0,48.60000000000127,1.388571428571465,-6.445999999999913,4.914999999999964,-0.9208571428571304,0.702142857142852,4,1200.0,0.28,9.291071428571545,14.24943017397751,asian,Thu,0,False
1614,XAUUSDm,long,2026-04-23 02:10:00+00:00,73947,4714.871,0.05,4707.871,4724.871,7.0,close_below_lower,0.04850057213521001,2026-04-23 02:15:00+00:00,73948,4707.489,sl,-36.91000000000258,0.0,0.0,-36.91000000000258,-1.0545714285715024,-8.219000000000051,0.0,-1.1741428571428645,0.0,1,300.0,0.28,6.459714285714199,14.618246499869676,asian,Thu,2,False
1615,XAUUSDm,long,2026-04-23 02:45:00+00:00,73954,4701.562,0.05,4694.562,4711.562,7.0,close_below_lower,0.034353643741811976,2026-04-23 03:45:00+00:00,73966,4704.811,signal,16.24499999999898,0.0,0.0,16.24499999999898,0.46414285714282805,-3.662000000000262,7.020999999999731,-0.5231428571428945,1.0029999999999615,12,3600.0,0.28,6.998571428571203,14.906744733288182,asian,Thu,2,False
1616,XAUUSDm,short,2026-04-23 12:00:00+00:00,74065,4720.479,0.05,4727.479,4710.479,7.0,close_above_upper,0.2279666843039624,2026-04-23 12:05:00+00:00,74066,4730.669,sl,-50.949999999998,0.0,0.0,-50.949999999998,-1.4557142857142285,-12.050999999999476,0.9660000000003492,-1.7215714285713537,0.1380000000000499,1,300.0,0.28,5.173428571428628,14.092646941172774,overlap,Thu,12,False
1617,XAUUSDm,short,2026-04-23 12:10:00+00:00,74067,4729.63,0.05,4736.63,4719.63,7.0,close_above_upper,0.46065476721057946,2026-04-23 12:30:00+00:00,74071,4736.91,sl,-36.39999999999873,0.0,0.0,-36.39999999999873,-1.0399999999999636,-5.958999999999833,3.6130000000002838,-0.8512857142856903,0.5161428571428976,4,1200.0,0.28,6.2317857142857065,14.21122352242228,overlap,Thu,12,False
1618,XAUUSDm,short,2026-04-23 12:35:00+00:00,74072,4738.552,0.05,4745.552,4728.552,7.0,close_above_upper,0.15727880777408046,2026-04-23 13:05:00+00:00,74078,4728.831999999999,tp,48.60000000000127,0.0,0.0,48.60000000000127,1.388571428571465,-4.536000000000058,8.599999999999454,-0.6480000000000083,1.2285714285713507,6,1800.0,0.28,7.168928571428556,14.330587438311527,overlap,Thu,12,False
1619,XAUUSDm,long,2026-04-23 17:10:00+00:00,74127,4710.8859999999995,0.05,4703.886,4720.886,7.0,close_below_lower,0.21254250780687628,2026-04-23 17:30:00+00:00,74131,4703.886,sl,-34.99999999999545,0.0,0.0,-34.99999999999545,-0.9999999999998701,-6.454999999999927,7.061000000000604,-0.9221428571428467,1.008714285714372,4,1200.0,0.28,5.871857142857217,12.979442663431481,newyork,Thu,17,False
1620,XAUUSDm,long,2026-04-23 17:40:00+00:00,74133,4698.998,0.05,4691.998,4708.998,7.0,close_below_lower,0.3309644483877355,2026-04-23 17:45:00+00:00,74134,4677.626,sl,-106.85999999999694,0.0,0.0,-106.85999999999694,-3.05314285714277,-25.748999999999796,0.22000000000025466,-3.6784285714285425,0.03142857142860781,1,300.0,0.28,9.153357142857269,13.406903548536874,newyork,Thu,17,False
1621,XAUUSDm,long,2026-04-23 17:50:00+00:00,74135,4683.460999999999,0.05,4676.461,4693.461,7.0,close_below_lower,0.8658657107682035,2026-04-23 17:55:00+00:00,74136,4696.153,tp,63.460000000004584,0.0,0.0,63.460000000004584,1.8131428571429882,-4.880999999999403,26.07300000000032,-0.697285714285629,3.7247142857143314,1,300.0,0.28,11.815214285714449,13.713608372109938,newyork,Thu,17,False
1622,XAUUSDm,short,2026-04-24 11:25:00+00:00,74334,4709.099,0.05,4716.099,4699.099,7.0,close_above_upper,0.43898879123124285,2026-04-24 11:30:00+00:00,74335,4716.379,sl,-36.39999999999873,0.0,0.0,-36.39999999999873,-1.0399999999999636,-7.97400000000016,2.4600000000000364,-1.13914285714288,0.35142857142857664,1,300.0,0.28,7.036428571428522,14.774262703825334,london,Fri,11,False
1623,XAUUSDm,short,2026-04-24 11:35:00+00:00,74336,4713.053,0.05,4720.053,4703.053,7.0,close_above_upper,0.30493552245453387,2026-04-24 11:45:00+00:00,74338,4703.333,tp,48.60000000000127,0.0,0.0,48.60000000000127,1.388571428571465,0.0,7.936999999999898,0.0,1.1338571428571282,2,600.0,0.28,7.803928571428579,14.975455484992663,london,Fri,11,False
1624,XAUUSDm,short,2026-04-24 14:10:00+00:00,74367,4728.188,0.05,4735.188,4718.188,7.0,close_above_upper,0.36562378917340715,2026-04-24 15:05:00+00:00,74378,4722.5509999999995,signal,28.18500000000313,0.0,0.0,28.18500000000313,0.8052857142858036,-12.139000000000124,6.594000000000051,-1.7341428571428747,0.9420000000000073,11,3300.0,0.28,8.747571428571389,15.555600004097073,overlap,Fri,14,False
1625,XAUUSDm,long,2026-04-26 22:10:00+00:00,74451,4682.094999999999,0.05,4675.095,4692.095,7.0,close_below_lower,0.5554052144949971,2026-04-26 23:40:00+00:00,74469,4675.095,sl,-34.99999999999545,0.0,0.0,-34.99999999999545,-0.9999999999998701,-6.831999999999425,6.587000000000444,-0.9759999999999179,0.9410000000000635,18,5400.0,0.36,4.899571428571302,14.8649693859026,rollover,Sun,22,False
1626,XAUUSDm,short,2026-04-27 01:00:00+00:00,74485,4697.921,0.05,4704.921,4687.921,7.0,close_above_upper,0.019590194335018643,2026-04-27 01:05:00+00:00,74486,4708.219,sl,-51.48999999999887,0.0,0.0,-51.48999999999887,-1.471142857142825,-11.91399999999976,3.4990000000007058,-1.7019999999999658,0.4998571428572437,1,300.0,0.28,4.453499999999816,15.169220611178822,asian,Mon,1,False
1627,XAUUSDm,long,2026-04-27 15:05:00+00:00,74654,4669.2789999999995,0.05,4662.279,4679.279,7.0,close_below_lower,0.438992129877881,2026-04-27 15:25:00+00:00,74658,4679.279,tp,50.00000000000455,0.0,0.0,50.00000000000455,1.4285714285715585,-2.2799999999997453,8.925000000000182,-0.3257142857142493,1.275000000000026,4,1200.0,0.28,6.7266428571427115,12.84426977713651,overlap,Mon,15,False
1628,XAUUSDm,long,2026-04-28 02:00:00+00:00,74773,4671.112,0.05,4664.112,4681.112,7.0,close_below_lower,0.3004428529117275,2026-04-28 03:20:00+00:00,74789,4673.303,signal,10.954999999999018,0.0,0.0,10.954999999999018,0.3129999999999719,-4.658999999999651,8.453999999999724,-0.6655714285713786,1.2077142857142462,16,4800.0,0.28,4.56978571428577,11.849354001138694,asian,Tue,2,False
1629,XAUUSDm,long,2026-04-28 05:10:00+00:00,74811,4654.134,0.05,4647.134,4664.134,7.0,close_below_lower,0.1019435379472855,2026-04-28 05:30:00+00:00,74815,4647.134,sl,-35.0,0.0,0.0,-35.0,-1.0,-5.131999999999607,5.287999999999556,-0.733142857142801,0.7554285714285081,4,1200.0,0.28,3.4104999999998915,11.622681530542096,asian,Tue,5,False
1630,XAUUSDm,long,2026-04-28 05:35:00+00:00,74816,4644.785,0.05,4637.785,4654.785,7.0,close_below_lower,0.3301664094289561,2026-04-28 05:40:00+00:00,74817,4637.785,sl,-35.0,0.0,0.0,-35.0,-1.0,-7.596999999999753,0.0,-1.0852857142856789,0.0,1,300.0,0.28,4.879142857142597,11.765753949090753,asian,Tue,5,False
1631,XAUUSDm,long,2026-04-28 05:45:00+00:00,74818,4625.205,0.05,4618.205,4635.205,7.0,close_below_lower,1.429214783534672,2026-04-28 06:05:00+00:00,74822,4635.205,tp,50.0,0.0,0.0,50.0,1.4285714285714286,-1.4219999999995707,8.923999999999978,-0.2031428571427958,1.2748571428571398,4,1200.0,0.28,6.160785714285469,12.01753945843263,asian,Tue,5,False
1632,XAUUSDm,long,2026-04-28 11:35:00+00:00,74888,4591.101,0.05,4584.101,4601.101,7.0,close_below_lower,0.11283313099964493,2026-04-28 11:40:00+00:00,74889,4570.133,sl,-104.83999999999924,0.0,0.0,-104.83999999999924,-2.99542857142855,-22.417999999999665,0.592000000000553,-3.202571428571381,0.08457142857150757,1,300.0,0.28,5.628428571428556,11.468132234268593,london,Tue,11,False
1633,XAUUSDm,long,2026-04-28 11:45:00+00:00,74890,4572.413,0.05,4565.413,4582.413,7.0,close_below_lower,1.0935785151510178,2026-04-28 11:50:00+00:00,74891,4559.072,sl,-66.7049999999972,0.0,0.0,-66.7049999999972,-1.9058571428570628,-14.108999999999469,1.6400000000003274,-2.0155714285713526,0.23428571428576106,1,300.0,0.28,7.293928571428556,11.76945759519042,london,Tue,11,False
1634,XAUUSDm,long,2026-04-28 11:55:00+00:00,74892,4559.768999999999,0.05,4552.769,4569.769,7.0,close_below_lower,1.3881127243057605,2026-04-28 12:00:00+00:00,74893,4569.769,tp,50.00000000000455,0.0,0.0,50.00000000000455,1.4285714285715585,-1.5489999999990687,4.535000000000764,-0.22128571428558125,0.647857142857252,1,300.0,0.28,8.514214285714258,12.109613388175362,london,Tue,11,False
1635,XAUUSDm,long,2026-04-28 12:05:00+00:00,74894,4569.191,0.05,4562.191,4579.191,7.0,close_below_lower,0.0674015345529499,2026-04-28 12:10:00+00:00,74895,4579.191,tp,50.0,0.0,0.0,50.0,1.4285714285714286,-1.9979999999995925,4.3530000000000655,-0.28542857142851324,0.6218571428571522,1,300.0,0.28,9.285642857142843,12.30270783517424,overlap,Tue,12,False
1636,XAUUSDm,short,2026-04-28 12:50:00+00:00,74903,4598.897,0.05,4605.897,4588.897,7.0,close_above_upper,0.4931174636905298,2026-04-28 13:00:00+00:00,74905,4589.177,tp,48.60000000000127,0.0,0.0,48.60000000000127,1.388571428571465,-1.2340000000003783,6.930000000000291,-0.17628571428576834,0.9900000000000416,2,600.0,0.28,10.579214285714118,12.521907794051256,overlap,Tue,12,False
1637,XAUUSDm,long,2026-04-28 14:05:00+00:00,74918,4566.451,0.05,4559.451,4576.451,7.0,close_below_lower,0.09248585524278351,2026-04-28 14:15:00+00:00,74920,4576.451,tp,50.0,0.0,0.0,50.0,1.4285714285714286,-1.6189999999996871,8.506000000000313,-0.2312857142856696,1.215142857142902,2,600.0,0.28,10.63585714285708,12.811674539543311,overlap,Tue,14,False
1638,XAUUSDm,short,2026-04-29 00:05:00+00:00,75026,4606.46,0.05,4613.46,4596.46,7.0,close_above_upper,0.16239974368176444,2026-04-29 01:45:00+00:00,75034,4590.514999999999,tp,79.72500000000309,0.0,0.0,79.72500000000309,2.2778571428572314,-3.930000000000291,7.640999999999622,-0.561428571428613,1.0915714285713745,8,6000.0,0.28,3.4177142857142178,11.507662488562202,asian,Wed,0,False
1639,XAUUSDm,long,2026-04-29 01:50:00+00:00,75035,4584.1359999999995,0.05,4577.136,4594.136,7.0,close_below_lower,0.3074518143870119,2026-04-29 02:00:00+00:00,75037,4594.136,tp,50.00000000000455,0.0,0.0,50.00000000000455,1.4285714285715585,-3.7999999999992724,1.029000000000451,-0.5428571428570389,0.14700000000006444,2,600.0,0.28,5.631285714285566,11.749743681020405,asian,Wed,1,False
1640,XAUUSDm,long,2026-04-29 12:55:00+00:00,75168,4545.397,0.05,4538.397,4555.397,7.0,close_below_lower,0.12186002836419106,2026-04-29 13:20:00+00:00,75173,4538.397,sl,-35.0,0.0,0.0,-35.0,-1.0,-3.9589999999998327,8.043999999999869,-0.5655714285714046,1.1491428571428384,5,1500.0,0.28,5.734428571428713,12.416073436568574,overlap,Wed,12,False
1641,XAUUSDm,long,2026-04-29 13:35:00+00:00,75176,4532.974,0.05,4525.974,4542.974,7.0,close_below_lower,0.10113608189859953,2026-04-29 13:40:00+00:00,75177,4525.56,sl,-37.0699999999988,0.0,0.0,-37.0699999999988,-1.0591428571428227,-8.88799999999992,1.043999999999869,-1.2697142857142742,0.14914285714283843,1,300.0,0.28,7.029785714285806,12.8340385170284,overlap,Wed,13,False
1642,XAUUSDm,long,2026-04-29 13:45:00+00:00,75178,4515.11,0.05,4508.11,4525.11,7.0,close_below_lower,0.9923208712512223,2026-04-29 13:55:00+00:00,75180,4525.11,tp,50.0,0.0,0.0,50.0,1.4285714285714286,-5.002999999999702,6.177000000000589,-0.7147142857142431,0.8824285714286556,2,600.0,0.28,7.703214285714369,13.089580490039985,overlap,Wed,13,False
1643,XAUUSDm,short,2026-04-29 16:05:00+00:00,75206,4562.026,0.05,4569.026,4552.026,7.0,close_above_upper,0.06537722004958757,2026-04-29 16:30:00+00:00,75211,4552.306,tp,48.60000000000127,0.0,0.0,48.60000000000127,1.388571428571465,-3.0020000000004075,4.878999999999905,-0.42885714285720106,0.6969999999999865,5,1500.0,0.28,7.4399285714284815,13.932603360535158,newyork,Wed,16,False
1644,XAUUSDm,long,2026-04-29 18:15:00+00:00,75232,4525.84,0.05,4518.84,4535.84,7.0,close_below_lower,0.18055554484823813,2026-04-29 18:20:00+00:00,75233,4535.84,tp,50.0,0.0,0.0,50.0,1.4285714285714286,-0.967000000000553,13.702000000000226,-0.13814285714293614,1.9574285714286037,1,300.0,0.28,6.078071428571418,14.493712499294363,newyork,Wed,18,False
1645,XAUUSDm,long,2026-04-29 18:35:00+00:00,75236,4521.866,0.05,4514.866,4531.866,7.0,close_below_lower,0.06073628022388238,2026-04-29 18:50:00+00:00,75239,4531.866,tp,50.0,0.0,0.0,50.0,1.4285714285714286,-3.9520000000002256,18.842999999999847,-0.5645714285714608,2.691857142857121,3,900.0,0.28,7.702357142857311,14.676354461165076,newyork,Wed,18,False
1646,XAUUSDm,short,2026-04-30 07:00:00+00:00,75373,4589.331,0.05,4596.331,4579.331,7.0,close_above_upper,0.06117602905627656,2026-04-30 07:40:00+00:00,75381,4596.611,sl,-36.39999999999873,0.0,0.0,-36.39999999999873,-1.0399999999999636,-6.467999999999847,4.666000000000167,-0.9239999999999782,0.6665714285714525,8,2400.0,0.28,5.257214285714326,15.078862387346163,london,Thu,7,False
1647,XAUUSDm,short,2026-04-30 08:05:00+00:00,75386,4626.688,0.05,4633.688,4616.688,7.0,close_above_upper,1.0047136207837695,2026-04-30 08:10:00+00:00,75387,4616.968,tp,48.60000000000127,0.0,0.0,48.60000000000127,1.388571428571465,-3.036000000000058,9.926000000000386,-0.43371428571429405,1.418000000000055,1,300.0,0.28,7.898571428571619,15.590386491597542,london,Thu,8,False
1648,XAUUSDm,short,2026-04-30 08:15:00+00:00,75388,4618.554,0.05,4625.554,4608.554,7.0,close_above_upper,0.121165185852225,2026-04-30 09:25:00+00:00,75402,4625.834,sl,-36.39999999999873,0.0,0.0,-36.39999999999873,-1.0399999999999636,-2.381999999999607,6.554000000000087,-0.3402857142856582,0.9362857142857267,14,4200.0,0.28,8.368428571428662,15.710809432769484,london,Thu,8,False
1649,XAUUSDm,short,2026-04-30 10:30:00+00:00,75415,4643.715,0.05,4650.715,4633.715,7.0,close_above_upper,0.11929921924128821,2026-04-30 11:15:00+00:00,75424,4636.367,signal,36.73999999999978,0.0,0.0,36.73999999999978,1.0497142857142794,-3.2479999999995925,9.833000000000538,-0.4639999999999418,1.4047142857143626,9,2700.0,0.28,6.281214285714278,14.97694792092607,london,Thu,10,False
1650,XAUUSDm,long,2026-04-30 13:55:00+00:00,75456,4614.188999999999,0.05,4607.189,4624.189,7.0,close_below_lower,0.05500359193351658,2026-04-30 14:00:00+00:00,75457,4624.189,tp,50.00000000000455,0.0,0.0,50.00000000000455,1.4285714285715585,-3.7839999999996508,0.17700000000058935,-0.5405714285713786,0.02528571428579848,1,300.0,0.28,7.327499999999873,14.869284589371667,overlap,Thu,13,False
1651,XAUUSDm,short,2026-05-01 12:25:00+00:00,75714,4597.339,0.05,4604.339,4587.339,7.0,close_above_upper,0.2904739619284149,2026-05-01 13:15:00+00:00,75724,4591.632,signal,28.535000000001673,0.0,0.0,28.535000000001673,0.8152857142857621,-10.498999999999796,8.38000000000011,-1.4998571428571137,1.1971428571428728,10,3000.0,0.28,5.559142857142823,13.968468114396314,overlap,Fri,12,False
1652,XAUUSDm,short,2026-05-01 13:55:00+00:00,75732,4616.873,0.05,4623.873,4606.873,7.0,close_above_upper,0.3081226340588649,2026-05-01 14:00:00+00:00,75733,4625.334,sl,-42.3050000000012,0.0,0.0,-42.3050000000012,-1.20871428571432,-11.980000000000473,0.6059999999997672,-1.711428571428639,0.08657142857139531,1,300.0,0.28,7.478214285714265,14.162915885210584,overlap,Fri,13,False
1653,XAUUSDm,short,2026-05-01 14:05:00+00:00,75734,4634.812,0.05,4641.812,4624.812,7.0,close_above_upper,1.0657847404020928,2026-05-01 14:10:00+00:00,75735,4642.092,sl,-36.39999999999873,0.0,0.0,-36.39999999999873,-1.0399999999999636,-5.761000000000422,2.1080000000001746,-0.8230000000000602,0.3011428571428821,1,300.0,0.28,9.052785714285749,14.396645851460837,overlap,Fri,14,False
1654,XAUUSDm,short,2026-05-01 14:15:00+00:00,75736,4656.026,0.05,4663.026,4646.026,7.0,close_above_upper,1.8601590690176162,2026-05-01 14:25:00+00:00,75738,4646.306,tp,48.60000000000127,0.0,0.0,48.60000000000127,1.388571428571465,-4.130000000000109,7.0239999999994325,-0.5900000000000156,1.0034285714284903,2,600.0,0.28,10.687000000000094,14.67316500244521,overlap,Fri,14,False
1655,XAUUSDm,short,2026-05-01 14:30:00+00:00,75739,4644.734,0.05,4651.734,4634.734,7.0,close_above_upper,0.19281637356154385,2026-05-01 14:40:00+00:00,75741,4635.014,tp,48.60000000000127,0.0,0.0,48.60000000000127,1.388571428571465,-1.6459999999997308,8.788000000000466,-0.23514285714281868,1.255428571428638,2,600.0,0.28,11.44700000000005,15.001244291477484,overlap,Fri,14,False
1656,XAUUSDm,long,2026-05-04 10:05:00+00:00,75962,4560.5869999999995,0.05,4553.587,4570.587,7.0,close_below_lower,0.4156102879638786,2026-05-04 10:10:00+00:00,75963,4547.236,sl,-66.75499999999829,0.0,0.0,-66.75499999999829,-1.9072857142856654,-17.77099999999973,0.0,-2.538714285714247,0.0,1,300.0,0.28,5.073428571428524,12.998537662038443,london,Mon,10,False
1657,XAUUSDm,long,2026-05-04 10:15:00+00:00,75964,4542.047,0.05,4535.047,4552.047,7.0,close_below_lower,1.2348680283993985,2026-05-04 10:20:00+00:00,75965,4535.047,sl,-35.0,0.0,0.0,-35.0,-1.0,-8.036999999999352,1.5830000000005384,-1.1481428571427645,0.22614285714293406,1,300.0,0.28,6.526214285714299,13.315894002140695,london,Mon,10,False
1658,XAUUSDm,long,2026-05-04 10:25:00+00:00,75966,4536.438999999999,0.05,4529.439,4546.439,7.0,close_below_lower,1.0529401425728422,2026-05-04 10:30:00+00:00,75967,4546.439,tp,50.00000000000455,0.0,0.0,50.00000000000455,1.4285714285715585,-0.27999999999974534,8.70300000000043,-0.03999999999996362,1.2432857142857756,1,300.0,0.28,7.731499999999999,13.596314055921422,london,Mon,10,False
1659,XAUUSDm,long,2026-05-04 15:15:00+00:00,76024,4548.759999999999,0.05,4541.76,4558.76,7.0,close_below_lower,0.20707835520261492,2026-05-04 15:20:00+00:00,76025,4540.402,sl,-41.789999999996326,0.0,0.0,-41.789999999996326,-1.193999999999895,-11.146999999999025,6.652000000000953,-1.592428571428432,0.9502857142858504,1,300.0,0.28,9.180499999999938,14.397473172539488,overlap,Mon,15,False
1660,XAUUSDm,long,2026-05-04 15:25:00+00:00,76026,4522.148999999999,0.05,4515.149,4532.149,7.0,close_below_lower,1.508934380434454,2026-05-04 15:30:00+00:00,76027,4537.672,tp,77.61500000000069,0.0,0.0,77.61500000000069,2.2175714285714485,-6.744999999998981,17.621000000001004,-0.9635714285712831,2.517285714285858,1,300.0,0.28,11.129999999999914,14.748960265746458,overlap,Mon,15,False
1661,XAUUSDm,long,2026-05-04 15:35:00+00:00,76028,4535.152,0.05,4528.152,4545.152,7.0,close_below_lower,0.22201202884436547,2026-05-04 15:45:00+00:00,76030,4528.152,sl,-35.0,0.0,0.0,-35.0,-1.0,-4.97400000000016,7.729999999999563,-0.7105714285714514,1.104285714285652,2,600.0,0.28,11.915285714285671,14.943008556717032,overlap,Mon,15,False
1662,XAUUSDm,long,2026-05-04 15:50:00+00:00,76031,4523.018,0.05,4516.018,4533.018,7.0,close_below_lower,0.44479629989318953,2026-05-04 16:05:00+00:00,76034,4516.018,sl,-35.0,0.0,0.0,-35.0,-1.0,-10.88799999999992,7.283999999999651,-1.55542857142856,1.0405714285713787,3,900.0,0.28,12.511214285714232,15.190027169885212,overlap,Mon,15,False
1663,XAUUSDm,long,2026-05-04 16:10:00+00:00,76035,4510.3189999999995,0.05,4503.319,4520.319,7.0,close_below_lower,0.47608566351153414,2026-05-04 16:15:00+00:00,76036,4520.319,tp,50.00000000000455,0.0,0.0,50.00000000000455,1.4285714285715585,-9.752999999999702,5.785000000000764,-1.3932857142856716,0.8264285714286805,1,300.0,0.28,14.059714285714238,15.565561992392306,newyork,Mon,16,False
1664,XAUUSDm,short,2026-05-05 23:00:00+00:00,76381,4573.186,0.05,4580.186,4563.186,7.0,close_above_upper,0.5243778361738302,2026-05-05 23:05:00+00:00,76382,4580.465999999999,sl,-36.39999999999873,0.0,0.0,-36.39999999999873,-1.0399999999999636,-2.3400000000001455,3.576000000000022,-0.33428571428573506,0.510857142857146,1,300.0,0.28,4.59171428571439,13.015988850127169,rollover,Tue,23,False
1665,XAUUSDm,short,2026-05-05 23:10:00+00:00,76383,4579.314,0.05,4586.314,4569.314,7.0,close_above_upper,0.6141329694254276,2026-05-05 23:15:00+00:00,76384,4589.103999999999,sl,-48.94999999999527,0.0,0.0,-48.94999999999527,-1.3985714285712934,-11.239999999999782,1.7130000000006476,-1.6057142857142546,0.24471428571437823,1,300.0,0.28,5.2540714285714785,13.216954269034703,rollover,Tue,23,False
1666,XAUUSDm,short,2026-05-05 23:20:00+00:00,76385,4585.878,0.05,4592.878,4575.878,7.0,close_above_upper,0.5694409569917244,2026-05-05 23:45:00+00:00,76390,4593.157999999999,sl,-36.39999999999873,0.0,0.0,-36.39999999999873,-1.0399999999999636,-3.0650000000005093,6.348999999999251,-0.4378571428572156,0.9069999999998929,5,1500.0,0.28,5.911928571428689,13.46971502761528,rollover,Tue,23,False
1667,XAUUSDm,short,2026-05-05 23:50:00+00:00,76391,4593.496,0.05,4600.496,4583.496,7.0,close_above_upper,0.08775831738747258,2026-05-06 00:20:00+00:00,76397,4600.776,sl,-36.39999999999873,0.0,0.0,-36.39999999999873,-1.0399999999999636,-4.881000000000313,5.493000000000393,-0.697285714285759,0.7847142857143419,6,1800.0,0.28,7.046928571428582,13.816786744362272,rollover,Tue,23,False
1668,XAUUSDm,short,2026-05-06 00:35:00+00:00,76400,4608.748,0.05,4615.748,4598.748,7.0,close_above_upper,0.021101197287951408,2026-05-06 00:55:00+00:00,76404,4616.027999999999,sl,-36.39999999999873,0.0,0.0,-36.39999999999873,-1.0399999999999636,-2.7050000000008367,1.2619999999997162,-0.38642857142869097,0.18028571428567375,4,1200.0,0.28,5.479071428571452,14.277821510642621,asian,Wed,0,False
1669,XAUUSDm,short,2026-05-06 01:00:00+00:00,76405,4618.574,0.05,4625.574,4608.574,7.0,close_above_upper,0.04091450550012639,2026-05-06 01:25:00+00:00,76410,4625.853999999999,sl,-36.39999999999873,0.0,0.0,-36.39999999999873,-1.0399999999999636,-5.303000000000793,9.193999999999505,-0.7575714285715419,1.3134285714285008,5,1500.0,0.28,4.985928571428693,14.534145506622261,asian,Wed,1,False
1670,XAUUSDm,short,2026-05-06 08:55:00+00:00,76500,4697.486,0.05,4704.486,4687.486,7.0,close_above_upper,0.2990396103699335,2026-05-06 09:00:00+00:00,76501,4704.766,sl,-36.39999999999873,0.0,0.0,-36.39999999999873,-1.0399999999999636,-3.6469999999999345,4.636999999999716,-0.5209999999999907,0.6624285714285308,1,300.0,0.28,6.107500000000008,14.454186461227385,london,Wed,8,False
1671,XAUUSDm,short,2026-05-06 10:55:00+00:00,76524,4721.519,0.05,4728.519,4711.519,7.0,close_above_upper,0.05260184790642252,2026-05-06 11:00:00+00:00,76525,4711.799,tp,48.60000000000127,0.0,0.0,48.60000000000127,1.388571428571465,-0.15099999999983993,5.375,-0.021571428571405704,0.7678571428571429,1,300.0,0.28,5.971428571428662,14.672089374669522,london,Wed,10,False
1672,XAUUSDm,long,2026-05-06 12:00:00+00:00,76537,4692.405,0.05,4685.405,4702.405,7.0,close_below_lower,0.03718034983506871,2026-05-06 12:05:00+00:00,76538,4685.319,sl,-35.42999999999665,0.0,0.0,-35.42999999999665,-1.0122857142856188,-11.50799999999981,0.7049999999999272,-1.643999999999973,0.10071428571427532,1,300.0,0.28,7.7548571428571575,13.726276484796308,overlap,Wed,12,False
1673,XAUUSDm,long,2026-05-06 12:10:00+00:00,76539,4682.8369999999995,0.05,4675.837,4692.837,7.0,close_below_lower,0.3488087210611075,2026-05-06 12:15:00+00:00,76540,4673.0,sl,-49.18499999999767,0.0,0.0,-49.18499999999767,-1.4052857142856479,-12.081999999999425,0.0,-1.7259999999999178,0.0,1,300.0,0.28,7.872642857142831,13.857996203929636,overlap,Wed,12,False
1674,XAUUSDm,long,2026-05-06 12:20:00+00:00,76541,4670.682,0.05,4663.682,4680.682,7.0,close_below_lower,0.7158456976331821,2026-05-06 12:25:00+00:00,76542,4682.733,tp,60.25500000000193,0.0,0.0,60.25500000000193,1.7215714285714836,-1.4129999999995562,13.094000000000051,-0.20185714285707945,1.8705714285714359,1,300.0,0.28,8.723214285714155,14.068112408507394,overlap,Wed,12,False
1675,XAUUSDm,short,2026-05-06 13:35:00+00:00,76556,4697.735,0.05,4704.735,4687.735,7.0,close_above_upper,0.004924824444487628,2026-05-06 13:50:00+00:00,76559,4705.014999999999,sl,-36.39999999999873,0.0,0.0,-36.39999999999873,-1.0399999999999636,-3.7460000000000946,5.131999999999607,-0.5351428571428707,0.733142857142801,3,900.0,0.28,8.740785714285526,14.02672229808291,overlap,Wed,13,False
1676,XAUUSDm,short,2026-05-06 13:55:00+00:00,76560,4703.918,0.05,4710.918,4693.918,7.0,close_above_upper,0.006363920421212528,2026-05-06 14:10:00+00:00,76563,4711.197999999999,sl,-36.39999999999873,0.0,0.0,-36.39999999999873,-1.0399999999999636,-5.914000000000669,6.514999999999418,-0.8448571428572385,0.9307142857142026,3,900.0,0.28,9.506785714285538,14.26633126065363,overlap,Wed,13,False
1677,XAUUSDm,short,2026-05-07 01:15:00+00:00,76684,4709.643,0.05,4716.643,4699.643,7.0,close_above_upper,0.04478276961729687,2026-05-07 01:40:00+00:00,76689,4716.923,sl,-36.39999999999873,0.0,0.0,-36.39999999999873,-1.0399999999999636,-6.751000000000204,7.5649999999996,-0.9644285714286005,1.0807142857142285,5,1500.0,0.28,6.211642857143033,14.755245309741,asian,Thu,1,False
1678,XAUUSDm,short,2026-05-07 06:35:00+00:00,76748,4732.729,0.05,4739.729,4722.729,7.0,close_above_upper,0.5434641455131711,2026-05-07 06:40:00+00:00,76749,4742.679999999999,sl,-49.75499999999556,0.0,0.0,-49.75499999999556,-1.4215714285713017,-11.273999999999432,0.0,-1.6105714285713475,0.0,1,300.0,0.28,5.351714285714349,15.390808609313105,asian,Thu,6,False
1679,XAUUSDm,short,2026-05-07 06:45:00+00:00,76750,4745.718,0.05,4752.718,4735.718,7.0,close_above_upper,0.8582571443448097,2026-05-07 07:00:00+00:00,76753,4735.998,tp,48.60000000000127,0.0,0.0,48.60000000000127,1.388571428571465,-1.3339999999998327,9.873999999999796,-0.19057142857140466,1.4105714285713995,3,900.0,0.28,5.968285714285814,15.676581653275177,asian,Thu,6,False
1680,XAUUSDm,short,2026-05-07 07:15:00+00:00,76756,4749.045,0.05,4756.045,4739.045,7.0,close_above_upper,0.06168275367247579,2026-05-07 07:25:00+00:00,76758,4739.325,tp,48.60000000000127,0.0,0.0,48.60000000000127,1.388571428571465,-1.626999999999498,9.81500000000051,-0.2324285714284997,1.40214285714293,2,600.0,0.28,7.707285714285653,16.044748022155847,london,Thu,7,False
1681,XAUUSDm,long,2026-05-07 16:05:00+00:00,76862,4724.499,0.05,4717.499,4734.499,7.0,close_below_lower,0.06907239274112052,2026-05-07 16:10:00+00:00,76863,4717.499,sl,-35.0,0.0,0.0,-35.0,-1.0,-8.086999999999534,0.7830000000003565,-1.1552857142856479,0.1118571428571938,1,300.0,0.28,6.661214285714258,16.433365430964628,newyork,Thu,16,False
1682,XAUUSDm,long,2026-05-07 16:15:00+00:00,76864,4715.521,0.05,4708.521,4725.521,7.0,close_below_lower,0.23100600194220436,2026-05-07 16:20:00+00:00,76865,4706.372,sl,-45.74499999999716,0.0,0.0,-45.74499999999716,-1.306999999999919,-11.231999999999971,0.0,-1.6045714285714243,0.0,1,300.0,0.28,7.060714285714247,16.663290148296735,newyork,Thu,16,False
1683,XAUUSDm,long,2026-05-07 22:00:00+00:00,76921,4689.344999999999,0.05,4682.345,4699.345,7.0,close_below_lower,0.07286879807126677,2026-05-07 22:50:00+00:00,76931,4682.345,sl,-34.99999999999545,0.0,0.0,-34.99999999999545,-0.9999999999998701,-6.818999999999505,9.816000000000713,-0.9741428571427865,1.402285714285816,10,3000.0,0.36,7.263428571428774,15.43249309494977,rollover,Thu,22,False
1684,XAUUSDm,short,2026-05-08 02:05:00+00:00,76970,4731.297,0.05,4738.297,4721.297,7.0,close_above_upper,0.005363861577847759,2026-05-08 02:15:00+00:00,76972,4721.576999999999,tp,48.60000000000127,0.0,0.0,48.60000000000127,1.388571428571465,-0.2250000000003638,7.533999999999651,-0.03214285714290911,1.0762857142856643,2,600.0,0.28,6.814642857142709,15.913550014362343,asian,Fri,2,False
1685,XAUUSDm,long,2026-05-08 07:25:00+00:00,77034,4706.458,0.05,4699.458,4716.458,7.0,close_below_lower,0.033031342857971574,2026-05-08 08:20:00+00:00,77045,4714.129,signal,38.35500000000138,0.0,0.0,38.35500000000138,1.0958571428571824,-9.402000000000044,8.595000000000255,-1.3431428571428634,1.2278571428571792,11,3300.0,0.28,6.274214285714412,15.136344887263316,london,Fri,7,False
1686,XAUUSDm,short,2026-05-08 13:35:00+00:00,77108,4739.065,0.05,4746.065,4729.065,7.0,close_above_upper,0.06001682004555956,2026-05-08 13:55:00+00:00,77112,4746.344999999999,sl,-36.39999999999873,0.0,0.0,-36.39999999999873,-1.0399999999999636,-6.260000000000218,4.196999999999207,-0.8942857142857454,0.5995714285713153,4,1200.0,0.28,9.127785714285697,14.164559481659632,overlap,Fri,13,False
1687,XAUUSDm,short,2026-05-08 14:00:00+00:00,77113,4747.95,0.05,4754.95,4737.95,7.0,close_above_upper,0.03579528716258736,2026-05-08 14:05:00+00:00,77114,4738.23,tp,48.60000000000127,0.0,0.0,48.60000000000127,1.388571428571465,-1.625,9.157000000000153,-0.23214285714285715,1.308142857142879,1,300.0,0.28,8.177000000000069,14.453059538841902,overlap,Fri,14,False
1688,XAUUSDm,long,2026-05-10 22:05:00+00:00,77198,4687.326,0.05,4680.326,4697.326,7.0,close_below_lower,0.9157236800831332,2026-05-10 23:05:00+00:00,77210,4696.335,signal,45.04500000000007,0.0,0.0,45.04500000000007,1.2870000000000021,-7.4229999999997744,9.573999999999614,-1.0604285714285393,1.3677142857142306,12,3600.0,0.36,4.803499999999921,14.525132542783531,rollover,Sun,22,False
1689,XAUUSDm,long,2026-05-11 05:55:00+00:00,77292,4654.924,0.05,4647.924,4664.924,7.0,close_below_lower,0.06591055268513181,2026-05-11 06:10:00+00:00,77295,4664.924,tp,50.0,0.0,0.0,50.0,1.4285714285714286,-6.680999999999585,9.876000000000204,-0.9544285714285122,1.410857142857172,3,900.0,0.28,5.381071428571366,14.578532249513607,asian,Mon,5,False
1690,XAUUSDm,short,2026-05-11 12:25:00+00:00,77370,4692.257,0.05,4699.257,4682.257,7.0,close_above_upper,0.3871766581698784,2026-05-11 12:55:00+00:00,77376,4699.536999999999,sl,-36.39999999999873,0.0,0.0,-36.39999999999873,-1.0399999999999636,-6.041000000000167,6.511999999999716,-0.8630000000000239,0.9302857142856737,6,1800.0,0.28,5.132785714285676,13.603382967701119,overlap,Mon,12,False
1691,XAUUSDm,short,2026-05-11 13:05:00+00:00,77378,4709.682,0.05,4716.682,4699.682,7.0,close_above_upper,0.4799901640190052,2026-05-11 13:10:00+00:00,77379,4716.9619999999995,sl,-36.39999999999873,0.0,0.0,-36.39999999999873,-1.0399999999999636,-7.789999999999964,1.3299999999999272,-1.1128571428571377,0.1899999999999896,1,300.0,0.28,7.504071428571414,14.093927279037786,overlap,Mon,13,False
1692,XAUUSDm,short,2026-05-11 13:15:00+00:00,77380,4720.861,0.05,4727.861,4710.861,7.0,close_above_upper,0.7537881817350633,2026-05-11 13:20:00+00:00,77381,4728.141,sl,-36.39999999999873,0.0,0.0,-36.39999999999873,-1.0399999999999636,-9.931999999999789,0.45100000000002183,-1.4188571428571126,0.06442857142857454,1,300.0,0.28,8.151428571428498,14.22266223491592,overlap,Mon,13,False
1693,XAUUSDm,short,2026-05-11 13:25:00+00:00,77382,4731.211,0.05,4738.211,4721.211,7.0,close_above_upper,0.896178255193577,2026-05-11 13:35:00+00:00,77384,4738.491,sl,-36.39999999999873,0.0,0.0,-36.39999999999873,-1.0399999999999636,-5.685999999999694,3.6289999999999054,-0.8122857142856706,0.5184285714285579,2,600.0,0.28,9.239785714285647,14.448041154818949,overlap,Mon,13,False
1694,XAUUSDm,short,2026-05-11 13:40:00+00:00,77385,4735.347,0.05,4742.347,4725.347,7.0,close_above_upper,0.40761619965754897,2026-05-11 13:45:00+00:00,77386,4743.846,sl,-42.49499999999898,0.0,0.0,-42.49499999999898,-1.214142857142828,-10.222000000000662,0.37699999999949796,-1.4602857142858088,0.05385714285707114,1,300.0,0.28,8.180714285714268,14.745695755576076,overlap,Mon,13,False
1695,XAUUSDm,short,2026-05-11 13:50:00+00:00,77387,4737.779,0.05,4744.779,4727.779,7.0,close_above_upper,0.07082408509114269,2026-05-11 14:05:00+00:00,77390,4728.059,tp,48.60000000000127,0.0,0.0,48.60000000000127,1.388571428571465,-6.870999999999185,9.616000000000895,-0.9815714285713122,1.3737142857144136,3,900.0,0.28,8.918214285714319,14.982551752135095,overlap,Mon,13,False
1696,XAUUSDm,long,2026-05-12 01:30:00+00:00,77515,4735.518,0.05,4728.518,4745.518,7.0,close_below_lower,0.07257659156906957,2026-05-12 01:35:00+00:00,77516,4728.518,sl,-35.0,0.0,0.0,-35.0,-1.0,-4.480000000000473,3.3590000000003783,-0.6400000000000675,0.4798571428571969,1,300.0,0.28,8.52385714285713,14.711895006377151,asian,Tue,1,False
1697,XAUUSDm,long,2026-05-12 01:40:00+00:00,77517,4725.003,0.05,4718.003,4735.003,7.0,close_below_lower,0.43316770696956836,2026-05-12 02:45:00+00:00,77530,4731.477,signal,32.3700000000008,0.0,0.0,32.3700000000008,0.9248571428571657,-4.973999999999251,8.818000000000211,-0.7105714285713215,1.2597142857143158,13,3900.0,0.28,7.943285714285723,14.846255133347835,asian,Tue,1,False
1698,XAUUSDm,long,2026-05-12 15:15:00+00:00,77680,4664.561,0.05,4657.561,4674.561,7.0,close_below_lower,0.02213928170253145,2026-05-12 15:20:00+00:00,77681,4657.561,sl,-35.0,0.0,0.0,-35.0,-1.0,-5.569999999999709,1.6700000000000728,-0.7957142857142442,0.23857142857143895,1,300.0,0.28,7.782142857142779,14.518939094231207,overlap,Tue,15,False
1699,XAUUSDm,long,2026-05-12 15:25:00+00:00,77682,4643.346,0.05,4636.346,4653.346,7.0,close_below_lower,1.056696326849929,2026-05-12 15:30:00+00:00,77683,4655.862,tp,62.580000000002656,0.0,0.0,62.580000000002656,1.788000000000076,-5.363999999999578,13.375,-0.766285714285654,1.9107142857142858,1,300.0,0.28,9.037428571428466,14.778175105100692,overlap,Tue,15,False
1700,XAUUSDm,long,2026-05-13 12:40:00+00:00,77925,4679.383,0.05,4672.383,4689.383,7.0,close_below_lower,0.0724769686002536,2026-05-13 13:00:00+00:00,77929,4689.383,tp,50.0,0.0,0.0,50.0,1.4285714285714286,-1.9549999999999272,5.988000000000284,-0.27928571428570387,0.855428571428612,4,1200.0,0.28,5.438999999999916,12.645416963704768,overlap,Wed,12,False
1701,XAUUSDm,short,2026-05-14 04:30:00+00:00,78103,4702.052,0.05,4709.052,4692.052,7.0,close_above_upper,0.5831462309462545,2026-05-14 04:35:00+00:00,78104,4709.331999999999,sl,-36.39999999999873,0.0,0.0,-36.39999999999873,-1.0399999999999636,-8.680000000000291,0.6809999999995853,-1.2400000000000415,0.09728571428565504,1,300.0,0.28,6.527428571428378,12.146263436704594,asian,Thu,4,False
1702,XAUUSDm,short,2026-05-14 04:40:00+00:00,78105,4707.518,0.05,4714.518,4697.518,7.0,close_above_upper,0.5513917566011589,2026-05-14 05:15:00+00:00,78112,4697.798,tp,48.60000000000127,0.0,0.0,48.60000000000127,1.388571428571465,-0.5460000000002765,7.8419999999996435,-0.0780000000000395,1.1202857142856633,7,2100.0,0.28,6.796428571428415,12.376665722606472,asian,Thu,4,False
1703,XAUUSDm,long,2026-05-14 13:35:00+00:00,78212,4684.78,0.05,4677.78,4694.78,7.0,close_below_lower,0.14186833670796797,2026-05-14 13:40:00+00:00,78213,4677.78,sl,-35.0,0.0,0.0,-35.0,-1.0,-4.436999999999898,2.467000000000553,-0.6338571428571284,0.3524285714286504,1,300.0,0.28,7.0555714285713815,11.639531096977668,overlap,Thu,13,False
1704,XAUUSDm,long,2026-05-14 13:45:00+00:00,78214,4676.954,0.05,4669.954,4686.954,7.0,close_below_lower,0.4422238936682621,2026-05-14 13:50:00+00:00,78215,4689.311,tp,61.784999999999854,0.0,0.0,61.784999999999854,1.7652857142857101,-1.069999999999709,13.452000000000226,-0.15285714285710128,1.921714285714318,1,300.0,0.28,7.934285714285709,11.809423938734477,overlap,Thu,13,False
1705,XAUUSDm,long,2026-05-15 00:30:00+00:00,78331,4630.058,0.05,4623.058,4640.058,7.0,close_below_lower,0.8013108911148766,2026-05-15 00:35:00+00:00,78332,4623.058,sl,-35.0,0.0,0.0,-35.0,-1.0,-7.707999999999629,0.5739999999996144,-1.1011428571428041,0.08199999999994491,1,300.0,0.28,7.785857142857302,11.608377276321686,asian,Fri,0,False
1706,XAUUSDm,long,2026-05-15 00:40:00+00:00,78333,4621.974,0.05,4614.974,4631.974,7.0,close_below_lower,0.9532323724955868,2026-05-15 01:05:00+00:00,78338,4614.974,sl,-35.0,0.0,0.0,-35.0,-1.0,-8.720000000000255,9.451000000000022,-1.2457142857143222,1.3501428571428602,5,1500.0,0.28,8.122000000000103,11.876988360239533,asian,Fri,0,False
1707,XAUUSDm,long,2026-05-15 01:10:00+00:00,78339,4610.340999999999,0.05,4603.341,4620.341,7.0,close_below_lower,0.6329943956252184,2026-05-15 01:15:00+00:00,78340,4620.341,tp,50.00000000000455,0.0,0.0,50.00000000000455,1.4285714285715585,-2.7999999999992724,5.123000000000502,-0.39999999999989605,0.7318571428572146,1,300.0,0.28,10.11907142857139,12.293407683942071,asian,Fri,1,False
1708,XAUUSDm,long,2026-05-15 01:30:00+00:00,78343,4609.36,0.05,4602.36,4619.36,7.0,close_below_lower,0.11383289594016881,2026-05-15 01:35:00+00:00,78344,4619.36,tp,50.0,0.0,0.0,50.0,1.4285714285714286,-1.7109999999993306,7.21100000000024,-0.2444285714284758,1.0301428571428914,1,300.0,0.28,10.816928571428564,12.481802171433689,asian,Fri,1,False
1709,XAUUSDm,long,2026-05-15 05:10:00+00:00,78387,4593.583,0.05,4586.583,4603.583,7.0,close_below_lower,0.219352287864604,2026-05-15 05:15:00+00:00,78388,4586.583,sl,-35.0,0.0,0.0,-35.0,-1.0,-5.220999999999549,0.06700000000000728,-0.7458571428570784,0.00957142857142961,1,300.0,0.28,5.568714285714448,12.434236558902818,asian,Fri,5,False
1710,XAUUSDm,long,2026-05-15 05:20:00+00:00,78389,4583.382,0.05,4576.382,4593.382,7.0,close_below_lower,0.6449545708169968,2026-05-15 05:30:00+00:00,78391,4576.382,sl,-35.0,0.0,0.0,-35.0,-1.0,-2.670999999999367,6.686000000000604,-0.38157142857133813,0.9551428571429434,2,600.0,0.28,6.112214285714409,12.585855937428077,asian,Fri,5,False
1711,XAUUSDm,long,2026-05-15 05:35:00+00:00,78392,4569.916,0.05,4562.916,4579.916,7.0,close_below_lower,1.045447586162922,2026-05-15 05:45:00+00:00,78394,4562.916,sl,-35.0,0.0,0.0,-35.0,-1.0,-6.231999999999971,5.711999999999534,-0.8902857142857101,0.8159999999999334,2,600.0,0.28,7.61928571428585,12.867621588414586,asian,Fri,5,False
1712,XAUUSDm,long,2026-05-15 05:50:00+00:00,78395,4564.111,0.05,4557.111,4574.111,7.0,close_below_lower,0.692751542995693,2026-05-15 05:55:00+00:00,78396,4557.111,sl,-35.0,0.0,0.0,-35.0,-1.0,-0.27999999999974534,9.048999999999978,-0.03999999999996362,1.2927142857142826,1,300.0,0.28,8.6519285714286,13.13598512855231,asian,Fri,5,False
1713,XAUUSDm,long,2026-05-15 06:00:00+00:00,78397,4559.076,0.05,4552.076,4569.076,7.0,close_below_lower,0.6155791034482581,2026-05-15 06:05:00+00:00,78398,4569.076,tp,50.0,0.0,0.0,50.0,1.4285714285714286,-2.899000000000342,6.132999999999811,-0.414142857142906,0.8761428571428301,1,300.0,0.28,9.343142857142864,13.30088486778487,asian,Fri,6,False
1714,XAUUSDm,long,2026-05-15 08:05:00+00:00,78422,4561.449,0.05,4554.449,4571.449,7.0,close_below_lower,0.025084278541872458,2026-05-15 08:15:00+00:00,78424,4554.449,sl,-35.0,0.0,0.0,-35.0,-1.0,-1.8369999999995343,6.093000000000757,-0.2624285714285049,0.8704285714286796,2,600.0,0.28,6.670642857142866,13.529875795541095,london,Fri,8,False
1715,XAUUSDm,long,2026-05-15 08:20:00+00:00,78425,4557.067,0.05,4550.067,4567.067,7.0,close_below_lower,0.04983211925902939,2026-05-15 08:30:00+00:00,78427,4550.067,sl,-35.0,0.0,0.0,-35.0,-1.0,-2.9219999999995707,4.220000000000255,-0.4174285714285101,0.6028571428571793,2,600.0,0.28,7.004000000000035,13.482718560542995,london,Fri,8,False
1716,XAUUSDm,short,2026-05-15 10:55:00+00:00,78456,4568.782,0.05,4575.782,4558.782,7.0,close_above_upper,0.0050405359065141524,2026-05-15 11:30:00+00:00,78463,4559.062,tp,48.60000000000127,0.0,0.0,48.60000000000127,1.388571428571465,-1.4780000000000655,9.873000000000502,-0.21114285714286649,1.410428571428643,7,2100.0,0.28,7.873785714285792,13.827455560248488,london,Fri,10,False
1717,XAUUSDm,long,2026-05-15 13:40:00+00:00,78489,4528.8189999999995,0.05,4521.819,4538.819,7.0,close_below_lower,0.2689750244653823,2026-05-15 13:45:00+00:00,78490,4520.068,sl,-43.75499999999647,0.0,0.0,-43.75499999999647,-1.2501428571427564,-8.89599999999973,2.305000000000291,-1.2708571428571045,0.32928571428575587,1,300.0,0.28,9.496071428571538,13.891575955252911,overlap,Fri,13,False
1718,XAUUSDm,short,2026-05-15 14:20:00+00:00,78497,4558.713,0.05,4565.713,4548.713,7.0,close_above_upper,0.35476836773062403,2026-05-15 14:50:00+00:00,78503,4548.9929999999995,tp,48.60000000000127,0.0,0.0,48.60000000000127,1.388571428571465,-4.212000000000444,8.451000000000022,-0.6017142857143492,1.2072857142857174,6,1800.0,0.28,11.943357142857232,14.311912057110536,overlap,Fri,14,False
1719,XAUUSDm,long,2026-05-18 00:35:00+00:00,78608,4492.715,0.05,4485.715,4502.715,7.0,close_below_lower,1.1939635322785311,2026-05-18 00:40:00+00:00,78609,4485.715,sl,-35.0,0.0,0.0,-35.0,-1.0,-3.342999999999847,10.5,-0.4775714285714067,1.5,1,300.0,0.28,9.689214285714181,15.540824665508225,asian,Mon,0,False
1720,XAUUSDm,long,2026-05-18 00:45:00+00:00,78610,4481.924,0.05,4474.924,4491.924,7.0,close_below_lower,1.2431361142497843,2026-05-18 00:50:00+00:00,78611,4494.081,tp,60.785000000000764,0.0,0.0,60.785000000000764,1.7367142857143076,-1.595999999999549,14.302999999999884,-0.22799999999993556,2.0432857142856977,1,300.0,0.28,10.894428571428437,15.884242200653084,asian,Mon,0,False
1721,XAUUSDm,long,2026-05-18 00:55:00+00:00,78612,4492.12,0.05,4485.12,4502.12,7.0,close_below_lower,0.17062086865305717,2026-05-18 01:00:00+00:00,78613,4515.704,signal,117.91999999999916,0.0,0.0,117.91999999999916,3.3691428571428332,-0.7280000000000655,24.376000000000204,-0.10400000000000935,3.4822857142857435,1,300.0,0.28,11.785999999999799,16.086283352902427,asian,Mon,0,False
1722,XAUUSDm,short,2026-05-18 01:50:00+00:00,78623,4528.053,0.05,4535.053,4518.053,7.0,close_above_upper,0.3154428224574974,2026-05-18 02:00:00+00:00,78625,4535.333,sl,-36.39999999999873,0.0,0.0,-36.39999999999873,-1.0399999999999636,-7.592999999999847,3.0659999999998035,-1.084714285714264,0.4379999999999719,2,600.0,0.28,14.046142857142772,16.38027357148722,asian,Mon,1,False
1723,XAUUSDm,short,2026-05-18 02:05:00+00:00,78626,4531.9,0.05,4538.9,4521.9,7.0,close_above_upper,0.10423698865401115,2026-05-18 02:20:00+00:00,78629,4539.179999999999,sl,-36.39999999999873,0.0,0.0,-36.39999999999873,-1.0399999999999636,-6.756000000000313,6.245999999999185,-0.9651428571429018,0.8922857142855979,3,900.0,0.28,13.377642857142812,16.598148531078866,asian,Mon,2,False
1724,XAUUSDm,short,2026-05-18 11:45:00+00:00,78742,4562.229,0.05,4569.229,4552.229,7.0,close_above_upper,0.16238815586411023,2026-05-18 11:50:00+00:00,78743,4552.509,tp,48.60000000000127,0.0,0.0,48.60000000000127,1.388571428571465,-2.3809999999994034,7.140000000000327,-0.3401428571427719,1.0200000000000469,1,300.0,0.28,7.500928571428631,17.000642684556432,london,Mon,11,False
1725,XAUUSDm,long,2026-05-19 13:05:00+00:00,79034,4523.835999999999,0.05,4516.836,4533.836,7.0,close_below_lower,0.010289801439109977,2026-05-19 13:15:00+00:00,79036,4516.836,sl,-34.99999999999545,0.0,0.0,-34.99999999999545,-0.9999999999998701,-9.162999999999556,2.585000000000946,-1.3089999999999367,0.3692857142858494,2,600.0,0.28,6.702714285714332,14.738828366196145,overlap,Tue,13,False
1726,XAUUSDm,long,2026-05-19 13:20:00+00:00,79037,4517.572999999999,0.05,4510.573,4527.573,7.0,close_below_lower,0.09050919383063279,2026-05-19 13:25:00+00:00,79038,4505.085,sl,-62.43999999999687,0.0,0.0,-62.43999999999687,-1.7839999999999105,-14.034999999999854,2.173000000000684,-2.004999999999979,0.31042857142866914,1,300.0,0.28,7.03821428571434,14.815207160960677,overlap,Tue,13,False
1727,XAUUSDm,long,2026-05-19 13:30:00+00:00,79039,4492.514,0.05,4485.514,4502.514,7.0,close_below_lower,1.2420287203474878,2026-05-19 13:35:00+00:00,79040,4481.647,sl,-54.335000000000946,0.0,0.0,-54.335000000000946,-1.5524285714285984,-28.14100000000053,3.238999999999578,-4.020142857142933,0.4627142857142254,1,300.0,0.28,8.334357142857177,15.100032795618732,overlap,Tue,13,False
1728,XAUUSDm,long,2026-05-19 13:40:00+00:00,79041,4483.356,0.05,4476.356,4493.356,7.0,close_below_lower,1.1293231050582877,2026-05-19 13:45:00+00:00,79042,4476.32,sl,-35.18000000000029,0.0,0.0,-35.18000000000029,-1.0051428571428656,-13.333999999999833,0.11599999999998545,-1.904857142857119,0.016571428571426492,1,300.0,0.28,11.08578571428578,15.506813283834811,overlap,Tue,13,False
1729,XAUUSDm,long,2026-05-19 13:50:00+00:00,79043,4481.293,0.05,4474.293,4491.293,7.0,close_below_lower,0.6038484800507763,2026-05-19 13:55:00+00:00,79044,4504.408,tp,115.57500000000346,0.0,0.0,115.57500000000346,3.302142857142956,-1.4919999999992797,23.998000000000502,-0.21314285714275424,3.428285714285786,1,300.0,0.28,11.873857142857235,15.855345192463126,overlap,Tue,13,False
1730,XAUUSDm,long,2026-05-20 01:30:00+00:00,79171,4474.012,0.05,4467.012,4484.012,7.0,close_below_lower,0.4297759034334108,2026-05-20 01:35:00+00:00,79172,4467.012,sl,-35.0,0.0,0.0,-35.0,-1.0,-6.402000000000044,2.8890000000001237,-0.9145714285714348,0.4127142857143034,1,300.0,0.28,8.685142857142832,14.0702246051524,asian,Wed,1,False
1731,XAUUSDm,long,2026-05-20 01:40:00+00:00,79173,4468.134,0.05,4461.134,4478.134,7.0,close_below_lower,0.4859101516257592,2026-05-20 01:50:00+00:00,79175,4478.134,tp,50.0,0.0,0.0,50.0,1.4285714285714286,-6.5770000000002256,5.5460000000002765,-0.9395714285714608,0.7922857142857538,2,600.0,0.28,8.995357142857106,14.21988019234838,asian,Wed,1,False
1732,XAUUSDm,long,2026-05-20 02:45:00+00:00,79186,4461.123,0.05,4454.123,4471.123,7.0,close_below_lower,0.1050762980334556,2026-05-20 03:05:00+00:00,79190,4454.123,sl,-35.0,0.0,0.0,-35.0,-1.0,-2.6779999999998836,6.282000000000153,-0.38257142857141196,0.8974285714285932,4,1200.0,0.28,9.404428571428591,14.478958438180264,asian,Wed,2,False
1733,XAUUSDm,short,2026-05-20 14:25:00+00:00,79326,4502.899,0.05,4509.899,4492.899,7.0,close_above_upper,0.010219388379970298,2026-05-20 14:30:00+00:00,79327,4510.179,sl,-36.39999999999873,0.0,0.0,-36.39999999999873,-1.0399999999999636,-4.085000000000036,3.7960000000002765,-0.5835714285714337,0.5422857142857538,1,300.0,0.28,8.746857142857086,13.509534498647863,overlap,Wed,14,False
1734,XAUUSDm,short,2026-05-20 14:35:00+00:00,79328,4524.717,0.05,4531.717,4514.717,7.0,close_above_upper,1.2504240979493841,2026-05-20 14:55:00+00:00,79332,4531.996999999999,sl,-36.39999999999873,0.0,0.0,-36.39999999999873,-1.0399999999999636,-5.173000000000684,9.344000000000051,-0.7390000000000977,1.33485714285715,4,1200.0,0.28,9.974071428571408,13.759521170656466,overlap,Wed,14,False
1735,XAUUSDm,short,2026-05-20 15:00:00+00:00,79333,4531.349,0.05,4538.349,4521.349,7.0,close_above_upper,0.531156395165228,2026-05-20 15:15:00+00:00,79336,4538.629,sl,-36.39999999999873,0.0,0.0,-36.39999999999873,-1.0399999999999636,-4.346999999999753,8.092000000000553,-0.6209999999999647,1.156000000000079,3,900.0,0.28,10.76092857142859,14.161136351203872,overlap,Wed,15,False
1736,XAUUSDm,short,2026-05-20 15:20:00+00:00,79337,4543.121,0.05,4550.121,4533.121,7.0,close_above_upper,0.5933525261295556,2026-05-20 15:25:00+00:00,79338,4533.401,tp,48.60000000000127,0.0,0.0,48.60000000000127,1.388571428571465,-2.043999999999869,7.5789999999997235,-0.2919999999999813,1.0827142857142462,1,300.0,0.28,12.642285714285793,14.373737338392768,overlap,Wed,15,False
1737,XAUUSDm,short,2026-05-21 01:15:00+00:00,79444,4559.757,0.05,4566.757,4549.757,7.0,close_above_upper,0.03731205744191259,2026-05-21 01:20:00+00:00,79445,4567.036999999999,sl,-36.39999999999873,0.0,0.0,-36.39999999999873,-1.0399999999999636,-1.818000000000211,1.6329999999998108,-0.2597142857143159,0.23328571428568726,1,300.0,0.28,6.330428571428456,13.12075068120415,asian,Thu,1,False
1738,XAUUSDm,short,2026-05-21 01:25:00+00:00,79446,4564.951,0.05,4571.951,4554.951,7.0,close_above_upper,0.15294351399472494,2026-05-21 02:05:00+00:00,79454,4557.415,signal,37.68000000000029,0.0,0.0,37.68000000000029,1.076571428571437,-6.067000000000007,8.105000000000473,-0.8667142857142868,1.1578571428572104,8,2400.0,0.28,6.777428571428443,13.265063681544001,asian,Thu,1,False
1739,XAUUSDm,long,2026-05-21 02:30:00+00:00,79459,4540.603999999999,0.05,4533.604,4550.604,7.0,close_below_lower,0.11349675092041178,2026-05-21 02:45:00+00:00,79462,4533.604,sl,-34.99999999999545,0.0,0.0,-34.99999999999545,-0.9999999999998701,-6.835999999999331,1.8620000000009895,-0.976571428571333,0.26600000000014135,3,900.0,0.28,6.062571428571248,13.528334584376132,asian,Thu,2,False
1740,XAUUSDm,long,2026-05-21 10:30:00+00:00,79555,4518.259,0.05,4511.259,4528.259,7.0,close_below_lower,0.07569536999705119,2026-05-21 10:35:00+00:00,79556,4511.259,sl,-35.0,0.0,0.0,-35.0,-1.0,-10.152000000000044,0.20200000000022555,-1.4502857142857206,0.02885714285717508,1,300.0,0.28,5.810357142857161,13.06834724436488,london,Thu,10,False
1741,XAUUSDm,long,2026-05-21 10:40:00+00:00,79557,4509.218,0.05,4502.218,4519.218,7.0,close_below_lower,0.4263193900555277,2026-05-21 11:00:00+00:00,79561,4519.218,tp,50.0,0.0,0.0,50.0,1.4285714285714286,-4.462999999999738,8.92200000000048,-0.6375714285713912,1.274571428571497,4,1200.0,0.28,6.62192857142866,13.231908488398062,london,Thu,10,False
1742,XAUUSDm,short,2026-05-21 13:55:00+00:00,79596,4517.827,0.05,4524.827,4507.827,7.0,close_above_upper,0.1180615407759393,2026-05-21 14:00:00+00:00,79597,4508.107,tp,48.60000000000127,0.0,0.0,48.60000000000127,1.388571428571465,-2.9399999999996,5.936000000000604,-0.4199999999999428,0.8480000000000862,1,300.0,0.28,9.175214285714251,13.575400801560026,overlap,Thu,13,False
1743,XAUUSDm,short,2026-05-21 17:20:00+00:00,79637,4535.113,0.05,4542.113,4525.113,7.0,close_above_upper,0.131114803853759,2026-05-21 17:25:00+00:00,79638,4542.393,sl,-36.39999999999873,0.0,0.0,-36.39999999999873,-1.0399999999999636,-11.179999999999382,1.8330000000005384,-1.5971428571427688,0.2618571428572198,1,300.0,0.28,5.103071428571378,13.672759941356198,newyork,Thu,17,False
1744,XAUUSDm,short,2026-05-21 17:30:00+00:00,79639,4541.409,0.05,4548.409,4531.409,7.0,close_above_upper,0.2746412407863068,2026-05-21 17:45:00+00:00,79642,4548.688999999999,sl,-36.39999999999873,0.0,0.0,-36.39999999999873,-1.0399999999999636,-7.727000000000771,2.576000000000022,-1.103857142857253,0.3680000000000031,3,900.0,0.28,5.833642857142812,13.869344125317237,newyork,Thu,17,False
1745,XAUUSDm,short,2026-05-21 17:50:00+00:00,79643,4552.985,0.05,4559.985,4542.985,7.0,close_above_upper,0.37284628934259706,2026-05-21 18:35:00+00:00,79652,4543.264999999999,tp,48.60000000000127,0.0,0.0,48.60000000000127,1.388571428571465,-6.335000000000036,9.938999999999396,-0.9050000000000052,1.4198571428570566,9,2700.0,0.28,7.049642857142901,14.238195270795504,newyork,Thu,17,False
1746,XAUUSDm,long,2026-05-21 18:55:00+00:00,79656,4527.897,0.05,4520.897,4537.897,7.0,close_below_lower,0.122605652887871,2026-05-21 19:15:00+00:00,79660,4537.897,tp,50.0,0.0,0.0,50.0,1.4285714285714286,-0.5869999999995343,9.947000000000116,-0.08385714285707634,1.4210000000000167,4,1200.0,0.28,6.968214285714112,14.467694101509679,newyork,Thu,18,False
1747,XAUUSDm,long,2026-05-22 06:00:00+00:00,79777,4511.558,0.05,4504.558,4521.558,7.0,close_below_lower,0.2635804338389306,2026-05-22 06:05:00+00:00,79778,4521.558,tp,50.0,0.0,0.0,50.0,1.4285714285714286,-1.5270000000000437,7.552999999999884,-0.21814285714286338,1.0789999999999833,1,300.0,0.28,4.935357142857031,12.863402520768133,asian,Fri,6,False
1748,XAUUSDm,long,2026-05-22 10:45:00+00:00,79834,4512.852,0.05,4505.852,4522.852,7.0,close_below_lower,0.09991901349398717,2026-05-22 11:35:00+00:00,79844,4517.031,signal,20.895000000000437,0.0,0.0,20.895000000000437,0.5970000000000125,-2.7929999999996653,4.529000000000451,-0.39899999999995217,0.6470000000000644,10,3000.0,0.28,4.980071428571266,11.654623160921266,london,Fri,10,False
1749,XAUUSDm,short,2026-05-22 12:20:00+00:00,79853,4532.927,0.05,4539.927,4522.927,7.0,close_above_upper,0.027682417307747377,2026-05-22 12:25:00+00:00,79854,4523.206999999999,tp,48.60000000000127,0.0,0.0,48.60000000000127,1.388571428571465,-1.3010000000003856,8.463999999999942,-0.18585714285719795,1.2091428571428489,1,300.0,0.28,4.6537857142855374,11.536010086292189,overlap,Fri,12,False
1750,XAUUSDm,long,2026-05-22 14:15:00+00:00,79876,4498.07,0.05,4491.07,4508.07,7.0,close_below_lower,0.4763970162620093,2026-05-22 15:05:00+00:00,79886,4505.508,signal,37.19000000000051,0.0,0.0,37.19000000000051,1.0625714285714432,-6.532000000000153,9.184000000000196,-0.9331428571428789,1.312000000000028,10,3000.0,0.28,7.881642857142846,11.99608820663383,overlap,Fri,14,False
1751,XAUUSDm,short,2026-05-24 22:05:00+00:00,79958,4551.126,0.05,4558.126,4541.126,7.0,close_above_upper,2.2269313423098316,2026-05-24 22:30:00+00:00,79963,4558.406,sl,-36.39999999999873,0.0,0.0,-36.39999999999873,-1.0399999999999636,-6.360999999999876,2.4650000000001455,-0.908714285714268,0.3521428571428779,5,1500.0,0.36,5.5549285714285235,12.263511344756488,rollover,Sun,22,False
1752,XAUUSDm,short,2026-05-24 22:35:00+00:00,79964,4558.577,0.05,4565.577,4548.577,7.0,close_above_upper,0.8066462376115714,2026-05-24 23:00:00+00:00,79969,4565.857,sl,-36.39999999999873,0.0,0.0,-36.39999999999873,-1.0399999999999636,-6.88799999999992,2.0140000000001237,-0.9839999999999886,0.2877142857143034,5,1500.0,0.28,7.209142857142784,12.792277244869679,rollover,Sun,22,False
1753,XAUUSDm,short,2026-05-24 23:05:00+00:00,79970,4568.103,0.05,4575.103,4558.103,7.0,close_above_upper,0.12827415691099656,2026-05-24 23:10:00+00:00,79971,4575.383,sl,-36.39999999999873,0.0,0.0,-36.39999999999873,-1.0399999999999636,-5.944999999999709,0.5290000000004511,-0.8492857142856727,0.07557142857149302,1,300.0,0.28,7.617142857142816,13.196370067417144,rollover,Sun,23,False
1754,XAUUSDm,short,2026-05-24 23:15:00+00:00,79972,4574.298,0.05,4581.298,4564.298,7.0,close_above_upper,0.14243410549586127,2026-05-25 00:00:00+00:00,79981,4567.406,signal,34.45999999999913,0.0,0.0,34.45999999999913,0.9845714285714037,-5.686000000000604,8.609999999999673,-0.8122857142858005,1.2299999999999531,9,2700.0,0.28,5.0289999999999315,13.35047836064179,rollover,Sun,23,False
1755,XAUUSDm,long,2026-05-25 12:15:00+00:00,80128,4556.344,0.05,4549.344,4566.344,7.0,close_below_lower,0.013468716907732948,2026-05-25 12:35:00+00:00,80132,4566.344,tp,50.0,0.0,0.0,50.0,1.4285714285714286,-3.6829999999999927,7.66399999999976,-0.5261428571428561,1.0948571428571086,4,1200.0,0.28,3.777071428571357,12.292528403969655,overlap,Mon,12,False
1756,XAUUSDm,long,2026-05-25 23:35:00+00:00,80222,4561.072,0.05,4554.072,4571.072,7.0,close_below_lower,0.0722693928845285,2026-05-26 00:00:00+00:00,80227,4554.072,sl,-35.0,0.0,0.0,-35.0,-1.0,-6.081000000000131,1.9089999999996508,-0.8687142857143044,0.27271428571423584,5,1500.0,0.28,3.776499999999877,11.302358455529266,rollover,Mon,23,False
1757,XAUUSDm,long,2026-05-26 00:05:00+00:00,80228,4550.919,0.05,4543.919,4560.919,7.0,close_below_lower,0.2164933919796135,2026-05-26 00:15:00+00:00,80230,4543.919,sl,-35.0,0.0,0.0,-35.0,-1.0,-2.787999999999556,2.1149999999997817,-0.3982857142856509,0.30214285714282596,2,600.0,0.28,5.263571428571335,11.548982543474477,asian,Tue,0,False
1758,XAUUSDm,long,2026-05-26 00:20:00+00:00,80231,4546.329,0.05,4539.329,4556.329,7.0,close_below_lower,0.13727669545024804,2026-05-26 01:15:00+00:00,80242,4548.404,signal,10.375000000003638,0.0,0.0,10.375000000003638,0.29642857142867535,-6.844999999999345,6.550000000000182,-0.9778571428570493,0.9357142857143117,11,3300.0,0.28,6.198142857142751,11.735843390220763,asian,Tue,0,False
1759,XAUUSDm,long,2026-05-26 01:40:00+00:00,80247,4530.315,0.05,4523.315,4540.315,7.0,close_below_lower,0.16980305847671645,2026-05-26 02:15:00+00:00,80254,4538.35,signal,40.17500000000382,0.0,0.0,40.17500000000382,1.147857142857252,-2.1809999999995853,9.24200000000019,-0.3115714285713693,1.3202857142857414,7,2100.0,0.28,6.162642857142795,12.064282982687764,asian,Tue,1,False
1760,XAUUSDm,short,2026-05-26 10:35:00+00:00,80354,4538.513,0.05,4545.513,4528.513,7.0,close_above_upper,0.07804082540884863,2026-05-26 11:15:00+00:00,80362,4532.121999999999,signal,31.955000000002656,0.0,0.0,31.955000000002656,0.9130000000000759,-2.1270000000004075,7.069999999999709,-0.30385714285720106,1.0099999999999585,8,2400.0,0.28,5.180642857143019,11.85886614797515,london,Tue,10,False
1761,XAUUSDm,long,2026-05-26 11:40:00+00:00,80367,4511.197,0.05,4504.197,4521.197,7.0,close_below_lower,0.4298598429338614,2026-05-26 11:55:00+00:00,80370,4504.197,sl,-35.0,0.0,0.0,-35.0,-1.0,-6.846999999999753,4.395999999999731,-0.9781428571428218,0.6279999999999616,3,900.0,0.28,4.867214285714259,12.08933592696485,london,Tue,11,False
1762,XAUUSDm,long,2026-05-26 12:00:00+00:00,80371,4507.215999999999,0.05,4500.216,4517.216,7.0,close_below_lower,0.10511005745726039,2026-05-26 12:45:00+00:00,80380,4511.669,signal,22.265000000002146,0.0,0.0,22.265000000002146,0.6361428571429185,-6.6379999999990105,8.597000000000662,-0.948285714285573,1.2281428571429518,9,2700.0,0.28,5.623214285714312,12.273632383869849,overlap,Tue,12,False
1763,XAUUSDm,short,2026-05-26 23:45:00+00:00,80500,4526.746,0.05,4533.746,4516.746,7.0,close_above_upper,0.5043101821503116,2026-05-27 00:20:00+00:00,80507,4517.026,tp,48.60000000000127,0.0,0.0,48.60000000000127,1.388571428571465,-1.1959999999999127,9.359000000000378,-0.17085714285713038,1.3370000000000541,7,2100.0,0.28,4.7500714285713785,10.531953720700432,rollover,Tue,23,False
1764,XAUUSDm,short,2026-05-27 04:50:00+00:00,80561,4516.38,0.05,4523.38,4506.38,7.0,close_above_upper,0.14015591421561371,2026-05-27 05:15:00+00:00,80566,4506.66,tp,48.60000000000127,0.0,0.0,48.60000000000127,1.388571428571465,-0.7290000000002692,8.206000000000131,-0.1041428571428956,1.172285714285733,5,1500.0,0.28,3.828714285714341,11.003936165071835,asian,Wed,4,False
1765,XAUUSDm,long,2026-05-27 05:45:00+00:00,80572,4493.848,0.05,4486.848,4503.848,7.0,close_below_lower,0.007139532698082027,2026-05-27 06:15:00+00:00,80578,4486.848,sl,-35.0,0.0,0.0,-35.0,-1.0,-2.030999999999949,8.484999999999673,-0.2901428571428499,1.2121428571428103,6,1800.0,0.28,5.54971428571415,11.133195860304781,asian,Wed,5,False
1766,XAUUSDm,long,2026-05-27 10:40:00+00:00,80631,4463.998,0.05,4456.998,4473.998,7.0,close_below_lower,0.6391017286646112,2026-05-27 10:45:00+00:00,80632,4456.998,sl,-35.0,0.0,0.0,-35.0,-1.0,-1.2849999999998545,5.9350000000004,-0.1835714285714078,0.8478571428572,1,300.0,0.28,4.50264285714294,11.473395809266687,london,Wed,10,False
1767,XAUUSDm,long,2026-05-27 10:50:00+00:00,80633,4448.855,0.05,4441.855,4458.855,7.0,close_below_lower,1.4174824585521717,2026-05-27 11:20:00+00:00,80639,4441.855,sl,-35.0,0.0,0.0,-35.0,-1.0,-6.332999999999629,4.2940000000007785,-0.9047142857142327,0.6134285714286827,6,1800.0,0.28,6.241642857142908,11.704574232949323,london,Wed,10,False
1768,XAUUSDm,long,2026-05-27 11:30:00+00:00,80641,4441.2339999999995,0.05,4434.234,4451.234,7.0,close_below_lower,0.1482668880317737,2026-05-27 11:50:00+00:00,80645,4434.234,sl,-34.99999999999545,0.0,0.0,-34.99999999999545,-0.9999999999998701,-9.083999999999833,3.467000000000553,-1.2977142857142618,0.49528571428579327,4,1200.0,0.28,8.19500000000023,12.381537155038714,london,Wed,11,False
1769,XAUUSDm,long,2026-05-27 12:00:00+00:00,80647,4428.884999999999,0.05,4421.885,4438.885,7.0,close_below_lower,0.16042650551493126,2026-05-27 12:15:00+00:00,80650,4438.885,tp,50.00000000000455,0.0,0.0,50.00000000000455,1.4285714285715585,-0.7069999999994252,8.558000000000902,-0.10099999999991789,1.2225714285715574,3,900.0,0.28,7.322642857143039,12.734526987902093,overlap,Wed,12,False
1770,XAUUSDm,short,2026-05-27 12:25:00+00:00,80652,4454.721,0.05,4461.721,4444.721,7.0,close_above_upper,0.11232859059075961,2026-05-27 12:35:00+00:00,80654,4445.000999999999,tp,48.60000000000127,0.0,0.0,48.60000000000127,1.388571428571465,-6.281000000000859,9.341999999999643,-0.8972857142858369,1.3345714285713777,2,600.0,0.28,9.696571428571392,12.94313992776027,overlap,Wed,12,False
1771,XAUUSDm,long,2026-05-27 13:10:00+00:00,80661,4414.75,0.05,4407.75,4424.75,7.0,close_below_lower,0.9530352007255039,2026-05-27 13:20:00+00:00,80663,4407.75,sl,-35.0,0.0,0.0,-35.0,-1.0,-5.171999999999571,6.417000000000371,-0.7388571428570815,0.9167142857143388,2,600.0,0.28,11.495714285714191,13.311686880725603,overlap,Wed,13,False
1772,XAUUSDm,long,2026-05-27 13:25:00+00:00,80664,4416.687,0.05,4409.687,4426.687,7.0,close_below_lower,0.19556941501538974,2026-05-27 13:30:00+00:00,80665,4404.981,sl,-58.530000000000655,0.0,0.0,-58.530000000000655,-1.672285714285733,-15.407999999999447,2.5399999999999636,-2.201142857142778,0.36285714285713766,1,300.0,0.28,12.406857142857072,13.655276728122907,overlap,Wed,13,False
1773,XAUUSDm,short,2026-05-27 14:10:00+00:00,80673,4444.114,0.05,4451.114,4434.114,7.0,close_above_upper,0.28819986036503475,2026-05-27 14:15:00+00:00,80674,4451.393999999999,sl,-36.39999999999873,0.0,0.0,-36.39999999999873,-1.0399999999999636,-11.469000000000051,1.1219999999993888,-1.6384285714285787,0.16028571428562696,1,300.0,0.28,12.518857142857152,14.053848415037987,overlap,Wed,14,False
1774,XAUUSDm,short,2026-05-27 14:20:00+00:00,80675,4450.982,0.05,4457.982,4440.982,7.0,close_above_upper,0.42756716095939207,2026-05-27 14:25:00+00:00,80676,4441.262,tp,48.60000000000127,0.0,0.0,48.60000000000127,1.388571428571465,-4.2830000000003565,8.166000000000167,-0.6118571428571938,1.1665714285714526,1,300.0,0.28,11.61928571428572,14.287034399972569,overlap,Wed,14,False
1775,XAUUSDm,long,2026-05-28 01:25:00+00:00,80796,4431.5869999999995,0.05,4424.587,4441.587,7.0,close_below_lower,0.010367995842705107,2026-05-28 01:30:00+00:00,80797,4419.219,sl,-61.83999999999742,0.0,0.0,-61.83999999999742,-1.766857142857069,-14.45299999999952,0.0,-2.064714285714217,0.0,1,300.0,0.28,6.759499999999987,13.882700815976023,asian,Thu,1,False
1776,XAUUSDm,long,2026-05-28 01:35:00+00:00,80798,4425.366,0.05,4418.366,4435.366,7.0,close_below_lower,0.08860421010067966,2026-05-28 01:40:00+00:00,80799,4418.366,sl,-35.0,0.0,0.0,-35.0,-1.0,-4.713999999999942,1.206000000000131,-0.6734285714285632,0.172285714285733,1,300.0,0.28,6.9812857142856695,14.083728386825872,asian,Thu,1,False
1777,XAUUSDm,long,2026-05-28 01:45:00+00:00,80800,4418.09,0.05,4411.09,4428.09,7.0,close_below_lower,0.26672315125276064,2026-05-28 01:50:00+00:00,80801,4411.09,sl,-35.0,0.0,0.0,-35.0,-1.0,-1.9210000000002765,2.231999999999971,-0.27442857142861093,0.3188571428571387,1,300.0,0.28,7.184357142857087,14.26222889412989,asian,Thu,1,False
1778,XAUUSDm,long,2026-05-28 01:55:00+00:00,80802,4409.514,0.05,4402.514,4419.514,7.0,close_below_lower,0.43343788876777956,2026-05-28 02:10:00+00:00,80805,4402.514,sl,-35.0,0.0,0.0,-35.0,-1.0,-6.895000000000437,3.2299999999995634,-0.9850000000000624,0.46142857142850907,3,900.0,0.28,7.874999999999935,14.4627456290328,asian,Thu,1,False
1779,XAUUSDm,long,2026-05-28 02:15:00+00:00,80806,4402.791,0.05,4395.791,4412.791,7.0,close_below_lower,0.10610610425028096,2026-05-28 02:45:00+00:00,80812,4395.791,sl,-35.0,0.0,0.0,-35.0,-1.0,-3.144000000000233,7.41399999999976,-0.44914285714289043,1.0591428571428227,6,1800.0,0.28,8.261214285714297,14.840877545202384,asian,Thu,2,False
1780,XAUUSDm,long,2026-05-28 03:40:00+00:00,80823,4374.526,0.05,4367.526,4384.526,7.0,close_below_lower,0.11151922039572756,2026-05-28 04:20:00+00:00,80831,4367.526,sl,-35.0,0.0,0.0,-35.0,-1.0,-6.248999999999796,7.469000000000051,-0.8927142857142566,1.0670000000000073,8,2400.0,0.28,6.752357142857298,15.546890514938458,asian,Thu,3,False
1781,XAUUSDm,short,2026-05-28 12:50:00+00:00,80933,4409.572,0.05,4416.572,4399.572,7.0,close_above_upper,0.152464459178826,2026-05-28 12:55:00+00:00,80934,4420.692,sl,-55.599999999999454,0.0,0.0,-55.599999999999454,-1.588571428571413,-12.07300000000032,0.6130000000002838,-1.7247142857143314,0.08757142857146911,1,300.0,0.28,6.166928571428798,15.146810889871038,overlap,Thu,12,False
1782,XAUUSDm,short,2026-05-28 13:00:00+00:00,80935,4432.019,0.05,4439.019,4422.019,7.0,close_above_upper,1.113519325084581,2026-05-28 13:05:00+00:00,80936,4439.299,sl,-36.39999999999873,0.0,0.0,-36.39999999999873,-1.0399999999999636,-4.4780000000000655,3.4210000000002765,-0.6397142857142951,0.48871428571432524,1,300.0,0.28,7.423142857143181,15.477298520023723,overlap,Thu,13,False
1783,XAUUSDm,short,2026-05-28 13:10:00+00:00,80937,4426.446,0.05,4433.446,4416.446,7.0,close_above_upper,0.27197334854837296,2026-05-28 13:20:00+00:00,80939,4433.726,sl,-36.39999999999873,0.0,0.0,-36.39999999999873,-1.0399999999999636,-5.686999999999898,1.5489999999999782,-0.8124285714285568,0.22128571428571117,2,600.0,0.28,8.287857142857515,15.747268452464503,overlap,Thu,13,False
1784,XAUUSDm,short,2026-05-28 14:15:00+00:00,80950,4464.16,0.05,4471.16,4454.16,7.0,close_above_upper,1.101293038861797,2026-05-28 14:20:00+00:00,80951,4454.44,tp,48.60000000000127,0.0,0.0,48.60000000000127,1.388571428571465,-9.457000000000335,12.71599999999944,-1.3510000000000477,1.8165714285713486,1,300.0,0.28,11.145357142857003,16.092379477843778,overlap,Thu,14,False
1785,XAUUSDm,short,2026-05-28 14:25:00+00:00,80952,4461.35,0.05,4468.35,4451.35,7.0,close_above_upper,0.45296402324862206,2026-05-28 14:40:00+00:00,80955,4468.63,sl,-36.39999999999873,0.0,0.0,-36.39999999999873,-1.0399999999999636,-6.471999999999753,8.728000000000065,-0.9245714285713932,1.2468571428571522,3,900.0,0.28,12.249499999999832,16.39808619807595,overlap,Thu,14,False
1786,XAUUSDm,short,2026-05-28 14:45:00+00:00,80956,4468.772,0.05,4475.772,4458.772,7.0,close_above_upper,0.19425892185253366,2026-05-28 14:50:00+00:00,80957,4476.052,sl,-36.39999999999873,0.0,0.0,-36.39999999999873,-1.0399999999999636,-11.747000000000298,2.5659999999998035,-1.6781428571428998,0.3665714285714005,1,300.0,0.28,12.764857142856922,16.72313866348845,overlap,Thu,14,False
1787,XAUUSDm,short,2026-05-28 16:25:00+00:00,80976,4501.861,0.05,4508.861,4491.861,7.0,close_above_upper,0.07963932296341854,2026-05-28 16:50:00+00:00,80981,4509.141,sl,-36.39999999999873,0.0,0.0,-36.39999999999873,-1.0399999999999636,-6.4760000000005675,4.2979999999997744,-0.9251428571429382,0.6139999999999678,5,1500.0,0.28,5.867357142857015,17.498350347746076,newyork,Thu,16,False
1788,XAUUSDm,short,2026-05-29 14:05:00+00:00,81224,4547.898,0.05,4554.898,4537.898,7.0,close_above_upper,0.13073893622268798,2026-05-29 14:15:00+00:00,81226,4538.178,tp,48.60000000000127,0.0,0.0,48.60000000000127,1.388571428571465,-4.8729999999995925,4.36200000000008,-0.6961428571427989,0.6231428571428685,2,600.0,0.28,7.362000000000145,14.852906623891496,overlap,Fri,14,False
1789,XAUUSDm,short,2026-05-29 14:55:00+00:00,81234,4556.994,0.05,4563.994,4546.994,7.0,close_above_upper,0.19877665817243434,2026-05-29 15:00:00+00:00,81235,4564.516,sl,-37.60999999999967,0.0,0.0,-37.60999999999967,-1.0745714285714192,-13.431000000000495,1.2229999999999563,-1.9187142857143564,0.17471428571427947,1,300.0,0.28,9.706000000000065,15.177350023355142,overlap,Fri,14,False
1790,XAUUSDm,short,2026-05-29 15:05:00+00:00,81236,4578.339,0.05,4585.339,4568.339,7.0,close_above_upper,1.1364241665292978,2026-05-29 15:10:00+00:00,81237,4588.097,sl,-48.789999999999054,0.0,0.0,-48.789999999999054,-1.393999999999973,-11.452000000000226,4.6729999999997744,-1.6360000000000323,0.6675714285713964,1,300.0,0.28,10.738000000000088,15.495342213109907,overlap,Fri,15,False
1791,XAUUSDm,short,2026-05-29 15:15:00+00:00,81238,4589.753,0.05,4596.753,4579.753,7.0,close_above_upper,1.1986163292278034,2026-05-29 15:25:00+00:00,81240,4580.032999999999,tp,48.60000000000127,0.0,0.0,48.60000000000127,1.388571428571465,-1.8190000000004147,8.136999999999716,-0.25985714285720213,1.162428571428531,2,600.0,0.28,11.134500000000116,15.923830228886903,overlap,Fri,15,False
1792,XAUUSDm,long,2026-05-31 22:05:00+00:00,81308,4520.772,0.05,4513.772,4530.772,7.0,close_below_lower,0.3689562989875452,2026-05-31 22:10:00+00:00,81309,4530.772,tp,50.0,0.0,0.0,50.0,1.4285714285714286,-0.9210000000002765,6.432999999999993,-0.13157142857146806,0.9189999999999989,1,300.0,0.28,4.437285714285865,15.56210571497143,rollover,Sun,22,False
1793,XAUUSDm,long,2026-06-01 13:15:00+00:00,81490,4484.3099999999995,0.05,4477.31,4494.31,7.0,close_below_lower,0.574725116530081,2026-06-01 13:20:00+00:00,81491,4477.31,sl,-34.99999999999545,0.0,0.0,-34.99999999999545,-0.9999999999998701,-5.345999999999549,5.342000000000553,-0.7637142857142213,0.7631428571429362,1,300.0,0.28,7.829071428571361,11.531105700762987,overlap,Mon,13,False
1794,XAUUSDm,long,2026-06-01 13:25:00+00:00,81492,4466.371999999999,0.05,4459.372,4476.372,7.0,close_below_lower,1.5678196244092675,2026-06-01 13:30:00+00:00,81493,4459.372,sl,-34.99999999999545,0.0,0.0,-34.99999999999545,-0.9999999999998701,-3.9249999999992724,2.8740000000007058,-0.5607142857141818,0.4105714285715294,1,300.0,0.28,9.246428571428558,11.808539150966,overlap,Mon,13,False
1795,XAUUSDm,long,2026-06-01 13:35:00+00:00,81494,4466.536999999999,0.05,4459.537,4476.537,7.0,close_below_lower,0.9445089819457319,2026-06-01 13:50:00+00:00,81497,4459.537,sl,-34.99999999999545,0.0,0.0,-34.99999999999545,-0.9999999999998701,-4.493999999999687,11.95600000000104,-0.6419999999999553,1.7080000000001487,3,900.0,0.28,9.751928571428575,12.085298449273893,overlap,Mon,13,False
1796,XAUUSDm,long,2026-06-01 13:55:00+00:00,81498,4454.831,0.05,4447.831,4464.831,7.0,close_below_lower,0.8640866837500152,2026-06-01 14:00:00+00:00,81499,4447.831,sl,-35.0,0.0,0.0,-35.0,-1.0,-6.411000000000058,0.738999999999578,-0.9158571428571511,0.10557142857136828,1,300.0,0.28,10.927000000000069,12.433451486321129,overlap,Mon,13,False
1797,XAUUSDm,long,2026-06-01 14:05:00+00:00,81500,4454.592,0.05,4447.592,4464.592,7.0,close_below_lower,0.322487980652848,2026-06-01 14:15:00+00:00,81502,4464.592,tp,50.0,0.0,0.0,50.0,1.4285714285714286,-5.253999999999905,7.630000000000109,-0.750571428571415,1.0900000000000156,2,600.0,0.28,11.314000000000046,12.666542016305439,overlap,Mon,14,False
1798,XAUUSDm,short,2026-06-01 15:35:00+00:00,81518,4476.844,0.05,4483.844,4466.844,7.0,close_above_upper,0.09905853725556626,2026-06-01 16:10:00+00:00,81525,4469.079,signal,38.82500000000164,0.0,0.0,38.82500000000164,1.109285714285761,-2.981999999999971,8.837000000000444,-0.4259999999999958,1.2624285714286347,7,2100.0,0.28,6.142642857142879,12.958473526310996,overlap,Mon,15,False
1799,XAUUSDm,short,2026-06-01 17:45:00+00:00,81544,4491.594,0.05,4498.594,4481.594,7.0,close_above_upper,0.014760685900575155,2026-06-01 18:35:00+00:00,81554,4486.367,signal,26.13499999999931,0.0,0.0,26.13499999999931,0.746714285714266,-3.8549999999995634,6.926000000000386,-0.5507142857142233,0.9894285714286265,10,3000.0,0.28,5.158428571428495,13.364483618788865,newyork,Mon,17,False
1800,XAUUSDm,long,2026-06-02 14:25:00+00:00,81780,4493.146,0.05,4486.146,4503.146,7.0,close_below_lower,0.015665963879584084,2026-06-02 14:35:00+00:00,81782,4503.146,tp,50.0,0.0,0.0,50.0,1.4285714285714286,-1.27599999999984,6.543999999999869,-0.18228571428569143,0.9348571428571242,2,600.0,0.28,6.2695000000000745,11.97376317678319,overlap,Tue,14,False
1801,XAUUSDm,long,2026-06-02 23:20:00+00:00,81875,4470.371999999999,0.05,4463.372,4480.372,7.0,close_below_lower,0.2798640169288596,2026-06-02 23:25:00+00:00,81876,4463.372,sl,-34.99999999999545,0.0,0.0,-34.99999999999545,-0.9999999999998701,-3.819999999999709,1.8900000000003274,-0.5457142857142442,0.27000000000004676,1,300.0,0.28,4.452142857142917,11.293006990476476,rollover,Tue,23,False
1802,XAUUSDm,long,2026-06-02 23:30:00+00:00,81877,4467.6939999999995,0.05,4460.694,4477.694,7.0,close_below_lower,0.1887755059663068,2026-06-03 00:00:00+00:00,81883,4477.694,tp,50.00000000000455,0.0,0.0,50.00000000000455,1.4285714285715585,-5.2979999999997744,7.280000000000655,-0.7568571428571106,1.0400000000000935,6,1800.0,0.28,5.144571428571518,11.369110679438446,rollover,Tue,23,False
1803,XAUUSDm,short,2026-06-03 00:40:00+00:00,81891,4491.534,0.05,4498.534,4481.534,7.0,close_above_upper,0.1338244709278785,2026-06-03 01:00:00+00:00,81895,4481.813999999999,tp,48.60000000000127,0.0,0.0,48.60000000000127,1.388571428571465,-5.244000000000597,5.748999999999796,-0.7491428571429424,0.8212857142856852,4,1200.0,0.28,5.239928571428534,11.672672413890176,asian,Wed,0,False
1804,XAUUSDm,long,2026-06-03 01:25:00+00:00,81900,4466.585999999999,0.05,4459.586,4476.586,7.0,close_below_lower,0.0476088557905064,2026-06-03 01:50:00+00:00,81905,4475.496,signal,44.55000000000382,0.0,0.0,44.55000000000382,1.272857142857252,-3.3489999999992506,9.12500000000091,-0.47842857142846434,1.3035714285715585,5,1500.0,0.28,6.250785714285679,12.01543013553729,asian,Wed,1,False
1805,XAUUSDm,short,2026-06-03 10:10:00+00:00,82005,4461.515,0.05,4468.515,4451.515,7.0,close_above_upper,0.23514003438405898,2026-06-03 10:45:00+00:00,82012,4454.304,signal,36.0550000000012,0.0,0.0,36.0550000000012,1.0301428571428914,-3.020999999999731,8.533000000000357,-0.43157142857139014,1.219000000000051,7,2100.0,0.28,7.151499999999747,11.08105185059337,london,Wed,10,False
1806,XAUUSDm,long,2026-06-03 13:45:00+00:00,82048,4427.871999999999,0.05,4420.872,4437.872,7.0,close_below_lower,1.2620039876845384,2026-06-03 13:50:00+00:00,82049,4437.872,tp,50.00000000000455,0.0,0.0,50.00000000000455,1.4285714285715585,-1.727999999999156,10.247000000000298,-0.2468571428570223,1.4638571428571854,1,300.0,0.28,7.8712857142857375,11.107631574844671,overlap,Wed,13,False
1807,XAUUSDm,short,2026-06-03 23:00:00+00:00,82147,4448.735,0.05,4455.735,4438.735,7.0,close_above_upper,0.03262316949754984,2026-06-03 23:45:00+00:00,82156,4456.014999999999,sl,-36.39999999999873,0.0,0.0,-36.39999999999873,-1.0399999999999636,-5.240000000000691,3.345999999999549,-0.7485714285715274,0.47799999999993553,9,2700.0,0.28,5.743785714285683,11.765089642760143,rollover,Wed,23,False
1808,XAUUSDm,short,2026-06-04 01:25:00+00:00,82176,4469.529,0.05,4476.529,4459.529,7.0,close_above_upper,0.1768441566069128,2026-06-04 01:40:00+00:00,82179,4459.809,tp,48.60000000000127,0.0,0.0,48.60000000000127,1.388571428571465,-2.243999999999687,4.723000000000866,-0.3205714285713839,0.6747142857144094,3,900.0,0.28,6.497571428571454,11.518884258682826,asian,Thu,1,False
1809,XAUUSDm,short,2026-06-04 11:30:00+00:00,82297,4489.437,0.05,4496.437,4479.437,7.0,close_above_upper,0.27746664649703445,2026-06-04 11:45:00+00:00,82300,4496.717,sl,-36.39999999999873,0.0,0.0,-36.39999999999873,-1.0399999999999636,-3.2719999999999345,7.421999999999571,-0.4674285714285621,1.060285714285653,3,900.0,0.28,5.081499999999908,11.560596723460838,london,Thu,11,False
1810,XAUUSDm,short,2026-06-04 11:50:00+00:00,82301,4500.942,0.05,4507.942,4490.942,7.0,close_above_upper,0.6318505149288374,2026-06-04 11:55:00+00:00,82302,4508.222,sl,-36.39999999999873,0.0,0.0,-36.39999999999873,-1.0399999999999636,-3.8419999999996435,0.3419999999996435,-0.548857142857092,0.048857142857091924,1,300.0,0.28,6.380214285714179,11.827752755252074,london,Thu,11,False
1811,XAUUSDm,short,2026-06-04 12:00:00+00:00,82303,4511.239,0.05,4518.239,4501.239,7.0,close_above_upper,0.9749297188018372,2026-06-04 12:05:00+00:00,82304,4497.782,tp,67.28499999999713,0.0,0.0,67.28499999999713,1.9224285714284892,-2.4020000000000437,14.061999999999898,-0.34314285714286336,2.0088571428571282,1,300.0,0.28,6.9954285714284845,12.012166757662374,overlap,Thu,12,False
1812,XAUUSDm,long,2026-06-04 14:10:00+00:00,82329,4490.472,0.05,4483.472,4500.472,7.0,close_below_lower,0.024306652557746708,2026-06-04 14:30:00+00:00,82333,4483.472,sl,-35.0,0.0,0.0,-35.0,-1.0,-6.6340000000000146,3.324999999999818,-0.9477142857142878,0.474999999999974,4,1200.0,0.28,7.559214285714201,12.217889888775494,overlap,Thu,14,False
1813,XAUUSDm,long,2026-06-04 14:45:00+00:00,82336,4475.2919999999995,0.05,4468.292,4485.292,7.0,close_below_lower,0.21557127701893156,2026-06-04 14:50:00+00:00,82337,4466.452,sl,-44.19999999999618,0.0,0.0,-44.19999999999618,-1.2628571428570337,-10.329999999999018,0.2920000000003711,-1.4757142857141454,0.041714285714338724,1,300.0,0.28,7.90749999999993,12.650673896310957,overlap,Thu,14,False
1814,XAUUSDm,long,2026-06-04 14:55:00+00:00,82338,4463.9529999999995,0.05,4456.953,4473.953,7.0,close_below_lower,0.6072248467138617,2026-06-04 15:10:00+00:00,82341,4473.953,tp,50.00000000000455,0.0,0.0,50.00000000000455,1.4285714285715585,-3.813999999999396,8.61200000000008,-0.5448571428570566,1.2302857142857258,3,900.0,0.28,8.353857142857057,12.88657352001249,overlap,Thu,14,False
1815,XAUUSDm,short,2026-06-05 07:30:00+00:00,82525,4466.961,0.05,4473.961,4456.961,7.0,close_above_upper,0.03452042739082622,2026-06-05 08:10:00+00:00,82533,4460.999,signal,29.81000000000222,0.0,0.0,29.81000000000222,0.8517142857143492,-0.2359999999998763,8.186000000000604,-0.033714285714268044,1.1694285714286576,8,2400.0,0.28,5.864571428571318,12.24296766602084,london,Fri,7,False
1816,XAUUSDm,long,2026-06-05 12:35:00+00:00,82586,4453.315,0.05,4446.315,4463.315,7.0,close_below_lower,0.13910905704261992,2026-06-05 12:40:00+00:00,82587,4443.903,sl,-47.05999999999676,0.0,0.0,-47.05999999999676,-1.3445714285713362,-13.813999999999396,0.7160000000003492,-1.9734285714284852,0.10228571428576418,1,300.0,0.28,6.09842857142855,11.410122140926472,overlap,Fri,12,False
1817,XAUUSDm,long,2026-06-05 12:45:00+00:00,82588,4446.447,0.05,4439.447,4456.447,7.0,close_below_lower,0.36549401357542394,2026-06-05 12:50:00+00:00,82589,4439.447,sl,-35.0,0.0,0.0,-35.0,-1.0,-6.447000000000116,2.4769999999998618,-0.9210000000000166,0.3538571428571231,1,300.0,0.28,6.97078571428561,11.581453623795937,overlap,Fri,12,False
1818,XAUUSDm,long,2026-06-05 12:55:00+00:00,82590,4417.406,0.05,4410.406,4427.406,7.0,close_below_lower,2.1977670828829754,2026-06-05 13:00:00+00:00,82591,4406.384,sl,-55.10999999999967,0.0,0.0,-55.10999999999967,-1.5745714285714192,-12.768000000000029,2.6289999999999054,-1.824000000000004,0.37557142857141507,1,300.0,0.28,8.89907142857133,11.877561885732089,overlap,Fri,12,False
1819,XAUUSDm,long,2026-06-05 13:05:00+00:00,82592,4411.999,0.05,4404.999,4421.999,7.0,close_below_lower,1.6946770909139246,2026-06-05 13:25:00+00:00,82596,4404.999,sl,-35.0,0.0,0.0,-35.0,-1.0,-3.8299999999999272,9.189000000000306,-0.5471428571428467,1.3127142857143295,4,1200.0,0.28,10.477071428571369,12.32232439823894,overlap,Fri,13,False
1820,XAUUSDm,long,2026-06-05 13:30:00+00:00,82597,4404.864,0.05,4397.864,4414.864,7.0,close_below_lower,0.7114391941565112,2026-06-05 13:35:00+00:00,82598,4397.864,sl,-35.0,0.0,0.0,-35.0,-1.0,-6.791999999999462,4.710000000000036,-0.9702857142856374,0.672857142857148,1,300.0,0.28,12.016999999999955,12.900387330620863,overlap,Fri,13,False
1821,XAUUSDm,long,2026-06-05 13:40:00+00:00,82599,4392.2,0.05,4385.2,4402.2,7.0,close_below_lower,1.0664006471212892,2026-06-05 13:45:00+00:00,82600,4385.2,sl,-35.0,0.0,0.0,-35.0,-1.0,-3.905999999999949,5.911000000000058,-0.5579999999999927,0.8444285714285797,1,300.0,0.28,13.088428571428462,13.152009679701186,overlap,Fri,13,False
1822,XAUUSDm,long,2026-06-05 13:50:00+00:00,82601,4383.808,0.05,4376.808,4393.808,7.0,close_below_lower,1.0109854319380753,2026-06-05 13:55:00+00:00,82602,4376.808,sl,-35.0,0.0,0.0,-35.0,-1.0,-2.036000000000058,4.391999999999825,-0.2908571428571512,0.6274285714285465,1,300.0,0.28,11.962071428571367,13.45132718874124,overlap,Fri,13,False
1823,XAUUSDm,long,2026-06-05 14:00:00+00:00,82603,4366.116,0.05,4359.116,4376.116,7.0,close_below_lower,1.6202896779107596,2026-06-05 14:05:00+00:00,82604,4376.116,tp,50.0,0.0,0.0,50.0,1.4285714285714286,-2.3280000000004293,13.003999999999905,-0.3325714285714899,1.857714285714272,1,300.0,0.28,12.870714285714257,13.775712794184317,overlap,Fri,14,False
1824,XAUUSDm,long,2026-06-05 14:10:00+00:00,82605,4374.746,0.05,4367.746,4384.746,7.0,close_below_lower,0.38964540558647925,2026-06-05 14:15:00+00:00,82606,4366.345,sl,-42.0049999999992,0.0,0.0,-42.0049999999992,-1.2001428571428343,-10.636999999999716,2.423999999999978,-1.519571428571388,0.34628571428571114,1,300.0,0.28,12.139071428571437,14.03832827340962,overlap,Fri,14,False
1825,XAUUSDm,long,2026-06-05 14:20:00+00:00,82607,4369.463,0.05,4362.463,4379.463,7.0,close_below_lower,0.2332312256006045,2026-06-05 14:25:00+00:00,82608,4357.693,sl,-58.849999999997635,0.0,0.0,-58.849999999997635,-1.6814285714285038,-14.021999999999935,0.8209999999999127,-2.003142857142848,0.11728571428570181,1,300.0,0.28,11.331285714285709,14.280917687222676,overlap,Fri,14,False
1826,XAUUSDm,long,2026-06-05 14:30:00+00:00,82609,4361.227,0.05,4354.227,4371.227,7.0,close_below_lower,0.2539545416245957,2026-06-05 14:35:00+00:00,82610,4352.951,sl,-41.3799999999992,0.0,0.0,-41.3799999999992,-1.1822857142856915,-11.635000000000218,2.9290000000000873,-1.6621428571428882,0.4184285714285839,1,300.0,0.28,12.170428571428536,14.529160542329942,overlap,Fri,14,False
1827,XAUUSDm,long,2026-06-05 14:40:00+00:00,82611,4349.014999999999,0.05,4342.015,4359.015,7.0,close_below_lower,0.5822492701921856,2026-06-05 14:45:00+00:00,82612,4359.015,tp,50.00000000000455,0.0,0.0,50.00000000000455,1.4285714285715585,-4.8159999999998035,1.6200000000008004,-0.687999999999972,0.23142857142868575,1,300.0,0.28,12.08499999999997,14.784773291735398,overlap,Fri,14,False
1828,XAUUSDm,long,2026-06-05 15:40:00+00:00,82623,4340.296,0.05,4333.296,4350.296,7.0,close_below_lower,0.02120488906813597,2026-06-05 16:00:00+00:00,82627,4333.296,sl,-35.0,0.0,0.0,-35.0,-1.0,-6.444000000000415,1.7159999999994398,-0.9205714285714878,0.24514285714277712,4,1200.0,0.26,9.600714285714275,15.077139705459011,overlap,Fri,15,False
1829,XAUUSDm,long,2026-06-08 01:20:00+00:00,82727,4318.014999999999,0.05,4311.015,4328.015,7.0,close_below_lower,0.38414364979210236,2026-06-08 01:30:00+00:00,82729,4311.015,sl,-34.99999999999545,0.0,0.0,-34.99999999999545,-0.9999999999998701,-6.862999999999374,6.894000000000233,-0.980428571428482,0.9848571428571761,2,600.0,0.28,7.091999999999904,15.681860976746485,asian,Mon,1,False
1830,XAUUSDm,long,2026-06-08 01:35:00+00:00,82730,4315.505999999999,0.05,4308.506,4325.506,7.0,close_below_lower,0.06478924596209427,2026-06-08 01:40:00+00:00,82731,4325.506,tp,50.00000000000455,0.0,0.0,50.00000000000455,1.4285714285715585,-3.826999999999316,2.318000000000211,-0.546714285714188,0.33114285714288727,1,300.0,0.28,9.057714285714155,15.922134458193536,asian,Mon,1,False
1831,XAUUSDm,long,2026-06-08 05:35:00+00:00,82778,4287.5599999999995,0.05,4280.56,4297.56,7.0,close_below_lower,0.3225492622702755,2026-06-08 06:00:00+00:00,82783,4297.56,tp,50.00000000000455,0.0,0.0,50.00000000000455,1.4285714285715585,-19.307999999999083,8.193000000000211,-2.7582857142855834,1.1704285714286016,5,1500.0,0.28,6.771000000000056,16.502735114256506,asian,Mon,5,False
1832,XAUUSDm,short,2026-06-08 11:15:00+00:00,82846,4318.753,0.05,4325.753,4308.753,7.0,close_above_upper,0.12033710761329096,2026-06-08 11:20:00+00:00,82847,4327.197,sl,-42.220000000002074,0.0,0.0,-42.220000000002074,-1.2062857142857735,-9.26299999999992,6.0479999999997744,-1.3232857142857029,0.8639999999999678,1,300.0,0.28,6.739500000000005,15.989832479427676,london,Mon,11,False
1833,XAUUSDm,short,2026-06-08 11:25:00+00:00,82848,4325.173,0.05,4332.173,4315.173,7.0,close_above_upper,0.14105763860969037,2026-06-08 11:30:00+00:00,82849,4332.4529999999995,sl,-36.39999999999873,0.0,0.0,-36.39999999999873,-1.0399999999999636,-4.4350000000004,3.2109999999993306,-0.6335714285714857,0.4587142857141901,1,300.0,0.28,7.47457142857138,16.2177262011834,london,Mon,11,False
1834,XAUUSDm,short,2026-06-08 11:35:00+00:00,82850,4330.059,0.05,4337.059,4320.059,7.0,close_above_upper,0.13626417188584353,2026-06-08 12:15:00+00:00,82858,4322.996,signal,35.31500000000051,0.0,0.0,35.31500000000051,1.0090000000000146,-4.77599999999984,8.733000000000175,-0.6822857142856914,1.2475714285714534,8,2400.0,0.26,7.9755714285713895,16.392002260921267,london,Mon,11,False
1835,XAUUSDm,short,2026-06-09 13:50:00+00:00,83153,4352.326,0.05,4359.326,4342.326,7.0,close_above_upper,0.15621665659223827,2026-06-09 13:55:00+00:00,83154,4334.525,signal,89.00500000000193,0.0,0.0,89.00500000000193,2.543000000000055,-0.47999999999956344,18.78399999999965,-0.06857142857136621,2.6834285714285215,1,300.0,0.28,7.493142857143084,13.281163545432616,overlap,Tue,13,False
1836,XAUUSDm,long,2026-06-09 14:20:00+00:00,83159,4311.721,0.05,4304.721,4321.721,7.0,close_below_lower,0.4662771183516427,2026-06-09 14:25:00+00:00,83160,4321.721,tp,50.0,0.0,0.0,50.0,1.4285714285714286,-2.639999999999418,8.570000000000618,-0.377142857142774,1.2242857142858026,1,300.0,0.28,10.30507142857141,13.236905531698758,overlap,Tue,14,False
1837,XAUUSDm,long,2026-06-09 14:40:00+00:00,83163,4305.704000000001,0.05,4298.704,4315.704,7.0,close_below_lower,0.36472184804263896,2026-06-09 14:45:00+00:00,83164,4285.013,sl,-103.45500000000357,0.0,0.0,-103.45500000000357,-2.9558571428572447,-20.736000000000786,1.9809999999997672,-2.9622857142858265,0.2829999999999667,1,300.0,0.26,11.856142857142848,13.365606155602816,overlap,Tue,14,False
1838,XAUUSDm,long,2026-06-09 14:50:00+00:00,83165,4284.283,0.05,4277.283,4294.283,7.0,close_below_lower,1.2687011478975967,2026-06-09 14:55:00+00:00,83166,4297.989,tp,68.52999999999611,0.0,0.0,68.52999999999611,1.9579999999998887,-2.798000000000684,13.929999999999382,-0.39971428571438344,1.9899999999999116,1,300.0,0.26,13.613428571428553,13.703371452529094,overlap,Tue,14,False
1839,XAUUSDm,long,2026-06-09 15:05:00+00:00,83168,4293.612,0.05,4286.612,4303.612,7.0,close_below_lower,0.03133501684125934,2026-06-09 15:20:00+00:00,83171,4286.612,sl,-35.0,0.0,0.0,-35.0,-1.0,-4.149999999999636,5.51299999999992,-0.5928571428570909,0.7875714285714172,3,900.0,0.26,11.819000000000026,13.848719249835076,overlap,Tue,15,False
1840,XAUUSDm,long,2026-06-09 15:30:00+00:00,83173,4279.138,0.05,4272.138,4289.138,7.0,close_below_lower,0.2656488836411199,2026-06-09 15:35:00+00:00,83174,4272.138,sl,-35.0,0.0,0.0,-35.0,-1.0,-15.856999999999971,2.9149999999999636,-2.26528571428571,0.4164285714285662,1,300.0,0.26,11.21649999999993,14.16807545694624,overlap,Tue,15,False
1841,XAUUSDm,long,2026-06-09 15:40:00+00:00,83175,4270.166,0.05,4263.166,4280.166,7.0,close_below_lower,0.4459622424962948,2026-06-09 15:45:00+00:00,83176,4280.166,tp,50.0,0.0,0.0,50.0,1.4285714285714286,-0.8969999999999345,9.739999999999782,-0.1281428571428478,1.3914285714285402,1,300.0,0.26,12.032642857142816,14.383878212819099,overlap,Tue,15,False
1842,XAUUSDm,long,2026-06-09 16:10:00+00:00,83181,4263.738,0.05,4256.738,4273.738,7.0,close_below_lower,0.12487149511943811,2026-06-09 16:15:00+00:00,83182,4256.738,sl,-35.0,0.0,0.0,-35.0,-1.0,-5.394000000000233,3.3170000000000073,-0.7705714285714619,0.4738571428571439,1,300.0,0.26,10.609071428571301,14.598608642105727,newyork,Tue,16,False
1843,XAUUSDm,long,2026-06-09 16:20:00+00:00,83183,4254.499,0.05,4247.499,4264.499,7.0,close_below_lower,0.3517806246279737,2026-06-09 16:25:00+00:00,83184,4264.499,tp,50.0,0.0,0.0,50.0,1.4285714285714286,-1.293999999999869,9.179000000000087,-0.18485714285712415,1.3112857142857268,1,300.0,0.26,10.710571428571386,14.779661291569834,newyork,Tue,16,False
1844,XAUUSDm,long,2026-06-09 16:40:00+00:00,83187,4241.646,0.05,4234.646,4251.646,7.0,close_below_lower,0.6766249487349559,2026-06-09 16:45:00+00:00,83188,4251.646,tp,50.0,0.0,0.0,50.0,1.4285714285714286,-5.2479999999995925,6.628000000000611,-0.7497142857142275,0.9468571428572302,1,300.0,0.28,11.746071428571472,14.937108869677619,newyork,Tue,16,False
1845,XAUUSDm,long,2026-06-09 16:55:00+00:00,83190,4240.492,0.05,4233.492,4250.492,7.0,close_below_lower,0.20936488877461493,2026-06-09 17:00:00+00:00,83191,4251.868,tp,56.88000000000102,0.0,0.0,56.88000000000102,1.6251428571428863,-0.7520000000004075,11.853000000000065,-0.10742857142862963,1.6932857142857236,1,300.0,0.26,11.282357142857174,15.159686453477068,newyork,Tue,16,False
1846,XAUUSDm,long,2026-06-09 22:50:00+00:00,83249,4239.554,0.05,4232.554,4249.554,7.0,close_below_lower,0.0025753442940933085,2026-06-09 23:15:00+00:00,83254,4232.554,sl,-35.0,0.0,0.0,-35.0,-1.0,-7.216000000000349,7.613000000000284,-1.0308571428571927,1.087571428571469,5,1500.0,0.28,4.579214285714443,14.361395468099872,rollover,Tue,22,False
1847,XAUUSDm,long,2026-06-09 23:25:00+00:00,83256,4227.612,0.05,4220.612,4237.612,7.0,close_below_lower,0.01499922351543442,2026-06-09 23:40:00+00:00,83259,4220.612,sl,-35.0,0.0,0.0,-35.0,-1.0,-6.266999999999825,1.9639999999999418,-0.8952857142856894,0.28057142857142026,3,900.0,0.26,6.563071428571675,14.671430327963556,rollover,Tue,23,False
1848,XAUUSDm,long,2026-06-09 23:45:00+00:00,83260,4218.502,0.05,4211.502,4228.502,7.0,close_below_lower,0.023220881628980786,2026-06-09 23:50:00+00:00,83261,4211.502,sl,-35.0,0.0,0.0,-35.0,-1.0,-7.313000000000102,0.0,-1.0447142857143004,0.0,1,300.0,0.26,7.426500000000227,14.916237598309639,rollover,Tue,23,False
1849,XAUUSDm,long,2026-06-10 00:35:00+00:00,83270,4206.686000000001,0.05,4199.686,4216.686,7.0,close_below_lower,0.03740635369872962,2026-06-10 00:40:00+00:00,83271,4199.686,sl,-35.00000000000455,0.0,0.0,-35.00000000000455,-1.00000000000013,-5.196000000000822,2.895999999999731,-0.7422857142858318,0.41371428571424723,1,300.0,0.26,7.8167142857142995,15.033330267998348,asian,Wed,0,False
1850,XAUUSDm,long,2026-06-10 01:05:00+00:00,83276,4194.608,0.05,4187.608,4204.608,7.0,close_below_lower,0.19579511504556688,2026-06-10 01:10:00+00:00,83277,4204.608,tp,50.0,0.0,0.0,50.0,1.4285714285714286,-7.4340000000001965,5.0090000000000146,-1.062000000000028,0.7155714285714306,1,300.0,0.26,9.652142857142865,15.34628263897962,asian,Wed,1,False
1851,XAUUSDm,long,2026-06-10 01:45:00+00:00,83284,4187.711,0.05,4180.711,4197.711,7.0,close_below_lower,0.0563212372269535,2026-06-10 02:05:00+00:00,83288,4180.711,sl,-35.0,0.0,0.0,-35.0,-1.0,-4.190000000000509,7.925999999999476,-0.5985714285715014,1.1322857142856395,4,1200.0,0.26,12.049857142857165,15.153885862995109,asian,Wed,1,False
1852,XAUUSDm,short,2026-06-10 05:50:00+00:00,83333,4202.751,0.05,4209.751,4192.751,7.0,close_above_upper,0.14912882124751548,2026-06-10 06:00:00+00:00,83335,4210.011,sl,-36.30000000000109,0.0,0.0,-36.30000000000109,-1.0371428571428882,-6.390999999999622,2.3950000000004366,-0.912999999999946,0.34214285714291953,2,600.0,0.26,5.512214285714175,15.460709560236253,asian,Wed,5,False
1853,XAUUSDm,short,2026-06-10 06:05:00+00:00,83336,4210.884,0.05,4217.884,4200.884,7.0,close_above_upper,0.18097598743237106,2026-06-10 06:50:00+00:00,83345,4203.648,signal,36.17999999999938,0.0,0.0,36.17999999999938,1.033714285714268,-11.03899999999976,7.7280000000000655,-1.5769999999999658,1.1040000000000094,9,2700.0,0.26,6.373214285714182,15.733438091959975,asian,Wed,6,False
1854,XAUUSDm,long,2026-06-10 08:05:00+00:00,83360,4164.781,0.05,4157.781,4174.781,7.0,close_below_lower,0.7252449694080376,2026-06-10 08:15:00+00:00,83362,4174.781,tp,50.0,0.0,0.0,50.0,1.4285714285714286,-3.4390000000003056,7.545000000000073,-0.49128571428575796,1.0778571428571533,2,600.0,0.26,7.379142857142922,15.656388295230183,london,Wed,8,False
1855,XAUUSDm,long,2026-06-10 12:15:00+00:00,83410,4136.542,0.05,4129.542,4146.542,7.0,close_below_lower,0.14777841889075954,2026-06-10 12:25:00+00:00,83412,4129.542,sl,-35.0,0.0,0.0,-35.0,-1.0,-2.868000000000393,6.195999999999913,-0.4097142857143418,0.8851428571428447,2,600.0,0.26,8.095071428571373,15.929514952315664,overlap,Wed,12,False
1856,XAUUSDm,short,2026-06-10 13:45:00+00:00,83428,4179.404,0.05,4186.404,4169.404,7.0,close_above_upper,0.5657878609575575,2026-06-10 14:15:00+00:00,83434,4169.664000000001,tp,48.69999999999891,0.0,0.0,48.69999999999891,1.3914285714285402,-6.967999999999847,9.40900000000056,-0.9954285714285496,1.3441428571429372,6,1800.0,0.26,13.24828571428569,16.591480352538056,overlap,Wed,13,False
1857,XAUUSDm,long,2026-06-10 14:50:00+00:00,83441,4141.126,0.05,4134.126,4151.126,7.0,close_below_lower,0.2763490418712506,2026-06-10 14:55:00+00:00,83442,4134.126,sl,-35.0,0.0,0.0,-35.0,-1.0,-3.8649999999997817,1.793999999999869,-0.552142857142826,0.2562857142856956,1,300.0,0.26,10.4728571428572,17.264852786094227,overlap,Wed,14,False
1858,XAUUSDm,long,2026-06-10 15:00:00+00:00,83443,4124.993,0.05,4117.993,4134.993,7.0,close_below_lower,0.7988720644073906,2026-06-10 15:15:00+00:00,83446,4117.993,sl,-35.0,0.0,0.0,-35.0,-1.0,-5.984000000000378,11.625999999999294,-0.8548571428571969,1.660857142857042,3,900.0,0.26,10.401071428571479,17.50243769401744,overlap,Wed,15,False
1859,XAUUSDm,long,2026-06-10 15:20:00+00:00,83447,4115.956,0.05,4108.956,4125.956,7.0,close_below_lower,0.46103581976770347,2026-06-10 15:25:00+00:00,83448,4130.148,tp,70.96000000000004,0.0,0.0,70.96000000000004,2.0274285714285725,-0.7920000000003711,18.230999999999767,-0.11314285714291016,2.6044285714285382,1,300.0,0.26,10.714499999999978,17.92018338224562,overlap,Wed,15,False
1860,XAUUSDm,long,2026-06-10 22:10:00+00:00,83517,4051.315,0.05,4044.315,4061.315,7.0,close_below_lower,0.027492754547752605,2026-06-10 22:15:00+00:00,83518,4044.315,sl,-35.0,0.0,0.0,-35.0,-1.0,-1.0970000000002074,5.904999999999745,-0.15671428571431534,0.8435714285713922,1,300.0,0.26,5.935142857142831,19.55475635426555,rollover,Wed,22,False
1861,XAUUSDm,long,2026-06-10 22:25:00+00:00,83520,4038.8100000000004,0.05,4031.81,4048.81,7.0,close_below_lower,0.24776323606237044,2026-06-10 22:30:00+00:00,83521,4048.81,tp,49.999999999997726,0.0,0.0,49.999999999997726,1.4285714285713635,-2.5510000000003856,6.182999999999538,-0.3644285714286265,0.8832857142856483,1,300.0,0.26,6.7354285714285265,19.85043257972442,rollover,Wed,22,False
1862,XAUUSDm,long,2026-06-10 23:15:00+00:00,83530,4029.9610000000002,0.05,4022.961,4039.961,7.0,close_below_lower,0.05560257030991295,2026-06-10 23:20:00+00:00,83531,4039.961,tp,49.999999999997726,0.0,0.0,49.999999999997726,1.4285714285713635,-5.053000000000338,11.896999999999935,-0.7218571428571912,1.6995714285714192,1,300.0,0.26,11.306714285714277,20.270271278590137,rollover,Wed,23,False
1863,XAUUSDm,short,2026-06-11 01:20:00+00:00,83555,4093.592,0.05,4100.592,4083.592,7.0,close_above_upper,0.028373134019838306,2026-06-11 01:25:00+00:00,83556,4102.653,sl,-45.305000000000746,0.0,0.0,-45.305000000000746,-1.2944285714285086,-9.376999999999953,1.2829999999999018,-1.3395714285714218,0.18328571428570026,1,300.0,0.26,13.222785714285594,21.18428315758006,asian,Thu,1,False
1864,XAUUSDm,short,2026-06-11 01:30:00+00:00,83557,4104.575,0.05,4111.575,4094.575,7.0,close_above_upper,0.1900157828003039,2026-06-11 01:35:00+00:00,83558,4111.835,sl,-36.30000000000109,0.0,0.0,-36.30000000000109,-1.0371428571428882,-7.904999999999745,0.7759999999998399,-1.1292857142856778,0.11085714285711999,1,300.0,0.26,11.420071428571257,21.364149645347055,asian,Thu,1,False
1865,XAUUSDm,short,2026-06-11 01:40:00+00:00,83559,4114.59,0.05,4121.59,4104.59,7.0,close_above_upper,0.26477189161931786,2026-06-11 01:50:00+00:00,83561,4104.85,tp,48.69999999999891,0.0,0.0,48.69999999999891,1.3914285714285402,-3.6970000000001164,8.261000000000422,-0.5281428571428738,1.1801428571429173,2,600.0,0.26,10.784499999999818,21.622516471889124,asian,Thu,1,False
1866,XAUUSDm,long,2026-06-11 02:40:00+00:00,83571,4067.342,0.05,4060.342,4077.342,7.0,close_below_lower,0.0920459179316568,2026-06-11 02:45:00+00:00,83572,4059.576,sl,-38.83000000000038,0.0,0.0,-38.83000000000038,-1.1094285714285823,-12.162000000000262,0.6639999999997599,-1.7374285714286088,0.09485714285710856,1,300.0,0.26,8.527357142857195,22.200894847390945,asian,Thu,2,False
1867,XAUUSDm,long,2026-06-11 02:50:00+00:00,83573,4055.396,0.05,4048.396,4065.396,7.0,close_below_lower,0.282773638197909,2026-06-11 02:55:00+00:00,83574,4065.396,tp,50.0,0.0,0.0,50.0,1.4285714285714286,-0.2600000000002183,8.556999999999789,-0.03714285714288833,1.2224285714285412,1,300.0,0.26,9.00671428571442,22.475517800466637,asian,Thu,2,False
1868,XAUUSDm,short,2026-06-11 17:35:00+00:00,83750,4148.577,0.05,4155.577,4138.577,7.0,close_above_upper,1.654613307947192,2026-06-11 17:40:00+00:00,83751,4155.837,sl,-36.30000000000109,0.0,0.0,-36.30000000000109,-1.0371428571428882,-6.145999999999731,10.373000000000502,-0.8779999999999616,1.4818571428572145,1,300.0,0.26,10.100285714285617,22.485648111124966,newyork,Thu,17,False
1869,XAUUSDm,short,2026-06-11 17:45:00+00:00,83752,4166.408,0.05,4173.408,4156.408,7.0,close_above_upper,1.7438960865141844,2026-06-11 17:50:00+00:00,83753,4154.506,tp,59.51000000000022,0.0,0.0,59.51000000000022,1.7002857142857206,-0.21000000000003638,13.030000000000655,-0.030000000000005196,1.861428571428665,1,300.0,0.26,11.539357142857073,23.100765106098127,newyork,Thu,17,False
1870,XAUUSDm,short,2026-06-11 17:55:00+00:00,83754,4153.727,0.05,4160.727,4143.727,7.0,close_above_upper,0.6261417112447436,2026-06-11 18:00:00+00:00,83755,4143.987,tp,48.69999999999891,0.0,0.0,48.69999999999891,1.3914285714285402,-3.52599999999984,7.141999999999825,-0.5037142857142628,1.0202857142856894,1,300.0,0.26,12.865928571428574,23.499943334518125,newyork,Thu,17,False
1871,XAUUSDm,short,2026-06-11 18:20:00+00:00,83759,4161.291,0.05,4168.291,4151.291,7.0,close_above_upper,0.09259545076028489,2026-06-11 18:25:00+00:00,83760,4151.551,tp,48.69999999999891,0.0,0.0,48.69999999999891,1.3914285714285402,-1.0630000000001019,10.311000000000604,-0.1518571428571574,1.4730000000000862,1,300.0,0.26,16.117285714285767,23.658559602111787,newyork,Thu,18,False
1872,XAUUSDm,short,2026-06-11 19:15:00+00:00,83770,4188.122,0.05,4195.122,4178.122,7.0,close_above_upper,0.029583468804331697,2026-06-11 19:20:00+00:00,83771,4195.742,sl,-38.099999999999454,0.0,0.0,-38.099999999999454,-1.088571428571413,-8.786000000000058,2.1190000000005966,-1.2551428571428656,0.3027142857143709,1,300.0,0.26,9.797285714285733,24.11858326783796,newyork,Thu,19,False
1873,XAUUSDm,short,2026-06-11 19:35:00+00:00,83774,4214.78,0.05,4221.78,4204.78,7.0,close_above_upper,0.48322654081309796,2026-06-11 20:45:00+00:00,83788,4210.150000000001,signal,23.149999999995998,0.0,0.0,23.149999999995998,0.6614285714284571,-5.188000000000102,7.438999999999396,-0.7411428571428716,1.0627142857141993,14,4200.0,0.26,9.710142857142857,24.47899792512696,newyork,Thu,19,False
1874,XAUUSDm,long,2026-06-12 01:05:00+00:00,83828,4185.109,0.05,4178.109,4195.109,7.0,close_below_lower,0.016787425801911466,2026-06-12 01:30:00+00:00,83833,4178.109,sl,-35.0,0.0,0.0,-35.0,-1.0,-6.225000000000364,8.787999999999556,-0.8892857142857663,1.255428571428508,5,1500.0,0.26,9.781285714285657,25.055935851265332,asian,Fri,1,False
1875,XAUUSDm,short,2026-06-12 08:20:00+00:00,83915,4218.015,0.05,4225.015,4208.015,7.0,close_above_upper,0.2108899928845009,2026-06-12 08:55:00+00:00,83922,4225.275000000001,sl,-36.30000000000109,0.0,0.0,-36.30000000000109,-1.0371428571428882,-4.5679999999993015,6.900000000000546,-0.6525714285713288,0.9857142857143637,7,2100.0,0.26,8.142857142857142,23.814178144642668,london,Fri,8,False
1876,XAUUSDm,short,2026-06-12 15:25:00+00:00,84000,4227.768,0.05,4234.768,4217.768,7.0,close_above_upper,0.0989513800612333,2026-06-12 15:35:00+00:00,84002,4218.028,tp,48.69999999999891,0.0,0.0,48.69999999999891,1.3914285714285402,-7.844000000000051,9.470000000000255,-1.1205714285714359,1.3528571428571792,2,600.0,0.26,10.431642857142833,22.905660128627385,overlap,Fri,15,False
1877,XAUUSDm,short,2026-06-14 22:05:00+00:00,84068,4300.698,0.05,4307.698,4290.698,7.0,close_above_upper,2.79461121823604,2026-06-14 22:25:00+00:00,84072,4290.978,tp,48.60000000000127,0.0,0.0,48.60000000000127,1.388571428571465,-8.29699999999957,6.855000000000473,-1.185285714285653,0.9792857142857818,4,1200.0,0.36,8.433928571428558,20.766471514488323,rollover,Sun,22,False
1878,XAUUSDm,short,2026-06-14 22:30:00+00:00,84073,4287.097,0.05,4294.097,4277.097,7.0,close_above_upper,0.266084034528329,2026-06-14 23:15:00+00:00,84082,4283.420999999999,signal,18.380000000001928,0.0,0.0,18.380000000001928,0.5251428571429122,-4.770000000000437,6.786999999999352,-0.6814285714286338,0.969571428571336,9,2700.0,0.28,11.372071428571546,21.662038834483845,rollover,Sun,22,False
1879,XAUUSDm,long,2026-06-17 04:35:00+00:00,84698,4318.438,0.05,4311.438,4328.438,7.0,close_below_lower,0.12028581107977362,2026-06-17 05:20:00+00:00,84707,4325.963,signal,37.62499999999818,0.0,0.0,37.62499999999818,1.074999999999948,-0.48700000000008004,9.396999999999935,-0.06957142857144001,1.342428571428562,9,2700.0,0.26,3.383785714285815,10.129025765917604,asian,Wed,4,False
1880,XAUUSDm,short,2026-06-17 14:25:00+00:00,84816,4358.044,0.05,4365.044,4348.044,7.0,close_above_upper,0.9252218387436797,2026-06-17 14:40:00+00:00,84819,4348.324,tp,48.60000000000127,0.0,0.0,48.60000000000127,1.388571428571465,-5.764000000000124,7.610999999999876,-0.823428571428589,1.0872857142856966,3,900.0,0.28,6.016928571428513,9.039061566874569,overlap,Wed,14,False
1881,XAUUSDm,short,2026-06-17 17:35:00+00:00,84854,4377.668,0.05,4384.668,4367.668,7.0,close_above_upper,0.6726678863761664,2026-06-17 18:00:00+00:00,84859,4367.947999999999,tp,48.60000000000127,0.0,0.0,48.60000000000127,1.388571428571465,-4.773000000000138,7.427999999999884,-0.6818571428571626,1.0611428571428405,5,1500.0,0.28,4.765285714285775,9.523065517698939,newyork,Wed,17,False
1882,XAUUSDm,long,2026-06-17 18:05:00+00:00,84860,4316.505,0.05,4309.505,4326.505,7.0,close_below_lower,3.7776768970366184,2026-06-17 18:10:00+00:00,84861,4294.866,sl,-108.19500000000062,0.0,0.0,-108.19500000000062,-3.091285714285732,-30.690999999999804,2.7600000000002183,-4.384428571428543,0.3942857142857455,1,300.0,0.28,10.273642857142997,10.080496186361376,newyork,Wed,18,False
1883,XAUUSDm,long,2026-06-17 18:15:00+00:00,84862,4284.8099999999995,0.05,4277.81,4294.81,7.0,close_below_lower,5.121177838985703,2026-06-17 18:20:00+00:00,84863,4306.573,tp,108.81500000000415,0.0,0.0,108.81500000000415,3.1090000000001186,-1.9429999999993015,23.45300000000043,-0.27757142857132877,3.350428571428633,1,300.0,0.28,13.653142857142939,10.824220304614505,newyork,Wed,18,False
1884,XAUUSDm,long,2026-06-17 18:25:00+00:00,84864,4292.913,0.05,4285.913,4302.913,7.0,close_below_lower,3.0697641238489832,2026-06-17 18:30:00+00:00,84865,4285.913,sl,-35.0,0.0,0.0,-35.0,-1.0,-8.178999999999178,1.6170000000001892,-1.168428571428454,0.23100000000002702,1,300.0,0.28,16.1772142857144,11.300021456113761,newyork,Wed,18,False
1885,XAUUSDm,long,2026-06-17 18:35:00+00:00,84866,4270.977,0.05,4263.977,4280.977,7.0,close_below_lower,3.5566084447454087,2026-06-17 18:40:00+00:00,84867,4302.854,tp,159.38500000000204,0.0,0.0,159.38500000000204,4.5538571428572014,-0.3899999999994179,40.64300000000003,-0.05571428571420256,5.806142857142861,1,300.0,0.28,19.495999999999963,11.823676644442369,newyork,Wed,18,False
1886,XAUUSDm,long,2026-06-17 19:00:00+00:00,84871,4286.3369999999995,0.05,4279.337,4296.337,7.0,close_below_lower,1.0732431605962622,2026-06-17 19:05:00+00:00,84872,4271.71,sl,-73.13499999999749,0.0,0.0,-73.13499999999749,-2.089571428571357,-15.042999999999665,9.103000000000065,-2.148999999999952,1.3004285714285808,1,300.0,0.28,26.04521428571414,12.097741984202095,newyork,Wed,19,False
1887,XAUUSDm,long,2026-06-17 19:10:00+00:00,84873,4268.758,0.05,4261.758,4278.758,7.0,close_below_lower,1.6238122941929947,2026-06-17 19:15:00+00:00,84874,4261.758,sl,-35.0,0.0,0.0,-35.0,-1.0,-8.648999999999432,6.311999999999898,-1.2355714285713475,0.9017142857142711,1,300.0,0.28,28.01607142857126,12.432273948762672,newyork,Wed,19,False
1888,XAUUSDm,long,2026-06-17 19:20:00+00:00,84875,4244.295999999999,0.05,4237.296,4254.296,7.0,close_below_lower,2.6127830209150438,2026-06-17 19:25:00+00:00,84876,4236.2,sl,-40.479999999997744,0.0,0.0,-40.479999999997744,-1.1565714285713642,-8.26299999999901,1.7900000000008731,-1.1804285714284302,0.25571428571441046,1,300.0,0.28,23.903499999999763,12.875396117130562,newyork,Wed,19,False
1889,XAUUSDm,long,2026-06-17 19:30:00+00:00,84877,4227.352,0.05,4220.352,4237.352,7.0,close_below_lower,2.6792895693999728,2026-06-17 19:35:00+00:00,84878,4220.352,sl,-35.0,0.0,0.0,-35.0,-1.0,-6.84900000000016,8.269000000000233,-0.9784285714285943,1.1812857142857476,1,300.0,0.28,22.629499999999748,13.442875535818235,newyork,Wed,19,False
1890,XAUUSDm,long,2026-06-17 19:40:00+00:00,84879,4222.115,0.05,4215.115,4232.115,7.0,close_below_lower,1.9815520141609446,2026-06-17 19:45:00+00:00,84880,4232.115,tp,50.0,0.0,0.0,50.0,1.4285714285714286,-3.251999999999498,13.677999999999884,-0.46457142857135686,1.9539999999999833,1,300.0,0.28,22.669071428571183,13.90929457294813,newyork,Wed,19,False
1891,XAUUSDm,long,2026-06-17 19:50:00+00:00,84881,4238.923,0.05,4231.923,4248.923,7.0,close_below_lower,0.1008268578123597,2026-06-17 20:05:00+00:00,84884,4248.923,tp,50.0,0.0,0.0,50.0,1.4285714285714286,-4.644999999999527,8.118000000000393,-0.663571428571361,1.1597142857143419,3,900.0,0.26,18.796999999999766,14.09100519470018,newyork,Wed,19,False
1892,XAUUSDm,short,2026-06-17 20:20:00+00:00,84887,4267.081,0.05,4274.081,4257.081,7.0,close_above_upper,0.39935643614889477,2026-06-17 20:50:00+00:00,84893,4257.341,tp,48.69999999999891,0.0,0.0,48.69999999999891,1.3914285714285402,-2.644999999999527,9.164999999999964,-0.3778571428570753,1.309285714285709,6,1800.0,0.28,13.889785714285479,14.422154541820028,newyork,Wed,20,False
1893,XAUUSDm,short,2026-06-18 00:05:00+00:00,84920,4292.075,0.05,4299.075,4282.075,7.0,close_above_upper,0.02541135704405182,2026-06-18 00:10:00+00:00,84921,4299.355,sl,-36.39999999999873,0.0,0.0,-36.39999999999873,-1.0399999999999636,-6.503000000000611,0.681999999999789,-0.9290000000000873,0.09742857142854129,1,300.0,0.28,7.028642857142976,14.787389927590995,asian,Thu,0,False
1894,XAUUSDm,short,2026-06-18 00:15:00+00:00,84922,4297.294,0.05,4304.294,4287.294,7.0,close_above_upper,0.0970094530830125,2026-06-18 00:30:00+00:00,84925,4304.574,sl,-36.39999999999873,0.0,0.0,-36.39999999999873,-1.0399999999999636,-4.141000000000531,2.6710000000002765,-0.5915714285715045,0.3815714285714681,3,900.0,0.28,7.517214285714415,14.93632386006729,asian,Thu,0,False
1895,XAUUSDm,short,2026-06-18 00:35:00+00:00,84926,4306.481,0.05,4313.481,4296.481,7.0,close_above_upper,0.13470987702206227,2026-06-18 00:45:00+00:00,84928,4313.741,sl,-36.30000000000109,0.0,0.0,-36.30000000000109,-1.0371428571428882,-5.155999999999949,3.371999999999389,-0.7365714285714213,0.4817142857141984,2,600.0,0.26,7.049357142857324,15.21621681050536,asian,Thu,0,False
1896,XAUUSDm,short,2026-06-18 00:50:00+00:00,84929,4313.527,0.05,4320.527,4303.527,7.0,close_above_upper,0.09877413771432375,2026-06-18 01:00:00+00:00,84931,4320.807,sl,-36.39999999999873,0.0,0.0,-36.39999999999873,-1.0399999999999636,-1.863999999999578,5.1340000000000146,-0.266285714285654,0.7334285714285735,2,600.0,0.28,7.165928571428724,15.468289779789542,asian,Thu,0,False
1897,XAUUSDm,short,2026-06-18 01:05:00+00:00,84932,4321.627,0.05,4328.627,4311.627,7.0,close_above_upper,0.14956117947227718,2026-06-18 02:00:00+00:00,84943,4318.273,signal,16.770000000001346,0.0,0.0,16.770000000001346,0.4791428571428956,-6.919999999999163,6.381000000000313,-0.9885714285713091,0.9115714285714732,11,3300.0,0.28,8.04585714285713,15.693051134086243,asian,Thu,1,False
1898,XAUUSDm,long,2026-06-18 09:00:00+00:00,85027,4267.076,0.05,4260.076,4277.076,7.0,close_below_lower,0.0661080839015688,2026-06-18 09:10:00+00:00,85029,4260.076,sl,-35.0,0.0,0.0,-35.0,-1.0,-5.613000000000284,2.0770000000002256,-0.8018571428571833,0.29671428571431796,2,600.0,0.26,5.959285714285735,16.432685485729188,london,Thu,9,False
1899,XAUUSDm,short,2026-06-18 13:35:00+00:00,85082,4272.084,0.05,4279.084,4262.084,7.0,close_above_upper,0.04948977540340602,2026-06-18 13:45:00+00:00,85084,4262.344,tp,48.69999999999891,0.0,0.0,48.69999999999891,1.3914285714285402,-1.949999999999818,8.764000000000124,-0.2785714285714026,1.2520000000000178,2,600.0,0.26,7.844714285714223,16.905726649713095,overlap,Thu,13,False
1900,XAUUSDm,short,2026-06-19 13:00:00+00:00,85351,4178.869,0.05,4185.869,4168.869,7.0,close_above_upper,0.03671173816982567,2026-06-19 13:05:00+00:00,85352,4169.129,tp,48.69999999999891,0.0,0.0,48.69999999999891,1.3914285714285402,-2.753000000000611,14.302999999999884,-0.3932857142858016,2.0432857142856977,1,300.0,0.26,6.6202142857144155,21.33751585104706,overlap,Fri,13,False
1901,XAUUSDm,short,2026-06-22 00:45:00+00:00,85432,4175.529,0.05,4182.529,4165.529,7.0,close_above_upper,0.04009388865103455,2026-06-22 00:50:00+00:00,85433,4184.113,sl,-42.91999999999916,0.0,0.0,-42.91999999999916,-1.2262857142856904,-8.709999999999127,0.19500000000061846,-1.2442857142855897,0.027857142857231208,1,300.0,0.26,7.085285714285874,16.04660923246542,asian,Mon,0,False
1902,XAUUSDm,short,2026-06-22 00:55:00+00:00,85434,4188.233,0.05,4195.233,4178.233,7.0,close_above_upper,0.4319979854991075,2026-06-22 01:00:00+00:00,85435,4201.226000000001,sl,-64.96500000000196,0.0,0.0,-64.96500000000196,-1.8561428571429133,-12.935999999999694,0.08799999999973807,-1.8479999999999563,0.012571428571391152,1,300.0,0.26,7.6025000000000285,16.136403243372012,asian,Mon,0,False
1903,XAUUSDm,short,2026-06-22 01:05:00+00:00,85436,4206.312,0.05,4213.312,4196.312,7.0,close_above_upper,0.9786868264231787,2026-06-22 01:10:00+00:00,85437,4213.9490000000005,sl,-38.18500000000313,0.0,0.0,-38.18500000000313,-1.0910000000000895,-9.90899999999965,2.212999999999738,-1.4155714285713787,0.3161428571428197,1,300.0,0.26,8.977285714285633,16.43023457396719,asian,Mon,1,False
1904,XAUUSDm,short,2026-06-22 01:15:00+00:00,85438,4211.777,0.05,4218.777,4201.777,7.0,close_above_upper,0.6827701611744742,2026-06-22 01:30:00+00:00,85441,4202.037,tp,48.69999999999891,0.0,0.0,48.69999999999891,1.3914285714285402,-3.0479999999997744,6.667999999999665,-0.4354285714285392,0.9525714285713808,3,900.0,0.26,9.207857142857003,16.75082773139276,asian,Mon,1,False
1905,XAUUSDm,long,2026-06-22 15:50:00+00:00,85613,4170.314,0.05,4163.314,4180.314,7.0,close_below_lower,0.2328694268729957,2026-06-22 15:55:00+00:00,85614,4180.314,tp,50.0,0.0,0.0,50.0,1.4285714285714286,-0.6860000000006039,8.679000000000087,-0.09800000000008627,1.2398571428571554,1,300.0,0.26,6.191071428571571,15.676767369518078,overlap,Mon,15,False
1906,XAUUSDm,long,2026-06-23 01:40:00+00:00,85719,4162.412,0.05,4155.412,4172.412,7.0,close_below_lower,0.26483971550596586,2026-06-23 01:45:00+00:00,85720,4154.339,sl,-40.3650000000016,0.0,0.0,-40.3650000000016,-1.15328571428576,-8.780999999999949,2.532000000000153,-1.2544285714285641,0.3617142857143075,1,300.0,0.26,7.151857142856962,14.87984395731754,asian,Tue,1,False
1907,XAUUSDm,long,2026-06-23 01:50:00+00:00,85721,4150.929,0.05,4143.929,4160.929,7.0,close_below_lower,0.5985232539960101,2026-06-23 01:55:00+00:00,85722,4160.929,tp,50.0,0.0,0.0,50.0,1.4285714285714286,-0.7849999999998545,7.063000000000102,-0.11214285714283635,1.0090000000000146,1,300.0,0.26,7.783499999999874,15.147455834464408,asian,Tue,1,False
1908,XAUUSDm,long,2026-06-23 03:20:00+00:00,85739,4133.638,0.05,4126.638,4143.638,7.0,close_below_lower,0.04787630760210723,2026-06-23 03:55:00+00:00,85746,4143.638,tp,50.0,0.0,0.0,50.0,1.4285714285714286,-2.876999999999498,7.917000000000371,-0.41099999999992826,1.131000000000053,7,2100.0,0.26,5.879428571428499,15.402049872351043,asian,Tue,3,False
1909,XAUUSDm,long,2026-06-23 05:00:00+00:00,85759,4118.595,0.05,4111.595,4128.595,7.0,close_below_lower,0.31378695816323504,2026-06-23 05:05:00+00:00,85760,4134.422,tp,79.13499999999658,0.0,0.0,79.13499999999658,2.2609999999999024,-3.3090000000001965,15.815999999999804,-0.4727142857143138,2.2594285714285434,1,300.0,0.26,4.7803571428572855,14.57464347608314,asian,Tue,5,False
1910,XAUUSDm,long,2026-06-23 08:05:00+00:00,85796,4092.849,0.05,4085.849,4102.849,7.0,close_below_lower,0.18657709039901657,2026-06-23 08:35:00+00:00,85802,4102.849,tp,50.0,0.0,0.0,50.0,1.4285714285714286,-2.2220000000002074,9.378999999999905,-0.31742857142860104,1.3398571428571293,6,1800.0,0.26,6.5513571428572765,14.436631884531586,london,Tue,8,False
1911,XAUUSDm,short,2026-06-23 10:05:00+00:00,85820,4131.536,0.05,4138.536,4121.536,7.0,close_above_upper,0.046288878391054306,2026-06-23 10:50:00+00:00,85829,4124.658,signal,34.38999999999851,0.0,0.0,34.38999999999851,0.9825714285713859,-1.6610000000000582,8.149000000000342,-0.2372857142857226,1.164142857142906,9,2700.0,0.26,5.012357142857127,14.79923879609484,london,Tue,10,False
1912,XAUUSDm,short,2026-06-23 13:55:00+00:00,85866,4136.959,0.05,4143.959,4126.959,7.0,close_above_upper,0.13528813381592528,2026-06-23 14:10:00+00:00,85869,4144.219,sl,-36.30000000000109,0.0,0.0,-36.30000000000109,-1.0371428571428882,-6.899000000000342,5.307999999999993,-0.9855714285714774,0.7582857142857132,3,900.0,0.26,8.224642857142694,14.501383390792023,overlap,Tue,13,False
1913,XAUUSDm,long,2026-06-23 23:40:00+00:00,85971,4084.3480000000004,0.05,4077.348,4094.348,7.0,close_below_lower,0.16870013447494342,2026-06-23 23:45:00+00:00,85972,4094.348,tp,49.999999999997726,0.0,0.0,49.999999999997726,1.4285714285713635,-3.5210000000001855,3.0929999999993925,-0.5030000000000265,0.4418571428570561,1,300.0,0.26,5.3572142857143,13.073861303013839,rollover,Tue,23,False
1914,XAUUSDm,long,2026-06-24 01:05:00+00:00,85988,4073.603,0.05,4066.603,4083.603,7.0,close_below_lower,0.6788734415875451,2026-06-24 01:10:00+00:00,85989,4083.603,tp,50.0,0.0,0.0,50.0,1.4285714285714286,-5.418999999999869,9.50799999999981,-0.7741428571428385,1.3582857142856872,1,300.0,0.26,8.039785714285667,13.303463760773877,asian,Wed,1,False
1915,XAUUSDm,long,2026-06-24 02:40:00+00:00,86007,4061.094,0.05,4054.094,4071.094,7.0,close_below_lower,0.3919459792520565,2026-06-24 03:05:00+00:00,86012,4054.094,sl,-35.0,0.0,0.0,-35.0,-1.0,-9.135000000000218,8.355000000000018,-1.3050000000000312,1.1935714285714312,5,1500.0,0.26,7.494142857142768,13.527054168196196,asian,Wed,2,False
1916,XAUUSDm,short,2026-06-24 05:35:00+00:00,86042,4082.181,0.05,4089.181,4072.181,7.0,close_above_upper,0.03813274535306979,2026-06-24 05:50:00+00:00,86045,4072.4410000000003,tp,48.69999999999891,0.0,0.0,48.69999999999891,1.3914285714285402,-0.3710000000000946,9.932999999999993,-0.053000000000013515,1.418999999999999,3,900.0,0.26,5.203571428571455,13.8924346999702,asian,Wed,5,False
1917,XAUUSDm,short,2026-06-24 06:10:00+00:00,86049,4090.304,0.05,4097.304,4080.304,7.0,close_above_upper,0.0990876875690807,2026-06-24 06:15:00+00:00,86050,4097.564,sl,-36.30000000000109,0.0,0.0,-36.30000000000109,-1.0371428571428882,-6.985999999999876,1.5100000000002183,-0.9979999999999823,0.2157142857143169,1,300.0,0.26,6.636857142857187,14.033181689781312,asian,Wed,6,False
1918,XAUUSDm,long,2026-06-24 12:30:00+00:00,86125,4015.46,0.05,4008.46,4025.46,7.0,close_below_lower,0.774843439949423,2026-06-24 12:35:00+00:00,86126,4008.46,sl,-35.0,0.0,0.0,-35.0,-1.0,-6.441000000000258,5.291999999999916,-0.920142857142894,0.755999999999988,1,300.0,0.16,9.324642857142862,14.61701136182203,overlap,Wed,12,False
1919,XAUUSDm,long,2026-06-24 12:40:00+00:00,86127,4011.727,0.05,4004.727,4021.727,7.0,close_below_lower,0.5986495463508953,2026-06-24 12:45:00+00:00,86128,4004.727,sl,-35.0,0.0,0.0,-35.0,-1.0,-4.237999999999829,3.405999999999949,-0.605428571428547,0.48657142857142127,1,300.0,0.16,9.95450000000002,14.805392144230828,overlap,Wed,12,False
1920,XAUUSDm,long,2026-06-24 12:50:00+00:00,86129,4004.524,0.05,3997.524,4014.524,7.0,close_below_lower,0.650265454613294,2026-06-24 12:55:00+00:00,86130,3997.524,sl,-35.0,0.0,0.0,-35.0,-1.0,-4.855000000000018,3.7800000000002,-0.6935714285714312,0.5400000000000286,1,300.0,0.16,10.627357142857136,15.017707495209745,overlap,Wed,12,False
1921,XAUUSDm,long,2026-06-24 13:00:00+00:00,86131,3988.062,0.05,3981.062,3998.062,7.0,close_below_lower,1.1751417916553448,2026-06-24 13:05:00+00:00,86132,3980.142,sl,-39.600000000000364,0.0,0.0,-39.600000000000364,-1.1314285714285819,-16.346000000000004,7.721000000000004,-2.335142857142858,1.1030000000000004,1,300.0,0.16,11.484142857142874,15.311742613633058,overlap,Wed,13,False
1922,XAUUSDm,long,2026-06-24 13:10:00+00:00,86133,3977.374,0.05,3970.374,3987.374,7.0,close_below_lower,1.143256495684996,2026-06-24 13:15:00+00:00,86134,3970.374,sl,-35.0,0.0,0.0,-35.0,-1.0,-10.623999999999796,1.680000000000291,-1.5177142857142567,0.24000000000004157,1,300.0,0.16,12.806357142857157,15.698518306574156,overlap,Wed,13,False
1923,XAUUSDm,long,2026-06-24 13:20:00+00:00,86135,3976.508,0.05,3969.508,3986.508,7.0,close_below_lower,0.5647305690656846,2026-06-24 13:30:00+00:00,86137,3986.508,tp,50.0,0.0,0.0,50.0,1.4285714285714286,-12.121999999999844,0.0,-1.7317142857142633,0.0,2,600.0,0.16,13.341428571428619,15.991583885126229,overlap,Wed,13,False
1924,XAUUSDm,short,2026-06-24 13:45:00+00:00,86140,4015.173,0.05,4022.173,4005.173,7.0,close_above_upper,0.36421802113872564,2026-06-24 13:50:00+00:00,86141,4022.3329999999996,sl,-35.79999999999927,0.0,0.0,-35.79999999999927,-1.022857142857122,-5.50400000000036,6.005999999999858,-0.7862857142857658,0.8579999999999798,1,300.0,0.16,14.63035714285713,16.4363182330452,overlap,Wed,13,False
1925,XAUUSDm,short,2026-06-24 13:55:00+00:00,86142,4029.079,0.05,4036.079,4019.079,7.0,close_above_upper,0.8542728274402206,2026-06-24 14:00:00+00:00,86143,4038.287,sl,-46.039999999998145,0.0,0.0,-46.039999999998145,-1.3154285714285183,-13.048999999999978,5.344000000000051,-1.864142857142854,0.7634285714285787,1,300.0,0.16,15.162071428571446,16.76764082456153,overlap,Wed,13,False
1926,XAUUSDm,short,2026-06-24 14:05:00+00:00,86144,4024.336,0.05,4031.336,4014.336,7.0,close_above_upper,0.13533347503171392,2026-06-24 14:10:00+00:00,86145,4031.4959999999996,sl,-35.79999999999927,0.0,0.0,-35.79999999999927,-1.022857142857122,-6.6590000000001055,2.6369999999997162,-0.9512857142857294,0.3767142857142452,1,300.0,0.16,16.200714285714316,17.066324387620377,overlap,Wed,14,False
1927,XAUUSDm,long,2026-06-24 18:05:00+00:00,86192,3966.972,0.05,3959.972,3976.972,7.0,close_below_lower,0.15000673807904458,2026-06-24 18:10:00+00:00,86193,3983.923,tp,84.75499999999784,0.0,0.0,84.75499999999784,2.4215714285713665,-0.27200000000038926,17.16399999999976,-0.03885714285719847,2.4519999999999658,1,300.0,0.26,6.906071428571457,18.816541690118896,newyork,Wed,18,False
1928,XAUUSDm,long,2026-06-25 00:40:00+00:00,86259,3982.929,0.05,3975.929,3992.929,7.0,close_below_lower,0.07328611768505847,2026-06-25 00:50:00+00:00,86261,3992.929,tp,50.0,0.0,0.0,50.0,1.4285714285714286,-4.564000000000306,4.73700000000008,-0.6520000000000437,0.6767142857142971,2,600.0,0.26,7.1632857142857835,18.387728978277785,asian,Thu,0,False
1929,XAUUSDm,short,2026-06-25 12:45:00+00:00,86404,4005.466,0.05,4012.466,3995.466,7.0,close_above_upper,0.011170594865423092,2026-06-25 12:50:00+00:00,86405,4014.618,sl,-45.76000000000022,0.0,0.0,-45.76000000000022,-1.3074285714285776,-12.83199999999988,2.0459999999998217,-1.83314285714284,0.29228571428568884,1,300.0,0.24,8.346357142857155,18.00759233909914,overlap,Thu,12,False
1930,XAUUSDm,short,2026-06-25 12:55:00+00:00,86406,4015.905,0.05,4022.905,4005.905,7.0,close_above_upper,0.24412401110093823,2026-06-25 13:00:00+00:00,86407,4023.145,sl,-36.19999999999891,0.0,0.0,-36.19999999999891,-1.0342857142856832,-0.7809999999999491,7.470000000000255,-0.1115714285714213,1.0671428571428936,1,300.0,0.24,9.08035714285711,18.253319639749307,overlap,Thu,12,False
1931,XAUUSDm,short,2026-06-25 13:05:00+00:00,86408,4029.031,0.05,4036.031,4019.031,7.0,close_above_upper,0.5912093972364033,2026-06-25 13:25:00+00:00,86412,4019.2709999999997,tp,48.80000000000109,0.0,0.0,48.80000000000109,1.3942857142857454,-4.862999999999829,8.664999999999964,-0.6947142857142613,1.2378571428571377,4,1200.0,0.24,10.654928571428595,18.506463450906224,overlap,Thu,13,False
1932,XAUUSDm,short,2026-06-25 15:25:00+00:00,86436,4037.827,0.05,4044.827,4027.827,7.0,close_above_upper,0.04604776711194215,2026-06-25 15:30:00+00:00,86437,4027.348,tp,52.395000000001346,0.0,0.0,52.395000000001346,1.4970000000000385,-0.4159999999997126,11.839000000000397,-0.05942857142853037,1.691285714285771,1,300.0,0.24,9.75850000000001,18.954985910413193,overlap,Thu,15,False
1933,XAUUSDm,long,2026-06-26 02:45:00+00:00,86560,3992.553,0.05,3985.553,4002.553,7.0,close_below_lower,0.0015121287324872089,2026-06-26 02:50:00+00:00,86561,3985.553,sl,-35.0,0.0,0.0,-35.0,-1.0,-1.856999999999971,1.6330000000002656,-0.26528571428571013,0.23328571428575223,1,300.0,0.24,6.351071428571426,17.623339863202606,asian,Fri,2,False
1934,XAUUSDm,long,2026-06-26 02:55:00+00:00,86562,3986.7079999999996,0.05,3979.708,3996.708,7.0,close_below_lower,0.055735120038553666,2026-06-26 03:10:00+00:00,86565,3996.708,tp,50.000000000002274,0.0,0.0,50.000000000002274,1.4285714285714934,-3.8289999999997235,8.692000000000462,-0.5469999999999605,1.2417142857143517,3,900.0,0.24,6.489357142857151,17.81092300530096,asian,Fri,2,False
1935,XAUUSDm,short,2026-06-26 14:00:00+00:00,86695,4073.669,0.05,4080.669,4063.669,7.0,close_above_upper,0.24040561362987814,2026-06-26 14:10:00+00:00,86697,4080.9089999999997,sl,-36.19999999999891,0.0,0.0,-36.19999999999891,-1.0342857142856832,-5.697000000000116,5.786000000000058,-0.8138571428571595,0.8265714285714368,2,600.0,0.24,9.993928571428471,14.145544130362385,overlap,Fri,14,False
1936,XAUUSDm,short,2026-06-26 14:15:00+00:00,86698,4082.345,0.05,4089.345,4072.345,7.0,close_above_upper,0.2684272881960726,2026-06-26 14:20:00+00:00,86699,4089.5849999999996,sl,-36.19999999999891,0.0,0.0,-36.19999999999891,-1.0342857142856832,-10.758000000000266,1.3049999999998363,-1.536857142857181,0.18642857142854805,1,300.0,0.24,9.308928571428462,14.418036566623538,overlap,Fri,14,False
1937,XAUUSDm,short,2026-06-26 14:25:00+00:00,86700,4088.53,0.05,4095.53,4078.53,7.0,close_above_upper,0.27849012237691584,2026-06-26 14:35:00+00:00,86702,4078.77,tp,48.80000000000109,0.0,0.0,48.80000000000109,1.3942857142857454,-2.3339999999998327,8.863000000000284,-0.33342857142854754,1.2661428571428976,2,600.0,0.24,9.288499999999917,14.649613230137131,overlap,Fri,14,False
1938,XAUUSDm,short,2026-06-28 22:00:00+00:00,86779,4075.881,0.05,4082.881,4065.881,7.0,close_above_upper,0.10653447672420993,2026-06-28 22:05:00+00:00,86780,4083.141,sl,-36.30000000000109,0.0,0.0,-36.30000000000109,-1.0371428571428882,-9.42599999999993,3.2649999999998727,-1.3465714285714188,0.46642857142855326,1,300.0,0.26,4.38549999999993,13.549959246643535,rollover,Sun,22,False
1939,XAUUSDm,long,2026-06-29 10:00:00+00:00,86911,4031.6589999999997,0.05,4024.659,4041.659,7.0,close_below_lower,0.08289344874352862,2026-06-29 10:40:00+00:00,86919,4038.196,signal,32.68500000000131,0.0,0.0,32.68500000000131,0.9338571428571802,-4.32799999999952,7.907000000000153,-0.6182857142856457,1.1295714285714504,8,2400.0,0.24,6.182428571428578,12.735090175855706,london,Mon,10,False
1940,XAUUSDm,long,2026-06-29 14:10:00+00:00,86961,4015.942,0.05,4008.942,4025.942,7.0,close_below_lower,0.6350818883831107,2026-06-29 14:15:00+00:00,86962,4008.87,sl,-35.36000000000058,0.0,0.0,-35.36000000000058,-1.0102857142857309,-7.960999999999785,2.1829999999999927,-1.1372857142856836,0.31185714285714183,1,300.0,0.24,7.564285714285786,12.43454983118823,overlap,Mon,14,False
1941,XAUUSDm,long,2026-06-29 14:20:00+00:00,86963,4017.6099999999997,0.05,4010.61,4027.61,7.0,close_below_lower,0.05487288778735755,2026-06-29 14:25:00+00:00,86964,4027.61,tp,50.000000000002274,0.0,0.0,50.000000000002274,1.4285714285714934,-2.4089999999996508,2.9090000000001055,-0.34414285714280723,0.41557142857144364,1,300.0,0.24,8.564285714285786,12.649621591603852,overlap,Mon,14,False
1942,XAUUSDm,long,2026-06-30 00:40:00+00:00,87075,3996.109,0.05,3989.109,4006.109,7.0,close_below_lower,0.0691021100974583,2026-06-30 00:55:00+00:00,87078,3989.109,sl,-35.0,0.0,0.0,-35.0,-1.0,-5.583000000000084,1.8079999999999927,-0.7975714285714405,0.25828571428571323,3,900.0,0.24,5.248285714285722,12.061550271918431,asian,Tue,0,False
1943,XAUUSDm,long,2026-06-30 01:00:00+00:00,87079,3987.2129999999997,0.05,3980.213,3997.213,7.0,close_below_lower,0.15734547308370592,2026-06-30 01:05:00+00:00,87080,3980.096,sl,-35.58499999999867,0.0,0.0,-35.58499999999867,-1.0167142857142477,-11.448999999999614,0.07100000000036744,-1.6355714285713734,0.010142857142909634,1,300.0,0.24,5.9501428571428345,12.240964433698482,asian,Tue,1,False
1944,XAUUSDm,long,2026-06-30 01:10:00+00:00,87081,3963.6929999999998,0.05,3956.693,3973.693,7.0,close_below_lower,1.49129679761979,2026-06-30 01:15:00+00:00,87082,3956.693,sl,-34.999999999997726,0.0,0.0,-34.999999999997726,-0.999999999999935,-9.190999999999804,5.726000000000113,-1.312999999999972,0.8180000000000162,1,300.0,0.24,9.102357142857143,12.471129379337341,asian,Tue,1,False
1945,XAUUSDm,long,2026-06-30 01:20:00+00:00,87083,3970.8039999999996,0.05,3963.804,3980.804,7.0,close_below_lower,0.31260230261533456,2026-06-30 01:25:00+00:00,87084,3980.804,tp,50.000000000002274,0.0,0.0,50.000000000002274,1.4285714285714934,-4.217999999999847,4.676000000000386,-0.6025714285714068,0.6680000000000551,1,300.0,0.24,10.736928571428573,12.751274083024317,asian,Tue,1,False
1946,XAUUSDm,long,2026-06-30 01:50:00+00:00,87089,3962.9289999999996,0.05,3955.929,3972.929,7.0,close_below_lower,0.022863781223367532,2026-06-30 02:00:00+00:00,87091,3972.929,tp,50.000000000002274,0.0,0.0,50.000000000002274,1.4285714285714934,-1.5169999999998254,7.417000000000371,-0.21671428571426077,1.0595714285714817,2,600.0,0.24,11.787714285714335,12.906399647045072,asian,Tue,1,False
1947,XAUUSDm,short,2026-06-30 04:35:00+00:00,87122,3996.166,0.05,4003.166,3986.166,7.0,close_above_upper,0.7628960269478329,2026-06-30 04:45:00+00:00,87124,3986.406,tp,48.80000000000109,0.0,0.0,48.80000000000109,1.3942857142857454,-1.9049999999997453,8.943000000000211,-0.27214285714282077,1.2775714285714588,2,600.0,0.24,5.365285714285684,12.813057879492725,asian,Tue,4,False
1948,XAUUSDm,short,2026-06-30 06:25:00+00:00,87144,3999.863,0.05,4006.863,3989.863,7.0,close_above_upper,0.14482648729900405,2026-06-30 06:30:00+00:00,87145,4012.102,sl,-61.195000000000164,0.0,0.0,-61.195000000000164,-1.748428571428576,-13.592000000000098,2.6340000000000146,-1.9417142857142997,0.3762857142857164,1,300.0,0.24,6.60214285714291,12.968853625334344,asian,Tue,6,False
1949,XAUUSDm,short,2026-06-30 06:35:00+00:00,87146,4030.189,0.05,4037.189,4020.189,7.0,close_above_upper,1.8611593592604567,2026-06-30 08:05:00+00:00,87164,4037.4289999999996,sl,-36.19999999999891,0.0,0.0,-36.19999999999891,-1.0342857142856832,-6.256000000000313,8.605999999999767,-0.8937142857143304,1.2294285714285382,18,5400.0,0.24,8.421500000000021,13.278106268277813,asian,Tue,6,False
1950,XAUUSDm,short,2026-06-30 14:10:00+00:00,87237,4043.299,0.05,4050.299,4033.299,7.0,close_above_upper,0.27937688264368565,2026-06-30 14:20:00+00:00,87239,4050.5389999999998,sl,-36.19999999999891,0.0,0.0,-36.19999999999891,-1.0342857142856832,-6.161999999999807,6.4789999999998145,-0.8802857142856867,0.9255714285714021,2,600.0,0.24,9.109000000000053,13.9763214008352,overlap,Tue,14,False
1951,XAUUSDm,short,2026-06-30 14:25:00+00:00,87240,4062.507,0.05,4069.507,4052.507,7.0,close_above_upper,1.049305188523823,2026-06-30 14:30:00+00:00,87241,4052.747,tp,48.80000000000109,0.0,0.0,48.80000000000109,1.3942857142857454,-0.04899999999997817,8.871000000000095,-0.006999999999996882,1.267285714285728,1,300.0,0.24,9.941285714285739,14.250958746729019,overlap,Tue,14,False
1952,XAUUSDm,short,2026-07-01 11:05:00+00:00,87476,4006.498,0.05,4013.498,3996.498,7.0,close_above_upper,0.1606848854513536,2026-07-01 11:10:00+00:00,87477,4013.738,sl,-36.19999999999891,0.0,0.0,-36.19999999999891,-1.0342857142856832,-4.331000000000131,0.0,-0.6187142857143044,0.0,1,300.0,0.24,4.525071428571372,13.761182545637118,london,Wed,11,False
1953,XAUUSDm,short,2026-07-01 11:15:00+00:00,87478,4015.829,0.05,4022.829,4005.829,7.0,close_above_upper,0.45452078979506566,2026-07-01 11:20:00+00:00,87479,4023.069,sl,-36.19999999999891,0.0,0.0,-36.19999999999891,-1.0342857142856832,-9.153999999999996,0.8900000000003274,-1.3077142857142852,0.1271428571429039,1,300.0,0.24,4.9714285714285,13.97456040721143,london,Wed,11,False
1954,XAUUSDm,short,2026-07-01 11:25:00+00:00,87480,4024.267,0.05,4031.267,4014.267,7.0,close_above_upper,0.5781965832239332,2026-07-01 11:40:00+00:00,87483,4031.5069999999996,sl,-36.19999999999891,0.0,0.0,-36.19999999999891,-1.0342857142856832,-4.143000000000029,2.8779999999997017,-0.591857142857147,0.4111428571428145,3,900.0,0.24,5.668928571428523,14.252759052308672,london,Wed,11,False
1955,XAUUSDm,short,2026-07-01 11:45:00+00:00,87484,4029.023,0.05,4036.023,4019.023,7.0,close_above_upper,0.10884936612790493,2026-07-01 12:15:00+00:00,87490,4022.0989999999997,signal,34.620000000002165,0.0,0.0,34.620000000002165,0.9891428571429189,-6.580999999999676,9.530999999999949,-0.9401428571428109,1.3615714285714213,6,1800.0,0.24,6.269357142857091,14.578886520805401,london,Wed,11,False
1956,XAUUSDm,short,2026-07-01 13:25:00+00:00,87504,4043.58,0.05,4050.58,4033.58,7.0,close_above_upper,0.1926333208147977,2026-07-01 13:30:00+00:00,87505,4050.8199999999997,sl,-36.19999999999891,0.0,0.0,-36.19999999999891,-1.0342857142856832,-3.818000000000211,5.855999999999767,-0.5454285714286016,0.8365714285713953,1,300.0,0.24,7.818142857142935,14.869866139360292,overlap,Wed,13,False
1957,XAUUSDm,short,2026-07-01 13:35:00+00:00,87506,4047.799,0.05,4054.799,4037.799,7.0,close_above_upper,0.18222291238085703,2026-07-01 13:40:00+00:00,87507,4071.096,sl,-116.48500000000013,0.0,0.0,-116.48500000000013,-3.328142857142861,-24.253000000000156,1.4729999999999563,-3.464714285714308,0.2104285714285652,1,300.0,0.24,8.507142857142915,15.049692728171088,overlap,Wed,13,False
1958,XAUUSDm,short,2026-07-01 13:45:00+00:00,87508,4097.992,0.05,4104.992,4087.992,7.0,close_above_upper,2.642837016167096,2026-07-01 13:50:00+00:00,87509,4088.232,tp,48.80000000000109,0.0,0.0,48.80000000000109,1.3942857142857454,-10.03399999999965,13.103000000000065,-1.4334285714285215,1.8718571428571522,1,300.0,0.24,11.64542857142864,15.588079237123463,overlap,Wed,13,False
1959,XAUUSDm,short,2026-07-01 13:55:00+00:00,87510,4087.847,0.05,4094.847,4077.847,7.0,close_above_upper,1.2200164825357134,2026-07-01 14:00:00+00:00,87511,4095.087,sl,-36.19999999999891,0.0,0.0,-36.19999999999891,-1.0342857142856832,-5.3840000000000146,2.09900000000016,-0.7691428571428592,0.29985714285716575,1,300.0,0.24,13.197285714285758,16.052840068743382,overlap,Wed,13,False
1960,XAUUSDm,short,2026-07-01 14:05:00+00:00,87512,4085.142,0.05,4092.142,4075.142,7.0,close_above_upper,0.4322648426457627,2026-07-01 14:10:00+00:00,87513,4094.4599999999996,sl,-46.58999999999878,0.0,0.0,-46.58999999999878,-1.3311428571428223,-10.894000000000233,0.08999999999969077,-1.5562857142857476,0.012857142857098682,1,300.0,0.24,14.57828571428578,16.379467564161807,overlap,Wed,14,False
1961,XAUUSDm,short,2026-07-01 14:15:00+00:00,87514,4093.078,0.05,4100.078,4083.078,7.0,close_above_upper,0.34503565076009496,2026-07-01 14:20:00+00:00,87515,4100.318,sl,-36.20000000000118,0.0,0.0,-36.20000000000118,-1.0342857142858153,-5.714999999999691,3.699999999999818,-0.8164285714285272,0.5285714285714026,1,300.0,0.24,15.01300000000005,16.65313324069233,overlap,Wed,14,False
1962,XAUUSDm,short,2026-07-01 14:25:00+00:00,87516,4104.541,0.05,4111.541,4094.541,7.0,close_above_upper,0.5109963249740551,2026-07-01 14:35:00+00:00,87518,4111.781,sl,-36.19999999999891,0.0,0.0,-36.19999999999891,-1.0342857142856832,-6.757999999999811,8.835000000000036,-0.9654285714285444,1.2621428571428623,2,600.0,0.24,15.268500000000001,16.90487224259531,overlap,Wed,14,False
1963,XAUUSDm,long,2026-07-01 20:05:00+00:00,87584,4030.198,0.05,4023.198,4040.198,7.0,close_below_lower,0.32307196309007435,2026-07-01 22:05:00+00:00,87596,4039.265,signal,45.335000000000036,0.0,0.0,45.335000000000036,1.2952857142857153,-1.8040000000000873,9.31100000000015,-0.25771428571429816,1.3301428571428784,12,7200.0,0.24,5.429428571428551,16.91637433374345,newyork,Wed,20,False
1964,XAUUSDm,short,2026-07-02 01:05:00+00:00,87632,4064.779,0.05,4071.779,4054.779,7.0,close_above_upper,0.108614782136344,2026-07-02 01:20:00+00:00,87635,4055.019,tp,48.80000000000109,0.0,0.0,48.80000000000109,1.3942857142857454,-3.257999999999811,5.231999999999971,-0.4654285714285444,0.7474285714285672,3,900.0,0.24,6.590785714285728,16.714559940041205,asian,Thu,1,False
1965,XAUUSDm,short,2026-07-02 12:35:00+00:00,87770,4127.34,0.05,4134.34,4117.34,7.0,close_above_upper,2.680282724597427,2026-07-02 12:40:00+00:00,87771,4137.045999999999,sl,-48.52999999999611,0.0,0.0,-48.52999999999611,-1.3865714285713173,-11.530999999999949,3.8590000000003783,-1.647285714285707,0.5512857142857683,1,300.0,0.24,9.327999999999975,14.929925856969046,overlap,Thu,12,False
1966,XAUUSDm,short,2026-07-02 12:45:00+00:00,87772,4132.504,0.05,4139.504,4122.504,7.0,close_above_upper,2.0719872290783163,2026-07-02 12:50:00+00:00,87773,4122.744,tp,48.80000000000109,0.0,0.0,48.80000000000109,1.3942857142857454,-1.779000000000451,12.454999999999927,-0.25414285714292156,1.779285714285704,1,300.0,0.24,10.718642857142802,15.523404821265496,overlap,Thu,12,False
1967,XAUUSDm,short,2026-07-02 12:55:00+00:00,87774,4120.052,0.05,4127.052,4110.052,7.0,close_above_upper,0.6197892060018024,2026-07-02 13:00:00+00:00,87775,4127.2919999999995,sl,-36.19999999999891,0.0,0.0,-36.19999999999891,-1.0342857142856832,-1.386000000000422,8.126999999999498,-0.1980000000000603,1.1609999999999283,1,300.0,0.24,11.804999999999998,15.814206680215086,overlap,Thu,12,False
1968,XAUUSDm,short,2026-07-02 13:05:00+00:00,87776,4126.74,0.05,4133.74,4116.74,7.0,close_above_upper,0.5207634995584508,2026-07-02 13:15:00+00:00,87778,4116.98,tp,48.80000000000109,0.0,0.0,48.80000000000109,1.3942857142857454,-0.47000000000025466,10.871999999999389,-0.06714285714289352,1.55314285714277,2,600.0,0.24,13.0362857142857,16.045669093314928,overlap,Thu,13,False
1969,XAUUSDm,short,2026-07-02 13:40:00+00:00,87783,4135.345,0.05,4142.345,4125.345,7.0,close_above_upper,0.050607123538839234,2026-07-02 13:45:00+00:00,87784,4142.585,sl,-36.19999999999891,0.0,0.0,-36.19999999999891,-1.0342857142856832,-2.8239999999996144,8.38799999999992,-0.40342857142851635,1.1982857142857029,1,300.0,0.24,15.430285714285674,16.372909299485837,overlap,Thu,13,False
1970,XAUUSDm,short,2026-07-02 13:50:00+00:00,87785,4140.863,0.05,4147.863,4130.863,7.0,close_above_upper,0.0880312643684609,2026-07-02 14:00:00+00:00,87787,4131.103,tp,48.80000000000109,0.0,0.0,48.80000000000109,1.3942857142857454,-3.1019999999998618,8.502000000000407,-0.4431428571428374,1.2145714285714868,2,600.0,0.24,11.328642857142833,16.519155410075122,overlap,Thu,13,False
1971,XAUUSDm,long,2026-07-02 16:35:00+00:00,87818,4103.340999999999,0.05,4096.341,4113.341,7.0,close_below_lower,0.13026953601381938,2026-07-02 16:40:00+00:00,87819,4113.341,tp,50.00000000000455,0.0,0.0,50.00000000000455,1.4285714285715585,-3.146999999999025,7.274000000000342,-0.4495714285712893,1.039142857142906,1,300.0,0.24,5.9374285714286215,16.66749588424332,newyork,Thu,16,False
1972,XAUUSDm,short,2026-07-03 01:05:00+00:00,87908,4160.899,0.05,4167.899,4150.899,7.0,close_above_upper,0.27365716547652014,2026-07-03 01:10:00+00:00,87909,4172.59,sl,-58.45499999999902,0.0,0.0,-58.45499999999902,-1.6701428571428292,-15.263999999999214,1.8130000000001019,-2.1805714285713163,0.25900000000001455,1,300.0,0.24,7.265714285714369,16.707272825766523,asian,Fri,1,False
1973,XAUUSDm,short,2026-07-03 01:15:00+00:00,87910,4176.035,0.05,4183.035,4166.035,7.0,close_above_upper,0.6960140273985999,2026-07-03 01:20:00+00:00,87911,4183.275,sl,-36.19999999999891,0.0,0.0,-36.19999999999891,-1.0342857142856832,-5.626000000000204,2.2669999999998254,-0.8037142857143148,0.3238571428571179,1,300.0,0.24,8.141142857142897,17.028592588343468,asian,Fri,1,False
1974,XAUUSDm,short,2026-07-03 01:25:00+00:00,87912,4191.874,0.05,4198.874,4181.874,7.0,close_above_upper,1.0606198099847137,2026-07-03 01:40:00+00:00,87915,4182.114,tp,48.80000000000109,0.0,0.0,48.80000000000109,1.3942857142857454,-3.6320000000005166,9.436999999999898,-0.5188571428572166,1.3481428571428427,3,900.0,0.24,8.509285714285722,17.40966487676193,asian,Fri,1,False
1975,XAUUSDm,long,2026-07-06 12:45:00+00:00,88276,4133.767,0.05,4126.767,4143.767,7.0,close_below_lower,0.2195486266293064,2026-07-06 13:00:00+00:00,88279,4143.767,tp,50.0,0.0,0.0,50.0,1.4285714285714286,-0.6309999999994034,9.07800000000043,-0.09014285714277191,1.2968571428572042,3,900.0,0.24,4.498928571428548,12.935150243704012,overlap,Mon,12,False
1976,XAUUSDm,long,2026-07-07 01:20:00+00:00,88415,4136.191,0.05,4129.191,4146.191,7.0,close_below_lower,0.19976891691474166,2026-07-07 01:25:00+00:00,88416,4129.191,sl,-35.0,0.0,0.0,-35.0,-1.0,-4.344000000000051,1.0,-0.6205714285714359,0.14285714285714285,1,300.0,0.24,5.853928571428696,10.963915760915858,asian,Tue,1,False
1977,XAUUSDm,long,2026-07-07 01:30:00+00:00,88417,4132.914,0.05,4125.914,4142.914,7.0,close_below_lower,0.15774347137992475,2026-07-07 01:45:00+00:00,88420,4142.914,tp,50.0,0.0,0.0,50.0,1.4285714285714286,-1.01299999999992,9.340000000000146,-0.14471428571427428,1.3342857142857352,3,900.0,0.24,6.112500000000117,11.019240386091631,asian,Tue,1,False
1978,XAUUSDm,short,2026-07-07 12:00:00+00:00,88543,4156.671,0.05,4163.671,4146.671,7.0,close_above_upper,0.13010708754091035,2026-07-07 12:05:00+00:00,88544,4163.911,sl,-36.19999999999891,0.0,0.0,-36.19999999999891,-1.0342857142856832,-3.4429999999993015,2.3090000000001965,-0.4918571428570431,0.32985714285717094,1,300.0,0.24,4.59078571428563,11.191970312641919,overlap,Tue,12,False
1979,XAUUSDm,short,2026-07-07 12:10:00+00:00,88545,4169.307,0.05,4176.307,4159.307,7.0,close_above_upper,0.8608669764737628,2026-07-07 13:00:00+00:00,88555,4176.547,sl,-36.19999999999891,0.0,0.0,-36.19999999999891,-1.0342857142856832,-5.846000000000458,7.667999999999665,-0.8351428571429226,1.0954285714285237,10,3000.0,0.24,5.569071428571273,11.334355206751573,overlap,Tue,12,False
1980,XAUUSDm,long,2026-07-07 14:05:00+00:00,88568,4154.985,0.05,4147.985,4164.985,7.0,close_below_lower,0.029342200412946717,2026-07-07 14:35:00+00:00,88574,4147.985,sl,-35.0,0.0,0.0,-35.0,-1.0,-4.045000000000073,4.844000000000051,-0.5778571428571533,0.6920000000000073,6,1800.0,0.24,8.972071428571455,11.658150193502207,overlap,Tue,14,False
1981,XAUUSDm,long,2026-07-07 18:55:00+00:00,88626,4127.388,0.05,4120.388,4137.388,7.0,close_below_lower,0.15067605620948618,2026-07-07 19:00:00+00:00,88627,4120.388,sl,-35.0,0.0,0.0,-35.0,-1.0,-1.693000000000211,3.2669999999998254,-0.241857142857173,0.46671428571426077,1,300.0,0.24,4.041000000000038,11.304831312967659,newyork,Tue,18,False
1982,XAUUSDm,long,2026-07-07 19:05:00+00:00,88628,4122.101,0.05,4115.101,4132.101,7.0,close_below_lower,0.3246438275107558,2026-07-07 19:10:00+00:00,88629,4111.295,sl,-54.029999999997926,0.0,0.0,-54.029999999997926,-1.5437142857142265,-14.125,0.0,-2.017857142857143,0.0,1,300.0,0.24,4.7613571428571175,11.391157699414752,newyork,Tue,19,False
1983,XAUUSDm,long,2026-07-07 19:15:00+00:00,88630,4106.115,0.05,4099.115,4116.115,7.0,close_below_lower,1.1263773299484516,2026-07-07 19:20:00+00:00,88631,4098.665,sl,-37.24999999999909,0.0,0.0,-37.24999999999909,-1.0642857142856883,-14.060999999999694,0.0,-2.008714285714242,0.0,1,300.0,0.24,5.996642857142823,11.627314274244878,newyork,Tue,19,False
1984,XAUUSDm,long,2026-07-07 19:25:00+00:00,88632,4101.9839999999995,0.05,4094.984,4111.984,7.0,close_below_lower,0.8515453032986379,2026-07-07 19:30:00+00:00,88633,4111.984,tp,50.00000000000455,0.0,0.0,50.00000000000455,1.4285714285715585,-3.8929999999991196,4.600000000000364,-0.5561428571427314,0.6571428571429091,1,300.0,0.24,7.412285714285774,11.885984374359657,newyork,Tue,19,False
1985,XAUUSDm,short,2026-07-08 00:40:00+00:00,88683,4122.725,0.05,4129.725,4112.725,7.0,close_above_upper,0.5867963707231115,2026-07-08 00:55:00+00:00,88686,4112.965,tp,48.80000000000109,0.0,0.0,48.80000000000109,1.3942857142857454,-4.161000000000058,7.770000000000437,-0.5944285714285797,1.1100000000000623,3,900.0,0.24,5.487357142857101,11.445709546183553,asian,Wed,0,False
1986,XAUUSDm,long,2026-07-08 08:20:00+00:00,88775,4088.883,0.05,4081.883,4098.883,7.0,close_below_lower,1.5286126884015916,2026-07-08 08:25:00+00:00,88776,4081.883,sl,-35.0,0.0,0.0,-35.0,-1.0,-6.304999999999836,9.114999999999782,-0.9007142857142624,1.302142857142826,1,300.0,0.24,7.308428571428457,11.518452204721477,london,Wed,8,False
1987,XAUUSDm,long,2026-07-08 08:30:00+00:00,88777,4089.2039999999997,0.05,4082.204,4099.204,7.0,close_below_lower,0.9207471582175093,2026-07-08 08:35:00+00:00,88778,4082.204,sl,-34.999999999997726,0.0,0.0,-34.999999999997726,-0.999999999999935,-10.862999999999829,2.9160000000001673,-1.5518571428571184,0.41657142857145246,1,300.0,0.24,8.599999999999941,11.658689192639919,london,Wed,8,False
1988,XAUUSDm,long,2026-07-08 08:40:00+00:00,88779,4067.383,0.05,4060.383,4077.383,7.0,close_below_lower,2.0184081159286182,2026-07-08 08:55:00+00:00,88782,4060.383,sl,-35.0,0.0,0.0,-35.0,-1.0,-6.942000000000007,8.477000000000317,-0.9917142857142868,1.2110000000000452,3,900.0,0.24,10.142999999999931,11.946760056579361,london,Wed,8,False
1989,XAUUSDm,long,2026-07-08 09:00:00+00:00,88783,4056.89,0.05,4049.89,4066.89,7.0,close_below_lower,1.282422801417534,2026-07-08 09:40:00+00:00,88791,4049.89,sl,-35.0,0.0,0.0,-35.0,-1.0,-6.719000000000051,4.2029999999999745,-0.9598571428571502,0.6004285714285678,8,2400.0,0.24,11.39907142857133,12.602644463212577,london,Wed,9,False
1990,XAUUSDm,short,2026-07-08 12:20:00+00:00,88823,4075.31,0.05,4082.31,4065.31,7.0,close_above_upper,0.04915835310816634,2026-07-08 12:45:00+00:00,88828,4082.5499999999997,sl,-36.19999999999891,0.0,0.0,-36.19999999999891,-1.0342857142856832,-3.050999999999931,9.58199999999988,-0.435857142857133,1.3688571428571257,5,1500.0,0.24,7.299142857142767,13.570100265904639,overlap,Wed,12,False
1991,XAUUSDm,long,2026-07-08 14:40:00+00:00,88851,4043.357,0.05,4036.357,4053.357,7.0,close_below_lower,0.3453296701373175,2026-07-08 14:45:00+00:00,88852,4036.301,sl,-35.2800000000002,0.0,0.0,-35.2800000000002,-1.0080000000000058,-8.155999999999949,5.873000000000047,-1.16514285714285,0.8390000000000067,1,300.0,0.24,8.832999999999922,14.058102953896741,overlap,Wed,14,False
1992,XAUUSDm,long,2026-07-08 14:50:00+00:00,88853,4035.897,0.05,4028.897,4045.897,7.0,close_below_lower,0.4343049766246933,2026-07-08 15:15:00+00:00,88858,4028.897,sl,-35.0,0.0,0.0,-35.0,-1.0,-2.4699999999998,10.610000000000127,-0.3528571428571143,1.515714285714304,5,1500.0,0.24,8.781285714285625,14.307145999125677,overlap,Wed,14,False
1993,XAUUSDm,long,2026-07-08 15:25:00+00:00,88860,4026.379,0.05,4019.379,4036.379,7.0,close_below_lower,0.045570723943377585,2026-07-08 15:50:00+00:00,88865,4036.379,tp,50.0,0.0,0.0,50.0,1.4285714285714286,-4.724999999999909,8.113000000000284,-0.674999999999987,1.1590000000000404,5,1500.0,0.24,9.035642857142777,14.761616569590082,overlap,Wed,15,False
1994,XAUUSDm,short,2026-07-08 16:45:00+00:00,88876,4056.506,0.05,4063.506,4046.506,7.0,close_above_upper,0.07648283672637331,2026-07-08 16:55:00+00:00,88878,4063.7459999999996,sl,-36.19999999999891,0.0,0.0,-36.19999999999891,-1.0342857142856832,-6.454000000000178,2.925999999999931,-0.9220000000000255,0.4179999999999901,2,600.0,0.24,5.963928571428629,15.194786407689516,newyork,Wed,16,False
1995,XAUUSDm,short,2026-07-08 17:00:00+00:00,88879,4063.679,0.05,4070.679,4053.679,7.0,close_above_upper,0.0711689532157689,2026-07-08 17:20:00+00:00,88883,4070.919,sl,-36.19999999999891,0.0,0.0,-36.19999999999891,-1.0342857142856832,-6.83199999999988,3.9670000000000982,-0.9759999999999829,0.5667142857142997,4,1200.0,0.24,5.717214285714363,15.451915633505635,newyork,Wed,17,False
1996,XAUUSDm,short,2026-07-08 18:50:00+00:00,88901,4090.475,0.05,4097.475,4080.475,7.0,close_above_upper,0.08873843425780598,2026-07-08 19:45:00+00:00,88912,4084.2619999999997,signal,31.065000000000964,0.0,0.0,31.065000000000964,0.8875714285713985,-0.9380000000001019,8.087999999999738,-0.13400000000001455,1.155428571428534,11,3300.0,0.24,5.82292857142852,16.08892177325162,newyork,Wed,18,False
1997,XAUUSDm,short,2026-07-09 06:05:00+00:00,89024,4092.998,0.05,4099.998,4082.998,7.0,close_above_upper,0.10113387139450519,2026-07-09 06:20:00+00:00,89027,4100.237999999999,sl,-36.199999999996635,0.0,0.0,-36.199999999996635,-1.0342857142856854,-3.0359999999996035,4.947999999999865,-0.43371428571422904,0.7068571428571236,3,900.0,0.24,6.403714285714321,16.357607425769864,asian,Thu,6,False
1998,XAUUSDm,long,2026-07-10 13:30:00+00:00,89389,4087.7859999999996,0.05,4080.786,4097.786,7.0,close_below_lower,0.41558234844750913,2026-07-10 13:40:00+00:00,89391,4097.786,tp,50.000000000002274,0.0,0.0,50.000000000002274,1.4285714285714934,-0.9859999999994216,9.508000000000266,-0.14085714285706022,1.3582857142857523,2,600.0,0.24,5.804214285714222,9.454797269181839,overlap,Fri,13,False
1999,XAUUSDm,long,2026-07-10 14:35:00+00:00,89402,4090.319,0.05,4083.319,4100.319,7.0,close_below_lower,0.04922394934230841,2026-07-10 14:40:00+00:00,89403,4100.319,tp,50.000000000002274,0.0,0.0,50.000000000002274,1.4285714285714934,-2.594000000000051,7.251999999999953,-0.3705714285714358,1.0359999999999931,1,300.0,0.24,8.983714285714184,9.369467664094065,overlap,Fri,14,False
2000,XAUUSDm,short,2026-07-10 20:05:00+00:00,89468,4113.377,0.05,4120.377,4103.377,7.0,close_above_upper,0.009510940777551638,2026-07-10 20:55:00+00:00,89478,4120.617,sl,-36.19999999999891,0.0,0.0,-36.19999999999891,-1.0342857142856832,-6.8659999999999854,3.071000000000822,-0.9808571428571408,0.4387142857144032,10,3000.0,0.24,2.794000000000064,9.335623977492492,newyork,Fri,20,False
2001,XAUUSDm,long,2026-07-12 22:05:00+00:00,89480,4091.66,0.05,4084.66,4101.66,7.0,close_below_lower,1.0161540340029112,2026-07-12 22:10:00+00:00,89481,4084.66,sl,-35.0,0.0,0.0,-35.0,-1.0,-6.585999999999785,2.7830000000003565,-0.9408571428571122,0.3975714285714795,1,300.0,0.24,5.046785714285728,9.5591692277387,rollover,Sun,22,False
2002,XAUUSDm,long,2026-07-12 22:15:00+00:00,89482,4081.7569999999996,0.05,4074.757,4091.757,7.0,close_below_lower,1.5169381863871154,2026-07-12 22:45:00+00:00,89488,4074.757,sl,-34.999999999997726,0.0,0.0,-34.999999999997726,-0.999999999999935,-3.9469999999996617,6.403000000000247,-0.5638571428570945,0.914714285714321,6,1800.0,0.24,5.868428571428565,9.766300634933899,rollover,Sun,22,False
2003,XAUUSDm,long,2026-07-12 22:50:00+00:00,89489,4078.2969999999996,0.05,4071.297,4088.297,7.0,close_below_lower,0.19169598992426706,2026-07-12 23:00:00+00:00,89491,4071.297,sl,-34.999999999997726,0.0,0.0,-34.999999999997726,-0.999999999999935,-2.770999999999731,2.7090000000002874,-0.3958571428571044,0.38700000000004103,2,600.0,0.24,7.809428571428628,10.144974403766813,rollover,Sun,22,False
2004,XAUUSDm,long,2026-07-12 23:05:00+00:00,89492,4070.459,0.05,4063.459,4080.459,7.0,close_below_lower,0.3436187984893765,2026-07-12 23:40:00+00:00,89499,4077.128,signal,33.34500000000162,0.0,0.0,33.34500000000162,0.9527142857143319,-1.7349999999996726,6.984000000000378,-0.2478571428570961,0.9977142857143397,7,2100.0,0.24,8.145571428571495,10.170308539565841,rollover,Sun,23,False
2005,XAUUSDm,long,2026-07-13 00:35:00+00:00,89510,4062.852,0.05,4055.852,4072.852,7.0,close_below_lower,0.5301277173368899,2026-07-13 00:40:00+00:00,89511,4072.852,tp,50.0,0.0,0.0,50.0,1.4285714285714286,-0.8299999999999272,7.363000000000284,-0.11857142857141818,1.0518571428571835,1,300.0,0.24,5.883428571428534,10.612304401581138,asian,Mon,0,False
2006,XAUUSDm,long,2026-07-13 03:15:00+00:00,89542,4058.3149999999996,0.05,4051.315,4068.315,7.0,close_below_lower,0.10530977731108096,2026-07-13 04:15:00+00:00,89554,4051.315,sl,-34.999999999997726,0.0,0.0,-34.999999999997726,-0.999999999999935,-6.198999999999614,4.222000000000207,-0.8855714285713735,0.6031428571428867,12,3600.0,0.24,5.171428571428578,9.944752553126412,asian,Mon,3,False
2007,XAUUSDm,short,2026-07-13 05:10:00+00:00,89565,4070.651,0.05,4077.651,4060.651,7.0,close_above_upper,0.24301737200141382,2026-07-13 05:20:00+00:00,89567,4060.8909999999996,tp,48.80000000000109,0.0,0.0,48.80000000000109,1.3942857142857454,-2.5210000000001855,6.777000000000044,-0.36014285714288363,0.9681428571428634,2,600.0,0.24,4.599142857142819,10.144227953761838,asian,Mon,5,False
2008,XAUUSDm,short,2026-07-13 08:10:00+00:00,89601,4071.157,0.05,4078.157,4061.157,7.0,close_above_upper,0.022069720289171292,2026-07-13 08:20:00+00:00,89603,4078.397,sl,-36.19999999999891,0.0,0.0,-36.19999999999891,-1.0342857142856832,-6.9780000000000655,1.568000000000211,-0.9968571428571522,0.22400000000003015,2,600.0,0.24,4.966714285714261,10.3300626847855,london,Mon,8,False
2009,XAUUSDm,short,2026-07-13 08:25:00+00:00,89604,4078.487,0.05,4085.487,4068.487,7.0,close_above_upper,0.26166835322311666,2026-07-13 09:20:00+00:00,89615,4073.3149999999996,signal,25.8600000000024,0.0,0.0,25.8600000000024,0.7388571428572115,-1.3299999999999272,7.130000000000109,-0.1899999999999896,1.0185714285714442,11,3300.0,0.24,4.42328571428571,10.416796561916696,london,Mon,8,False
2010,XAUUSDm,long,2026-07-13 10:45:00+00:00,89632,4052.3959999999997,0.05,4045.396,4062.396,7.0,close_below_lower,0.44017933101673345,2026-07-13 11:00:00+00:00,89635,4062.396,tp,50.000000000002274,0.0,0.0,50.000000000002274,1.4285714285714934,-4.5109999999995125,8.998000000000047,-0.6444285714285017,1.2854285714285782,3,900.0,0.24,4.140500000000007,10.342799243578586,london,Mon,10,False
2011,XAUUSDm,long,2026-07-13 14:00:00+00:00,89671,4043.528,0.05,4036.528,4053.528,7.0,close_below_lower,0.2845656283409861,2026-07-13 14:05:00+00:00,89672,4036.528,sl,-35.0,0.0,0.0,-35.0,-1.0,-5.893999999999778,3.494000000000142,-0.8419999999999683,0.4991428571428774,1,300.0,0.24,6.175428571428581,10.591004802046568,overlap,Mon,14,False
2012,XAUUSDm,long,2026-07-13 14:10:00+00:00,89673,4037.7169999999996,0.05,4030.717,4047.717,7.0,close_below_lower,0.44051250937207614,2026-07-13 14:15:00+00:00,89674,4030.717,sl,-34.999999999997726,0.0,0.0,-34.999999999997726,-0.999999999999935,-3.95299999999952,2.0300000000002,-0.5647142857142171,0.29000000000002857,1,300.0,0.24,7.168785714285734,10.702317960536277,overlap,Mon,14,False
2013,XAUUSDm,long,2026-07-13 14:20:00+00:00,89675,4021.725,0.05,4014.725,4031.725,7.0,close_below_lower,1.3753289563283633,2026-07-13 14:25:00+00:00,89676,4014.725,sl,-35.0,0.0,0.0,-35.0,-1.0,-19.366999999999734,0.4619999999999891,-2.7667142857142477,0.06599999999999843,1,300.0,0.24,8.86935714285713,10.88004295779305,overlap,Mon,14,False
2014,XAUUSDm,long,2026-07-13 14:30:00+00:00,89677,4017.24,0.05,4010.24,4027.24,7.0,close_below_lower,1.1377727969411486,2026-07-13 14:35:00+00:00,89678,4010.24,sl,-35.0,0.0,0.0,-35.0,-1.0,-12.242999999999938,0.0,-1.7489999999999912,0.0,1,300.0,0.24,10.725785714285653,11.127625541501876,overlap,Mon,14,False
2015,XAUUSDm,long,2026-07-13 14:40:00+00:00,89679,4008.0499999999997,0.05,4001.05,4018.05,7.0,close_below_lower,1.2179346794447128,2026-07-13 15:15:00+00:00,89686,4018.05,tp,50.000000000002274,0.0,0.0,50.000000000002274,1.4285714285714934,-7.791999999999916,9.807000000000244,-1.1131428571428452,1.4010000000000349,7,2100.0,0.24,11.575214285714244,11.404885915333203,overlap,Mon,14,False
2016,XAUUSDm,long,2026-07-13 16:35:00+00:00,89702,3995.357,0.05,3988.357,4005.357,7.0,close_below_lower,0.3528143089073655,2026-07-13 16:55:00+00:00,89706,3988.357,sl,-35.0,0.0,0.0,-35.0,-1.0,-4.679999999999836,7.525000000000091,-0.6685714285714052,1.075000000000013,4,1200.0,0.24,5.057642857142874,11.936192733094048,newyork,Mon,16,False
2017,XAUUSDm,short,2026-07-14 12:35:00+00:00,89930,4095.894,0.05,4102.894,4085.894,7.0,close_above_upper,3.95706598396194,2026-07-14 12:40:00+00:00,89931,4086.1339999999996,tp,48.80000000000109,0.0,0.0,48.80000000000109,1.3942857142856548,-4.713000000000193,13.907999999999902,-0.6732857142857418,1.9868571428571289,1,300.0,0.24,9.165785714285708,12.486021285493997,overlap,Tue,12,False
2018,XAUUSDm,short,2026-07-14 12:45:00+00:00,89932,4092.714,0.05,4099.714,4082.714,7.0,close_above_upper,2.6023322771901576,2026-07-14 12:50:00+00:00,89933,4082.9539999999997,tp,48.80000000000109,0.0,0.0,48.80000000000109,1.3942857142857454,-2.6350000000002183,10.298999999999978,-0.3764285714286026,1.4712857142857112,1,300.0,0.24,10.636857142857123,12.98393276207253,overlap,Tue,12,False
2019,XAUUSDm,short,2026-07-14 12:55:00+00:00,89934,4073.47,0.05,4080.47,4063.47,7.0,close_above_upper,0.43278862844766885,2026-07-14 13:00:00+00:00,89935,4080.7099999999996,sl,-36.19999999999891,0.0,0.0,-36.19999999999891,-1.0342857142856832,-3.604000000000269,4.550999999999931,-0.5148571428571813,0.6501428571428473,1,300.0,0.24,12.05442857142855,13.253542213478992,overlap,Tue,12,False
2020,XAUUSDm,short,2026-07-14 13:10:00+00:00,89937,4077.474,0.05,4084.474,4067.474,7.0,close_above_upper,0.005169189705940828,2026-07-14 13:20:00+00:00,89939,4084.714,sl,-36.19999999999891,0.0,0.0,-36.19999999999891,-1.0342857142856832,-2.8530000000000655,5.697000000000116,-0.4075714285714379,0.8138571428571595,2,600.0,0.24,13.323785714285675,13.484147092898063,overlap,Tue,13,False
2021,XAUUSDm,long,2026-07-14 16:10:00+00:00,89973,4060.683,0.05,4053.683,4070.683,7.0,close_below_lower,0.021497516822737425,2026-07-14 17:25:00+00:00,89988,4060.681,signal,-0.009999999999763531,0.0,0.0,-0.009999999999763531,-0.0002857142857075295,-6.427999999999884,4.402000000000044,-0.9182857142856976,0.6288571428571491,15,4500.0,0.24,7.427928571428603,14.319696375938957,newyork,Tue,16,False
2022,XAUUSDm,long,2026-07-15 01:45:00+00:00,90076,4039.2389999999996,0.05,4032.239,4049.239,7.0,close_below_lower,0.14848121734630462,2026-07-15 02:15:00+00:00,90082,4032.239,sl,-34.999999999997726,0.0,0.0,-34.999999999997726,-0.999999999999935,-5.477999999999611,3.2750000000005457,-0.782571428571373,0.4678571428572208,6,1800.0,0.24,4.790214285714261,12.159229159897226,asian,Wed,1,False
2023,XAUUSDm,long,2026-07-15 02:20:00+00:00,90083,4030.5159999999996,0.05,4023.516,4040.516,7.0,close_below_lower,0.028648647150669233,2026-07-15 02:40:00+00:00,90087,4040.516,tp,50.000000000002274,0.0,0.0,50.000000000002274,1.4285714285714934,-1.3739999999997963,7.503000000000156,-0.19628571428568517,1.0718571428571653,4,1200.0,0.24,5.423214285714299,12.36860535015625,asian,Wed,2,False
2024,XAUUSDm,short,2026-07-15 12:35:00+00:00,90206,4054.196,0.05,4061.196,4044.196,7.0,close_above_upper,0.4888961938216113,2026-07-15 12:40:00+00:00,90207,4063.868,sl,-48.36000000000013,0.0,0.0,-48.36000000000013,-1.3817142857142894,-11.98700000000008,0.5720000000001164,-1.712428571428583,0.08171428571430235,1,300.0,0.24,4.465428571428577,10.331982271740996,overlap,Wed,12,False
2025,XAUUSDm,short,2026-07-15 12:45:00+00:00,90208,4062.914,0.05,4069.914,4052.914,7.0,close_above_upper,0.8107765331823787,2026-07-15 12:55:00+00:00,90210,4070.154,sl,-36.19999999999891,0.0,0.0,-36.19999999999891,-1.0342857142856832,-3.8409999999998945,2.048000000000229,-0.5487142857142706,0.2925714285714613,2,600.0,0.24,5.344214285714315,10.469831138781208,overlap,Wed,12,False
2026,XAUUSDm,short,2026-07-15 13:00:00+00:00,90211,4067.94,0.05,4074.94,4057.94,7.0,close_above_upper,0.5570276364614174,2026-07-15 13:25:00+00:00,90216,4058.18,tp,48.80000000000109,0.0,0.0,48.80000000000109,1.3942857142857454,-6.322000000000116,7.014999999999873,-0.9031428571428738,1.002142857142839,5,1500.0,0.24,5.918928571428588,10.723703014484546,overlap,Wed,13,False
2027,XAUUSDm,long,2026-07-15 15:15:00+00:00,90238,4044.3799999999997,0.05,4037.38,4054.38,7.0,close_below_lower,0.2588327877944688,2026-07-15 16:10:00+00:00,90249,4037.38,sl,-34.999999999997726,0.0,0.0,-34.999999999997726,-0.999999999999935,-4.9669999999996435,6.595000000000255,-0.7095714285713777,0.9421428571428935,11,3300.0,0.24,5.658857142857187,10.884593062290758,overlap,Wed,15,False
2028,XAUUSDm,long,2026-07-15 16:20:00+00:00,90251,4034.2299999999996,0.05,4027.23,4044.23,7.0,close_below_lower,0.05948952669834812,2026-07-15 16:40:00+00:00,90255,4027.23,sl,-34.999999999997726,0.0,0.0,-34.999999999997726,-0.999999999999935,-6.996999999999389,3.6890000000003056,-0.9995714285713413,0.5270000000000437,4,1200.0,0.24,5.066500000000035,11.216012038807822,newyork,Wed,16,False
2029,XAUUSDm,short,2026-07-15 17:35:00+00:00,90266,4054.628,0.05,4061.628,4044.628,7.0,close_above_upper,0.3977744036807112,2026-07-15 17:40:00+00:00,90267,4061.868,sl,-36.19999999999891,0.0,0.0,-36.19999999999891,-1.0342857142856832,-5.382000000000062,1.2640000000001237,-0.7688571428571517,0.18057142857144623,1,300.0,0.24,5.605571428571401,11.599516594197748,newyork,Wed,17,False
2030,XAUUSDm,short,2026-07-15 17:45:00+00:00,90268,4062.307,0.05,4069.307,4052.307,7.0,close_above_upper,0.6372655115488954,2026-07-15 18:05:00+00:00,90272,4069.5469999999996,sl,-36.19999999999891,0.0,0.0,-36.19999999999891,-1.0342857142856832,-6.568000000000211,2.155999999999949,-0.9382857142857445,0.3079999999999927,4,1200.0,0.24,5.740000000000009,11.792553127560357,newyork,Wed,17,False
2031,XAUUSDm,short,2026-07-15 18:10:00+00:00,90273,4066.828,0.05,4073.828,4056.828,7.0,close_above_upper,0.01371110189974214,2026-07-15 18:25:00+00:00,90276,4074.0679999999998,sl,-36.19999999999891,0.0,0.0,-36.19999999999891,-1.0342857142856832,-5.092000000000098,1.3989999999998872,-0.7274285714285854,0.19985714285712675,3,900.0,0.24,5.42507142857143,12.168450100127119,newyork,Wed,18,False
2032,XAUUSDm,long,2026-07-16 12:25:00+00:00,90480,4021.301,0.05,4014.301,4031.301,7.0,close_below_lower,0.06203039173553071,2026-07-16 12:40:00+00:00,90483,4014.301,sl,-35.0,0.0,0.0,-35.0,-1.0,-6.670999999999822,8.46100000000024,-0.9529999999999745,1.20871428571432,3,900.0,0.24,7.891857142857167,10.09705474226108,overlap,Thu,12,False
2033,XAUUSDm,long,2026-07-16 12:45:00+00:00,90484,4002.8759999999997,0.05,3995.876,4012.876,7.0,close_below_lower,1.2400041273620155,2026-07-16 12:50:00+00:00,90485,3995.876,sl,-34.999999999997726,0.0,0.0,-34.999999999997726,-0.999999999999935,-3.88399999999956,5.967000000000098,-0.55485714285708,0.8524285714285854,1,300.0,0.24,9.604357142857127,10.336160052881773,overlap,Thu,12,False
2034,XAUUSDm,long,2026-07-16 12:55:00+00:00,90486,3996.334,0.05,3989.334,4006.334,7.0,close_below_lower,1.2373726704702008,2026-07-16 13:00:00+00:00,90487,3989.334,sl,-35.0,0.0,0.0,-35.0,-1.0,-6.002999999999702,0.7710000000001855,-0.8575714285713859,0.11014285714288365,1,300.0,0.24,10.221071428571415,10.578181663086307,overlap,Thu,12,False
2035,XAUUSDm,long,2026-07-16 13:05:00+00:00,90488,3978.631,0.05,3971.631,3988.631,7.0,close_below_lower,2.0789140484392648,2026-07-16 13:10:00+00:00,90489,3988.631,tp,50.0,0.0,0.0,50.0,1.4285714285714286,-5.15099999999984,7.717000000000098,-0.73585714285712,1.1024285714285855,1,300.0,0.24,10.41907142857141,10.901113700345423,overlap,Thu,13,False
2036,XAUUSDm,long,2026-07-16 13:15:00+00:00,90490,3992.446,0.05,3985.446,4002.446,7.0,close_below_lower,0.1966393736766418,2026-07-16 13:25:00+00:00,90492,4002.446,tp,50.0,0.0,0.0,50.0,1.4285714285714286,-1.3769999999999527,6.970000000000255,-0.19671428571427896,0.9957142857143221,2,600.0,0.24,11.322999999999931,11.101583741336963,overlap,Thu,13,False
2037,XAUUSDm,long,2026-07-16 13:40:00+00:00,90495,3983.794,0.05,3976.794,3993.794,7.0,close_below_lower,0.2491256525604791,2026-07-16 13:50:00+00:00,90497,3993.794,tp,50.0,0.0,0.0,50.0,1.4285714285714286,-0.4169999999999163,9.298999999999978,-0.05957142857141662,1.3284285714285684,2,600.0,0.24,10.95507142857137,11.273511494413986,overlap,Thu,13,False
2038,XAUUSDm,short,2026-07-16 15:30:00+00:00,90517,4011.261,0.05,4018.261,4001.261,7.0,close_above_upper,0.08514777093688831,2026-07-16 16:00:00+00:00,90523,4001.5009999999997,tp,48.80000000000109,0.0,0.0,48.80000000000109,1.3942857142857454,-5.012000000000171,5.722999999999956,-0.7160000000000244,0.8175714285714223,6,1800.0,0.24,7.171357142857103,11.458688744175205,overlap,Thu,15,False
2039,XAUUSDm,long,2026-07-16 16:15:00+00:00,90526,3989.9139999999998,0.05,3982.914,3999.914,7.0,close_below_lower,0.18134731094468445,2026-07-16 16:20:00+00:00,90527,3982.914,sl,-34.999999999997726,0.0,0.0,-34.999999999997726,-0.999999999999935,-4.536999999999807,1.7770000000000437,-0.6481428571428296,0.2538571428571491,1,300.0,0.24,6.549714285714247,11.813587215732534,newyork,Thu,16,False
2040,XAUUSDm,long,2026-07-16 16:25:00+00:00,90528,3987.102,0.05,3980.102,3997.102,7.0,close_below_lower,0.14818373524635156,2026-07-16 16:55:00+00:00,90534,3994.638,signal,37.68000000000029,0.0,0.0,37.68000000000029,1.076571428571437,-2.688999999999851,8.48700000000008,-0.38414285714283586,1.212428571428583,6,1800.0,0.24,6.67192857142855,11.955952898145544,newyork,Thu,16,False
2041,XAUUSDm,short,2026-07-17 03:20:00+00:00,90647,4002.466,0.05,4009.466,3992.466,7.0,close_above_upper,0.47579302506481747,2026-07-17 03:55:00+00:00,90654,3992.7059999999997,tp,48.80000000000109,0.0,0.0,48.80000000000109,1.3942857142857454,-6.499000000000251,9.628999999999905,-0.9284285714286072,1.3755714285714151,7,2100.0,0.24,5.730357142857234,12.385226528835814,asian,Fri,3,False
2042,XAUUSDm,short,2026-07-17 06:20:00+00:00,90683,4002.162,0.05,4009.162,3992.162,7.0,close_above_upper,0.039470348631409885,2026-07-17 07:10:00+00:00,90693,3995.345,signal,34.085000000000036,0.0,0.0,34.085000000000036,0.9738571428571439,-5.072000000000116,7.596000000000004,-0.7245714285714452,1.0851428571428576,10,3000.0,0.24,5.8357857142857155,13.109022351847734,asian,Fri,6,False
2043,XAUUSDm,long,2026-07-17 12:45:00+00:00,90760,3970.0209999999997,0.05,3963.021,3980.021,7.0,close_below_lower,0.4242619955729334,2026-07-17 13:00:00+00:00,90763,3963.021,sl,-34.999999999997726,0.0,0.0,-34.999999999997726,-0.999999999999935,-6.149999999999636,3.218000000000302,-0.8785714285713766,0.4597142857143289,3,900.0,0.24,5.435142857142864,11.994014813183158,overlap,Fri,12,False
2044,XAUUSDm,short,2026-07-17 13:40:00+00:00,90771,3994.042,0.05,4001.042,3984.042,7.0,close_above_upper,0.6867002644852325,2026-07-17 13:45:00+00:00,90772,3984.2819999999997,tp,48.80000000000109,0.0,0.0,48.80000000000109,1.3942857142857454,-0.20800000000008367,11.873999999999796,-0.029714285714297666,1.696285714285685,1,300.0,0.24,10.339428571428536,11.952148398324383,overlap,Fri,13,False
2045,XAUUSDm,short,2026-07-17 13:50:00+00:00,90773,3989.664,0.05,3996.664,3979.664,7.0,close_above_upper,0.13602321908081755,2026-07-17 13:55:00+00:00,90774,3996.904,sl,-36.19999999999891,0.0,0.0,-36.19999999999891,-1.0342857142856832,-4.640999999999622,1.4020000000000437,-0.662999999999946,0.20028571428572053,1,300.0,0.24,10.994857142857134,11.929015950311005,overlap,Fri,13,False
2046,XAUUSDm,short,2026-07-17 14:00:00+00:00,90775,3997.322,0.05,4004.322,3987.322,7.0,close_above_upper,0.4505369590945928,2026-07-17 14:20:00+00:00,90779,4004.562,sl,-36.19999999999891,0.0,0.0,-36.19999999999891,-1.0342857142856832,-3.474999999999909,7.027000000000044,-0.49642857142855845,1.003857142857149,4,1200.0,0.24,10.597071428571358,11.967700311540469,overlap,Fri,14,False
2047,XAUUSDm,short,2026-07-17 14:25:00+00:00,90780,4002.579,0.05,4009.579,3992.579,7.0,close_above_upper,0.12337956039947032,2026-07-17 14:30:00+00:00,90781,3992.819,tp,48.80000000000109,0.0,0.0,48.80000000000109,1.3942857142857454,-1.569999999999709,4.864000000000033,-0.2242857142856727,0.6948571428571475,1,300.0,0.24,10.265714285714239,12.096332292414797,overlap,Fri,14,False
2048,XAUUSDm,short,2026-07-17 15:05:00+00:00,90788,4012.516,0.05,4019.516,4002.516,7.0,close_above_upper,0.2341706007525838,2026-07-17 15:50:00+00:00,90797,4019.756,sl,-36.19999999999891,0.0,0.0,-36.19999999999891,-1.0342857142856832,-5.98299999999972,9.69900000000007,-0.8547142857142457,1.3855714285714384,9,2700.0,0.24,7.774214285714281,12.105347727152044,overlap,Fri,15,False
2049,XAUUSDm,long,2026-07-19 22:05:00+00:00,90860,3997.1139999999996,0.05,3990.114,4007.114,7.0,close_below_lower,0.1972862750106698,2026-07-19 23:40:00+00:00,90879,3990.114,sl,-34.999999999997726,0.0,0.0,-34.999999999997726,-0.999999999999935,-6.810999999999694,5.097000000000207,-0.9729999999999563,0.7281428571428867,19,5700.0,0.24,4.193714285714252,12.16515912373318,rollover,Sun,22,False
2050,XAUUSDm,short,2026-07-20 01:05:00+00:00,90896,4013.668,0.05,4020.668,4003.668,7.0,close_above_upper,0.002219916339289869,2026-07-20 01:10:00+00:00,90897,4020.908,sl,-36.19999999999891,0.0,0.0,-36.19999999999891,-1.0342857142856832,-3.3040000000000873,3.519999999999982,-0.47200000000001247,0.5028571428571402,1,300.0,0.24,7.108428571428574,12.800190854183606,asian,Mon,1,False
2051,XAUUSDm,short,2026-07-20 02:50:00+00:00,90917,4024.947,0.05,4031.947,4014.947,7.0,close_above_upper,0.20440602383624248,2026-07-20 04:15:00+00:00,90934,4021.752,signal,15.975000000000819,0.0,0.0,15.975000000000819,0.45642857142859483,-2.9299999999998363,6.369000000000142,-0.41857142857140517,0.9098571428571631,17,5100.0,0.24,6.033214285714199,13.121859601583964,asian,Mon,2,False
2052,XAUUSDm,short,2026-07-20 11:35:00+00:00,91022,4036.852,0.05,4043.852,4026.852,7.0,close_above_upper,0.07688850527877354,2026-07-20 11:45:00+00:00,91024,4027.0919999999996,tp,48.80000000000109,0.0,0.0,48.80000000000109,1.3942857142857454,-0.7960000000002765,7.7199999999998,-0.11371428571432521,1.1028571428571143,2,600.0,0.24,4.008285714285681,12.053825856955404,london,Mon,11,False
2053,XAUUSDm,long,2026-07-20 12:25:00+00:00,91032,4008.2279999999996,0.05,4001.228,4018.228,7.0,close_below_lower,0.06432280419305848,2026-07-20 13:25:00+00:00,91044,4011.783,signal,17.775000000001455,0.0,0.0,17.775000000001455,0.5078571428571844,-1.794999999999618,7.376000000000204,-0.2564285714285169,1.053714285714315,12,3600.0,0.24,6.3685714285714505,11.966900920507383,overlap,Mon,12,False
2054,XAUUSDm,short,2026-07-21 01:20:00+00:00,91175,4034.031,0.05,4041.031,4024.031,7.0,close_above_upper,0.03240250451133696,2026-07-21 01:35:00+00:00,91178,4024.2709999999997,tp,48.80000000000109,0.0,0.0,48.80000000000109,1.3942857142857454,-0.012999999999919964,7.780999999999949,-0.0018571428571314236,1.1115714285714213,3,900.0,0.24,5.409785714285688,11.339613410379684,asian,Tue,1,False
2055,XAUUSDm,short,2026-07-21 05:45:00+00:00,91228,4065.798,0.05,4072.798,4055.798,7.0,close_above_upper,0.10150762561569555,2026-07-21 06:20:00+00:00,91235,4073.0379999999996,sl,-36.19999999999891,0.0,0.0,-36.19999999999891,-1.0342857142856832,-6.762000000000171,4.519999999999982,-0.9660000000000244,0.6457142857142831,7,2100.0,0.24,3.673642857142795,11.556956166174437,asian,Tue,5,False
2056,XAUUSDm,short,2026-07-21 06:50:00+00:00,91241,4082.823,0.05,4089.823,4072.823,7.0,close_above_upper,0.008847722689956492,2026-07-21 07:10:00+00:00,91245,4073.0629999999996,tp,48.80000000000109,0.0,0.0,48.80000000000109,1.3942857142857454,-0.4259999999999309,8.213999999999942,-0.060857142857132986,1.173428571428563,4,1200.0,0.24,4.787071428571478,12.09303370502094,asian,Tue,6,False
2057,XAUUSDm,short,2026-07-21 14:15:00+00:00,91330,4065.723,0.05,4072.723,4055.723,7.0,close_above_upper,0.03311090348791326,2026-07-21 14:30:00+00:00,91333,4072.9629999999997,sl,-36.19999999999891,0.0,0.0,-36.19999999999891,-1.0342857142856832,-3.7400000000002365,4.815000000000055,-0.5342857142857481,0.6878571428571506,3,900.0,0.24,6.2610714285714755,10.64792404836672,overlap,Tue,14,False
2058,XAUUSDm,short,2026-07-21 18:30:00+00:00,91381,4083.709,0.05,4090.709,4073.709,7.0,close_above_upper,0.083247904686025,2026-07-21 20:25:00+00:00,91404,4083.0179999999996,signal,3.4550000000012915,0.0,0.0,3.4550000000012915,0.09871428571432261,-2.6350000000002183,4.381999999999607,-0.3764285714286026,0.6259999999999438,23,6900.0,0.24,3.101142857142869,10.671995681330896,newyork,Tue,18,False
2059,XAUUSDm,short,2026-07-22 00:20:00+00:00,91439,4095.435,0.05,4102.435,4085.435,7.0,close_above_upper,0.1150767478072939,2026-07-22 00:30:00+00:00,91441,4102.675,sl,-36.20000000000118,0.0,0.0,-36.20000000000118,-1.0342857142858153,-3.3460000000000036,2.48299999999972,-0.47800000000000054,0.3547142857142457,2,600.0,0.24,3.2522142857143144,9.95911582577709,asian,Wed,0,False
2060,XAUUSDm,short,2026-07-22 01:05:00+00:00,91448,4110.728,0.05,4117.728,4100.728,7.0,close_above_upper,0.6304370433525459,2026-07-22 01:10:00+00:00,91449,4117.968,sl,-36.19999999999891,0.0,0.0,-36.19999999999891,-1.0342857142856832,-6.863999999999578,0.875,-0.9805714285713683,0.125,1,300.0,0.24,6.624357142857142,10.119229653693768,asian,Wed,1,False
2061,XAUUSDm,short,2026-07-22 01:15:00+00:00,91450,4121.011,0.05,4128.011,4111.011,7.0,close_above_upper,1.1053926174615314,2026-07-22 02:30:00+00:00,91465,4128.251,sl,-36.19999999999891,0.0,0.0,-36.19999999999891,-1.0342857142856832,-5.036999999999352,9.404000000000451,-0.719571428571336,1.3434285714286358,15,4500.0,0.24,7.17335714285712,10.289591467220708,asian,Wed,1,False
2062,XAUUSDm,long,2026-07-22 06:30:00+00:00,91513,4117.833,0.05,4110.833,4127.833,7.0,close_below_lower,0.0064286681158563334,2026-07-22 07:30:00+00:00,91525,4119.466,signal,8.165000000003602,0.0,0.0,8.165000000003602,0.23328571428581718,-6.056999999999789,4.564000000000306,-0.8652857142856841,0.6520000000000437,12,3600.0,0.24,4.5265000000000715,10.829080913193948,asian,Wed,6,False
2063,XAUUSDm,short,2026-07-22 13:35:00+00:00,91598,4142.172,0.05,4149.172,4132.172,7.0,close_above_upper,0.421349345199675,2026-07-22 13:45:00+00:00,91600,4149.411999999999,sl,-36.19999999999891,0.0,0.0,-36.19999999999891,-1.0342857142856832,-3.9130000000004657,3.5689999999995052,-0.5590000000000666,0.5098571428570722,2,600.0,0.24,6.601999999999862,10.734557933192217,overlap,Wed,13,False
2064,XAUUSDm,short,2026-07-22 13:50:00+00:00,91601,4146.211,0.05,4153.211,4136.211,7.0,close_above_upper,0.28121084366380306,2026-07-22 13:55:00+00:00,91602,4153.451,sl,-36.19999999999891,0.0,0.0,-36.19999999999891,-1.0342857142856832,-1.9899999999997817,2.418999999999869,-0.2842857142856831,0.3455714285714099,1,300.0,0.24,6.890571428571287,10.950766039447231,overlap,Wed,13,False
2065,XAUUSDm,short,2026-07-22 14:00:00+00:00,91603,4154.526,0.05,4161.526,4144.526,7.0,close_above_upper,0.5930421761785208,2026-07-22 14:25:00+00:00,91608,4144.766,tp,48.80000000000109,0.0,0.0,48.80000000000109,1.3942857142857454,-9.097999999999956,6.002999999999702,-1.2997142857142794,0.8575714285713859,5,1500.0,0.24,7.169428571428463,11.121677658093555,overlap,Wed,14,False
2066,XAUUSDm,long,2026-07-23 02:05:00+00:00,91736,4114.269,0.05,4107.269,4124.269,7.0,close_below_lower,0.08118937264127953,2026-07-23 02:45:00+00:00,91744,4122.058,signal,38.9449999999988,0.0,0.0,38.9449999999988,1.1127142857142513,-2.092999999999847,8.019999999999527,-0.29899999999997817,1.1457142857142182,8,2400.0,0.24,6.290571428571444,11.277112981833216,asian,Thu,2,False
2067,XAUUSDm,long,2026-07-23 07:15:00+00:00,91798,4106.763,0.05,4099.763,4116.763,7.0,close_below_lower,0.08640638816209706,2026-07-23 07:35:00+00:00,91802,4099.763,sl,-35.0,0.0,0.0,-35.0,-1.0,-4.777000000000044,5.050000000000182,-0.6824285714285777,0.7214285714285974,4,1200.0,0.24,4.244428571428671,11.267632868160659,london,Thu,7,False
2068,XAUUSDm,long,2026-07-23 07:45:00+00:00,91804,4095.964,0.05,4088.964,4105.964,7.0,close_below_lower,0.23964928358881646,2026-07-23 08:20:00+00:00,91811,4088.964,sl,-35.0,0.0,0.0,-35.0,-1.0,-6.682999999999993,1.8280000000004293,-0.9547142857142846,0.26114285714291846,7,2100.0,0.24,5.450642857143066,11.54872326145746,london,Thu,7,False
2069,XAUUSDm,long,2026-07-23 13:05:00+00:00,91868,4055.991,0.05,4048.991,4065.991,7.0,close_below_lower,0.31177454983827063,2026-07-23 13:10:00+00:00,91869,4047.245,sl,-43.73000000000047,0.0,0.0,-43.73000000000047,-1.2494285714285849,-11.277999999999793,1.1959999999999127,-1.6111428571428275,0.17085714285713038,1,300.0,0.24,6.689714285714315,11.838287263227771,overlap,Thu,13,False
2070,XAUUSDm,long,2026-07-23 13:15:00+00:00,91870,4041.317,0.05,4034.317,4051.317,7.0,close_below_lower,0.9911205472371957,2026-07-23 13:20:00+00:00,91871,4051.317,tp,50.0,0.0,0.0,50.0,1.4285714285714286,-0.8110000000001492,8.144999999999982,-0.11585714285716417,1.163571428571426,1,300.0,0.24,7.562214285714325,12.098944047052886,overlap,Thu,13,False
2071,XAUUSDm,long,2026-07-24 02:50:00+00:00,92021,4026.817,0.05,4019.817,4036.817,7.0,close_below_lower,0.5836785324160141,2026-07-24 03:50:00+00:00,92033,4031.345,signal,22.639999999998963,0.0,0.0,22.639999999998963,0.6468571428571133,-3.83199999999988,6.806999999999789,-0.5474285714285543,0.9724285714285413,12,3600.0,0.24,4.343214285714306,10.358607858890165,asian,Fri,2,False
2072,XAUUSDm,short,2026-07-24 07:35:00+00:00,92078,4053.535,0.05,4060.535,4043.535,7.0,close_above_upper,0.04961930401178354,2026-07-24 08:15:00+00:00,92086,4046.8759999999997,signal,33.29500000000053,0.0,0.0,33.29500000000053,0.9512857142857294,-0.22800000000006548,8.474999999999909,-0.032571428571437924,1.2107142857142728,8,2400.0,0.24,4.069428571428554,11.078154776731477,london,Fri,7,False
2073,XAUUSDm,short,2026-07-24 14:00:00+00:00,92155,4067.308,0.05,4074.308,4057.308,7.0,close_above_upper,0.3561722312973073,2026-07-24 14:05:00+00:00,92156,4057.548,tp,48.80000000000109,0.0,0.0,48.80000000000109,1.3942857142857454,-2.7029999999999745,4.586999999999989,-0.3861428571428535,0.6552857142857127,1,300.0,0.24,6.064285714285655,9.869739043967195,overlap,Fri,14,False
2074,XAUUSDm,short,2026-07-24 15:15:00+00:00,92170,4074.446,0.05,4081.446,4064.446,7.0,close_above_upper,0.10466355529379007,2026-07-24 15:20:00+00:00,92171,4081.6859999999997,sl,-36.19999999999891,0.0,0.0,-36.19999999999891,-1.0342857142856832,-7.0900000000001455,2.6799999999998363,-1.0128571428571636,0.38285714285711947,1,300.0,0.24,5.746142857142916,10.004821086695019,overlap,Fri,15,False
2075,XAUUSDm,short,2026-07-26 22:05:00+00:00,92240,4089.502,0.05,4096.502,4079.502,7.0,close_above_upper,2.2633246351603393,2026-07-26 23:15:00+00:00,92254,4084.9139999999998,signal,22.940000000000964,0.0,0.0,22.940000000000964,0.6554285714285564,-4.2590000000000146,5.813999999999851,-0.6084285714285735,0.8305714285714073,14,4200.0,0.26,4.958000000000019,9.890723463341308,rollover,Sun,22,False
2076,XAUUSDm,short,2026-07-27 00:05:00+00:00,92264,4101.779,0.05,4108.779,4091.779,7.0,close_above_upper,0.09676647979023878,2026-07-27 00:10:00+00:00,92265,4109.019,sl,-36.19999999999891,0.0,0.0,-36.19999999999891,-1.0342857142856832,-6.700999999999112,2.2940000000007785,-0.9572857142855875,0.3277142857143969,1,300.0,0.24,3.634357142857133,10.671382084611377,asian,Mon,0,False
2077,XAUUSDm,short,2026-07-27 00:15:00+00:00,92266,4115.688,0.05,4122.688,4105.688,7.0,close_above_upper,0.907589933711559,2026-07-27 00:20:00+00:00,92267,4105.928,tp,48.80000000000109,0.0,0.0,48.80000000000109,1.3942857142857454,0.0,9.059000000000196,0.0,1.2941428571428852,1,300.0,0.24,4.410714285714254,10.873609635854676,asian,Mon,0,False
2078,XAUUSDm,long,2026-07-27 12:20:00+00:00,92411,4084.732,0.05,4077.732,4094.732,7.0,close_below_lower,0.0614213952458869,2026-07-27 13:25:00+00:00,92424,4077.732,sl,-35.0,0.0,0.0,-35.0,-1.0,-3.963999999999942,4.336999999999989,-0.566285714285706,0.619571428571427,13,3900.0,0.24,3.8280714285714503,9.644319515745092,overlap,Mon,12,False
2079,XAUUSDm,long,2026-07-27 14:30:00+00:00,92437,4068.5499999999997,0.05,4061.55,4078.55,7.0,close_below_lower,0.005558517896512237,2026-07-27 15:00:00+00:00,92443,4076.04,signal,37.45000000000118,0.0,0.0,37.45000000000118,1.0700000000000338,-3.381999999999607,9.015000000000327,-0.48314285714280103,1.2878571428571897,6,1800.0,0.24,6.4860714285714165,10.025724284876006,overlap,Mon,14,False
2080,XAUUSDm,short,2026-07-27 16:35:00+00:00,92462,4091.434,0.05,4098.434,4081.434,7.0,close_above_upper,0.060544879351585125,2026-07-27 16:50:00+00:00,92465,4081.674,tp,48.80000000000109,0.0,0.0,48.80000000000109,1.3942857142857454,-2.4209999999998217,7.469000000000051,-0.3458571428571174,1.0670000000000073,3,900.0,0.24,4.048785714285747,10.346133294709386,newyork,Mon,16,False
2081,XAUUSDm,long,2026-07-28 10:00:00+00:00,92659,4023.586,0.05,4016.586,4033.586,7.0,close_below_lower,0.24222369642235012,2026-07-28 10:55:00+00:00,92670,4028.149,signal,22.81500000000051,0.0,0.0,22.81500000000051,0.6518571428571575,-6.755999999999858,4.843000000000302,-0.9651428571428369,0.691857142857186,11,3300.0,0.24,4.301714285714297,10.698686891263392,london,Tue,10,False
2082,XAUUSDm,short,2026-07-28 15:55:00+00:00,92730,4046.06,0.05,4053.06,4036.06,7.0,close_above_upper,0.04547585304650249,2026-07-28 16:40:00+00:00,92739,4042.0299999999997,signal,20.150000000001,0.0,0.0,20.150000000001,0.5757142857143143,-0.8980000000001382,5.029999999999745,-0.12828571428573404,0.7185714285713922,9,2700.0,0.24,5.413357142857096,10.883078921400045,overlap,Tue,15,False
2083,XAUUSDm,long,2026-07-29 01:05:00+00:00,92828,4012.3509999999997,0.05,4005.351,4022.351,7.0,close_below_lower,0.0022299153407445756,2026-07-29 01:30:00+00:00,92833,4022.351,tp,50.000000000002274,0.0,0.0,50.000000000002274,1.4285714285714934,-1.8129999999996471,7.956000000000131,-0.2589999999999496,1.1365714285714472,5,1500.0,0.24,5.2290714285713875,9.783776311976165,asian,Wed,1,False
2084,XAUUSDm,long,2026-07-29 12:20:00+00:00,92963,4018.9109999999996,0.05,4011.911,4028.911,7.0,close_below_lower,0.1701165163822489,2026-07-29 12:30:00+00:00,92965,4011.911,sl,-34.999999999997726,0.0,0.0,-34.999999999997726,-0.999999999999935,-6.442999999999756,1.3840000000004693,-0.9204285714285366,0.19771428571435276,2,600.0,0.24,3.4301428571427874,9.402381903052222,overlap,Wed,12,False
2085,XAUUSDm,long,2026-07-29 14:10:00+00:00,92985,3999.8489999999997,0.05,3992.849,4009.849,7.0,close_below_lower,0.3440793677959185,2026-07-29 14:20:00+00:00,92987,4009.849,tp,50.000000000002274,0.0,0.0,50.000000000002274,1.4285714285714934,-4.01299999999992,9.217000000000098,-0.5732857142857029,1.3167142857142997,2,600.0,0.24,6.388071428571428,9.667546870984815,overlap,Wed,14,False
2086,XAUUSDm,short,2026-07-29 16:55:00+00:00,93018,4025.453,0.05,4032.453,4015.453,7.0,close_above_upper,0.06414957372828205,2026-07-29 17:00:00+00:00,93019,4032.6929999999998,sl,-36.19999999999891,0.0,0.0,-36.19999999999891,-1.0342857142856832,-7.389999999999873,0.5630000000001019,-1.0557142857142676,0.08042857142858598,1,300.0,0.24,4.405428571428599,9.70474895205437,newyork,Wed,16,False
2087,XAUUSDm,short,2026-07-29 17:05:00+00:00,93020,4036.775,0.05,4043.775,4026.775,7.0,close_above_upper,0.8192266591470124,2026-07-29 17:10:00+00:00,93021,4044.015,sl,-36.19999999999891,0.0,0.0,-36.19999999999891,-1.0342857142856832,-4.407999999999902,1.8670000000001892,-0.6297142857142717,0.2667142857143127,1,300.0,0.24,5.2160714285714675,9.83289274294551,newyork,Wed,17,False
2088,XAUUSDm,short,2026-07-29 17:15:00+00:00,93022,4042.177,0.05,4049.177,4032.177,7.0,close_above_upper,0.8516965221858201,2026-07-29 17:20:00+00:00,93023,4049.417,sl,-36.19999999999891,0.0,0.0,-36.19999999999891,-1.0342857142856832,-5.682999999999993,1.4169999999999163,-0.8118571428571418,0.20242857142855947,1,300.0,0.24,6.039928571428618,10.004041808932772,newyork,Wed,17,False
2089,XAUUSDm,short,2026-07-29 17:25:00+00:00,93024,4047.198,0.05,4054.198,4037.198,7.0,close_above_upper,0.7715054983368751,2026-07-29 17:35:00+00:00,93026,4037.4379999999996,tp,48.80000000000109,0.0,0.0,48.80000000000109,1.3942857142857454,-1.0190000000002328,9.850999999999658,-0.14557142857146183,1.4072857142856654,2,600.0,0.24,6.048214285714331,10.205394333940122,newyork,Wed,17,False
2090,XAUUSDm,short,2026-07-29 18:05:00+00:00,93032,4067.066,0.05,4074.066,4057.066,7.0,close_above_upper,1.2938002464074623,2026-07-29 18:10:00+00:00,93033,4076.752,sl,-48.430000000000746,0.0,0.0,-48.430000000000746,-1.383714285714307,-16.195000000000164,0.8439999999995962,-2.313571428571452,0.12057142857137089,1,300.0,0.24,9.40135714285725,10.605978436932546,newyork,Wed,18,False
2091,XAUUSDm,short,2026-07-29 18:15:00+00:00,93034,4080.947,0.05,4087.947,4070.947,7.0,close_above_upper,1.758924395965704,2026-07-29 18:20:00+00:00,93035,4071.187,tp,48.80000000000109,0.0,0.0,48.80000000000109,1.3942857142857454,-3.01299999999992,9.885999999999967,-0.43042857142856,1.4122857142857097,1,300.0,0.24,10.32900000000008,10.956385176452624,newyork,Wed,18,False
2092,XAUUSDm,short,2026-07-29 18:45:00+00:00,93040,4083.234,0.05,4090.234,4073.234,7.0,close_above_upper,0.7208366762509585,2026-07-29 18:50:00+00:00,93041,4099.657,sl,-82.11500000000115,0.0,0.0,-82.11500000000115,-2.34614285714289,-17.916999999999916,1.418999999999869,-2.5595714285714166,0.202714285714267,1,300.0,0.24,12.739857142857156,11.295069240756995,newyork,Wed,18,False
2093,XAUUSDm,short,2026-07-29 18:55:00+00:00,93042,4104.523,0.05,4111.523,4094.523,7.0,close_above_upper,1.7852638963085294,2026-07-29 19:00:00+00:00,93043,4111.763,sl,-36.19999999999891,0.0,0.0,-36.19999999999891,-1.0342857142856832,-4.817000000000007,3.576000000000022,-0.6881428571428582,0.510857142857146,1,300.0,0.24,14.474142857142786,11.624210931166298,newyork,Wed,18,False
2094,XAUUSDm,short,2026-07-29 19:05:00+00:00,93044,4103.487,0.05,4110.487,4093.487,7.0,close_above_upper,0.9545809590266762,2026-07-29 19:10:00+00:00,93045,4093.727,tp,48.80000000000109,0.0,0.0,48.80000000000109,1.3942857142857454,-2.1649999999999636,9.730000000000018,-0.3092857142857091,1.3900000000000026,1,300.0,0.24,15.660642857142777,11.86394495278397,newyork,Wed,19,False
2095,XAUUSDm,short,2026-07-29 19:15:00+00:00,93046,4099.499,0.05,4106.499,4089.499,7.0,close_above_upper,0.14396990074941937,2026-07-29 19:20:00+00:00,93047,4089.7389999999996,tp,48.80000000000109,0.0,0.0,48.80000000000109,1.3942857142857454,-5.22400000000016,2.155999999999949,-0.7462857142857372,0.3079999999999927,1,300.0,0.24,14.106642857142788,11.968642237164502,newyork,Wed,19,False
2096,XAUUSDm,long,2026-07-29 19:35:00+00:00,93050,4073.3489999999997,0.05,4066.349,4083.349,7.0,close_below_lower,0.2593964018207773,2026-07-29 19:40:00+00:00,93051,4066.349,sl,-34.999999999997726,0.0,0.0,-34.999999999997726,-0.999999999999935,-7.376999999999498,2.654000000000451,-1.053857142857071,0.37914285714292156,1,300.0,0.24,14.041499999999912,12.067304210243126,newyork,Wed,19,False
2097,XAUUSDm,long,2026-07-29 19:45:00+00:00,93052,4069.3759999999997,0.05,4062.376,4079.376,7.0,close_below_lower,0.31437044218435173,2026-07-29 19:50:00+00:00,93053,4062.376,sl,-34.999999999997726,0.0,0.0,-34.999999999997726,-0.999999999999935,-3.356999999999971,2.6230000000000473,-0.47957142857142443,0.3747142857142925,1,300.0,0.24,13.514714285714197,12.20962928818507,newyork,Wed,19,False
2098,XAUUSDm,long,2026-07-29 19:55:00+00:00,93054,4061.9429999999998,0.05,4054.943,4071.943,7.0,close_below_lower,0.5857985960804344,2026-07-29 20:00:00+00:00,93055,4044.842,sl,-85.50499999999829,0.0,0.0,-85.50499999999829,-2.442999999999951,-17.90399999999954,0.0,-2.55771428571422,0.0,1,300.0,0.24,12.048785714285648,12.341010474085369,newyork,Wed,19,False
2099,XAUUSDm,long,2026-07-29 20:05:00+00:00,93056,4052.8869999999997,0.05,4045.887,4062.887,7.0,close_below_lower,0.7122952520267981,2026-07-29 20:20:00+00:00,93059,4045.887,sl,-34.999999999997726,0.0,0.0,-34.999999999997726,-0.999999999999935,-5.493999999999687,3.1390000000001237,-0.7848571428570982,0.4484285714285891,3,900.0,0.24,11.446357142857096,12.569305880454543,newyork,Wed,20,False
2100,XAUUSDm,long,2026-07-29 20:25:00+00:00,93060,4049.348,0.05,4042.348,4059.348,7.0,close_below_lower,0.09210117838806663,2026-07-29 20:30:00+00:00,93061,4059.348,tp,50.0,0.0,0.0,50.0,1.4285714285714286,-1.18100000000004,8.124000000000251,-0.16871428571429142,1.1605714285714643,1,300.0,0.24,9.685928571428478,12.768375757327444,newyork,Wed,20,False
2101,XAUUSDm,short,2026-07-29 23:05:00+00:00,93080,4095.216,0.05,4102.216,4085.216,7.0,close_above_upper,0.20448730657674674,2026-07-29 23:55:00+00:00,93090,4087.435,signal,38.904999999999745,0.0,0.0,38.904999999999745,1.1115714285713492,-5.098999999999705,8.804999999999836,-0.7284285714285293,1.2578571428571195,10,3000.0,0.24,5.2389285714285245,13.378266574791265,rollover,Wed,23,False
2102,XAUUSDm,short,2026-07-30 08:30:00+00:00,93181,4064.597,0.05,4071.597,4054.597,7.0,close_above_upper,0.01171390776798897,2026-07-30 08:35:00+00:00,93182,4071.837,sl,-36.19999999999891,0.0,0.0,-36.19999999999891,-1.0342857142856832,-8.33999999999969,1.274000000000342,-1.1914285714285273,0.18200000000004884,1,300.0,0.24,6.451142857142778,15.072240521283327,london,Thu,8,False
2103,XAUUSDm,short,2026-07-30 13:55:00+00:00,93246,4102.233,0.05,4109.233,4092.233,7.0,close_above_upper,0.27757660282805496,2026-07-30 14:00:00+00:00,93247,4112.471,sl,-51.18999999999687,0.0,0.0,-51.18999999999687,-1.4625714285713391,-10.372999999999593,1.3910000000005311,-1.4818571428570846,0.1987142857143616,1,300.0,0.24,10.116571428571433,15.36300381951096,overlap,Thu,13,False
2104,XAUUSDm,short,2026-07-30 14:05:00+00:00,93248,4107.67,0.05,4114.67,4097.67,7.0,close_above_upper,0.21302455064124895,2026-07-30 14:10:00+00:00,93249,4097.91,tp,48.80000000000109,0.0,0.0,48.80000000000109,1.3942857142857454,-1.9210000000002765,13.775000000000091,-0.27442857142861093,1.9678571428571558,1,300.0,0.24,10.783571428571479,15.593902762301186,overlap,Thu,14,False
2105,XAUUSDm,short,2026-08-02 22:05:00+00:00,93608,4075.349,0.05,4082.349,4065.349,7.0,close_above_upper,0.9632971325310737,2026-08-02 22:20:00+00:00,93611,4065.589,tp,48.80000000000109,0.0,0.0,48.80000000000109,1.3942857142857454,-3.4279999999998836,8.04300000000012,-0.48971428571426906,1.1490000000000171,3,900.0,0.26,5.305714285714267,12.076486508904846,rollover,Sun,22,False
2106,XAUUSDm,long,2026-08-03 13:35:00+00:00,93794,4031.4489999999996,0.05,4024.449,4041.449,7.0,close_below_lower,0.013291605717089823,2026-08-03 14:15:00+00:00,93802,4032.979,signal,7.6500000000010004,0.0,0.0,7.6500000000010004,0.21857142857145714,-12.560999999999694,4.8400000000006,-1.7944285714285277,0.6914285714286572,8,2400.0,0.24,5.337285714285664,10.44213082087654,overlap,Mon,13,False
2107,XAUUSDm,short,2026-08-04 00:10:00+00:00,93909,4067.208,0.05,4074.208,4057.208,7.0,close_above_upper,0.28896138267853894,2026-08-04 00:35:00+00:00,93914,4057.448,tp,48.80000000000109,0.0,0.0,48.80000000000109,1.3942857142857454,-2.2049999999999272,9.456000000000131,-0.3149999999999896,1.3508571428571616,5,1500.0,0.24,3.159428571428537,9.917018183170647,asian,Tue,0,False
2108,XAUUSDm,short,2026-08-04 11:45:00+00:00,94048,4069.504,0.05,4076.504,4059.504,7.0,close_above_upper,0.20259029022079875,2026-08-04 11:50:00+00:00,94049,4076.7439999999997,sl,-36.19999999999891,0.0,0.0,-36.19999999999891,-1.0342857142856832,-10.501000000000204,2.520999999999731,-1.5001428571428863,0.3601428571428187,1,300.0,0.24,4.6714999999999565,9.377046626045333,london,Tue,11,False
2109,XAUUSDm,short,2026-08-04 11:55:00+00:00,94050,4076.025,0.05,4083.025,4066.025,7.0,close_above_upper,0.4595283451823414,2026-08-04 12:00:00+00:00,94051,4066.265,tp,48.80000000000109,0.0,0.0,48.80000000000109,1.3942857142857454,-0.36200000000008004,6.838000000000193,-0.05171428571429715,0.9768571428571704,1,300.0,0.24,5.636785714285679,9.536779595242272,london,Tue,11,False
2110,XAUUSDm,short,2026-08-04 12:40:00+00:00,94059,4082.435,0.05,4089.435,4072.435,7.0,close_above_upper,0.3652706434979983,2026-08-04 12:55:00+00:00,94062,4072.6749999999997,tp,48.80000000000109,0.0,0.0,48.80000000000109,1.3942857142857454,-2.0549999999998363,9.103000000000065,-0.29357142857140517,1.3004285714285808,3,900.0,0.24,7.141857142857167,9.690501440612662,overlap,Tue,12,False
2111,XAUUSDm,short,2026-08-04 13:25:00+00:00,94068,4081.459,0.05,4088.459,4071.459,7.0,close_above_upper,0.1154226678102787,2026-08-04 13:35:00+00:00,94070,4088.6989999999996,sl,-36.19999999999891,0.0,0.0,-36.19999999999891,-1.0342857142856832,-3.34900000000016,5.518000000000029,-0.4784285714285943,0.7882857142857185,2,600.0,0.24,7.133642857142896,9.852345790320058,overlap,Tue,13,False
2112,XAUUSDm,short,2026-08-04 13:40:00+00:00,94071,4088.383,0.05,4095.383,4078.383,7.0,close_above_upper,0.42654341017268416,2026-08-04 14:20:00+00:00,94079,4083.734,signal,23.244999999999436,0.0,0.0,23.244999999999436,0.664142857142841,-5.633000000000266,6.8289999999997235,-0.8047142857143237,0.9755714285713891,8,2400.0,0.24,7.644428571428632,9.960821510244733,overlap,Tue,13,False
2113,XAUUSDm,short,2026-08-04 17:05:00+00:00,94112,4102.395,0.05,4109.395,4092.395,7.0,close_above_upper,0.25017513972347566,2026-08-04 17:30:00+00:00,94117,4092.6349999999998,tp,48.800000000003365,0.0,0.0,48.800000000003365,1.3942857142858105,-4.089999999999236,8.27200000000039,-0.5842857142856052,1.1817142857143412,5,1500.0,0.24,3.8563571428571453,10.147394571365178,newyork,Tue,17,False
2114,XAUUSDm,short,2026-08-05 02:00:00+00:00,94207,4101.168,0.05,4108.168,4091.168,7.0,close_above_upper,0.2448393817871554,2026-08-05 02:25:00+00:00,94212,4108.407999999999,sl,-36.19999999999891,0.0,0.0,-36.19999999999891,-1.0342857142856832,-2.6030000000000655,5.740999999999531,-0.3718571428571522,0.8201428571427901,5,1500.0,0.24,4.467928571428599,10.107792605169237,asian,Wed,2,False
2115,XAUUSDm,short,2026-08-05 02:40:00+00:00,94215,4120.122,0.05,4127.122,4110.122,7.0,close_above_upper,0.9360273152317488,2026-08-05 02:45:00+00:00,94216,4128.304,sl,-40.909999999998945,0.0,0.0,-40.909999999998945,-1.1688571428571126,-8.92199999999957,0.43100000000049477,-1.2745714285713672,0.061571428571499255,1,300.0,0.24,5.649785714285632,10.433480750279655,asian,Wed,2,False
2116,XAUUSDm,short,2026-08-05 02:50:00+00:00,94217,4130.004,0.05,4137.004,4120.004,7.0,close_above_upper,1.2094451375256956,2026-08-05 03:50:00+00:00,94229,4127.659,signal,11.725000000001273,0.0,0.0,11.725000000001273,0.3350000000000364,-6.515000000000327,5.476999999999862,-0.9307142857143325,0.7824285714285517,12,3600.0,0.24,5.800428571428516,10.691650968978006,asian,Wed,2,False
2117,XAUUSDm,short,2026-08-05 05:40:00+00:00,94251,4151.73,0.05,4158.73,4141.73,7.0,close_above_upper,0.12708436418343294,2026-08-05 05:45:00+00:00,94252,4158.969999999999,sl,-36.19999999999891,0.0,0.0,-36.19999999999891,-1.0342857142856832,-7.9520000000002256,2.371999999999389,-1.1360000000000323,0.33885714285705554,1,300.0,0.24,3.916214285714237,11.357361678034366,asian,Wed,5,False
2118,XAUUSDm,short,2026-08-05 05:50:00+00:00,94253,4164.812,0.05,4171.812,4154.812,7.0,close_above_upper,0.8249500164263159,2026-08-05 06:10:00+00:00,94257,4172.052,sl,-36.19999999999891,0.0,0.0,-36.19999999999891,-1.0342857142856832,-8.350000000000364,4.824999999999818,-1.1928571428571948,0.6892857142856883,4,1200.0,0.24,5.263214285714249,11.570598650611377,asian,Wed,5,False
2119,XAUUSDm,short,2026-08-05 06:15:00+00:00,94258,4172.93,0.05,4179.93,4162.93,7.0,close_above_upper,0.4376390209360144,2026-08-05 06:20:00+00:00,94259,4163.17,tp,48.80000000000109,0.0,0.0,48.80000000000109,1.3942857142857454,-0.4969999999993888,7.081000000000131,-0.07099999999991269,1.0115714285714472,1,300.0,0.24,7.197928571428553,12.010869735910543,asian,Wed,6,False
2120,XAUUSDm,short,2026-08-05 11:30:00+00:00,94321,4176.074,0.05,4183.074,4166.074,7.0,close_above_upper,0.049877037105990035,2026-08-05 11:35:00+00:00,94322,4183.313999999999,sl,-36.19999999999891,0.0,0.0,-36.19999999999891,-1.0342857142856832,-5.4650000000001455,2.0729999999994106,-0.7807142857143065,0.29614285714277294,1,300.0,0.24,4.06899999999983,11.99764002278456,london,Wed,11,False
2121,XAUUSDm,short,2026-08-05 11:40:00+00:00,94323,4184.798,0.05,4191.798,4174.798,7.0,close_above_upper,0.37306648445170265,2026-08-05 11:55:00+00:00,94326,4192.038,sl,-36.19999999999891,0.0,0.0,-36.19999999999891,-1.0342857142856832,-4.578000000000429,2.2969999999995707,-0.6540000000000613,0.32814285714279584,3,900.0,0.24,4.688214285714041,12.17025418841452,london,Wed,11,False
2122,XAUUSDm,short,2026-08-05 12:05:00+00:00,94328,4194.669,0.05,4201.669,4184.669,7.0,close_above_upper,0.24177626195476015,2026-08-05 12:15:00+00:00,94330,4201.909,sl,-36.19999999999891,0.0,0.0,-36.19999999999891,-1.0342857142856832,-5.4099999999998545,0.7569999999996071,-0.772857142857122,0.10814285714280102,2,600.0,0.24,5.594499999999893,12.564383715908415,overlap,Wed,12,False
2123,XAUUSDm,short,2026-08-05 12:20:00+00:00,94331,4205.155,0.05,4212.155,4195.155,7.0,close_above_upper,0.4321118507173218,2026-08-05 12:40:00+00:00,94335,4195.3949999999995,tp,48.80000000000109,0.0,0.0,48.80000000000109,1.3942857142857454,-8.432999999999993,7.5109999999995125,-1.2047142857142847,1.0729999999999305,4,1200.0,0.24,6.096285714285581,12.837979047362406,overlap,Wed,12,False
2124,XAUUSDm,short,2026-08-05 14:10:00+00:00,94353,4227.563,0.05,4234.563,4217.563,7.0,close_above_upper,0.9293563498129239,2026-08-05 14:15:00+00:00,94354,4234.803,sl,-36.19999999999891,0.0,0.0,-36.19999999999891,-1.0342857142856832,-7.3419999999996435,1.6700000000000728,-1.0488571428570919,0.23857142857143895,1,300.0,0.24,8.994000000000012,13.53578676775956,overlap,Wed,14,False
2125,XAUUSDm,short,2026-08-05 14:20:00+00:00,94355,4236.362,0.05,4243.362,4226.362,7.0,close_above_upper,1.0462317536123686,2026-08-05 14:40:00+00:00,94359,4243.602,sl,-36.19999999999891,0.0,0.0,-36.19999999999891,-1.0342857142856832,-5.894000000000233,7.76299999999992,-0.8420000000000333,1.1089999999999887,4,1200.0,0.24,9.276285714285677,13.832764962679382,overlap,Wed,14,False
2126,XAUUSDm,short,2026-08-05 14:45:00+00:00,94360,4243.412,0.05,4250.412,4233.412,7.0,close_above_upper,0.4288088859005065,2026-08-05 14:50:00+00:00,94361,4233.652,tp,48.80000000000109,0.0,0.0,48.80000000000109,1.3942857142857454,-4.2849999999998545,2.3140000000003056,-0.6121428571428363,0.3305714285714722,1,300.0,0.24,10.243071428571445,14.183384064332442,overlap,Wed,14,False
2127,XAUUSDm,short,2026-08-05 15:05:00+00:00,94364,4255.369,0.05,4262.369,4245.369,7.0,close_above_upper,0.4876353908331036,2026-08-05 15:25:00+00:00,94368,4262.6089999999995,sl,-36.19999999999891,0.0,0.0,-36.19999999999891,-1.0342857142856832,-6.766000000000531,5.338999999999942,-0.9665714285715045,0.7627142857142774,4,1200.0,0.24,10.85185714285717,14.423133116208609,overlap,Wed,15,False
2128,XAUUSDm,long,2026-08-05 16:00:00+00:00,94375,4233.214,0.05,4226.214,4243.214,7.0,close_below_lower,0.15206557713472027,2026-08-05 16:05:00+00:00,94376,4225.954,sl,-36.30000000000109,0.0,0.0,-36.30000000000109,-1.0371428571428882,-7.88799999999992,1.3479999999999563,-1.1268571428571315,0.19257142857142234,1,300.0,0.24,8.717071428571282,14.907237367588746,newyork,Wed,16,False
2129,XAUUSDm,short,2026-08-05 23:40:00+00:00,94455,4278.059,0.05,4285.059,4268.059,7.0,close_above_upper,0.3148494816638337,2026-08-06 00:00:00+00:00,94459,4268.299,tp,48.80000000000109,0.0,0.0,48.80000000000109,1.3942857142857454,-3.9290000000000873,5.887000000000626,-0.5612857142857267,0.8410000000000893,4,1200.0,0.24,4.047500000000127,15.711462473347565,rollover,Wed,23,False
2130,XAUUSDm,long,2026-08-06 13:10:00+00:00,94617,4232.144,0.05,4225.144,4242.144,7.0,close_below_lower,0.43533580752654505,2026-08-06 13:15:00+00:00,94618,4242.144,tp,50.0,0.0,0.0,50.0,1.4285714285714286,-1.798000000000684,7.2979999999997744,-0.25685714285724054,1.0425714285713963,1,300.0,0.24,7.657071428571401,17.061627452649155,overlap,Thu,13,False
2131,XAUUSDm,short,2026-08-06 13:45:00+00:00,94624,4270.339,0.05,4277.339,4260.339,7.0,close_above_upper,0.06267050216088686,2026-08-06 14:25:00+00:00,94632,4260.579,tp,48.80000000000109,0.0,0.0,48.80000000000109,1.3942857142857454,-5.028000000000247,9.896999999999935,-0.7182857142857496,1.4138571428571336,8,2400.0,0.24,9.515571428571418,17.30918641560953,overlap,Thu,13,False
2132,XAUUSDm,long,2026-08-06 15:55:00+00:00,94650,4235.157999999999,0.05,4228.158,4245.158,7.0,close_below_lower,0.15578121175754844,2026-08-06 16:15:00+00:00,94654,4228.158,sl,-34.99999999999545,0.0,0.0,-34.99999999999545,-0.9999999999998701,-5.9559999999992215,7.8640000000004875,-0.8508571428570316,1.1234285714286412,4,1200.0,0.24,7.409857142857098,18.024061675676393,overlap,Thu,15,False
2133,XAUUSDm,short,2026-08-07 08:35:00+00:00,94838,4313.973,0.05,4320.973,4303.973,7.0,close_above_upper,0.19239701387953123,2026-08-07 08:50:00+00:00,94841,4304.213,tp,48.80000000000109,0.0,0.0,48.80000000000109,1.3942857142857454,-2.7669999999998254,12.92199999999957,-0.3952857142856893,1.8459999999999386,3,900.0,0.26,5.3111428571428405,16.416978239447324,london,Fri,8,False
2134,XAUUSDm,short,2026-08-07 12:35:00+00:00,94886,4359.694,0.05,4366.694,4349.694,7.0,close_above_upper,1.5284941118960054,2026-08-07 12:40:00+00:00,94887,4366.954000000001,sl,-36.30000000000109,0.0,0.0,-36.30000000000109,-1.0371428571428882,-6.893000000000029,7.855000000000473,-0.9847142857142899,1.1221428571429246,1,300.0,0.26,9.677928571428636,14.943293118539106,overlap,Fri,12,False
2135,XAUUSDm,short,2026-08-07 12:45:00+00:00,94888,4367.071,0.05,4374.071,4357.071,7.0,close_above_upper,1.3850916010180676,2026-08-07 12:55:00+00:00,94890,4357.331,tp,48.69999999999891,0.0,0.0,48.69999999999891,1.3914285714285402,-4.798999999999978,3.875,-0.6855714285714255,0.5535714285714286,2,600.0,0.26,10.925285714285824,15.377371379632976,overlap,Fri,12,False
2136,XAUUSDm,short,2026-08-07 13:00:00+00:00,94891,4361.273,0.05,4368.273,4351.273,7.0,close_above_upper,0.22259889623964105,2026-08-07 13:05:00+00:00,94892,4347.717000000001,tp,67.77999999999793,0.0,0.0,67.77999999999793,1.9365714285713693,-2.9390000000003056,14.039999999999964,-0.4198571428571865,2.0057142857142805,1,300.0,0.26,11.818428571428674,15.833091261484263,overlap,Fri,13,False
2137,XAUUSDm,long,2026-08-07 14:05:00+00:00,94904,4333.9890000000005,0.05,4326.989,4343.989,7.0,close_below_lower,0.1703433486123827,2026-08-07 14:15:00+00:00,94906,4343.989,tp,49.99999999999545,0.0,0.0,49.99999999999545,1.4285714285712987,-6.608000000000175,7.976999999999862,-0.9440000000000249,1.139571428571409,2,600.0,0.26,10.396785714285736,15.78522621642532,overlap,Fri,14,False
2138,XAUUSDm,long,2026-08-10 14:00:00+00:00,95179,4318.317,0.05,4311.317,4328.317,7.0,close_below_lower,0.0002213782435122327,2026-08-10 14:10:00+00:00,95181,4328.317,tp,50.0,0.0,0.0,50.0,1.4285714285714286,-0.363999999999578,8.11700000000019,-0.05199999999993971,1.1595714285714556,2,600.0,0.24,6.209928571428528,12.516187893510965,overlap,Mon,14,False
2139,XAUUSDm,short,2026-08-10 14:30:00+00:00,95185,4345.602,0.05,4352.602,4335.602,7.0,close_above_upper,0.12030730467858108,2026-08-10 15:45:00+00:00,95200,4352.862,sl,-36.30000000000109,0.0,0.0,-36.30000000000109,-1.0371428571428882,-6.765000000000327,3.0529999999998836,-0.9664285714286182,0.4361428571428405,15,4500.0,0.26,7.172499999999933,12.687682601029517,overlap,Mon,14,False
2140,XAUUSDm,short,2026-08-10 18:35:00+00:00,95234,4379.595,0.05,4386.595,4369.595,7.0,close_above_upper,0.18446483305441644,2026-08-10 19:20:00+00:00,95243,4386.8550000000005,sl,-36.30000000000109,0.0,0.0,-36.30000000000109,-1.0371428571428882,-3.5159999999996217,6.061999999999898,-0.5022857142856603,0.8659999999999854,9,2700.0,0.26,4.038142857142702,13.25905827240274,newyork,Mon,18,False
2141,XAUUSDm,short,2026-08-11 01:55:00+00:00,95310,4431.461,0.05,4438.461,4421.461,7.0,close_above_upper,0.0870983863329628,2026-08-11 02:35:00+00:00,95318,4421.7210000000005,tp,48.69999999999891,0.0,0.0,48.69999999999891,1.3914285714285402,-3.8029999999998836,9.722999999999956,-0.5432857142856976,1.3889999999999938,8,2400.0,0.26,7.621785714285644,13.259843978986478,asian,Tue,1,False
2142,XAUUSDm,long,2026-08-11 05:35:00+00:00,95354,4384.271000000001,0.05,4377.271,4394.271,7.0,close_below_lower,0.4435889517423754,2026-08-11 05:40:00+00:00,95355,4377.271,sl,-35.00000000000455,0.0,0.0,-35.00000000000455,-1.00000000000013,-7.317000000000917,1.4059999999990396,-1.0452857142858452,0.20085714285700565,1,300.0,0.26,6.544214285714328,13.127357246536766,asian,Tue,5,False
2143,XAUUSDm,long,2026-08-11 05:45:00+00:00,95356,4377.092000000001,0.05,4370.092,4387.092,7.0,close_below_lower,0.5245708637000955,2026-08-11 05:50:00+00:00,95357,4370.092,sl,-35.00000000000455,0.0,0.0,-35.00000000000455,-1.00000000000013,-5.207000000000335,1.2849999999998545,-0.7438571428571906,0.1835714285714078,1,300.0,0.26,6.626500000000045,13.302280368165599,asian,Tue,5,False
2144,XAUUSDm,long,2026-08-11 05:55:00+00:00,95358,4370.46,0.05,4363.46,4380.46,7.0,close_below_lower,0.5472602056119096,2026-08-11 06:00:00+00:00,95359,4380.46,tp,50.0,0.0,0.0,50.0,1.4285714285714286,-3.2219999999997526,5.1159999999999854,-0.46028571428567894,0.7308571428571408,1,300.0,0.26,6.5978571428572,13.5365378010642,asian,Tue,5,False
2145,XAUUSDm,long,2026-08-11 06:30:00+00:00,95365,4363.764,0.05,4356.764,4373.764,7.0,close_below_lower,0.041058350527444325,2026-08-11 07:40:00+00:00,95379,4356.764,sl,-35.0,0.0,0.0,-35.0,-1.0,-6.381000000000313,5.529999999999745,-0.9115714285714732,0.7899999999999636,14,4200.0,0.26,8.357142857142858,13.839853823828804,asian,Tue,6,False
2146,XAUUSDm,long,2026-08-11 15:40:00+00:00,95475,4371.95,0.05,4364.95,4381.95,7.0,close_below_lower,0.21246944346753083,2026-08-11 15:55:00+00:00,95478,4381.95,tp,50.0,0.0,0.0,50.0,1.4285714285714286,-2.893000000000029,8.38299999999981,-0.4132857142857184,1.1975714285714016,3,900.0,0.26,6.3956428571431,12.862787706409058,overlap,Tue,15,False
2147,XAUUSDm,long,2026-08-11 18:10:00+00:00,95505,4361.883,0.05,4354.883,4371.883,7.0,close_below_lower,0.02730843664861542,2026-08-11 18:40:00+00:00,95511,4370.402,signal,42.595000000001164,0.0,0.0,42.595000000001164,1.2170000000000332,-1.8450000000002547,9.327000000000226,-0.2635714285714649,1.3324285714286037,6,1800.0,0.26,4.189000000000111,13.142808712180369,newyork,Tue,18,False
2148,XAUUSDm,short,2026-08-12 09:25:00+00:00,95676,4423.446,0.05,4430.446,4413.446,7.0,close_above_upper,0.065250989395915,2026-08-12 09:30:00+00:00,95677,4413.464,tp,49.909999999999854,0.0,0.0,49.909999999999854,1.425999999999996,0.0,10.286000000000058,0.0,1.4694285714285797,1,300.0,0.26,3.735857142856925,13.534478426800682,london,Wed,9,False
2149,XAUUSDm,short,2026-08-12 12:30:00+00:00,95713,4426.616,0.05,4433.616,4416.616,7.0,close_above_upper,0.1838883278587809,2026-08-12 12:35:00+00:00,95714,4416.876,tp,48.69999999999891,0.0,0.0,48.69999999999891,1.3914285714285402,-6.104000000000269,44.58899999999994,-0.8720000000000384,6.369857142857135,1,300.0,0.26,4.800642857142781,12.765428462154794,overlap,Wed,12,False
2150,XAUUSDm,short,2026-08-12 12:40:00+00:00,95715,4429.226,0.05,4436.226,4419.226,7.0,close_above_upper,0.09195095574975254,2026-08-12 12:45:00+00:00,95716,4419.486,tp,48.69999999999891,0.0,0.0,48.69999999999891,1.3914285714285402,-9.28900000000067,5.527999999999338,-1.3270000000000957,0.7897142857141911,1,300.0,0.26,8.81899999999996,12.90249103163486,overlap,Wed,12,False
2151,XAUUSDm,short,2026-08-12 13:00:00+00:00,95719,4437.177,0.05,4444.177,4427.177,7.0,close_above_upper,0.2582669444680152,2026-08-12 13:10:00+00:00,95721,4427.437,tp,48.69999999999891,0.0,0.0,48.69999999999891,1.3914285714285402,-4.246000000000095,10.59899999999925,-0.6065714285714421,1.51414285714275,2,600.0,0.26,11.382928571428497,13.125332486514054,overlap,Wed,13,False
2152,XAUUSDm,long,2026-08-12 16:50:00+00:00,95765,4403.014,0.05,4396.014,4413.014,7.0,close_below_lower,0.12741927902577077,2026-08-12 17:35:00+00:00,95774,4410.14,signal,35.63000000000102,0.0,0.0,35.63000000000102,1.018000000000029,-6.557999999999993,7.684999999999491,-0.9368571428571418,1.09785714285707,9,2700.0,0.26,6.000500000000037,13.282416279828064,newyork,Wed,16,False
2153,XAUUSDm,short,2026-08-13 00:20:00+00:00,95843,4428.308,0.05,4435.308,4418.308,7.0,close_above_upper,0.1536852889782049,2026-08-13 00:30:00+00:00,95845,4435.568,sl,-36.30000000000109,0.0,0.0,-36.30000000000109,-1.0371428571428882,-9.368999999999687,1.2989999999999782,-1.3384285714285267,0.18557142857142545,2,600.0,0.26,3.5535714285713635,13.207824704406658,asian,Thu,0,False
2154,XAUUSDm,short,2026-08-13 00:35:00+00:00,95846,4444.454,0.05,4451.454,4434.454,7.0,close_above_upper,0.7631164161151871,2026-08-13 00:45:00+00:00,95848,4434.714,tp,48.69999999999891,0.0,0.0,48.69999999999891,1.3914285714285402,-1.0039999999999054,7.3400000000001455,-0.14342857142855792,1.0485714285714494,2,600.0,0.26,6.206357142856957,13.427297450130693,asian,Thu,0,False
2155,XAUUSDm,long,2026-08-13 02:00:00+00:00,95863,4408.6990000000005,0.05,4401.699,4418.699,7.0,close_below_lower,0.09189377927666169,2026-08-13 02:30:00+00:00,95869,4401.699,sl,-35.00000000000455,0.0,0.0,-35.00000000000455,-1.00000000000013,-3.4550000000008367,5.35399999999936,-0.4935714285715481,0.7648571428570514,6,1800.0,0.26,7.500857142857187,12.90164536366607,asian,Thu,2,False
2156,XAUUSDm,long,2026-08-13 06:05:00+00:00,95912,4378.354,0.05,4371.354,4388.354,7.0,close_below_lower,0.10418242754450871,2026-08-13 06:30:00+00:00,95917,4371.354,sl,-35.0,0.0,0.0,-35.0,-1.0,-4.266000000000531,2.4229999999997744,-0.6094285714286473,0.34614285714282494,5,1500.0,0.26,6.521142857142812,13.13227747966167,asian,Thu,6,False
2157,XAUUSDm,long,2026-08-14 00:30:00+00:00,96121,4339.608,0.05,4332.608,4349.608,7.0,close_below_lower,0.14438536342531427,2026-08-14 00:45:00+00:00,96124,4332.608,sl,-35.0,0.0,0.0,-35.0,-1.0,-5.180000000000291,7.318000000000211,-0.7400000000000416,1.0454285714286016,3,900.0,0.26,4.747714285714275,13.30229775073699,asian,Fri,0,False
2158,XAUUSDm,long,2026-08-14 00:50:00+00:00,96125,4334.279,0.05,4327.279,4344.279,7.0,close_below_lower,0.018062125914563028,2026-08-14 01:10:00+00:00,96129,4327.279,sl,-35.0,0.0,0.0,-35.0,-1.0,-6.3100000000004,7.854999999999563,-0.9014285714286286,1.1221428571427947,4,1200.0,0.26,6.887642857142964,13.550180865603398,asian,Fri,0,False
2159,XAUUSDm,long,2026-08-14 01:15:00+00:00,96130,4324.704000000001,0.05,4317.704,4334.704,7.0,close_below_lower,0.08263923719027899,2026-08-14 01:20:00+00:00,96131,4317.704,sl,-35.00000000000455,0.0,0.0,-35.00000000000455,-1.00000000000013,-7.095000000000255,1.2439999999996871,-1.013571428571465,0.17771428571424103,1,300.0,0.26,7.780142857142956,13.744639749155908,asian,Fri,1,False
2160,XAUUSDm,long,2026-08-14 01:25:00+00:00,96132,4316.957,0.05,4309.957,4326.957,7.0,close_below_lower,0.2783792604941161,2026-08-14 02:35:00+00:00,96146,4320.388,signal,17.154999999997926,0.0,0.0,17.154999999997926,0.49014285714279787,-6.130000000000109,6.473999999999251,-0.8757142857143013,0.9248571428570358,14,4200.0,0.26,8.066571428571478,13.859459676595872,asian,Fri,1,False
2161,XAUUSDm,short,2026-08-14 13:40:00+00:00,96279,4395.253,0.05,4402.253,4385.253,7.0,close_above_upper,0.031009426142653364,2026-08-14 13:50:00+00:00,96281,4385.513,tp,48.69999999999891,0.0,0.0,48.69999999999891,1.3914285714285402,-1.061000000000604,8.907999999999447,-0.15157142857151484,1.2725714285713496,2,600.0,0.26,6.052428571428403,13.463059264542046,overlap,Fri,13,False
2162,XAUUSDm,short,2026-08-17 00:35:00+00:00,96398,4392.598,0.05,4399.598,4382.598,7.0,close_above_upper,0.09105943244197304,2026-08-17 00:55:00+00:00,96402,4399.858,sl,-36.30000000000109,0.0,0.0,-36.30000000000109,-1.0371428571428882,-6.079999999999927,5.109000000000378,-0.8685714285714182,0.7298571428571969,4,1200.0,0.26,5.102357142857207,12.171794924473787,asian,Mon,0,False
2163,XAUUSDm,short,2026-08-17 01:00:00+00:00,96403,4401.007,0.05,4408.007,4391.007,7.0,close_above_upper,0.02873489031820723,2026-08-17 01:05:00+00:00,96404,4408.267,sl,-36.30000000000109,0.0,0.0,-36.30000000000109,-1.0371428571428882,-8.201000000000022,1.894999999999527,-1.1715714285714316,0.27071428571421813,1,300.0,0.26,5.384000000000209,12.433570983717525,asian,Mon,1,False
2164,XAUUSDm,short,2026-08-17 01:10:00+00:00,96405,4406.874,0.05,4413.874,4396.874,7.0,close_above_upper,0.1477010709031879,2026-08-17 01:20:00+00:00,96407,4414.134,sl,-36.30000000000109,0.0,0.0,-36.30000000000109,-1.0371428571428882,-5.070999999999913,2.780999999999949,-0.724428571428559,0.397285714285707,2,600.0,0.26,6.189142857143062,12.557812704430638,asian,Mon,1,False
2165,XAUUSDm,short,2026-08-17 01:25:00+00:00,96408,4412.708,0.05,4419.708,4402.708,7.0,close_above_upper,0.07112190713331813,2026-08-17 01:30:00+00:00,96409,4402.968,tp,48.69999999999891,0.0,0.0,48.69999999999891,1.3914285714285402,-2.079000000000633,6.458999999999833,-0.2970000000000904,0.9227142857142618,1,300.0,0.26,6.3057857142858404,12.716358178511271,asian,Mon,1,False
2166,XAUUSDm,long,2026-08-17 12:40:00+00:00,96543,4381.909000000001,0.05,4374.909,4391.909,7.0,close_below_lower,0.05964464467160102,2026-08-17 13:15:00+00:00,96550,4386.286,signal,21.88499999999749,0.0,0.0,21.88499999999749,0.6252857142856426,-4.626000000000204,7.745999999999185,-0.660857142857172,1.1065714285713122,7,2100.0,0.26,4.628928571428397,11.108595727872421,overlap,Mon,12,False
2167,XAUUSDm,short,2026-08-17 13:55:00+00:00,96558,4401.82,0.05,4408.82,4391.82,7.0,close_above_upper,0.18877531193724373,2026-08-17 14:00:00+00:00,96559,4409.142,sl,-36.61000000000058,0.0,0.0,-36.61000000000058,-1.0460000000000167,-14.61200000000008,0.19700000000011642,-2.0874285714285827,0.028142857142873772,1,300.0,0.26,5.780999999999949,11.127470856987,overlap,Mon,13,False
2168,XAUUSDm,short,2026-08-17 14:05:00+00:00,96560,4407.912,0.05,4414.912,4397.912,7.0,close_above_upper,0.345827887431013,2026-08-17 14:15:00+00:00,96562,4415.1720000000005,sl,-36.30000000000109,0.0,0.0,-36.30000000000109,-1.0371428571428882,-5.005000000000109,4.186000000000604,-0.7150000000000156,0.5980000000000862,2,600.0,0.26,6.499285714285699,11.294106674431452,overlap,Mon,14,False
2169,XAUUSDm,short,2026-08-17 14:20:00+00:00,96563,4418.576,0.05,4425.576,4408.576,7.0,close_above_upper,0.6503020060509996,2026-08-17 14:25:00+00:00,96564,4425.836,sl,-36.30000000000109,0.0,0.0,-36.30000000000109,-1.0371428571428882,-9.073999999999614,1.38799999999992,-1.2962857142856592,0.19828571428570285,1,300.0,0.26,7.0993571428572455,11.538961461083577,overlap,Mon,14,False
2170,XAUUSDm,short,2026-08-17 14:30:00+00:00,96565,4418.148,0.05,4425.148,4408.148,7.0,close_above_upper,0.1545390385289194,2026-08-17 15:25:00+00:00,96576,4425.408,sl,-36.30000000000109,0.0,0.0,-36.30000000000109,-1.0371428571428882,-6.608999999999469,4.431000000000495,-0.9441428571427812,0.6330000000000707,11,3300.0,0.26,7.919214285714328,11.72747217179727,overlap,Mon,14,False
2171,XAUUSDm,long,2026-08-17 18:35:00+00:00,96614,4400.127,0.05,4393.127,4410.127,7.0,close_below_lower,0.032878783069908865,2026-08-17 19:15:00+00:00,96622,4408.483,signal,41.779999999998836,0.0,0.0,41.779999999998836,1.1937142857142524,-0.9800000000004729,8.466999999999643,-0.14000000000006757,1.2095714285713777,8,2400.0,0.26,4.824857142857192,12.050812835886891,newyork,Mon,18,False
2172,XAUUSDm,long,2026-08-18 01:45:00+00:00,96688,4412.136,0.05,4405.136,4422.136,7.0,close_below_lower,0.1945025180090687,2026-08-18 01:50:00+00:00,96689,4405.136,sl,-35.0,0.0,0.0,-35.0,-1.0,-8.010000000000218,0.2109999999993306,-1.1442857142857454,0.030142857142761516,1,300.0,0.26,5.2312857142856695,11.276868470218481,asian,Tue,1,False
2173,XAUUSDm,long,2026-08-18 01:55:00+00:00,96690,4408.303,0.05,4401.303,4418.303,7.0,close_below_lower,0.19874450333030175,2026-08-18 02:00:00+00:00,96691,4401.303,sl,-35.0,0.0,0.0,-35.0,-1.0,-0.975999999999658,1.175000000000182,-0.13942857142852258,0.16785714285716885,1,300.0,0.26,5.558999999999936,11.380714824166214,asian,Tue,1,False
2174,XAUUSDm,long,2026-08-18 02:05:00+00:00,96692,4402.593,0.05,4395.593,4412.593,7.0,close_below_lower,0.3376868173491989,2026-08-18 02:35:00+00:00,96698,4395.593,sl,-35.0,0.0,0.0,-35.0,-1.0,-6.804000000000087,2.8190000000004147,-0.9720000000000125,0.402714285714345,6,1800.0,0.26,5.9754285714285675,11.490246582348941,asian,Tue,2,False
2175,XAUUSDm,long,2026-08-18 14:40:00+00:00,96843,4383.371,0.05,4376.371,4393.371,7.0,close_below_lower,0.0845610703673521,2026-08-18 14:50:00+00:00,96845,4376.371,sl,-35.0,0.0,0.0,-35.0,-1.0,-5.682999999999993,5.166999999999462,-0.8118571428571418,0.7381428571427803,2,600.0,0.26,9.819285714285602,10.79510098980365,overlap,Tue,14,False
2176,XAUUSDm,long,2026-08-18 14:55:00+00:00,96846,4378.71,0.05,4371.71,4388.71,7.0,close_below_lower,0.10473606812818771,2026-08-18 15:00:00+00:00,96847,4366.639,sl,-60.35499999999956,0.0,0.0,-60.35499999999956,-1.724428571428559,-15.234999999999673,4.342999999999847,-2.1764285714285245,0.6204285714285496,1,300.0,0.26,9.530142857142696,10.950485155289584,overlap,Tue,14,False
2177,XAUUSDm,long,2026-08-18 15:10:00+00:00,96849,4365.9310000000005,0.05,4358.931,4375.931,7.0,close_below_lower,0.6033605830792109,2026-08-18 15:15:00+00:00,96850,4358.931,sl,-35.00000000000455,0.0,0.0,-35.00000000000455,-1.00000000000013,-7.273000000000138,2.3499999999994543,-1.0390000000000197,0.33571428571420775,1,300.0,0.26,10.857714285714142,11.241651568246713,overlap,Tue,15,False
2178,XAUUSDm,long,2026-08-18 15:20:00+00:00,96851,4355.185,0.05,4348.185,4365.185,7.0,close_below_lower,0.9752356673917089,2026-08-18 15:50:00+00:00,96857,4365.185,tp,50.0,0.0,0.0,50.0,1.4285714285714286,-3.7570000000005166,9.771999999999935,-0.5367142857143595,1.3959999999999906,6,1800.0,0.26,10.84714285714264,11.494930411527758,overlap,Tue,15,False
2179,XAUUSDm,short,2026-08-19 01:40:00+00:00,96963,4355.261,0.05,4362.261,4345.261,7.0,close_above_upper,0.1141482785499735,2026-08-19 02:55:00+00:00,96978,4354.232,signal,5.1450000000022555,0.0,0.0,5.1450000000022555,0.14700000000006444,-6.687999999999192,4.6580000000003565,-0.955428571428456,0.6654285714286223,15,4500.0,0.26,7.419428571428592,11.438818983462752,asian,Wed,1,False
2180,XAUUSDm,short,2026-08-19 12:35:00+00:00,97094,4384.167,0.05,4391.167,4374.167,7.0,close_above_upper,0.3375353736823076,2026-08-19 12:40:00+00:00,97095,4412.66,sl,-142.46499999999742,0.0,0.0,-142.46499999999742,-4.070428571428498,-32.675999999999476,1.6080000000001746,-4.6679999999999255,0.22971428571431066,1,300.0,0.26,4.832071428571388,11.178648862284911,overlap,Wed,12,False
2181,XAUUSDm,short,2026-08-19 12:45:00+00:00,97096,4417.464,0.05,4424.464,4407.464,7.0,close_above_upper,2.385832928019595,2026-08-19 12:50:00+00:00,97097,4424.724,sl,-36.30000000000109,0.0,0.0,-36.30000000000109,-1.0371428571428882,-3.6589999999996508,5.970999999999549,-0.5227142857142358,0.8529999999999356,1,300.0,0.26,7.85128571428569,11.64360554182008,overlap,Wed,12,False
2182,XAUUSDm,short,2026-08-19 12:55:00+00:00,97098,4428.453,0.05,4435.453,4418.453,7.0,close_above_upper,2.3445342312757775,2026-08-19 13:00:00+00:00,97099,4438.995,sl,-52.70999999999731,0.0,0.0,-52.70999999999731,-1.5059999999999232,-13.942999999999302,2.334000000000742,-1.991857142857043,0.33342857142867743,1,300.0,0.26,9.19742857142845,12.071885487109702,overlap,Wed,12,False
2183,XAUUSDm,short,2026-08-19 13:05:00+00:00,97100,4427.735,0.05,4434.735,4417.735,7.0,close_above_upper,1.3030534069658768,2026-08-19 13:10:00+00:00,97101,4441.635,sl,-69.50000000000273,0.0,0.0,-69.50000000000273,-1.9857142857143637,-13.69000000000051,3.70299999999952,-1.9557142857143586,0.5289999999999314,1,300.0,0.26,10.871785714285645,12.446526389134357,overlap,Wed,13,False
2184,XAUUSDm,short,2026-08-19 13:15:00+00:00,97102,4456.093,0.05,4463.093,4446.093,7.0,close_above_upper,2.4887880359499275,2026-08-19 13:30:00+00:00,97105,4463.353,sl,-36.30000000000109,0.0,0.0,-36.30000000000109,-1.0371428571428882,-8.319000000000415,1.2899999999999636,-1.1884285714286307,0.18428571428570908,3,900.0,0.26,13.134928571428516,12.872598178992323,overlap,Wed,13,False
2185,XAUUSDm,short,2026-08-19 13:35:00+00:00,97106,4461.667,0.05,4468.667,4451.667,7.0,close_above_upper,1.0114847289594309,2026-08-19 13:40:00+00:00,97107,4451.927000000001,tp,48.69999999999891,0.0,0.0,48.69999999999891,1.3914285714285402,-0.38099999999940337,19.289999999999964,-0.05442857142848619,2.7557142857142805,1,300.0,0.26,14.208642857142811,13.593247146066354,overlap,Wed,13,False
2186,XAUUSDm,short,2026-08-19 13:45:00+00:00,97108,4460.749,0.05,4467.749,4450.749,7.0,close_above_upper,0.36613951064689815,2026-08-19 13:50:00+00:00,97109,4450.562,tp,50.93499999999949,0.0,0.0,50.93499999999949,1.4552857142856996,-1.2309999999997672,11.358000000000175,-0.1758571428571096,1.6225714285714534,1,300.0,0.26,15.26128571428561,13.743642404881294,overlap,Wed,13,False
2187,XAUUSDm,short,2026-08-19 14:10:00+00:00,97113,4471.64,0.05,4478.64,4461.64,7.0,close_above_upper,0.29148076956584384,2026-08-19 14:20:00+00:00,97115,4478.900000000001,sl,-36.30000000000109,0.0,0.0,-36.30000000000109,-1.0371428571428882,-6.878999999999905,2.6950000000006185,-0.9827142857142722,0.3850000000000883,2,600.0,0.26,12.619571428571428,13.91343486832781,overlap,Wed,14,False
2188,XAUUSDm,short,2026-08-19 14:25:00+00:00,97116,4478.393,0.05,4485.393,4468.393,7.0,close_above_upper,0.20800965549465714,2026-08-19 14:30:00+00:00,97117,4486.119000000001,sl,-38.63000000000284,0.0,0.0,-38.63000000000284,-1.1037142857143667,-9.528999999999542,1.0690000000004147,-1.3612857142856487,0.15271428571434495,1,300.0,0.26,10.625428571428658,14.012334671887285,overlap,Wed,14,False
2189,XAUUSDm,short,2026-08-19 14:35:00+00:00,97118,4487.419,0.05,4494.419,4477.419,7.0,close_above_upper,0.39745473832427425,2026-08-19 14:40:00+00:00,97119,4494.679,sl,-36.30000000000109,0.0,0.0,-36.30000000000109,-1.0371428571428882,-4.313000000000102,0.9110000000000582,-0.6161428571428716,0.13014285714286547,1,300.0,0.26,10.726857142857236,14.226697826596485,overlap,Wed,14,False
2190,XAUUSDm,short,2026-08-19 14:45:00+00:00,97120,4489.6,0.05,4496.6,4479.6,7.0,close_above_upper,0.14147013206669265,2026-08-19 14:50:00+00:00,97121,4479.627,tp,49.86499999999978,0.0,0.0,49.86499999999978,1.4247142857142794,-0.06799999999930151,11.46100000000024,-0.00971428571418593,1.6372857142857487,1,300.0,0.26,10.684214285714395,14.403296746607019,overlap,Wed,14,False
2191,XAUUSDm,long,2026-08-20 01:05:00+00:00,97232,4493.509,0.05,4486.509,4503.509,7.0,close_below_lower,0.05404184347770682,2026-08-20 01:50:00+00:00,97241,4486.509,sl,-35.0,0.0,0.0,-35.0,-1.0,-4.588999999999942,9.786000000000058,-0.6555714285714203,1.3980000000000083,9,2700.0,0.26,6.047142857142911,14.695986224223407,asian,Thu,1,False
2192,XAUUSDm,long,2026-08-20 11:55:00+00:00,97362,4467.566,0.05,4460.566,4477.566,7.0,close_below_lower,0.0198083800305681,2026-08-20 12:00:00+00:00,97363,4460.566,sl,-35.0,0.0,0.0,-35.0,-1.0,-2.282000000000153,3.854000000000269,-0.32600000000002183,0.550571428571467,1,300.0,0.26,5.275071428571404,14.419775081424767,london,Thu,11,False
2193,XAUUSDm,long,2026-08-20 12:05:00+00:00,97364,4458.531,0.05,4451.531,4468.531,7.0,close_below_lower,0.320567336823637,2026-08-20 12:30:00+00:00,97369,4451.531,sl,-35.0,0.0,0.0,-35.0,-1.0,-8.082000000000335,9.445999999999913,-1.1545714285714763,1.349428571428559,5,1500.0,0.26,6.006785714285668,14.583372069900495,overlap,Thu,12,False
2194,XAUUSDm,short,2026-08-20 14:50:00+00:00,97397,4507.797,0.05,4514.797,4497.797,7.0,close_above_upper,0.1368695979413653,2026-08-20 14:55:00+00:00,97398,4515.057,sl,-36.30000000000109,0.0,0.0,-36.30000000000109,-1.0371428571428882,-2.7260000000005675,2.8929999999991196,-0.3894285714286525,0.4132857142855885,1,300.0,0.26,7.920428571428731,15.581468039717278,overlap,Thu,14,False
2195,XAUUSDm,short,2026-08-20 15:00:00+00:00,97399,4515.807,0.05,4522.807,4505.807,7.0,close_above_upper,0.28734317876531634,2026-08-20 15:05:00+00:00,97400,4535.863,sl,-100.28000000000247,0.0,0.0,-100.28000000000247,-2.865142857142928,-20.940999999999804,0.876999999999498,-2.9915714285714006,0.12528571428564256,1,300.0,0.26,7.443285714285854,15.795706508076698,overlap,Thu,15,False
2196,XAUUSDm,short,2026-08-20 15:10:00+00:00,97401,4524.501,0.05,4531.501,4514.501,7.0,close_above_upper,0.32932743453730967,2026-08-20 15:15:00+00:00,97402,4535.13,sl,-53.14499999999953,0.0,0.0,-53.14499999999953,-1.518428571428558,-12.896999999999935,3.104000000000269,-1.842428571428562,0.44342857142860986,1,300.0,0.26,9.073000000000125,16.11924312250839,overlap,Thu,15,False
2197,XAUUSDm,short,2026-08-20 15:20:00+00:00,97403,4539.466,0.05,4546.466,4529.466,7.0,close_above_upper,0.7116482214903299,2026-08-20 15:25:00+00:00,97404,4527.203,tp,61.3149999999996,0.0,0.0,61.3149999999996,1.7518571428571315,-1.4020000000000437,16.12800000000061,-0.20028571428572053,2.3040000000000873,1,300.0,0.26,9.887357142857192,16.44507260739445,overlap,Thu,15,False
2198,XAUUSDm,short,2026-08-21 01:35:00+00:00,97514,4537.519,0.05,4544.519,4527.519,7.0,close_above_upper,0.040075508432421525,2026-08-21 01:40:00+00:00,97515,4527.779,tp,48.69999999999891,0.0,0.0,48.69999999999891,1.3914285714285402,-6.416999999999462,10.653000000000247,-0.9167142857142088,1.521857142857178,1,300.0,0.26,5.767714285714386,16.489734797617746,asian,Fri,1,False
2199,XAUUSDm,short,2026-08-21 09:10:00+00:00,97605,4595.522,0.05,4602.522,4585.522,7.0,close_above_upper,0.07980047211470387,2026-08-21 09:20:00+00:00,97607,4585.782,tp,48.69999999999891,0.0,0.0,48.69999999999891,1.3914285714285402,-6.42699999999968,2.38799999999992,-0.9181428571428114,0.3411428571428457,2,600.0,0.26,5.729071428571452,15.171141481621888,london,Fri,9,False
2200,XAUUSDm,long,2026-08-21 12:40:00+00:00,97647,4564.955,0.05,4557.955,4574.955,7.0,close_below_lower,0.6673162462227049,2026-08-21 12:45:00+00:00,97648,4574.955,tp,50.0,0.0,0.0,50.0,1.4285714285714286,-1.6340000000000146,10.938000000000102,-0.2334285714285735,1.5625714285714432,1,300.0,0.26,6.8082857142857005,14.287884505079353,overlap,Fri,12,False
2201,XAUUSDm,short,2026-08-21 14:30:00+00:00,97669,4603.281,0.05,4610.281,4593.281,7.0,close_above_upper,0.029188234431383287,2026-08-21 14:35:00+00:00,97670,4590.251,tp,65.14999999999873,0.0,0.0,65.14999999999873,1.861428571428535,-0.49099999999998545,13.635999999999513,-0.07014285714285506,1.9479999999999305,1,300.0,0.26,8.577357142857311,14.45004238598244,overlap,Fri,14,False
2202,XAUUSDm,short,2026-08-24 00:10:00+00:00,97773,4634.961,0.05,4641.961,4624.961,7.0,close_above_upper,0.1768862370490965,2026-08-24 00:20:00+00:00,97775,4625.2210000000005,tp,48.69999999999891,0.0,0.0,48.69999999999891,1.3914285714285402,-6.069999999999709,6.39600000000064,-0.8671428571428156,0.9137142857143772,2,600.0,0.26,5.483857142857038,14.759591891752866,asian,Mon,0,False
2203,XAUUSDm,long,2026-08-24 00:35:00+00:00,97778,4602.848,0.05,4595.848,4612.848,7.0,close_below_lower,0.054192500227816076,2026-08-24 00:45:00+00:00,97780,4612.848,tp,50.0,0.0,0.0,50.0,1.4285714285714286,-1.970999999999549,6.139000000000124,-0.28157142857136414,0.8770000000000177,2,600.0,0.26,8.74042857142857,14.991208110196474,asian,Mon,0,False
2204,XAUUSDm,short,2026-08-24 02:05:00+00:00,97796,4636.779,0.05,4643.779,4626.779,7.0,close_above_upper,0.022303301092166505,2026-08-24 02:10:00+00:00,97797,4644.039000000001,sl,-36.30000000000109,0.0,0.0,-36.30000000000109,-1.0371428571428882,-6.309999999999491,2.867000000000189,-0.9014285714284986,0.4095714285714556,1,300.0,0.26,9.362714285714317,15.11106792112319,asian,Mon,2,False
2205,XAUUSDm,short,2026-08-24 02:15:00+00:00,97798,4650.231,0.05,4657.231,4640.231,7.0,close_above_upper,0.5331688712782364,2026-08-24 02:40:00+00:00,97803,4640.491,tp,48.69999999999891,0.0,0.0,48.69999999999891,1.3914285714285402,-6.703000000000429,5.230999999999767,-0.9575714285714899,0.747285714285681,5,1500.0,0.26,9.005785714285723,15.28638998442728,asian,Mon,2,False
2206,XAUUSDm,long,2026-08-24 15:50:00+00:00,97961,4647.187,0.05,4640.187,4657.187,7.0,close_below_lower,0.4878769236926188,2026-08-24 15:55:00+00:00,97962,4640.187,sl,-35.0,0.0,0.0,-35.0,-1.0,-0.4250000000001819,8.61200000000008,-0.0607142857143117,1.2302857142857258,1,300.0,0.26,8.556571428571456,14.527590947210335,overlap,Mon,15,False
2207,XAUUSDm,long,2026-08-24 16:00:00+00:00,97963,4649.203,0.05,4642.203,4659.203,7.0,close_below_lower,0.06925607587893076,2026-08-24 16:05:00+00:00,97964,4659.203,tp,50.0,0.0,0.0,50.0,1.4285714285714286,-2.9260000000003856,12.43499999999949,-0.4180000000000551,1.7764285714284986,1,300.0,0.26,8.969642857142778,14.659511051234542,newyork,Mon,16,False
2208,XAUUSDm,long,2026-08-24 17:25:00+00:00,97980,4637.092000000001,0.05,4630.092,4647.092,7.0,close_below_lower,0.009792929993629641,2026-08-24 18:05:00+00:00,97988,4630.092,sl,-35.00000000000455,0.0,0.0,-35.00000000000455,-1.00000000000013,-4.828000000000429,8.078999999999724,-0.689714285714347,1.1541428571428176,8,2400.0,0.26,6.533714285714203,14.873999519130368,newyork,Mon,17,False
2209,XAUUSDm,long,2026-08-25 02:05:00+00:00,98072,4651.607,0.05,4644.607,4661.607,7.0,close_below_lower,0.18782878258591176,2026-08-25 02:10:00+00:00,98073,4644.404,sl,-36.0149999999976,0.0,0.0,-36.0149999999976,-1.0289999999999313,-12.311999999999898,0.0,-1.7588571428571282,0.0,1,300.0,0.26,9.34100000000009,15.621223681263533,asian,Tue,2,False
2210,XAUUSDm,long,2026-08-25 02:15:00+00:00,98074,4642.053,0.05,4635.053,4652.053,7.0,close_below_lower,0.40648863297609084,2026-08-25 02:20:00+00:00,98075,4652.053,tp,50.0,0.0,0.0,50.0,1.4285714285714286,-1.2479999999995925,8.04700000000048,-0.17828571428565607,1.149571428571497,1,300.0,0.26,9.169785714285874,15.7655035270481,asian,Tue,2,False
2211,XAUUSDm,long,2026-08-25 02:45:00+00:00,98080,4631.8820000000005,0.05,4624.882,4641.882,7.0,close_below_lower,0.30876815573897765,2026-08-25 02:50:00+00:00,98081,4624.882,sl,-35.00000000000455,0.0,0.0,-35.00000000000455,-1.00000000000013,-1.7840000000005602,5.574999999999818,-0.2548571428572229,0.7964285714285454,1,300.0,0.26,9.704642857142971,15.815534099626028,asian,Tue,2,False
2212,XAUUSDm,long,2026-08-25 02:55:00+00:00,98082,4627.249,0.05,4620.249,4637.249,7.0,close_below_lower,0.2484258204737291,2026-08-25 03:05:00+00:00,98084,4637.249,tp,50.0,0.0,0.0,50.0,1.4285714285714286,-6.523000000000138,4.173999999999978,-0.9318571428571626,0.5962857142857112,2,600.0,0.26,10.525357142857242,16.02389176784267,asian,Tue,2,False
2213,XAUUSDm,long,2026-08-25 13:25:00+00:00,98208,4614.906,0.05,4607.906,4624.906,7.0,close_below_lower,0.17397863298210753,2026-08-25 13:45:00+00:00,98212,4607.906,sl,-35.0,0.0,0.0,-35.0,-1.0,-6.4669999999996435,8.585000000000036,-0.923857142857092,1.2264285714285765,4,1200.0,0.26,7.486428571428665,15.134802537597722,overlap,Tue,13,False
2214,XAUUSDm,long,2026-08-25 13:50:00+00:00,98213,4607.308,0.05,4600.308,4617.308,7.0,close_below_lower,0.004109548620838623,2026-08-25 13:55:00+00:00,98214,4617.308,tp,50.0,0.0,0.0,50.0,1.4285714285714286,-1.4440000000004147,5.108000000000175,-0.20628571428577352,0.7297142857143106,1,300.0,0.26,9.565571428571534,15.443657106303007,overlap,Tue,13,False
2215,XAUUSDm,short,2026-08-25 15:40:00+00:00,98235,4655.73,0.05,4662.73,4645.73,7.0,close_above_upper,0.10340590983295629,2026-08-25 16:05:00+00:00,98240,4645.99,tp,48.69999999999891,0.0,0.0,48.69999999999891,1.3914285714285402,-3.936000000000604,8.021999999999935,-0.5622857142858005,1.1459999999999906,5,1500.0,0.26,7.748857142857235,16.126302506833575,overlap,Tue,15,False
2216,XAUUSDm,long,2026-08-26 15:05:00+00:00,98504,4598.759,0.05,4591.759,4608.759,7.0,close_below_lower,0.10519267535991914,2026-08-26 15:10:00+00:00,98505,4591.759,sl,-35.0,0.0,0.0,-35.0,-1.0,-10.820999999999913,0.05199999999967986,-1.5458571428571304,0.007428571428525694,1,300.0,0.26,7.805785714285776,14.811109224498281,overlap,Wed,15,False
2217,XAUUSDm,long,2026-08-26 15:15:00+00:00,98506,4589.428,0.05,4582.428,4599.428,7.0,close_below_lower,0.3952201551430166,2026-08-26 15:35:00+00:00,98510,4599.428,tp,50.0,0.0,0.0,50.0,1.4285714285714286,-6.511999999999716,8.766000000000531,-0.9302857142856737,1.2522857142857902,4,1200.0,0.26,8.087714285714226,14.985502176453174,overlap,Wed,15,False
2218,XAUUSDm,short,2026-08-27 02:00:00+00:00,98623,4639.958,0.05,4646.958,4629.958,7.0,close_above_upper,0.17655418031957318,2026-08-27 02:30:00+00:00,98629,4630.218,tp,48.69999999999891,0.0,0.0,48.69999999999891,1.3914285714285402,-3.1480000000001382,7.164999999999964,-0.44971428571430544,1.0235714285714235,6,1800.0,0.26,7.899714285714448,13.50879374146141,asian,Thu,2,False
2219,XAUUSDm,long,2026-08-27 10:05:00+00:00,98720,4572.907,0.05,4565.907,4582.907,7.0,close_below_lower,0.15571775581386085,2026-08-27 10:15:00+00:00,98722,4582.907,tp,50.0,0.0,0.0,50.0,1.4285714285714286,-3.0479999999997744,9.140999999999622,-0.4354285714285392,1.3058571428570889,2,600.0,0.26,5.650214285714161,13.407416689248304,london,Thu,10,False
2220,XAUUSDm,short,2026-08-27 14:45:00+00:00,98776,4595.144,0.05,4602.144,4585.144,7.0,close_above_upper,0.04026903648783012,2026-08-27 15:40:00+00:00,98787,4602.404,sl,-36.30000000000109,0.0,0.0,-36.30000000000109,-1.0371428571428882,-4.332999999999629,6.9450000000006185,-0.618999999999947,0.9921428571429455,11,3300.0,0.26,8.58499999999997,13.409401011952532,overlap,Thu,14,False
2221,XAUUSDm,short,2026-08-28 06:50:00+00:00,98957,4599.241,0.05,4606.241,4589.241,7.0,close_above_upper,0.21248900959308517,2026-08-28 06:55:00+00:00,98958,4606.501,sl,-36.30000000000109,0.0,0.0,-36.30000000000109,-1.0371428571428882,-7.52599999999984,2.600000000000364,-1.0751428571428343,0.3714285714286234,1,300.0,0.26,4.929499999999929,12.959863340082972,asian,Fri,6,False
2222,XAUUSDm,short,2026-08-28 07:00:00+00:00,98959,4612.349,0.05,4619.349,4602.349,7.0,close_above_upper,0.7900566113623844,2026-08-28 07:05:00+00:00,98960,4602.609,tp,48.69999999999891,0.0,0.0,48.69999999999891,1.3914285714285402,-1.2010000000000218,6.774000000000342,-0.17157142857143168,0.9677142857143346,1,300.0,0.26,5.6822857142856265,13.19049005229428,london,Fri,7,False
2223,XAUUSDm,long,2026-08-28 14:05:00+00:00,99044,4577.691,0.05,4570.691,4587.691,7.0,close_below_lower,0.8455709931781988,2026-08-28 14:10:00+00:00,99045,4570.691,sl,-35.0,0.0,0.0,-35.0,-1.0,-29.608000000000175,4.148000000000138,-4.22971428571431,0.5925714285714483,1,300.0,0.26,11.064857142857104,12.837354854726012,overlap,Fri,14,False
2224,XAUUSDm,long,2026-08-28 14:15:00+00:00,99046,4546.484,0.05,4539.484,4556.484,7.0,close_below_lower,2.561919298732018,2026-08-28 14:20:00+00:00,99047,4556.484,tp,50.0,0.0,0.0,50.0,1.4285714285714286,-1.5770000000002256,20.078999999999724,-0.2252857142857465,2.868428571428532,1,300.0,0.26,14.664642857142878,13.230634876712712,overlap,Fri,14,False
2225,XAUUSDm,long,2026-08-28 14:25:00+00:00,99048,4557.666,0.05,4550.666,4567.666,7.0,close_below_lower,1.0048948820260062,2026-08-28 14:30:00+00:00,99049,4567.666,tp,50.0,0.0,0.0,50.0,1.4285714285714286,-28.074999999999818,1.712999999999738,-4.0107142857142595,0.2447142857142483,1,300.0,0.26,16.894928571428473,13.586760178004933,overlap,Fri,14,False
2226,XAUUSDm,long,2026-08-28 14:50:00+00:00,99053,4552.941,0.05,4545.941,4562.941,7.0,close_below_lower,0.25264386652835424,2026-08-28 14:55:00+00:00,99054,4570.784,signal,89.21499999999924,0.0,0.0,89.21499999999924,2.548999999999978,-2.731999999999971,18.225000000000364,-0.39028571428571013,2.6035714285714806,1,300.0,0.26,20.75778571428561,13.999905038377047,overlap,Fri,14,False
2227,XAUUSDm,long,2026-08-28 15:40:00+00:00,99063,4547.54,0.05,4540.54,4557.54,7.0,close_below_lower,0.13448012941347562,2026-08-28 15:45:00+00:00,99064,4539.211,sl,-41.64499999999862,0.0,0.0,-41.64499999999862,-1.1898571428571034,-13.304000000000087,0.8209999999999127,-1.900571428571441,0.11728571428570181,1,300.0,0.26,13.464571428571357,14.317711785907049,overlap,Fri,15,False
2228,XAUUSDm,long,2026-08-28 15:50:00+00:00,99065,4536.041,0.05,4529.041,4546.041,7.0,close_below_lower,0.5238439896231718,2026-08-28 15:55:00+00:00,99066,4529.041,sl,-35.0,0.0,0.0,-35.0,-1.0,-2.006000000000313,9.53399999999965,-0.2865714285714733,1.3619999999999501,1,300.0,0.26,13.254142857142792,14.572330720062443,overlap,Fri,15,False
2229,XAUUSDm,long,2026-08-28 16:00:00+00:00,99067,4524.763,0.05,4517.763,4534.763,7.0,close_below_lower,0.8668132465179005,2026-08-28 16:05:00+00:00,99068,4517.763,sl,-35.0,0.0,0.0,-35.0,-1.0,-4.592999999999847,4.755000000000109,-0.6561428571428353,0.6792857142857299,1,300.0,0.26,13.681428571428569,14.7868364681501,newyork,Fri,16,False
2230,XAUUSDm,long,2026-08-28 16:10:00+00:00,99069,4508.598,0.05,4501.598,4518.598,7.0,close_below_lower,1.3344589257163353,2026-08-28 16:15:00+00:00,99070,4498.042,sl,-52.779999999997926,0.0,0.0,-52.779999999997926,-1.5079999999999407,-11.399000000000342,6.967999999999847,-1.6284285714286202,0.9954285714285496,1,300.0,0.26,12.959571428571378,15.127528688706999,newyork,Fri,16,False
2231,XAUUSDm,long,2026-08-28 16:20:00+00:00,99071,4481.593,0.05,4474.593,4491.593,7.0,close_below_lower,2.186415924767285,2026-08-28 16:25:00+00:00,99072,4468.894,sl,-63.49499999999807,0.0,0.0,-63.49499999999807,-1.814142857142802,-17.630999999999403,2.161000000000058,-2.5187142857142004,0.30871428571429405,1,300.0,0.26,14.387642857142898,15.657782119179766,newyork,Fri,16,False
2232,XAUUSDm,long,2026-08-28 16:30:00+00:00,99073,4481.379,0.05,4474.379,4491.379,7.0,close_below_lower,1.2772215168017766,2026-08-28 16:35:00+00:00,99074,4474.301,sl,-35.3899999999976,0.0,0.0,-35.3899999999976,-1.0111428571427885,-10.336999999999534,6.1909999999998035,-1.4767142857142193,0.8844285714285434,1,300.0,0.26,15.029357142857148,16.199299268515233,newyork,Fri,16,False
2233,XAUUSDm,long,2026-08-28 16:40:00+00:00,99075,4485.015,0.05,4478.015,4495.015,7.0,close_below_lower,0.3292461474864903,2026-08-28 16:45:00+00:00,99076,4469.248,sl,-78.83500000000367,0.0,0.0,-78.83500000000367,-2.2524285714286765,-19.314000000000306,1.3499999999994543,-2.759142857142901,0.1928571428570649,1,300.0,0.26,15.30714285714287,16.546235822541682,newyork,Fri,16,False
